AssetID,BuildingID,BuildingYear,assetFloor
4118145,52414995,2013,7
4119414,52535003,2012,
4119884,52660863,2014,0
4120514,52769099,1998,
4120524,52769099,1998,3
4120525,52769099,1998,3
4121108,53016005,1997,2
4121110,53016005,1997,
4121112,53016005,1997,
4425001,52711225,,1
4425004,52694509,,
4425005,52460430,,
4425027,52689895,,2
4425036,52689895,,2
4425068,68338347,,2
4425071,52991145,,
4425096,52665192,,
4425098,52695851,,1
4425228,53117580,,1
4425318,52464204,,1
4425446,52799269,,
4425551,52656665,,1
4425560,52656665,,
4425576,52703468,,
4425789,53374172,,
4425810,52462273,,1
4425821,53443186,,3
4425981,52490426,,
4426005,52462273,,
4426009,52462273,,4
4426051,52694438,,
4426081,52731857,,1
4426120,53326873,,
4426121,52679344,,1
4426133,52656177,,1
4426171,51662390,,1
4426228,52496640,,3
4426423,53424382,,
4426582,52680035,,
4426595,52795419,,
4426639,52655283,,
4426656,53366028,,4
4426668,52690353,,1
4426704,52682478,,2
4426749,52655283,,3
4426752,52655283,,
4426876,53364559,,1
4426955,52660842,,
4426958,53380517,,1
4426959,52464918,,
4426964,52557738,,2
4426975,52503481,,4
4426991,52396331,,1
4427068,52762000,,
4427069,53372133,,
4427070,53372133,,
4427075,53372133,,
4427135,52762000,,1
4427137,53372133,,2
4427150,52490388,,1
4427159,52490388,,
4427162,52459469,,1
4427297,65714510,,
4427303,52489545,,1
4427335,52680685,,1
4427345,52620505,,1
4427346,52692617,,
4427359,52649774,,
4427365,52681101,,4
4427406,52466450,,1
4427496,52728443,,1
4427599,52703468,,1
4427617,52656265,,
4429709,53100328,,
4429711,52413142,,3
4429816,53327367,,1
4429820,52466015,,1
4429822,52466015,,2
4429832,52654393,,
4429834,52658203,,1
4430025,65693749,,8
4430111,52654384,,
4430131,52489465,,1
4430150,52654384,,
4430196,52682478,,
4430205,52654384,,
4430207,52654384,,
4430238,52466042,,1
4430243,52460931,,1
4430251,52794851,,1
4430252,52802910,,
4430255,52691909,,2
4430258,52669083,,
4430261,52459469,,1
4430269,52605186,,1
4430273,52495197,,
4430340,52660957,,1
4431297,52489940,,
4431399,52679117,,
4431401,52657477,,1
4431407,52647784,,
4431432,52740254,,1
4431497,52703484,,3
4431500,52408086,,1
4431538,52701939,,
4432118,53364221,,3
4432385,52792982,,
4432428,65041921,,1
4432503,52665234,,6
4432548,52703472,,2
4432564,52662187,,
4432577,52651724,,3
4432607,53331876,,1
4432655,52661923,,1
4434615,52650082,,
4434629,52701981,,1
4434633,52665929,,
4434639,52686325,,3
4434641,52684037,,1
4434657,52686325,,
4435170,53003776,,
4435195,52709739,,1
4435199,52657604,,
4435204,52709739,,1
4435221,53365689,,
4435244,52656137,,
4435252,52652650,,1
4435319,52686124,,1
4435562,52655158,,1
4435574,52684033,,1
4435589,52684033,,1
4435593,52684033,,3
4435594,52684033,,1
4435595,52684033,,2
4435615,52648189,,1
4435636,52646497,,1
4435665,52702103,,1
4435670,52686325,,1
4435671,65694828,,1
4435680,52684037,,1
4435682,52704161,,1
4435689,52665929,,2
4435692,52686325,,4
4435714,52656036,,2
4435715,52656129,,1
4435793,52651678,,3
4435799,53385891,,1
4435811,52658147,,3
4435813,52690515,,
4435815,52461460,,1
4435834,53350224,,
4435839,52427202,,2
4435848,52662776,,4
4435849,52405438,,1
4435867,52404998,,1
4435879,52703240,,2
4435880,53360387,,1
4435881,52795136,,2
4435882,52703240,,1
4435885,52591424,,1
4436044,52645527,,1
4436137,52449776,,
4436141,52449776,,1
4436249,52404530,,3
4436255,52679513,,2
4436297,53366621,,1
4436307,52645592,,1
4436335,52409013,,4
4436337,52656485,,
4436338,52652047,,1
4436343,52405453,,
4436347,65709152,,3
4436349,52648201,,
4436351,52657520,,1
4436353,52648201,,2
4436371,52658330,,3
4436372,52647540,,
4436381,52658328,,1
4436396,52647465,,1
4436417,52407503,,2
4436419,52496599,,1
4436421,52754639,,2
4436422,52451122,,2
4436425,52496599,,1
4436485,52462920,,2
4436574,52649827,,
4436658,52677607,,1
4436670,52495493,,3
4436702,52666481,,2
4437348,52650188,,1
4437431,71178648,,1
4437461,52464278,,1
4437463,53110132,,1
4520499,71178013,,1
4521376,52990349,,2
4532297,52798318,,1
4532351,52695482,,2
4532494,52791416,,1
4532647,52461860,,
4550633,51662879,2008,1
4550634,51662879,2008,2
4550635,51662879,2008,2
4550640,51662879,2008,2
4552081,51664587,1950,1
4552082,51664587,1960,1
4552085,51664587,1930,1
4552086,51664587,1920,1
4552087,51664587,1960,
4552088,51664587,1950,
4552090,51664587,1940,
4552091,51664587,1950,1
4552092,51664587,1960,
4552094,51664587,1950,2
4552095,51664587,1900,1
4552101,51664587,2010,1
4552102,51664587,,
4552103,51664587,1930,1
4552104,51664587,1930,1
4552106,51664587,2010,1
4552107,51664587,2010,
4660183,52399726,1970,2
4660184,52399726,1970,3
4660185,52399726,1970,4
4660190,52399726,1970,1
4660191,52399726,1970,1
4660747,52404671,1930,1
4660749,52404671,1930,1
4660750,52404671,1930,1
4661011,52407503,1960,2
4661012,52407503,1960,3
4661322,52412136,1970,1
4661874,52415441,1940,
4661969,52416238,1910,1
4662101,52417108,1950,1
4662103,52417108,1950,2
4662104,52417108,1950,3
4662114,52417186,1998,6
4663779,53349026,1930,1
4663781,53349026,1930,
4663782,53349026,1930,2
4663783,53349026,1930,1
4663785,53349026,1930,
4663786,53349026,1930,
4664056,52429215,2028,10
4664186,52429531,1952,
4664191,52429532,1920,1
4664193,52429532,1920,1
4664214,52429753,1989,1
4664492,52430921,1995,
4664494,52430921,1995,4
4664495,52430921,1995,4
4664496,52430921,1995,3
4664497,52430921,1995,3
4664529,52431253,1930,1
4664530,52431253,1930,2
4664531,52431253,1930,1
4664672,52432643,1970,1
4664673,52432643,1970,3
4664674,52432643,1970,3
4664859,52433126,1960,8
4665433,52438482,1970,5
4665813,52441606,1950,1
4665814,52441606,1950,3
4665815,52441606,1950,2
4665816,52441606,1950,1
4665818,52441606,1950,
4665981,52443356,1950,
4665982,52443356,1950,2
4665984,52443356,1950,
4665985,52443356,1950,3
4666265,52444921,2004,
4666266,52444921,2004,1
4666267,52444921,2004,2
4666268,52444921,2004,2
4666269,52444921,2004,
4666270,52444921,2004,2
4666271,52444921,2004,2
4666476,52445901,1928,1
4666478,52445901,1928,1
4667035,52449592,1950,1
4667179,52450847,1942,3
4668176,52458917,1940,3
4668356,52460175,2025,1
4668758,52461985,1920,1
4668759,52461985,1920,3
4668761,52462030,1950,2
4668762,52462030,1950,1
4669260,52465440,1930,
4669262,52465440,1930,
4669263,52465440,1930,
4669264,52465440,1930,
4673137,52489604,1950,1
4673138,52489604,1950,1
4673153,52489900,1970,7
4673154,52489900,1970,9
4673155,52489900,1970,1
4673156,52489900,1970,9
4673157,52489900,1970,2
4673158,52489900,1970,2
4673159,52656221,1970,6
4673161,52656221,1970,
4673162,52489900,1970,7
4673163,52489900,1970,
4673164,52489900,1970,7
4673165,52489900,1970,
4673167,52489900,1970,8
4673168,52489900,1970,1
4673170,52656221,1970,
4673171,52489900,1970,
4673172,52489900,1970,1
4673173,52656221,1970,7
4673174,52656221,1970,9
4673177,52489900,1970,
4673178,52656221,1970,
4673179,52656221,1970,9
4673180,52656221,1970,10
4673181,52656221,1970,10
4673182,52656221,1970,9
4673183,52489900,1970,9
4673184,52489900,1970,7
4673185,52489900,1970,7
4673186,52489900,1970,3
4673187,52489900,1970,7
4673188,52656221,1970,
4673189,52489900,1970,3
4673190,52656221,1970,5
4673191,52489900,1970,1
4673192,52489900,1970,
4673193,52656221,1970,
4673195,52489900,1970,7
4673196,52656221,1970,1
4673197,52489900,1970,9
4673198,52489900,1970,8
4673199,52489900,1970,1
4673200,52489900,1970,8
4673201,52656221,1970,7
4673202,52489900,1970,10
4673203,52489900,1970,3
4673204,52656221,1970,
4673205,52656221,1970,4
4673206,52489900,1970,10
4673207,52656221,1970,
4673218,52490025,1920,
4673219,52490025,1920,
4673220,52490025,1920,
4673222,52490025,1920,2
4673253,52490511,1960,
4673254,52490511,1960,4
4673769,52494341,,
4673770,52494341,,
4673821,52494700,2003,1
4673822,52494700,2003,3
4673823,52494700,2003,5
4673824,52494700,2003,1
4673825,52494700,2003,1
4673826,52494700,2003,3
4673827,52494700,2003,7
4673828,52494700,2003,3
4673829,52494700,2003,6
4673830,52494700,2003,1
4673832,52494700,2003,4
4673833,52494700,2003,1
4673835,52494700,2003,5
4673836,52494700,2003,4
4673837,52494700,2003,4
4673838,52494700,2003,1
4673899,52495027,1960,1
4673993,52495623,1930,3
4673994,52495623,1930,1
4673995,52495623,1930,1
4674002,52495696,1950,
4674003,52495696,1950,1
4674011,52495884,1970,
4674012,52495884,1970,1
4674056,52496304,1950,3
4674075,52496573,1960,2
4674076,52496573,1960,2
4677610,52522742,1950,1
4677611,52522742,1950,3
4677612,52522742,1950,1
4677715,52523050,1930,3
4677716,52523050,1930,2
4678059,52526023,1950,
4678060,52526023,1950,3
4678064,52526023,1950,
4678065,52526023,1950,1
4678200,52527404,1930,
4679785,52537445,1990,
4679786,52537445,1990,
4680462,52544056,2023,1
4680463,52544056,2023,
4680464,52544056,2023,1
4680465,52544056,2023,1
4680466,52544056,2023,1
4681571,52413258,2030,5
4682187,52557329,1950,2
4682192,52557329,1950,4
4682235,52557636,1960,4
4682237,52557636,1960,4
4682239,52557636,1960,
4682240,52557636,1960,2
4682693,52561431,1950,1
4683615,52570346,1950,2
4684093,52581450,1970,
4684590,52585965,1930,
4684591,52585965,1930,
4684592,52585965,1930,
4684593,52585965,1930,
4684680,52586643,1960,1
4684709,52587060,1970,1
4685728,52598121,1930,2
4685729,52598121,1930,1
4686100,52602525,1940,2
4686102,52602525,1940,2
4686103,52602525,1940,3
4686104,52602525,1940,1
4686105,52602525,1940,1
4686106,52602525,1940,1
4686107,52602525,1940,1
4686109,52602525,1940,3
4686110,52602525,1940,1
4686111,52602525,1940,2
4686112,52602525,1940,2
4686113,52602525,1940,2
4686114,52602525,1940,2
4686115,52602525,1940,
4686117,52602525,1940,1
4686118,52602525,1940,1
4686119,52602525,1940,1
4686120,52602525,1940,3
4686121,52602525,1940,1
4686122,52602525,1940,2
4686123,52602525,1940,1
4686161,52602803,2001,
4686162,52602803,2001,2
4686165,52602803,2001,
4686882,52646580,1930,1
4686883,52646580,1930,1
4687098,52647789,1920,1
4687151,52647882,1960,10
4687314,52649049,1930,2
4687315,52649049,1930,6
4687316,52649049,1930,
4687411,52649899,1960,1
4688046,52655795,2025,5
4688166,52657520,1910,
4688167,52657520,1910,
4688263,52658330,1950,1
4689088,52665925,1960,1
4689090,52665925,1960,2
4689091,52665925,1960,1
4689625,52679003,1960,
4689627,52679003,1960,1
4689629,52679003,1960,
4689631,52679003,1960,
4689632,52679003,1960,
4689633,52679003,1960,
4689725,52680642,1970,7
4689726,52680642,1970,9
4689727,52680642,1970,3
4689728,52680642,1970,6
4689729,52680642,1970,7
4689730,52680642,1970,1
4689731,52680642,1970,1
4689733,52680642,1970,9
4689734,52680642,1970,2
4689735,52680642,1970,2
4689737,52680642,1970,5
4689739,52680642,1970,6
4689740,52680642,1970,10
4689742,52680642,1970,8
4689743,52680642,1970,
4689744,52680642,1970,
4689746,52680642,1970,3
4689747,52680642,1970,
4689748,52680642,1970,
4689749,52680642,1970,6
4689750,52680642,1970,1
4689751,52680642,1970,2
4689752,52680642,1970,7
4689753,52680642,1970,1
4689754,52680642,1970,3
4689756,52680642,1970,
4689757,52680642,1970,4
4689926,52684080,1950,2
4689927,52684080,1950,2
4690432,52690285,1980,2
4690433,52690285,1980,3
4690434,52690285,1980,2
4690435,52690285,1980,2
4690913,52694438,1970,7
4690914,52694438,1970,
4690915,52694438,1970,
4690916,52694438,1970,
4690917,52694438,1970,
4690918,52694438,1970,5
4690920,52694438,1970,1
4690921,52694438,1970,5
4690922,52694438,1970,9
4690923,52694438,1970,
4690924,52694438,1970,
4690926,52694438,1970,
4690927,52694438,1970,6
4690928,52694438,1970,
4690930,52694438,1970,
4690931,52694438,1970,9
4690932,52694438,1970,
4690933,52694438,1970,
4690934,52694438,1970,
4691111,52698315,1970,1
4691148,52701999,1950,1
4691149,52701999,1950,1
4691157,52702299,1940,
4691158,52702299,1940,3
4691328,52703370,1950,
4691330,52703370,1950,1
4691415,52704295,1982,4
4691712,52713354,2000,6
4692188,52716104,1960,1
4692189,52716104,1960,2
4692190,52716104,1960,4
4692191,52716104,1960,2
4692192,52716104,1960,2
4692193,52716104,1960,2
4692194,52716104,1960,2
4692196,52716104,1960,2
4692304,52719107,1930,2
4692305,52719107,1930,
4692511,52677905,2023,
4692879,52723128,1980,1
4693881,52769099,1998,2
4693882,52769099,1998,1
4693883,52769099,1998,1
4693887,52769099,1998,2
4693888,52769099,1998,3
4693889,52769099,1998,1
4693891,52769099,1998,
4693892,52769099,1998,2
4693894,52769099,1998,2
4693896,52769099,1998,2
4693903,52769099,1998,
4693905,52769099,1998,3
4693906,52769099,1998,2
4693907,52769099,1998,3
4693908,52769099,1998,3
4693911,52769099,1998,3
4693912,52769099,1998,
4693913,52769099,1998,3
4693923,52769099,1998,2
4693924,52769099,1998,1
4693926,52769099,1998,
4693930,52769099,1998,
4693935,52769099,1998,
4693939,52769099,1998,3
4693940,52769099,1998,1
4693942,52769099,1998,1
4693954,52769099,1998,1
4693959,52769099,1998,1
4693962,52769099,1998,6
4693963,52769099,1998,4
4693965,52769099,1998,1
4693966,52769099,1998,4
4693967,52769099,1998,
4693968,52769099,1998,
4693969,52769099,1998,1
4693975,52769099,1998,9
4693976,52769099,1998,1
4694986,52795558,1938,1
4694987,52795558,1938,
4695140,52797231,2030,
4701634,52961464,1970,
4738659,53315493,1960,3
4738660,53315493,1960,1
4739107,53318430,2027,2
4739129,53318658,1960,
4739130,53318658,1960,1
4739131,53318658,1960,
4739136,53318658,1960,1
4739138,53318658,1960,1
4740527,53331440,1940,2
4740556,53331643,1950,1
4740557,53331643,1950,1
4740559,53331643,1950,1
4740561,53331643,1950,1
4740562,53331643,1950,1
4740563,53331643,1950,1
4740565,53331643,1950,1
4741294,53337033,1950,2
4741295,53337033,1950,2
4741424,53338412,1960,2
4741476,53338874,1950,2
4741630,53340199,1940,1
4741631,53340199,1940,3
4741988,53343440,2012,1
4741995,53343440,2012,
4742413,53348538,2013,1
4742414,53348538,2013,
4742703,53351685,1950,
4742704,53351685,1950,
4742707,53351685,1950,
4743640,53361681,1920,
4743643,53361681,1920,
4743645,53361681,1920,
4743647,53361681,1920,
4743648,53361681,1920,
4743649,53361681,1920,1
4743650,53361681,1920,
4743651,53361681,1920,2
4743652,53361681,1920,
4743653,53361681,1920,
4743654,53361681,1920,
4743655,53361681,1920,1
4743656,53361681,1920,
4743657,53361726,1945,1
4743658,53361726,1945,1
4743659,53361726,1945,1
4745824,53414696,1960,3
4745825,53414696,1960,1
4745826,53414696,1960,1
4745827,53414696,1960,
4746566,53424687,1960,1
4746568,53424687,1960,3
4746569,53424687,1960,3
4746570,53424687,1960,3
4746571,53424687,1960,1
4746572,53424687,1960,3
4746573,53424687,1960,1
4749172,53446383,1940,1
4749174,53446383,1940,1
4749175,53446383,1940,1
4749176,53446383,1940,2
4749177,53446383,1940,3
4749178,53446383,1940,1
4749710,53453957,1960,
4749711,53453957,1960,
4749713,53453957,1960,1
4749714,53453957,1960,1
4749716,53453957,1960,1
4749717,53453957,1960,1
4749718,53453957,1960,
4749719,53453957,1960,1
4786638,65041585,2017,5
4786639,65041585,2017,7
4786640,65041585,2017,7
4786642,65041585,2017,7
4786643,65041585,2017,10
4786644,65041585,2017,9
4786645,65041585,2017,5
4786646,65041585,2017,
4786647,65041585,2017,5
4786649,65041585,2017,8
4786651,65041585,2017,
4786652,65041585,2017,5
4786653,65041585,2017,3
4786654,65041585,2017,2
4786655,65041585,2017,2
4786656,65041585,2017,3
4786657,65041585,2017,5
4786658,65041585,2017,1
4786659,65041585,2017,9
4786660,65041585,2017,6
4786661,65041585,2017,9
4786662,65041585,2017,7
4786663,65041585,2017,10
4786664,65041585,2017,9
4786665,65041585,2017,6
4786666,65041585,2017,3
4786667,65041585,2017,4
4786668,65041585,2017,8
4786670,65041585,2017,6
4786671,65041585,2017,3
4786672,65041585,2017,2
4786673,65041585,2017,6
4786674,65041585,2017,5
4786675,65041585,2017,3
4786676,65041585,2017,5
4786677,65041585,2017,3
4786678,65041585,2017,2
4786679,65041585,2017,8
4786680,65041585,2017,8
4786681,65041585,2017,2
4786682,65041585,2017,1
4786684,65041585,2017,2
4786685,65041585,2017,7
4786686,65041585,2017,6
4786687,65041585,2017,6
4786688,65041585,2017,
4786689,65041585,2017,8
4786690,65041585,2017,2
4786691,65041585,2017,
4786692,65041585,2017,4
4786693,65041585,2017,
4786694,65041585,2017,4
4786695,65041585,2017,
4786696,65041585,2017,1
4786697,65041585,2017,4
4786698,65041585,2017,7
4786700,65041585,2017,4
4786701,65041585,2017,3
4786703,65041585,2017,8
4786704,65041585,2017,1
4786705,65041585,2017,6
4786706,65041585,2017,1
4786707,65041585,2017,
4786709,65041585,2017,6
4786710,65041585,2017,2
4786711,65041585,2017,3
4786712,65041585,2017,4
4786713,65041585,2017,6
4786714,65041585,2017,9
4786715,65041585,2017,
4786716,65041585,2017,10
4786717,65041585,2017,
4786719,65041585,2017,4
4786720,65041585,2017,2
4786721,65041585,2017,5
4786722,65041585,2017,3
4786723,65041585,2017,1
4786725,65041585,2017,2
4786726,65041585,2017,9
4786727,65041585,2017,1
4786728,65041585,2017,8
4786729,65041585,2017,5
4786730,65041585,2017,7
4786731,65041585,2017,3
4786732,65041585,2017,3
4786733,65041585,2017,5
4786734,65041585,2017,6
4786735,65041585,2017,
4786737,65041585,2017,6
4786738,65041585,2017,6
4786739,65041585,2017,3
4786740,65041585,2017,5
4786742,65041585,2017,10
4786743,65041585,2017,2
4786744,65041585,2017,3
4786745,65041585,2017,2
4786746,65041585,2017,2
4786747,65041585,2017,4
4786748,65041585,2017,5
4786749,65041585,2017,2
4786750,65041585,2017,8
4786751,65041585,2017,2
4786752,65041585,2017,1
4786753,65041585,2017,8
4786754,65041585,2017,2
4786755,65041585,2017,4
4786756,65041585,2017,
4786757,65041585,2017,6
4786758,65041585,2017,2
4786760,65041585,2017,4
4786761,65041585,2017,4
4786763,65041585,2017,2
4786764,65041585,2017,
4786765,65041585,2017,1
4786766,65041585,2017,8
4786767,65041585,2017,1
4786768,65041585,2017,2
4786769,65041585,2017,
4786770,65041585,2017,6
4786771,65041585,2017,9
4786772,65041585,2017,
4786773,65041585,2017,
4786774,65041585,2017,2
4786775,65041585,2017,9
4786776,65041585,2017,
4786777,65041585,2017,3
4786778,65041585,2017,3
4786779,65041585,2017,1
4786780,65041585,2017,4
4786781,65041585,2017,
4786782,65041585,2017,1
4786783,65041585,2017,5
4786784,65041585,2017,4
4786785,65041585,2017,7
4786786,65041585,2017,7
4786787,65041585,2017,10
4786788,65041585,2017,1
4786789,65041585,2017,6
4786790,65041585,2017,2
4786791,65041585,2017,9
4786792,65041585,2017,9
4786793,65041585,2017,4
4786794,65041585,2017,1
4786795,65041585,2017,1
4786796,65041585,2017,
4786797,65041585,2017,
4786798,65041585,2017,4
4786799,65041585,2017,1
4786800,65041585,2017,3
4786801,65041585,2017,6
4786802,65041585,2017,3
4786803,65041585,2017,
4786804,65041585,2017,
4786805,65041585,2017,
4786806,65041585,2017,
4786807,65041585,2017,
4786808,65041585,2017,7
4786809,65041585,2017,5
4786810,65041585,2017,
4786811,65041585,2017,
4786812,65041585,2017,
4786813,65041585,2017,
4786814,65041585,2017,2
4786816,65041585,2017,
4786817,65041585,2017,
4786819,65041585,2017,
4786820,65041585,2017,7
4786821,65041585,2017,6
4786822,65041585,2017,2
4786823,65041585,2017,8
4786824,65041585,2017,2
4786825,65041585,2017,
4786826,65041585,2017,
4786827,65041585,2017,
4786828,65041585,2017,3
4786829,65041585,2017,6
4786832,65041585,2017,
4786833,65041585,2017,4
4786834,65041585,2017,3
4786835,65041585,2017,
4786836,65041585,2017,
4786837,65041585,2017,
4786839,65041585,2017,2
4786840,65041585,2017,8
4786841,65041585,2017,
4786842,65041585,2017,
4786843,65041585,2017,7
4786844,65041585,2017,
4786846,65041585,2017,3
4786847,65041585,2017,4
4786848,65041585,2017,8
4786849,65041585,2017,8
4786850,65041585,2017,9
4786851,65041585,2017,4
4786853,65041585,2017,
4786854,65041585,2017,
4786855,65041585,2017,8
4786857,65041585,2017,5
4786858,65041585,2017,1
4786859,65041585,2017,4
4786860,65041585,2017,1
4786861,65041585,2017,7
4786862,65041585,2017,1
4786863,65041585,2017,2
4786864,65041585,2017,8
4786865,65041585,2017,5
4786866,65041585,2017,1
4786867,65041585,2017,8
4786868,65041585,2017,5
4786869,65041585,2017,4
4786870,65041585,2017,5
4786871,65041585,2017,
4786873,65041585,2017,
4786874,65041585,2017,8
4786875,65041585,2017,8
4786876,65041585,2017,4
4786877,65041585,2017,3
4786878,65041585,2017,1
4786879,65041585,2017,9
4786880,65041585,2017,4
4786881,65041585,2017,1
4786882,65041585,2017,2
4786883,65041585,2017,4
4786884,65041585,2017,7
4786885,65041585,2017,5
4786886,65041585,2017,2
4786890,65041585,2017,
4786893,65041585,2017,1
4786894,65041585,2017,5
4786895,65041585,2017,7
4786896,65041585,2017,8
4786897,65041585,2017,7
4786900,65041585,2017,
4786903,65041585,2017,4
4786905,65041585,2017,2
4786908,65041585,2017,1
4786909,65041585,2017,1
4786910,65041585,2017,1
4786911,65041585,2017,2
4786912,65041585,2017,8
4786913,65041585,2017,9
4786914,65041585,2017,5
4786915,65041585,2017,6
4786916,65041585,2017,6
4786917,65041585,2017,8
4786918,65041585,2017,7
4786919,65041585,2017,
4786920,65041585,2017,8
4786921,65041585,2017,7
4786922,65041585,2017,7
4786923,65041585,2017,4
4786924,65041585,2017,6
4786925,65041585,2017,2
4786926,65041585,2017,1
4786927,65041585,2017,9
4786928,65041585,2017,2
4786929,65041585,2017,7
4786930,65041585,2017,
4786931,65041585,2017,7
4786932,65041585,2017,9
4786933,65041585,2017,5
4786934,65041585,2017,2
4786935,65041585,2017,6
4786936,65041585,2017,
4786937,65041585,2017,3
4786938,65041585,2017,
4786939,65041585,2017,3
4786940,65041585,2017,8
4786941,65041585,2017,5
4786942,65041585,2017,5
4786945,65041585,2017,4
4786946,65041585,2017,5
4786947,65041585,2017,5
4786948,65041585,2017,9
4786949,65041585,2017,6
4786950,65041585,2017,3
4786954,65041585,2017,1
4786957,65041585,2017,4
4786958,65041585,2017,4
4786959,65041585,2017,1
4786960,65041585,2017,4
4786961,65041585,2017,9
4786962,65041585,2017,
4786963,65041585,2017,
4786964,65041585,2017,4
4786965,65041585,2017,3
4786966,65041585,2017,
4786967,65041585,2017,
4786969,65041585,2017,5
4787437,65041921,2000,1
4787438,65041921,2000,
4787439,65041921,2000,
4787441,65041921,2000,
4787442,65041921,2000,2
4787443,65041921,2000,
4787951,65043845,2015,3
4826333,65693210,1940,1
4826334,65693210,1940,1
4826388,65694287,1985,1
4827437,65709152,1920,1
4828364,65714548,1999,1
4828453,65716649,1940,4
4828454,65716649,1940,
4828455,65716649,1940,
4828456,65716649,1940,4
4828457,65716649,1940,4
4860844,67285121,2017,4
4882096,68339309,2022,5
4892154,72762037,2018,6
4892217,71177841,1950,1
4892218,71177841,1950,2
4892219,71177841,1950,1
4892220,71177841,1950,2
4892221,71177841,1950,1
4930142,73010278,,
30045268,53119455,1960,0
30045271,53119455,1960,2
30045276,53119455,1960,1
30045277,53119455,1960,1
30045280,53119455,1960,3
30045281,53119455,1960,3
30045284,52449747,1970,1
30045287,52449747,1970,2
30045291,52449747,1970,1
30045292,52449747,1970,1
30045294,52449747,1970,2
30045295,52449747,1970,3
30045298,52401357,1960,0
30045299,52401357,1960,1
30045300,52401357,1960,1
30045301,52401357,1960,2
30045303,52401357,1960,3
30045314,53315187,1960,1
30045319,53315187,1960,3
30045325,53315187,1960,3
30045332,52522333,2021,2
30045336,52522333,2021,1
30045338,52522333,2021,2
30045340,52522333,2021,3
30045346,52588820,1980,2
30045347,52588820,1980,3
30045357,52527193,1930,1
30045371,52531493,1930,1
30045373,52531493,1930,2
30045377,52531010,1940,2
30045378,52531010,1940,2
30045398,52562656,1940,0
30045399,52562656,1940,0
30045504,52433043,1980,1
30045508,52433043,1980,3
30045509,52433043,1980,4
30045520,52548813,1948,1
30045524,52549802,1960,1
30045525,52549802,1960,2
30045530,52549802,1960,4
30045532,52549802,1960,1
30045534,52549802,1960,2
30045535,52549802,1960,3
30045538,52549802,1960,4
30045540,52549802,1960,1
30045541,52549802,1960,2
30045545,52549802,1960,4
30045546,52549802,1960,4
30045548,52549802,1960,1
30045559,52462659,1960,2
30045565,52462659,1960,1
30045567,52462659,1960,2
30045568,52462659,1960,2
30045569,52462659,1960,3
30045579,52462659,1960,4
30045583,52462659,1960,2
30045588,52462659,1960,4
30045592,52413680,1960,2
30045593,52413680,1960,2
30045596,52413680,1960,4
30045602,52413680,1960,3
30045605,52413680,1960,4
30045613,52413680,1960,4
30045616,52413680,1960,2
30045617,52413680,1960,2
30045618,52413680,1960,3
30045620,52413680,1960,4
30045632,52544909,1960,1
30045636,52544909,1960,3
30045639,52544909,1960,1
30045645,52544909,1960,4
30045654,52523668,1960,4
30045660,52523668,2017,3
30045661,52523668,1960,3
30045662,52523668,1960,4
30045668,52523668,1960,3
30045671,52523668,1960,4
30045675,52551151,1960,2
30045677,52551151,1960,3
30045679,52551151,2015,1
30045682,52551151,1960,3
30045683,52551151,1960,3
30045690,52551151,1960,3
30045692,52551151,1960,0
30045713,52551151,1960,3
30045718,52413278,1960,3
30045723,52413278,1960,1
30045731,52413278,1960,1
30045734,52413278,1960,3
30045736,52413278,1960,4
30045738,53151891,1960,1
30045748,53151891,1960,3
30045760,53151891,1960,2
30045761,53151891,1960,3
30045780,52432119,1960,0
30045785,52432119,1960,2
30045786,52432119,1960,2
30045789,52413002,1960,0
30045793,52413002,1960,1
30045794,52413002,1960,1
30045795,52413002,1960,2
30045801,52550314,1970,1
30045804,52550314,1970,2
30045805,52550314,1970,3
30045807,52550314,1970,3
30045821,53052266,1970,1
30045824,52438591,1970,1
30045829,52438591,1970,3
30045830,52438591,1970,4
30045836,52438591,1970,3
30045841,52438591,1970,5
30045842,52438591,1970,6
30045852,52438591,1970,3
30045853,52438591,1970,4
30045860,52438591,1970,3
30045861,52438591,1970,4
30045863,52438591,1970,5
30045865,52438591,1970,6
30045866,52438591,1970,6
30045868,52438591,1970,0
30045869,52438591,1970,1
30045872,52438591,1970,2
30045874,52438591,1970,3
30045875,52438591,1970,4
30045885,53100353,1970,1
30045886,53100353,1970,1
30045887,53100353,1970,2
30045891,53100353,1970,4
30045892,53100353,1970,4
30045900,53100353,1970,2
30045901,53100353,1970,3
30045902,53100353,1970,3
30045903,53100353,1970,4
30045904,53100353,1970,4
30045906,53100353,1970,5
30045914,53100353,1970,0
30045915,53100353,1970,1
30045919,53100353,1970,3
30045921,53100353,1970,4
30045930,53100353,1970,4
30045934,53100353,1970,6
30045945,53100353,1970,2
30045949,53100353,1970,4
30045973,53100353,1970,4
30045974,53100353,1970,4
30045978,53100353,1970,5
30045982,53100353,1970,6
30045986,53100353,1970,7
30045991,52438591,1970,8
30046003,53100353,1970,-1
30046007,53100353,1970,1
30046017,53100353,1970,3
30046022,53100353,1970,4
30046023,53100353,1970,5
30046029,53100353,1970,6
30046032,53100353,1970,7
30046038,53100353,1970,8
30046072,52522895,1980,0
30046074,52522895,1980,1
30046077,52522895,1980,3
30046078,52522895,1980,3
30046083,52431269,1970,1
30046087,52431269,1970,3
30046091,52561675,1930,0
30046097,52541623,1960,0
30046099,52541623,1960,1
30046103,52541623,1960,2
30046112,53333021,1930,2
30046113,53333021,1930,3
30046115,53333021,1930,4
30046119,53326316,1960,1
30046121,53326316,1960,2
30046141,52398385,1970,2
30046150,52587425,1950,0
30046153,52587425,1950,1
30046154,52587425,1950,2
30046156,52587425,1950,2
30046157,52587425,1950,2
30046159,52587425,1950,1
30046161,52563923,1960,0
30046164,52563923,1960,1
30046166,52414484,1920,
30046170,52529327,1930,1
30046172,52529327,1930,2
30046197,52583793,1990,2
30046199,52542542,1960,
30046223,52715564,1970,2
30046229,52652755,1982,2
30046232,52652755,1982,3
30046237,52658365,1960,0
30046238,52658365,1960,1
30046241,52658365,1960,2
30046245,52658365,1960,4
30046249,52658365,1960,1
30046251,52658365,1960,2
30046252,52658365,1960,3
30046253,52658365,1960,3
30046255,52658365,1960,4
30046257,52658365,1960,0
30046259,52658365,1960,1
30046260,52658365,1960,2
30046267,52658365,1960,0
30046275,52658365,1960,4
30046278,52687705,1960,0
30046280,52687705,1960,1
30046282,52687705,1960,2
30046284,52687705,1960,3
30046287,52687705,1960,0
30046288,52687705,1960,0
30046290,52687705,1960,1
30046292,52687705,1960,2
30046296,52687705,1960,4
30046297,52687705,1960,0
30046305,52687705,1960,4
30046308,52687705,1960,0
30046309,52687705,1960,1
30046311,52687705,1960,2
30046315,52687705,1960,4
30046316,52687705,1960,4
30046319,53147976,1960,0
30046325,53147976,1960,3
30046326,53147976,1960,4
30046327,53147976,1960,4
30046328,53147976,1960,0
30046329,53147976,1960,0
30046330,53147976,1960,1
30046332,53147976,1960,2
30046334,53147976,1960,3
30046336,53147976,1960,4
30046337,53147976,1960,4
30046341,53147976,1960,1
30046342,53147976,1960,2
30046344,53147976,1960,3
30046345,53147976,1960,3
30046348,53147976,1960,0
30046349,53147976,1960,0
30046392,52681481,1960,0
30046398,52681481,1960,2
30046402,52681481,1960,3
30046414,53184177,1960,0
30046420,53184177,1960,1
30046431,53184177,1960,0
30046433,53184177,1960,0
30046437,53184177,1960,1
30046440,53184177,1960,2
30046453,53184177,1960,1
30046539,52402058,1980,0
30046540,52402058,1980,1
30046541,52402058,1980,2
30046542,52402058,1980,2
30046547,52402058,1980,3
30046584,52531932,1960,0
30046588,52531932,1960,2
30046590,52531932,1960,2
30046591,52531932,1960,2
30046601,52463672,1992,0
30046602,52463672,1992,0
30046604,52463672,1992,2
30046617,52415329,1970,1
30046618,52415329,1970,1
30046619,52415329,1970,2
30046621,52415329,1970,2
30046627,52415329,1970,4
30046628,52415329,1970,4
30046629,52415329,1970,4
30046637,52415329,2015,2
30046640,52415329,1970,3
30046641,52415329,1970,3
30046642,52415329,1970,3
30046643,52415329,1970,4
30046644,52415329,1970,4
30046645,52415329,1970,4
30046646,52415329,1970,4
30046664,52552376,1970,1
30046665,52552376,1970,1
30046667,52552376,1970,2
30046671,52552376,1970,3
30046673,52552376,1970,3
30046675,52552376,1970,4
30046676,52552376,1970,4
30046684,53342436,1970,2
30046688,53342436,1970,3
30046690,53342436,1970,3
30046697,53342436,1970,5
30046701,53342436,1970,6
30046704,53342436,1970,1
30046710,53342436,1970,2
30046711,53342436,1970,3
30046712,53342436,1970,3
30046714,53342436,1970,3
30046715,53342436,1970,4
30046718,53342436,1970,4
30046723,53342436,1970,6
30046726,53342436,1970,6
30046727,52552376,1970,1
30046728,52552376,1970,1
30046729,52552376,1970,1
30046731,52552376,1970,2
30046732,52552376,1970,2
30046739,52552376,1970,4
30046749,52552376,1970,6
30046750,52552376,1970,6
30046751,52552376,1970,1
30046756,52552376,1970,2
30046758,52552376,1970,2
30046759,52552376,1970,3
30046767,52552376,1970,5
30046769,52552376,1970,5
30046772,52552376,1970,6
30046777,52415329,1970,1
30046780,52415329,1970,2
30046781,52415329,1970,2
30046785,52415329,1970,3
30046788,52415329,1970,4
30046803,52591840,1970,1
30046804,52591840,1970,1
30046806,52591840,1970,2
30046817,52550276,1979,1
30046818,52550276,1979,2
30046819,52550276,1979,2
30046823,52525436,1999,0
30046824,52525436,1999,1
30046825,52525436,1999,1
30046826,52525436,1999,2
30046830,52525436,1999,1
30046831,52525436,1999,1
30046832,52525436,1999,2
30046833,52525436,1999,2
30046844,53016773,1986,-1
30046866,52522919,1980,3
30046867,52522919,1980,4
30046875,52522919,1980,2
30046890,52522919,1980,3
30046894,52522919,1980,2
30046895,52522919,1980,2
30046896,52522919,1980,3
30046898,52522919,1980,4
30046904,52522463,1970,1
30046905,52522463,1970,1
30046907,52522463,1970,2
30046920,53348463,1970,0
30046921,53348463,1970,0
30046925,53348463,1970,1
30046929,53348463,1970,2
30046937,52549287,1960,2
30046942,52549287,1960,1
30046943,52549287,1960,1
30046952,52549287,1960,3
30046953,52549287,1960,4
30046955,52549287,1960,0
30047024,52395746,1960,3
30047032,52395746,1960,4
30047036,52395746,1960,1
30047040,52395746,1960,3
30047042,52549287,1960,3
30047119,52459515,1970,-1
30047120,52459515,1970,-1
30047133,52459515,1970,0
30047135,52459515,1970,0
30047136,52459515,1970,0
30047140,52459515,1970,0
30047141,52459515,1970,0
30047143,52459515,1970,0
30047144,52459515,1970,0
30047148,52459515,1970,0
30047160,52459515,1970,-1
30047166,52459515,1970,-1
30047170,53361371,1980,0
30047171,53361371,1980,0
30047174,53361371,1980,0
30047177,53361371,1980,1
30047180,53361371,1980,1
30047181,53361371,1980,1
30047186,53361371,1980,2
30047402,53382856,1920,2
30047403,53382856,1920,2
30047405,53382856,1920,0
30047406,53382856,1920,0
30047407,53382856,1920,0
30047408,53382856,1920,2
30047413,52706426,1960,0
30047414,52706426,1960,0
30047415,52706426,1960,0
30047427,52706426,1960,3
30047429,52706426,1960,2
30047430,52706426,1960,2
30047435,52489986,1960,0
30047439,52489986,1960,1
30047450,52723093,1930,0
30047462,53387270,1960,1
30047471,52680699,1960,0
30047481,53366073,1920,0
30047492,52406218,1960,2
30047493,52406218,1960,2
30047495,52406218,1960,3
30047499,52722689,1970,1
30047501,52722689,1970,2
30047506,52794119,1960,0
30047524,53382860,1950,1
30047528,53382860,1950,3
30047529,53382860,1950,3
30047531,52730488,1986,0
30047535,52730488,1986,1
30047542,52728198,2008,1
30047546,52549790,1950,0
30047548,52549790,1950,0
30047563,52489750,1950,1
30047566,52489750,1950,2
30047568,52489750,1950,2
30047570,52489750,1950,3
30047574,52544907,1940,-1
30047582,52544907,1940,2
30047584,52544907,1940,2
30047623,52547584,1950,2
30047631,52547584,1950,1
30047632,52547584,1950,1
30047647,52979102,1985,1
30047650,52979102,1985,1
30047654,52979102,1985,2
30047659,53331609,1991,1
30047665,52543559,1980,0
30047672,52543559,1980,0
30047673,52543559,1980,0
30047683,52543559,1980,3
30047686,52543559,1980,0
30047693,52543559,1980,2
30047695,52543559,1980,2
30047696,52543559,1980,3
30047698,52543559,1980,3
30047700,52543559,1980,0
30047701,52543559,1980,0
30047702,52543559,1980,1
30047704,52543559,1980,1
30047705,52543559,1980,1
30047711,52543559,1980,3
30047712,52543559,1980,3
30047729,52740276,1970,0
30047731,52740276,1970,1
30047741,52776599,1950,2
30047751,52410039,1970,1
30047757,53380682,1980,0
30047760,53380682,1980,0
30047763,53380682,1980,
30047774,52768554,2013,2
30047776,52768554,2013,3
30047784,52765375,1960,1
30047788,52765375,1960,2
30047795,52765375,1960,3
30047798,52713131,1930,0
30047799,52713131,1930,0
30047807,52797178,1963,0
30047808,52797178,1963,0
30047810,52797178,1963,1
30047811,52797178,1963,1
30047812,52797178,1963,1
30047828,52730479,1950,2
30047840,52724961,1960,3
30047850,52770060,1960,3
30047854,52656442,1948,-1
30047856,52656442,1948,1
30047882,52713610,1970,3
30047898,52655542,1960,2
30047914,53165213,1940,0
30047925,52713126,1970,1
30047935,52408174,1920,1
30047943,53415530,1970,1
30047945,53415530,1970,1
30047951,53415530,1970,3
30047952,53415530,1970,3
30047960,52723130,1950,0
30047962,52723130,1950,0
30047964,52723130,1950,1
30047965,52723130,1950,1
30047968,52723130,1950,1
30047969,52723130,1950,1
30047971,52723130,1950,2
30047972,52723130,1950,2
30047976,52723130,1950,2
30047978,52723130,1950,2
30047979,52723130,1950,2
30047983,52764374,1950,0
30047984,52764374,1950,0
30047987,52764374,1950,0
30047989,52764374,1950,1
30047990,52764374,1950,1
30047991,52764374,1950,1
30047995,52764374,1950,2
30047996,52764374,1950,2
30047998,52764374,1950,2
30047999,52764374,1950,2
30048013,52682270,1970,2
30048020,52738994,1940,
30048027,52717517,1955,1
30048031,52717517,1955,2
30048041,52760360,1960,1
30048043,52760360,1960,2
30048050,52722608,1960,0
30048054,52722608,1960,2
30048073,52459655,1950,1
30048077,52459655,1950,1
30048078,52459655,1950,2
30048081,52459655,1950,2
30048083,52503004,1960,0
30048084,52503004,1960,1
30048086,52503004,1960,0
30048087,52503004,1960,1
30048089,52503004,1960,1
30048106,52549782,1950,1
30048107,52549782,1950,1
30048114,52549782,1950,2
30048115,52549782,1950,2
30048122,52522851,1960,0
30048139,52462704,1950,2
30048140,52462704,1950,2
30048153,52682272,1970,1
30048155,52682272,1970,2
30048162,52682455,1960,0
30048173,52758695,1970,1
30048176,52758695,1970,2
30048180,52676885,1960,1
30048184,53380212,1971,1
30048187,53380212,1971,3
30048212,52412659,1950,0
30048221,52412659,1950,1
30048231,52527216,1950,0
30048234,52527216,1950,1
30048238,52527216,1950,1
30048241,52527216,1950,2
30048257,52535450,1950,2
30048308,52549005,1950,1
30048309,52549005,1950,1
30048311,52549005,1950,2
30048312,52549005,1950,2
30048314,52549005,1950,3
30048319,53341668,1940,0
30048328,52450624,1950,0
30048333,52450624,1950,2
30048338,52415865,1950,1
30048342,52415865,1950,3
30048347,52398822,1970,0
30048351,52398822,1970,2
30048375,52555891,1960,0
30048376,52555891,1960,0
30048378,52555891,1960,1
30048386,52417255,1940,1
30048392,52583782,1950,1
30048394,52583782,1950,2
30048396,52583782,1950,3
30048398,52583782,1950,4
30048418,52551828,1960,2
30048420,52551828,1960,2
30048428,52414430,1969,0
30048436,52414430,1969,2
30048462,52411878,2020,2
30048468,52411878,2020,3
30048469,52411878,2020,4
30048470,52411878,2020,4
30048472,52411878,2020,4
30048473,52411878,2020,4
30048504,52549340,1950,1
30048511,52549340,1950,3
30048516,53132149,1950,1
30048517,53132149,1950,1
30048518,53132149,1950,2
30048520,53132149,1950,2
30048521,53132149,1950,2
30048525,53132149,1950,3
30048556,52412072,1960,1
30048564,52412072,1960,2
30048568,52412072,1960,2
30048581,52412072,1960,4
30048582,52412072,1960,4
30048583,52412072,1960,4
30048588,52463666,1950,1
30048590,52463666,1950,1
30048591,52463666,1950,1
30048592,52463666,1950,1
30048594,52463666,1950,2
30048597,52463666,1950,2
30048607,52463666,1950,3
30048610,52463666,1950,4
30048614,52463666,1950,4
30048615,52463666,1950,4
30048617,52463666,1950,4
30048620,52551025,1960,1
30048622,52551025,1960,1
30048630,52551025,1960,2
30048632,52551025,1960,2
30048634,52551025,1960,3
30048639,52551025,1960,3
30048640,52551025,1960,3
30048641,52551025,1960,3
30048644,52551025,1960,4
30048645,52551025,1960,4
30048648,52551025,1960,4
30048656,52479050,1960,1
30048667,52479050,1960,2
30048669,52479050,1960,2
30048675,52479050,1960,3
30048679,52479050,1960,3
30048682,52479050,1960,3
30048686,52479050,1960,4
30048688,52479050,1960,4
30048689,52479050,1960,4
30048690,52479050,1960,4
30048693,52479050,1960,4
30048708,52522905,1950,0
30048712,52522905,1950,2
30048730,52514536,1970,2
30048849,52772888,1960,1
30048852,52772888,1960,2
30048863,52772888,1960,5
30048868,52772888,1960,6
30048874,52772888,1960,7
30048875,52772888,1960,8
30048877,52772888,1960,8
30048900,52395551,1950,3
30048901,52395551,1950,3
30048923,52557984,1950,1
30048926,52557984,1950,2
30048936,53339516,1950,1
30048937,53339516,1950,1
30048946,53339516,1950,3
30048957,52583276,1950,2
30048960,52583276,1950,3
30048961,52583276,1950,3
30048967,52528877,1950,1
30048968,52528877,1950,1
30048994,52508604,1960,3
30049026,52584165,1950,1
30049044,52541593,1950,1
30049058,52458075,1960,1
30049059,52458075,1960,1
30049065,52458075,1960,2
30049068,52458075,1960,3
30049077,52527698,1960,0
30049078,52527698,1960,0
30049082,52527698,1960,1
30049085,52527698,1960,1
30049091,52527698,1960,2
30049098,52458108,1950,1
30049100,52458108,1950,1
30049117,52497440,1960,1
30049120,52497440,1960,2
30049253,52458065,1956,1
30049255,52458065,1956,2
30049270,52399978,1950,0
30049271,52399978,1950,0
30049273,52399978,1950,0
30049284,52443312,2020,1
30049298,52541610,1970,1
30049305,52541610,1970,2
30049311,52584593,1970,2
30049312,52584593,1970,2
30049313,52584593,1970,3
30049319,52457287,1950,1
30049333,52956839,1970,2
30049339,52956839,1970,3
30049340,52956839,1970,3
30049344,52552007,1960,0
30049356,52589936,1956,1
30049358,52589936,1956,1
30049359,52589936,1956,2
30049383,52560864,1950,0
30049388,52560864,1950,1
30049389,52560864,1950,1
30049391,52560864,1950,2
30049421,52550485,1950,1
30049424,52550485,1950,1
30049432,52550485,1950,3
30049433,52550485,1950,3
30049436,52416961,1950,1
30049438,52416961,1950,1
30049440,52416961,1950,1
30049442,52416961,1950,2
30049456,52536408,1960,1
30049462,52536408,1960,3
30049467,52417254,1950,1
30049468,52417254,1950,1
30049471,52417254,1950,1
30049477,52417254,1950,3
30049484,52545386,1957,1
30049490,52545386,1957,3
30049501,53341660,1950,2
30049503,53341660,1950,3
30049508,53435119,1950,1
30049512,53435119,1950,2
30049514,53435119,1950,2
30049516,53435119,1950,3
30049517,53435119,1950,3
30049518,53435119,1950,3
30049521,52528820,1970,1
30049523,52528820,1970,1
30049525,52528820,1970,2
30049532,52528820,1970,3
30049534,53016584,1950,1
30049538,53016584,1950,2
30049540,53016584,1950,2
30049548,52545257,1955,1
30049551,52545257,1955,2
30049556,52545257,1955,3
30049566,52551774,1960,2
30049571,52551774,1960,3
30049574,52413706,1955,1
30049579,52413706,1955,2
30049581,52413706,1955,3
30049583,52413706,1955,3
30049591,52417030,1960,2
30049592,52417030,1960,2
30049593,52417030,1960,2
30049595,52417030,1960,3
30049612,52555401,1950,3
30049613,52555401,1950,3
30049615,52555401,1950,3
30049618,52530821,1950,1
30049633,52551116,1955,2
30049640,52532187,1950,1
30049647,52527964,1970,1
30049651,52527964,1970,2
30049656,53347254,1959,1
30049658,53347254,1959,1
30049665,52558601,1950,1
30049668,52558601,1950,2
30049675,52395880,1950,1
30049677,52395880,1950,2
30049678,52395880,1950,2
30049684,53177122,1960,1
30049701,52552268,1950,1
30049710,52552268,1950,3
30049711,52552268,1950,3
30049729,53100116,1930,0
30049741,52583798,1960,2
30049746,52583798,1960,4
30049749,52551315,1980,1
30049768,53330894,1985,1
30049772,53330894,1985,3
30049775,52551219,1983,1
30049786,52535444,1983,1
30049789,52535444,1983,2
30049793,52535444,1983,3
30049809,53131591,1970,-1
30049817,53131591,1970,1
30049818,53131591,1970,1
30049820,53131591,1970,2
30049826,53131591,1970,3
30049827,53131591,1970,3
30049832,53131591,1970,2
30049837,53131591,1970,3
30049838,53131591,1970,3
30049842,53131591,1970,4
30049844,53131591,1970,2
30049854,53131591,1970,4
30049857,53131591,1970,5
30049868,52562327,1970,1
30049871,52562327,1970,2
30049872,52562327,1970,2
30049887,52411865,1990,4
30049908,52581442,1984,1
30049910,52581442,1984,1
30049913,52581442,1984,2
30049916,52581442,1984,3
30049923,52548809,1960,2
30049976,52584630,1950,1
30049978,52584630,1950,2
30049980,52584630,1950,2
30049990,52589451,1950,2
30049992,52589451,1950,3
30049993,52589451,1950,3
30050018,53011528,1980,3
30050019,53011528,1980,3
30050020,53011528,1980,4
30050082,52550160,1960,1
30050091,52550160,1960,2
30050094,52550160,1960,3
30050100,52550160,1960,4
30050102,52550160,1960,4
30050124,52682837,1960,0
30050135,52682837,1960,2
30050144,52405277,1970,0
30050153,52728673,1984,2
30050163,52740262,1960,1
30050170,52715924,1960,0
30050172,52715924,1960,1
30050174,52715924,1960,1
30050176,52715924,1960,2
30050178,52715924,1960,3
30050179,52715924,1960,3
30050197,53367524,1970,1
30050198,53367524,1970,1
30050202,53367524,1970,2
30050203,53367524,1970,3
30050204,52770013,1940,
30050216,52757744,1938,1
30050219,52757744,1938,3
30050226,52718071,1970,2
30050239,52397440,1972,2
30050244,52722759,1920,2
30050304,52733903,1960,1
30050306,52733903,1960,2
30050314,52757756,1960,2
30050315,52757756,1960,2
30050320,52404520,1975,0
30050322,52404520,1975,0
30050323,52404520,1975,0
30050325,52404520,1975,0
30050328,52404520,1975,2
30050334,52690910,1940,1
30050338,52690910,1940,3
30050344,52686168,1940,1
30050351,52690880,1960,1
30050352,52690880,1960,1
30050354,52690880,1960,2
30050355,52690880,1960,2
30050356,52690880,1960,3
30050377,52657926,1970,1
30050378,52657926,1970,0
30050384,52657926,1970,1
30050387,52657926,1970,2
30050405,52727751,1956,1
30050417,52727751,1956,3
30050437,52681972,1990,0
30050454,52664719,1938,3
30050461,52713052,1980,1
30050478,53365822,1970,1
30050479,53365822,1970,1
30050481,53365822,1970,2
30050483,53365822,1970,3
30050493,52697859,1990,2
30050500,52408285,1930,2
30050506,52408131,1940,0
30050517,53037613,1950,3
30050519,53116119,1970,0
30050521,53116119,1970,1
30050530,52731449,1930,
30050561,52715042,2021,1
30050562,52715042,2021,1
30050564,52715042,2021,2
30050581,53374698,1914,0
30050603,53132232,1990,1
30050613,53132232,1990,6
30050615,53132232,1990,7
30050620,53132232,1990,3
30050624,53132232,1990,5
30050625,53132232,1990,5
30050627,53132232,1990,6
30050632,53132232,1990,-1
30050638,53132232,1990,-1
30050648,52677171,1988,4
30050649,52677171,1988,4
30050651,52677171,1988,5
30050663,52677171,1988,5
30050667,52677171,1988,7
30050669,52677171,1988,-1
30050671,52677171,1988,-1
30050672,52677171,1988,-1
30050680,52456669,1980,2
30050698,52729543,1990,2
30050738,53379007,1999,2
30050754,52711209,1950,2
30050755,52711209,1950,2
30050756,52711209,1950,2
30050764,53371356,1960,1
30050765,53371356,1960,1
30050771,52690450,1948,1
30050772,52690450,1948,2
30050773,52690450,1948,2
30050774,52690450,1948,3
30050775,52690450,1948,3
30050776,52690450,1948,4
30050796,52659675,1970,3
30050807,52773810,1950,2
30050809,52773810,1950,3
30050819,53374093,1966,3
30050820,53374093,1966,
30050829,52674174,1971,2
30050837,52793736,1950,3
30050854,53316677,1960,1
30050858,53316677,1960,2
30050861,53316677,1960,2
30050862,53316677,1960,2
30050864,53316677,1960,3
30050865,53316677,1960,3
30050867,53316677,1960,3
30050868,53316677,1960,3
30050873,52793712,1950,1
30050877,52717714,1960,
30050879,52717714,1960,0
30050886,52717714,1960,1
30050887,52717714,1960,1
30050890,52717714,1960,2
30050891,52717714,1960,2
30050893,52717714,1960,2
30050895,52717714,1960,2
30050911,53374007,1983,4
30050927,52650456,1960,0
30050939,52650456,1960,2
30050943,52650456,1960,2
30050944,52650456,1960,2
30050947,52650456,1960,3
30050950,52650456,1960,3
30050956,52650456,1960,3
30050970,52407000,1970,3
30050972,52407000,1970,4
30050973,52407000,1970,4
30050974,52407000,1970,1
30050978,52407000,1970,3
30050979,52407000,1970,3
30050989,52407000,1970,2
30051004,52681847,2014,3
30051007,52649615,1940,-1
30051008,52649615,1940,1
30051009,52649615,1940,1
30051010,52649615,1940,2
30051013,52649615,1940,3
30051022,52685270,1960,1
30051027,52685270,1960,2
30051028,52685270,1960,3
30051031,52719144,1960,1
30051033,52719144,1960,1
30051034,52719144,1960,1
30051035,52719144,1960,1
30051037,52719144,1960,1
30051039,52719144,1960,2
30051041,52719144,1960,2
30051044,52719144,1960,2
30051050,52719144,1960,3
30051052,52719144,1960,3
30051066,52407321,1965,3
30051067,52407321,1965,3
30051073,52718150,1960,1
30051077,52718150,1960,2
30051083,52978200,1950,1
30051085,52978200,1950,2
30051091,52992449,1970,0
30051095,52992449,1970,1
30051096,52992449,1970,1
30051100,52992449,1970,2
30051101,52992449,1970,2
30051107,52728175,1998,0
30051110,52728175,1998,1
30051111,52728175,1998,2
30051115,53378746,1970,1
30051117,53378746,1970,1
30051120,53378746,1970,2
30051121,53378746,1970,2
30051122,53378746,1970,2
30051124,53378746,1970,3
30051126,53378746,1970,3
30051133,52714491,1960,2
30051134,52714491,1960,2
30051159,53106848,1950,3
30051167,52716151,1960,0
30051297,52685738,1920,1
30051302,52792773,1950,1
30051303,52792773,1950,1
30051309,52674242,1971,1
30051310,52674242,1971,2
30051312,52674242,1971,3
30051325,52757709,1940,1
30051335,52754965,1960,1
30051338,52754965,1960,2
30051343,52754965,1960,3
30051370,52690473,1960,1
30051373,52690473,1960,2
30051375,52690473,1960,2
30051386,52690473,1960,3
30051413,52666548,1936,0
30051414,52666548,1936,0
30051438,52409952,1940,1
30051443,53366443,1970,1
30051446,53366443,1970,3
30051449,53366443,1970,
30051455,52690908,1920,0
30051457,52690908,1920,1
30051461,52690908,1920,2
30051462,52690908,1920,2
30051483,52681850,1960,0
30051488,52681850,1960,2
30051491,52407603,1961,1
30051495,52708410,1950,1
30051496,52708410,1950,2
30051498,52708410,1950,3
30051506,53162785,1950,2
30051512,53374435,1960,1
30051523,52689913,1960,2
30051525,52689913,1960,
30051532,52967779,1940,0
30051539,52678206,1940,0
30051558,52403387,1990,2
30051560,52403387,1990,3
30051564,53370616,1930,2
30051570,52798697,1960,2
30051572,52798697,1960,2
30051576,52798697,1960,4
30051577,52798697,1960,4
30051580,52662396,1960,1
30051587,52677179,1950,
30051589,52697430,1938,0
30051594,52723119,1930,1
30051598,53373287,1930,0
30051600,53373287,1930,1
30051607,53366607,1940,0
30051615,53371737,1968,1
30051616,53371737,1968,2
30051623,52755217,1948,1
30051634,52406716,1940,1
30051647,52659353,1970,0
30051671,52713104,1960,1
30051678,53015733,1960,0
30051714,53387509,1967,2
30051715,53387509,1967,2
30051721,52713298,1960,
30051723,52713298,1977,0
30051730,52960365,1980,0
30051731,52960365,1980,0
30051737,52741188,1960,1
30051742,52673731,1930,-1
30051749,52673731,1930,2
30051770,52753648,2001,2
30051785,53380428,2010,0
30051787,53380428,2010,1
30051789,53380428,2010,3
30051791,52755237,1930,0
30051794,52755237,1930,2
30051805,52670913,1960,0
30051816,52670913,1960,2
30051817,52670913,1960,2
30051824,52404787,1938,0
30051827,52404787,1938,1
30051828,52404787,1938,
30051832,52674175,1940,1
30051834,52674175,1940,2
30051847,52729133,1960,1
30051852,52729133,1960,2
30051853,52729133,1960,3
30051854,52729133,1960,1
30051859,52691770,1940,2
30051867,52741167,1995,1
30051877,52685235,1960,1
30051879,52685235,2008,2
30051881,52685235,2009,3
30051884,52729070,1930,2
30051903,52690281,1950,0
30051908,52690281,1950,-1
30051917,52724109,1960,2
30051918,52724109,1960,2
30051923,52724109,1960,4
30051924,52724109,1960,4
30051926,52724109,1960,4
30051929,53365013,1960,1
30051940,53365013,1960,3
30051944,53365013,1960,4
30051952,53365013,1960,1
30051954,53365013,1960,2
30051956,53365013,1960,2
30051964,53365013,1960,3
30051968,53365013,1960,4
30051978,53385561,1930,0
30051981,53385561,1930,1
30051988,53114078,1948,1
30051989,53114078,1948,1
30051995,53374445,1960,0
30051996,53374445,1960,0
30052005,53374445,1960,0
30052006,53374445,1960,0
30052015,53374445,1960,1
30052018,53374445,1960,1
30052019,53374445,1960,1
30052020,53374445,1960,1
30052022,53374445,1960,2
30052025,53374445,1960,2
30052031,53374445,1960,2
30052039,52740448,1996,1
30052040,52740448,1996,2
30052043,52676275,1930,1
30052049,52713306,1960,1
30052052,52713306,1960,2
30052100,52686548,1960,0
30052103,52686548,1960,1
30052104,52686548,1960,1
30052105,52686548,1960,1
30052125,52686146,1960,0
30052128,52686146,1960,1
30052135,52686146,1960,2
30052138,53361649,1965,0
30052148,53106317,1960,-1
30052150,53106317,1960,0
30052151,53106317,1960,0
30052156,53106317,1960,1
30052161,53106317,2012,3
30052162,53106317,1960,3
30052163,53106317,2012,4
30052166,52757251,1940,0
30052167,52757251,1940,1
30052179,53106814,1960,0
30052182,53106814,1960,1
30052188,52762940,1970,1
30052190,52762940,1970,2
30052192,52762940,1970,3
30052198,52762940,1970,3
30052211,52714811,1950,2
30052215,52714811,1950,2
30052218,52714811,1950,3
30052219,52714811,1950,3
30052221,52714811,1950,3
30052229,52713360,1950,1
30052233,52713360,1950,2
30052235,52713360,1950,2
30052240,52713360,1950,3
30052259,52722653,1950,2
30052261,52722653,1950,3
30052264,52722653,1950,3
30052265,52722653,1950,3
30052271,52793903,1950,1
30052275,52793903,1950,1
30052277,52793903,1950,2
30052279,52793903,1950,2
30052283,52793903,1950,3
30052284,52793903,1950,3
30052293,52690957,1960,1
30052295,52690957,1960,1
30052297,52690957,1960,1
30052300,52690957,1960,2
30052302,52690957,1960,2
30052304,52690957,1960,3
30052306,52690957,1960,3
30052307,52690957,1960,3
30052333,52713011,2006,1
30052335,52713011,2006,2
30052388,52713600,1970,0
30052390,52713600,1970,
30052402,52713071,1970,
30052418,52722280,2001,0
30052423,52722280,2001,2
30052426,52722280,2001,2
30052428,52723125,1970,0
30052436,52757247,1970,1
30052441,52757247,1970,3
30052447,53367159,1960,0
30052451,53367159,1960,2
30052454,52698325,1970,1
30052456,52698325,1970,2
30052468,52708971,1960,0
30052470,52708971,1960,0
30052474,52708971,1960,3
30052480,52403421,2002,0
30052481,52403421,2002,0
30052484,52403421,2002,1
30052485,52403421,2002,1
30052491,52721724,1930,1
30052492,52721724,1930,1
30052511,52519578,1970,0
30052513,52519578,1970,0
30052514,52519578,1970,0
30052515,52519578,1970,1
30052516,52519578,1970,1
30052531,52411231,1910,1
30052541,52545304,1970,1
30052550,52521562,1960,1
30052552,52521562,1960,2
30052562,53374509,1960,2
30052570,52702853,1960,3
30052573,53361036,1950,1
30052580,53365302,1948,1
30052584,53378991,1950,0
30052598,52678211,1991,0
30052608,52723665,1930,
30052625,53371735,1938,1
30052638,53378362,1970,0
30052639,53378362,1970,1
30052645,53166260,1950,2
30052650,52665503,1950,0
30052666,52696989,1940,2
30052673,52659361,1960,1
30052689,53371548,1960,2
30052698,52760134,1950,0
30052703,52713593,1970,1
30052707,52713593,1970,3
30052710,52713593,1970,2
30052721,52409981,1960,0
30052722,52409981,1960,0
30052723,52409981,1960,1
30052724,52409981,1960,1
30052731,52665604,1940,0
30052733,52665604,1940,2
30052744,52681268,1997,2
30052748,52722273,1960,0
30052749,52722273,1960,0
30052759,52721718,1995,3
30052766,52729134,1960,2
30052767,52729134,1960,2
30052769,52729134,1960,3
30052771,52729134,1960,3
30052828,52460212,1960,3
30052833,52763939,1900,2
30052835,52755819,1980,1
30052836,52755819,1980,1
30052837,52755819,1980,1
30052882,52699811,1950,0
30052888,52699811,1950,2
30052891,52726878,1970,0
30052893,52726878,1970,0
30052896,52726878,1970,1
30052899,52726878,1970,2
30052907,52720698,1980,1
30052909,52720698,1980,2
30052915,52720698,1980,2
30052926,52692869,1960,1
30052928,52692869,1960,2
30052938,52657012,1970,2
30052939,52657012,1970,3
30052941,52657012,1970,3
30052962,52757746,1970,1
30052963,52757746,1970,2
30052979,52659475,1960,-1
30052995,53373317,1970,1
30053010,52409951,1960,0
30053011,52409951,1960,0
30053014,52409951,1960,0
30053017,52409951,1960,0
30053023,52409951,1960,2
30053035,52794164,1960,0
30053036,52794164,1960,0
30053040,52794164,1960,1
30053042,52794164,1960,2
30053046,53382276,1970,1
30053049,53382276,1970,2
30053052,53382276,1970,3
30053056,53382276,1970,4
30053059,53382276,1970,4
30053061,53382276,1970,4
30053073,52720850,1940,0
30053090,52686149,1980,0
30053097,52731083,1930,-1
30053099,52731083,1930,0
30053100,52731083,1930,1
30053105,52795546,1960,0
30053106,52795546,1960,0
30053107,52795546,1960,1
30053109,52795546,1960,1
30053130,52774321,1970,0
30053139,52723271,1960,0
30053141,52723271,1960,0
30053163,53385855,1920,1
30053165,53385855,1920,1
30053169,52708312,1960,0
30053170,52708312,1960,0
30053182,52708312,1960,2
30053185,52700747,1970,0
30053187,52700747,1970,0
30053188,52700747,1970,0
30053190,52700747,1970,1
30053208,65053004,1998,1
30053212,65053004,1998,0
30053226,53148931,1960,1
30053239,52648172,1995,0
30053240,52648172,1995,0
30053249,52648172,1996,4
30053260,53380424,1960,3
30053270,52677896,1960,0
30053272,52677896,1960,1
30053276,52677896,1960,2
30053277,52677896,1960,2
30053278,52677896,1960,2
30053300,52692747,1970,3
30053302,52692747,1970,4
30053305,52692747,1970,5
30053306,52692747,1970,5
30053307,52692747,1970,5
30053310,52692747,1970,1
30053312,52692747,1970,2
30053315,52692747,1970,3
30053317,52692747,1970,3
30053325,52676338,1960,0
30053331,52676338,1960,3
30053378,52768589,1980,
30053413,52717214,1920,0
30053434,52662781,1920,2
30053435,52662781,1920,2
30053448,52696051,1948,3
30053483,52719921,1960,1
30053485,52719921,1960,2
30053491,65729158,1960,0
30053492,65729158,1960,0
30053505,65729158,1960,2
30053512,53167395,1970,1
30053514,53167395,1970,1
30053515,53167395,1970,2
30053551,52677870,1970,1
30053563,52677870,1970,5
30053564,52677870,1970,6
30053565,52677870,1970,6
30053572,52677870,1970,8
30053575,52677870,1970,9
30053577,52677870,1970,10
30053584,52677870,1970,
30053589,53371335,1970,2
30053594,53371335,1970,4
30053598,53371335,1970,5
30053599,53371335,1970,5
30053601,53371335,1970,6
30053607,53371335,1970,8
30053608,53371335,1970,8
30053614,53371335,1970,10
30053617,53371335,1970,
30053618,53371335,1970,
30053625,52721358,1970,2
30053630,52721358,1970,4
30053637,52721358,1970,6
30053643,52721358,1970,8
30053644,52721358,1970,8
30053654,52721358,1970,
30053655,52721358,1970,
30053666,52716772,1960,2
30053668,52716772,1960,2
30053671,52721798,1950,0
30053680,52686112,1970,2
30053681,52686112,1970,2
30053684,52686112,1970,4
30053685,52686112,1970,4
30053690,52678313,1975,2
30053692,52678313,1975,3
30053699,52407338,1960,1
30053709,52407338,1960,2
30053710,52407338,1960,2
30053714,52407338,1960,2
30053726,52407338,1960,3
30053727,52407338,1960,3
30053730,52407338,1960,4
30053744,52686309,1970,4
30053755,53365895,1950,1
30053757,53365895,2010,3
30053802,53388089,1960,1
30053803,53388089,1960,1
30053808,53388089,1960,3
30053840,53379220,1960,1
30053843,53379220,1960,1
30053846,53379220,1960,2
30053850,53379220,1960,3
30053852,53379220,1960,1
30053855,53379220,1960,1
30053858,53379220,1960,2
30053861,53379220,1960,3
30053877,53448936,1950,1
30053881,53448936,1950,2
30053895,52717287,1960,1
30053898,52717287,1960,1
30053902,52717287,1960,2
30053903,52717287,1960,2
30053904,52717287,1960,2
30053905,52717287,1960,2
30053906,52717287,1960,3
30053908,52717287,1960,3
30053909,52717287,1960,3
30053910,52717287,1960,3
30053922,52732474,1970,1
30053923,52732474,1970,1
30053962,52713069,1960,1
30053976,52961591,1950,0
30053980,52961591,1950,1
30053984,52961591,1950,2
30053988,52716760,1950,1
30053989,52716760,1950,2
30053990,52716760,1950,
30054006,52409665,1980,2
30054007,52409665,1980,2
30054012,52646972,1930,1
30054022,52701207,1960,1
30054042,52719106,1974,1
30054043,52719106,1974,2
30054063,52696993,1950,1
30054078,52741210,1960,3
30054083,52801563,1930,1
30054090,52801563,1930,3
30054096,52802459,1970,1
30054100,52802459,1970,1
30054103,52802459,1970,2
30054104,52802459,1970,2
30054105,52802459,1970,2
30054106,52802459,1970,2
30054110,52802459,1970,3
30054111,52802459,1970,3
30054120,52411754,1940,0
30054132,53359715,1950,1
30054133,53359715,1950,2
30054139,52768192,1970,1
30054141,52768192,1970,2
30054145,52768192,1970,3
30054159,52722695,1960,1
30054164,52722695,1960,0
30054168,52409974,1950,2
30054171,53444676,1999,0
30054172,53444676,1999,0
30054174,53444676,1999,1
30054175,53444676,1999,1
30054176,53444676,1999,1
30054178,53444676,1999,1
30054181,53444676,1999,0
30054182,53444676,1999,0
30054183,53444676,1999,0
30054184,53444676,1999,1
30054185,53444676,1999,1
30054186,53444676,1999,2
30054187,53444676,1999,2
30054188,53444676,1999,2
30054204,52409671,1975,2
30054216,52721677,1960,
30054222,52716747,1960,1
30054225,52716747,1960,1
30054226,52716747,1960,1
30054243,52714635,1960,0
30054248,52714635,1960,2
30054250,52714635,1960,2
30054252,52960621,1980,0
30054257,52960621,1980,1
30054279,52696994,1970,1
30054284,52696994,1970,2
30054297,52666463,1970,1
30054305,53084981,1970,3
30054318,52700746,1950,2
30054338,52723122,1960,-1
30054343,52723122,1960,0
30054344,52723122,1960,0
30054356,52723122,1960,2
30054364,52723122,1960,3
30054382,52963017,1990,2
30054383,52963017,1990,3
30054384,52963017,1990,3
30054391,52963017,1990,2
30054400,52963017,1990,1
30054401,52963017,1990,1
30054403,52963017,1990,2
30054406,52963017,1990,3
30054408,52963017,1990,0
30054415,52963017,1990,2
30054419,52963017,1990,0
30054421,52963017,1990,0
30054427,52963017,1990,2
30054435,52963017,1990,1
30054444,52963017,1990,0
30054448,52963017,1990,1
30054451,52963017,1990,2
30054459,52963017,1990,1
30054460,52963017,1990,2
30054463,52963017,1990,3
30054467,52963017,1990,2
30054468,52963017,1990,2
30054476,52963017,1990,1
30054490,52963017,1990,2
30054507,52963017,1990,3
30054508,52963017,1990,0
30054515,52963017,1990,0
30054561,52961576,1996,0
30054563,52961576,1996,1
30054566,52961576,1996,0
30054575,52961576,1996,1
30054585,52961576,1996,3
30054587,52961576,1996,0
30054589,52961576,1996,1
30054590,52961576,1996,2
30054591,52961576,1996,2
30054595,52961576,1996,1
30054597,52961576,1996,2
30054603,52961576,1996,3
30054627,52675753,1930,0
30054629,52675753,1930,0
30054638,52677081,2010,1
30054640,52677081,2010,2
30054653,52722629,1920,0
30054655,52722629,1920,-1
30054692,52723349,1980,0
30054693,52723349,1980,0
30054694,52723349,1980,0
30054696,52723349,1980,0
30054698,52645586,1980,-1
30054699,52645586,1980,-1
30054706,52645586,1980,2
30054710,52717203,1930,0
30054719,52656007,1950,0
30054721,52656007,1950,2
30054724,52656007,1950,3
30054729,52721635,1960,0
30054737,52409215,1980,1
30054743,52409215,1980,3
30054748,52409215,1980,3
30054749,52409215,1980,3
30054750,52409215,1980,2
30054752,52409215,1980,2
30054753,52409215,1980,1
30054755,52409215,1980,3
30054758,52409215,1980,1
30054759,52409215,1980,1
30054762,52409215,1980,3
30054784,53107744,1940,
30054794,53371640,1960,2
30054800,53371640,1960,3
30054801,53371640,1960,3
30054804,53371640,1960,3
30054837,52658391,1980,0
30054842,52701269,1950,1
30054850,52682686,1930,0
30054851,52682686,1930,0
30054852,52682686,1930,0
30054864,52732477,1950,1
30054874,52702190,2020,1
30054886,52713169,1960,1
30054891,52404801,1960,0
30054894,52404801,1960,1
30054898,52404801,1960,2
30054901,52795207,1930,0
30054902,52795207,1930,0
30054916,52768552,1960,1
30054917,52768552,1960,1
30054921,52768552,1960,2
30054932,52683292,1930,1
30054945,52754977,1980,2
30054959,52975861,1970,1
30054961,52975861,1970,2
30054963,52407618,1988,0
30054967,52714272,1985,0
30054984,52721760,1960,0
30055001,52734911,1894,
30055010,52717268,1987,1
30055015,52700742,1980,0
30055024,53380803,1938,1
30055027,53380803,1938,2
30055064,53435301,1960,2
30055066,53435301,1960,0
30055067,53435301,1960,2
30055081,52660876,1950,1
30055082,52660876,1950,0
30055083,52660876,1950,2
30055084,52660876,1950,2
30055111,52802898,1960,1
30055113,52802898,1960,2
30055115,52802898,1960,3
30055127,52732001,1960,2
30055135,52664119,1960,0
30055141,52664119,1960,1
30055152,52664119,1960,3
30055154,52664119,1960,3
30055158,52663232,1920,0
30055188,52958780,1996,0
30055189,52958780,1996,0
30055201,52722159,1968,3
30055205,52959315,1970,1
30055206,52959315,1970,1
30055209,52959315,1970,2
30055210,52959315,1970,2
30055215,52959315,1970,3
30055216,52959315,1970,4
30055340,52775194,1996,2
30055385,52440687,1960,0
30055389,52440687,1960,0
30055397,52440687,1960,2
30055427,52528824,1930,0
30055463,52401577,1970,3
30055465,53348670,1930,2
30055471,53348670,1930,4
30055475,52547140,1970,2
30055478,52547140,1970,2
30055480,52547140,1970,3
30055488,52527986,1984,1
30055493,52457608,1987,0
30055501,52596591,1950,0
30055512,52415157,1970,0
30055515,52415157,1970,1
30055517,52415157,1970,2
30055518,52415157,1970,2
30055519,52415157,1970,2
30055520,52415157,1970,2
30055521,52415157,1970,3
30055530,52490243,1980,2
30055535,53350031,1940,0
30055546,53350031,1940,0
30055550,53350031,1940,0
30055552,53350031,1940,1
30055557,52415816,1960,1
30055571,52492566,1948,2
30055578,52992345,1970,2
30055582,52548827,1940,-1
30055583,52548827,1940,-1
30055587,52548827,1940,2
30055592,52548827,1940,-1
30055596,52545844,1970,1
30055603,52545844,1970,1
30055609,52545844,1970,3
30055614,53016817,1970,1
30055620,53325873,1985,0
30055624,52442344,1970,0
30055629,52442344,1970,1
30055638,52442344,1970,3
30055653,53315699,1970,1
30055654,53315699,1970,2
30055656,53315699,1970,3
30055657,53315699,1970,3
30055663,53315699,1970,2
30055668,53011198,1960,0
30055676,53316120,1930,1
30055679,53316120,1930,3
30055700,52544914,1960,0
30055701,52544914,1960,1
30055710,52517334,1960,0
30055720,52549444,1960,0
30055723,52549444,1960,1
30055726,52461053,1960,-1
30055728,52461053,1960,1
30055729,52461053,1960,1
30055731,52461053,1960,1
30055733,52461053,1960,2
30055734,52461053,1960,2
30055736,52461053,1960,3
30055745,52426531,1990,2
30055747,53019187,1940,0
30055748,53019187,1940,1
30055750,53019187,1940,2
30055751,53019187,1940,2
30055754,52411150,1970,1
30055756,52411150,1970,2
30055760,52401186,1950,0
30055762,52401186,1950,0
30055767,52548760,1950,-1
30055771,52548760,1950,2
30055787,52415355,1987,1
30055788,52477968,2000,2
30055794,52498640,1938,1
30055795,52498640,1938,1
30055796,52498640,1938,2
30055801,52441846,1925,1
30055805,52441846,1925,2
30055816,53332353,1970,0
30055817,53332353,1970,1
30055821,52476556,1938,1
30055825,52476556,1938,3
30055839,52582273,1970,1
30055849,52582273,2018,3
30055857,52414210,1989,1
30055872,53341675,1950,1
30055875,53341675,1950,2
30055878,53341675,1950,3
30055894,52399034,1950,0
30055918,52499701,1970,0
30055920,52499701,1970,1
30055923,52499701,1970,2
30055926,52499701,1970,3
30055928,52583807,1920,-1
30055947,53342418,1980,1
30055949,53342418,1980,2
30055950,53342418,1980,2
30055951,53342418,1980,3
30055961,52556769,1960,2
30055974,52563032,1970,1
30055975,52563032,1970,1
30055978,52563032,1970,2
30055986,52431669,1970,0
30056003,53415591,1920,2
30056004,53415591,1920,2
30056012,53341416,1960,0
30056027,52519827,1920,1
30056038,53016836,1930,2
30056041,52411859,1920,1
30056045,52411859,1920,2
30056046,52411859,1920,2
30056051,52564167,1950,1
30056052,52564167,1950,1
30056056,53317578,1930,0
30056057,53317578,1930,0
30056087,52489769,1960,1
30056088,52489769,1960,
30056095,53015875,1920,3
30056101,53176707,1970,2
30056102,53176707,1970,0
30056109,53333358,1950,1
30056110,53333358,1950,2
30056143,53343451,2011,0
30056148,52395848,1930,-1
30056155,52504268,1940,0
30056158,52504268,1940,1
30056159,52504268,1940,1
30056182,53347243,1920,1
30056183,53347243,1920,1
30056206,52429783,1980,2
30056218,52551842,1960,0
30056220,52551842,1960,0
30056222,52551842,1960,0
30056224,52551842,1960,0
30056225,52551842,1960,1
30056271,52552829,1987,0
30056277,52582855,1989,1
30056281,53336355,1987,2
30056288,52516173,1960,2
30056290,52516173,1960,1
30056323,52530331,1960,1
30056324,52530331,1960,2
30056325,52530331,1960,2
30056335,52557347,1938,3
30056336,52557347,1938,3
30056338,53330897,1970,1
30056394,52494774,1960,1
30056398,52494774,1960,3
30056399,52494774,1960,3
30056400,52494774,1960,3
30056446,52523629,1980,1
30056447,52523629,1980,1
30056449,52523629,1980,1
30056461,52523629,1980,4
30056462,52597894,1960,1
30056469,52597894,1960,2
30056470,52597894,1960,3
30056473,52597894,1960,3
30056474,52597894,1960,4
30056479,52549020,1960,1
30056482,52549020,1960,2
30056484,52549020,1960,2
30056487,52549020,1960,3
30056488,52549020,1960,3
30056489,52549020,1960,3
30056491,52549020,1960,4
30056492,52549020,1960,4
30056510,52581531,1990,0
30056514,52581531,1990,1
30056516,52581531,1990,1
30056519,52581531,1990,1
30056520,52581531,1990,1
30056525,52581531,1990,0
30056526,52581531,1990,0
30056535,52581531,1990,1
30056547,52581531,1990,0
30056550,52581531,1990,1
30056554,52581531,1990,1
30056555,52581531,1990,1
30056567,52581531,1990,1
30056571,52581531,1990,1
30056587,52549021,1980,0
30056607,52529382,1992,0
30056613,52542167,1988,0
30056619,52542167,1988,1
30056620,52542167,1988,1
30056628,52542167,1988,0
30056629,52542167,1988,0
30056630,52542167,1988,0
30056633,52542167,1988,1
30056634,52542167,1988,1
30056641,52463446,1988,0
30056644,52463446,1988,1
30056648,52463446,1988,1
30056652,52545810,1990,0
30056659,52545810,1990,1
30056660,52545810,1990,1
30056673,52551028,1930,0
30056687,52526334,1960,1
30056727,52411839,1940,1
30056731,52603004,1940,0
30056732,52603004,1940,0
30056733,52603004,1940,0
30056744,52548775,1960,2
30056749,52523863,1960,0
30056753,52523863,1960,1
30056755,52523863,1960,1
30056759,52523863,1960,3
30056760,52523863,1960,3
30056764,52415851,1972,1
30056765,52415851,1972,1
30056767,52415851,1972,2
30056794,52530201,1930,1
30056807,52550300,2010,2
30056827,52562293,1950,2
30056828,52562293,1950,2
30056829,52562293,1950,
30056832,52464072,1940,1
30056834,52464072,1940,2
30056844,52553179,1920,1
30056850,52548966,1950,0
30056855,52513710,1960,1
30056856,52513710,1960,1
30056857,52513710,1960,1
30056868,52416345,1960,-1
30056879,52493521,1930,1
30056881,52493521,1930,2
30056893,53341919,1930,2
30056897,53342362,1960,0
30056907,52490646,1970,1
30056918,52542645,1970,3
30056936,52413264,1940,1
30056938,52413264,1940,1
30056944,52416715,1948,2
30056947,52416715,1948,
30056959,52560324,1940,1
30056970,52583214,1950,0
30056971,52583214,1950,2
30057004,52582488,1960,1
30057005,52582488,1960,1
30057012,52582488,1960,1
30057030,52582488,1960,3
30057039,52582488,1960,3
30057042,52582488,1960,3
30057044,52582488,1960,4
30057047,52582488,1960,4
30057048,52582488,1960,4
30057053,52582488,1960,4
30057070,52522886,1960,2
30057072,52522886,1960,2
30057074,52522886,1960,2
30057076,52522886,1960,2
30057078,52522886,1960,2
30057086,52522886,1960,3
30057091,52522886,1960,3
30057094,52522886,1960,3
30057108,52522886,1960,4
30057110,52522886,1960,5
30057112,52522886,1960,5
30057116,52522886,1960,5
30057119,52522886,1960,5
30057120,52522886,1960,5
30057131,53183673,1960,1
30057132,53183673,1960,1
30057134,53183673,1960,1
30057137,53183673,1960,2
30057147,53183673,1960,2
30057157,53183673,1960,3
30057165,53183673,1960,4
30057167,53183673,1960,4
30057169,53183673,1960,4
30057180,51664346,2019,1
30057185,51664346,1970,2
30057192,51664346,1950,3
30057198,51664346,1970,3
30057199,51664346,1960,3
30057202,51664346,2019,4
30057203,51664346,1960,4
30057211,51663237,1960,1
30057214,51663237,1960,1
30057220,51663237,1960,1
30057222,51663237,1960,2
30057226,51663237,1960,2
30057228,51663237,1960,2
30057231,51663237,1960,2
30057234,51663237,1960,3
30057235,51663237,1960,3
30057237,51663237,1960,3
30057239,51663237,1960,3
30057240,51663237,1960,3
30057244,51663237,1960,3
30057248,51663237,1960,4
30057252,51663237,1960,4
30057255,51663237,1960,4
30057261,53033432,1970,2
30057262,53033432,1970,3
30057263,53033432,1970,3
30057266,53033432,1970,1
30057274,53033432,1970,1
30057277,53033432,1970,2
30057357,53365835,1920,0
30057366,52669968,1992,0
30057369,52669968,1992,1
30057380,52717514,1920,0
30057381,52717514,1920,0
30057382,52717514,1920,0
30057383,52717514,1920,1
30057389,52713926,1940,1
30057390,52713926,1940,2
30057395,52404514,1992,0
30057398,52404514,1992,2
30057401,53118105,1970,1
30057405,53118105,1970,2
30057416,53373292,1947,1
30057424,52717552,1980,2
30057426,52717552,1980,2
30057427,52717552,1980,3
30057432,52973930,1983,0
30057433,52973930,1983,0
30057442,52694147,1930,1
30057451,52723067,1970,1
30057460,53386285,1985,2
30057465,52723644,1990,0
30057476,52757232,1980,3
30057528,52511133,1920,0
30057529,52511133,1920,1
30057531,52511133,1920,0
30057532,52511133,1920,1
30057548,52765352,1910,1
30057553,53379085,1970,
30057555,53183240,1930,-1
30057556,53183240,1930,1
30057557,53183240,1930,1
30057558,53183240,1930,1
30057563,52713627,1920,1
30057570,52729043,1970,0
30057571,52729043,1970,1
30057577,52404512,1938,2
30057579,52584666,1948,0
30057580,52584666,1948,0
30057590,53375685,1950,3
30057599,53415672,1925,0
30057604,53415672,1925,2
30057610,52415411,1930,1
30057614,52415411,1930,3
30057615,52415411,1930,3
30057624,52964334,1970,2
30057625,52964334,1970,2
30057626,52964334,1970,2
30057629,52964334,1970,3
30057639,52556787,1970,0
30057646,52584133,1940,2
30057650,53001938,1978,1
30057657,52582980,1980,1
30057676,52729600,1987,2
30057677,52729600,1987,2
30057691,52553156,1990,2
30057711,52417117,1970,1
30057713,53033432,1970,1
30057714,53033432,1970,2
30057716,53033432,1970,3
30057717,53033432,1970,3
30057728,53033432,1970,3
30057750,52590866,1940,1
30057996,53374507,1971,2
30058008,52656985,1970,1
30058009,52656985,1970,1
30058011,52656985,1970,2
30058013,52656985,1970,2
30058014,52656985,1970,3
30058020,52683304,1950,1
30058022,52683304,1950,2
30058033,52986868,1980,3
30058056,52404775,2004,2
30058091,52776573,1970,2
30058103,53132874,1930,1
30058110,52658792,1920,1
30058116,52714842,1940,0
30058123,52662440,1935,2
30058145,52666490,1970,0
30058150,52701217,1940,0
30058153,52701217,1940,1
30058157,53364908,1980,0
30058158,53364908,1980,0
30058161,53364908,1980,1
30058166,52684345,1970,-1
30058169,52684345,1970,1
30058171,52684345,1970,2
30058173,52684345,1970,3
30058519,52701218,1920,1
30058520,52701218,1960,1
30058526,52701218,1960,3
30058566,52410168,1970,1
30058572,52410168,1970,3
30058573,52410168,1970,3
30058574,52410168,1970,3
30058575,52410168,1970,3
30058584,53438253,1950,0
30058618,53370383,1920,1
30058619,53370383,1920,2
30058629,53370383,1920,2
30058681,53372164,1930,1
30058690,52679729,1930,4
30058714,53368601,2004,0
30058716,52722131,1990,0
30058750,52722597,1970,3
30058753,52722597,1970,6
30058759,52682290,1982,1
30058763,52682290,1970,4
30058769,52985130,1950,0
30058781,52985130,1950,2
30059634,52587132,1955,1
30059641,52971861,1920,1
30059643,52971861,1920,
30059649,52398342,1970,1
30059657,52527460,1930,1
30059663,52417394,1920,0
30059666,52441133,1973,1
30059670,52548927,1930,0
30059671,52548927,1930,1
30059682,52395555,1950,-1
30059685,52395555,1950,-1
30059689,52395555,1950,1
30059691,52395555,1950,2
30059703,52562366,1928,1
30059706,52562366,1928,0
30059716,52397489,2008,2
30059717,52397489,2009,3
30059718,52397489,2009,
30059724,52397462,1950,2
30059758,52417395,1960,1
30059763,52417395,1960,2
30059768,53314404,1950,1
30059771,53314404,1950,2
30059773,53417241,1966,
30059776,52398874,1960,1
30059781,52398874,1960,3
30059789,52398887,1920,1
30059802,52516264,1960,0
30059804,52516264,1960,1
30059816,52514908,1960,0
30059824,52514908,1960,2
30059826,52514908,1960,3
30059838,52412665,1970,1
30059849,52556158,1950,0
30059851,52556158,1950,1
30059852,52556158,1950,1
30059853,52556158,1950,2
30059854,52556158,1950,2
30059860,52509771,1950,
30059872,52562113,1950,0
30059874,52562113,1950,0
30059875,52562113,1950,0
30059877,52562113,1950,0
30059878,52562113,1950,1
30059880,52562113,1950,1
30059883,52562113,1950,1
30059887,52562113,1950,2
30059888,52562113,1950,2
30059889,52562113,1950,2
30059896,53158323,1950,0
30059897,53158323,1950,-1
30059899,53158323,1950,-1
30059900,53158323,1950,0
30059902,53158323,1950,1
30059903,53158323,1950,1
30059906,53158323,1950,3
30059918,52531132,1910,0
30059921,52585795,1999,0
30059928,52557350,1912,-1
30059929,52557350,1912,-1
30059937,53445459,1950,0
30059938,53445459,1950,0
30059940,53445459,1950,1
30059941,53445459,1950,1
30059942,53445459,1950,1
30059945,53445459,1950,2
30059955,52522207,2007,2
30059965,52977734,1960,2
30059966,52977734,1960,2
30059967,52977734,1960,3
30059978,53317588,1970,0
30059980,53317588,1970,1
30059981,53317588,1970,0
30059990,52564125,1960,1
30060001,52564330,1938,1
30060004,52564330,1938,2
30060008,52566218,2008,3
30060009,53337493,1900,1
30060024,52537001,1960,1
30060035,52526507,1960,2
30060036,52526507,1960,2
30060041,52508455,1920,0
30060043,52508455,1920,1
30060045,52508455,1920,2
30060048,53340594,1950,-1
30060051,53340594,1950,0
30060052,53340594,1950,1
30060059,53341051,1910,2
30060062,52568501,1998,0
30060063,52568501,1998,1
30060066,52568501,1998,4
30060071,53342438,1980,3
30060076,52556889,1950,-1
30060080,52556889,1950,-1
30060087,52556889,1950,0
30060088,52556889,1950,0
30060089,52556889,1950,0
30060092,52556889,1950,0
30060100,52556889,1950,1
30060102,52556889,1950,1
30060104,52556889,1950,1
30060106,52556889,1950,1
30060115,52556889,1950,2
30060125,52570346,1950,2
30060146,52603269,1960,2
30060151,53017652,1940,2
30060166,52412076,1997,0
30060172,52412076,1997,3
30060179,53335945,1920,0
30060189,53335945,1920,3
30060192,52542787,1950,0
30060194,52542787,1950,0
30060203,52542787,1950,3
30060204,52542787,1950,3
30060206,53453910,1960,0
30060208,53453910,1960,0
30060211,53453910,1960,1
30060212,53453910,1960,2
30060214,53453910,1960,2
30060215,53453910,1960,2
30060217,53453910,1960,3
30060241,53429619,1950,0
30060246,53429619,1950,1
30060258,52713117,2018,6
30060259,52713117,1950,0
30060269,52761086,1950,1
30060271,52761086,1950,1
30060273,52761086,1950,2
30060274,52761086,1950,2
30060284,52562751,1948,0
30060334,52516638,1960,0
30060337,52516638,1960,1
30060341,52516638,1960,2
30060345,52555912,1960,0
30060346,52555912,1960,0
30060347,52555912,1960,0
30060351,52555912,1960,2
30060353,52555912,1960,2
30060357,53346231,1950,0
30060358,53346231,1950,1
30060361,53346231,1950,3
30060366,52401190,1950,1
30060367,52401190,1950,2
30060369,52401190,1950,
30060371,52401190,1950,-1
30060372,52401190,1950,0
30060373,52401190,1950,0
30060376,52401190,1950,2
30060379,52551899,1940,1
30060383,52569481,1950,0
30060385,52569481,1950,1
30060387,52569481,1950,2
30060388,52569481,1950,2
30060405,53175039,1970,0
30060406,53175039,1970,0
30060409,52511824,1960,0
30060410,52511824,1960,
30060411,52511824,1960,0
30060414,52511824,1960,1
30060416,52511824,1960,2
30060417,52557636,1960,1
30060423,52517601,1980,2
30060424,52517601,1980,3
30060439,52557636,1960,0
30060440,52557636,1960,1
30060441,52557636,1960,1
30060442,52557636,1960,2
30060443,52557636,1960,2
30060446,53052639,1950,0
30060461,52416875,1950,2
30060470,52416875,1950,3
30060471,52416875,1950,3
30060482,52551090,1960,2
30060483,52551090,1960,3
30060489,52539052,1950,2
30060494,52539052,1950,0
30060495,52539052,1950,1
30060500,52557887,1940,1
30060502,52557887,1940,3
30060504,52557887,1940,4
30060506,52557887,1940,1
30060511,52557887,1940,5
30060518,53344428,1930,2
30060520,53344428,1930,3
30060526,52565051,1960,0
30060533,52400905,1960,0
30060545,52516302,1960,3
30060557,52551040,1960,0
30060558,52551040,1960,0
30060561,52551040,1960,2
30060571,53334467,1970,0
30060573,53334467,1970,1
30060576,53334467,1970,2
30060581,52990349,1910,1
30060582,52990349,1910,2
30060583,52990349,1910,3
30060588,52456716,1950,0
30060591,52456716,1950,2
30060593,52456716,1950,3
30060596,52456716,1950,1
30060597,52456716,1950,2
30060599,52456716,1950,2
30060606,52516766,2000,4
30060608,52560353,1920,0
30060610,52560353,1920,2
30060613,52593720,1950,0
30060614,52593720,1950,0
30060617,52593720,1950,2
30060622,52593720,1950,2
30060634,52564824,1950,0
30060635,52564824,1950,1
30060642,52525665,1950,0
30060645,52525665,1950,0
30060646,52525665,1950,1
30060650,52525665,1950,2
30060657,52564226,1960,0
30060662,52564226,1960,2
30060663,52564226,1960,3
30060664,52564226,1960,3
30060667,52585965,1930,1
30060672,52585965,1930,3
30060673,52585965,1930,4
30060675,53336748,1970,0
30060683,53336748,1970,3
30060688,53107541,1960,-1
30060689,53107541,1960,1
30060690,53107541,1960,2
30060691,53107541,1960,3
30060697,53107541,1960,2
30060698,53107541,1960,3
30060710,53017262,1950,0
30060715,53017262,1950,2
30060716,53017262,1950,2
30060720,52556375,1960,0
30060721,52556375,1960,0
30060723,52556375,1960,1
30060726,52556375,1960,3
30060727,52556375,1960,3
30060729,53348561,1960,0
30060730,53348561,1960,0
30060731,53348561,1960,1
30060732,53348561,1960,2
30060751,52518513,1950,0
30060753,52518513,1950,1
30060755,52518513,1950,1
30060756,52518513,1950,2
30060771,53343661,1936,2
30060781,52529924,1993,0
30060787,52529924,1993,3
30060789,52529924,1993,1
30060791,52529924,1993,2
30060792,52529924,1993,2
30060795,52529924,1993,4
30060798,52529924,1993,1
30060799,52529924,1993,2
30060801,52529924,1993,3
30060802,52529924,1993,3
30060803,52529924,1993,4
30060804,52529924,1993,5
30060809,52529924,1993,3
30060811,52529924,1993,4
30060812,52529924,1993,4
30060814,52522556,1941,0
30060816,52522556,1941,1
30060817,52522556,1941,1
30060832,52688908,1960,0
30060835,52688908,1960,1
30060836,52688908,1960,1
30060848,52798683,1960,0
30060851,52798683,1960,0
30060854,52798683,1960,2
30060859,52715376,1950,0
30060864,52715376,1950,1
30060866,52715376,1950,2
30060867,52715376,1950,2
30060870,52715376,1950,3
30060880,52722713,1950,0
30060895,52676818,1960,
30060903,52676818,1960,2
30060906,52676818,1960,3
30060907,52676818,1960,3
30060908,52676818,1960,3
30060910,52676818,1960,4
30060915,52655047,1968,0
30060930,53171820,1950,1
30060940,52716298,1950,2
30060960,52657411,1970,1
30060972,52723664,1964,2
30060976,52717531,1950,1
30060981,52717531,1950,4
30060985,52683366,1960,0
30060987,52683366,1960,2
30060988,52683366,1960,2
30060989,52683366,1960,3
30060994,52655062,2010,0
30060996,52655062,2008,1
30060998,52655062,1933,1
30061011,52719881,1950,0
30061016,52719881,1950,2
30061018,52719881,1950,2
30061024,53373524,1950,0
30061034,52961958,1960,2
30061035,52961958,1960,2
30061039,52961468,1960,1
30061051,53366083,1950,0
30061056,53366083,1950,1
30061059,53366083,1950,1
30061060,53366083,1950,1
30061061,53366083,1950,1
30061062,53366083,1950,1
30061065,53366083,1950,2
30061067,53366083,1950,2
30061068,53366083,1950,2
30061077,52716138,1970,1
30061081,52716138,1970,3
30061085,52660260,1930,0
30061086,52660260,2010,0
30061087,52660260,1930,1
30061088,52660260,1930,1
30061095,52764873,1960,2
30061096,52764873,1960,3
30061100,52645635,1950,
30061101,52645635,1950,1
30061103,52645635,1950,1
30061105,52645635,1950,2
30061112,52645635,1950,3
30061135,52656048,1948,3
30061138,53365200,1950,0
30061139,53365200,1950,1
30061140,53365200,1950,1
30061148,52682311,1960,1
30061149,52682311,1960,1
30061150,52682311,1960,2
30061161,52719880,1960,-1
30061171,52408892,1926,2
30061174,52697529,1960,
30061176,52697529,1960,0
30061180,52697529,1960,1
30061181,52697529,1960,1
30061184,52697529,1960,2
30061200,52654665,1960,
30061203,52701677,1950,-1
30061219,53380766,1940,1
30061220,53380766,1940,1
30061221,53380766,1940,2
30061237,52961575,1980,2
30061244,52681366,1960,0
30061253,52733411,1960,-1
30061257,52733411,1960,0
30061261,52684955,1940,0
30061266,52684955,1940,1
30061274,52723312,1950,1
30061277,52723312,1950,2
30061282,52708120,1950,2
30061283,52723310,1950,1
30061304,52689827,1960,1
30061305,52689827,1960,1
30061306,52689827,1960,1
30061309,52689827,1960,1
30061310,52689827,1960,2
30061311,52689827,1960,2
30061312,52689827,1960,2
30061315,52689827,1960,2
30061317,52689827,1960,2
30061355,52684793,1955,0
30061362,52684793,1955,2
30061363,52684793,1955,2
30061366,53366007,1950,-1
30061368,53366007,1950,0
30061370,53366007,1950,0
30061372,53366007,1950,0
30061377,53366007,1950,1
30061378,53366007,1950,1
30061380,53366007,1950,1
30061382,53366007,1950,1
30061394,65693206,1940,0
30061397,65693206,1940,0
30061398,65693206,1940,0
30061402,65693206,1940,1
30061405,65693206,1940,2
30061414,52728975,1950,0
30061419,52728975,1950,2
30061422,52681952,1950,0
30061424,52681952,1950,0
30061426,52681952,1950,1
30061427,52681952,1950,1
30061433,52681952,1950,2
30061446,52534058,1950,1
30061447,52534058,1950,2
30061452,53343854,1986,0
30061453,53343854,1986,1
30061454,53343854,1986,2
30061456,52399718,1950,1
30061459,52399718,1950,2
30061464,52399718,1950,3
30061467,53343854,1986,1
30061481,52564145,1950,0
30061483,52564145,1950,1
30061487,52564145,1950,3
30061496,53337532,1950,1
30061497,53337532,1950,2
30061501,52561431,1950,
30061502,52561431,1950,0
30061503,52561431,1950,0
30061505,52561431,1950,1
30061508,52561431,1950,1
30061511,52557734,1950,0
30061512,52557734,1950,0
30061516,52557734,1950,1
30061517,52557734,1950,2
30061523,52510877,1950,-1
30061526,52510877,1950,1
30061530,52510877,1950,0
30061535,53010216,2001,1
30061536,53010216,2001,2
30061537,53010216,2001,3
30061539,53010216,2001,4
30061540,53010216,2001,4
30061603,52676103,1980,0
30061612,52722065,1985,1
30061616,52722065,1985,3
30061619,52722065,1985,4
30061623,52722065,1985,6
30061635,52730033,1984,6
30061636,52657491,1985,1
30061640,52657491,1985,2
30061649,52657491,1985,5
30061650,52657491,1985,5
30061652,52657491,1985,6
30061661,52685721,2012,
30061662,52685721,2012,
30061663,52685721,2012,2
30061664,52685721,2012,2
30061666,52685721,2012,3
30061670,52525407,1970,0
30061671,52525407,1970,0
30061673,52525407,1970,1
30061677,52525407,1970,2
30061680,52409045,1970,-1
30061688,52409045,1970,-1
30061689,52409045,1970,1
30061713,52519049,1960,0
30061715,52519049,1960,0
30061716,52519049,1960,1
30061717,52519049,1960,1
30061718,52519049,1960,1
30061719,52519049,1960,1
30061720,52519049,1960,2
30061721,52519049,1960,2
30061723,52519049,1960,2
30061741,52991311,1960,1
30061745,52991311,1960,2
30061747,52991311,1960,3
30061755,52569025,1970,1
30061759,52569025,1970,2
30061760,52569025,1970,2
30061763,52413552,1970,0
30061770,52413552,1970,2
30061773,52413552,1970,3
30061777,52536305,1970,1
30061779,52536305,1970,1
30061780,52536305,1970,2
30061781,52536305,1970,2
30061783,52536305,1970,2
30061784,52536305,1970,3
30061785,52536305,1970,3
30061787,52536305,1970,3
30061801,52525472,1967,2
30061803,52525472,1967,2
30061810,52516737,1970,1
30061815,52516737,1970,3
30061817,52516737,1970,3
30061834,52540248,1970,1
30061836,52540248,1970,1
30061844,52540248,1970,2
30061846,52540248,1970,2
30061854,52540248,1970,3
30061862,52540248,1970,4
30061870,52540248,1970,5
30061876,52540248,1970,6
30061884,52540248,1970,7
30061900,52675778,1960,
30061901,52675778,1960,
30061902,52675778,1960,
30061906,52675778,1960,0
30061907,52675778,1960,0
30061910,52675778,1960,1
30061932,53345376,1960,-1
30061935,53345376,1960,1
30061936,53345376,1960,1
30061938,53345376,1960,2
30061940,53342589,1960,0
30061942,53342589,1960,1
30061943,53342589,1960,1
30061953,52563006,1940,0
30061954,52563006,1940,0
30061955,52563006,1940,0
30061958,52563006,1940,2
30061967,52503454,1940,0
30061974,52503454,1940,1
30061975,52503454,1940,0
30061987,52561858,1970,1
30061998,52493319,1960,0
30062001,52493319,1960,1
30062009,52520947,2023,1
30062024,52523172,1960,0
30062030,52523172,1960,1
30062033,52523172,1960,1
30062037,52523172,1960,2
30062043,52540175,1960,0
30062047,52540175,1960,2
30062053,52560728,1965,1
30062055,52560728,1965,2
30062060,53342879,1962,1
30062061,53342879,1962,2
30062067,53340566,1960,0
30062072,53340566,1960,2
30062073,53340566,1960,2
30062074,53340566,1960,
30062075,53340566,1960,
30062079,52534011,1960,0
30062080,52534011,1960,0
30062081,52534011,1960,0
30062082,52534011,1960,1
30062084,52534011,1960,1
30062086,52534011,1960,2
30062090,53147980,1965,1
30062091,53147980,1965,2
30062092,53147980,1965,3
30062098,53147980,1965,2
30062102,53317746,1950,1
30062103,53317746,1950,1
30062104,53317746,1950,2
30062105,53317746,1950,2
30062106,53317746,1950,
30062110,53317746,1950,1
30062118,52414981,1960,1
30062119,52414981,1960,1
30062121,52414981,1960,2
30062124,53436729,1960,0
30062128,53436729,1960,1
30062138,52414981,1960,2
30062140,52412876,1960,
30062146,52412876,1960,1
30062156,52526003,1950,0
30062161,52526003,1950,1
30062178,52556844,1950,1
30062181,52556844,1950,2
30062184,52556844,1950,3
30062185,52556844,1950,3
30062187,52561298,1950,
30062189,52561298,1950,0
30062191,52561298,1950,1
30062192,52561298,1950,1
30062199,52561298,1950,3
30062210,52412732,1960,0
30062220,52560130,1970,1
30062221,52560130,1970,1
30062226,52565696,1960,1
30062232,53366762,1960,
30062234,53137376,1971,1
30062260,53108210,1966,-1
30062271,52717084,1950,-1
30062277,52717084,1950,2
30062289,53366768,1960,1
30062290,53366768,1960,1
30062309,52963032,1970,4
30062319,52731014,1950,2
30062324,52731014,1950,2
30062326,52731014,1950,3
30062338,52685735,1960,3
30062346,52704053,2021,1
30062352,52648804,1970,3
30062359,52682526,1960,2
30062364,52690969,1950,1
30062366,52690969,1950,2
30062368,52690969,1950,3
30062369,52690969,1950,3
30062373,52671362,1960,1
30062376,52671362,1960,2
30062387,53364931,1950,3
30062392,52739002,1960,0
30062403,52676234,1960,2
30062404,52676234,1960,2
30062406,52676234,1960,3
30062409,52676234,1960,2
30062416,52694199,1961,1
30062427,53361553,1960,0
30062428,53361553,1960,0
30062429,53361553,1960,1
30062437,53366507,1970,1
30062445,53336399,1962,-1
30062446,53336399,1962,-1
30062447,53336399,1962,0
30062450,53336399,2017,0
30062457,53336399,1962,2
30062459,53336399,1962,2
30062483,52520575,1960,1
30062485,52520575,1960,2
30062486,52520575,1960,2
30062492,52563599,1960,2
30062493,52563599,1960,3
30062505,52754986,1960,
30062506,52754986,1960,
30062511,52754986,1960,0
30062513,52754986,1960,1
30062515,52754986,1960,1
30062516,52754986,1960,1
30062519,52754986,1960,2
30062525,52729153,1960,0
30062526,52729153,1960,0
30062527,52729153,1960,1
30062528,52729153,1960,1
30062529,52729153,1960,2
30062534,52671413,1960,0
30062537,52671413,1960,1
30062538,52671413,1960,1
30062540,52671413,1960,2
30062542,52728604,1970,0
30062544,52728604,1970,0
30062546,52728604,1970,1
30062547,52728604,1970,1
30062548,52728604,1970,2
30062549,52728604,1970,2
30062555,52682315,1970,2
30062556,52682315,1970,2
30062557,52682315,1970,3
30062558,52682315,1970,3
30062573,52711228,1960,2
30062584,52691287,1970,0
30062587,52691287,1970,1
30062588,52691287,1970,1
30062592,52691287,1970,2
30062653,52686088,1960,0
30062654,52686088,1960,0
30062655,52686088,1960,1
30062656,52686088,1960,1
30062657,52686088,1960,1
30062658,52686088,1960,2
30062659,52686088,1960,2
30062660,52686088,1960,2
30062662,52686088,1960,3
30062663,52686088,1960,3
30062740,52732490,1960,1
30062744,52732490,1960,1
30062752,52732490,1960,2
30062758,52732490,1960,3
30062766,52732490,1960,4
30062777,52723351,1960,0
30062792,52723351,1960,4
30062795,52723351,1960,4
30062800,52723351,1960,6
30062803,52723351,1960,6
30062808,52656512,1960,0
30062810,52656512,1960,0
30062813,52656512,1960,2
30062831,52586701,1970,0
30062832,52586701,1970,0
30062834,52586701,1970,1
30062835,52586701,1970,1
30062836,52586701,1970,2
30062837,52586701,1970,2
30062850,52585967,1960,0
30062853,52585967,1960,1
30062854,52585967,1960,2
30062855,52585967,1960,2
30062856,52585967,1960,3
30062859,52724021,1960,-1
30062860,52724021,1960,-1
30062861,52724021,1960,-1
30062864,52724021,1960,0
30062865,52724021,1960,0
30062871,52724021,1960,0
30062877,52724021,1960,1
30062878,52724021,1960,2
30062879,52724021,1960,2
30062884,52724021,1960,3
30062887,52724021,1960,3
30062888,52724021,1960,3
30062889,52724021,1960,3
30062901,52720873,1960,1
30062914,52396527,1970,0
30062917,52396527,1970,1
30062918,52396527,1970,2
30062920,52396527,1970,3
30062926,52524520,1960,1
30062928,52524520,1960,2
30062929,52524520,1960,2
30062930,52524520,1960,3
30062932,52524520,1960,4
30062945,52517544,1970,3
30062946,52517544,1970,3
30062956,52677173,1970,2
30062962,52677173,1970,4
30062974,52723997,1970,3
30062978,52723997,1970,5
30062989,52723997,1970,8
30063016,52729638,1970,0
30063018,52729638,1970,1
30063024,52729638,1970,4
30063031,52729638,1970,3
30063038,52729638,1970,5
30063040,52729638,1970,6
30063042,52729638,1970,7
30063066,52723072,1950,1
30063076,52723072,1950,2
30063079,52723072,1950,3
30063083,52723072,1950,3
30063085,52723072,1950,3
30063094,52721203,1970,2
30063131,52987352,1954,2
30063138,52987352,1954,3
30063140,52987352,1954,3
30063148,52413569,1940,1
30063149,52413569,1940,1
30063150,52413569,1940,2
30063152,52413569,1940,3
30063153,52413569,1940,3
30063154,52592280,1920,2
30063157,53315896,1950,
30063160,53315896,1950,0
30063163,53315896,1950,1
30063167,53315896,1950,2
30063169,53315896,1950,3
30063182,52397412,2008,2
30063194,52570031,1940,1
30063195,52570031,1940,1
30063196,52570031,1940,2
30063201,52398659,1946,1
30063205,52398659,1946,3
30063209,52398659,2011,5
30063220,52458061,1935,0
30063239,52550063,1950,1
30063241,52550063,1950,2
30063246,53348538,2013,0
30063248,53348538,2013,1
30063250,53348538,2013,1
30063252,53348538,2013,2
30063259,52558406,1996,0
30063269,52558406,1996,2
30063270,52558406,1996,3
30063274,52558406,1996,4
30063279,52562143,1982,1
30063281,52562143,1982,3
30063285,52562143,1982,2
30063286,52562143,1982,3
30063292,52560650,1935,1
30063312,52526919,1960,0
30063315,52550081,1960,0
30063316,52550081,1960,0
30063319,52550081,1960,2
30063322,52566390,1950,0
30063325,52566390,1950,1
30063359,52979941,1950,3
30063361,52979941,1950,3
30063362,52979941,1950,0
30063366,52534601,1950,0
30063367,52534601,1950,0
30063370,52534601,1950,1
30063374,52534586,1950,-1
30063376,52534586,1950,0
30063378,52534586,1950,0
30063379,52534586,1950,1
30063380,52534586,1950,1
30063384,52534586,1950,2
30063385,52534586,1950,3
30063388,52411257,1970,1
30063399,52551120,1950,1
30063400,52551120,1950,2
30063401,52551120,1950,2
30063406,52534037,1940,1
30063409,52534037,1940,1
30063413,52534037,2009,3
30063430,52570940,1930,0
30063444,52519232,1960,2
30063452,52519232,1960,5
30063467,52537219,1950,
30063468,52537219,1950,1
30063472,52537219,1950,2
30063475,53331291,1925,3
30063477,53124562,1936,0
30063478,53124562,1936,0
30063479,53124562,1936,1
30063480,53124562,1936,2
30063484,52533596,1960,0
30063485,52533596,1960,1
30063487,52533596,1960,2
30063488,52533596,1960,2
30063495,53318614,1933,1
30063497,53318614,1933,2
30063504,52587777,1950,0
30063506,52587777,1950,1
30063514,52557536,2000,1
30063517,52542563,1935,
30063521,52550233,1960,1
30063524,52550233,1960,2
30063526,53105497,1980,1
30063528,53105497,1980,2
30063529,53105497,1980,3
30063530,53105497,1980,3
30063531,53105497,1980,4
30063532,53105497,1980,1
30063540,52432320,1950,0
30063541,52432320,1950,0
30063544,52432320,1950,2
30063553,52539981,1960,0
30063554,52539981,1960,1
30063555,52539981,1960,1
30063561,52563568,1960,0
30063562,52563568,1960,0
30063563,52563568,1960,1
30063564,52563568,1960,1
30063567,52450847,1942,1
30063572,52550271,1930,1
30063573,52550271,1930,1
30063574,52550271,1930,2
30063575,52550271,1930,2
30063576,52550271,1930,3
30063588,52566198,1950,-1
30063590,52566198,1950,0
30063597,52521454,1960,-1
30063600,52521454,1960,0
30063601,52521454,1960,1
30063602,52521454,1960,1
30063603,52521454,1960,
30063605,52562126,1950,0
30063608,52562126,1950,1
30063609,52562126,1950,2
30063621,52521486,1950,0
30063626,52521486,1950,2
30063630,52587375,1960,2
30063646,52433719,1960,0
30063656,52503916,1954,0
30063660,52503916,1954,2
30063665,52534697,1960,0
30063666,52534697,1950,0
30063675,52587353,1960,1
30063677,52587353,1960,2
30063681,53342379,1960,1
30063685,53342379,1960,2
30063686,53342379,1960,3
30063689,53342379,1960,4
30063699,52522674,1977,1
30063700,52522674,1977,1
30063701,52522674,1977,2
30063702,52522674,1977,2
30063703,52522674,1977,3
30063704,52522674,1977,3
30063739,52539049,1960,1
30063746,52968401,1940,0
30063757,52414227,1960,0
30063759,52414227,1960,1
30063770,52526590,1960,0
30063772,52526590,1960,0
30063783,53130826,1950,0
30063784,53130826,1950,0
30063785,53130826,1950,1
30063786,53130826,1950,1
30063787,53130826,1950,2
30063790,53130826,1950,3
30063794,52437704,1950,
30063795,52437704,1950,
30063796,52437704,1950,0
30063800,52437704,1950,1
30063801,52437704,1950,2
30063819,53334060,1940,0
30063820,53334060,1940,1
30063821,53334060,1940,1
30063822,53334060,1940,3
30063823,52458726,1940,
30063834,52455729,1960,
30063838,52455729,1960,0
30063839,52455729,1960,0
30063840,52455729,1960,0
30063841,52455729,1960,1
30063843,52455729,1960,2
30063844,52455729,1960,2
30063845,52455729,1960,2
30063849,52585535,1950,-1
30063850,52585535,1950,0
30063851,52585535,1950,0
30063854,52585535,1950,1
30063855,52585535,1950,1
30063857,52585535,1950,2
30063859,52585535,1950,3
30063864,52451775,1960,1
30063866,52451775,1960,2
30063867,52451775,1960,2
30063870,52451775,1960,3
30063871,52451775,1960,3
30063872,52451775,1960,3
30063873,52451775,1960,3
30063875,52522742,1950,0
30063876,52522742,1950,
30063882,52538509,1950,0
30063883,52538509,1950,0
30063884,52538509,1950,0
30063886,52538509,1950,1
30063887,52538509,1950,1
30063888,52538509,1950,2
30063889,52538509,1950,2
30063890,52538509,1950,3
30063891,52538509,1950,2
30063898,53324218,1939,2
30063904,53332220,1950,0
30063905,53332220,1950,1
30063906,53332220,1950,1
30063907,53332220,1950,1
30063909,53332220,1950,2
30063912,53332220,1950,3
30063914,53332220,1950,
30063915,53332220,1950,
30063918,52494755,1930,0
30063921,52494755,1930,1
30063926,52550117,1960,-1
30063927,52550117,1960,-1
30063930,52550117,1960,1
30063933,52550117,1960,2
30063934,52550117,1960,3
30063940,53438753,1950,0
30063943,53438753,1950,1
30063944,53438753,1950,1
30063946,53438753,1950,2
30063947,53438753,1950,2
30063951,53438753,1950,3
30063953,53438753,1950,3
30063955,52401053,1940,0
30063957,52401053,1940,0
30063958,52401053,1940,1
30063959,52401053,1940,1
30063962,52401053,1940,2
30063964,52401053,1940,3
30063968,52415241,1970,-1
30063969,52415241,1970,0
30063971,52415241,1970,0
30063972,52415241,1970,1
30063974,52415241,1970,2
30063978,52493725,1950,0
30063980,52493725,1950,1
30063981,52493725,1950,1
30063984,52493725,1950,2
30063985,52493725,1950,2
30063987,52493725,1950,3
30063991,52550236,1950,
30063995,52550236,1950,2
30063998,52550236,1950,3
30063999,52550236,1950,3
30064004,52463331,1940,0
30064010,52463331,1940,3
30064022,52551010,1930,
30064023,52551010,1930,1
30064024,52551010,1930,1
30064025,52551010,1930,1
30064026,52551010,1930,2
30064027,52551010,1930,2
30064028,52551010,1930,2
30064029,52551010,1930,3
30064036,52396400,1960,1
30064039,52396400,1960,3
30064041,52396400,1960,4
30064042,52993018,1930,
30064046,52993018,1930,2
30064049,52993018,1930,4
30064050,52993018,1930,4
30064067,52550295,1970,1
30064070,52550295,1970,3
30064076,52535596,1950,0
30064081,52535596,1950,3
30064086,52534706,1938,0
30064087,52534706,1938,1
30064089,52534706,1938,2
30064090,52534706,1938,2
30064095,52557012,1950,-1
30064097,52557012,1950,
30064099,52557012,1950,1
30064102,52557012,1950,2
30064103,52557012,1950,2
30064104,52557012,1950,3
30064105,52557012,1950,3
30064106,52557012,1950,3
30064107,53351175,1960,
30064112,53351175,1970,2
30064114,53351175,1960,3
30064120,53111656,1960,0
30064122,53111656,1960,0
30064126,53111656,1960,2
30064128,52557131,1930,-1
30064129,52557131,1930,
30064130,52557131,1930,
30064131,52557131,1930,1
30064132,52557131,1930,1
30064133,52557131,1930,2
30064134,52557131,1930,2
30064135,52557131,1930,3
30064136,52557131,1930,3
30064141,53339857,1960,-1
30064148,53339857,1960,1
30064157,52442600,1930,1
30064160,52442600,1930,2
30064161,52442600,1930,2
30064167,52587057,1940,0
30064170,52587057,1940,2
30064172,52587057,1940,0
30064184,52551135,1970,0
30064185,52551135,1970,0
30064187,52551135,1970,1
30064190,52551135,1970,3
30064194,53318494,1950,0
30064198,53318494,1950,1
30064200,53318494,1950,1
30064205,53318494,1950,2
30064206,53318494,1950,3
30064207,53318494,1950,3
30064208,53318494,1950,3
30064218,52587466,1970,3
30064234,52557038,1940,1
30064235,52557038,1940,1
30064236,52557038,1940,2
30064238,52557038,1940,3
30064239,52557038,1940,3
30064242,52589658,1960,0
30064247,52589658,1960,1
30064253,52589658,1960,3
30064259,52504245,1970,0
30064265,52504245,1970,1
30064266,52504245,1970,1
30064268,52504245,1970,1
30064271,52504245,1970,0
30064273,52504245,1970,2
30064274,52504245,1970,2
30064275,52504245,1970,2
30064276,52504245,1970,3
30064277,52504245,1970,3
30064283,52562635,1960,0
30064291,52595124,1950,0
30064292,52595124,1950,0
30064293,52595124,1950,1
30064295,52595124,1950,1
30064296,52595124,1950,2
30064298,52595124,1950,2
30064300,52412736,1950,-1
30064301,52412736,1950,0
30064302,52412736,1950,0
30064304,52412736,1950,0
30064305,52412736,1950,1
30064306,52412736,1950,1
30064308,52412736,1950,2
30064314,52443083,1950,0
30064319,52443083,1950,2
30064323,52504334,1950,-1
30064329,52504334,1950,0
30064330,52504334,1950,1
30064331,52504334,1950,1
30064333,52504334,1950,1
30064338,52504334,1950,3
30064339,52504334,1950,3
30064349,52587095,1950,1
30064352,52587095,1950,1
30064354,52587095,1950,2
30064355,52587095,1950,2
30064357,52587095,1950,2
30064359,52527416,1960,-1
30064361,52527416,1960,0
30064362,52527416,1960,0
30064364,52527416,1960,0
30064371,52527416,1960,2
30064377,52556246,1950,0
30064378,52556246,1950,0
30064379,52556246,1950,0
30064381,52556246,1950,1
30064385,52586429,1950,
30064386,52586429,1950,
30064388,52586429,1950,0
30064389,52586429,1950,1
30064395,52586429,1950,3
30064396,52586429,1950,3
30064397,52586429,1950,3
30064402,52396404,1959,0
30064415,52540835,1950,1
30064417,52540835,1950,1
30064421,52540835,1950,2
30064422,52540835,1950,3
30064425,52540835,1950,3
30064427,52986416,1960,1
30064437,53337033,1950,3
30064443,53020187,1960,1
30064445,53020187,1960,2
30064447,53020187,1960,2
30064448,53020187,1960,2
30064450,53020187,1960,3
30064454,52529087,1945,0
30064457,52529087,1960,1
30064458,52529087,1945,2
30064462,53322192,1952,0
30064465,53322192,1952,1
30064466,53322192,1952,1
30064472,53322192,1952,3
30064479,53096556,1957,1
30064482,53096556,1957,2
30064483,53096556,1957,2
30064490,52401189,1950,1
30064494,52561798,1940,2
30064499,52449041,1950,0
30064502,52449041,1950,1
30064503,52449041,1950,1
30064505,52449041,1950,1
30064508,52449041,1950,2
30064509,52449041,1950,2
30064513,52449041,1950,3
30064520,53348289,1960,2
30064521,53348289,1960,3
30064529,52594227,1960,1
30064533,52594227,1960,2
30064541,52586497,1960,1
30064546,52586497,1960,
30064552,52586497,1960,3
30064556,52557325,1950,
30064557,52557325,1950,0
30064558,52557325,1950,0
30064561,52557325,1950,1
30064565,52557325,1950,2
30064566,52557325,1950,2
30064568,52557325,1950,3
30064569,52557325,1950,3
30064570,52557325,1950,3
30064572,53338255,1960,0
30064574,53338255,1960,1
30064575,53338255,1960,2
30064577,53338255,1960,0
30064586,53125159,1920,0
30064592,53125159,1920,1
30064596,52552162,1950,-1
30064599,52552162,1950,0
30064602,52552162,1950,1
30064604,52552162,1950,2
30064605,52552162,1950,2
30064608,52552162,1950,
30064610,53343979,1932,0
30064617,53343979,1932,1
30064627,52584345,1969,3
30064636,52440714,1950,-1
30064643,52440714,1950,1
30064647,52440714,1950,2
30064648,52442768,1939,2
30064650,52510262,1948,0
30064653,52510262,1948,1
30064661,52587540,1962,0
30064662,52587540,1962,1
30064666,52587540,1962,2
30064667,52587540,1962,2
30064670,53338155,1960,0
30064671,53338155,1960,0
30064681,52585398,1960,0
30064682,52585398,1960,1
30064683,52433118,1960,1
30064684,52433118,1960,2
30064685,52433118,1960,2
30064686,52585398,1960,3
30064687,52433118,1960,3
30064692,52397991,1960,0
30064697,52397991,1960,1
30064700,52397991,1960,2
30064705,52433118,1950,1
30064706,52433118,1950,1
30064708,52433118,1950,2
30064717,52396501,1960,0
30064720,52396501,1960,2
30064725,52551035,1950,1
30064727,52551035,1950,2
30064733,53315268,1960,0
30064734,53315268,1960,1
30064737,53315268,1960,2
30064738,53315268,1960,2
30064739,53315268,1960,2
30064767,52550176,1960,
30064768,52550176,1960,-1
30064770,52550176,1950,0
30064771,52550176,1960,1
30064773,52550176,1960,2
30064774,52550176,1960,2
30064788,52481146,1960,0
30064789,52481146,1960,0
30064790,52481146,1960,0
30064791,52481146,1960,1
30064796,52481146,1960,2
30064798,52481146,1960,2
30064800,52481146,1960,3
30064801,52481146,1960,3
30064802,52481146,1960,3
30064803,52481146,1960,4
30064804,52481146,1960,4
30064805,52481146,1960,4
30064806,52481146,1960,4
30064807,52481146,1960,5
30064810,52481146,1960,1
30064827,52417108,1950,
30064841,52956923,1950,0
30064845,52956923,1950,1
30064846,52956923,1950,2
30064850,52956923,1950,3
30064852,52956923,1950,3
30064861,52517254,1940,1
30064862,52517254,1940,2
30064864,52517254,1940,2
30064866,52517254,1940,3
30064867,52517254,1940,3
30064872,53013448,1950,1
30064874,53013448,1950,1
30064887,52399708,1950,3
30064890,52518066,1960,
30064893,52518066,1960,1
30064895,52518066,1960,2
30064901,53332235,1975,1
30064904,52592335,1950,1
30064906,53342672,1960,
30064907,53342672,1960,
30064909,53342672,1960,0
30064910,53342672,1960,1
30064911,53342672,1960,1
30064912,53342672,1960,
30064915,53343440,2012,
30064923,52557329,1950,1
30064934,52556995,1930,1
30064945,52556995,1930,0
30064946,52556995,1930,0
30064947,52556995,1930,1
30064951,52556995,1930,3
30064956,52503022,1950,-1
30064957,52503022,1950,-1
30064964,52503022,1950,2
30064966,52503022,1950,3
30064967,52503022,1950,3
30064968,52503022,1950,3
30064970,52537025,1960,-1
30064971,52537025,1960,-1
30064972,52537025,1960,-1
30064973,52537025,1960,0
30064977,52537025,1960,0
30064980,52537025,1960,1
30064981,52537025,1960,1
30064982,52537025,1960,1
30064984,52537025,1960,1
30064985,52537025,1960,2
30064986,52537025,1960,2
30064987,52537025,1960,2
30064988,52537025,1960,2
30064993,52537025,1960,3
30064994,52537025,1960,3
30064999,52400970,1950,1
30065001,52400970,1950,1
30065004,52400970,1950,3
30065005,52400970,1950,3
30065019,52443044,1970,0
30065034,52585531,1950,1
30065037,52585531,1950,2
30065040,52585531,1950,3
30065043,52585531,1950,3
30065051,53343285,1950,1
30065052,53343285,1950,1
30065054,53343285,1950,1
30065057,53343285,1950,2
30065058,53343285,1950,3
30065061,53349949,1930,0
30065062,53349949,1930,0
30065073,52450310,1950,
30065086,53339759,2005,0
30065104,52586929,1930,0
30065124,52401461,1970,2
30065130,52587011,1930,1
30065142,53344758,1950,0
30065147,53344758,1950,2
30065148,53344758,1950,2
30065149,53344758,1950,2
30065156,53108163,1950,1
30065160,52526023,1950,1
30065164,52593712,1950,0
30065165,52593712,1950,0
30065166,52593712,1950,1
30065167,52593712,1950,1
30065168,52593712,1950,2
30065169,52593712,1950,2
30065174,52513120,1960,0
30065182,52513120,1960,0
30065183,52513120,1960,1
30065184,52513120,1960,2
30065186,52503027,2009,2
30065193,52552008,1998,2
30065204,52452459,1950,1
30065206,52452459,1950,2
30065212,53338235,1950,0
30065215,53338235,1950,2
30065231,52549699,1950,0
30065235,52549699,1950,1
30065236,52549699,1950,1
30065242,52549699,1950,3
30065244,52549699,1950,3
30065245,52549699,1950,3
30065249,52443190,1960,1
30065253,52443190,1960,3
30065264,53349026,1930,
30065266,52503914,1940,0
30065272,52503914,1940,1
30065276,52598813,1950,2
30065284,52529879,1950,1
30065287,52529879,1950,2
30065299,52600592,1970,2
30065303,52600592,1970,3
30065309,52587785,1950,1
30065311,52587785,1950,1
30065312,52587785,1950,2
30065317,52587785,1950,3
30065324,53094371,1955,3
30065337,52604425,1930,2
30065340,52516187,1950,
30065342,52516187,1950,0
30065344,52516187,1950,1
30065345,52516187,1950,1
30065356,53118087,1940,1
30065357,53118087,1940,1
30065358,53118087,1940,1
30065371,52587808,1940,-1
30065372,52587808,1940,-1
30065373,52587808,1940,0
30065374,52587808,1940,1
30065375,52587808,1940,1
30065376,52587808,1940,2
30065377,52587808,1940,2
30065378,52587808,1940,3
30065381,53331269,1930,-1
30065387,53331269,1930,2
30065388,53331269,1930,2
30065395,52591798,1960,1
30065404,52453389,1950,1
30065405,52453389,1950,1
30065406,52453389,1950,2
30065408,52522738,1950,3
30065431,52493312,1960,-1
30065434,52493312,1960,1
30065435,52493312,1960,1
30065436,52493312,1960,2
30065437,52493312,1960,2
30065446,52413310,1973,1
30065449,52413310,1973,2
30065450,52413310,1973,3
30065451,52413310,1973,3
30065454,52442974,1950,-1
30065458,52442974,1950,0
30065461,52442974,1950,0
30065462,52442974,1950,1
30065463,52442974,1950,1
30065464,52442974,1950,1
30065466,52442974,1950,2
30065468,52442974,1950,2
30065470,52442974,1950,3
30065473,52556264,1960,1
30065475,52556264,1960,
30065476,52556264,1960,
30065478,52556264,1960,
30065486,53350364,1950,
30065488,53350364,1950,1
30065491,53350364,1950,2
30065492,53350364,1950,2
30065495,53350364,1950,3
30065496,53350364,1950,3
30065509,52402328,1920,2
30065510,52402328,1920,2
30065517,52563791,1950,0
30065521,52563791,1950,1
30065525,52563791,1950,2
30065528,52563791,1950,3
30065536,52977255,2009,0
30065538,52977255,2009,3
30065541,52586640,1930,-1
30065543,52586640,1930,0
30065544,52586640,1930,1
30065545,52586640,1930,1
30065547,52586640,1930,2
30065556,52449429,1950,0
30065567,52449429,1950,3
30065570,52449429,1950,3
30065571,52449429,1950,3
30065573,52549720,1948,0
30065584,52594408,1955,-1
30065587,52594408,1955,1
30065596,53416906,1960,2
30065598,53348039,1950,
30065600,53348039,1950,0
30065601,53348039,1950,0
30065603,53348039,1950,1
30065604,53348039,1950,1
30065605,53348039,1950,1
30065608,53348039,1950,2
30065609,53348039,1950,2
30065612,52517255,1950,0
30065619,52517255,1950,1
30065621,52517255,1950,2
30065622,52517255,1950,2
30065623,52517255,1950,2
30065625,52517255,1950,3
30065626,52517255,1950,3
30065627,52517255,1950,3
30065632,53318658,1960,2
30065635,53322224,1960,1
30065643,53322224,1960,4
30065645,53322224,1960,4
30065646,53323362,2012,3
30065648,53340132,1950,0
30065649,53340132,1950,0
30065650,53340132,1950,0
30065651,53340132,1950,0
30065652,53340132,1950,0
30065656,53340132,1950,1
30065657,53340132,1950,2
30065666,52521846,1970,1
30065667,52521846,1970,1
30065671,52414226,1950,-1
30065672,52414226,1950,0
30065676,52414226,1950,1
30065679,52414226,1950,2
30065682,65044329,1930,1
30065683,65044329,1930,1
30065684,65044329,1930,1
30065685,65044329,1930,2
30065686,65044329,1930,2
30065687,65044329,1930,3
30065690,52527088,2012,0
30065692,52527088,1960,0
30065693,52527088,1960,1
30065694,52527088,1960,1
30065696,52527088,1960,2
30065697,52527088,1960,
30065701,53351247,1960,-1
30065703,53351247,1950,0
30065708,53351247,1960,2
30065709,53351247,1950,3
30065710,53351247,1960,3
30065713,52400730,1976,1
30065714,52400730,1976,1
30065719,52400730,1976,4
30065727,53315123,1960,0
30065729,53315123,1960,1
30065736,52564065,1950,
30065737,52564065,1950,
30065738,52564065,1950,1
30065739,52564065,1950,1
30065743,52564065,1950,2
30065744,52564065,1950,3
30065746,52564065,1950,3
30065749,52493313,1958,0
30065750,52493313,1958,1
30065752,52493313,1958,2
30065754,52493313,1958,2
30065755,52493313,1958,3
30065756,52493313,1958,3
30065760,52551017,1950,0
30065764,52400260,1960,1
30065766,52400260,1960,2
30065767,52400260,1960,2
30065778,53003247,1960,2
30065782,52396299,2009,0
30065783,52396299,2008,1
30065785,52396299,2008,2
30065786,52396299,2009,3
30065787,52396299,2009,3
30065790,52563667,1960,-1
30065795,52563667,1960,0
30065800,52563667,1960,1
30065802,52563667,1960,2
30065804,52563667,1960,2
30065807,52563667,1960,3
30065809,52563667,1960,3
30065825,52600551,1970,2
30065829,53335685,1950,-1
30065831,53335685,1950,-1
30065836,53335685,1950,0
30065841,53335685,1950,1
30065844,53335685,1950,2
30065846,53335685,1950,2
30065852,52397910,1970,0
30065855,52397910,1970,1
30065874,52550476,1920,3
30065900,53177517,1950,0
30065902,53177517,1950,1
30065904,53177517,1950,2
30065908,53177517,1950,3
30065910,53177517,1950,3
30065920,52600545,1960,2
30065922,52600545,1960,2
30065923,52600545,1960,2
30065925,52443155,1950,0
30065926,52443155,1950,0
30065929,52443155,1950,1
30065930,52443155,1950,1
30065933,52443155,1950,2
30065938,52594622,1950,1
30065939,52594622,1950,1
30065953,52594622,1950,4
30065955,53344850,1940,0
30065956,53344850,1940,0
30065961,52598833,1960,-1
30065962,52598833,1960,-1
30065966,52598833,1960,1
30065973,52456665,1950,0
30065974,52456665,1950,0
30065977,52456665,1950,1
30065980,52456665,1950,2
30065981,52456665,1950,2
30065983,52456665,1950,3
30065984,52456665,1950,3
30065994,53332370,1958,0
30065995,53332370,1958,0
30065996,53332370,1958,0
30065997,53339856,1960,0
30065998,53339856,1960,0
30066001,53332370,1958,1
30066004,53339856,1960,1
30066007,53332370,1958,2
30066009,53339856,1960,2
30066012,53332370,1958,3
30066014,53332370,1958,3
30066017,52433000,1950,-1
30066025,52433000,1950,2
30066035,52562815,1950,0
30066038,52562815,1950,1
30066042,52562815,1950,2
30066048,52551313,1950,3
30066051,52551313,1950,3
30066054,52551313,1950,1
30066056,52551313,1950,2
30066062,52551313,1950,-1
30066085,52551089,1950,0
30066086,52551089,1950,1
30066088,52551089,1950,1
30066098,52401680,1930,1
30066100,52401680,1930,2
30066105,52543550,1950,-1
30066127,52543550,1950,1
30066135,52543550,1950,3
30066142,52604294,1960,0
30066148,52604294,1960,2
30066152,52585543,1950,4
30066154,52529862,1933,0
30066155,52529862,1933,1
30066160,52986318,1950,3
30066161,53315493,1960,5
30066167,53315493,1960,2
30066184,52426069,1970,
30066185,52555392,1960,3
30066187,52584187,1950,
30066189,52584187,1950,
30066192,52584187,1950,1
30066197,52584187,1950,2
30066202,52548892,1950,1
30066205,52548892,1950,3
30066210,52587060,1970,
30066213,53347339,1950,
30066214,52402167,1970,1
30066215,52508806,1969,1
30066216,52429093,1970,4
30066217,52550990,1970,3
30066218,52550113,1970,2
30066219,53349027,1970,
30066227,52591821,1960,1
30066228,52412673,1952,2
30066238,52599634,1930,1
30066246,52550494,1960,1
30066249,53151963,1950,3
30066273,52560038,1990,1
30066274,52560038,1990,2
30066280,52567031,1950,
30066281,52586643,1950,3
30066283,53348454,1960,1
30066302,52529976,1970,3
30066304,52522717,1960,6
30066315,52549841,1991,1
30066317,52549841,1991,1
30066328,52549841,1991,2
30067006,52441513,1970,
30067013,52600574,1950,1
30067018,52600574,1950,1
30067019,52600574,1950,
30067024,52600574,1950,
30067050,52536023,1940,
30067054,52536023,1940,
30067057,52536023,1940,0
30067063,52536023,1940,2
30067064,52536023,1940,3
30067065,52555405,1970,
30067069,52555405,1970,
30067079,53333898,1970,
30067086,53097986,1938,1
30067089,53097986,1938,1
30067092,52519608,1950,
30067112,52443994,1920,
30067115,52443994,1920,1
30067132,52542589,1930,1
30067136,52542589,1930,0
30067138,52542589,1930,0
30067145,52584188,1970,
30071080,52654821,1940,-1
30071081,52654821,1940,0
30071083,52654821,1940,1
30071114,53146077,1930,0
30071117,52703001,1940,3
30071139,53326505,1997,1
30071155,52464319,1980,1
30071163,52464319,1980,3
30071167,52464319,1980,4
30071170,52464319,1980,5
30071171,52464319,1980,5
30071172,52464319,1980,5
30071177,52464319,1980,7
30071181,52464319,1980,8
30071187,52464319,1980,9
30071189,52464319,1980,10
30071191,52464319,1980,10
30071194,52464319,1980,
30071196,52464319,1980,
30071198,52658156,1970,1
30071201,52658156,1970,1
30071202,52658156,1970,2
30071206,52658156,1970,3
30071207,52658156,1970,3
30071208,52658156,1970,3
30071209,52658156,1970,3
30071210,52658156,1970,4
30071214,52658156,1970,5
30071218,52658156,1970,6
30071220,52658156,1970,6
30071223,52658156,1970,7
30071226,52658156,1970,8
30071233,52658156,1970,9
30071234,52658156,1970,10
30071236,52658156,1970,10
30071238,52658156,1970,
30071239,52658156,1970,
30071250,52682476,1980,1
30071258,52682476,1980,2
30071265,52682476,1980,3
30071283,52682476,1980,4
30071286,52682476,1980,5
30071300,52682476,1980,6
30071308,52682476,1980,7
30071310,52682476,1980,7
30071311,52682476,1980,7
30071312,52682476,1980,7
30071313,52682476,1980,7
30071320,52682476,1980,8
30071323,52682476,1980,8
30071330,52682476,1980,9
30071333,52682476,1980,9
30081300,53317277,1950,1
30081302,53317277,1950,1
30081306,53317277,1950,2
30081310,53317277,1950,3
30081315,53317277,1950,0
30081318,53317277,1950,0
30081320,53317277,1950,1
30081321,53317277,1950,1
30081325,53317277,1950,2
30081351,53317277,1950,2
30081353,53317277,1950,2
30081355,53317277,1950,3
30081356,53317277,1950,3
30081357,53317277,1950,3
30081358,53317277,1950,3
30081359,53317277,1950,4
30081360,53317277,1950,4
30081364,53317277,1950,4
30081374,52794295,1950,1
30081435,52645597,1950,0
30081437,52645597,1950,2
30081443,52645597,1950,0
30081445,52645597,1950,3
30081450,52645597,1950,1
30081451,52645597,1950,2
30081458,52462030,1960,2
30081462,52462030,1960,4
30081472,52462030,1950,0
30081484,52650088,1960,0
30081492,52650088,1960,1
30081493,52650088,1960,1
30081497,52650088,1960,2
30081499,52650088,1960,2
30081505,52650088,1960,3
30081506,52650088,1960,3
30081564,53317277,1950,
30081572,53331643,1950,1
30081577,53331643,1950,0
30081579,53331643,1950,0
30081580,53331643,1950,0
30081581,53331643,1950,0
30081582,53331643,1950,1
30081583,53331643,1950,1
30081584,53331643,1950,1
30081586,53331643,1950,2
30081587,53331643,1950,2
30081588,53331643,1950,2
30081590,53331643,1950,3
30081593,53331643,1950,3
30081594,53331643,1950,4
30081595,53331643,1950,4
30081596,53331643,1950,4
30081601,53016005,1997,-1
30081602,53016005,1997,-1
30081603,53016005,1997,0
30081604,53016005,1997,0
30081605,53016005,1997,1
30081606,53016005,1997,1
30081607,53016005,1997,2
30081629,52657662,1940,2
30081630,52405393,1930,3
30081665,52719107,1930,3
30081672,52716104,1960,0
30081680,52716104,1960,0
30081706,52464734,1950,1
30081709,52464734,1950,2
30081710,52464734,1950,2
30081713,52464734,1950,3
30081714,52464734,1950,3
30081722,52464734,1950,0
30081727,52464734,1950,1
30081729,52464734,1950,2
30081731,52464734,1950,3
30081732,52464734,1950,3
30081733,52464734,1950,3
30081734,52464734,1950,4
30081757,52648148,1950,1
30081766,52648148,1950,3
30081767,52648148,1950,4
30081770,52648148,1950,4
30081778,52648148,1950,0
30081780,52648148,1950,1
30081787,52648148,1950,2
30081788,52648148,1950,3
30081791,52648148,1950,3
30081793,52648148,1950,2
30081801,52794295,1950,0
30081802,52794295,1950,1
30081806,52794295,1950,2
30081809,52794295,1950,2
30081810,52794295,1950,3
30081811,52794295,1950,3
30081812,52794295,1950,3
30081813,52794295,1950,3
30081814,52794295,1950,4
30081817,52794295,1950,4
30081818,52794295,1950,0
30081825,52794295,1950,0
30081829,52794295,1950,2
30081841,52794295,1950,4
30081845,52794295,1950,3
30081964,53155984,1960,0
30081966,53155984,1960,0
30081967,53155984,1960,0
30081971,53155984,1960,1
30081972,53155984,1960,1
30081974,53155984,1960,1
30081975,53155984,1960,1
30081981,53155984,1960,2
30081983,53155984,1960,3
30081984,53155984,1960,3
30081986,53155984,1960,3
30081991,53155984,1960,4
30081992,53155984,1960,4
30082005,52769099,1998,1
30082516,52496816,1960,0
30082517,52496816,1960,0
30082518,52496816,1960,0
30082519,52496816,1960,0
30082522,52496816,1960,1
30082527,52496816,1960,1
30082541,52666619,1960,1
30082542,52666619,1960,2
30082543,52666619,1960,2
30082555,52451726,1925,
30082561,52794222,1960,1
30082608,52646899,1950,0
30082625,52646899,1950,2
30082627,52646899,1950,2
30082628,52646899,1950,
30082636,52646899,1950,0
30082639,52646899,1950,1
30082640,52646899,1950,1
30082658,52793418,1950,0
30082663,52793418,1950,1
30082703,53363401,1920,1
30082708,53361227,1960,-1
30082727,52666969,1965,0
30082733,52666969,1965,
30082796,52489430,1920,-1
30082818,52648203,1950,0
30082823,52648203,1950,1
30082826,52648203,1950,2
30082827,52648203,1950,2
30082830,52648203,1950,2
30082836,53172914,1985,0
30082841,53172914,1985,2
30082845,53172914,1985,4
30082848,53172914,1985,0
30082849,53172914,1985,0
30082858,53172914,1985,5
30082872,53172914,1985,0
30082875,53172914,1985,1
30082877,53172914,1985,2
30082904,53172914,1985,0
30082907,53172914,1985,1
30082908,53172914,1985,2
30082928,53172914,1985,2
30082936,53172914,1985,1
30082942,53172914,1985,4
30082958,52490125,1960,-1
30082959,52490125,1960,1
30082960,52490125,1960,1
30082962,52490125,1960,2
30082963,52490125,1960,2
30082966,52490125,1960,3
30082967,52490125,1960,3
30082973,52766838,1970,1
30082994,52650464,1960,
30083000,52701990,1995,
30083002,52701990,1995,4
30083012,52701990,1995,1
30083015,52701990,1995,-1
30083016,52701990,1995,1
30083023,52701990,1995,0
30083024,52701990,1995,0
30083031,52701990,1995,2
30083033,52701990,1995,2
30083034,52701990,1995,2
30083039,52701990,1995,2
30083052,52701990,1995,5
30083053,52701990,1995,5
30083069,52701990,1995,8
30083071,52701990,1995,8
30083077,52701990,1995,9
30083081,52701990,1995,9
30083089,52701990,1995,0
30083091,52701990,1995,0
30083092,52701990,1995,0
30083108,52405431,1970,0
30083112,52405431,1970,2
30083132,52466793,1970,0
30083133,52466793,1960,0
30083135,52466793,1970,-1
30083136,52466793,1970,-1
30083137,52466793,1960,-1
30083138,52466793,1970,1
30083140,52466793,1960,1
30083142,52658090,1940,-1
30083148,52658090,1940,2
30083151,52646901,1970,0
30083161,52404668,1960,0
30083162,52404668,1960,0
30083163,52404668,1960,0
30083164,52404668,1960,1
30083166,52404668,1960,1
30083167,52404668,1960,2
30083168,52404668,1960,2
30083169,52404668,1960,2
30083175,52793375,1995,1
30083177,52698315,1970,
30083180,52538399,1960,0
30083191,52753715,1970,2
30083196,52663582,1960,1
30083204,52793868,1940,0
30083212,52791326,1930,1
30083213,52791326,1930,1
30083214,52791326,1930,2
30083215,52791326,1930,2
30083217,52791326,1930,2
30083218,52791326,1930,
30083219,52791326,1930,
30083227,52702550,1930,1
30083230,52702550,1930,1
30083236,52652165,1976,2
30083237,52652165,1976,2
30083238,52652165,1976,2
30083245,53104311,1970,0
30083246,53104311,1970,0
30083247,53104311,1970,0
30083248,53104311,1970,1
30083249,53104311,1970,1
30083250,53104311,1970,1
30083251,53104311,1970,2
30083252,53104311,1970,2
30083256,53104311,1970,3
30083257,53104311,1970,3
30083265,52761396,1930,0
30083266,52761396,1930,1
30083267,52761396,1930,1
30083276,52404671,1933,
30083283,52653504,1948,1
30083284,52653504,1948,1
30083285,52653504,1948,
30083287,52662975,1970,0
30083288,52662975,1970,0
30083290,52662975,1970,1
30083296,52666829,1950,0
30083298,52666829,1950,0
30083300,52666829,1950,1
30083305,52690424,1970,1
30083306,52690424,1970,1
30083307,52690424,1970,1
30083308,52690424,1970,2
30083309,52690424,1970,2
30083313,52794853,1933,1
30083314,52795558,1938,2
30083316,53386853,1960,0
30083318,53386853,1960,1
30083331,52679065,1950,0
30083335,52679065,1950,1
30083339,52679065,1950,2
30083343,52679065,1950,3
30083349,52702913,1950,2
30083352,52702913,1950,3
30083356,52645612,1950,0
30083360,53386982,1950,1
30083379,52490333,1950,2
30083381,52677668,1970,0
30083383,52677668,1970,0
30083384,52677668,1970,0
30083385,52677668,1970,1
30083389,52677668,1970,
30083401,52679003,1960,
30083402,52679003,1960,1
30083430,52679003,1960,0
30083433,52794387,1920,1
30083438,52794387,1920,1
30083462,52514378,1938,
30083465,52514378,1938,0
30083466,52514378,1938,0
30083470,52514378,1938,2
30083471,52514378,1938,3
30083479,52648192,1940,0
30083480,52648192,1940,0
30083481,52648192,1940,0
30083482,52648192,1940,2
30083483,52648192,1940,2
30083486,52553805,1930,1
30083489,52553805,1930,2
30083490,52553805,1930,3
30083494,52679003,1960,1
30083516,52794326,1960,0
30083521,52794326,1960,1
30083524,52794326,1960,1
30083528,52794326,1960,1
30083529,52794326,1960,1
30083534,52794326,1960,2
30083536,52794326,1960,2
30083539,52794326,1960,2
30083542,52794326,1960,3
30083548,52794326,1960,3
30083559,53366343,1970,0
30083561,53366343,1970,0
30083563,53366343,1970,1
30083564,53366343,1970,1
30083566,53366343,1970,1
30083567,53366343,1970,2
30083568,53366343,1970,2
30083570,53366343,1970,2
30083573,53366343,1970,3
30083574,53366343,1970,3
30083575,53366343,1970,3
30083576,53366343,1970,3
30083582,52543953,1960,0
30083587,52543953,1960,1
30083588,52543953,1960,1
30083596,52543953,1960,3
30083601,53360773,1960,0
30083604,53360773,1960,0
30083610,53360773,1960,1
30083612,53360773,1960,1
30083616,53360773,1960,1
30083618,53360773,1960,2
30083621,53360773,1960,2
30083623,53360773,1960,2
30083624,53360773,1960,2
30083631,53360773,1960,3
30083632,53360773,1960,3
30083634,52657661,1950,-1
30083638,52657661,1950,0
30083639,52657661,1950,0
30083641,52657661,1950,0
30083642,52657661,1950,0
30083644,52657661,1950,1
30083650,52657661,1950,2
30083651,52657661,1950,2
30083652,52657661,1950,2
30083655,52657661,1950,2
30083656,52657661,1950,2
30083658,52646436,1970,0
30083661,52657661,1950,1
30083663,52657661,1950,2
30083669,52648003,1950,1
30083672,52648003,1950,2
30083683,52646469,1960,1
30083685,52646469,1960,0
30083688,52703370,1930,1
30083695,52792756,1950,0
30083697,52792756,1950,0
30083700,52792756,1950,1
30083701,52792756,1950,1
30083702,52792756,1950,1
30083711,52661923,1950,0
30083713,52661923,1950,0
30083714,52661923,1950,0
30083718,52661923,1950,0
30083723,52661923,1950,0
30083724,52661923,1950,0
30083725,52661923,1950,0
30083729,52661923,1950,0
30083730,52661923,1950,0
30083738,52661923,1950,0
30083740,52661923,1950,0
30083745,52661923,1950,1
30083753,52661923,1950,1
30083754,52661923,1950,1
30083768,52661923,1950,1
30083769,52661923,1950,1
30083770,52661923,1950,1
30083771,52661923,1950,1
30083774,52661923,1950,2
30083776,52661923,1950,2
30083778,52661923,1950,2
30083782,52661923,1950,2
30083783,52661923,1950,2
30083784,52661923,1950,2
30083785,52661923,1950,2
30083794,52661923,1950,2
30083795,52661923,1950,2
30083796,52661923,1950,2
30083797,52661923,1950,2
30083799,52661923,1950,2
30083800,52661923,1950,1
30083803,52661923,1950,0
30083805,52661923,1950,0
30083809,52661923,1950,1
30083890,52685854,2007,2
30083895,52685854,2007,2
30084046,52656518,2006,2
30084049,52656518,2006,7
30084050,52656518,2006,4
30084053,52656518,2006,6
30084055,52656518,2006,7
30084056,52656518,2006,7
30084068,52656518,2006,4
30084072,52656518,2006,6
30084073,52656518,2006,7
30084087,52656518,2006,5
30084088,52656518,2006,5
30084092,52656518,2006,7
30084109,53069493,2003,3
30084112,52690859,1960,1
30084121,52432143,1960,0
30084122,52432143,1960,1
30084123,52432143,1960,1
30084124,52432143,1960,1
30084125,52432143,1960,2
30084127,52432143,1960,2
30084141,52553869,1930,0
30084142,52553869,1930,0
30084144,53173311,1950,1
30084145,53173311,1950,1
30084152,53173311,1950,3
30084156,52455909,1950,1
30084174,52460195,1925,0
30084175,52460195,1925,0
30084176,52460195,1925,1
30084234,52753500,1950,2
30084238,52400268,1970,0
30084240,52400268,1970,0
30084241,52400268,1970,0
30084254,52435084,1940,0
30084255,52435084,1940,0
30084282,52538463,1930,-1
30084610,52650073,2017,1
30084627,52650073,1970,7
30085339,53324176,1970,1
30085343,52646638,1970,1
30085351,52646638,1970,3
30085352,52646638,1970,3
30085354,52646638,1970,3
30085356,52646638,1970,4
30085365,52432699,1971,1
30085376,52432699,1971,3
30085389,52443694,1950,3
30085391,52443694,1950,4
30085393,52443694,1950,4
30085397,52463923,1970,4
30085409,53323968,1970,3
30085412,52466801,1970,4
30085413,52466801,1970,4
30085416,53320820,1960,1
30085437,52663378,1960,3
30085439,52663378,1960,3
30085486,52461968,1970,1
30085493,52461968,1970,3
30085494,52461968,1970,3
30085507,52427482,1970,2
30085521,52585492,1975,2
30085526,52459721,1970,0
30085529,52459721,1970,2
30085581,52460720,1970,1
30085583,52460720,1970,2
30085623,52464964,1960,0
30085624,52464964,1960,1
30085641,52602914,1960,3
30085654,52958899,1970,1
30085661,52411389,1950,0
30085664,52411389,1950,0
30085666,52411389,1950,1
30085667,52411389,1950,1
30085676,52461254,1950,0
30085680,52461254,1950,1
30085681,52461254,1950,1
30085683,52461254,1950,1
30085728,53114007,1960,1
30085730,53114007,1960,2
30085736,53114007,1960,0
30085737,53114007,1960,0
30085744,53114007,1960,1
30085748,53114007,1960,2
30085752,53114007,1960,2
30085760,52464941,1950,-1
30085763,52464941,1950,0
30085776,53321150,1940,-1
30085777,53321150,1940,-1
30085794,52659384,1950,2
30085796,52659384,1950,3
30085798,52537567,1960,1
30085803,52432075,1993,3
30085810,53322203,1960,1
30085819,52410133,1950,1
30085824,52495268,1950,0
30085832,52463572,1960,2
30085836,52408642,1953,0
30085838,52408642,1953,1
30085839,52408642,1953,1
30085840,52408642,1953,1
30085845,52408642,1953,2
30085855,53320506,1950,1
30085896,52429484,1967,0
30085897,52429484,1967,1
30085899,52429484,1967,2
30085904,52965512,1960,1
30085912,52661541,1970,1
30085914,52661541,1970,1
30085926,52661541,1970,3
30085935,52587746,1940,-1
30085944,52587746,1940,2
30085948,53321230,1960,0
30085949,53321230,1960,0
30085956,52466775,1930,1
30085963,52462089,1980,0
30085968,52462089,1980,2
30085972,52443354,1960,-1
30085976,52443354,1960,1
30085980,52443354,1960,2
30085995,52647881,1950,1
30085997,52647881,1950,2
30086356,52968831,1999,0
30086361,52968831,1999,3
30086362,52968831,1999,3
30086365,52968831,1999,5
30086366,52968831,1999,5
30086377,52968831,1999,3
30086382,52968831,1999,6
30086390,52968831,1999,3
30086401,52968831,1999,8
30086405,52968831,1999,4
30086418,52494700,2003,1
30086503,53125267,1960,1
30086519,52463537,1960,0
30086541,52967313,1960,1
30086641,52460213,1960,3
30086644,52460213,1960,3
30086712,52987423,1960,3
30086732,52446639,1970,3
30086914,52647208,1960,0
30086916,52647208,1960,0
30086917,52647208,1960,1
30086919,52647208,1960,1
30086948,52461639,1935,5
30086951,52538469,1950,1
30086956,52437162,1920,1
30086965,52537475,1960,2
30086968,52431167,1979,
30086975,52459719,1995,4
30086978,52667394,1960,
30086979,52667394,1960,
30086980,52667394,1960,0
30086981,52667394,1960,0
30086982,52667394,1960,1
30086983,52667394,1960,1
30086990,52425837,1970,3
30086993,52461029,1950,-1
30086994,52461029,1950,0
30087002,52401855,1960,2
30087003,52401855,1960,2
30087004,52401855,1960,3
30087008,52648261,1970,0
30087009,52648261,1970,0
30087011,52648261,1970,1
30087014,52648261,1970,3
30087018,53351685,1950,-1
30087020,53351685,1950,0
30087021,53351685,1950,1
30087026,52438460,1950,1
30087030,52438460,1950,3
30087040,52445300,1950,-1
30087042,52445300,1950,0
30087044,52445300,1950,1
30087047,53340192,1950,
30087048,53340192,1950,0
30087053,53340192,1950,1
30087055,53340192,1950,2
30087056,53340192,1950,2
30087057,53340192,1950,2
30087058,53340192,1950,3
30087059,53340192,1950,3
30087060,52441606,1950,1
30087062,52602525,1940,2
30087063,52602525,1940,1
30087065,52537580,1960,0
30087066,52537580,1960,0
30087068,52537580,1960,1
30087069,52537580,1960,2
30087071,52656749,1970,-1
30087072,52656749,1970,0
30087073,52656749,1970,0
30087074,52656749,1970,1
30087075,52656749,1970,1
30087076,52656749,1970,2
30087077,53069469,1940,1
30087081,52493189,1940,1
30087082,52493189,1940,1
30087090,52450409,1970,1
30087101,52450467,1954,-1
30087102,52450467,1950,-1
30087103,52450467,1950,0
30087104,52450467,1954,0
30087105,52450467,1954,1
30087106,52450467,1954,1
30087107,52450467,1954,2
30087109,52450467,1954,3
30087111,52464912,1950,2
30087121,53351685,1950,3
30087153,53130382,1930,0
30087154,53130382,1930,1
30087155,53130382,1930,1
30087180,52448364,1990,1
30087202,52449729,1970,3
30087204,52449729,1970,4
30087208,52465384,1985,2
30087209,53098991,1980,
30087210,52429068,1980,1
30087215,52603462,1960,0
30087229,52603462,1960,3
30087235,52415892,1990,3
30087238,52458210,1987,1
30087239,52459158,1988,2
30087240,53359377,1960,3
30087251,52446435,2000,1
30087265,52439562,1986,2
30087266,52437402,1970,1
30087269,53148975,1970,0
30087270,53148975,1970,0
30087273,53148975,1970,1
30087274,53148975,1970,1
30087275,53148975,1970,2
30087280,53148975,1970,3
30087281,53148975,1970,0
30087294,53148975,1970,3
30087303,53148975,1970,1
30087308,53148975,1970,2
30087310,53148975,1970,2
30087317,53148975,1970,4
30087318,53148975,1970,4
30087320,52404125,1990,3
30087323,52429891,1960,1
30087327,52429891,1960,3
30087329,52429891,1960,2
30087345,52490127,2000,1
30087352,52490127,2000,4
30087358,52490127,2000,7
30087888,52448808,1950,1
30087889,52448808,1950,1
30087895,53320937,1930,2
30087896,53320937,1930,2
30087901,52437460,1960,1
30087902,52437460,1960,1
30087903,52437460,1960,2
30087904,52437460,1960,2
30087905,52437460,1960,3
30087906,52437460,1960,3
30087909,52463530,1940,1
30087914,52460237,1950,0
30087915,52460237,1950,0
30087917,52460237,1950,1
30087919,52460237,1950,1
30087921,52460237,1950,2
30087923,52443356,1950,2
30087930,52647789,1950,2
30087935,52438674,1950,1
30087939,52957968,1980,0
30087943,52957968,1980,1
30087945,52442925,1950,0
30087946,52442925,1950,0
30087949,52442925,1950,2
30087951,53106785,1960,0
30087956,53103318,1960,1
30087984,52461201,1940,1
30087987,52461201,1940,3
30087989,52598121,1930,1
30087992,52659494,1950,0
30087994,52659494,1950,1
30087997,52797157,1970,0
30088000,52797157,1970,
30088004,52537884,1950,0
30088005,52537884,1950,1
30088008,52537884,1950,2
30088011,52668374,1920,0
30088015,52668374,1920,1
30088023,52668374,1920,4
30088024,52668374,1920,3
30088025,52668374,1920,3
30088026,52668374,1920,4
30088038,52766836,2009,1
30088046,52769158,1930,
30088047,52667759,2003,1
30088059,52581597,1970,0
30088065,52602765,1960,1
30088067,52602765,1960,2
30088081,52753544,1960,0
30088085,52753544,1960,1
30088095,52461985,1920,1
30088097,53316330,1920,0
30088098,53316330,1920,0
30088099,53316330,1920,1
30088100,53316330,1920,1
30088101,53316330,1920,2
30088104,52436570,1960,0
30088105,52436570,1960,0
30088114,52425975,1920,0
30088115,52425975,1920,0
30088117,52425975,1920,1
30088118,52425975,1920,2
30088121,52430599,1960,0
30088138,52432399,1960,0
30088140,52432399,1960,0
30088141,52432399,1960,1
30088143,52432399,1960,2
30088144,52432399,1960,2
30088148,52537956,1950,1
30088149,52537956,1950,1
30088151,52537956,1950,2
30088152,52537956,1950,2
30088160,52431825,2001,1
30088164,52431825,2001,3
30088174,53108204,1948,
30088218,52436183,1960,0
30088219,52436183,1960,1
30088220,52436183,1960,2
30088231,65041446,1950,2
30088240,52704323,1950,0
30088245,52704323,1940,0
30088249,52704323,1940,1
30088255,52665925,1920,1
30088259,52793354,1920,0
30088260,52793354,1960,0
30088261,52793354,1960,0
30088263,52793354,1920,2
30088267,52793354,1920,4
30088286,52537552,1950,0
30088301,52460399,1970,1
30088302,52460399,1970,1
30088307,52582613,1970,0
30088309,52582613,1970,2
30088313,52703420,1970,0
30088324,52445782,1950,0
30088325,52445782,1950,0
30088326,52445782,1950,0
30088329,52445782,1950,1
30088333,52445782,1950,2
30088765,52434534,1957,1
30088766,52434534,1957,1
30088770,52434534,1957,3
30088775,52603478,1930,1
30088778,52603478,1930,0
30088779,52603478,1930,2
30088782,52450949,1950,1
30088783,52450949,1950,1
30088785,52450949,1950,2
30088787,52450949,1950,3
30088788,52450949,1950,3
30088791,52450949,1950,4
30088796,52661046,1950,0
30088800,52661046,1950,2
30088805,53323316,1951,1
30088809,52703474,1950,0
30088814,52703474,1950,2
30088827,52493646,1960,0
30088829,52493646,1960,0
30088831,52493646,1960,1
30088832,52493646,1960,1
30088834,52493646,1960,2
30088835,52493646,1960,2
30088836,52493646,1960,3
30088837,52493646,1960,3
30088838,53453957,1960,1
30088840,53414696,1960,1
30088845,52992922,1960,1
30088847,52992922,1960,2
30088851,52433890,1910,2
30088852,52433890,1910,2
30088858,52443038,1960,1
30088859,52443038,1960,2
30088861,52443038,1960,3
30088862,52416238,1910,1
30088864,52453700,1930,
30088868,52453700,1930,1
30088871,52453700,1930,0
30088885,52457211,1960,1
30088893,52650082,1960,0
30088894,52650082,1960,0
30088895,52650082,1960,1
30088897,52650082,1960,1
30088898,52650082,1960,2
30088899,52650082,1960,2
30088901,52650082,1960,3
30088903,52650082,1960,4
30088905,52650082,1960,1
30088909,52667108,1960,0
30088912,52667108,1960,1
30088913,52667108,1960,1
30088914,52667108,1960,2
30088915,52667108,1960,2
30088916,52667108,1960,2
30088919,52667108,1960,4
30088923,52768179,1960,-1
30088926,52768179,1960,0
30088933,52443418,1930,0
30088934,52443418,1930,0
30088935,52443418,1930,1
30088936,52443418,1930,1
30088937,52443418,1930,1
30088941,52443418,1930,2
30088942,52443418,1930,2
30088944,52488713,1940,-1
30088947,52488713,1940,0
30088949,52488713,1940,0
30088951,52488713,1940,1
30088960,52466741,1950,3
30088968,52464001,1980,3
30088971,52702708,1960,0
30088973,52702708,1960,0
30088974,52702708,1960,0
30088975,52702708,1960,0
30088976,52702708,1960,0
30088979,52702708,1960,1
30088981,52702708,1960,2
30088983,53359931,1930,-1
30088987,53359931,1930,1
30088994,52462634,1960,0
30088995,52462634,1960,0
30089002,53314791,1960,0
30089003,53314791,1960,0
30089006,53314791,1960,1
30089009,53314791,1960,2
30089012,53314791,1960,2
30089014,53340199,1940,1
30089026,52397742,1970,1
30089030,52397742,1970,1
30089032,52397742,1970,2
30089033,52397742,1970,2
30089034,52397742,1970,3
30089035,52397742,1970,3
30089036,52397742,1970,4
30089037,52397742,1970,4
30089042,52658164,1950,1
30089048,52653386,1950,1
30089049,52653386,1950,1
30089050,52653386,1950,2
30089051,52653386,1950,2
30089052,52653386,1950,3
30089057,52451432,1940,1
30089062,52457039,1920,0
30089069,52457039,1920,
30089073,52556553,1938,2
30089076,52556553,1938,2
30089095,52445227,1960,2
30089096,52445227,1960,3
30089099,52806201,1960,0
30089100,52806201,1960,1
30089104,53114171,1950,1
30089106,53114171,1950,2
30089107,53114171,1950,2
30089108,53114171,1950,3
30089112,53126961,1960,0
30089116,53126961,1960,1
30089121,52489586,1935,0
30089122,52489586,1935,1
30089127,53085887,1940,0
30089129,53085887,1940,0
30089132,53085887,1940,1
30089133,53085887,1940,2
30089145,52408204,1995,1
30089147,52408204,1995,2
30089155,52648352,1980,3
30089156,52648352,1980,4
30089174,64986653,,
30089175,64986653,2012,0
30089176,64986653,2012,0
30089177,64986653,2012,1
30089185,64986653,2012,3
30089197,52429753,1989,1
30089202,53137390,1960,0
30089204,53137390,1960,1
30089206,53137390,1960,1
30089207,53137390,1960,2
30089222,52432156,1950,2
30089232,52431638,1962,1
30089238,52398222,1960,2
30089241,52398222,1960,3
30089249,52493168,1940,1
30089250,52493168,1940,2
30089254,53359672,,0
30089256,53359672,,1
30089260,52428582,1970,0
30089261,52428582,1970,0
30089264,52428582,1970,1
30089266,52428582,1970,1
30089271,52649694,2025,
30089274,52649694,2025,0
30089279,52649694,2025,5
30089290,53417079,1978,3
30089295,52433232,1950,1
30089296,52433232,1950,1
30089297,52433232,1950,2
30089309,51662608,2012,-1
30089310,51662608,2012,-1
30089311,51662608,2012,0
30089312,51662608,2012,0
30089314,51662608,2012,0
30089317,51662608,2012,1
30089318,51662608,2012,1
30089320,51662608,2012,2
30089322,51662608,2012,2
30089327,51662608,2012,4
30089328,51662608,2012,4
30089330,51662608,2012,4
30089332,51662608,2012,5
30089333,51662608,2012,5
30089335,51662608,2012,6
30089337,51662608,2012,6
30089339,51662608,1960,1
30089341,51662608,2012,2
30089343,51662608,2012,3
30089345,51662608,2012,4
30089347,51662608,2012,5
30089351,51662608,2012,-1
30089352,51662608,2012,-1
30089354,51662608,2012,1
30089367,51662608,2012,4
30089368,51662608,2012,5
30089370,51662608,2012,5
30089372,51662608,2012,1
30089387,52598682,1938,0
30089396,52495027,1960,1
30089421,52431219,2006,3
30089425,52431219,2006,4
30089426,52431219,2006,4
30089427,52431219,2006,4
30089432,52490070,1950,1
30089434,52490070,1950,1
30089448,52496803,1920,2
30089449,52496803,1920,3
30089450,52443195,1995,2
30089462,51662608,2012,1
30089463,51662608,1970,2
30089464,51662608,1970,2
30089466,53343031,1970,0
30089469,53343031,1970,1
30089471,53343031,1970,2
30089473,53343031,1970,1
30089474,53343031,1970,2
30089479,53343031,1970,1
30089480,53343031,1970,2
30089482,53343031,1970,3
30089483,53343031,1970,3
30089492,52555705,1970,1
30089493,52555705,1970,1
30089494,52555705,1970,1
30089499,52555705,1970,2
30089506,52555705,1970,4
30089526,52660640,1960,0
30089533,52957552,1970,0
30089545,52458245,1955,3
30089553,53114137,2014,1
30089554,53114137,2014,1
30089558,51663062,1920,2
30089567,53416056,1960,1
30089569,53416056,1960,2
30089571,53165466,1960,-1
30089572,53165466,1960,0
30089573,53165466,1960,0
30089575,53165466,1960,0
30089576,53165466,1960,1
30089589,52448549,1940,1
30089597,53005209,2004,1
30089599,53005209,2004,2
30089600,53005209,2004,2
30089603,53005209,2004,3
30089612,52495176,1960,1
30089615,52495176,1960,1
30089617,52495176,1960,2
30089619,52495176,1960,2
30089620,52495176,1960,3
30089623,52495176,1960,3
30089631,64906746,1996,-1
30089633,64906746,1996,0
30089634,64906746,1996,0
30089648,52409570,1950,1
30089649,52409570,1950,1
30089652,52409570,1950,2
30089658,52409570,1950,4
30089661,53359918,1950,0
30089671,51662879,2008,1
30089676,53424687,1950,0
30089680,53424687,1950,0
30089682,53424687,1960,0
30089686,53424687,1950,1
30089688,53424687,1950,1
30089692,53424687,1960,1
30089696,53424687,1950,1
30089700,53424687,1960,2
30089702,53424687,1960,2
30089704,53424687,1950,2
30089706,53424687,1960,2
30089710,53424687,1950,2
30089727,53424687,1950,0
30089739,53424687,1950,1
30089744,53424687,1960,3
30089748,53424687,1950,1
30089765,52494200,1970,2
30089769,52494200,1970,3
30089772,52666696,1930,1
30089863,52404409,1950,0
30089867,52404409,1950,2
30089868,52404409,1950,2
30089870,53361681,1920,1
30089874,52444921,2004,0
30089878,52444921,2004,1
30089881,52444921,2004,2
30089882,52444921,2004,2
30089883,52444921,2004,2
30089895,51664587,1960,1
30089897,51664587,2010,1
30089898,51664587,2010,1
30089908,51664587,2010,0
30089909,51664587,2010,0
30089910,51664587,2010,0
30089911,51664587,2010,0
30089914,51664587,2010,1
30089919,51664587,2010,3
30089920,51664587,2010,3
30089928,53080852,2014,1
30090022,53323353,1973,1
30090024,53323353,1973,2
30090025,53323353,1973,2
30091861,52426377,1940,2
30091889,52659483,1960,0
30091898,52659483,1960,3
30091899,52768163,1970,1
30091908,53326956,1940,1
30091912,52449914,1940,0
30091913,52449914,1940,0
30091917,52649362,1940,2
30091920,52489575,1940,-1
30091922,52489575,2010,0
30091923,52489575,1940,1
30091933,52602803,2001,1
30091955,52649734,1960,0
30091956,52649734,1950,1
30091965,53331711,1950,1
30091968,53331711,1950,2
30091972,53446898,1950,3
30091973,53446898,1950,2
30091989,52451725,1960,0
30091999,52451725,1960,0
30092016,52806213,1938,1
30092018,52460007,1970,
30092019,52460007,1970,0
30092030,52460007,1970,3
30092031,52465860,1940,1
30092038,52426514,1950,1
30092045,52650685,1980,1
30092051,52650685,1980,3
30092057,53320464,1978,3
30092068,52434162,1950,2
30092074,52701752,1932,
30092083,52396773,1950,1
30092096,52398219,1950,0
30092097,52398219,1950,1
30092098,52398219,1950,0
30092110,52435131,1980,1
30092111,52435131,1980,1
30092114,52435131,1980,3
30092115,52435131,1980,3
30092124,52490025,1920,2
30092125,52490025,1920,1
30092129,52753540,1989,0
30092130,52753540,1989,1
30092193,52960841,2000,1
30092227,52715067,1960,0
30092228,52715067,1960,0
30092229,52715067,1960,1
30092231,52715067,1960,2
30092234,52715067,1960,3
30092235,52715067,1960,4
30092236,52715067,1960,4
30092240,52715067,1960,1
30092250,52715067,1960,2
30092254,52715067,2031,4
30092257,52715067,1960,2
30092259,52715067,2031,3
30092260,52715067,1960,3
30092261,52715067,2031,4
30092263,52715067,1960,1
30092264,52715067,1960,1
30092265,52715067,2031,2
30092266,52715067,2031,2
30092270,52715067,1960,4
30092272,52715067,1960,1
30092276,52715067,1960,3
30092278,52715067,1960,4
30092282,52715067,1960,2
30092285,52715067,1960,4
30092299,52657294,1960,1
30092304,52657294,1960,4
30092308,52657294,1960,1
30092314,52657294,1960,4
30092315,52657294,1960,4
30092320,52657294,1960,3
30092323,52657294,1960,4
30092324,52657294,1960,1
30092325,52657294,1960,1
30092330,52657294,1960,4
30092333,52657294,1960,1
30092334,52657294,1960,2
30092336,52657294,1960,3
30092338,52657294,1960,4
30092340,52657294,1960,1
30092341,52657294,1960,1
30092346,52657294,1960,4
30092356,52657294,1960,1
30092357,52657294,1960,1
30092363,52657294,1960,4
30092447,52652237,1960,0
30092449,52652237,1960,1
30092452,52652237,1960,2
30092454,52652237,1960,3
30092456,52652237,1960,4
30092459,52652237,1960,1
30092460,52652237,1960,1
30092468,52652237,1960,0
30092469,52652237,1960,1
30092470,52652237,1960,1
30092472,52652237,1960,2
30092473,52652237,1960,3
30092474,52652237,1960,3
30092477,52652237,1960,0
30092478,52652237,1960,0
30092480,52652237,1960,1
30092489,52652237,1960,2
30092491,52652237,1960,3
30092503,52652237,1960,1
30092504,52652237,1960,1
30092510,52652237,1960,4
30092511,52652237,1960,1
30092512,52652237,1960,1
30092522,52711149,1960,1
30092523,52711149,1960,1
30092526,52711149,1960,3
30092529,52711149,1960,4
30092530,52711149,1960,0
30092535,52711149,1960,2
30092554,52711149,1960,2
30092557,52711149,1960,3
30092558,52711149,1960,4
30092562,52711149,1960,2
30092566,52711149,1960,4
30092567,52711149,1960,4
30092570,52711149,1960,2
30092588,52711149,1960,3
30092593,52716240,1970,1
30092598,52716240,1970,2
30092599,52716240,1970,2
30092603,52716240,1970,3
30092616,53162611,1960,2
30092620,53162611,1960,3
30092621,53162611,1960,3
30092623,53162611,1960,4
30092624,53162611,1960,4
30092629,52711135,1960,1
30092633,52711135,1960,2
30092634,52711135,1960,2
30092639,52711135,1960,4
30092640,52711135,1960,4
30092641,52711135,1960,4
30092642,52711135,1960,4
30092645,52560227,1960,1
30092651,52560227,1960,2
30092652,52560227,1960,3
30092656,52560227,1960,4
30092657,52560227,1960,4
30092659,52560227,1960,4
30092662,52671825,1960,0
30092667,52671825,1960,3
30092673,52671825,1960,2
30092675,52671825,1960,3
30092678,52671825,1960,0
30092682,52671825,1960,2
30092689,52671825,1960,2
30092691,52671825,1960,3
30092695,52671825,1960,2
30092696,52671825,1960,2
30092699,52671825,1960,0
30092703,52671825,1960,2
30092717,52671825,1960,1
30092718,52671825,1960,1
30092721,52671825,1960,3
30092736,52688636,1960,2
30092739,52688636,1960,3
30092742,52688636,1960,1
30092747,52688636,1960,3
30092764,52688636,1960,1
30092766,52688636,1960,2
30092768,52688636,1960,3
30092773,52688636,1960,1
30092775,52688636,1960,2
30092787,52688636,1960,0
30092792,52688636,1960,3
30092798,52688636,1960,2
30092799,52688636,1960,2
30092914,52408797,1960,0
30092918,52408797,1960,1
30092919,52408797,1960,1
30092926,52408797,1960,2
30092932,52408797,1960,2
30092936,52408797,1960,3
30092939,52408797,1960,3
30092940,52408797,1960,3
30092947,52587127,1960,1
30092952,52587127,1960,1
30092953,52587127,1960,2
30092954,52587127,1960,2
30092959,52587127,1960,3
30092960,52587127,1960,3
30092963,52587127,1960,3
30092975,52429655,1960,1
30092982,52429655,1960,2
30092984,52429655,1960,2
30092987,52429655,1960,3
30092988,52429655,1960,3
30092990,52429655,1960,3
30093000,52543514,1970,0
30093001,52543514,1970,0
30093010,52543514,1970,0
30093016,52543514,1970,1
30093020,52543514,1970,1
30093044,52543514,1970,0
30093047,52543514,1970,1
30093049,52543514,1970,1
30093054,52543514,1970,3
30093055,52543514,1970,3
30093083,52991571,1960,0
30093087,52991571,1960,1
30093088,52991571,1960,2
30093089,52991571,1960,2
30093090,52991571,1960,2
30093092,52991571,1960,3
30093093,52991571,1960,3
30093094,52991571,1960,3
30093101,52465865,1970,1
30093103,52465865,1970,2
30093104,52465865,1970,2
30093105,52465865,1970,2
30093111,52465865,1970,3
30093121,52465865,1970,4
30093122,52465865,1970,4
30093125,52465865,1970,4
30093126,52465865,1970,5
30093146,52430416,1960,2
30093148,52430416,1960,3
30093215,52432187,1930,1
30093231,53319758,1970,0
30093233,53319758,1970,1
30093234,53319758,1970,2
30093235,53319758,1970,2
30093239,52494710,1950,-1
30093240,52494710,1950,-1
30093242,52494710,1950,0
30093244,52494710,1950,0
30093246,52494710,1950,0
30093247,52494710,1950,0
30093253,52494710,1950,1
30093254,52494710,1950,1
30093255,52494710,1950,1
30093256,52494710,1950,1
30093260,52494710,1950,1
30093263,52494710,1950,1
30093264,52494710,1950,2
30093265,52494710,1950,2
30093280,52654284,1960,0
30093284,52654284,1960,1
30093285,52654284,1960,1
30093288,52654284,1960,2
30093291,52654284,1960,3
30093292,52654284,1960,3
30093300,52647777,1980,3
30093305,52560660,1950,
30093313,52560660,1950,1
30093314,52560660,1950,1
30093317,52560660,1950,2
30093319,52560660,1950,0
30093321,52560660,1950,2
30093327,52442862,1960,0
30093330,52442862,1960,1
30093331,52442862,1960,1
30093333,52442862,1960,2
30093339,52442862,1960,3
30093340,52442862,1960,3
30093346,52442862,1960,0
30093347,52442862,1960,0
30093352,52442862,1960,1
30093353,52442862,1960,1
30093355,52442862,1960,1
30093363,52442862,1960,2
30093371,52442862,1960,3
30093375,52442862,1960,4
30093377,52442862,1960,4
30093378,52442862,1960,4
30093379,52442862,1960,4
30093383,53360968,1970,1
30093386,53360968,1970,2
30093395,53360968,1970,3
30093409,53360968,1970,6
30093410,53360968,1970,6
30093415,53360968,1970,7
30093435,52431119,1987,2
30093440,53323899,1980,1
30093442,53323899,1980,2
30093443,53323899,1980,2
30093451,53323899,1980,4
30093460,52426589,1983,3
30093467,52666671,1980,2
30093475,52666671,1980,2
30093477,52666671,1980,3
30093485,52434126,1970,-1
30093488,52434126,1970,1
30093489,52434126,1970,1
30093491,52434126,1970,2
30093493,52434126,1970,1
30093494,52434126,1970,2
30093500,52434126,1970,4
30093515,52434126,1970,6
30093516,52434126,1970,6
30093525,52434126,1970,8
30093529,52958385,1980,-1
30093531,52958385,1980,1
30093539,52958385,1980,3
30093540,52958385,1980,3
30093547,52958385,1980,5
30093578,52958385,1980,5
30093579,52958385,1980,5
30093585,53321699,1980,2
30093600,52428823,2008,0
30093602,52428823,2008,1
30093603,52428823,2008,2
30093604,52428823,2008,2
30093605,52428823,2008,3
30093606,52428823,2008,3
30093608,52428823,2008,4
30093609,52428823,2008,5
30093610,52428823,2008,5
30093611,52428823,2008,6
30093612,52428823,2008,7
30093622,52583642,1970,0
30093624,52583642,1970,1
30093635,53069911,1970,1
30093643,53166756,1930,
30093668,53322818,1980,1
30093672,53322818,1980,3
30093699,52429414,1970,
30093703,52798701,1950,0
30093711,52798701,1950,2
30093712,52798701,1950,2
30093727,53156939,1970,1
30093728,53156939,1970,2
30093753,52598206,1950,3
30093754,52651888,1940,1
30093756,52444376,1950,2
30093757,52427281,1970,3
30093758,53360322,1960,1
30093805,52448577,1970,2
30093814,52448577,1970,3
30093842,52599662,1970,3
30093849,52585041,1970,1
30093850,52585041,1970,2
30093853,52585041,1970,2
30093859,52585041,1970,4
30093861,52585041,1970,4
30093862,52585041,1970,1
30093863,52585041,1970,1
30093871,52585041,1970,3
30093872,52585041,1970,3
30093873,52585041,1970,3
30093876,52585041,1970,4
30093905,52594203,1970,3
30093914,52594203,1970,3
30093919,53341227,1970,1
30093922,53341227,1970,2
30093925,53341227,1970,0
30093927,53341227,1970,1
30093930,53341227,1970,2
30093931,53341227,1970,3
30093932,53341227,1970,3
30093938,53341227,1970,2
30094004,53341594,1970,1
30094006,53341594,1970,2
30094008,53341594,1970,2
30094015,53341594,1970,4
30094020,52585601,1970,0
30094021,52585601,1970,1
30094025,52585601,1970,3
30094030,52585601,1970,1
30094033,52585601,1970,3
30094037,52585601,1970,1
30094039,52585601,1970,2
30094075,52441839,2009,3
30094087,52438323,1970,1
30094095,52438323,1970,5
30094098,52438323,1970,1
30094099,52438323,1970,2
30094101,52438323,1970,3
30094102,52438323,1970,3
30094106,52438323,1970,5
30094111,52438323,1970,3
30094119,52465372,1970,3
30094123,52465372,1970,5
30094124,52465372,1970,5
30094125,52465372,1970,1
30094127,52465372,1970,2
30094131,52465372,1970,4
30094134,52465372,1970,5
30094136,52465372,1970,1
30094144,52465372,1970,5
30094150,52465372,1970,3
30094153,52465372,1970,5
30094157,52465372,1970,2
30094161,52465372,1970,4
30094165,52465372,1970,1
30094169,52465372,1970,3
30094171,52465372,1970,4
30094173,52465372,1970,5
30094178,52465372,1970,1
30094181,53318516,1970,1
30094185,53318516,1970,3
30094186,53318516,1970,3
30094187,53318516,1970,4
30094198,53318516,1970,4
30094199,53318516,1970,5
30094206,53318516,1970,3
30094209,53318516,1970,5
30094215,53318516,1970,3
30094220,53318516,1970,1
30094223,53318516,1970,2
30094226,53318516,1970,4
30094227,53318516,1970,4
30094229,53318516,1970,5
30094230,53318516,1970,1
30094240,53318516,1970,1
30094241,53318516,1970,1
30094255,52444547,1960,5
30094257,52444547,1960,1
30094259,52444547,1960,2
30094262,52444547,1960,4
30094263,52444547,1960,4
30094264,52444547,1960,5
30094273,52444547,1960,4
30094282,52444547,1960,4
30094285,52444547,1960,5
30094362,52554720,1970,2
30094373,52554720,1970,3
30094375,52554720,1970,4
30094376,52554720,1970,4
30094380,52554720,1970,1
30094382,52554720,1970,2
30094385,52554720,1970,4
30094387,52554720,1970,5
30094390,52554720,1970,1
30094391,52554720,1970,2
30094402,52647882,1960,2
30094404,52647882,1960,3
30094405,52647882,1960,3
30094406,52647882,1960,4
30094407,52647882,1960,4
30094410,52647882,1960,1
30094418,52647882,1960,5
30094421,52647882,1960,1
30094422,52647882,1960,2
30094431,52647882,1960,1
30094440,52647882,1960,1
30094444,52647882,1960,3
30094447,52647882,1960,4
30094448,52647882,1960,5
30094454,52647882,1960,3
30094455,52647882,1960,3
30094456,52647882,1960,4
30094459,52647882,1960,5
30094463,52647882,1960,2
30094468,52647882,1960,5
30094516,52429241,1970,2
30094520,52429241,1970,4
30094521,52429241,1970,0
30094525,52429241,1970,2
30094529,52586963,1970,0
30094531,52586963,1970,1
30094533,52586963,1970,2
30094534,52586963,1970,3
30094537,52586963,1970,4
30094543,52586963,1970,3
30094544,52586963,1970,4
30094557,52448573,1970,2
30094563,52448573,1970,1
30094565,52448573,1970,2
30094571,52448573,1970,0
30094575,52448573,1970,2
30094577,52448573,1970,3
30094579,52549052,1970,0
30094580,52549052,1970,1
30094582,52549052,1970,2
30094585,52549052,1970,3
30094586,52549052,1970,4
30094587,52549052,1970,4
30094590,52549052,1970,2
30094595,52549052,1970,4
30094596,52549052,1970,0
30094597,52549052,1970,1
30094600,52549052,1970,2
30094602,52549052,1970,3
30094603,52549052,1970,4
30094606,53348595,1970,0
30094608,53348595,1970,1
30094609,53348595,1970,2
30094614,53348595,1970,4
30094615,53348595,1970,1
30094616,53348595,1970,1
30094618,53348595,1970,2
30094619,53348595,1970,3
30094624,52493781,1970,1
30094633,52493781,1970,1
30094635,52493781,1970,2
30094653,52447140,1970,3
30094657,52447140,1970,1
30094660,52447140,1970,2
30094661,52447140,1970,3
30094662,52447140,1970,3
30094664,52447140,1970,4
30094665,52447140,1970,1
30094666,52447140,1970,1
30094668,52447140,1970,2
30094669,52447140,1970,3
30094671,52447140,1970,4
30094676,52447140,1970,2
30094677,52447140,1970,3
30094678,52447140,1970,3
30094683,52397745,1970,2
30094686,52397745,1970,3
30094692,52397745,1970,2
30094693,52397745,1970,3
30094695,52397745,1970,4
30094696,52397745,1970,4
30094697,52397745,1970,1
30094698,52397745,1970,1
30094702,52397745,1970,3
30094703,52397745,1970,4
30094705,52397745,1970,1
30094708,52397745,1970,2
30094709,52397745,1970,3
30094713,52557724,1970,1
30094716,52557724,1970,2
30094720,52557724,1970,4
30094721,52557724,1970,1
30094722,52557724,1970,1
30094723,52557724,1970,2
30094724,52557724,1970,2
30094726,52557724,1970,3
30094727,52557724,1970,4
30094731,52557724,1970,2
30094733,52557724,1970,3
30094736,52557724,1970,0
30094738,52557724,1970,1
30094739,52557724,1970,2
30094740,52557724,1970,2
30094745,52650117,1970,0
30094746,52650117,1970,0
30094749,52650117,1970,1
30094754,52650117,1970,2
30094757,52650117,1970,3
30094758,52650117,1970,3
30094760,52650117,1970,4
30094761,52650117,1970,4
30094762,52650117,1970,4
30094777,52650117,1970,8
30094783,52666942,1970,1
30094784,52666942,1970,1
30094785,52666942,1970,2
30094786,52666942,1970,2
30094788,52666942,1970,3
30094789,52666942,1970,4
30094790,52666942,1970,4
30094795,52666942,1970,5
30094797,52666942,1970,3
30094799,52666942,1970,4
30094800,52666942,1970,4
30094801,52666942,1970,0
30094802,52666942,1970,0
30094805,52666942,1970,2
30094807,52666942,1970,3
30094808,52666942,1970,3
30094809,52666942,1970,4
30094813,52666942,1970,1
30094814,52666942,1970,1
30094816,52666942,1970,2
30094817,52666942,1970,3
30094820,52666942,1970,4
30094825,52666942,1970,1
30094826,52666942,1970,2
30094827,52666942,2008,2
30094829,52666942,1970,3
30094833,52666942,1970,0
30094834,52666942,1970,1
30094835,52666942,1970,1
30094844,52666942,1970,1
30094846,52666942,1970,2
30094850,52666942,1970,4
30094851,52666942,1970,4
30094860,52586409,1970,3
30094862,52586409,1970,4
30094865,52586409,1970,0
30094869,52586409,1970,2
30094872,52586409,1970,4
30094873,52586409,1970,4
30094876,52586409,1970,1
30094881,52586409,1970,3
30094882,52586409,1970,4
30094883,52586409,1970,4
30094885,52586409,1970,1
30094888,52586409,1970,2
30094891,52586409,1970,4
30094892,52586409,1970,4
30094895,52586409,1970,1
30094899,52586409,1970,3
30094900,52586409,1970,3
30094931,53351743,1970,0
30094938,53351743,1970,3
30094941,53351743,1970,1
30094949,52445185,1970,0
30094950,52445185,1970,1
30094961,52445185,1970,2
30094970,52558285,1970,1
30094971,52558285,1970,1
30094976,52558285,1970,2
30094977,52558285,1970,2
30094984,52558285,1970,0
30094990,52558285,1970,2
30094992,52558285,1970,2
30094995,52558285,1970,3
30094996,52558285,1970,3
30095002,52428699,1970,0
30095005,52428699,1970,1
30095008,52428699,1970,2
30095010,52428699,1970,2
30095016,52428699,1970,4
30095026,52436981,1970,2
30095031,52436981,1970,3
30095036,52436981,1970,4
30095037,52436981,1970,4
30095041,52436981,1970,5
30095042,52436981,1970,6
30095052,53127450,1970,1
30095054,53127450,1970,2
30095055,53127450,1970,3
30095056,53127450,1970,3
30095058,53127450,1970,4
30095062,52514122,1970,1
30095066,52514122,1970,2
30095067,52514122,1970,2
30095071,52514122,1970,3
30095073,52514122,1970,4
30095074,52514122,1970,4
30095082,52554509,1970,1
30095086,52554509,1970,3
30095087,52554509,1970,0
30095088,52554509,1970,0
30095090,52554509,1970,1
30095091,52554509,1970,2
30095092,52554509,1970,2
30095101,52554509,1970,3
30095107,52442358,1970,1
30095110,52442358,1970,2
30095115,52442358,1970,1
30095118,52442358,1970,2
30095120,52442358,1970,3
30095123,52555704,1970,0
30095124,52555704,1970,0
30095127,52555704,1970,2
30095133,52555704,1970,5
30095134,52555704,1970,5
30095137,52555704,1970,0
30095138,52555704,1970,1
30095141,52555704,1970,2
30095142,52555704,1970,3
30095146,52555704,1970,4
30095155,52558613,1970,2
30095157,52558613,1970,3
30095158,52558613,1970,3
30095160,52558613,1970,0
30095165,52558613,1970,3
30095167,52558613,1970,0
30095170,52558613,1970,1
30095183,52434415,1970,3
30095184,52434415,1970,3
30095188,52651557,1970,1
30095190,52651557,1970,1
30095192,52651557,1970,2
30095193,52651557,1970,2
30095196,52651557,1970,3
30095198,52651557,1970,3
30095199,52651557,1970,4
30095200,52651557,1970,4
30095201,52651557,1970,4
30095210,52651557,1970,2
30095215,52651557,1970,4
30095216,52651557,1970,4
30095251,52602499,1970,3
30095252,52602499,1970,1
30095253,52602499,1970,2
30095254,52602499,1970,2
30095257,52602499,1970,0
30095275,53315833,1970,2
30095279,53315833,1970,3
30095281,53315833,1970,3
30095282,53315833,1970,3
30095285,53315833,1970,1
30095289,52443784,1970,1
30095293,52443784,1970,2
30095296,52443784,1970,2
30095304,52443784,1970,4
30095309,52558261,1970,1
30095313,52558261,1970,2
30095314,52558261,1970,2
30095316,52558261,1970,3
30095322,52558261,1970,4
30095327,52554889,1970,0
30095329,52554889,1970,1
30095332,52554889,1970,2
30095333,52554889,1970,3
30095336,52554889,1970,0
30095338,52554889,1970,1
30095339,52554889,1970,2
30095344,52554889,1970,0
30095345,52554889,1970,1
30095346,52554889,1970,1
30095348,52554889,1970,2
30095350,52554889,1970,3
30095354,52602841,2023,0
30095357,52602841,2023,2
30095362,52602841,2023,0
30095368,52602841,2023,3
30095374,52602841,2023,2
30095375,52602841,2023,3
30095376,52602841,2023,3
30095422,53320759,1960,0
30095424,53320759,1960,1
30095426,53320759,1960,1
30095427,53320759,1960,1
30095429,53320759,1960,2
30095440,53321477,1960,1
30095442,53321477,1960,2
30095443,53321477,1960,2
30095444,53321477,1960,2
30095445,53321477,1960,3
30095446,53321477,1960,3
30095452,52401868,1950,2
30095455,52401868,1950,3
30095457,52401868,1950,5
30095476,53005688,1950,0
30095479,53005688,1950,1
30095500,52461096,1960,0
30095515,52461096,1960,0
30095530,53340205,1960,0
30095531,53340205,1960,0
30095533,53340205,1960,0
30095534,53340205,1960,0
30095537,53340205,1960,0
30095538,53340205,1960,0
30095556,53340205,1960,2
30095560,53340205,1960,2
30095567,53340205,1960,3
30095569,53340205,1960,3
30095570,53340205,1960,3
30095571,53340205,1960,3
30095572,53340205,1960,3
30095574,53340205,1960,3
30095576,53340205,1960,3
30095579,53340205,1960,2
30095580,53340205,1960,2
30095585,52460810,1950,1
30095586,52460810,1950,2
30095592,52445377,1960,0
30095593,52445377,1960,1
30095595,52445377,1960,3
30095599,53154930,1970,0
30095601,53154930,1970,1
30095647,52658302,1970,1
30095649,52658302,1970,2
30095651,52658302,1970,3
30095652,52658302,1970,4
30095657,52462159,1960,1
30095660,52462159,1960,2
30095669,52667438,1940,0
30095670,52667438,1940,0
30095688,52396228,1940,1
30095697,53327049,1970,0
30095700,53327049,1950,1
30095702,53327049,1950,1
30095705,53327049,1950,2
30095707,53327049,1950,2
30095710,53327049,1970,2
30095711,53327049,1950,3
30095713,53327049,1950,3
30095715,53327049,1950,3
30095716,53327049,1950,3
30095755,53334557,1960,1
30095766,53334557,1960,3
30095767,53334557,1960,4
30095785,52702701,1970,2
30095809,52409202,1970,-1
30095819,52409202,1970,3
30095867,52548092,2001,4
30095918,52417612,1970,3
30095919,52417612,1970,4
30095924,52417612,1970,-1
30095925,52417612,1970,1
30095931,52417612,1970,3
30096020,52969284,1970,1
30096034,52556614,1970,3
30096069,52538381,1970,2
30096070,52538381,1970,2
30096072,52538381,1970,3
30096073,52538381,1970,4
30096076,52538381,1970,5
30096077,52538381,1970,1
30096080,52538381,1970,3
30096082,52538381,1970,4
30096083,52538381,1970,5
30096088,52538381,1970,3
30096092,52538381,1970,5
30096093,52538381,1970,5
30096104,52538381,1970,2
30096107,52538381,1970,3
30096112,52538381,1970,1
30096115,52538381,1970,3
30096122,52538381,1970,2
30096128,52538381,1970,5
30096130,52538381,1970,2
30096132,52538381,1970,2
30096135,52587182,1960,2
30096136,52587182,1960,2
30096142,52587182,1960,1
30096144,52587182,1960,2
30096148,52587182,1960,4
30096152,52587182,1960,1
30096155,52587182,1960,3
30096157,52587182,1960,4
30096161,52587182,1960,1
30096162,52587182,1960,1
30096166,52587182,1960,3
30096169,52587182,1960,5
30096171,52587182,1960,1
30096174,52587182,1960,2
30096176,52587182,1960,3
30096177,52587182,1960,4
30096179,52587182,1960,4
30096182,52587182,1960,1
30096190,52587182,1960,5
30096195,52587182,1960,3
30096197,52587182,1960,4
30096207,52587182,1960,5
30096208,52587182,1960,2
30096211,52587182,1960,5
30096215,53366162,1960,2
30096217,53366162,1960,3
30096227,53366162,1960,3
30096230,53366162,1960,4
30096240,53366162,1960,4
30096246,53366162,1960,2
30096248,53366162,1960,3
30096249,53366162,1960,4
30096251,53366162,1960,5
30096256,53366162,1960,2
30096262,53366162,1960,5
30096263,53366162,1960,1
30096266,53366162,1960,2
30096268,53366162,1960,3
30096271,53366162,1960,5
30096272,53366162,1960,5
30096327,52466720,1960,2
30096335,52466720,1960,1
30096346,52466720,1960,1
30096353,52466720,1960,5
30096363,52466720,1960,5
30096366,52466720,1960,1
30096370,52466720,1960,3
30096371,52466720,1960,4
30096376,52466720,1960,1
30096378,52466720,1960,2
30096380,52466720,1960,3
30096381,52466720,1960,4
30096382,52466720,1960,4
30096392,52427963,1970,3
30096395,52427963,1970,1
30096400,52427963,1970,3
30096403,52427963,1970,1
30096408,52427963,1970,3
30096411,52427963,1970,1
30096421,52427963,1970,2
30096423,52427963,1970,3
30096424,52427963,1970,3
30096425,52427963,1970,4
30096427,52427963,1970,1
30096437,52427963,1970,2
30096441,52427963,1970,4
30096445,52427963,1970,2
30096446,52427963,1970,2
30096452,52427963,1970,1
30096454,52427963,1970,2
30096458,52427963,1970,4
30096465,52463678,1960,3
30096466,52463678,1960,4
30096469,52463678,1960,1
30096473,52463678,1960,3
30096474,52463678,1960,4
30096476,52463678,1960,1
30096477,52463678,1960,1
30096478,52463678,1960,2
30096481,52463678,1960,3
30096485,52463678,1960,1
30096488,52463678,1960,3
30096489,52463678,1960,3
30096492,52463678,1960,1
30096501,52463678,1960,1
30096502,52463678,1960,2
30096505,52463678,1960,3
30096507,52463678,1960,4
30096508,52463678,1960,1
30096522,52595239,1960,3
30096526,52595239,1960,1
30096531,52595239,1960,3
30096540,52595239,1960,4
30096545,52595239,1960,2
30096550,52595239,1960,1
30096552,52595239,1960,2
30096571,52595239,1960,3
30096572,52595239,1960,4
30096580,52547628,1960,1
30096581,52547628,1960,1
30096591,52547628,1960,2
30096596,52547628,1960,1
30096601,52547628,1960,3
30096602,52547628,1960,4
30096604,52547628,1960,1
30096608,52547628,1960,3
30096610,52547628,1960,4
30096613,52547628,1960,1
30096616,52547628,1960,3
30096618,52547628,1960,4
30096619,52547628,1960,4
30096620,52547628,1960,1
30096623,52547628,1960,2
30096625,52547628,1960,3
30096629,52464579,1960,1
30096641,52464579,1960,3
30096654,52464579,1960,1
30096662,52464579,1960,1
30096663,52464579,1960,2
30096670,52464579,1960,1
30096671,52464579,1960,2
30096673,52464579,1960,3
30096674,52464579,1960,3
30096675,52464579,1960,4
30096679,52544042,1960,1
30096683,52544042,1960,3
30096684,52544042,1960,3
30096691,52544042,1960,2
30096696,52544042,1960,4
30096697,52544042,1960,5
30096699,52544042,1960,2
30096703,52544042,1960,4
30096710,52544042,1960,3
30096715,52544042,1960,2
30096718,52544042,1960,3
30096720,52544042,1960,4
30096722,52544042,1960,5
30096729,52544042,1960,5
30096730,52544042,1960,5
30096731,52544042,1960,2
30096738,52544042,1960,5
30096744,52426167,1967,1
30096750,52426167,1967,4
30096751,52426167,1967,5
30096754,52426167,1967,1
30096764,52426167,1967,1
30096765,52426167,1967,2
30096808,52426286,1970,1
30096813,52426286,1970,1
30096819,52426286,1970,4
30096825,52403870,1970,2
30096827,52403870,1970,3
30096830,52403870,1970,1
30096866,52492500,1962,2
30096867,52492500,1962,3
30096875,52462585,1960,3
30096888,52462585,1960,1
30097084,52426086,1970,2
30097085,52426086,1970,2
30097088,52466760,2001,1
30097095,52492412,1960,2
30097102,52445747,1997,1
30097103,52445747,1997,1
30097106,52445747,1997,2
30097107,52445747,1997,2
30097108,52445747,1997,3
30097109,52445747,1997,3
30097110,52445747,1997,3
30097112,52961464,1970,2
30097117,52456967,1950,1
30097118,52456967,2008,2
30097119,53326737,1970,
30097124,53326737,1970,3
30097126,53326737,1970,1
30097128,53326737,1970,2
30097164,52647585,1970,2
30097166,52647585,1970,3
30097172,53321494,,1
30097193,53327165,1950,3
30097198,52495884,1970,1
30097199,52495884,1970,1
30097200,52495884,1970,2
30097210,52427531,1950,2
30097233,52649049,1930,2
30097262,52429532,1920,1
30097271,52465243,1930,1
30097272,52465243,1930,1
30097275,52465243,1930,2
30097280,52494237,1960,-1
30097291,53414799,1970,2
30097307,51663245,1960,
30097311,51663245,1960,
30097312,51663245,1960,
30097314,51663245,1960,
30097318,51663245,1960,0
30097319,51663245,1960,0
30097320,51663245,1960,0
30097325,51663245,1960,0
30097327,51663245,1960,0
30097328,51663245,1960,0
30097331,51663245,1960,1
30097332,51663245,1960,1
30097333,51663245,1960,1
30097336,51663245,1960,1
30097341,51663245,1960,1
30097342,51663245,1960,1
30097343,51663245,1960,1
30097344,51663245,1960,1
30097348,51663245,1960,1
30097355,51663245,1960,2
30097356,51663245,1960,2
30097361,51663245,1960,2
30097364,51663245,1960,2
30097365,51663245,1960,2
30097366,51663245,1960,2
30097367,51663245,1960,2
30097369,51663245,1960,3
30097370,51663245,1960,3
30097373,51663245,1960,3
30097376,51663245,1960,3
30097377,51663245,1960,3
30097380,51663245,1960,3
30097382,51663245,1960,3
30097384,51663245,1960,3
30097386,51663245,1960,3
30097396,52661142,1960,0
30097399,52661142,1960,0
30097405,52661142,1960,1
30097406,52661142,1960,1
30097409,52661142,1960,1
30097414,52661142,1960,2
30097417,52661142,1960,2
30097427,52661142,1960,3
30097436,52546744,1960,0
30097442,52546744,1960,0
30097443,52546744,1960,1
30097452,52546744,1960,1
30097458,52546744,1960,2
30097460,52546744,1960,2
30097467,52546744,1960,3
30097468,52546744,1960,3
30097472,52546744,1960,3
30097477,53327341,1960,0
30097480,53327341,1960,0
30097482,53327341,1960,0
30097483,53327341,1960,0
30097485,53327341,1960,1
30097487,53327341,1960,1
30097490,53327341,1960,1
30097495,53327341,1960,2
30097496,53327341,1960,2
30097497,53327341,1960,2
30097498,53327341,1960,2
30097505,53327341,1960,3
30097506,53327341,1960,3
30097509,53327341,1960,3
30097510,53327341,1960,3
30097511,53327341,1960,3
30097526,52494652,1960,1
30097530,52494652,1960,2
30097531,52494652,1960,2
30097539,52425836,1970,1
30097540,52425836,1970,1
30097541,52425836,1970,1
30097545,52425836,1970,1
30097546,52425836,1970,1
30097551,52425836,1970,2
30097553,52425836,1970,2
30097554,52425836,1970,2
30097555,52425836,1970,2
30097556,52425836,1970,2
30097557,52425836,1970,2
30097559,52425836,1970,3
30097560,52425836,1970,3
30097561,52425836,1970,3
30097565,52425836,1970,3
30097568,52425836,1970,4
30097569,52425836,1970,4
30097572,52425836,1970,4
30097573,52425836,1970,4
30097574,52425836,1970,4
30097578,52425836,1970,-1
30097580,52425836,1970,3
30097587,53083216,1970,1
30097594,53083216,1970,3
30097595,53083216,1970,3
30097596,53083216,1970,3
30097604,52594319,1950,1
30097605,52594319,1950,1
30097608,52594319,1950,2
30097611,52594319,1950,3
30097612,52594319,1950,3
30097619,53327068,1980,1
30097647,53323252,1980,2
30097650,53323252,1980,0
30097654,53323252,1980,2
30097659,52436534,1984,1
30097671,52588176,2006,1
30097680,53036109,1980,2
30097683,53036109,1980,3
30097754,53103001,1970,0
30097756,53103001,1970,0
30097761,53103001,1970,2
30097763,53103001,1970,2
30097765,53103001,1970,3
30097794,53340112,1950,2
30097803,52465792,1950,1
30097825,52428764,1988,2
30097832,52990677,1920,1
30097842,53340105,1970,3
30097856,52431407,1960,2
30097861,52435541,1950,-1
30097862,52435541,1950,0
30097863,52435541,1950,0
30097864,52435541,1950,1
30097882,52450741,1938,1
30097909,52432673,1950,2
30097915,52659558,1970,1
30097919,52659558,1970,3
30097925,52433690,1970,2
30097926,52433690,1970,2
30097928,52433690,1970,3
30097929,52433690,1970,3
30097934,52433690,1970,4
30097939,52410138,1960,-1
30097940,52410138,1960,0
30097942,52410138,1960,1
30097943,52410138,1960,1
30097944,52410138,1960,2
30097945,52410138,1960,2
30097953,52462065,1960,1
30097956,52462065,1960,3
30097957,52462065,1960,3
30097971,52431407,1960,1
30097972,52431407,1960,1
30097973,52431407,1960,2
30098019,53361723,1970,0
30098023,53361723,1970,1
30098025,53361723,1970,2
30098124,52447002,1992,3
30098125,52434960,1990,3
30098155,52444749,1988,2
30098236,52545819,1981,1
30098246,53320772,1960,1
30098266,52583141,1989,1
30098288,52437370,2000,2
30098293,52437370,2000,4
30098296,52437370,2000,4
30098299,52437370,2000,5
30098300,52437370,2000,5
30098327,53320768,1960,1
30098329,53320768,1960,2
30098343,52545751,1983,1
30098346,52545751,1983,3
30098383,52602956,1940,1
30098427,53320709,1960,2
30098440,52545749,1970,3
30098445,53097067,1960,0
30098447,53097067,1960,0
30098451,53097067,1960,0
30098453,53097067,1960,0
30098455,53097067,1960,1
30098458,53097067,1960,1
30098459,53097067,1960,1
30098462,53097067,1960,1
30098465,53097067,1960,2
30098466,53097067,1960,2
30098474,53097067,1960,2
30098475,53097067,1960,3
30098476,53097067,1960,3
30098488,52602808,1960,0
30098495,52602808,1960,1
30098502,52602808,1960,2
30098515,52602808,1960,3
30098524,52441499,1970,2
30098531,52603415,1970,1
30098537,52603415,1970,3
30098546,52433154,1960,3
30098559,52582721,1970,3
30098563,53073642,1990,0
30098572,52466995,1960,1
30098575,52466995,1960,2
30098576,52466995,1960,3
30098580,52466995,1960,1
30098583,52431871,1970,1
30098585,52431871,1970,2
30098587,52431871,1970,3
30098595,53341827,1970,2
30098626,52434260,1970,1
30098648,52582742,2003,0
30098649,52582742,2003,0
30098650,52582742,2003,1
30098651,52582742,2003,1
30098652,52582742,2003,2
30098653,52582742,2003,2
30098654,52582742,2003,2
30098657,52582742,2003,4
30098658,52582742,2003,4
30098659,52582742,2003,4
30098682,52443269,2007,1
30098699,52993326,1980,1
30098712,52602983,1970,3
30098718,52961162,1960,1
30098721,52961162,1960,2
30098744,52557010,1984,3
30098750,52604379,1970,1
30098752,52604379,1970,2
30098755,52604379,1970,3
30098762,53320684,1985,1
30098767,53320684,1985,2
30098768,53320684,1985,3
30098792,52433143,1950,1
30098795,52433143,1950,2
30098797,52433143,1950,2
30098802,52433143,1950,3
30098814,52451650,1950,3
30098824,53322411,1970,4
30098832,52585519,1982,3
30098835,53322991,1960,1
30098836,53322991,1960,1
30098838,53322991,1960,2
30098979,52794597,1990,2
30100207,52395731,1970,1
30100208,52395731,1970,1
30100211,52395731,1970,2
30100215,52395731,1970,3
30100295,52411604,1990,1
30100308,52555901,1960,0
30100310,52555901,1960,1
30100312,52555901,1960,2
30100319,52546290,1984,3
30100322,52585071,1982,1
30100327,52585071,1982,3
30100334,53333202,1970,2
30100343,52536237,1997,0
30100349,52695692,1973,1
30100350,52695692,1973,2
30100363,52679857,1975,1
30100364,52679857,1975,1
30100368,52679857,1975,3
30100370,52466966,1970,1
30100376,52466966,1970,3
30100381,52689061,1988,0
30100382,52689061,1988,0
30100385,52689061,1988,3
30100388,53430910,1970,1
30100390,53430910,1970,2
30100393,53430910,1970,3
30100396,52715170,1960,1
30100402,52714948,1970,1
30100411,52704966,1970,1
30100412,52704966,1970,2
30100414,52704966,1970,3
30100415,52704966,1970,3
30100425,52647076,1995,3
30100442,52689771,1990,1
30100445,52689771,1990,2
30100447,52689771,1990,3
30100449,52559526,1980,0
30100450,52559526,1980,1
30100451,52559526,1980,1
30100453,52559526,1980,2
30100454,52559526,1980,3
30100458,52646722,1950,1
30100459,52646722,1950,1
30100460,52646722,1950,2
30100468,52679177,1983,2
30100475,53370988,1995,1
30100482,52716565,1960,3
30100509,52665529,1970,3
30100510,52665529,1970,3
30100513,52690057,1970,1
30100514,52690057,1970,0
30100532,52541177,1960,2
30100533,52541177,1960,2
30100537,53326332,1970,0
30100538,53326332,1970,1
30100544,53326332,1970,3
30100546,53326332,1970,3
30100547,53326332,1970,3
30100549,53326332,1970,0
30100559,53326332,1970,2
30100588,52464568,1966,1
30100589,52464568,1966,1
30100591,52464568,1966,2
30100592,52464568,1966,3
30100598,52651282,1970,1
30100600,52651282,1970,2
30100603,52651282,1970,3
30100612,53362057,1970,2
30100654,52563579,1995,0
30100657,52563579,1995,0
30100659,52563579,1995,2
30100673,52400378,2002,
30100689,52582264,1970,0
30100690,52582264,1970,1
30100692,52582264,1970,2
30100694,52582264,1970,2
30100696,52582264,1970,3
30100697,52582264,1970,3
30100699,52582264,1970,3
30100700,52582264,1970,3
30100701,52582264,1970,4
30100705,52582264,1970,4
30100721,52647393,1970,3
30100724,52705449,1960,0
30100726,52705449,1960,1
30100729,52705449,1960,3
30100730,52705449,1960,3
30100736,52715857,1970,2
30100737,52715857,1970,2
30100738,52715857,1970,2
30100739,52715857,1970,3
30100741,52715857,1970,3
30100751,52489894,1970,0
30100760,53172994,1970,0
30100762,53172994,1970,1
30100763,53172994,1970,2
30100764,53172994,1970,2
30100766,53106660,1970,1
30100770,53106660,1970,2
30100772,53106660,1970,2
30100773,53106660,1970,2
30100776,53106660,1970,3
30100777,53106660,1970,3
30100778,53106660,1970,4
30100779,53106660,1970,4
30100781,53106660,1970,4
30100782,53106660,1970,1
30100786,53106660,1970,2
30100787,53106660,1970,2
30100788,53106660,1970,2
30100790,53106660,1970,3
30100791,53106660,1970,3
30100792,53106660,1970,3
30100795,53106660,1970,4
30100803,53179355,1970,1
30100805,53179355,1970,1
30100806,53179355,1970,2
30100808,53179355,1970,2
30100809,53179355,1970,3
30100815,52688634,1970,2
30100818,52688634,1970,3
30100822,52559028,1960,1
30100827,52664700,1970,1
30100831,52664700,1970,2
30100833,52664700,1970,2
30100837,52664700,1970,3
30100844,52664700,1970,2
30100846,52664700,1970,2
30100848,52664700,1970,3
30100860,53362986,1997,3
30100861,53362986,1997,3
30100862,53362986,1997,1
30100863,53362986,1997,1
30100864,53362986,1997,2
30100865,53362986,1997,2
30100866,53362986,1997,3
30100867,53362986,1997,3
30100870,52662944,1970,1
30100872,52662944,1970,1
30100873,52662944,1970,1
30100876,52662944,1970,2
30100879,52662944,1970,3
30100880,52662944,1970,3
30100890,52678986,1970,2
30100892,52678986,1970,3
30100895,53365700,1970,0
30100897,53365700,1970,0
30100900,53365700,1970,1
30100909,52647337,1970,1
30100910,52647337,1970,1
30100914,52647337,1970,2
30100915,52647337,1970,2
30100917,52647337,1970,3
30100924,52798359,1970,0
30100928,52798359,1970,0
30100933,52798359,1970,1
30100935,52798359,1970,2
30100939,52798359,1970,2
30100951,52962924,1980,3
30100962,53378956,1970,4
30100963,53378956,1970,4
30100966,52986502,1970,1
30100969,52986502,1970,3
30100990,52753468,1970,2
30100999,52650409,1970,1
30101000,52650409,1970,1
30101001,52650409,1970,1
30101002,52650409,1970,1
30101004,52650409,1970,2
30101016,52650409,1970,3
30101017,52650409,1970,3
30101019,52650409,1970,3
30101023,53365620,1970,1
30101026,53365620,1970,2
30101027,53365620,1970,2
30101031,53365620,1970,3
30101033,53365620,1970,
30101037,52660630,1970,0
30101040,52660630,1970,1
30101041,52660630,1970,1
30101043,52660630,1970,1
30101045,52660630,1970,2
30101048,52660630,1970,2
30101055,52799368,1970,0
30101058,52799368,1970,0
30101059,52799368,1970,1
30101062,52799368,1970,0
30101063,52799368,1970,0
30101064,52799368,1970,2
30101066,52799368,1970,2
30101067,52799368,1970,0
30101069,52799368,1970,3
30101073,52799368,1970,3
30101074,52799368,1970,3
30101077,52769515,1950,0
30101081,52769515,1950,1
30101084,52708419,1975,1
30101085,52708419,1975,1
30101089,52708419,1975,3
30101091,52662039,1970,0
30101104,53049437,1980,3
30101105,53049437,1980,3
30101119,52680107,2000,1
30101128,53365693,1980,1
30101130,53365693,1980,2
30101131,53365693,1980,2
30101132,53365693,1980,3
30101134,53365693,1980,4
30101139,52672812,1970,1
30101144,52672812,1970,3
30101145,52672812,1970,3
30101146,52672812,1970,3
30101148,53386778,1970,0
30101149,53386778,1970,1
30101155,53386778,1970,3
30101159,52672812,1970,0
30101165,52672812,1970,1
30101166,52672812,1970,2
30101168,52672812,1970,2
30101169,52672812,1970,2
30101174,52713476,1987,2
30101176,52713476,1987,3
30101177,52713476,1987,3
30101180,52679882,1970,1
30101181,52679882,1970,1
30101184,52679882,1970,2
30101185,52679882,1970,3
30101189,52962028,1970,1
30101190,52962028,1970,1
30101192,52962028,1970,2
30101196,52962028,1970,2
30101197,52962028,1970,3
30101199,52660604,1970,0
30101202,52660604,1970,1
30101204,52660604,1970,2
30101216,52684508,1968,
30101223,52684508,1968,1
30101231,52707041,1970,0
30101232,52707041,1970,1
30101234,52707041,1970,1
30101237,52707041,1970,2
30101241,52716265,1987,1
30101242,52716265,1987,1
30101243,52716265,1987,2
30101263,52704956,1970,0
30101268,52704956,1970,1
30101269,52704956,1970,2
30101271,52704956,1970,2
30101277,52680606,1970,2
30101278,52680606,1970,2
30101281,52688599,1960,1
30101286,52688599,1960,2
30101287,52688599,1960,3
30101292,52796495,1970,1
30101295,52796495,1970,2
30101302,52682128,1970,0
30101305,52682128,1970,1
30101306,52682128,1970,1
30101309,52682128,1970,2
30101310,52682128,1970,2
30101313,53372127,1989,0
30101321,52650410,1970,0
30101322,52650410,1970,1
30101325,52650410,1970,2
30101328,52805799,1960,0
30101330,52805799,1960,2
30101333,52657544,1990,0
30101349,52683570,1970,2
30101350,52683570,1970,2
30101354,52801114,1970,1
30101360,52797984,1960,0
30101383,52683816,1980,2
30101385,52683816,1980,3
30101386,52683816,1980,3
30101389,52683816,1980,1
30101391,52683816,1980,2
30101393,52683816,1980,2
30101394,52683816,1980,3
30101395,52683816,1980,3
30101396,52683816,1980,3
30101403,52793685,1980,1
30101404,52793685,1980,1
30101408,52793685,1980,2
30101410,52793685,1980,2
30101412,52793685,1980,2
30101418,52793685,1980,3
30101419,52793685,1980,4
30101423,53027734,1990,0
30101424,53027734,1990,0
30101434,53027734,1990,3
30101441,52663419,1983,1
30101448,52663419,1983,4
30101646,53365769,1960,0
30101647,53365769,1960,0
30101650,53365769,1960,0
30101651,53365769,1960,1
30101652,53365769,1960,1
30101654,53361734,1970,1
30101661,53361734,1970,4
30101664,53359748,1968,0
30101665,53359748,1968,0
30101667,53359748,1968,0
30101669,53359748,1968,1
30101694,53371564,1970,1
30101727,53368275,1970,1
30101734,53368275,1970,2
30101735,53368275,1970,2
30101740,53368275,1970,3
30101742,53368275,1970,3
30101744,53368275,1970,3
30101746,53368275,1970,4
30101748,53368275,1970,4
30101762,52662888,1970,2
30101771,52662888,1970,2
30101778,53446076,1970,
30101780,53446076,1970,1
30101781,53446076,2032,2
30101782,53446076,1970,2
30101787,53446076,2032,1
30101788,53446076,1970,1
30101791,53446076,1970,3
30101806,52684330,1960,2
30101812,52684330,1960,1
30101815,52684330,1960,2
30101816,52684330,1960,3
30101821,52684330,1960,1
30101824,52684330,1960,3
30101825,52684330,1960,3
30101832,52660651,1960,2
30101833,52660651,1960,3
30101835,52660651,1960,
30101836,52660651,1960,
30101837,52660651,1960,1
30101844,52660651,1960,
30101845,52660651,1960,1
30101847,52660651,1960,2
30101849,52660651,1960,3
30101852,52663910,1970,
30101855,52663910,1970,1
30101858,52663910,1970,3
30101859,52663910,1970,3
30101866,52805312,1960,1
30101869,52805312,1960,3
30101873,52805312,1960,1
30101874,52805312,1960,1
30101876,52805312,1960,2
30101877,52805312,1960,3
30101878,52805312,1960,3
30101879,52805312,1960,0
30101883,52805312,1960,2
30101885,52805312,1960,3
30101891,52660225,1970,0
30101892,52660225,1970,0
30101898,52660225,1970,1
30101902,52660225,1970,2
30101905,52660225,1970,2
30101906,52660225,1970,2
30101908,52660225,1970,3
30101910,52660225,1970,3
30101911,52660225,1970,3
30101916,52662512,1970,0
30101917,52662512,1970,0
30101918,52662512,1970,0
30101920,52662512,1970,0
30101922,52662512,1970,1
30101924,52662512,1970,1
30101931,52662512,1970,2
30101934,52662512,1970,3
30101935,52662512,1970,3
30101936,52662512,1970,3
30101938,52662512,1970,3
30101942,52656833,1980,1
30101943,52656833,1980,1
30101948,52656833,1980,2
30101949,52656833,1980,2
30101950,52656833,1980,3
30101973,52658004,2008,-1
30101976,52658004,2008,0
30101977,52658004,2008,0
30102049,52647801,1950,2
30102128,52667839,1950,2
30102161,52686397,1990,0
30102171,53149409,1980,1
30102173,53149409,1980,1
30102176,53149409,1980,2
30102177,53149409,1980,0
30102178,53149409,1980,1
30102183,52656908,1975,3
30102192,52798334,1970,3
30102203,52664894,1920,1
30102209,52664894,1920,2
30102213,52656124,1980,1
30102240,53363009,1970,0
30102243,53363009,1970,2
30102244,53363009,1970,2
30102248,52552392,1970,1
30102249,52552392,1970,2
30102254,52694607,1970,0
30102256,52694607,1970,1
30102258,52694607,1970,2
30102306,52681079,1960,1
30102307,52681079,1960,2
30102308,52681079,1960,2
30102309,52681079,1960,2
30102317,52992060,1960,0
30102326,53033803,1970,2
30102327,53033803,1970,2
30102334,52661545,1980,2
30102339,52696608,1972,0
30102340,52696608,1972,1
30102342,52696608,1972,2
30102345,53366864,1970,-1
30102350,53366864,1970,2
30102355,52715222,1960,1
30102356,52715222,1960,2
30102372,52687671,1970,3
30102375,52649018,1970,0
30102376,52649018,1970,0
30102379,52649018,1970,1
30102392,52664328,1970,0
30102393,52664328,1970,2
30102395,52664328,1970,3
30102396,52664328,1970,3
30102399,52657356,1960,0
30102404,52657356,1960,2
30102405,52657356,1960,2
30102414,53366795,1970,1
30102438,53378983,1980,3
30102441,53378983,1980,3
30102446,52798502,1960,1
30102448,52798502,1960,2
30102458,52682472,1980,1
30102460,52682472,1980,2
30102465,52647298,1970,1
30102466,52647298,1970,2
30102468,52647298,1970,3
30102469,52647298,1970,3
30102475,52791336,1970,2
30102488,52663055,1991,3
30102489,52663055,1991,3
30102492,52647091,1970,1
30102501,52647091,1970,3
30102502,52647091,1970,3
30102503,52647091,1970,3
30102505,52409070,1972,1
30102506,52409070,1972,2
30102509,52409070,1972,3
30102510,52409070,1972,3
30102512,52409070,1972,4
30102515,52658275,1980,0
30102524,52662927,1970,1
30102525,52662927,1970,1
30102526,52662927,1970,2
30102527,52662927,1970,2
30102532,52662927,1970,1
30102537,52662927,1970,2
30102539,52662927,1970,3
30102545,52791518,1960,
30102552,52791518,1960,1
30102554,52791518,2012,2
30102556,52791518,1960,2
30102560,53365721,1969,1
30102562,53365721,1969,2
30102563,53365721,1969,2
30102564,53365721,1969,3
30102570,52647353,1970,1
30102571,52647353,1970,2
30102576,52647761,1968,2
30102578,52647761,1968,3
30102583,52791337,1970,1
30102584,52791337,1970,2
30102585,52791337,1970,2
30102587,52791337,1970,3
30102603,52703750,1970,4
30102604,52703750,1970,4
30102607,53379022,1970,0
30102608,53379022,1970,0
30102611,53379022,1970,1
30102617,53379022,1970,1
30102619,53379022,1970,2
30102622,53379022,1970,2
30102623,53379022,1970,2
30102677,52676073,2000,
30102685,52445128,1980,4
30102687,52445128,1980,1
30102688,52445128,1980,1
30102689,52445128,1980,2
30102707,52712066,1980,2
30102708,52712066,1980,3
30102709,52712066,1980,3
30102720,52553082,1980,1
30102722,52553082,1980,2
30102729,52553082,1980,3
30102730,52553082,1980,3
30102731,52553082,1980,3
30102739,52647758,1980,2
30102747,52647758,1980,3
30102751,52647758,1980,4
30102761,52463694,1970,1
30102770,52463694,1970,3
30102771,52463694,1970,3
30102776,52711159,1989,1
30102790,52655495,1990,3
30102792,52704993,1986,1
30102795,52704993,1986,1
30102806,53362055,1971,0
30102808,53362055,1971,1
30102811,53362055,1971,2
30102819,52664862,1970,2
30102820,52664862,1970,3
30102832,52496835,1970,1
30102835,52496835,1970,2
30102844,52665328,1960,3
30102847,52656762,1986,1
30102849,52656762,1986,3
30102853,53359883,1970,1
30102858,53359883,1970,3
30102864,52647738,1980,2
30102868,52647738,1980,3
30102869,52647738,1980,4
30102870,52647738,1980,4
30102888,52716666,1970,2
30102890,52716666,1970,2
30102891,52716666,1970,3
30102892,52716666,1970,3
30102894,52716666,1970,3
30102901,52701645,1970,2
30102902,52701645,1970,3
30102914,52791366,1970,2
30102919,52661559,1989,0
30102950,52663019,1980,0
30102952,52663019,1980,0
30102970,52649665,1970,
30102972,52649665,1970,1
30102974,52649665,1970,1
30102979,52649665,1970,2
30103031,52711193,1970,0
30103034,52711193,1970,0
30103042,52711193,1988,1
30103123,53448762,1980,0
30103124,53448762,1980,0
30103127,53325777,1981,0
30103130,53325777,1981,2
30103138,52665699,1949,
30103141,52650896,1970,1
30103144,52650896,1970,2
30103154,52694676,1999,0
30103155,52694676,1999,1
30103159,53386220,1988,0
30103170,53136606,1930,1
30103171,53136606,1930,1
30103186,52594796,1994,0
30103187,52594796,1994,0
30103192,53322046,1970,0
30103193,53322046,1970,0
30103205,52445290,1960,0
30103209,52445290,1960,1
30103216,52409614,1940,1
30103225,52433835,1990,0
30103259,52760077,1995,
30103266,52648504,1970,1
30103274,52408835,1961,2
30103428,52446160,2001,1
30103430,52446160,2001,1
30103432,52446160,2001,2
30103439,52431375,1960,1
30103447,52448684,2009,
30103462,52491851,1974,0
30103468,52436845,1970,1
30103472,52436845,1970,3
30103480,52515361,1993,2
30103486,52434060,1987,1
30103496,52445243,1980,0
30103515,52445786,1980,1
30103554,52792826,1960,0
30103555,52792826,1960,0
30103557,52792826,1960,0
30103558,52792826,1960,1
30103560,52792826,1960,1
30103562,52792826,1960,2
30103563,52792826,1960,2
30103567,53374340,1970,1
30103568,53374340,1970,1
30103570,53374340,1970,2
30103573,53374340,1970,3
30103574,53374340,1970,4
30103579,52739066,1960,
30103581,52739066,1960,1
30103583,52739066,1960,2
30103587,52739066,1960,3
30103611,52676319,1970,1
30103615,52676319,1970,2
30103620,52754762,1970,0
30103621,52754762,1970,1
30103622,52754762,1970,1
30103623,52754762,1970,2
30103630,52730522,1970,1
30103637,52730522,1970,5
30103640,52730522,1970,6
30103647,52712614,1960,
30103665,52730481,1970,1
30103667,52730481,1970,2
30103669,52730481,1970,3
30103671,52730481,1970,4
30103674,52670452,1970,0
30103676,52670452,1970,1
30103677,52670452,1970,1
30103680,52670452,1970,2
30103682,52670452,1970,2
30103686,52406239,1965,
30103689,52406239,1965,0
30103690,52406239,1965,0
30103699,53365214,1970,1
30103701,53365214,1970,1
30103707,53371702,1970,1
30103708,53371702,1970,1
30103711,53371702,1970,3
30103712,53371702,1970,3
30103714,53371702,1970,5
30103718,53436658,1978,0
30103726,53436658,1978,4
30103729,52432498,1997,1
30103731,52432498,1997,3
30103732,52432498,1997,4
30103733,52432498,1997,5
30103734,52432498,1997,5
30103736,52689902,1964,0
30103737,52689902,1964,0
30103738,52689902,1964,1
30103757,52663300,1970,0
30103765,52663300,1970,3
30103766,52663300,1970,3
30103877,52677183,1971,3
30103879,52677183,1971,3
30103901,52663813,1970,2
30103902,52663813,1970,2
30103904,52663813,1970,3
30103915,52685060,1970,3
30103923,53373035,1970,0
30103924,53373035,1970,0
30103928,53373035,1970,2
30103931,53373035,1970,3
30103932,53373035,1970,3
30103933,53373035,1970,3
30103938,52678863,1970,3
30103958,52962481,1970,0
30103961,52962481,1970,0
30103976,53373145,1970,3
30103980,52661864,1950,0
30103981,52661864,1950,0
30103984,52661864,1950,1
30103985,52661864,1950,2
30103987,52661864,1950,2
30103991,53385864,1970,-1
30103997,53385864,1970,2
30104002,52724088,1968,0
30104008,52724088,1968,2
30104009,52724088,1968,2
30104010,52724088,1968,2
30104013,53004346,1970,0
30104015,53004346,1970,1
30104018,53004346,1970,3
30104020,53004346,1970,2
30104025,52662452,1965,1
30104034,52772403,1970,0
30104035,52772403,1970,0
30104036,52772403,1970,1
30104037,52772403,1970,1
30104038,52772403,1970,1
30104039,52772403,1970,2
30104043,52772403,1970,3
30104055,52772403,1970,3
30104057,52772403,1970,0
30104062,52772403,1970,1
30104065,52772403,1970,2
30104066,52772403,1970,2
30104067,52772403,1970,3
30104069,52772403,1970,3
30104072,52682822,1960,1
30104073,52682822,1960,1
30104092,52647058,1970,2
30104094,52647058,1970,0
30104096,52647058,1970,1
30104101,52700305,1950,1
30104105,52700305,1950,2
30104108,52700305,1950,3
30104111,52772864,1971,1
30104113,52772864,1971,1
30104129,52717269,1970,5
30104130,52717269,1970,5
30104135,52695113,1960,0
30104136,52695113,1960,1
30104138,52695113,1960,2
30104145,52677455,1970,3
30104149,53385946,1960,0
30104153,53385946,1960,1
30104210,52731099,1970,1
30104212,52731099,1970,2
30104213,52731099,1970,2
30104216,52655079,1970,0
30104221,52655079,1970,3
30104227,53380258,1970,1
30104231,53380258,1970,2
30104232,53380258,1970,2
30104237,53121486,1960,1
30104238,53121486,1960,2
30104242,53121486,1960,3
30104252,52713961,1968,3
30104257,52656038,1960,2
30104260,52692888,1970,1
30104264,52692888,1970,2
30104265,52692888,1970,2
30104268,52692888,1970,3
30104276,53375124,1960,1
30104278,53375124,1960,2
30104289,52718121,1969,0
30104291,52718121,1969,0
30104294,52718121,1969,2
30104302,52696165,1960,0
30104303,52696165,1960,1
30104306,52696165,1960,2
30104307,52696165,1960,2
30104308,52696165,1960,2
30104313,53382210,1960,-1
30104317,53382210,1960,1
30104342,52733395,1960,0
30104345,52733395,1960,1
30104357,52776529,1968,0
30104373,52773846,1970,2
30104374,52773846,1970,2
30104384,53371519,1950,0
30104387,53371519,1950,1
30104394,53371519,1950,2
30104396,53371519,1950,3
30104411,52679673,1980,4
30104414,52654188,1980,1
30104416,52654188,1980,2
30104422,52715105,1950,0
30104423,52715105,1950,1
30104430,52715105,1950,2
30104441,52770028,1950,2
30104469,53097507,1952,0
30104475,52723263,1950,1
30104482,52682691,1955,2
30104503,52490991,1950,0
30104504,52490991,1950,0
30104505,52490991,1950,1
30104514,52726100,1973,0
30104525,53116115,1980,2
30104531,52761560,1953,-1
30104552,52686630,1950,0
30104561,52686630,1950,2
30104564,52686630,1950,3
30104593,52732004,1960,3
30104612,52677456,1960,0
30104637,52766712,1967,0
30104639,52766712,1967,1
30104641,52766712,1967,2
30104645,52732485,1970,1
30104646,52732485,1970,1
30104652,52662858,1960,0
30104655,52662858,1960,2
30104660,52410935,1970,0
30104672,52684791,1970,
30104673,52684791,1970,
30104681,52684791,1970,2
30104682,52684791,1970,2
30104689,52701222,2005,0
30104701,52701222,2005,5
30104721,52682761,1970,4
30104722,52682761,1970,4
30104726,52722632,1970,2
30104730,52722632,1970,
30104737,52762954,1985,2
30104748,52717606,1960,4
30104749,52717606,1960,5
30104782,52464120,1970,
30104783,52464120,1970,
30104786,52464120,1970,
30104792,52417016,1970,0
30104793,52417016,1970,1
30104795,52417016,1970,0
30104798,52417016,1970,2
30104800,53103899,1970,1
30104801,53103899,1970,2
30104804,53103899,1970,3
30104805,53103899,1970,4
30104810,53103899,1970,6
30104811,53103899,2008,7
30104821,52966266,1970,4
30104823,52966266,1970,4
30104835,52529715,1973,4
30104837,52529715,1973,5
30104839,52529715,1973,7
30104845,53340853,1970,1
30104847,53340853,1970,2
30104848,53340853,1970,3
30104851,52569583,1960,0
30104855,52569583,1960,2
30104856,52569583,1960,2
30104864,52499324,1970,0
30104866,52499324,1970,1
30104872,52499324,1970,1
30104875,52499324,1970,2
30104876,52499324,1970,3
30104877,52499324,1970,3
30104882,52547585,1970,1
30104885,52547585,1970,2
30104888,52547585,1970,2
30104893,52396289,1970,0
30104897,52396289,1970,1
30104898,52396289,1970,2
30104904,52396289,1970,3
30104905,52396289,1970,3
30104907,52541132,1960,0
30104908,52541132,1960,0
30104911,52541132,1960,1
30104916,52541132,1960,3
30104922,52428451,1960,1
30104924,52428451,1960,2
30104927,52428451,1960,3
30104928,52428451,1960,3
30104939,52417036,1960,1
30104941,52417036,1960,3
30104943,52417036,1960,5
30104944,52417036,1960,6
30104948,52414228,1995,1
30104950,52414228,1995,3
30104954,52414228,1995,7
30104960,52583767,1979,5
30104966,52529366,1980,3
30104970,52529366,1980,6
30104973,52529366,1980,8
30104980,52417802,1973,4
30104986,52417802,1973,1
30104989,52445594,1970,0
30104991,52445594,1970,1
30104994,52445594,1970,2
30104997,52445594,1970,3
30104999,52791533,1960,0
30105001,52791533,1960,0
30105005,52791533,1960,0
30105009,52791533,1960,0
30105011,52791533,1960,2
30105018,52791533,1960,1
30105024,52791533,1960,1
30105025,52791533,1960,1
30105032,52791533,1960,2
30105035,52791533,1960,2
30105036,52791533,1960,2
30105037,52791533,1960,2
30105039,52791533,1960,2
30105040,52791533,1960,2
30105041,52791533,1960,2
30105050,53381823,1950,1
30105053,53381823,1950,1
30105055,53381823,1950,1
30105059,53381823,1950,1
30105062,53381823,1950,2
30105065,53381823,1950,2
30105066,53381823,1950,2
30105067,53381823,1950,2
30105068,53381823,1950,2
30105071,53381823,1950,2
30105074,53381823,1950,2
30105080,53381823,1950,3
30105092,53381823,1950,4
30105093,53381823,1950,4
30105096,53381823,1950,4
30105097,53381823,1950,4
30105099,53381823,1950,4
30105100,53381823,1950,4
30105104,53381823,1950,4
30105149,53374672,1986,2
30105151,53374672,1986,4
30105155,52678742,1968,0
30105156,52678742,1968,1
30105159,52678742,1968,2
30105161,52678742,1968,3
30105169,52721829,1970,1
30105170,52721829,1970,1
30105176,52721829,1970,1
30105187,52680684,1970,0
30105189,52680684,1970,0
30105191,52680684,1970,1
30105199,52680684,1970,2
30105200,52680684,1970,2
30105202,52680684,1970,2
30105206,53022380,1970,0
30105209,53022380,1970,0
30105210,53022380,1970,0
30105213,53022380,1970,0
30105216,53022380,1970,1
30105225,53022380,1970,2
30105235,52550672,1960,0
30105237,52550672,1960,0
30105242,52550672,1960,1
30105244,52550672,1960,1
30105245,52550672,1960,2
30105250,52550672,1960,2
30105254,52730025,1970,1
30105259,52730025,1970,3
30105269,52510349,1960,1
30105270,52510349,1960,2
30105305,52453414,1970,0
30105309,52453414,1970,1
30105311,52453414,1970,1
30105323,52582814,1970,5
30105329,52529383,1960,2
30105333,52529383,1960,5
30105335,52529383,1960,6
30105337,52529383,1960,7
30105342,52584806,1970,2
30105343,52584806,1970,3
30105344,52584806,1970,3
30105345,52584806,1970,4
30105347,52584806,1970,5
30105352,52557353,1981,1
30105356,52557353,1981,4
30105360,52557353,1981,5
30105370,52494007,1970,4
30105373,53106713,1970,1
30105375,53106713,1970,1
30105378,53106713,1970,2
30105380,53106713,1970,2
30105382,53106713,1970,3
30105393,52546741,1970,2
30105394,52546741,1970,3
30105395,52546741,1970,3
30105404,53339007,1970,3
30105406,53339007,1970,4
30105408,52463636,1970,1
30105411,52463636,1970,3
30105415,52463636,1970,4
30105416,52463636,1970,5
30105421,52563009,1960,2
30105427,52563009,1960,4
30105429,52563009,1960,5
30105437,52459005,1970,1
30105438,52459005,1970,1
30105443,52459005,1970,2
30105451,52459005,1970,3
30105452,52459005,1970,3
30105454,52459005,1970,4
30105456,52459005,1970,4
30105458,52459005,1970,4
30105462,52459005,1970,5
30105465,52459005,1970,5
30105481,52450132,1980,2
30105482,52450132,1980,2
30105499,52528361,1985,3
30105502,52528361,1985,5
30105503,52528361,1985,5
30105508,52463448,2005,1
30105511,52463448,2005,2
30105512,52463448,2005,2
30105514,52463448,2005,3
30105515,52463448,2005,4
30105517,52463448,2005,5
30105521,52463448,2005,8
30105522,52463448,2005,6
30105524,52463448,2005,6
30105525,52463448,2005,7
30105526,52463448,2005,7
30105531,52463448,2005,8
30105539,52542207,1970,1
30105549,52542207,1970,1
30105552,52542207,1970,2
30105555,52542207,1970,3
30105556,52542207,1970,3
30105557,52542207,1970,3
30105558,52542207,1970,4
30105560,52542207,1970,4
30105564,52396967,1970,2
30105566,52396967,1970,3
30105570,52545777,1920,0
30105575,52545777,1920,2
30105576,52545777,1920,2
30105583,52416002,1980,2
30105584,52416002,1980,2
30105587,52416002,1980,3
30105592,52518959,1970,2
30105593,52518959,1970,2
30105596,52518959,1970,3
30105601,52518959,1970,4
30105607,53347315,1970,2
30105608,53347315,1970,2
30105610,53347315,1970,2
30105615,53347315,1970,4
30105619,53347315,1970,5
30105620,53347315,1970,5
30105622,52398846,1970,0
30105631,52398846,1970,1
30105635,52398846,1970,2
30105636,52398846,1970,2
30105639,52398846,1970,2
30105642,52398846,1970,3
30105647,53337817,1970,1
30105648,53337817,1970,1
30105649,53337817,1970,1
30105652,53337817,1970,2
30105657,53337817,1970,3
30105659,53337817,1970,4
30105661,53337817,1970,4
30105668,52410740,1988,1
30105669,52410740,1988,2
30105670,52410740,1988,2
30105674,52410740,1988,3
30105682,52528836,1970,2
30105684,52528836,1970,3
30105690,52453508,1980,1
30105691,52453508,1980,2
30105697,52453508,1980,4
30105702,52582333,1970,2
30105711,52582333,1970,4
30105714,52582333,1970,5
30105715,52582333,1970,5
30105716,52582333,1970,5
30105729,52582333,1970,3
30105745,52516384,1970,1
30105754,52516384,1970,4
30105755,52516384,1970,4
30105761,52414424,1999,0
30105767,52414424,1999,3
30105769,52414424,1999,4
30105778,52414424,1999,2
30105780,52414424,1999,3
30105781,52414424,1999,3
30105787,52509714,1970,
30105794,52509714,1970,2
30105795,52509714,1970,3
30105799,52549651,1970,1
30105803,52549651,1970,2
30105804,52549651,1970,2
30105806,52549651,1970,3
30105809,52549651,1970,4
30105814,52523895,1973,2
30105815,52523895,1973,2
30105824,53342884,1983,2
30105827,53342884,1983,3
30105844,52563683,1970,1
30105848,52563683,1970,2
30105851,52563683,1970,3
30105852,52563683,1970,3
30105853,52563683,1970,3
30105858,52563683,1970,4
30105862,52563683,1970,5
30105872,52493507,1970,1
30105876,52493507,1970,2
30105880,52493507,1970,3
30105886,52493507,1970,4
30105889,52493507,1970,5
30105890,52493507,1970,5
30105891,52493507,1970,5
30105902,52478186,1970,1
30105904,52478186,1970,1
30105908,52478186,1970,2
30105916,52478186,1970,4
30105923,52478186,1970,6
30105925,52478186,1970,7
30105928,52478186,1970,7
30105934,52548802,1970,2
30105936,52548802,1970,3
30105937,52548802,1970,3
30105939,52548802,1970,1
30105940,52548802,1970,2
30105941,52548802,1970,2
30105942,52548802,1970,3
30105943,52548802,1970,3
30105948,52548802,1970,1
30105951,52548802,1970,2
30105952,52548802,1970,3
30105955,52548802,1970,0
30105956,52548802,1970,0
30105962,52548802,1970,3
30105966,52548802,1970,0
30105969,52548802,1970,1
30105970,52548802,1970,2
30105972,52548802,1970,3
30105976,52397305,1960,1
30105978,52397305,1970,2
30105979,52397305,1970,2
30105985,52397305,1960,1
30105987,52397305,1960,2
30106004,52397305,1960,1
30106008,52397305,1960,3
30106011,52397305,1970,4
30106017,52397305,1960,1
30106020,52397305,1970,3
30106023,52397305,1960,4
30106024,52397305,1970,0
30106029,52397305,1970,2
30106033,52397305,1960,4
30106036,52397305,1960,1
30106043,52397305,1960,4
30106047,52397305,1960,2
30106050,52397305,1960,3
30106052,52397305,1960,4
30106060,52551066,1960,4
30106062,52551066,1960,1
30106065,52551066,1960,2
30106067,52551066,1960,3
30106069,52551066,1960,4
30106072,52551066,1960,2
30106073,52551066,1960,2
30106075,52551066,1960,3
30106077,52551066,1960,4
30106081,52551066,1960,2
30106082,52551066,1960,2
30106087,52551066,1960,4
30106091,52551066,1960,1
30106096,52551066,1960,4
30106097,52551066,1960,4
30106099,52551066,1960,5
30106100,52551066,1960,1
30106106,52551066,1960,4
30106112,52526794,1960,2
30106113,52551066,1960,2
30106114,52551066,1960,3
30106122,52551066,1960,2
30106124,52551066,1960,3
30106133,52531941,1970,4
30106137,52531941,1970,3
30106139,52531941,1970,1
30106151,52531941,1970,2
30106152,52531941,1970,3
30106153,52531941,1970,3
30106155,52531941,1970,4
30106162,52531941,1970,3
30106163,52531941,1970,3
30106164,52531941,1970,4
30106167,52531941,1970,0
30106176,52531941,1970,0
30106182,52531941,1970,3
30106184,52531941,1970,4
30106189,52531941,1970,2
30106190,52531941,1970,2
30106193,52531941,1970,4
30106194,52531941,1970,4
30106196,52526794,1960,1
30106209,52526794,1960,3
30106213,52526794,1960,2
30106216,52526794,1960,3
30106217,52526794,1960,4
30106223,52526794,1960,2
30106225,52526794,1960,3
30106228,52526794,1970,5
30106235,52526794,1960,3
30106239,52526794,1970,5
30106246,52526794,1970,4
30106254,52526794,1960,3
30106255,52526794,1960,4
30106256,52526794,1960,4
30106257,52526794,1960,5
30106262,52584632,1960,2
30106264,52584632,1960,3
30106268,52584632,1960,1
30106273,52584632,1960,4
30106276,52531941,1970,5
30106287,52584632,1960,3
30106292,52584632,1960,6
30106338,52413542,1980,1
30106350,52413542,1980,1
30106358,52413542,1980,3
30106362,52413542,1980,4
30106363,52413542,1980,4
30106376,52413542,1980,4
30106381,52508886,1960,0
30106382,52508886,1960,0
30106385,52508886,1960,1
30106388,52508886,1960,2
30106392,52508886,1960,3
30106393,52508886,1960,3
30106394,52508886,1960,1
30106399,52508886,1960,2
30106408,52508886,1960,1
30106409,52508886,1960,1
30106412,52508886,1960,2
30106416,52508886,1960,3
30106515,52664785,1970,
30106612,52650368,1998,0
30106627,52688581,1992,0
30106631,52688581,1992,1
30106655,53163734,1998,1
30106657,53163734,1998,1
30106659,53163734,1998,2
30106662,53163734,1998,3
30106663,53163734,1998,3
30106669,52699794,1980,0
30106673,52699794,1980,1
30106676,52699794,1980,2
30106677,52699794,1980,2
30107229,52992697,1970,2
30107230,52992697,1970,2
30107236,52457605,1960,0
30107243,53345043,1960,1
30107321,52540210,1970,2
30107348,52396684,1955,2
30107351,52556688,1950,1
30107352,52556688,1950,1
30107358,52556688,1950,2
30107361,52526316,1950,1
30107367,52526316,1950,2
30107388,52515618,1940,1
30107403,52427872,1950,1
30107406,52427872,1950,2
30107411,52401659,1948,1
30107421,52585059,1948,1
30107445,52413099,1950,2
30107462,52551321,1960,2
30107473,52528952,1950,2
30107480,52548460,1950,1
30107514,53338367,1950,2
30107522,53326117,1955,2
30107534,52563061,1950,-1
30107536,52563061,1950,-1
30107538,52481934,1960,1
30107540,52481934,1960,2
30107542,52481934,1960,0
30107547,52436273,1980,2
30107549,52563633,1960,1
30107551,52563633,1960,2
30107555,52414648,1950,1
30107562,53317658,1955,2
30107576,52549744,1950,1
30107578,52549744,1950,2
30107603,53332201,1960,0
30107614,52541627,1960,1
30107625,52528723,1960,1
30107628,52528723,1960,2
30107629,52528723,1960,2
30108297,52666823,1939,0
30108298,52666823,1939,0
30108299,52666823,1939,1
30108300,52666823,1939,1
30108304,52658375,1950,0
30108306,52658375,1950,2
30108318,52646568,1970,1
30108329,52801554,1970,1
30108335,52801554,1970,4
30108338,53101951,1974,1
30108341,53101951,1974,2
30108344,53101951,1974,4
30108345,53101951,1974,4
30108352,53360851,1950,0
30108356,53360851,1950,1
30108357,53360851,1950,1
30108359,53360851,1950,1
30108361,53360851,1950,2
30108365,53360851,1950,2
30108368,53360677,1950,0
30108369,53360677,1950,0
30108371,53360677,1950,0
30108374,53360677,1950,1
30108383,53360677,1950,2
30108384,52727761,1950,0
30108392,52727761,1950,1
30108396,52727761,1950,2
30108399,52727761,1950,2
30108401,53363333,1950,0
30108404,53363333,1950,0
30108406,53363333,1950,1
30108407,53363333,1950,1
30108409,53363333,1950,1
30108410,53363333,1950,1
30108411,53363333,1950,1
30108414,53363333,1950,2
30108415,53363333,1950,2
30108416,52727761,1950,0
30108418,52727761,1950,0
30108419,52727761,1950,0
30108421,52727761,1950,0
30108423,52727761,1950,1
30108424,52727761,1950,1
30108425,52727761,1950,1
30108426,52727761,1950,1
30108437,53363333,1950,0
30108442,53363333,1950,1
30108444,53363333,1950,1
30108447,53363333,1950,2
30108449,53363333,1950,2
30108457,52727761,1950,0
30108466,52727761,1950,2
30108475,52727761,1950,1
30108477,52727761,1950,1
30108478,52727761,1950,1
30108480,52727761,1950,2
30108484,52684610,1950,0
30108486,52684610,1950,0
30108490,52684610,1950,1
30108491,52727761,1950,0
30108495,52727761,1950,0
30108496,52727761,1950,0
30108497,52727761,1950,0
30108503,52727761,1950,1
30108506,52727761,1950,1
30108507,52727761,1950,2
30108514,52431149,1950,0
30108515,52431149,1950,0
30108517,52431149,1950,0
30108523,52431149,1950,1
30108525,52431149,1950,2
30108602,52666842,1960,0
30108615,52666842,1960,2
30108624,52666842,1960,4
30108630,52666842,1960,5
30108634,52666842,1960,5
30108639,52666842,1960,6
30108664,52645652,1960,0
30108693,52645652,1960,3
30108700,52645652,1960,4
30108702,52645652,1960,4
30108706,52645652,1960,4
30108721,52415497,1970,1
30108722,52415497,1970,2
30108724,52415497,1970,3
30108725,52415497,1970,3
30108737,53323495,1970,0
30108743,52793862,1970,0
30108745,52793862,1970,1
30108749,52793862,1970,2
30108750,52793862,1970,2
30108751,52793862,1970,2
30108754,52651422,1972,1
30108761,53317433,1970,0
30108770,52559148,1960,1
30108772,52559148,1960,2
30108785,52667470,1970,2
30108786,52667470,1970,3
30108787,52667470,1970,3
30108789,52805701,1984,2
30108793,52805701,1984,4
30108798,52538493,1980,2
30108802,52538493,1980,4
30108806,52793900,1970,0
30108807,52793900,1970,0
30108810,52793900,1970,2
30108811,52793900,1970,2
30108812,52793900,1970,3
30108817,52801113,1970,1
30108820,52801113,1970,2
30108822,52801113,1970,3
30108827,52411709,1950,2
30108839,52654145,1970,2
30108844,52654145,1970,4
30108853,52654145,1970,7
30108854,52654145,1970,7
30108860,52684933,1970,2
30108862,52684933,1970,3
30108872,52684933,1970,4
30108874,53358563,1970,1
30108882,53358563,1970,1
30108885,53358563,1970,3
30108896,53416813,1970,4
30108902,53416813,1970,3
30108903,53416813,1970,4
30108911,52645517,1970,1
30108925,52645517,1970,6
30108929,52645517,1970,7
30108954,52653508,1960,1
30108960,52653508,1960,2
30108962,52653508,1960,2
30108964,52653508,1960,2
30108965,52653508,1960,3
30108974,52653508,1960,4
30108976,52653508,1960,4
30108978,52653508,1960,5
30108982,52653508,1960,5
30108985,52653508,1960,6
30108986,52653508,1960,6
30108989,52653508,1960,7
30108990,52653508,1960,7
30108992,52653508,1960,7
30108993,52653508,1960,7
30108998,52653508,1960,8
30109010,52805314,1970,1
30109018,52795725,1993,1
30109028,52795725,1993,6
30109035,52795725,1993,2
30109037,52795725,1993,3
30109041,52795725,1993,5
30109049,52795725,1993,2
30109066,52795725,1993,4
30109068,52795725,1993,5
30109070,52795725,1993,6
30109071,52795725,1993,7
30109073,52795725,1993,8
30109103,52802922,1986,3
30109109,53365692,1984,1
30109118,52715086,1985,1
30109119,52715086,1985,2
30109125,52669504,1987,1
30109129,52960668,1989,1
30109130,52960668,1989,2
30109131,52960668,1989,2
30109222,52694219,1970,1
30109266,52990683,1995,3
30109268,53365798,1960,1
30109270,53365798,1960,2
30109271,53365798,1960,3
30109279,52647490,1995,1
30109282,52647490,1995,2
30109317,52689016,1980,0
30109320,52689016,1980,1
30109326,52712186,1940,2
30109327,52712186,1940,3
30109350,52667862,1988,3
30109361,52648572,1991,2
30109364,52559501,1960,0
30109370,52710213,1985,1
30109375,52710241,1996,0
30109377,52710241,1996,2
30109398,52695621,1991,1
30109411,52648095,1995,0
30109415,52710716,1985,-1
30109420,52680269,1986,1
30109427,52688617,1980,1
30109429,52688617,1980,2
30109436,53341990,1986,0
30109439,53155976,1988,1
30109443,52681131,1970,0
30109445,52681131,1970,0
30109449,52704252,1985,
30109455,52986941,1987,1
30109459,52688093,1985,1
30109478,53380155,1988,0
30109484,52678269,1985,0
30109491,53121442,1980,0
30109492,53121442,1980,0
30109499,52712541,1980,1
30109500,52712541,1980,2
30109505,53021312,1991,1
30109506,53021312,1991,2
30109513,53371898,1997,0
30109519,52703212,1970,0
30109520,52703212,1970,1
30109525,53372129,1986,2
30109526,53372129,1986,3
30109529,53368203,1970,0
30109530,53368203,1970,1
30109535,53432219,1990,1
30109542,52715967,1966,2
30109543,52715967,1966,2
30109547,52689170,1983,
30109549,53362970,1980,1
30109554,52682080,1980,1
30109555,52682080,1980,2
30109564,52666895,1980,0
30109565,52666895,1980,1
30109566,52666895,1980,1
30109571,52679687,1960,0
30109576,53360458,1988,0
30109577,53360458,1988,0
30109579,53360458,1988,2
30109585,53361758,1989,0
30109588,53361758,1989,2
30109594,52552459,1989,0
30109604,52680224,1988,2
30109614,52680782,1988,1
30109620,52660655,1960,1
30109629,53131676,1997,1
30109647,52792830,2004,1
30109654,52658251,1996,1
30109662,52658286,1998,2
30109663,52658286,1998,2
30109667,52709269,1989,1
30109669,52709269,1989,2
30109681,52694664,1990,2
30109685,52665809,1980,2
30109693,52688550,1998,
30109694,52688550,1998,0
30109704,52655772,1990,0
30109710,53368534,1991,0
30109713,53368534,1991,2
30109718,52665599,1986,0
30109719,52665599,1986,0
30109720,52665599,1986,1
30109731,52694270,1990,1
30109732,52694270,1990,1
30109735,52465248,1989,1
30109746,52689925,1985,0
30109967,53363225,1970,-1
30109973,53363225,1970,-1
30110000,53363225,1970,1
30110011,53363225,1970,1
30110012,53363225,1970,1
30110019,52709330,1970,0
30110023,52709330,1970,0
30110028,52709330,1970,0
30110036,52709330,1970,0
30110037,52709330,1970,0
30110048,52709330,1970,1
30110052,52709330,1970,1
30110054,52709330,1970,1
30110055,52709330,1970,1
30110056,52709330,1970,1
30110057,52709330,1970,1
30110058,52709330,1970,1
30110068,52709330,1970,1
30110071,52709330,1970,1
30110072,52709330,1970,1
30110077,52709330,1970,2
30110081,52709330,1970,2
30110082,52709330,1970,2
30110196,52716482,1970,4
30110259,52534518,1950,0
30110267,52589421,1980,0
30110271,52399737,1970,0
30110279,52399737,1970,4
30110334,52441741,1996,2
30110335,52441741,1996,0
30110340,52441741,1996,2
30110341,52441741,1996,0
30110344,52441741,1996,1
30110346,52441741,1996,2
30110352,52658572,1970,0
30110364,53380817,1994,3
30110366,53380817,1994,1
30110367,53380817,1994,2
30110368,53380817,1994,2
30110369,53380817,1994,3
30110372,53380817,1994,1
30110381,53362058,1988,3
30110383,53362058,1988,1
30110385,53362058,1988,2
30110386,53362058,1988,3
30110388,53362058,1988,1
30110390,53362058,1988,2
30110391,53362058,1988,2
30110392,53362058,1988,3
30110406,52563015,1970,3
30110411,52563015,1970,4
30110435,52532509,2004,0
30110436,52532509,2004,0
30110437,52532509,2004,1
30110438,52532509,2004,1
30110440,52532509,2004,2
30110441,52532509,2004,3
30110444,52458047,1996,1
30110446,52458047,1996,2
30110488,52792849,1998,0
30110490,52792849,1998,0
30110499,52792849,1998,2
30110504,52792849,1998,1
30110508,52792849,1998,2
30110528,52666372,2008,2
30110530,52666372,2008,3
30110532,52666372,2008,3
30110534,52666372,2008,3
30110537,52666372,2008,4
30110538,52666372,2008,4
30110539,52666372,2008,4
30110540,52666372,2008,5
30110552,52701813,1970,-1
30110553,52701813,1970,0
30110557,52701813,1970,1
30110558,52701813,1970,1
30110582,52571293,1980,2
30110635,53099100,1990,1
30110641,53099100,1990,2
30110642,53099100,1990,3
30110643,53099100,1990,3
30110648,53099100,1990,4
30110657,52521525,1990,2
30110695,52492585,1948,1
30110697,52492585,1948,2
30110706,52415591,2000,4
30110763,52687161,1973,0
30110764,52687161,1973,0
30110771,52687161,1970,0
30110773,53342626,1973,0
30110780,53342626,1973,0
30110786,53342626,1973,0
30110794,52712576,1970,0
30110795,52687161,1960,0
30110805,53342626,1970,0
30110825,53342626,1970,0
30110826,53342626,1970,0
30110838,53342626,1970,0
30110852,53342626,1970,2
30110856,53342626,1970,2
30110909,53338969,1980,2
30110924,52582461,1950,2
30110942,52412795,1950,1
30110949,52968237,1960,0
30110951,52968237,1960,0
30110955,52548479,1955,1
30110962,53332292,1950,1
30110975,52399637,1950,2
30110977,52531009,1953,1
30110989,53339011,1960,1
30111019,52547203,1950,1
30111022,52547203,1950,2
30111025,52544861,1960,1
30111029,52544861,1960,2
30111032,52544861,1960,2
30111038,52497694,1960,2
30111046,52549784,1950,1
30111050,52549784,1950,2
30111053,52551130,1960,1
30111055,52551130,1960,1
30111057,52551130,1960,2
30111067,53133555,1951,2
30111071,52570900,1950,1
30111073,52570900,1950,1
30111074,52570900,1950,1
30111086,52528611,1960,2
30111091,52402129,1950,1
30111111,52497714,1960,1
30111114,52497714,1960,2
30111119,53338915,1952,1
30111144,52549355,1960,2
30111159,52989749,1950,2
30111162,52494946,1950,1
30111169,53325121,1950,2
30111170,53325121,1950,2
30111194,53365626,1970,1
30111195,53365626,1970,2
30111198,52649991,1955,1
30111210,52657355,1950,1
30111211,52657355,1950,1
30111214,52657355,1950,2
30111215,52657355,1950,2
30111223,52665433,1960,2
30111224,52665433,1960,2
30111225,52665433,1960,2
30111232,52693267,1950,2
30111242,52695066,1950,1
30111252,53131881,1950,1
30111253,53131881,1950,1
30111258,53131881,1950,2
30111262,52690068,1960,2
30111265,52798046,1949,1
30111266,52798046,1949,1
30111273,52673273,1952,2
30111278,52661147,1960,2
30111284,52683587,1950,2
30111294,52805801,1950,1
30111297,52805801,1950,2
30111301,52689437,1951,2
30111312,53367340,1950,2
30111422,53364397,1970,3
30111433,53364397,1970,0
30111440,53364397,1970,0
30111446,53364397,1970,3
30111447,53364397,1970,3
30111455,52648817,1970,3
30111458,52648817,1970,1
30111459,52648817,1970,1
30111460,52648817,1970,2
30111462,52648817,1970,3
30111466,52648817,1970,2
30111467,52648817,1970,2
30111470,52657638,1960,0
30111483,52657638,1960,3
30111484,52657638,1960,3
30111486,52657638,1960,1
30111489,52657638,1960,2
30111491,52657638,1960,3
30111500,52646867,1970,1
30111501,52646867,1970,1
30111505,52646867,1970,3
30111508,52646867,1970,1
30111510,52646867,1970,2
30111511,52646867,1970,3
30111512,52646867,1970,3
30111513,53370899,1970,0
30111520,53370899,1970,3
30111521,53370899,1970,0
30111523,53370899,1970,1
30111525,53370899,1970,2
30111527,53370899,1970,3
30111528,53370899,1970,0
30111529,53370899,1970,1
30111530,53370899,1970,1
30111533,53370899,1970,3
30111545,52708313,1990,2
30111546,52708313,1990,2
30111549,52708313,1990,3
30111551,52708313,1990,4
30111553,52708313,1990,4
30111584,52462446,1950,1
30111612,52492122,1954,2
30111641,52704979,1980,1
30111644,52704979,1980,2
30111646,52801080,1950,1
30111653,52710784,1986,2
30111683,53325730,1950,2
30111686,53361862,1950,1
30111692,53361862,1950,2
30111698,52676059,1960,1
30111707,52798366,1950,1
30111720,52462272,1960,1
30111743,52769184,1980,1
30112020,53428453,1960,2
30112038,52761784,1980,1
30112043,52761784,1980,3
30112048,52522222,1960,2
30112052,52461690,1960,2
30112053,52516215,1960,1
30112055,52562548,1965,1
30112056,52550468,1960,
30112057,52539997,1960,
30112061,52551523,1961,
30112063,52571017,1960,1
30112158,52415520,2008,0
30112159,52415520,1970,1
30112160,52415520,1970,2
30112161,52415520,1970,0
30112175,52415520,1970,0
30112234,52680546,1960,0
30112239,52655296,1970,0
30112240,52655296,1970,0
30112243,53085882,1970,1
30112244,53085882,1970,1
30112245,53085882,1970,1
30112251,53360316,1980,0
30112252,53360316,1980,1
30112258,52698282,1980,2
30112261,52698282,1980,3
30112270,52415455,1970,0
30112272,52415455,1970,1
30112279,52716176,1970,2
30112282,52716176,1970,5
30112309,53330846,1965,0
30112311,53330846,1965,1
30112312,53330846,1965,1
30112313,53330846,1965,1
30112324,52650309,1966,3
30112325,52650309,1966,3
30112328,52653844,1960,0
30112331,52653844,1960,1
30112333,52653844,1960,1
30112389,52685259,1960,0
30112390,52685259,1960,0
30112392,52685259,1960,0
30112394,52685259,1960,0
30112401,52685259,1960,1
30112403,52685259,1960,1
30112408,52685259,1960,2
30112409,52685259,1960,2
30112411,52685259,1960,2
30112413,53326582,1950,0
30112416,53326582,1950,0
30112424,53326582,1950,1
30112426,53326582,1950,1
30112436,53361358,1970,0
30112438,53361358,1970,0
30112440,53361358,1970,0
30112441,53361358,1970,0
30112442,53361358,1970,0
30112443,53361358,1970,0
30112444,53361358,1970,0
30112448,53361358,1970,1
30112452,53361358,1970,2
30112453,53361358,1970,2
30112454,53361358,1970,2
30112493,53365932,1970,6
30112494,53365932,1970,6
30112497,53365932,1970,7
30112499,53365932,1970,8
30112500,53365932,1970,8
30112502,52492821,1970,1
30112504,52492821,1970,1
30112505,52492821,1970,2
30112508,52492821,1970,3
30112509,52492821,1970,3
30112510,52492821,1970,3
30112524,52492821,1970,8
30112540,52682494,1960,2
30112542,52682494,1960,2
30112544,52682494,1960,2
30112571,53360221,1980,3
30112573,53360221,1980,3
30112575,53360221,1980,4
30112578,53360221,1980,5
30112921,52703024,1970,0
30112923,52703024,1970,1
30112925,52703024,1970,1
30112927,52693189,1980,
30112929,52693189,1980,1
30112935,52693189,1980,2
30112947,53368305,1960,1
30112948,53368305,1960,2
30112959,52694146,1930,1
30112970,52655777,1980,0
30112974,52655777,1980,2
30112990,52702053,1960,2
30112991,52702053,1960,2
30113006,52461085,1960,0
30113008,52461085,1960,0
30113018,52963006,1980,1
30113019,52963006,1980,2
30113025,52674151,1950,0
30113026,52674151,1950,1
30113030,52674151,1950,-1
30113032,52674151,1950,0
30113038,52674151,1950,1
30113044,52674151,1950,-1
30113046,52654776,1960,0
30113057,53078885,1970,1
30113059,53078885,1970,2
30113062,53078885,1970,2
30113075,53180080,1989,2
30113087,52650744,1960,0
30113093,52650744,1960,1
30113110,53372143,1980,2
30113111,53372143,1980,3
30113112,53372143,1980,3
30113119,53090134,1950,1
30113121,53090134,1950,2
30113128,52650363,1998,0
30113139,52646717,1970,1
30113141,52646717,1970,1
30113146,53363377,1970,2
30113167,52698876,2000,1
30113168,52698876,2000,1
30113171,52698876,2000,2
30113180,52684783,1950,1
30113181,52684783,1950,1
30113182,52684783,1950,1
30113184,52684783,1950,2
30113187,52684783,1950,2
30113189,52681089,1960,0
30113190,52681089,1960,0
30113191,52681089,1960,1
30113194,52681089,1960,2
30113198,52681089,1960,3
30113204,52652926,1957,0
30113206,52652926,1957,0
30113207,52652926,1957,0
30113209,52652926,1957,1
30113212,52652926,1957,1
30113218,52652926,1957,2
30113223,52461797,1995,0
30113224,52461797,1995,0
30113228,52461797,1995,3
30113241,52655280,1970,1
30113243,52655280,1970,2
30113244,52655280,1970,2
30113258,52461883,1950,2
30113260,52461883,1950,3
30113261,52461883,1950,4
30113262,52461883,1950,4
30113273,52986863,1960,2
30113280,52684811,1960,0
30113281,52684811,1960,1
30113284,52684811,1960,1
30113288,52680666,1995,0
30113289,52680666,1995,0
30113295,53326871,1960,0
30113306,53326871,1960,3
30113307,53326871,1960,3
30113308,53326871,1960,3
30113330,52463230,1960,0
30113333,52463230,1960,1
30113334,52463230,1960,1
30113344,52655721,1972,0
30113350,52655721,1972,0
30113357,52695264,1984,2
30113368,52650361,1970,1
30113371,52650361,1970,1
30113373,52650361,1970,1
30113379,52650361,1970,2
30113381,52655768,1970,0
30113388,52655768,1970,1
30113389,52655768,1970,1
30113396,52655353,1970,1
30113403,52697375,1969,0
30113406,52697375,1969,1
30113410,52697375,1969,2
30113412,53372411,1976,1
30113415,53372411,1976,2
30113416,53372411,1976,3
30113424,52652200,1960,0
30113427,52652200,1960,1
30113433,52675013,1970,0
30113442,52679175,1969,0
30113446,52679175,1969,1
30113450,52679175,1969,1
30113459,52658533,1960,0
30113462,52658533,1960,1
30113476,53368063,1960,2
30113480,53378197,2003,0
30113483,53378197,2003,1
30113485,53378197,2003,2
30113487,53378197,2003,3
30113496,52690850,1965,0
30113501,52690850,1965,1
30113505,52684750,1960,1
30113506,52684750,1960,2
30113518,53360710,1970,2
30113524,53386524,1990,0
30113531,52800556,1970,
30113536,52656167,1970,0
30113555,52655268,1981,0
30113558,52682589,1967,0
30113564,52682589,1967,0
30113566,52682589,1960,1
30113567,52682589,1967,1
30113569,52682589,1967,1
30113579,52651739,1960,0
30113580,52651739,1960,-1
30113585,52656677,2014,0
30113587,52656677,2014,1
30113588,52656677,2014,1
30113590,52656677,2014,2
30113612,52680619,1960,0
30113618,52680619,1960,1
30113632,52693270,1960,0
30113634,52693270,1960,2
30113643,52656196,1970,3
30113646,52656196,1970,4
30113650,52656196,1970,5
30113657,52665811,1960,
30113661,52665811,1960,1
30113672,52665811,1960,3
30113674,52665811,1960,3
30113676,52665811,1960,3
30113684,52798045,1970,2
30113687,52798045,1970,2
30113705,52762549,1940,1
30113709,52798416,1970,1
30113710,52798416,1970,1
30113721,52764445,1960,0
30113724,52764445,1960,1
30113744,52971307,1962,0
30113745,52971307,1962,1
30113755,52663165,1950,2
30113840,52466479,1970,0
30113846,52466479,1970,2
30113847,52466479,1970,2
30113854,52466479,1970,3
30113858,53360153,1970,0
30113861,53360153,1970,1
30113863,53360153,1970,1
30113875,53431429,1960,3
30113876,53431429,1960,3
30113878,53431429,1960,4
30113886,53431429,1960,4
30113890,53431429,1960,3
30113905,52791341,1950,2
30113907,52791341,1950,2
30113908,52791341,1950,3
30113910,52791341,1950,3
30113917,52626211,1960,0
30113921,52626211,1960,1
30113924,52626211,1960,1
30113926,52626211,1960,2
30113927,52626211,1960,2
30113928,52626211,1960,2
30113938,52989586,1960,1
30113950,52989586,2014,2
30113952,52989586,2012,3
30113960,52989586,1960,2
30113964,52989586,2013,4
30113971,53359624,1960,0
30113985,52460141,1998,0
30113987,52460141,1998,0
30113990,52460141,1998,0
30113994,52460141,1998,2
30113999,52460141,1998,3
30114012,52689359,1970,2
30114028,52689755,1960,0
30114030,52689755,1960,1
30114033,52689755,1960,2
30114044,52680814,1985,2
30114045,52680814,1985,2
30114056,52464620,1970,0
30114063,52464620,1970,3
30114064,52464620,1970,3
30114065,52464620,1970,3
30114068,52464620,1970,0
30114074,52464620,1970,0
30114075,52464620,1970,1
30114076,52464620,1970,1
30114078,52464620,1970,1
30114082,52464620,1970,2
30114085,52464620,1970,3
30114087,52464620,1970,4
30114093,52464620,1970,5
30114097,52464620,1970,1
30114104,52713393,1970,1
30114108,52713393,1970,2
30114111,52713393,1970,3
30114114,52713393,1970,4
30114119,53387342,1970,0
30114121,53387342,1970,0
30114124,53387342,1970,1
30114125,53387342,1970,2
30114128,53387342,1970,3
30114130,53387342,1970,3
30114143,53174998,1960,2
30114264,53004847,1952,0
30114311,52992488,1960,0
30114312,52992488,1960,0
30114313,52992488,1960,1
30114315,52992488,1960,2
30114370,52682946,1960,0
30114374,52682946,1960,1
30114376,52682946,1960,2
30114382,52653936,1960,0
30114383,52653936,1960,1
30114442,52705413,1960,1
30114452,52682543,1960,1
30114455,52682543,1960,2
30114465,52464655,1970,2
30114503,52756343,1970,1
30114504,52756343,1970,1
30114506,52756343,1970,2
30114507,52756343,1970,2
30114509,52756343,1970,3
30114510,52756343,1970,3
30114513,52756343,1970,4
30114516,52685194,1980,0
30114517,52685194,1980,0
30114520,52685194,1980,0
30114521,52685194,1980,0
30114527,53368505,1970,2
30114530,53368505,1970,2
30114556,52653865,1980,1
30114557,52653865,1980,2
30114561,52653865,1980,3
30114562,52653865,1980,3
30114608,52659030,1990,5
30114625,52793324,1985,
30114628,52416851,1970,1
30114631,52416851,1970,2
30114632,52416851,1970,3
30114634,52416851,1970,4
30114635,52416851,1970,4
30114656,52700727,1970,4
30114657,52700727,2014,5
30114663,53323847,1970,1
30114665,53323847,1970,2
30114669,53323847,1970,3
30114672,53323847,1970,4
30114689,52489438,1970,1
30114690,52489438,1970,1
30114691,52489438,1970,2
30114699,52489438,1970,4
30114714,52489438,1970,5
30114755,52445823,1990,
30114763,52652627,1970,1
30114769,52652627,1970,2
30114773,52652627,1970,3
30114786,52404521,1960,1
30114787,52404521,1960,1
30114788,52404521,1960,1
30114795,52647015,1970,1
30114804,52647015,1970,4
30114855,52408065,1960,0
30114858,52408065,1960,0
30114859,52408065,1960,0
30114864,52408065,1960,1
30114868,52408065,1960,1
30114875,52408065,1960,2
30114876,52408065,1960,2
30114879,52408065,1960,2
30114886,52408065,1960,2
30114887,52408065,1960,2
30114889,52408065,1960,3
30114901,52408065,1960,3
30114903,52408065,1960,4
30114906,52408065,1960,4
30114909,52408065,1960,4
30114910,52408065,1960,4
30114911,52408065,1960,4
30114912,52408065,1960,4
30114918,52408065,1960,5
30114927,52408065,1960,5
30114928,52408065,1960,5
30114931,52408065,1960,
30114937,52697512,1970,0
30114941,52697512,1970,0
30114956,52697512,1970,2
30114960,52697512,1970,2
30114968,52697512,1970,3
30114969,52697512,1970,3
30114972,52697512,1970,4
30114973,52697512,1970,4
30114984,52438913,1976,2
30114985,52438913,1976,2
30114997,52657488,1970,1
30114998,52657488,1970,1
30115004,52657488,1970,2
30115008,52657488,1970,3
30115009,52657488,1970,3
30115011,52657488,1970,3
30115019,52657488,1970,5
30115025,52705351,1999,1
30115029,52705351,1999,5
30115036,52495425,1970,1
30115038,52495425,1970,2
30115039,52495425,1970,3
30115040,52495425,1970,3
30115047,52646505,1990,2
30115048,52646505,1990,3
30115052,52646505,1990,5
30115072,52802931,1970,1
30115074,52802931,1970,2
30115085,52645542,1970,1
30115086,52645542,1970,2
30115099,52959187,1950,4
30115114,52691890,1980,1
30115118,52691890,1980,3
30115130,52435764,2000,2
30115132,52435764,2000,2
30115134,52435764,2000,3
30115135,52435764,2000,3
30115138,52435764,2000,4
30115139,52435764,2000,4
30115143,52435764,2000,2
30115145,52435764,2000,3
30115146,52435764,2000,4
30115151,52435764,2000,3
30115156,52435764,2000,5
30115186,52647376,1970,2
30115197,52647376,1970,4
30115316,52432046,2008,0
30115318,52432046,2008,1
30115319,52432046,2008,2
30115321,52432046,2008,3
30115322,52432046,2008,3
30115323,52432046,2008,4
30115324,52432046,2008,4
30115325,52432046,2008,5
30115326,52432046,2008,5
30115330,52766716,1980,1
30115331,52766716,1980,1
30115334,52766716,1980,3
30115340,52663258,1980,1
30115344,52663258,1980,3
30115354,52801543,1999,2
30115357,52733435,1960,0
30115361,52733435,1960,1
30115363,52733435,1960,1
30115365,52733435,1960,2
30115371,52733435,1960,3
30115372,52733435,1960,3
30115378,52544414,1987,3
30115380,52544414,1987,4
30115382,53144690,1970,0
30115386,53144690,1970,2
30115387,53144690,1970,2
30115388,53144690,1970,3
30115394,52659283,1970,1
30115396,52659283,1970,2
30115403,52659283,1970,4
30115405,52659283,1970,4
30115411,52726863,1960,1
30115412,52726863,1960,1
30115416,52726863,1960,2
30115420,52726863,1960,3
30115424,52701102,1960,-1
30115425,52701102,1960,-1
30115426,52701102,1960,0
30115430,52701102,1960,1
30115432,52701102,1960,1
30115438,52701102,1960,3
30115446,53363268,1960,1
30115451,53363268,1960,2
30115456,53363268,1960,0
30115464,52793296,1990,2
30115467,52793296,1990,3
30115469,52793296,1990,4
30115476,52496096,1960,0
30115477,52496096,1960,0
30115478,52496096,1960,0
30115483,52496096,1960,2
30115485,52496096,1960,2
30115490,53366416,1950,-1
30115495,53366416,1950,0
30115499,53366416,1950,0
30115503,53366416,1950,1
30115513,53366416,1950,2
30115516,53366416,1950,2
30115521,53366416,1950,3
30115522,53366416,1950,3
30115529,52658035,1960,0
30115533,52658035,1960,1
30115542,52494252,1980,1
30115548,52494252,1980,3
30115557,53008396,1980,3
30115559,53008396,1980,3
30115563,52663444,2005,0
30115565,52663444,2005,1
30115567,52663444,2005,2
30115568,52663444,2005,3
30115571,52663444,2005,4
30115574,52436367,1970,2
30115577,52436367,1970,3
30115581,52436367,1970,4
30115586,52992507,1960,0
30115594,52992507,1960,5
30115598,52797695,1980,0
30115600,52797695,1980,1
30115605,52797695,1980,2
30115611,52461182,1980,-1
30115614,52461182,1980,0
30115619,52461182,1980,1
30115621,52461182,1980,1
30115626,52461182,1980,3
30115627,52461182,1980,3
30115628,52461182,1980,3
30115629,52461182,1980,3
30115631,52659498,1958,0
30115633,52659498,1958,0
30115635,52659498,1958,1
30115636,52659498,1958,1
30115638,52659498,1958,1
30115639,52659498,1958,2
30115655,52441350,1960,0
30115657,52441350,1960,1
30115661,52441350,1960,2
30115662,52441350,1960,2
30115671,53378910,1960,1
30115685,53442879,1960,2
30115689,52735437,1960,0
30115691,52735437,1960,0
30115693,52735437,1960,1
30115699,52735437,1960,2
30115705,52444856,1950,1
30115706,52444856,1950,1
30115713,52444856,1950,3
30115715,52444856,1950,3
30115717,52444856,1950,4
30115721,52662422,1950,
30115724,52662422,1950,1
30115725,52662422,2019,1
30115729,52662422,2019,2
30115735,52662422,1970,3
30115737,52662422,1950,3
30115739,52446239,1960,
30115744,52409302,1960,-1
30115745,52409302,1960,0
30115747,52409302,1960,1
30115749,52409302,1960,
30115764,52649045,1970,3
30115770,53323576,1960,0
30115771,53323576,1960,0
30115772,53323576,1960,0
30115775,53323576,1960,1
30115777,53323576,1960,1
30115780,53323576,1960,2
30115781,53323576,1960,2
30115789,52650490,1993,0
30115791,52650490,1993,0
30115831,52495716,1980,-1
30115833,52495716,1980,0
30115835,52495716,1980,0
30115836,52495716,1980,1
30115839,52495716,1980,1
30115841,52495716,1980,2
30115852,52793874,1970,0
30115857,52793874,1970,2
30115858,52793874,1970,2
30115871,52445834,1960,2
30115872,52445834,1960,2
30115881,52446263,1960,0
30115887,52446263,1960,2
30115888,52446263,1960,2
30115889,52446263,1960,3
30115893,52446263,1960,4
30115896,52446263,1960,1
30115899,52647001,1966,0
30115900,52647001,1966,0
30115901,52647001,1966,1
30115905,52647001,1960,2
30115906,52647001,1966,2
30115908,52647001,1966,3
30115918,52444830,1960,3
30115919,52444830,1960,3
30115931,52793824,1970,2
30115951,52685823,1960,2
30115952,52685823,1960,2
30115960,52664835,1998,0
30115963,52664835,1998,1
30115964,52664835,1998,2
30115965,52664835,1998,2
30115973,52694545,1960,0
30115976,52694545,1960,1
30115978,52694545,1960,2
30115979,52694545,1960,2
30115993,52685377,1960,1
30116001,52662773,1950,0
30116007,52703030,1950,1
30116010,53014975,1950,0
30116019,53008496,1960,2
30116020,53008496,1960,3
30116025,52690873,1970,0
30116041,52658461,1970,2
30116053,52741722,1960,0
30116055,52741722,1960,1
30116058,52741722,1960,2
30116067,53009794,1950,2
30116071,53368783,1960,-1
30116076,53368783,1960,2
30116080,52673682,1960,0
30116082,52673682,1960,1
30116089,52658608,1970,0
30116090,52658608,1970,1
30116091,52658608,1970,1
30116098,52649360,1950,0
30116100,52649360,1950,1
30116101,52649360,1950,1
30116102,52649360,1950,2
30116115,52494614,1950,0
30116119,52494614,1950,1
30116126,52662857,1960,0
30116127,52662857,1960,0
30116131,52662857,1960,2
30116134,53015230,1960,1
30116145,52793757,1960,0
30116146,52793757,1960,1
30116148,52793757,1960,2
30116153,53348563,1947,-1
30116156,53348563,1947,3
30116160,52490449,1970,0
30116161,52490449,1970,0
30116165,52490449,1970,1
30116167,52490449,1970,2
30116171,52657678,1960,0
30116185,52680300,1950,0
30116187,52680300,1950,1
30116190,52680300,1950,2
30116196,53098504,1959,0
30116198,53098504,1959,1
30116220,52489887,1960,4
30116222,53375977,1959,0
30116225,53375977,1959,1
30116231,52704377,1960,0
30116233,52704377,1960,1
30116234,52704377,1960,1
30116235,52704377,1960,2
30116239,52409162,1970,0
30116241,52409162,1970,1
30116242,52409162,1970,2
30116253,52713760,1960,2
30116255,52646896,1961,-1
30116260,52646896,1961,2
30116261,52646896,1961,2
30116264,52648426,1960,0
30116266,52648426,1960,1
30116271,52648426,1960,2
30116280,52651730,1960,1
30116284,52651730,1960,2
30116286,52651730,1960,3
30116290,52645696,1960,0
30116292,52645696,1960,1
30116300,52645696,1960,3
30116303,52646276,1960,-1
30116307,52646276,1960,1
30116309,52646276,1960,2
30116310,52646276,1960,2
30116312,52646276,1960,2
30116314,52646276,1960,3
30116318,52646276,1960,3
30116323,52646276,1960,4
30116373,52709828,1960,0
30116374,52709828,1960,0
30116393,52711256,1960,3
30116402,53373082,1960,0
30116405,53373082,1960,1
30116409,53373082,1960,2
30116412,53373082,1960,3
30116415,53373082,1960,3
30116418,52702535,1970,0
30116420,52702535,1970,0
30116425,52702535,1970,2
30116429,52702535,1970,3
30116430,52702535,1970,3
30116431,52702535,1970,3
30116432,52702535,1970,3
30116448,52407095,1960,3
30116455,52640734,1950,0
30116460,52640734,1950,3
30116461,52640734,1950,3
30116462,52640734,1950,0
30116465,52640734,1950,2
30116466,52640734,1950,2
30116468,52640734,1950,3
30116473,52490791,1970,1
30116478,52490791,1970,3
30116486,52490791,1970,3
30116508,53425787,2024,2
30116509,53425787,2024,2
30116530,52723381,1950,0
30116537,52723381,1950,3
30116538,52723381,1950,0
30116546,52723381,1950,0
30116547,52723381,1950,0
30116548,52723381,1950,1
30116550,52723381,1950,2
30116551,52723381,1950,2
30116556,52685244,1960,0
30116557,52685244,1960,1
30116558,52685244,1960,1
30116559,52685244,1960,2
30116563,52685244,1960,0
30116564,52685244,1960,0
30116566,52685244,1960,1
30116567,52685244,1960,2
30116569,52685244,1960,3
30116578,52685244,1960,3
30116580,52713453,1950,0
30116581,52713453,1950,0
30116584,52713453,1950,2
30116612,52657161,1960,1
30116616,52657161,1960,2
30116617,52657161,1960,2
30116652,52755406,1960,3
30116653,52755406,1960,4
30116654,52755406,1960,2
30116655,52755406,1960,3
30116668,52556170,1970,
30116670,52556170,1970,
30116674,52520108,2000,0
30116676,52520108,1980,0
30116677,52520108,1980,0
30116704,52556146,1970,2
30116716,52564968,1980,1
30116718,52564968,1980,1
30116722,52557499,1972,0
30116725,52557499,1972,1
30116727,52558463,1949,
30116729,52480353,1970,0
30116731,52480353,1970,0
30116747,52552804,1950,2
30116748,52552804,1950,2
30116755,53320234,1993,0
30116768,52657350,1970,2
30116769,52657350,1970,3
30116771,52657350,1970,1
30116776,53164105,1980,1
30116778,53164105,1980,2
30116779,53164105,1980,3
30116780,53164105,1980,3
30116782,53361521,1974,
30116784,53361521,1974,
30116791,52648082,1960,1
30116792,52648082,1960,1
30116797,52706105,1960,-1
30116800,52706105,1960,0
30116810,52399513,1970,0
30116811,52399513,1970,0
30116816,52399513,1970,2
30116817,52399513,1970,2
30116822,52520830,2001,0
30116836,52962005,1970,1
30116855,52489978,1970,-1
30116859,52489978,1970,0
30116875,52656717,1960,0
30116883,52656717,1960,1
30116888,52754446,1960,1
30116889,52754446,1960,1
30116890,52754446,1960,1
30116893,52754446,1960,2
30116895,52754446,1960,0
30116898,52716535,1971,1
30116899,52716535,1971,2
30116901,52716535,1971,3
30116902,52716535,1971,3
30116909,52715694,1970,2
30116917,52564798,1960,1
30116926,52677276,1970,0
30116928,52677276,1970,0
30116932,52677276,1970,3
30116933,52677276,1970,0
30116948,52619133,1960,1
30116950,52619133,1960,2
30116951,52619133,1960,2
30116954,52619133,1960,1
30116960,52619133,1960,2
30116963,52619133,1960,2
30116966,52619133,1960,3
30116967,52619133,1960,3
30116970,52619133,1960,3
30116971,52619133,1960,3
30116974,52445898,1960,1
30116980,52445898,1960,2
30116983,52445898,1960,2
30116984,52445898,1960,2
30116986,52445898,1960,3
30116987,52445898,1960,3
30116988,52445898,1960,3
30116990,52445898,1960,3
30116994,52688366,1970,0
30116995,52688366,1970,0
30116996,52688366,1970,1
30116999,52688366,1970,2
30117000,52688366,1970,2
30117012,52688366,1970,0
30117038,52688366,1970,1
30117042,52688366,1970,2
30117045,52688366,1970,3
30117368,53359678,1960,0
30117369,53359678,1960,1
30117375,53359678,1960,2
30117376,53359678,1960,3
30117377,53359678,1960,3
30117378,53359678,1960,3
30117380,53359678,1960,4
30117395,52794334,1960,1
30117402,52653489,1970,2
30117406,52653489,1970,4
30117450,53050869,1960,0
30117451,53050869,1960,0
30117452,53050869,1960,0
30117464,53100791,1960,0
30117472,53100791,1960,2
30117473,53100791,1960,3
30117474,53100791,1960,3
30117479,52977226,1960,0
30117482,52977226,1960,1
30117483,52977226,1960,1
30117485,52977226,1960,2
30117487,52977226,1960,2
30117498,52656997,1970,0
30117503,52656997,1970,2
30117504,52656997,1970,2
30117507,52761456,1970,0
30117511,52761456,1970,1
30117512,52761456,1970,1
30117515,52761456,1970,2
30117520,52761456,1970,3
30117522,52761456,1970,3
30117529,52413116,1988,3
30117531,52413116,1988,4
30117532,52413116,1988,4
30117541,52653925,1960,0
30117551,52653925,1960,3
30117578,52446133,1950,1
30117583,52446133,1950,2
30117585,52446133,1950,3
30117592,52464195,1960,1
30117593,52464195,1960,1
30117601,52464195,1960,4
30117606,52543014,1940,0
30117615,52413139,1970,0
30117616,52413139,1970,0
30117619,52413139,1970,1
30117623,52413139,1970,2
30117625,52413139,1970,2
30117629,53362063,2001,0
30117630,53362063,2001,0
30117632,53362063,2001,1
30117633,53362063,2001,1
30117634,53362063,2001,1
30117636,53362063,2001,2
30117639,53362063,2001,3
30117640,53362063,2001,3
30117641,53362063,2001,4
30117642,53362063,2001,4
30117653,52656991,1960,1
30117655,52656991,1960,1
30117657,52656991,1960,2
30117659,52656991,1960,2
30117661,52656991,1960,3
30117665,52656991,1960,4
30117669,52656991,2010,2
30117677,52956793,1976,1
30117679,52956793,1976,1
30117682,52956793,1976,2
30117684,52494987,1960,0
30117696,52494987,1960,2
30117697,52494987,1960,3
30117698,52494987,1960,3
30117709,52794888,1960,4
30117714,53140700,1950,0
30117741,52683678,1991,1
30117744,52683678,1991,2
30117746,52683678,1991,3
30117747,52683678,1991,3
30117772,53177237,1948,3
30117778,52495538,1960,0
30117782,52495538,1960,2
30117783,52495538,1960,2
30117785,52495538,1960,3
30117851,52538395,1960,0
30117862,52538395,1960,3
30117874,52657475,1970,0
30117875,52657475,1970,0
30117876,52657475,1970,0
30117878,52657475,1970,1
30117879,52657475,1970,1
30117882,52657475,1970,2
30117885,52657475,1970,3
30117887,52657475,1970,3
30117894,53009690,1960,0
30117900,53009690,1960,0
30117913,53009690,1960,2
30117919,53009690,1960,3
30117924,53009690,1960,3
30117931,52408605,1960,0
30117932,52408605,1960,0
30117934,52408605,1960,0
30117935,52408605,1960,0
30117947,52408605,1960,1
30117954,52408605,1960,2
30117955,52408605,1960,2
30117956,52408605,1960,2
30117962,52408605,1960,3
30117963,52408605,1960,3
30117964,52408605,1960,3
30117965,52408605,1960,3
30117973,52408605,1960,0
30117977,52408605,1960,1
30117979,52408605,1960,1
30117980,52408605,1960,1
30117987,52408605,1960,3
30117988,52408605,1960,3
30117989,52408605,1960,3
30117998,52652002,1970,
30118000,52652002,2011,
30118003,52652002,1970,0
30118006,52652002,1970,0
30118010,52652002,1970,0
30118016,52652002,1970,1
30118020,52652002,1970,1
30118024,52652002,1970,2
30118032,52652002,1970,3
30118035,52652002,1970,3
30118038,52652002,1970,3
30118046,52465089,1970,1
30118049,52465089,1970,3
30118056,52405795,1968,0
30118060,52405795,1968,2
30118061,52405795,1968,3
30118068,52649504,1950,3
30118072,52679510,1960,0
30118077,52679510,1960,2
30118087,52651403,1970,3
30118092,52538498,1960,0
30118093,52538498,1960,1
30118098,52538498,1960,3
30118102,52538498,1960,1
30118104,52538498,1960,2
30118155,52405732,1970,1
30118165,53000616,1970,2
30118166,53000616,1970,2
30118167,53000616,1970,3
30118177,52555196,1960,1
30118209,53360491,1970,0
30118211,53360491,1970,0
30118213,53360491,1970,1
30118221,53360491,1970,3
30118225,52703970,1960,
30118227,52703970,1960,0
30118230,52703970,1960,2
30118231,52703970,1960,2
30118240,52667299,1970,3
30118252,53364542,1970,3
30118253,53364542,1970,3
30118257,53364542,1970,4
30118288,52683716,1960,-1
30118370,52680340,1970,1
30118394,52707055,1973,4
30118400,52694499,1950,1
30118403,52694499,1950,2
30118409,52694499,1950,3
30118411,52694499,1950,3
30118420,53367993,1980,3
30118427,52756799,1993,0
30118433,52645795,1978,-1
30118437,52677373,1960,0
30118448,52712143,1920,1
30118451,52720548,1960,1
30118456,52720548,1960,2
30118464,52654858,1955,0
30118468,52654858,1955,0
30118481,52679481,1960,1
30118491,52655730,1960,1
30118496,52655730,1960,2
30118497,52655730,1960,0
30118504,52716588,1960,2
30118505,52716588,1960,2
30118509,53372037,1991,0
30118511,53372037,1991,0
30118520,52680845,1960,0
30118522,52680845,1960,1
30118523,52680845,1960,1
30118524,52680845,1960,1
30118526,52680845,1960,1
30118535,52682886,1960,1
30118546,52491879,1960,1
30118548,52491879,1960,2
30118559,52655254,1960,1
30118563,52655254,1960,2
30118569,53325718,1970,0
30118571,53325718,1970,1
30118581,52743796,1955,1
30118582,52743796,1955,1
30118583,52743796,1955,1
30118585,52743796,1955,2
30118587,52743796,1955,2
30118588,52743796,1955,2
30118590,52743796,1955,3
30118593,52652176,1960,0
30118594,52652176,1960,0
30118605,52684377,1960,0
30118610,52684377,1960,2
30118613,52646701,1970,0
30118621,52646701,1970,2
30118624,52723252,1959,0
30118626,52723252,1959,1
30118628,52723252,1959,1
30118647,52491126,1960,1
30118649,52491126,1960,1
30118660,52496857,1984,0
30118665,52992500,1960,0
30118671,52992500,1960,2
30118672,52992500,1960,2
30118678,53361601,1960,1
30118679,53361601,1960,1
30118687,53361601,1960,2
30118690,52569463,1960,0
30118694,52569463,1960,1
30118719,52655262,1960,0
30118720,52655262,1960,0
30118724,52655262,1960,1
30118728,52655262,1960,2
30118731,52655262,1960,2
30118743,52436358,1960,1
30118749,52646729,1990,1
30118760,52402876,1988,1
30118772,52703934,1950,1
30118782,52444328,1953,1
30118783,52444328,1953,2
30118784,52444328,1953,2
30118803,52462771,1970,2
30118808,53418032,1968,1
30118810,53418032,1968,1
30118812,53418032,1968,2
30118817,52496541,1969,-1
30118820,52496541,1969,0
30118824,52496541,1969,2
30118826,52496541,1969,2
30118829,52680673,1960,1
30118832,52680673,1960,3
30118837,51665773,1920,1
30118841,52655787,1960,0
30118842,52655787,1960,0
30118845,52655787,1960,0
30118846,52655787,1960,0
30118849,52655787,1960,1
30118850,52655787,1960,1
30118852,52655787,1960,1
30118854,52655787,1960,2
30118856,52655787,1960,2
30118863,53444255,1970,1
30118864,53444255,1970,1
30118865,53444255,1970,1
30118867,53444255,1970,2
30118873,52586667,1970,3
30118875,52586667,1970,3
30118877,52586667,1970,4
30118878,52586667,1970,4
30118882,52586667,1970,3
30118884,52586667,1970,3
30118885,52586667,1970,4
30118886,52586667,1970,4
30118889,52534634,1970,1
30118897,52534634,1970,3
30118898,52534634,1970,3
30118919,53071007,1960,1
30118932,52675111,1969,1
30118934,52675111,1969,2
30118936,52675111,1969,3
30118940,52491793,1969,1
30118942,52491793,1969,2
30118953,52665119,1960,3
30118969,52665610,1960,2
30118993,52697791,1970,1
30118995,52697791,1970,2
30119018,52538873,1940,
30119056,71178775,2022,4
30119098,52539839,1970,1
30119108,52539839,1970,3
30119133,52648938,1998,3
30119145,52432238,1990,1
30119146,52432238,1990,2
30119147,52432238,1990,3
30119157,52658629,1989,0
30119160,52658629,1989,2
30119162,52658629,1989,3
30119164,52658629,1989,4
30119165,52658629,1989,5
30119202,52466927,1970,2
30119206,52466927,1970,4
30119210,52466927,1970,6
30119213,52433689,1997,3
30119214,52433689,1997,1
30119216,52433689,1997,2
30119219,52433689,1997,4
30119220,52433689,1997,4
30119225,52553915,1970,2
30119280,52539905,2000,4
30119299,52539905,2000,8
30119305,52539905,2000,3
30119308,52539905,2000,4
30119319,52539905,2000,6
30119322,52539905,2000,7
30119327,52539905,2000,8
30119330,52539905,2000,8
30119338,52650771,1990,4
30119373,52655795,1970,2
30119374,52655795,1970,2
30119377,52655795,1970,3
30119378,52655795,1970,3
30119380,52655795,1970,3
30119382,52655795,1970,3
30119386,52683384,1970,0
30119401,52713740,1970,0
30119402,52713740,1970,0
30119407,52652196,1987,2
30119425,52647137,1985,1
30119426,52647137,1985,1
30119438,52695957,1970,3
30119446,52656207,1973,3
30119450,52716702,2004,1
30119458,52695067,1960,0
30119467,53372111,1970,4
30119471,53363069,1972,1
30119480,52655790,1960,0
30119481,52655790,1960,0
30119482,52655790,1960,0
30119484,52655790,1960,1
30119485,52655790,1960,1
30119487,52655790,1960,1
30119566,52651639,1950,0
30119572,52651639,1950,2
30119579,52991130,1964,0
30119591,53372082,1950,2
30119598,53360398,1970,1
30119600,53360398,1970,2
30119603,52656674,1970,1
30119606,52656674,1970,2
30119608,52656674,1970,3
30119611,53368271,1970,0
30119613,53368271,1970,1
30119614,53368271,1970,1
30119627,53070402,1970,3
30119632,53110927,1959,1
30119637,52645650,1960,0
30119640,52645650,1960,2
30119641,52645650,1960,2
30119643,52704397,1964,0
30119644,52704397,1964,0
30119648,52704397,1964,2
30119652,52496863,1980,
30119654,53165032,2000,
30119670,52647191,1960,1
30119677,52657088,1950,1
30119683,52763503,1966,0
30119684,52763503,1966,0
30119690,53372115,1960,2
30119694,52657120,1970,-1
30119695,52657120,1970,0
30119706,52683419,1960,0
30119712,52688906,1965,0
30119714,52688906,1965,1
30119720,52956811,1970,2
30119721,52956811,1970,2
30119725,52462770,1960,0
30119726,52462770,1960,1
30119729,52462770,1960,2
30119734,52704303,1948,1
30119760,53097510,1970,0
30119762,53097510,1970,1
30119774,52444469,1970,1
30119777,52444469,1970,3
30119785,52657596,1965,3
30119812,52701688,1970,3
30119817,52654834,1970,1
30119819,52654834,1970,3
30119823,53327281,1960,-1
30119826,53327281,1960,0
30119829,53327281,1960,2
30119843,53360150,1980,1
30119845,53360150,1980,2
30119848,53360150,1980,3
30119855,52958278,1998,0
30119858,52958278,1998,3
30119879,52703459,1960,0
30119880,52703459,1960,0
30119881,52703459,1960,0
30119886,53363243,1970,1
30119887,53363243,1970,2
30119889,53363243,1970,3
30119893,53363243,1970,1
30119894,53363243,1970,1
30119901,53363243,1970,1
30119903,53363243,1970,2
30119904,53363243,1970,2
30119906,53363243,1970,3
30119907,53363243,1970,4
30119909,53363243,1970,1
30119912,53363243,1970,2
30119923,53363243,1970,4
30119924,53363243,1970,4
30119931,52657168,1960,3
30119933,52657168,1960,4
30119935,52657168,1960,5
30119938,52657168,1960,2
30119943,52657168,1960,4
30119949,52657168,1960,2
30119952,52657168,1960,4
30119955,52657168,1960,5
30119963,52464625,1970,4
30119998,52466059,1975,1
30119999,52466059,1975,1
30120000,52466059,1975,2
30120003,52466059,1975,3
30120031,52710274,1970,3
30120034,52710274,1970,4
30120037,52710274,1970,5
30120039,52710274,1970,5
30120041,52710274,1970,6
30120051,52710274,1970,8
30120054,52710274,1970,9
30120065,52408899,1970,4
30120078,52408899,1970,7
30120087,52408899,1970,9
30120091,52988001,1970,2
30120107,52988001,1970,6
30120111,52988001,1970,7
30120121,52988001,1970,9
30120124,53365566,1970,1
30120128,53365566,1970,2
30120132,53365566,1970,3
30120136,53365566,1970,4
30120145,52656701,1960,1
30120146,52656701,1960,2
30120147,52656701,1960,2
30120149,52656701,1960,3
30120154,52656701,1960,4
30120163,52656701,1960,6
30120167,52799671,1970,2
30120171,52799671,1970,3
30120174,52799671,1970,4
30120180,52799671,1970,5
30120181,52799671,1970,6
30120184,52799671,1970,6
30120186,52693568,1970,1
30120187,52693568,1970,1
30120193,52693568,1970,3
30120195,52693568,1970,4
30120198,52693568,1970,5
30120204,52693568,1970,6
30120210,52715118,1960,2
30120211,52715118,1960,3
30120216,52715118,1960,4
30120217,52715118,1960,4
30120220,52715118,1960,5
30120223,52715118,1960,6
30120224,52715118,1960,6
30120225,52715118,1960,6
30120232,52657171,1960,2
30120236,52657171,1960,4
30120242,52657171,1960,2
30120260,52657171,1960,1
30120262,52657171,1960,2
30120263,52657171,1960,3
30120264,52657171,1960,3
30120265,52657171,1960,4
30120268,52657171,1960,5
30120273,52651337,1960,2
30120277,52651337,1960,4
30120282,52651337,1960,2
30120290,52651337,1960,1
30120291,52651337,1960,1
30120292,52651337,1960,2
30120302,52651337,1960,2
30120306,52651337,1960,4
30120313,52716314,1997,0
30120314,52716314,1997,0
30120315,52716314,1997,1
30120316,52716314,1997,1
30120318,52716314,1997,2
30120320,52716314,1997,3
30120331,52495557,1980,1
30120342,52495557,1980,5
30120362,53077942,1970,2
30120371,52462736,1975,2
30120372,52462736,1975,3
30120373,52462736,1975,3
30120379,53004334,1970,2
30120381,53004334,1970,3
30120383,53004334,1970,4
30120387,53004334,1970,2
30120391,53004334,1970,4
30120392,52648066,1980,1
30120396,52648066,1980,3
30120403,52648066,1980,2
30120404,52648066,1980,3
30120405,52648066,1980,3
30120411,52709759,1980,2
30120412,52709759,1980,3
30120413,52709759,1980,3
30120414,52709759,1980,4
30120418,52656181,1970,2
30120419,52656181,1970,2
30120421,52656181,1970,3
30120426,53326680,1996,0
30120428,53326680,1996,2
30120430,53326680,1996,4
30120432,53326680,1996,1
30120439,52652199,1980,1
30120442,52652199,1980,3
30120481,52649853,1970,-1
30120484,52649853,1970,0
30120486,52649853,1970,1
30120492,52649853,1970,3
30120503,53361388,1965,2
30120504,53361388,1965,2
30120507,52992078,1970,1
30120508,52992078,1970,2
30120537,52409200,1986,
30120565,52651880,1970,3
30120567,52651880,1970,4
30120574,52646951,1970,2
30120582,52646951,1970,4
30120590,52460881,1960,1
30120594,52460881,1960,3
30120606,52657724,1960,1
30120607,52657724,1960,2
30120609,52657724,1960,3
30120640,52651999,1970,2
30120641,52651999,1976,2
30120643,52651999,1976,3
30120644,52651999,1976,3
30120646,52651999,1976,4
30120648,52651999,1976,4
30120650,52651999,1976,5
30120662,52666006,,2
30120681,52652169,1950,1
30120685,52718230,1952,1
30120689,52792718,1950,1
30120691,52625728,1954,0
30120692,52625728,1954,1
30120699,52652169,1950,0
30120704,52652169,1950,1
30120711,52652169,1950,0
30120713,52652169,1950,1
30120723,52652169,1950,
30120759,52619039,1950,0
30120762,52619039,1950,1
30120767,52619039,1950,2
30120769,52647129,1950,-1
30120772,52647129,1950,2
30120774,52647129,1950,3
30120811,52715932,1960,-1
30120812,52715932,1960,
30120816,52715932,1960,
30120821,52715932,1960,0
30120825,52715932,1960,1
30120833,52715932,1960,2
30120834,52715932,1960,2
30120839,52715932,1960,0
30120841,52715932,1960,0
30120847,52715932,1960,1
30120850,52715932,1960,2
30120851,52715932,1960,2
30120852,52715932,1960,2
30120867,52619134,1970,1
30120869,52619134,1970,2
30120900,52716593,1970,2
30120902,52716593,1970,3
30120903,52716593,1970,3
30120904,52716593,1970,3
30120908,52466523,1960,0
30120909,52466523,1960,1
30120910,52466523,1960,1
30120924,52461845,1960,0
30120926,52461845,1960,1
30120928,52461845,1960,1
30120929,52461845,1960,2
30120931,52461845,1960,2
30120933,52461845,1960,0
30120936,52461845,1960,0
30120942,52461845,1960,2
30120951,52720946,1960,0
30120952,52720946,1960,1
30120954,52720946,1960,2
30120955,52720946,1960,2
30120960,52651305,1961,0
30120963,52651305,1961,2
30120968,52679233,1960,0
30120970,52679233,1960,1
30120978,52716622,1960,1
30120996,52721622,1970,0
30120998,52721622,1970,1
30121009,52695905,1960,1
30121011,52695905,1960,2
30121012,52695905,1960,2
30121014,52695905,1960,3
30121027,52466060,1955,1
30121029,52466060,1955,2
30121033,52691275,1961,0
30121042,53368438,1970,1
30121050,52682680,1960,
30121053,52682680,1960,1
30121061,52496076,1960,
30121062,52496076,1960,1
30121089,53101386,2000,1
30121125,52550724,2004,3
30121127,52550724,2004,4
30121134,52550724,2004,3
30121386,52458068,1970,0
30121389,52526682,1973,0
30121396,52562669,1970,1
30121397,52562669,1970,1
30121405,52562669,1970,3
30121406,52562669,1970,3
30121410,53348717,1970,1
30121412,53348717,1970,1
30121419,53348717,1970,3
30121420,53348717,1970,3
30121485,52411974,1970,1
30121486,52411974,1970,1
30121487,52411974,1970,1
30121509,52602829,1970,2
30121510,52602829,1970,2
30121511,52602829,1970,2
30121513,52602829,1970,3
30121516,52602829,1970,3
30121519,52602829,1970,2
30121520,52602829,1970,2
30121678,52443010,1960,1
30121679,52443010,1960,2
30121680,52443010,1960,2
30121681,52443010,1960,3
30121683,52443010,1960,4
30121684,52443010,1960,4
30121690,52443010,1960,3
30121692,52443010,1960,4
30121693,52443010,1960,1
30121698,52443010,1960,3
30121701,52443010,1960,1
30121703,52443010,1960,2
30121706,52443010,1960,3
30121709,52443010,1960,1
30121712,52443010,1960,2
30121714,52443010,1960,3
30121716,52443010,1960,4
30121717,52443010,1960,1
30121718,52443010,1960,1
30121722,52443010,1960,3
30121724,52443010,1960,4
30121725,52443010,1960,1
30121731,52443010,1960,4
30121732,52443010,1960,4
30121734,52443010,1960,1
30121736,52443010,1960,2
30121737,52443010,1960,3
30121738,52443010,1960,3
30121747,53015228,1960,-1
30121749,53015228,1960,-1
30121762,53015228,1960,2
30121763,53015228,1960,3
30121764,53015228,1960,3
30121765,53015228,1960,4
30121769,53015228,1960,2
30121773,53015228,1960,4
30121775,53015228,1960,1
30121776,53015228,1960,1
30121780,53015228,1960,3
30121781,53015228,1960,4
30121782,53015228,1960,4
30121787,53015228,1960,2
30121790,53015228,1960,4
30121791,53015228,1960,4
30121792,53015228,1960,0
30121797,53015228,1960,2
30121800,53015228,1960,4
30121802,53015228,1960,0
30121803,53015228,1960,0
30121805,53015228,1960,1
30121810,53015228,1960,4
30121815,53015228,1960,1
30121820,53015228,1960,4
30121826,53130811,1960,2
30121829,53130811,1960,3
30121830,53130811,1960,4
30121831,53130811,1960,4
30121835,53130811,1960,2
30121837,53130811,1960,3
30121839,53130811,1960,4
30121849,53130811,1960,1
30121850,53130811,1960,2
30121855,53130811,1960,4
30121859,53130811,1960,2
30121861,53130811,1960,3
30121865,53130811,1960,1
30121866,53130811,1960,2
30121867,53130811,1960,2
30121872,53130811,1960,1
30121873,53130811,1960,2
30121875,53130811,1960,2
30121876,53130811,1960,3
30121878,53130811,1960,4
30121879,53130811,1960,4
30121883,53130811,1960,2
30121884,53130811,1960,3
30121885,53130811,1960,3
30121894,52551153,1960,0
30121900,52551153,1960,2
30121920,52400249,1970,0
30121922,52400249,1970,1
30121924,52400249,1970,2
30121929,52519852,1970,0
30121937,52594234,1970,0
30121941,52594234,1970,2
30121950,52457583,1960,
30121954,52457583,1960,1
30121958,52457583,1960,2
30121968,52516143,1960,1
30121969,52516143,1960,2
30121973,52556798,1970,
30121976,52556798,1970,1
30121980,52556798,1970,
30121983,52556101,1960,0
30121984,52556101,1960,0
30121988,52556101,1960,2
30121992,52556101,1960,-1
30121993,52556101,1960,0
30122021,52523116,1990,2
30122034,53322452,1970,1
30122058,52526796,2007,2
30122064,52526796,2007,4
30122066,52526796,2007,5
30122137,52558550,2005,0
30122141,52558550,2005,2
30122143,52558550,2005,1
30122146,52558550,2005,2
30122152,52558550,2005,2
30122154,52558550,2005,3
30122156,52558550,2005,4
30122159,53415785,2003,0
30122162,53415785,2003,1
30122165,53415785,2003,1
30122166,53415785,2003,2
30122169,53415785,2003,2
30122173,53415785,2003,0
30122175,53415785,2003,0
30122176,53415785,2003,1
30122177,53415785,2003,1
30122180,53415785,2003,2
30122191,53415785,2003,1
30122192,53415785,2003,1
30122195,53415785,2003,2
30122213,52550047,2002,3
30122215,52550047,2002,0
30122227,52599168,1997,0
30122236,53342348,1997,0
30122242,53342348,1997,3
30122251,53342815,2003,1
30122265,53338316,2000,2
30122270,53338316,2000,4
30122271,53338316,2000,4
30122272,53338316,2000,4
30122280,52518132,2011,0
30122281,52518132,2011,1
30122282,52518132,2011,1
30122283,52518132,2011,2
30122284,52518132,2011,2
30122285,52518132,2011,3
30122287,52518132,2011,4
30122288,52518132,2011,4
30122293,52491958,1960,0
30122304,52491958,1960,2
30122309,52593772,1970,-1
30122322,52564243,1990,3
30122343,52530465,1992,4
30122347,52556784,1970,1
30122354,52556784,1970,6
30122374,52551898,1985,5
30122376,52551898,1985,6
30122388,52416262,1970,0
30122402,53150475,1980,5
30122408,52564974,1968,0
30122413,52564974,1968,2
30122423,52523065,1970,1
30122425,52523065,1970,2
30122427,52523065,1970,4
30122444,52527136,1970,1
30122452,52562124,1970,
30122455,52562124,1970,
30122457,52562124,1970,0
30122460,52562124,1970,2
30122463,52562124,1970,3
30122464,52562124,1970,-1
30122473,52399622,1998,4
30122474,52399622,1998,4
30122485,52493303,1960,1
30122486,52493303,1960,2
30122487,52493303,1960,2
30122488,52493303,1960,2
30122489,52493303,1960,3
30122495,52430031,1970,1
30122496,52430031,1970,1
30122505,53318265,1970,3
30122506,53318265,1970,3
30122516,52522781,1970,2
30122517,52522781,1970,3
30122518,52522781,1970,3
30122520,53339943,1960,-1
30122538,53339943,1960,1
30122543,53339943,1960,2
30122557,52399726,1970,6
30122592,52521740,1960,0
30122593,52521740,1960,0
30122595,52521740,1960,0
30122605,52557503,1960,0
30122606,52557503,2018,0
30122607,52557503,1960,1
30122608,52557503,1975,1
30122609,52557503,1956,1
30122624,52414876,1960,3
30122627,52523977,1982,0
30122640,52411587,1974,3
30122641,52411587,1974,3
30122653,53336578,1970,0
30122654,53336578,1970,0
30122660,53336578,1970,2
30122664,52713114,1960,2
30122668,52713114,1960,4
30122670,52682964,1980,1
30122672,52773826,1989,1
30122673,52773826,1989,1
30122683,52648281,1970,1
30122686,52648281,1970,3
30122688,52797074,1960,-1
30122697,52797074,1960,4
30122698,52687323,1950,4
30122706,52706045,1960,0
30122709,52706045,1960,1
30122711,52706045,1960,2
30122712,52706045,1960,2
30122717,52660146,1970,3
30122719,52660146,1970,4
30122721,52660146,1970,-1
30122740,51666829,1960,0
30122744,51666829,1960,0
30122748,51666829,1960,1
30122751,51666829,1960,1
30122754,51666829,1960,2
30122765,52723318,1960,3
30122776,52678819,1970,1
30122778,52678819,1970,2
30122798,52725500,1940,1
30122799,52725500,1940,2
30122800,52725500,1940,2
30122804,53316681,1980,0
30122807,53316681,1980,1
30122808,53316681,1980,1
30122812,53316681,1980,2
30122896,52682570,1970,2
30122897,52682570,1970,2
30123072,52515709,1960,1
30123074,52515709,1960,1
30123082,52515709,1960,2
30123086,52515709,1960,2
30123098,52515709,1960,3
30123100,52515709,1960,3
30123142,52515709,1960,7
30123144,52515709,1960,7
30123148,52515709,1960,7
30123167,53125771,1970,0
30123172,53125771,1970,1
30123175,53125771,1970,1
30123176,53125771,1970,1
30123177,53125771,1970,2
30123178,53125771,1970,2
30123179,53125771,1970,2
30123180,53125771,1970,2
30123181,53125771,1970,2
30123182,53125771,1970,2
30123185,53125771,1970,3
30123187,53125771,1970,-1
30123192,53125771,1970,-1
30123304,52560687,1964,0
30123320,52442962,1970,0
30123324,52442962,1970,1
30123325,52442962,1970,1
30123337,52551361,1960,1
30123338,52551361,1960,2
30123341,52551361,1960,3
30123342,52551361,1960,0
30123349,52551361,1960,1
30123351,52551361,1960,2
30123352,52551361,1960,2
30123391,52794192,1980,2
30123397,52963373,1972,3
30123398,52963373,1972,3
30123404,52685369,1960,0
30123410,52685369,1960,1
30123444,52731043,1960,1
30123450,53364403,1980,1
30123459,52708163,1969,-1
30123461,52708163,1969,0
30123462,52708163,1969,0
30123467,52708163,1969,1
30123551,52755969,1960,1
30123574,52731981,1948,1
30123576,52731981,1948,2
30123594,52714487,1962,0
30123611,53372319,2003,1
30123623,52706954,1970,2
30123624,52706954,1970,3
30123637,52534699,1960,2
30123639,52534699,1960,3
30123648,52412088,1987,1
30123652,52412088,1987,2
30123658,53327022,1980,1
30123659,53327022,1980,2
30123684,52560676,1970,2
30123686,52560676,1970,3
30123688,52570015,1988,4
30123700,52410854,1969,2
30123754,52568502,1970,1
30123770,52586882,1960,1
30123778,52586882,1960,1
30123783,52586882,1960,2
30123791,52586882,1960,3
30123797,52510368,1970,-1
30123803,52510368,1970,3
30123807,53345003,1960,1
30123811,52413651,1955,1
30123816,52413651,1955,3
30123885,53336167,1970,1
30123895,52429303,1960,0
30123897,52429303,1960,0
30123905,52429303,1960,2
30123906,52429303,1960,2
30123922,52540251,1980,2
30123923,52540251,1980,2
30123953,52510736,1960,2
30123959,52754892,1980,0
30123962,52754892,1980,1
30123964,52754892,1980,2
30123967,52450582,1970,0
30123969,52450582,1970,1
30123972,52450582,1970,3
30123977,52690891,1970,2
30123979,52690891,1970,4
30123981,52690891,1970,7
30123982,52690891,1970,8
30123983,52690891,1970,1
30123984,52690891,1970,2
30123988,52690891,1970,5
30124024,52535361,1995,2
30124039,52562080,1997,1
30124041,52562080,1997,3
30124050,52562080,2000,1
30124051,52562080,2005,1
30124054,52562080,2002,3
30124055,52562080,2001,3
30124059,52680577,1998,2
30124060,51663619,1994,1
30124117,52541611,1970,1
30124137,52514785,1970,1
30124140,52514785,1970,1
30124147,52514785,1970,3
30124151,52514785,1970,3
30124164,52562737,1960,2
30124166,52562737,1960,3
30124176,52518562,1960,2
30124178,52518562,1960,3
30124229,52682970,1970,2
30124230,52682970,1970,2
30124270,52754519,1960,2
30124281,53002602,1960,0
30124291,52463540,1960,0
30124319,52761092,1970,1
30124321,52761092,1970,2
30124328,53316437,1980,0
30124333,53316437,1980,2
30124334,53316437,1980,2
30124343,52794655,1960,2
30124346,52794655,1960,3
30124355,52527291,1970,-1
30124365,52564614,1990,0
30124397,52717089,1970,0
30124401,52717089,1970,2
30124402,52717089,1970,2
30124419,52658986,1980,1
30124448,52725557,1970,3
30124551,52588709,1985,1
30124646,52410113,1970,0
30124649,52410113,1970,3
30124686,53017112,1993,4
30124687,52408424,1930,1
30124713,53364995,1970,1
30124714,53364995,1970,1
30124715,53364995,1970,1
30124722,53364995,1970,4
30124777,52437201,1960,1
30124796,53093826,1950,1
30124805,53093826,1950,2
30124808,53093826,1950,2
30124809,53093826,1950,2
30124818,52414069,1960,1
30124822,52414069,1960,2
30124846,52520797,1960,3
30124854,53171611,1950,1
30124858,53171611,1950,2
30124862,53171611,1950,2
30124866,53342293,1950,1
30124872,53342293,1950,1
30124874,53342293,1950,2
30124879,53342293,1950,2
30124885,52413934,1950,1
30124887,52413934,1950,2
30124892,52402111,1960,1
30124910,52963513,1950,2
30124911,52963513,1950,2
30124914,52411353,1950,-1
30124915,52411353,1950,1
30124918,52411353,1950,1
30124922,52411353,1950,2
30124929,52550267,1960,-1
30124935,52550267,1960,1
30124937,52550267,1960,2
30124939,52550267,1960,2
30124950,53317830,1970,1
30124960,53317830,1970,2
30124961,53317830,1970,2
30124967,53348272,1960,0
30124968,53348272,1960,0
30124974,53348272,1960,1
30124978,53348272,1960,2
30124980,53348272,1960,2
30124988,53324735,1960,-1
30124993,53324735,1960,1
30124994,53324735,1960,1
30124996,53324735,1960,2
30125002,52541634,1950,1
30125006,52541634,1950,1
30125017,52563155,1960,1
30125018,52563155,1960,1
30125021,52563155,1960,1
30125022,52563155,1960,1
30125023,52563155,1960,2
30125035,52563155,1960,3
30125042,52437214,1960,1
30125044,52437214,1960,1
30125049,52437214,1960,2
30125054,52437214,1960,3
30125056,52437214,1960,3
30125079,52413678,1960,1
30125080,52413678,1960,1
30125086,52413678,1960,2
30125089,52413678,1960,2
30125093,52413678,1960,3
30125096,52413678,1960,3
30125101,52457652,1950,1
30125103,52457652,1950,1
30125106,52457652,1950,2
30125107,52457652,1950,2
30125109,52457652,1950,2
30125117,52457652,1950,3
30125142,52411680,1950,2
30125148,52535749,1950,1
30125149,52535749,1950,1
30125153,52535749,1950,1
30125154,52535749,1950,1
30125166,52535749,1950,3
30125167,52535749,1950,3
30125208,52560895,1960,1
30125209,52560895,1960,1
30125213,52560895,1960,1
30125215,52560895,1960,2
30125217,52560895,1960,2
30125220,52560895,1960,2
30125224,52560895,1960,3
30125230,52560895,1960,1
30125231,52560895,1960,1
30125234,52400796,1960,1
30125235,52400796,1960,1
30125236,52400796,1960,1
30125239,52400796,1960,1
30125247,52400796,1960,2
30125253,53321343,1960,1
30125256,53321343,1960,1
30125257,53321343,1960,1
30125260,53321343,1960,2
30125261,53321343,1960,2
30125262,53321343,1960,2
30125276,52449197,1959,2
30125277,52449197,1959,2
30125293,52525901,1950,1
30125296,52525901,1950,1
30125297,52525901,1950,2
30125300,52525901,1950,2
30125306,53332283,1950,2
30125321,52426527,1960,1
30125326,52426527,1960,2
30125330,52426527,1960,2
30125336,52493658,1950,1
30125340,52493658,1950,2
30125342,52493658,1950,2
30125362,52587756,1980,2
30125368,52548823,1950,1
30125370,52548823,1950,1
30125376,52564889,1950,1
30125382,52564889,1950,2
30125383,52564889,1950,2
30125395,52433126,1960,2
30125400,52433126,1960,2
30125410,53342378,1950,1
30125447,52493073,1960,1
30125450,52493073,1960,1
30125454,52493073,1960,2
30125463,52493073,1960,3
30125501,52415420,1960,1
30125510,52415420,1960,2
30125518,52415420,1960,3
30125524,52415420,1960,3
30125530,53338412,1960,1
30125532,53338412,1960,2
30125534,53338412,1960,3
30125535,53338412,1960,3
30125538,53338412,1960,1
30125552,53338412,1960,1
30125554,53338412,1960,2
30125560,53338412,1960,1
30125561,53338412,1960,1
30125562,53338412,1960,2
30125575,53338412,1960,1
30125579,53338412,1960,3
30125580,53338412,1960,3
30125583,53338412,1960,1
30125585,53338412,1960,2
30125587,53338412,1960,3
30125591,53338412,1960,1
30125596,53338412,1960,0
30125602,53338412,1960,3
30125613,52443030,1960,1
30125615,52443030,1960,2
30125617,52443030,1960,3
30125620,52443030,1960,1
30125624,52443030,1960,3
30125632,52443030,1960,3
30125633,52443030,1960,0
30125656,52443030,1960,3
30125668,52443030,1960,2
30125757,52398240,1960,1
30125760,52398240,1960,2
30125761,52398240,1960,2
30125770,52398240,1960,4
30125792,52548990,1960,3
30125801,52548990,1960,0
30125809,52548990,1960,0
30125821,52548990,1960,2
30125860,52529226,1950,1
30125863,52529226,1950,2
30125864,52529226,1950,2
30125865,52529226,1950,2
30125869,52547683,1950,2
30125891,52440768,1950,2
30125899,52556886,1953,1
30125914,52458064,1950,1
30125918,52401643,1950,0
30125929,52547672,1960,1
30125953,52523820,1950,2
30125954,52523820,1950,2
30125959,52599705,1974,2
30125993,52583876,1960,2
30126029,52396785,1954,2
30126044,53098655,1960,2
30126049,52970899,1950,2
30126053,52987041,1970,2
30126063,52536795,1960,2
30126068,53341664,1950,1
30126069,53341664,1950,2
30126082,52401671,1950,1
30126084,52401671,1950,2
30126087,52997559,1950,1
30126098,52535585,1950,1
30126100,52535585,1950,2
30126147,52523808,1950,2
30126155,52523710,1951,0
30126161,52546277,1953,1
30126167,53012040,1970,2
30126172,52397433,1955,2
30126180,52535940,1956,1
30126181,52535940,1956,1
30126183,52535940,1956,2
30126198,52524327,1957,1
30126232,52403048,1950,2
30126241,52528311,1980,2
30126247,52544950,1950,0
30126251,52545452,1960,1
30126256,52545452,1960,2
30126261,52410713,1950,1
30126282,52535786,1960,2
30126301,52399594,1958,2
30126302,52399594,1960,2
30126402,52551874,1960,1
30126409,52551874,1960,2
30126411,52551874,1960,0
30126412,52551874,1960,0
30126413,52551874,1960,1
30126416,52551874,1960,2
30126426,53348343,1970,2
30126427,53348343,1970,3
30126429,53348343,1970,0
30126441,52993049,1960,1
30126443,52993049,1960,2
30126446,52993049,1960,3
30126448,52993049,1960,0
30126457,52993049,1960,1
30126461,52993049,1960,3
30126467,52562890,1960,1
30126473,52562890,1960,1
30126475,52562890,1960,2
30126479,52562890,1960,1
30126481,52562890,1960,2
30126485,52416726,1970,0
30126490,52416726,1970,2
30126495,52416726,1970,2
30126502,52416726,1970,2
30126509,52541690,1960,0
30126510,52541690,1960,0
30126511,52541690,1960,1
30126568,52550557,1955,1
30126624,53051692,1970,2
30126636,52586093,1970,1
30126638,52586093,1970,2
30126661,52411861,1952,1
30126670,52588374,1950,2
30126672,52588374,1950,2
30126719,52416845,1960,2
30126744,52551210,1980,2
30126746,52544985,1960,1
30126748,52544985,1960,2
30126771,52499325,1950,1
30126777,52499325,1950,2
30126792,52496317,1970,1
30126795,52496317,1970,2
30126819,53317854,1960,1
30126821,53317854,1960,1
30126823,53317854,1960,2
30126825,53317854,1960,2
30126831,53341425,1955,2
30126838,52413261,1950,1
30126847,52412074,1954,1
30126852,53119029,1950,1
30126870,53341418,1950,2
30126932,53347344,1950,1
30126933,53347344,1950,1
30126937,53347344,1950,2
30126938,53347344,1950,2
30126968,52460320,1950,2
30127023,53342114,1952,2
30127043,52563019,1953,2
30127142,53342541,1950,1
30127148,52956790,1960,1
30127162,53332018,1965,2
30127177,52414937,1959,1
30127181,52458515,1950,1
30127186,53442435,1960,1
30127194,52531489,1957,2
30127196,52411272,1950,0
30127197,52411272,1950,0
30127198,52411272,1950,1
30127225,52549361,1960,1
30127249,52413380,1960,2
30127252,52413380,1960,2
30127258,52496941,1950,2
30127260,52496941,1950,2
30127277,53322277,1960,2
30127315,52560552,1953,2
30127323,52544967,1930,1
30127333,52530289,1970,1
30127334,52530289,1970,1
30127335,52530289,1970,2
30127368,52417917,1970,2
30127369,52417917,1970,2
30127414,53334441,1960,1
30127418,53334441,1960,2
30127538,52499532,1960,1
30127541,52499532,1960,3
30127542,52499532,1960,3
30127548,52499532,1960,3
30127550,52499532,1960,4
30127555,52499532,1960,3
30127557,52499532,1960,4
30127561,52499532,1960,2
30127565,52499532,1960,4
30127568,53342659,1960,2
30127572,53342659,1960,4
30127592,53342659,1960,3
30127593,53342659,1960,4
30127594,53342659,1960,4
30127599,52463150,1970,2
30127602,52463150,1970,4
30127605,52463150,1970,2
30127607,52463150,1970,3
30127610,52463150,1960,4
30127613,52463150,1970,2
30127615,52463150,1970,3
30127618,52463150,1970,1
30127623,52463150,1970,4
30127627,52556374,1960,2
30127629,52556374,1960,3
30127631,52556374,1960,4
30127635,52556374,1960,2
30127640,52556374,1960,1
30127643,52556374,1960,3
30127648,52556374,1960,2
30127658,53318448,1970,1
30127673,52528873,1960,1
30127675,52528873,1960,1
30127677,52528873,1960,2
30127684,52528873,1960,3
30127686,52528873,1960,4
30127719,52402623,1960,0
30127723,52402623,1960,2
30127730,52402623,1960,2
30127737,52402623,1960,2
30127739,52402623,1960,3
30127745,52402623,1960,3
30127752,52411413,1960,3
30127768,52411413,1960,0
30127771,52411413,1960,2
30127772,52411413,1960,2
30127774,52411413,1960,3
30127779,53342029,1960,2
30127780,53342029,1960,3
30127784,53342029,1960,1
30127786,53342029,1960,2
30127787,53342029,1960,3
30127788,53342029,1960,3
30127793,53342029,1960,2
30127795,53342029,1960,3
30127807,53338957,1970,2
30127811,53338957,1970,1
30127819,53338957,1970,1
30127820,53338957,1970,2
30127822,53338957,1970,3
30127831,52411413,1960,0
30127834,52411413,1960,2
30127838,52564003,1960,0
30127840,52564003,1960,1
30127843,52564003,1960,3
30127844,52564003,1960,3
30127845,52564003,1960,0
30127846,52564003,1960,1
30127849,52564003,1960,2
30127855,52411584,1960,2
30127862,52568193,1970,2
30127867,52568193,1970,1
30127868,52568193,1970,1
30127873,52568193,1970,0
30127882,52568193,1970,1
30127884,52568193,1970,2
30127886,52568193,1970,3
30128929,52518057,1960,2
30128955,52441583,1950,
30129043,52600540,1980,2
30129059,53318342,1970,1
30129060,53318342,1970,1
30129061,53318342,1970,2
30129065,53318342,1970,4
30129067,53318342,1970,5
30129071,53318342,1970,1
30129072,53318342,1970,1
30129074,53318342,1970,2
30129077,53318342,1970,4
30129082,53318342,1970,6
30129086,52550932,1970,1
30129087,52550932,1970,1
30129088,52550932,1970,1
30129090,52550932,1970,2
30129093,52550932,1970,2
30129096,52550932,1970,3
30129107,52550932,1970,6
30129108,52550932,1970,6
30129129,52956792,1950,1
30129160,53016209,1950,1
30129163,53016209,1950,2
30129166,52443453,1947,1
30129168,52443453,1947,2
30129177,52400975,1947,2
30129183,52400975,1947,2
30129184,52400975,1947,2
30129288,52517188,1970,0
30129289,52517188,1970,0
30129291,53158361,1975,1
30129296,53158361,1975,4
30129326,52957852,1975,2
30129333,52957852,1975,3
30129334,52957852,1975,3
30129339,52957852,1975,4
30129340,52957852,1975,4
30129342,52957852,1975,4
30129347,52676853,1985,1
30129351,52676853,1985,2
30129354,52676853,1985,3
30129361,52683810,2020,0
30129371,52561657,1974,2
30129375,52561657,1974,4
30129377,52561657,1974,1
30129378,52561657,1974,2
30129379,52561657,1974,2
30129381,52561657,1974,3
30129382,52561657,1974,4
30129383,52561657,1974,4
30129386,52561657,1974,2
30129399,52686172,1970,4
30129402,52686172,1970,1
30129403,52686172,1970,2
30129405,52686172,1970,3
30129416,52686172,1970,4
30129430,52526667,1970,1
30129436,52526667,1970,2
30129440,52526667,1970,3
30129459,52526667,1970,1
30129461,52526667,1970,2
30129462,52526667,1970,2
30129467,52526667,1970,3
30129468,52526667,1970,3
30129476,52526667,1970,5
30129481,52526667,1970,7
30129483,52526667,1970,7
30129493,52526667,1970,3
30129499,52526667,1970,4
30129503,52526667,1970,5
30129506,52526667,1970,6
30129508,52526667,1970,6
30129510,52526667,1970,7
30129511,52526667,1970,7
30129512,52526667,1970,7
30129513,52526667,1970,1
30129522,52526667,1970,3
30129530,52526667,1970,5
30129533,52526667,1970,6
30129566,52657448,1960,2
30129573,52682841,1980,2
30129574,52682841,1980,3
30129576,52682841,1980,4
30129581,52729073,1980,2
30129584,52729073,1980,4
30129587,52766275,1984,1
30129619,52588872,1970,1
30129622,52588872,1970,2
30129623,52588872,1970,3
30129627,52588872,1970,2
30129630,52588872,1970,3
30129635,52588872,1970,3
30129641,52588872,1970,3
30129642,52588872,1970,3
30129646,52588872,1970,2
30129648,52588872,1970,3
30129654,52716765,1960,1
30129818,52722148,1970,1
30129824,52722148,1970,1
30129830,52722148,1970,0
30129841,52716831,1980,3
30129845,52716831,1980,2
30129846,52716831,1980,2
30129847,52716831,1980,3
30129848,52716831,1980,3
30129849,52716831,1980,0
30129852,52716831,1980,2
30129856,52675672,1970,1
30129857,52675672,1970,1
30129862,52722148,1970,1
30129867,52722148,1970,3
30129868,52677871,1970,0
30129871,52677871,1970,2
30129880,52677871,1970,2
30129884,52677871,1970,1
30129889,52677871,1970,1
30129893,52677871,1970,3
30129899,52677871,1970,0
30129915,52714757,1970,0
30129916,52714757,1970,1
30129920,52714757,1970,2
30129924,52714757,1970,3
30129925,52714757,1970,4
30129926,52714757,1970,4
30129927,52714757,1970,4
30129929,52714757,1970,5
30129930,52714757,1970,5
30129934,52714757,1970,6
30129935,52714757,1970,6
30129939,52714757,1970,7
30129945,52714757,1970,9
30129947,52714757,1970,9
30129950,52714757,1970,10
30129951,52714757,1970,10
30129963,52714757,1970,4
30129964,52714757,1970,4
30129966,52714757,1970,4
30129970,52714757,1970,5
30129975,52714757,1970,7
30129980,52714757,1970,8
30129983,52714757,1970,9
30129987,52714757,1970,10
30129998,52753604,1970,1
30129999,52753604,1970,1
30130002,52753604,1970,2
30130003,52753604,1970,2
30130006,52753604,1970,3
30130009,52753604,1970,4
30130010,52753604,1970,4
30130014,52753604,1970,5
30130016,52753604,1970,6
30130020,52753604,1970,7
30130021,52753604,1970,7
30130024,52753604,1970,8
30130025,52753604,1970,8
30130028,52753604,1970,9
30130037,52753604,1970,1
30130040,52753604,1970,2
30130044,52753604,1970,3
30130045,52753604,1970,3
30130047,52753604,1970,4
30130048,52753604,1970,4
30130049,52753604,1970,4
30130054,52753604,1970,6
30130062,52753604,1970,8
30130063,52753604,1970,8
30130068,52753604,1970,9
30130071,52753604,1970,10
30130118,52407598,1970,2
30130124,52407598,1970,4
30130136,52407598,1970,7
30130137,52407598,1970,7
30130142,52407598,1970,9
30130144,52407598,1970,9
30130147,52407598,1970,10
30130148,52407598,1970,10
30130149,52407598,1970,10
30130151,52407598,1970,
30130154,52675783,1970,1
30130231,52717288,1974,0
30130238,52717288,1976,3
30130246,52717288,1975,5
30130247,52717288,1980,5
30130251,52717288,1969,6
30130252,52717288,1972,6
30130253,52717288,1972,6
30130257,52717288,1979,7
30130262,52717288,1975,9
30130263,52410460,1980,0
30130266,52410460,1970,1
30130268,52410460,1975,2
30130273,52410460,1973,3
30130281,52410460,1976,5
30130282,52410460,1983,5
30130286,52410460,1970,6
30130287,52410460,1985,6
30130289,52410460,1971,7
30130290,52410460,1962,7
30130293,52410460,1970,8
30130296,52410460,1973,9
30130301,52489992,1970,0
30130303,52489992,1970,1
30130307,52489992,1970,3
30130308,52489992,1970,3
30130311,52489992,1970,4
30130314,52489992,1970,5
30130315,52489992,1970,5
30130319,52489992,1970,6
30130324,52489992,1970,7
30130325,52489992,1970,7
30130326,52489992,1970,8
30130328,52489992,1970,8
30130330,52489992,1970,9
30130344,53107264,1970,2
30130349,53107264,1970,3
30130356,53107264,1970,5
30130361,53107264,1970,6
30130363,53107264,1970,7
30130364,53107264,1970,7
30130366,53107264,1970,8
30130367,53107264,1970,8
30130368,53107264,1970,8
30130371,53107264,1970,1
30130373,53107264,1970,2
30130377,53107264,1970,3
30130380,53107264,1970,3
30130381,53107264,1970,4
30130382,53107264,1970,4
30130384,53107264,1970,4
30130388,53107264,1970,5
30130391,53107264,1970,6
30130392,53107264,1970,6
30130393,53107264,1970,7
30130397,53107264,1970,8
30130401,53107264,1970,9
30130410,53385238,1970,0
30130414,52679428,1970,0
30130416,52679428,1970,1
30130419,52679428,1970,2
30130420,52679428,1970,2
30130424,52679428,1970,3
30130434,52679428,1970,6
30130445,52679428,1970,9
30130452,52679428,1970,3
30130454,52679428,1970,3
30130463,52679428,1970,5
30130464,52679428,1970,6
30130467,52679428,1970,6
30130469,52679428,1970,7
30130473,52679428,1970,8
30130475,52679428,1970,8
30130483,53372480,1970,1
30130488,53372480,1970,2
30130489,53372480,1970,3
30130490,53372480,1970,3
30130495,53372480,1970,4
30130503,53372480,1970,6
30130509,53372480,1970,8
30130512,53372480,1970,8
30130520,53372480,1970,3
30130527,53372480,1970,4
30130528,53372480,1970,5
30130534,53372480,1970,6
30130541,53372480,1970,8
30130542,53372480,1970,8
30130560,53371947,1960,1
30130564,53371947,1960,3
30130565,53371947,1960,4
30130570,52714707,1970,1
30130571,52714707,1970,1
30130572,52714707,1970,2
30130580,52741678,1970,0
30130585,52741678,1970,3
30130587,52741678,1970,4
30130588,52741678,1970,4
30130598,52686374,1970,4
30130599,52686374,1970,4
30130618,52710682,1970,0
30130619,52710682,1970,1
30130623,52710682,1970,2
30130629,52710682,1970,3
30130630,52710682,1970,3
30130631,52710682,1970,4
30130635,52710682,1970,5
30130637,52710682,1970,5
30130650,52710682,1970,1
30130651,52710682,1970,1
30130652,52710682,1970,1
30130653,52710682,1970,1
30130666,52710682,1970,5
30130667,52710682,1970,5
30130672,52710682,1970,6
30130681,52710682,1970,0
30130682,52710682,1970,0
30130683,52710682,1970,0
30130689,52710682,1980,4
30130690,52710682,1970,2
30130691,52710682,1970,2
30130695,52710682,1970,3
30130701,52710682,1970,5
30130706,52710682,1970,6
30130707,52710682,1970,6
30130708,52710682,1970,6
30130709,52710682,1970,7
30130714,52710682,1970,0
30130733,52710682,1970,5
30130742,52710682,1970,7
30130757,52667398,1989,3
30130763,52667398,1989,2
30130766,52667398,1989,3
30130807,52588885,1970,0
30130810,52588885,1970,1
30130816,52588885,1970,2
30130817,52588885,1970,3
30130836,52522332,1980,2
30130842,52522332,1980,3
30130847,52522332,1980,5
30130853,52522332,1980,0
30130854,52522332,1980,1
30130855,52522332,1980,1
30130858,52522332,1980,2
30130860,52522332,1980,2
30130862,52522332,1980,3
30130865,52522332,1980,3
30130867,52522332,1980,4
30130870,52522332,1980,5
30130871,52522332,1980,5
30131048,52707864,1960,
30131056,52689874,1960,1
30131065,52715016,1957,1
30131080,52416484,1980,1
30131108,52522913,1961,1
30131111,52589455,1950,0
30131113,52589455,1950,1
30131141,52683890,1950,1
30131148,52684000,1958,0
30131170,52791413,1960,0
30131172,52791413,1960,0
30131173,52791413,1960,1
30131177,52791413,1960,2
30131184,52986101,1960,0
30131199,52986101,1960,1
30131204,52986101,1960,2
30131208,52986101,1960,0
30131213,52986101,1960,1
30131214,52986101,1960,1
30131217,52986101,1960,2
30131226,52986101,1960,1
30131228,52986101,1960,2
30131238,52986101,1960,1
30131240,52986101,1960,2
30131241,52986101,1960,2
30131280,52664520,1970,-1
30131282,52664520,1970,1
30131285,52664520,1970,3
30131287,52664520,1970,4
30131292,52664520,1970,2
30131298,52664520,1970,3
30131306,52441378,1970,3
30131311,52441378,1970,2
30131326,53337659,1970,1
30131372,53374514,1970,3
30131374,53374514,1970,3
30131377,53374514,1970,4
30131380,53374514,1970,4
30131383,53374514,1970,4
30131462,52436642,1970,3
30131463,52436642,1970,3
30131464,52436642,1970,4
30131479,53134871,1980,1
30131481,53134871,1980,2
30131483,53134871,1980,3
30131503,52411845,1950,2
30131511,52464102,1970,3
30131520,52597861,1970,1
30131541,52717078,1950,
30131546,53332828,1960,0
30131547,53332828,1960,1
30131552,52690317,1950,0
30131558,52690317,1950,2
30131559,52690317,1950,2
30131561,52690317,1950,2
30131566,52714550,1950,0
30131568,52714550,1950,1
30131569,52714550,1950,1
30131572,52714550,1950,2
30131574,52714550,1950,2
30131584,52657943,1950,1
30131596,52675654,1950,1
30131609,52963366,1960,
30131619,52716785,1956,2
30131620,52716785,1956,2
30131622,53132019,1935,0
30131624,53132019,1935,0
30131627,53132019,1935,1
30131635,52675806,1960,0
30131640,52728605,1950,0
30131642,52728605,1950,1
30131649,52714494,1950,
30131653,52714494,1950,1
30131656,53372350,1960,
30131659,53372350,1960,1
30131666,52791441,1960,1
30131673,52729035,1958,1
30131674,52729035,1958,1
30131722,52798643,1950,1
30131729,52798643,1950,3
30131735,52697411,1950,0
30131742,52697411,1950,1
30131743,52697411,1950,2
30131750,52697411,1950,3
30131753,52769467,1950,0
30131754,52769467,1950,0
30131769,53372254,1960,0
30131772,53372254,1960,0
30131773,53372254,1960,1
30131777,53372254,1960,2
30131778,53372254,1960,2
30131779,53372254,1960,2
30131781,53372254,1960,3
30131782,53372254,1960,3
30131784,53372254,1960,3
30131786,52684210,1950,0
30131800,52684210,1950,3
30131810,52723085,1950,1
30131813,52723085,1950,2
30131814,52723085,1950,2
30131815,52723085,1950,3
30131816,52723085,1950,3
30131817,52723085,1950,3
30131820,52990681,1960,0
30131824,52990681,1960,1
30131825,52990681,1960,1
30131833,52990681,1960,3
30131834,52990681,1960,3
30131835,52990681,1960,3
30131839,52713261,1950,0
30131846,52713261,1950,2
30131847,52713261,1950,2
30131850,52713261,1950,3
30131852,52713261,1950,3
30131855,52675683,1950,-1
30131858,52675683,1950,-1
30131861,52675683,1950,0
30131868,52675683,1950,1
30131870,52675683,1950,1
30131874,52675683,1950,2
30131878,52675683,1950,2
30131879,52675683,1950,2
30131899,52717275,1960,2
30131909,53371554,1993,2
30131915,52681758,1970,1
30131918,52681758,1970,2
30131920,52681758,1970,3
30131922,52681758,1970,3
30131929,52715934,1950,1
30131930,52715934,1950,1
30131931,52715934,1950,2
30131935,52715934,1950,3
30131938,52715934,1950,3
30131941,52760340,1950,1
30131948,52760340,1950,2
30131951,52760340,1950,3
30131954,52713750,1955,0
30131962,52713750,1955,2
30131965,52713750,1955,3
30131971,52697006,1950,1
30131974,52697006,1950,2
30131980,52697006,1950,3
30131986,52798142,1960,1
30131989,52798142,1960,1
30131993,52798142,1960,2
30131996,52798142,1960,2
30131997,52798142,1960,2
30131998,52798142,1960,2
30132001,52798142,1960,3
30132003,52798142,1960,3
30132014,52713560,1970,1
30132016,52713560,1970,2
30132020,52716129,1970,0
30132022,52716129,1970,0
30132023,52716129,1970,1
30132024,52716129,1970,1
30132025,52716129,1970,1
30132033,53006601,1960,0
30132034,53006601,1960,0
30132038,53006601,1960,1
30132040,53006601,1960,2
30132045,52713124,1970,0
30132050,52713124,1970,3
30132053,53164904,1960,0
30132056,53164904,1960,1
30132074,52662397,1960,1
30132075,52662397,1960,2
30132080,52697477,1960,1
30132081,52697477,1960,1
30132083,52697477,1960,2
30132085,52697477,1960,3
30132089,53373460,1973,2
30132091,53373460,1973,3
30132094,52720810,1978,1
30132096,52720810,1978,2
30132100,52962564,1950,0
30132102,52962564,1950,1
30132104,52962564,1950,2
30132105,52962564,1950,2
30132111,52717290,1960,3
30132122,52756804,1972,3
30132133,52769083,1971,1
30132140,52697878,1966,0
30132143,52697878,1966,1
30132154,52709721,1990,3
30132160,52794801,1970,2
30132161,52794801,1970,2
30132162,52794801,1970,3
30132163,52794801,1970,3
30132166,52713328,1997,-1
30132171,52713328,1997,2
30132173,52713328,1997,3
30132176,52681329,2020,0
30132177,52681329,2020,1
30132186,52724080,1968,3
30132190,52801608,1950,-1
30132214,52403878,1970,2
30132221,52706953,1974,2
30132228,52404302,1975,1
30132239,52699803,1960,2
30132242,52699803,1960,3
30132248,52722256,1980,4
30132252,52682196,1974,1
30132260,52755008,1980,1
30132270,52761575,1950,2
30132275,52761575,1950,3
30132276,52761575,1950,3
30132284,52761575,1950,4
30132285,52761575,1950,4
30132286,52761575,1950,4
30132306,52408898,1970,2
30132312,52408898,1970,4
30132328,52432051,1960,0
30132331,52432051,1960,0
30132332,52432051,1960,0
30132333,52432051,1960,0
30132334,52432051,1960,1
30132335,52432051,1960,1
30132336,52432051,1960,1
30132341,52432051,1960,2
30132342,52432051,1960,3
30132346,52714058,1960,0
30132347,52714058,1960,0
30132349,52714058,1960,0
30132350,52714058,1960,0
30132352,52714058,1960,0
30132355,52714058,1960,1
30132356,52714058,1960,1
30132360,52714058,1960,2
30132362,52714058,1960,2
30132363,52714058,1960,2
30132367,52714058,1960,3
30132378,52795661,1950,0
30132383,52795661,1950,1
30132386,52795661,1950,2
30132391,52962054,1960,0
30132392,52962054,1960,0
30132394,52962054,1960,0
30132395,52962054,1960,1
30132398,52962054,1960,1
30132399,52962054,1960,2
30132400,52962054,1960,2
30132401,52962054,1960,2
30132403,52962054,1960,3
30132404,52962054,1960,3
30132405,52962054,1960,3
30132406,52962054,1960,3
30132409,52662414,1960,0
30132410,52662414,1960,0
30132411,52662414,1960,0
30132413,52662414,1960,0
30132416,52962054,1960,1
30132417,52662414,1960,1
30132424,52662414,1960,2
30132425,52662414,1960,2
30132427,52662414,1960,3
30132429,52662414,1960,3
30132430,52662414,1960,3
30132435,52754361,1970,0
30132436,52754361,1970,0
30132437,52754361,1970,0
30132442,52754361,1970,2
30132445,52754361,1970,3
30132457,52707923,1972,1
30132460,52707923,1972,2
30132461,52707923,1972,3
30132466,53153513,1973,2
30132467,53153513,1973,2
30132468,53153513,1973,3
30132472,52662769,1970,1
30132473,52662769,1970,1
30132482,53366440,1970,0
30132492,52686623,1969,1
30132493,52686623,1969,2
30132498,52761397,1965,1
30132501,52761397,1965,2
30132516,52408575,1960,3
30132531,52733425,1960,0
30132543,53365405,1980,5
30132550,52729084,1989,0
30132552,52729084,1989,1
30132554,52729084,1989,1
30132559,52729084,1989,2
30132561,52729084,1989,3
30132564,52729084,1989,4
30132565,52729084,1989,4
30132568,52729084,1989,5
30132569,52729084,1989,5
30132570,53371630,1989,0
30132573,53371630,1989,1
30132574,53371630,1989,1
30132575,53371630,1989,1
30132576,53371630,1989,2
30132584,53371630,1989,4
30132586,53371630,1989,4
30132588,53371630,1989,5
30132589,53371630,1989,5
30132593,53371630,1989,6
30132594,53144921,1980,0
30132599,53144921,1980,1
30132607,53144921,1980,3
30132612,53144921,1980,5
30132615,53144921,1980,5
30132617,53144921,1980,6
30132621,52731085,1982,1
30132629,52731085,1982,3
30132637,52731085,1982,5
30132645,53371630,1982,0
30132646,53371630,1982,0
30132655,52729084,1980,0
30132662,53371630,1988,0
30132665,52681135,1980,1
30132669,52723128,1980,1
30132851,52703632,1990,3
30132863,52703632,1990,1
30132882,53167993,1970,1
30132912,52682955,1970,0
30132919,52682955,1970,2
30132923,52682955,1970,0
30132926,52682955,1970,1
30132927,52682955,1970,2
30132929,52682955,1970,3
30132937,52682955,1970,3
30132943,52682955,1970,1
30132948,52682955,1970,3
30132955,52794647,1992,1
30132960,52794647,1992,2
30132961,52794647,1992,2
30132966,52794647,1992,3
30132970,52794647,1992,4
30132971,52649164,1990,0
30132992,53441965,1970,1
30132993,53441965,1970,1
30132995,53441965,1970,2
30132997,53441965,1970,2
30133010,53441965,1970,2
30133011,53441965,1970,3
30133013,53441965,1970,3
30133014,53441965,1970,3
30133022,53370992,1960,0
30133027,53370992,1960,2
30133028,53370992,1960,3
30133030,53370992,1960,0
30133042,53370992,1960,2
30133043,53370992,1960,2
30133045,53370992,1960,3
30133046,53370992,1960,0
30133049,53370992,1960,1
30133050,53370992,1960,2
30133051,53370992,1960,2
30133054,53370992,1960,0
30133064,53370992,1960,1
30133065,53370992,1960,1
30133067,53370992,1960,2
30133069,53370992,1960,3
30133076,53370992,1960,3
30133077,53370992,1960,3
30133078,53370992,1960,0
30133089,53021460,1960,1
30133090,53021460,1960,1
30133092,53021460,1960,2
30133102,53021460,1960,3
30133104,53021460,1960,0
30133105,53021460,1960,1
30133107,53021460,1960,2
30133110,53021460,1960,3
30133119,53021460,1960,0
30133121,53021460,1960,1
30133126,53021460,1960,3
30133127,53021460,1960,0
30133128,53021460,1960,0
30133132,53021460,1960,2
30133136,53021460,1960,0
30133137,53021460,1960,1
30133142,53021460,1960,3
30133145,53021460,1960,1
30133150,53021460,1960,0
30133151,53021460,1960,0
30133269,52681601,1970,1
30133271,52681601,1970,1
30133284,52681601,1970,5
30133298,52549334,1970,0
30133299,52549334,1970,0
30133303,52549334,1970,1
30133304,52549334,1970,2
30133305,52549334,1970,2
30133308,52549334,1970,3
30133310,52549334,1970,3
30133311,52549334,1970,3
30133316,52549334,1970,5
30133318,52549334,1970,5
30133322,52549334,1970,6
30133327,52549334,1970,7
30133333,52549785,1968,0
30133334,52549785,1968,0
30133339,52549785,1968,1
30133343,52549785,1968,2
30133345,52549785,1968,2
30133351,52549785,1968,4
30133357,52549785,1968,5
30133364,53344813,1970,0
30133393,53344813,1970,0
30133405,52587403,1960,0
30133412,52587403,1960,2
30133415,52587403,1960,2
30133416,52587403,1960,3
30133419,52587403,1960,3
30133422,52587403,1960,4
30133423,52587403,1960,4
30133424,52587403,1960,5
30133441,53337740,1967,0
30133442,53337740,1967,0
30133445,53337740,1967,0
30133447,53337740,1967,0
30133449,53337740,1967,0
30133452,53337740,1967,0
30133584,52683487,1970,0
30133587,52683487,1970,1
30133588,52683487,1970,1
30133590,52683487,1970,2
30133592,52683487,1970,2
30133599,52683487,1970,4
30133603,52683487,1970,5
30133605,52683487,1970,5
30133606,52683487,1970,6
30133609,52683487,1970,6
30133620,53344423,1970,2
30133625,53344423,1970,3
30133628,53344423,1970,4
30133639,53344423,1970,7
30133644,53319754,1970,1
30133645,53319754,1970,1
30133646,53319754,1970,1
30133647,53319754,1970,1
30133650,53319754,1970,2
30133654,53319754,1970,3
30133656,53319754,1970,4
30133657,53319754,1970,4
30133658,53319754,1970,4
30133664,53319754,1970,6
30133665,53319754,1970,6
30133667,53319754,1970,6
30133700,52686495,1992,2
30133702,52686495,1992,3
30133707,52686495,1992,5
30133708,52686495,1992,1
30133710,52686495,1992,2
30133712,52686495,1992,3
30133717,52686495,1992,5
30133725,52686495,1992,4
30133727,52686495,1992,5
30133747,52664462,1995,4
30133748,52664462,1995,5
30133754,52664462,1995,3
30133755,52664462,1995,4
30133758,52664462,1995,0
30133759,52664462,1995,0
30133760,52664462,1995,2
30133762,52664462,1995,3
30133765,52664462,1995,4
30133775,52730055,1996,3
30133776,52730055,1996,3
30133778,52730055,1996,0
30133780,52730055,1996,1
30133782,52730055,1996,2
30133783,52730055,1996,3
30133787,52730055,1996,1
30133788,52730055,1996,1
30133814,53341201,1970,0
30133817,53341201,1970,0
30133820,53341201,1970,0
30133823,53341201,1970,3
30133835,53341201,1970,5
30133843,53341201,1970,5
30133844,53341201,1970,5
30133848,53341201,1970,3
30133849,53341201,1970,4
30133896,52536876,1972,0
30133899,52536876,1972,0
30133903,52960550,1970,0
30133909,52604418,1975,0
30133916,53374525,1970,0
30133918,53374525,1970,0
30133921,52702694,1972,0
30133922,52702694,1972,0
30133923,52702694,1972,0
30133924,52702694,1972,0
30133925,52723654,1970,0
30133950,52522926,1982,0
30133952,52522926,1982,0
30133957,52522926,1982,1
30133967,52992643,1984,0
30133969,52992643,1984,0
30133970,52992643,1984,0
30133971,52992643,1984,0
30133972,52992643,1984,0
30133973,52992643,1984,0
30133975,52992643,1984,0
30133977,52992643,1984,1
30133987,52414188,1970,2
30133989,52414188,1970,3
30133990,52414188,1970,3
30133991,52414188,1970,4
30133992,52414188,1970,4
30133993,52414188,1970,5
30133994,52414188,1970,5
30134001,52414188,1970,3
30134004,52414188,1970,4
30134006,52414188,1970,5
30134011,52414188,1970,1
30134015,52414188,1970,3
30134021,52414188,1970,6
30134025,52414188,1970,2
30134027,52414188,1970,3
30134031,52414188,1970,5
30134032,52414188,1970,5
30134034,52414188,1970,6
30134043,52414188,1970,5
30134045,52414188,1970,6
30134046,52414188,1970,6
30134059,52541682,1970,3
30134061,52541682,1970,4
30134064,52541682,1970,6
30134068,52541682,1970,2
30134072,52541682,1970,4
30134074,52541682,1970,5
30134076,52541682,1970,6
30134077,52541682,1970,6
30134078,52541682,1970,0
30134088,52541682,1970,5
30134097,52541682,1970,3
30134098,52541682,1970,4
30134101,52541682,1970,5
30134102,52541682,1970,6
30134104,52541682,1970,0
30134108,52541682,1970,3
30134111,52541682,1970,4
30134115,52541682,1970,6
30134150,52542795,1970,1
30134160,52542795,1970,6
30134163,52542795,1970,2
30134165,52542795,1970,3
30134172,52542795,1970,6
30134175,52542795,1970,2
30134176,52542795,1970,2
30134183,52542795,1970,6
30134186,52548917,1996,8
30134200,52413788,1970,1
30134201,52413788,1970,1
30134203,52413788,1970,2
30134210,52413788,1970,4
30134214,52413788,1970,5
30134217,52413788,1970,5
30134218,52413788,1970,6
30134224,52413788,1970,7
30134225,52413788,1970,7
30134229,52413788,1970,1
30134231,52413788,1970,2
30134234,52413788,1970,3
30134242,52413788,1970,5
30134252,52413788,1970,7
30134258,52413788,1970,2
30134266,52413788,1970,4
30134272,52413788,1970,5
30134274,52413788,1970,6
30134278,52413788,1970,7
30134279,52413788,1970,7
30134280,52413788,1970,7
30134281,52413788,1970,7
30134286,53051228,1970,2
30134287,53051228,1970,2
30134294,53051228,1970,4
30134295,53051228,1970,4
30134296,53051228,1970,4
30134299,53051228,1970,5
30134305,53051228,1970,6
30134308,53051228,1970,7
30134310,53051228,1970,1
30134314,53051228,1970,2
30134315,53051228,1970,2
30134317,53051228,1970,2
30134319,53051228,1970,3
30134323,53051228,1970,4
30134331,53051228,1970,6
30134332,53051228,1970,6
30134336,53051228,1970,7
30134341,53051228,1970,1
30134347,53051228,1970,3
30134351,53051228,1970,4
30134352,53051228,1970,4
30134353,53051228,1970,4
30134354,53051228,1970,5
30134356,53051228,1970,5
30134357,53051228,1970,5
30134359,53051228,1970,6
30134363,53051228,1970,7
30134372,53011141,1970,1
30134373,53011141,1970,1
30134374,53011141,1970,2
30134378,53011141,1970,3
30134381,53011141,1970,3
30134394,53011141,1970,7
30134397,53011141,1970,7
30134398,53011141,1970,0
30134399,53011141,1970,0
30134405,53011141,1970,2
30134407,53011141,1970,3
30134415,53011141,1970,5
30134416,53011141,1970,5
30134420,53011141,1970,6
30134422,53011141,1970,7
30134424,53011141,1970,7
30134425,53011141,1970,7
30134426,53011141,1970,0
30134427,53011141,1970,0
30134428,53011141,1970,1
30134429,53011141,1970,1
30134431,53011141,1970,2
30134433,53011141,1970,2
30134436,53011141,1970,3
30134437,53011141,1970,3
30134442,53011141,1970,5
30134445,53011141,1970,5
30134446,53011141,1970,6
30134448,53011141,1970,6
30134449,53011141,1970,6
30134451,53011141,1970,7
30134453,53011141,1970,7
30134476,52549945,1970,3
30134484,52492571,1970,3
30134485,52482386,1970,0
30134489,52482386,1970,1
30134491,52482386,1970,0
30134492,52482386,1970,1
30134493,52482386,1970,2
30134494,52482386,1970,0
30134502,52492622,1980,2
30134686,52549805,1980,1
30134688,52524094,1998,1
30134692,52416488,1990,0
30134700,52449659,1991,
30134703,52462411,1993,0
30134707,53337654,2005,1
30134719,52415357,2008,2
30134721,52529377,1985,
30134727,52536757,1990,1
30134731,52528448,1990,1
30134738,52724019,1989,1
30134760,52429350,1995,
30134762,52535008,1991,2
30134778,53317065,1991,0
30134796,52548944,1995,0
30134797,52548944,1995,0
30134815,52460162,1994,1
30134819,53325654,1995,
30134831,52417805,1993,1
30134835,52541758,1992,0
30134844,52553145,1988,
30134845,52550131,1990,
30134897,51664134,1985,0
30134898,51664134,1985,0
30134900,51664134,1985,1
30134906,51664134,1985,2
30134913,51664134,1985,1
30134914,51664134,1985,1
30134921,51664134,1985,2
30134927,51664134,1985,2
30134928,51664134,1985,2
30134929,51664134,1985,3
30134935,51664134,1985,2
30134936,51664134,1985,2
30134948,51663438,1985,3
30134956,51663438,1985,1
30134964,51663438,1985,2
30134967,51663438,1985,1
30134972,51663438,1985,1
30134974,51663438,1985,2
30134975,51663438,1985,3
30134985,51663438,1985,1
30134986,51663438,1985,2
30134987,51663438,1985,3
30134998,52507660,1980,1
30134999,52507660,1980,2
30135000,52507660,1980,2
30135004,52507660,1980,4
30135006,52507660,1980,5
30135007,52507660,1980,5
30135009,52507660,1980,0
30135011,52507660,1980,1
30135018,52507660,1980,4
30135020,52507660,1980,5
30135021,52507660,1980,6
30135022,52507660,1980,6
30135026,52507660,1980,2
30135027,52507660,1980,2
30135029,52507660,1980,3
30135030,52507660,1980,3
30135031,52507660,1980,4
30135033,52507660,1980,5
30135040,52416078,1970,2
30135041,52416078,1970,2
30135042,52416078,1970,3
30135046,53317860,1980,1
30135049,53317860,1980,3
30135051,53317860,1980,4
30135057,52551845,1975,3
30135074,52523792,1980,2
30135076,52523792,1980,3
30135077,52523792,1980,4
30135078,52523792,1980,4
30135081,52523792,1980,2
30135082,52523792,1980,2
30135086,52523792,1980,4
30135093,52523792,1980,4
30135094,52523792,1980,4
30135099,53331677,1986,0
30135100,53331677,1986,0
30135118,53331677,1986,1
30135120,53331677,1986,2
30135122,53331677,1986,3
30135138,52555907,1980,2
30135140,52555907,1980,2
30135145,52555907,1980,2
30135147,52555907,1980,2
30135153,53324540,1990,0
30135159,53324540,1990,0
30135161,53324540,1990,0
30135163,53324540,1990,2
30135167,53324540,1990,2
30135168,53324540,1990,2
30135176,53017308,1985,0
30135178,53017308,1985,1
30135179,53017308,1985,1
30135180,53017308,1985,1
30135184,53017308,1985,2
30135185,53017308,1985,2
30135186,53017308,1985,2
30135191,53017308,1985,3
30135195,53017308,1985,4
30135201,53017308,1985,5
30135206,53017308,1985,5
30135210,53017308,1985,6
30135211,53017308,1985,6
30135213,53017308,1985,7
30135214,53017308,1985,7
30135216,53017308,1985,7
30135219,53017308,1985,8
30135220,53017308,1985,1
30135223,53017308,1985,2
30135225,53017308,1985,3
30135228,53017308,1985,4
30135231,53017308,1985,4
30135233,53017308,1985,5
30135235,53017308,1985,5
30135236,53017308,1985,6
30135239,53017308,1985,6
30135243,53017308,1985,7
30135245,53017308,1985,8
30135246,53017308,1985,8
30135247,53017308,1985,8
30135248,53017308,1985,9
30135249,53017308,1985,9
30135250,53017308,1985,10
30135251,53017308,1985,10
30135256,52401182,1988,1
30135257,52401182,1988,2
30135267,52401182,1988,5
30135269,52401182,1988,6
30135282,52401182,1988,2
30135285,52401182,1988,3
30135288,52401182,1988,4
30135305,52401182,1988,1
30135310,52401182,1988,3
30135318,52401182,1988,6
30135320,52401182,1988,6
30135323,52401182,1988,7
30135324,52401182,1988,8
30135332,52546266,1985,1
30135334,52546266,1985,2
30135335,52546266,1985,2
30135336,52546266,1985,3
30135338,52546266,1985,3
30135342,52546266,1985,5
30135346,52546266,1985,6
30135353,52546266,1985,1
30135363,52546266,1985,5
30135365,52546266,1985,5
30135366,52546266,1985,6
30135373,52546266,1985,2
30135374,52546266,1985,2
30135376,52546266,1985,3
30135384,52546266,1985,5
30135385,52546266,1985,5
30135391,52546266,1985,7
30135395,52546266,1985,8
30135412,52498145,1980,0
30135413,52498145,1980,3
30135414,52498145,1980,0
30135419,52498145,1980,3
30135420,52498145,1980,0
30135426,52558426,1987,0
30135432,52558426,1987,0
30135433,52558426,1987,2
30135435,52558426,1987,2
30135438,52558426,1987,2
30135440,52558426,1987,2
30135448,52466903,1990,0
30135465,53044571,2005,0
30135467,53044571,2005,0
30135469,53044571,2005,0
30135473,53044571,2005,0
30135475,53044571,2005,2
30135488,52541665,1997,4
30135490,53315259,1980,1
30135497,53326045,2000,4
30135498,53326045,2000,3
30135499,53326045,2000,4
30135501,53326045,2000,3
30135503,53326045,2000,2
30135504,53326045,2000,1
30135506,53326045,2000,1
30135518,52571418,1996,3
30135524,52571418,1996,5
30135530,52571418,1996,7
30135531,52571418,1996,7
30135534,52552046,1998,2
30135536,52552046,1998,3
30135538,52552046,1998,4
30135540,52552046,1998,5
30135548,52552046,1998,7
30135560,52450720,1997,2
30135561,52450720,1997,3
30135564,52450720,1997,3
30135565,52450720,1997,4
30135574,52588856,1990,0
30135582,52588856,1990,3
30135583,52588856,1990,3
30135587,52588856,1990,4
30135598,52398364,1980,0
30135599,52398364,1980,1
30135600,52398364,1980,1
30135603,52398364,1980,1
30135606,52398364,1980,2
30135611,52398364,1980,3
30135625,52398364,1980,5
30135633,52398364,1980,6
30135635,52398364,1980,7
30135640,52398364,1980,7
30135656,52398364,1980,10
30135657,52398364,1980,10
30135661,52398364,1980,
30135665,52398364,1980,
30135675,52583459,1980,2
30135685,52583459,1980,2
30135688,52583459,1980,4
30135690,52583459,1980,0
30135701,52583459,1980,0
30135705,52583459,1980,2
30135712,52438163,1980,0
30135715,52438163,1980,1
30135720,52438163,1980,4
30135729,52438163,1980,5
30135730,52438163,1980,5
30135731,52438163,1980,6
30135737,52438163,1980,2
30135759,52438163,1980,2
30135763,52438163,1980,4
30135777,52417449,1980,3
30135787,52417449,1980,5
30135803,52417449,1980,6
30135804,52417449,1980,6
30135809,52507661,1990,1
30135816,52507661,1990,5
30135817,52507661,1990,5
30135818,52507661,1990,6
30135820,52507661,1990,7
30135821,52507661,1990,7
30135825,52507661,1990,2
30135826,52507661,1990,2
30135834,52507661,1990,5
30135838,52507661,1990,6
30135841,52507661,1990,7
30135845,52507661,1990,9
30135848,52507661,1990,10
30135882,52556419,1990,3
30135896,52557291,2002,3
30135902,52557291,2002,1
30135905,52557291,2002,2
30135940,52398409,2002,0
30135946,52398409,2002,1
30135951,52398409,2002,1
30135957,52398409,2002,4
30135960,52398409,2002,5
30135961,52398409,2002,6
30135962,52398409,2002,6
30135963,52398409,2002,7
30135969,52398409,2002,1
30135972,52398409,2002,3
30135976,52398409,2002,5
30135977,52398409,2002,5
30135979,52398409,2002,6
30135983,52398409,2002,0
30135987,52398409,2002,2
30135991,52398409,2002,1
30136058,52417022,1988,0
30136064,53337828,2005,0
30136070,53341960,1987,0
30136072,53341960,1987,0
30136073,53341960,1987,0
30136075,53341960,1987,1
30136094,52417051,1990,1
30136109,52542670,2000,0
30136112,52545906,1998,
30136115,52546276,1995,0
30136360,53341592,1995,4
30136387,52462409,1992,1
30136393,51662421,1989,1
30136394,51662421,1989,2
30136400,51662421,1989,0
30136407,51662421,1989,3
30136408,51662421,1989,3
30136409,51662421,1989,4
30136417,51662421,1989,3
30136427,51662421,1989,3
30136438,52528818,1996,3
30136442,52412814,1995,2
30136443,52412814,1995,3
30136446,52412814,1995,4
30136452,52398553,1980,
30136470,52416505,1998,1
30136471,52416505,1998,3
30136503,52583238,1997,3
30136505,52401198,2000,1
30136531,52498605,1990,1
30136647,52753551,1920,1
30136648,52753551,1920,2
30136649,52753551,1920,
30136651,52677226,1930,
30136663,52761095,1940,1
30136772,52527408,1960,1
30136776,52527408,1960,3
30136777,52527408,1960,4
30136785,52527408,1960,4
30136789,52527408,1960,2
30136790,52527408,1960,2
30136791,52527408,1960,3
30136792,52527408,1960,3
30136793,52527408,1960,4
30136794,52527408,1960,4
30136798,52527408,1960,2
30136799,52527408,1960,3
30136806,53338533,1960,1
30136812,53338533,1960,2
30136818,53338533,1960,4
30136825,52493501,1960,1
30136831,52493501,1960,3
30136832,52493501,1960,3
30136834,52493501,1960,3
30136835,52493501,1960,4
30136860,53171752,1945,
30136873,53336796,1980,1
30136875,53336796,1980,2
30136881,53336796,1980,2
30136887,53336796,1980,2
30136891,52476251,1970,1
30136906,52507662,1980,3
30136951,52516878,1970,3
30136959,52397902,1960,2
30136961,52397902,1960,3
30136970,52402158,1985,1
30136988,52497648,1970,0
30136990,52497648,1970,0
30137001,52497648,1970,3
30137002,52497648,1970,3
30137012,52497648,1970,2
30137014,52497648,1970,3
30137015,52497648,1970,3
30137024,52497648,1970,2
30137026,52497648,1970,3
30137028,52497648,1970,3
30137030,52453668,1978,1
30137031,52453668,1978,1
30137037,52453668,1978,3
30137038,52453668,1978,3
30137042,52453668,1978,1
30137044,52453668,1978,1
30137051,52453668,1978,3
30137052,52453668,1978,3
30137098,53337582,1970,-1
30137104,53156009,1960,1
30137107,53156009,1960,2
30137162,52589379,1950,2
30137164,52589379,1950,3
30137165,52589379,1950,3
30137171,52410707,1960,1
30137175,52410707,2014,3
30137178,52410707,1960,1
30137179,52410707,1960,1
30137187,52410707,1960,1
30137188,52410707,1960,2
30137190,52410707,1960,3
30137228,52412760,1965,0
30137234,53347319,2010,0
30137240,52412994,1960,0
30137251,53336818,1965,0
30137266,52536877,1980,0
30137269,52411728,1980,0
30137273,52399491,1980,0
30137276,52399491,2014,0
30137295,52411728,1980,4
30137296,52411728,1980,4
30137302,52411728,1980,5
30137304,52411728,1980,6
30137308,53364452,1960,0
30137315,53364452,1960,0
30137334,52704020,1950,1
30137346,52704020,1950,1
30137350,52704020,1950,4
30137351,52704020,1950,4
30137352,52704020,1950,5
30137355,52704020,1950,0
30137359,52704020,1950,2
30137366,52704020,1950,2
30137375,52688629,1960,3
30137378,52688629,1960,1
30137382,52688629,1960,3
30137388,52688629,1960,3
30137392,52559020,1960,1
30137393,52559020,1960,1
30137399,52559020,1960,4
30137402,52559020,1960,1
30137403,52559020,1960,2
30137407,52559020,1960,4
30137410,52559020,1960,5
30137419,52559020,1960,5
30137420,52559020,1960,5
30137421,52559020,1960,2
30137422,52559020,1960,2
30137426,52672772,1960,1
30137428,52672772,1960,2
30137431,52672772,1960,3
30137432,52672772,1960,0
30137433,52672772,1960,0
30137434,52672772,1960,1
30137439,52672772,1960,3
30137447,52672772,1960,3
30137451,52805789,1960,1
30137453,52805789,1960,3
30137469,52805789,1960,2
30137510,53342534,1970,1
30137515,52463616,1960,2
30137518,52463616,1960,1
30137519,52463616,1960,1
30137521,52463616,1960,2
30137522,52463616,1960,3
30137524,52463616,1960,1
30137535,52417015,1960,3
30137538,52417015,1960,1
30137543,52417015,1960,1
30137547,52417015,1960,3
30137548,52417015,1960,3
30137554,52462498,1960,3
30137557,52462498,1960,1
30137562,52462498,1960,1
30137566,52462498,1960,3
30137567,52462498,1960,3
30137572,53126596,1950,1
30137574,53126596,1950,2
30137576,53126596,1950,2
30137578,53126596,1950,3
30137579,53126596,1950,3
30137588,52549736,1950,1
30137591,52549736,1950,2
30137592,52549736,1950,2
30137593,52549736,1950,2
30137595,52549736,1950,3
30137598,52549736,1950,4
30137601,52549736,1950,4
30137605,53323267,1960,2
30137609,53323267,1960,1
30137615,53323267,1960,1
30137625,52493309,1965,1
30137632,52493309,1965,3
30137633,52493309,1965,3
30137636,52493309,1965,4
30137640,52401004,1960,1
30137642,52401004,1960,2
30137650,52401004,1960,3
30137651,52401004,1960,1
30137655,52401004,1960,3
30137660,52466871,1970,1
30137663,52466871,1970,3
30137664,52466871,1970,3
30137666,52466871,1970,1
30137669,52466871,1970,3
30137670,52466871,1970,3
30137671,52466871,1970,1
30137673,52466871,1970,2
30137674,52466871,1970,2
30137675,52466871,1970,3
30137680,52527697,1960,1
30137682,52527697,1960,2
30137686,52527697,1960,1
30137689,52527697,1960,3
30137690,52527697,1960,3
30137692,52527697,1960,1
30137704,52656356,1960,3
30137708,52656356,1960,2
30137709,52656356,1960,3
30137710,52656356,1960,3
30137711,52656356,1960,1
30137715,52656356,1960,3
30137716,52656356,1960,3
30137740,52654634,1960,1
30137743,52654634,1960,3
30137746,52654634,1960,4
30137750,52654634,1960,1
30137762,52654634,1960,2
30137768,52654634,1960,0
30137769,52654634,1960,1
30137776,52654634,1960,4
30137779,52654634,1960,1
30137780,52654634,1960,1
30137782,52654634,1960,2
30137783,52654634,1960,3
30137784,52654634,1960,3
30137785,52654634,1960,4
30137786,52654634,1960,4
30137788,52654634,1960,0
30137789,52654634,1960,1
30137790,52654634,1960,1
30137791,52654634,1960,2
30137796,52654634,1960,4
30137799,52654634,1960,1
30137801,52654634,1960,2
30137803,52654634,1960,3
30137811,52681030,1962,1
30137816,52681030,1962,0
30137817,52681030,1962,0
30137819,52681030,1962,1
30137823,52681030,1962,3
30137825,52681030,1962,0
30137839,52695522,1960,0
30137841,52695522,1960,1
30137848,52695522,1960,0
30137850,52695522,1960,1
30137854,52695522,1960,3
30137855,52695522,1960,4
30137857,52695522,1960,0
30137865,52695522,1960,4
30137871,52695522,1960,2
30137883,52695522,1960,3
30137884,52695522,1960,3
30137885,52695522,1960,4
30137886,52695522,1960,4
30137894,52695522,1960,3
30137896,52695522,1960,4
30137903,52695522,1960,3
30137914,52695522,1960,4
30137984,52660165,1960,3
30137996,52660165,1960,1
30138007,53388191,1960,1
30138011,53388191,1960,3
30138013,53388191,1960,1
30138017,53388191,1960,3
30138019,53388191,1960,0
30138031,52408157,1960,1
30138032,52408157,1960,1
30138035,52408157,1960,3
30138039,52408157,1960,1
30138043,52408157,1960,3
30138052,52408157,1960,3
30138061,52791322,1960,3
30138062,52791322,1960,3
30138069,52791322,1960,3
30138071,52791322,1960,0
30138072,52791322,1960,0
30138082,52405028,1960,0
30138089,52405028,1960,0
30138097,52405028,1960,0
30138099,52405028,1960,1
30138113,52559579,1960,3
30138121,52559579,1960,3
30138125,52559579,1960,1
30138126,52559579,1960,1
30138142,53179010,1960,0
30138146,53179010,1960,2
30138156,53179010,1960,3
30138163,52716307,1960,2
30138165,52716307,1960,2
30138171,52716307,1960,4
30138174,52716307,1960,4
30138185,52703249,1960,4
30138187,52703249,1960,1
30138202,52703249,1960,3
30138203,52703249,1960,4
30138208,52703249,1960,2
30138211,52703249,1960,3
30138215,52703249,1960,1
30138216,52703249,1960,1
30138217,52703249,1960,2
30138218,52703249,1960,2
30138221,52703249,1960,4
30138234,52703249,1960,1
30138235,52703249,1960,1
30138240,52703249,1960,4
30138241,52703249,1960,4
30138248,52703249,1960,3
30138249,52703249,1960,4
30138257,52414045,1960,1
30138259,52414045,1960,2
30138260,52414045,1960,2
30138269,52414045,1960,2
30138272,52414045,1960,4
30138273,52414045,1960,4
30138276,52414045,1960,1
30138284,52414045,1960,0
30138285,52414045,1960,0
30138289,52414045,1960,2
30138292,52414045,1960,4
30138298,52414045,1960,2
30138301,52414045,1960,3
30138304,52414045,1960,0
30138310,52414045,1960,3
30138311,52414045,1960,3
30138312,52414045,1960,4
30138316,52414045,1960,1
30138318,52414045,1960,2
30138320,52414045,1960,3
30138322,52414045,1960,4
30138324,52414045,1960,1
30138326,52414045,1960,2
30138327,52414045,1960,2
30142529,52459691,1990,5
30142637,52461602,1996,1
30143011,52603436,1970,1
30143016,52603436,1970,4
30143051,52603436,1970,2
30143057,52603436,1970,1
30143058,52603436,1970,2
30143066,52557029,1960,0
30143068,52557029,1960,1
30143070,52557029,1960,2
30143073,52557029,1960,4
30143076,52557029,1960,5
30143078,52557029,1960,6
30143083,52557029,1960,2
30143086,52557029,1960,4
30143093,53320239,1960,0
30143095,53320239,1960,1
30143097,53320239,1960,2
30143100,53320239,1960,4
30143101,53320239,1960,4
30143102,53320239,1960,5
30143106,53320239,1960,1
30143109,53320239,1960,3
30143113,53320239,1960,5
30143114,53320239,1960,5
30143127,52460147,1960,5
30143128,52460147,1960,5
30143129,52460147,1960,6
30143131,52460147,1960,1
30143137,52460147,1960,4
30143143,52602500,1970,0
30143144,52602500,1970,1
30143146,52602500,1970,2
30143147,52602500,1970,2
30143148,52602500,1970,3
30143152,52602500,1970,5
30143153,52602500,1970,5
30143154,52602500,1970,6
30143157,52602500,1970,7
30143161,52602500,1970,3
30143162,52602500,1970,4
30143164,52602500,1970,5
30143166,52602500,1970,6
30143168,52602500,1970,7
30143182,52464393,1960,2
30143184,52658145,1950,1
30143186,52658145,1950,1
30143198,53103983,1960,1
30143201,53103983,1960,1
30143216,53350836,1960,0
30143235,52658401,1970,1
30143237,52658401,1970,0
30143238,52658401,1970,0
30143240,52658401,1970,1
30143241,52658401,1970,2
30143242,52658401,1970,2
30143245,52658401,1970,2
30143247,52658401,1970,1
30143251,52658401,1970,1
30143255,52457578,1960,0
30143261,52457578,1960,3
30143265,52457578,1960,5
30143266,52457578,1960,1
30143267,52457578,1960,2
30143273,52457578,1960,5
30143274,52457578,1960,5
30143278,52585942,1960,1
30143281,52585942,1960,3
30143282,52585942,1960,3
30143283,52585942,1960,4
30143291,52585942,1960,3
30143292,52585942,1960,4
30143298,52537469,1970,1
30143302,52537469,1970,3
30143303,52537469,1970,3
30143306,52537469,1970,5
30143311,52537469,1970,3
30143312,52537469,1970,3
30143315,52537469,1970,5
30143316,52537469,1970,5
30143320,52493601,1970,0
30143323,52493601,1970,2
30143326,52493601,1970,3
30143329,52493601,1970,5
30143331,52493601,1970,1
30143332,52493601,1970,1
30143334,52493601,1970,2
30143336,52493601,1970,3
30143338,52493601,1970,4
30143342,53325706,1960,0
30143343,53325706,1960,1
30143346,53325706,1960,2
30143347,53325706,1960,3
30143351,53325706,1960,5
30143356,53325706,1960,3
30143358,53325706,1960,4
30143359,53325706,1960,4
30143360,53325706,1960,5
30143361,53325706,1960,5
30143368,52433904,1960,3
30143369,52433904,1960,3
30143375,52433904,1960,2
30143377,52433904,1960,3
30143378,52433904,1960,3
30143379,52433904,1960,4
30143380,52433904,1960,4
30143381,52433904,1960,5
30143382,52433904,1960,5
30143406,52543539,1950,2
30143407,52543539,1950,3
30143408,52543539,1950,3
30143409,52543539,1950,0
30143410,52543539,1950,0
30143415,52543539,1950,3
30143416,52543539,1950,3
30143417,52543539,1950,1
30143418,52543539,1950,1
30143421,52543539,1950,3
30143424,53327171,1970,0
30143439,53327171,1970,3
30143443,53327171,1970,2
30143482,52987300,1970,1
30143483,52987300,1970,2
30143484,52987300,1970,2
30143494,52987300,1970,1
30143502,52495140,1970,0
30143506,52495140,1970,2
30143507,52495140,1970,2
30143510,52495140,1970,0
30143518,52495140,1970,1
30143519,52495140,1970,1
30143539,52460630,1960,1
30143540,52460630,1960,2
30143544,52460630,1960,4
30143546,52460630,1960,0
30143550,52460630,1960,2
30143551,52460630,1960,2
30143555,52460630,1960,4
30143558,52460630,1960,1
30143560,52460630,1960,2
30143565,52460630,1960,4
30143571,52460630,1960,3
30143579,52460630,1960,2
30143580,52460630,1960,2
30143591,52460630,1960,3
30143598,52460630,1960,1
30143599,52460630,1960,2
30143602,52460630,1960,3
30143603,52460630,1960,4
30143607,52595243,1970,0
30143608,52595243,1970,0
30143618,52595243,1970,0
30143623,52595243,1970,3
30143627,52595243,1970,0
30143629,52595243,1970,1
30143632,52595243,1970,3
30143637,52595243,1970,1
30143641,52595243,1970,3
30143647,52595243,1970,2
30143648,52595243,1970,2
30143649,52595243,1970,3
30143650,52595243,1970,3
30143654,52595243,1970,1
30143661,52595243,1970,1
30143663,52595243,1970,2
30143664,52595243,1970,2
30143671,52595243,1970,2
30143676,52595243,1970,4
30143682,52488677,1999,0
30143683,52488677,1999,0
30143686,52488677,1999,1
30143688,52488677,1999,2
30143689,52488677,1999,2
30143691,52488677,1999,3
30143694,52488677,1999,3
30143696,52488677,1999,4
30143704,52488677,1999,6
30143708,52488677,1999,1
30143717,52427658,1999,3
30143718,52488677,1999,3
30143724,52488677,1999,6
30143725,52488677,1999,5
30143731,52488677,1999,6
30143735,52583045,1960,0
30143744,52583045,1960,4
30143746,52583045,1960,5
30143747,52583045,1960,1
30143751,52583045,1960,3
30143772,52589566,1960,2
30143774,52589566,1960,3
30143775,52589566,1960,4
30143793,52562665,1960,5
30143796,52562665,1960,6
30143798,52562665,1960,0
30143800,52562665,1960,1
30143805,52562665,1960,4
30143815,52544383,1970,2
30143816,52544383,1970,2
30143820,52544383,1970,4
30143833,52544383,1970,4
30143834,52544383,1970,4
30143835,52544383,1970,5
30143837,52544383,1970,6
30143877,53350140,1970,1
30143883,53350140,1970,2
30143886,53350140,1970,3
30143893,53350140,1970,5
30143894,53350140,1970,5
30143898,53350140,1970,6
30143909,52414192,1970,3
30143915,52414192,1970,4
30143917,52414192,1970,5
30143920,52414192,1970,5
30143922,52414192,1970,6
30143923,52414192,1970,6
30143928,52488653,1970,1
30143931,52488653,1970,2
30143932,52488653,1970,2
30143935,52488653,1970,3
30143937,52488653,1970,3
30143990,52429681,1960,2
30143994,52429681,1960,3
30144001,52429681,1960,4
30144005,52429681,1960,5
30144009,52429681,1960,6
30144012,52543090,1970,1
30144030,52543090,1970,5
30144033,52543090,1970,6
30144034,52543090,1970,6
30144039,53442025,1970,2
30144046,53442025,1970,3
30144058,53442025,1970,5
30144063,53442025,1970,6
30144064,53442025,1970,6
30144066,53442025,1970,6
30144073,52430340,1970,1
30144077,52430340,1970,2
30144078,52430340,1970,2
30144080,52430340,1970,3
30144081,52430340,1970,3
30144087,52430340,1970,4
30144088,52430340,1970,4
30144099,52430340,1970,6
30144103,52430340,1970,6
30144118,52508498,1960,3
30144122,52508498,1960,4
30144139,52659165,1970,1
30144156,52659165,1970,6
30144159,52659165,1970,6
30144168,52431730,1960,3
30144171,52431730,1960,3
30144190,52463871,1970,2
30144198,52463871,1970,4
30144246,52437131,1970,4
30144251,52437131,1970,5
30144256,52437131,1970,7
30144258,52437131,1970,7
30144297,53425680,1970,1
30144299,53425680,1970,2
30144300,53425680,1970,2
30144348,52660525,1970,0
30144349,52660525,1970,0
30144353,52660525,1970,1
30144533,52496882,1960,2
30144536,52496882,1960,3
30144541,52496882,1960,2
30144543,52496882,1960,3
30144545,52496882,1960,4
30144550,52496882,1960,1
30144552,52496882,1960,1
30144554,52496882,1960,2
30144556,52496882,1960,2
30144560,52496882,1960,3
30144565,52464362,1970,3
30144566,52464362,1970,3
30144573,52464362,1970,3
30144574,52464362,1970,3
30144575,52464362,1970,4
30144582,52464362,1970,1
30144583,52464362,1970,2
30144584,52464362,1970,2
30144585,52464362,1970,2
30144593,52427942,1960,2
30144596,52427942,1960,3
30144601,52427942,1960,2
30144604,52427942,1960,3
30144605,52427942,1960,4
30144606,52427942,1960,4
30144608,52427942,1960,1
30144611,52427942,1960,1
30144614,52427942,1960,2
30144625,52465845,1970,2
30144626,52465845,1970,2
30144628,52465845,1970,3
30144629,52465845,1970,4
30144641,52465845,1970,5
30144642,52465845,1970,2
30144650,52465845,1960,1
30144652,52465845,1960,2
30144662,52465845,1960,1
30144673,52547626,1980,2
30144675,52547626,1980,0
30144679,52547626,1980,2
30144691,52495473,1959,2
30144737,52457305,1970,1
30144743,52457305,1970,1
30144814,53340115,2014,
30144850,52666494,1980,2
30144852,52649321,2007,1
30144854,52649321,2007,4
30144861,52649321,2007,1
30144867,52649321,2007,3
30144868,52649321,2007,3
30144873,52649321,2007,5
30144874,52649321,2007,5
30144875,52649321,2007,5
30144876,52649321,2007,6
30144877,52649321,2007,6
30144881,52649321,2007,7
30144882,52649321,2007,8
30144884,52649321,2007,8
30144885,52649321,2007,4
30144886,52649321,2007,4
30144887,52649321,2007,4
30144888,52649321,2007,4
30144889,52649321,2007,4
30144893,52649321,2007,1
30144894,52649321,2007,1
30144899,52649321,2007,3
30144900,52649321,2007,3
30144904,52649321,2007,4
30144907,52649321,2007,5
30144915,52649321,2007,8
30145146,52425891,1960,
30145151,52425891,1960,2
30145167,53327333,1960,1
30145170,53327333,1960,2
30145182,53327333,1960,1
30145201,53010209,1960,4
30145204,53010209,1960,6
30145207,53010209,1960,7
30145211,53010209,1960,2
30145212,53010209,1960,2
30145213,53010209,1960,3
30145367,52488852,1970,1
30145375,52430120,1980,1
30145377,52430120,1980,2
30145380,52430120,1980,3
30145389,52430120,1980,6
30145392,52430120,1980,7
30145480,52432971,1980,1
30145481,52432971,1980,1
30145482,52432971,1980,1
30145485,52432971,1980,2
30145487,52432971,1980,2
30145494,52432971,1980,4
30145495,52432971,1980,4
30145498,52705042,1970,1
30145504,52705042,1970,2
30145511,52705042,1970,4
30145526,52402854,1970,4
30145528,52402854,1970,4
30145541,52589158,2002,0
30145542,52589158,2002,0
30145545,52589158,2002,1
30145552,52589158,2002,2
30145558,52589158,2002,4
30145563,52589158,2002,5
30145576,52589158,2002,2
30145582,53105850,2004,2
30145585,52489791,1999,2
30145586,52489791,1999,0
30145589,52489791,1999,0
30145590,52489791,1999,1
30145593,52489791,1999,1
30145600,52489791,1999,3
30145603,52489791,1999,4
30145605,52489791,1999,5
30145607,52489791,1999,5
30145615,52489791,1999,2
30145676,52657032,2002,2
30145677,52657032,2002,2
30145678,52657032,2002,3
30145684,52657032,2002,5
30145687,52657032,2002,5
30145688,52657032,2002,6
30145690,52657032,2002,6
30145695,52657032,2002,7
30145707,53320674,2001,3
30145708,53320674,2001,3
30145709,53320674,2001,4
30145719,53320674,2001,7
30145722,53320674,2001,0
30145747,53320674,2001,4
30145754,53320674,2001,6
30145832,52986584,,1
30146043,52462171,1960,1
30146653,52466652,1960,1
30146661,52437065,1970,5
30147195,52604283,1970,3
30147201,52417173,1975,1
30147214,53429032,1970,
30147222,53429032,1970,2
30147226,53429032,1970,3
30147229,52434808,1980,
30147233,52443722,1970,
30147235,52443722,1970,1
30147240,52443722,1970,2
30147242,52443722,1970,2
30147256,52459225,1970,1
30147258,52459225,1970,1
30147259,52459225,1970,1
30147260,52459225,1970,2
30147261,52459225,1970,2
30147262,52459225,1970,2
30147273,53154920,1970,1
30147276,53154920,1970,2
30147279,53154920,1970,3
30148032,53315647,1960,3
30148037,52556897,1970,2
30148038,52556897,1970,2
30148043,52556897,1970,4
30148072,52444390,1980,0
30148077,52444390,1980,2
30148167,52661017,1970,0
30148169,52661017,1970,1
30148183,52661017,1970,5
30148184,52661017,1970,4
30148186,52661017,1970,4
30148249,52659156,1973,2
30148251,52599587,1970,
30148256,52443462,1970,
30148264,52434819,1970,0
30148265,53348650,1947,
30148269,52656579,1969,0
30148272,52451222,1970,0
30148273,52451222,1970,0
30148274,53086324,1960,1
30148280,52598211,1970,2
30148282,52598211,1970,0
30148284,52598211,2010,1
30148288,52666228,1973,
30148291,52443725,1974,0
30148292,52443725,1974,0
30148300,52603809,1972,0
30148310,52664380,1970,0
30148318,53324127,1970,0
30148319,53324127,1970,1
30148324,52599177,1970,0
30148327,52427850,1971,3
30148328,52430698,1970,1
30148329,52597656,1971,1
30148342,53101346,1970,0
30148345,52445515,1970,0
30148351,53325896,1970,1
30148352,52666232,1970,1
30148356,52445630,1970,0
30148363,52439877,1990,1
30148366,52445528,1970,0
30148368,52447870,1985,2
30148384,52561476,1972,1
30148386,52561476,1972,2
30148390,52561476,1972,3
30148396,52561476,1972,4
30148397,52561476,1972,4
30148398,52561476,1972,5
30148399,52561476,1972,5
30148401,52561476,1972,5
30148405,52586134,2022,0
30148410,52586134,2022,2
30148414,52586134,2022,3
30148416,52586134,2022,4
30148417,52586134,2022,4
30148418,52586134,2022,4
30148419,52586134,2022,4
30148421,52586134,2022,5
30148426,52460282,1970,0
30148427,52460282,1970,0
30148428,52460282,1970,1
30148429,52460282,1970,1
30148430,52460282,1970,2
30148434,52460282,1970,3
30148435,52460282,1970,3
30148438,52460282,1970,4
30148439,52460282,1970,4
30148440,52460282,1970,4
30148442,52460282,1970,5
30148448,52451697,1970,0
30148453,52451697,1970,2
30148457,52451697,1970,3
30148458,52451697,1970,3
30148460,52451697,1970,4
30148466,52451697,1970,5
30148471,53010221,1970,0
30148475,53010221,1970,2
30148476,53010221,1970,2
30148478,53010221,1970,3
30148479,53010221,1970,0
30148480,53010221,1970,0
30148484,53010221,1970,2
30148490,52427253,1970,0
30148495,52427253,1970,3
30148507,52492083,1970,0
30148508,52492083,1970,0
30148510,52492083,1970,1
30148513,52492083,1970,3
30148520,52492083,1970,2
30148523,52492083,1970,0
30148526,52492083,1970,1
30148529,52492083,1970,3
30148530,52492083,1970,3
30148535,53352017,1970,1
30148537,53352017,1970,2
30148542,53352017,1970,4
30148543,53352017,1970,5
30148553,52654314,1970,1
30148555,52654314,1970,2
30148558,52654314,1970,3
30148560,52654314,1970,0
30148561,52654314,1970,1
30148566,52654314,1970,3
30148568,52654314,1970,0
30148577,52492745,1970,0
30148581,52492745,1970,2
30148582,52492745,1970,2
30148583,52492745,1970,3
30148584,52492745,1970,3
30148590,53348584,1970,1
30148593,53348584,1970,3
30148594,53348584,1970,3
30148597,52447389,1970,0
30148600,52447389,1970,1
30148603,52447389,1970,3
30148609,52447389,1970,2
30148611,52447389,1970,3
30148618,52440530,1970,1
30148619,52440530,1970,2
30148621,52440530,1970,3
30148623,52440530,1970,0
30148625,52440530,1970,1
30148626,52440530,1970,1
30148630,52440530,1970,3
30148635,53331424,1970,0
30148636,53331424,1970,1
30148639,53331424,1970,2
30148640,53331424,1970,3
30148645,53331424,1970,1
30148646,53331424,1970,2
30148650,53331424,1970,0
30148653,53331424,1970,1
30148654,53331424,1970,2
30148657,53331424,1970,3
30148660,52656192,1960,1
30148661,52656192,1960,1
30148665,52656192,1960,2
30148666,52656192,1960,2
30148669,52656192,1960,3
30148670,52656192,1960,3
30148679,52599104,1960,0
30148681,52599104,1960,0
30148683,52599104,1960,1
30148685,52599104,1960,1
30148693,52599104,1960,3
30148694,52599104,1960,3
30148697,52599104,1960,4
30148698,52599104,1960,4
30148705,52557416,1970,1
30148706,52557416,1970,1
30148707,52557416,1970,1
30148710,52557416,1970,2
30148713,52557416,1970,3
30148716,52557416,1970,3
30148717,52557416,1970,4
30148720,52557416,1970,4
30148723,52414203,1970,0
30148729,52414203,1970,1
30148731,52414203,1970,2
30148736,52414203,1970,3
30148740,52414203,1970,4
30148742,52414203,1970,4
30148745,52451338,1970,0
30148746,52451338,1970,0
30148748,52451338,1970,1
30148752,52451338,1970,3
30148753,52451338,1970,0
30148754,52451338,1970,0
30148755,52451338,1970,1
30148758,52451338,1970,2
30148760,52451338,1970,3
30148765,52597735,1970,1
30148768,52597735,1970,2
30148769,52597735,1970,3
30148773,52597735,1970,1
30148776,52597735,1970,2
30148781,52553983,1960,0
30148782,52553983,1960,0
30148783,52553983,1960,1
30148786,52553983,1960,2
30148788,52553983,1960,3
30148789,52553983,1960,0
30148792,52553983,1960,1
30148794,52553983,1960,2
30148795,52553983,1960,3
30148796,52553983,1960,3
30148797,52553983,1960,0
30148798,52553983,1960,0
30148799,52553983,1960,1
30148802,52553983,1960,2
30148803,52553983,1960,3
30148809,52599126,1970,0
30148814,52599126,1970,1
30148816,52599126,1970,1
30148818,52599126,1970,2
30148827,53323040,1970,0
30148833,53323040,1970,1
30148835,53323040,1970,2
30148838,53323040,1970,2
30148841,53323040,1970,3
30148842,53323040,1970,3
30148846,52441506,1970,0
30148852,52441506,1970,1
30148854,52441506,1970,2
30148856,52441506,1970,2
30148857,52441506,1970,3
30148859,52441506,1970,3
30148860,52441506,1970,3
30148866,52559239,1970,1
30148868,52559239,1970,2
30148870,52559239,1970,3
30148875,52559239,1970,2
30148876,52559239,1970,2
30148877,52559239,1970,3
30148880,52559239,1970,0
30148884,52559239,1970,2
30148887,52651070,1970,1
30148889,52651070,1970,2
30148891,52651070,1970,3
30148892,52651070,1970,3
30148894,52651070,1970,4
30148910,52437437,1960,1
30148913,52437437,1960,2
30148915,52437437,1960,3
30148917,52437437,1960,0
30148920,52437437,1960,2
30148927,52598243,1970,0
30148928,52598243,1970,1
30148929,52598243,1970,1
30148931,52598243,1970,2
30148933,52598243,1970,3
30148935,52598243,1970,0
30148937,52598243,1970,1
30148945,52598243,1970,1
30148947,52598243,1970,2
30148948,52598243,1970,3
30148953,52429270,1970,0
30148957,52429270,1970,2
30148959,52429270,1970,3
30148963,52654723,1970,0
30148966,52654723,1970,1
30148968,52654723,1970,2
30148975,52654723,1970,2
30148976,52654723,1970,2
30148978,52654723,1970,3
30148990,52582566,1970,0
30148993,52582566,1970,2
30148995,52582566,1970,3
30148996,52582566,1970,3
30149001,52457698,1970,0
30149006,52457698,1970,3
30149007,52457698,1970,3
30149010,52457698,1970,1
30149017,52457698,1970,0
30149026,53108719,1970,0
30149038,53108719,1970,2
30149039,53108719,1970,2
30149045,52602936,1970,0
30149048,52602936,1970,2
30149050,52602936,1970,3
30149054,52602936,1970,1
30149055,52602936,1970,1
30149064,52602936,1970,2
30149067,52602936,1970,4
30149070,52440950,1970,0
30149072,52440950,1970,1
30149076,52440950,1970,3
30149077,52440950,1970,3
30149080,53332251,1970,1
30149082,53332251,1970,1
30149085,53332251,1970,2
30149094,53332251,1970,4
30149098,52439604,1970,1
30149099,52439604,1970,1
30149101,52439604,1970,1
30149102,52439604,2010,2
30149103,52439604,1970,2
30149106,52439604,1970,3
30149112,52439604,1970,4
30149119,52599615,1970,1
30149121,52599615,1970,2
30149124,52599615,1970,3
30149125,52599615,1970,4
30149127,52599615,1970,1
30149128,52599615,1970,1
30149129,52599615,1970,2
30149132,52599615,1970,3
30149139,52599615,1970,3
30149144,53320276,1970,1
30149146,53320276,1970,2
30149148,53320276,1970,3
30149150,53320276,1970,4
30149153,53102128,1970,0
30149154,53102128,1970,0
30149156,53102128,1970,1
30149160,53102128,1970,3
30149162,53102128,1970,0
30149164,53102128,1970,1
30149165,53102128,1970,2
30149166,53102128,1970,2
30149167,53102128,1970,3
30149177,52656149,1970,3
30149180,52656149,1970,0
30149182,52656149,1970,1
30149184,52656149,1970,2
30149185,52656149,1970,3
30149187,52656149,1970,0
30149188,52656149,1970,0
30149200,52560148,1970,1
30149206,52560148,1970,2
30149215,52560148,1970,5
30149216,52560148,1970,5
30149219,52560148,1970,6
30149220,52560148,1970,6
30149221,52560148,1970,0
30149225,52560148,1970,1
30149227,52560148,1970,2
30149228,52560148,1970,2
30149230,52560148,1970,2
30149233,52560148,1970,3
30149237,52560148,1970,4
30149240,52560148,1970,5
30149242,52560148,1970,5
30149243,52560148,1970,6
30149244,52560148,1970,6
30149246,52560148,1970,0
30149251,52560148,1970,2
30149259,52560148,1970,4
30149265,52560148,1970,5
30149266,52560148,1970,5
30149267,52560148,1970,6
30149268,52560148,1970,6
30149273,52603790,1970,0
30149275,52603790,1970,1
30149281,52603790,1970,2
30149295,53351847,1970,1
30149300,53351847,1970,3
30149306,53351847,1970,4
30149307,53351847,1970,4
30149314,53323024,1970,3
30149318,52557365,1970,0
30149319,52557365,1970,0
30149320,52557365,1970,1
30149322,52557365,1970,2
30149323,52557365,1970,2
30149328,52557365,1970,1
30149329,52557365,1970,1
30149331,52557365,1970,2
30149333,52557365,1970,3
30149336,52448246,1970,1
30149337,52448246,1970,1
30149338,52448246,1970,1
30149339,52448246,1970,1
30149343,52448246,1970,2
30149344,52448246,1970,3
30149345,52448246,1970,3
30149347,52448246,1970,3
30149348,52448246,1970,4
30149350,52448246,1970,4
30149354,53321458,1970,0
30149355,53321458,1970,0
30149358,53321458,1970,1
30149363,53321458,1970,2
30149365,53321458,1970,3
30149366,53321458,1970,3
30149370,53321458,1970,4
30149376,53108212,1970,1
30149377,53108212,1970,1
30149384,53108212,1970,3
30149394,52437367,1970,0
30149395,52437367,1970,0
30149396,52437367,1970,1
30149399,52437367,1970,2
30149402,52437367,1970,3
30149403,52437367,1970,3
30149404,52437367,1970,3
30149406,52437367,1970,4
30149407,52437367,1970,4
30149409,52437367,1970,4
30149632,53131237,1970,2
30149636,53131237,1970,4
30149641,52654521,1970,1
30149643,52654521,1970,2
30149645,52654521,1970,3
30149646,52654521,1970,3
30149648,52654521,1970,0
30149653,52654521,1970,3
30149662,52654521,1970,3
30149667,52398188,1970,1
30149668,52398188,1970,1
30149670,52398188,1970,2
30149671,52398188,1970,3
30149675,52398188,1970,1
30149677,52398188,1970,2
30149681,52398188,1970,0
30149685,52398188,1970,2
30149688,52398188,1970,3
30149691,53323418,1970,1
30149695,53323418,1970,3
30149696,53323418,1970,3
30149697,53323418,1970,4
30149764,52598213,1970,0
30149765,52598213,1970,0
30149766,52598213,1970,0
30149771,52598213,1970,1
30149781,52598213,1970,2
30149783,52598213,1970,3
30149788,52598213,1970,3
30149790,52598213,1970,3
30149791,52598213,1970,3
30149807,52598213,1970,5
30149813,52598213,1970,5
30149818,52598213,1970,6
30149820,52598213,1970,6
30149821,52598213,1970,6
30149825,52598213,1970,6
30149826,52598213,1970,6
30150024,52741201,1986,1
30150026,52741201,1986,1
30150038,52741201,1986,4
30150042,52741201,1986,5
30150044,52741201,1986,5
30150082,53031154,1986,2
30150088,53031154,1986,4
30150104,53031154,1986,6
30150108,53031154,1986,7
30150116,53031154,1986,9
30150118,53031154,1986,9
30150128,52459530,1990,1
30150132,52459530,1990,2
30150158,52459530,1990,7
30150164,52649398,1990,1
30150180,52649398,1990,4
30150186,52649398,1990,5
30150192,52649398,1990,7
30150211,52645690,1980,6
30150226,52701983,1980,5
30150235,52466481,1980,0
30150236,52466481,1980,1
30150249,52466481,1980,7
30150258,52684760,1988,2
30150264,52684760,1988,5
30150333,53343995,1980,3
30150336,53343995,1980,5
30150339,53343995,1980,5
30150340,53343995,1980,6
30150342,53343995,1980,7
30150346,53343995,1980,9
30150359,52760624,1980,5
30150362,52760624,1980,5
30150364,52760624,1980,6
30150388,52408548,1987,5
30150393,52408548,1987,6
30150396,52408548,1987,8
30150404,53368812,1990,1
30150406,53368812,1990,2
30150409,53368812,1990,3
30150418,53368812,1990,7
30150423,52443680,1989,1
30150429,52443680,1989,5
30150431,52443680,1989,6
30150434,52443680,1989,7
30150456,65692925,1980,0
30150459,65692925,1980,4
30150466,65692925,1980,9
30150467,65692925,1980,10
30150486,53325780,1980,0
30150487,53325780,1980,1
30150491,53325780,1980,2
30150503,52733149,1988,0
30150506,52733149,1988,2
30150508,52733149,1988,3
30150513,52733149,1988,5
30150519,53378954,1989,1
30150521,53378954,1989,2
30150525,53378954,1989,3
30150527,53378954,1989,3
30150529,53378954,1989,4
30150575,52801132,1970,2
30150585,52801132,1970,4
30150600,52416909,1980,2
30150604,52416909,1980,3
30150607,52416909,1980,5
30150611,52802466,1980,1
30150620,52802466,1980,4
30150636,52653465,1981,4
30150647,52464381,1990,2
30150648,52464381,1990,2
30150652,52464381,1990,3
30150653,52464381,1990,4
30150656,52464381,1990,5
30150665,52496020,1980,1
30150671,52496020,1980,3
30150687,52496020,1980,6
30150688,52496020,1980,6
30150699,53133522,1980,4
30150705,53133522,1980,7
30150706,53133522,1980,7
30150708,53133522,1980,8
30150724,51663710,1990,4
30150743,51663710,1990,2
30150759,51663710,1990,3
30150799,51663710,1990,8
30150810,51663710,1990,10
30150811,51663710,1990,10
30150812,51663710,1990,10
30150826,52416902,1980,4
30150829,52416902,1980,5
30150832,52416902,1980,6
30150833,52416902,1980,6
30150837,52416902,1980,8
30150838,52416902,1980,8
30150843,52794469,1983,1
30150845,52794469,1983,2
30150846,52794469,1983,2
30150849,52794469,1983,3
30150852,52794469,1983,4
30150853,52794469,1983,4
30150854,52794469,1983,4
30150856,52794469,1983,5
30150857,52794469,1983,5
30150864,52794469,1983,8
30150869,52664809,1980,1
30150871,52664809,1980,2
30150874,52664809,1980,3
30150875,52664809,1980,3
30150878,52664809,1980,4
30150884,52664809,1980,6
30150889,52718152,1985,2
30150893,52718152,1985,3
30150902,52718152,1985,6
30150905,52662774,1980,0
30150906,52662774,1980,0
30150908,52662774,1980,0
30150909,52662774,1980,1
30150911,52662774,1980,1
30150912,52662774,1980,1
30150916,52662774,1980,2
30150920,52662774,1980,4
30150969,52489963,1980,3
30150993,52446245,1980,3
30150994,52446245,1980,3
30150996,52446245,1980,4
30151009,52446245,1980,8
30151011,52446245,1980,9
30151017,52416014,1980,3
30151025,52416014,1980,5
30151036,52416014,1980,9
30151037,52416014,1980,9
30151040,52406875,1980,1
30151042,52406875,1980,2
30151043,52406875,1980,3
30151048,52406875,1980,5
30151050,52406875,1980,5
30151052,52406875,1980,6
30151053,52406875,1980,7
30151104,52647508,1984,4
30151113,52683859,1980,2
30151120,52683859,1980,5
30151121,52683859,1980,5
30151123,52683859,1980,6
30151144,52653877,1985,1
30151152,53362354,1980,3
30151154,53362354,1980,3
30151162,53362354,1980,6
30151172,52742368,1980,4
30151177,52742368,1980,6
30151183,52703958,1980,1
30151185,52703958,1980,2
30151187,52703958,1980,3
30151195,52703958,1980,7
30151196,52703958,1980,7
30151198,52703958,1980,8
30151234,52693183,1980,2
30151257,52489925,1986,3
30151261,52489925,1986,4
30151270,52693271,1986,4
30151273,52693271,1986,5
30151275,52693271,1986,6
30151293,53360764,1983,0
30151310,53360764,1983,7
30151317,52680626,1980,2
30151322,52680626,1980,4
30151326,52490360,1980,1
30151327,52490360,1980,1
30151328,52490360,1980,1
30151330,52694976,1980,1
30151408,52496617,1982,2
30151410,52496617,1982,3
30151411,52496617,1982,3
30151416,52496617,1982,6
30151420,52496617,1982,8
30151421,52496617,1982,8
30151424,52648888,1987,1
30151425,52648888,1987,1
30151428,52648888,1987,3
30151438,52648888,1987,7
30151442,52658332,1979,1
30151450,52658332,1979,4
30151453,52658332,1979,4
30151495,52508867,1980,1
30151496,52508867,1980,2
30151501,52508867,1980,4
30151503,52508867,1980,4
30151505,52508867,1980,5
30151522,53420545,1986,5
30151524,53420545,1986,6
30151532,52654321,1980,2
30151534,52654321,1980,3
30151538,52654321,1980,4
30151545,52494319,1980,0
30151552,52494319,1980,3
30151556,52494319,1980,4
30151565,52956795,1980,4
30151566,52956795,1980,4
30151569,52956795,1980,5
30151573,52956795,1980,6
30151574,52956795,1980,6
30151582,52654399,1980,3
30151587,52654399,1980,5
30151589,52654399,1980,5
30151598,52704910,1980,1
30151610,52704910,1980,5
30151616,52704910,1980,7
30151617,52704910,1980,7
30151623,52731801,1986,0
30151633,52731801,1986,3
30151636,52731801,1986,4
30151642,52731801,1986,5
30151644,52731801,1986,6
30151657,53006825,2011,0
30151668,53006825,1980,4
30151675,53006825,1980,6
30151679,53006825,1980,8
30151702,52701860,1980,2
30151705,52701860,1980,3
30151717,52690522,1980,1
30151799,53317286,1989,
30151801,53365580,1990,
30151810,52795242,1980,0
30151819,52795242,1980,1
30151821,52795242,1980,2
30151827,52795242,1980,3
30151829,52795242,1980,4
30151843,52552622,1980,0
30151847,52552622,1980,1
30151849,52552622,1980,2
30151850,52552622,1980,2
30151854,52552622,1980,3
30151862,52496836,1985,2
30151866,52496836,1985,3
30151870,52496836,1985,4
30151878,53343258,1982,1
30151888,52645643,1990,0
30151893,52645643,1990,1
30151897,52645643,1990,2
30151898,52645643,1990,3
30151899,52645643,1990,3
30151904,52495916,1980,1
30151909,52495916,1980,3
30151915,52495916,1980,5
30151917,52495916,1980,6
30151918,52495916,1980,6
30151921,52797251,1986,0
30151925,52797251,1986,3
30151928,52797251,1986,3
30151934,52797251,1986,5
30151936,52797251,1986,6
30151941,52684047,1983,1
30151943,52684047,1983,2
30151952,52684047,1983,4
30151954,52684047,1983,5
30151957,52407225,1980,1
30151961,52407225,1980,3
30151965,52407225,1980,4
30151967,52407225,1980,4
30151968,52407225,1980,4
30151972,52407225,1980,6
30151976,52407069,1985,0
30151980,52407069,1985,2
30151987,52407069,1985,3
30152001,52407069,1985,4
30152008,52407069,1985,7
30152518,52801574,1980,0
30152716,52490016,1950,2
30152719,52490016,1950,3
30152720,52490016,1950,3
30152723,52762568,1950,0
30152728,52762568,1950,2
30152731,52762568,1950,3
30152734,52798052,1950,0
30152735,52798052,1950,0
30152743,52798052,1950,2
30152749,52460965,1950,0
30152750,52460965,1950,1
30152751,52460965,1950,1
30152755,52460965,1950,2
30152757,52460965,1950,3
30152758,52460965,1950,3
30152762,52445349,1970,0
30152763,52445349,1970,1
30152766,52445349,1970,2
30152770,52445349,1970,3
30152771,52445349,1970,3
30152773,52718645,1950,0
30152779,52718645,1950,2
30152783,52718645,1950,3
30152791,52409196,1980,2
30152805,52677219,1990,1
30152810,52677219,1990,3
30152814,52677219,1990,1
30152817,52677219,1990,3
30152820,52677219,1990,0
30152822,52677219,1990,1
30152824,52677219,1990,2
30152826,52677219,1990,3
30152867,52494570,1970,1
30153001,52678679,1980,1
30153003,52678679,1980,1
30153007,52678679,1980,1
30153009,52678679,1980,1
30153017,52678679,1980,2
30153020,52678679,1980,2
30153021,52678679,1980,2
30153024,52678679,1980,2
30153028,52678679,1980,3
30153029,52678679,1980,3
30153031,52678679,1980,3
30153037,52678679,1980,3
30153104,53360856,1970,0
30153122,53360856,1970,2
30153123,53360856,1970,2
30153130,52650551,1960,-1
30153140,52650551,1960,0
30153142,52650551,1960,0
30153143,52650551,1960,0
30153144,52650551,1960,0
30153149,52650551,1960,1
30153155,52650551,1960,1
30153156,52650551,1960,1
30153164,52650551,1960,2
30153165,52650551,1960,2
30153168,52650551,1960,2
30153170,52650551,1960,2
30153172,52650551,1960,2
30153178,53360856,1960,-1
30153182,53360856,1960,-1
30153208,53360856,1960,3
30153209,53360856,1960,3
30153210,53360856,1960,3
30153211,53360856,1960,3
30153212,53360856,1960,3
30153225,53167952,2000,2
30153246,53167952,2000,3
30153253,53167952,2000,3
30153255,53167952,2000,4
30153264,53167952,2000,4
30153280,53167952,2000,3
30153289,53167952,2000,4
30153294,53167952,2000,4
30153299,53167952,2000,5
30153305,53167952,2000,5
30153307,53167952,2000,5
30153439,53322463,2006,-1
30153443,52496527,1997,2
30153462,52496527,1997,2
30153463,52496527,1997,2
30153469,52496527,1997,3
30153763,52806175,1960,0
30154014,52652345,1960,2
30154263,52507555,1960,-1
30154265,52507555,1960,0
30154269,52507555,1960,0
30154273,52507555,1960,0
30154275,52507555,1960,0
30154289,52507555,1960,
30154712,52963587,1985,4
30154725,52763958,1990,2
30154731,52763958,1990,5
30154732,52763958,1990,5
30154734,52763958,1990,6
30154745,52490829,1980,3
30154773,53370820,1989,1
30154785,53370820,1989,6
30154789,53370820,1989,7
30154805,52800113,1980,4
30154818,52800113,1980,6
30154820,52800113,1980,7
30154836,52648358,1980,5
30154837,52648358,1980,5
30154838,52648358,1980,6
30154843,52648358,1980,8
30154853,52988887,1980,4
30154854,52988887,1980,5
30154855,52988887,1980,5
30154856,52988887,1980,6
30154904,53000672,1998,5
30154905,53000672,1998,5
30154927,52702929,1990,4
30154931,52702929,1990,5
30154935,52702929,1990,6
30154945,52462579,1998,0
30154947,52462579,1998,1
30154961,52462579,1998,5
30154968,52462579,1998,7
30154974,52464632,1996,0
30154980,52464632,1996,3
30154984,52464632,1996,4
30154985,52464632,1996,4
30154998,52464632,1996,7
30155006,53379483,1990,2
30155009,53379483,1990,3
30155026,53379483,1990,7
30155051,53174993,1995,7
30155062,53361117,1990,2
30155065,53361117,1990,3
30155073,53361117,1990,5
30155074,53361117,1990,5
30155075,53361117,1990,6
30155089,53366546,1998,3
30155105,53366546,1998,7
30155554,52408120,1998,
30155701,52538400,1980,2
30155706,52538400,1980,4
30155708,52538400,1980,5
30155713,52538400,1980,8
30155719,52650100,1985,1
30155722,52650100,1985,2
30155723,52650100,1985,3
30155724,52650100,1985,3
30155731,52650100,1985,7
30155732,52650100,1985,7
30155735,52760248,1995,0
30155746,52760248,1995,5
30155767,53360850,1980,7
30155777,52445209,1990,4
30155781,52445209,1990,0
30155791,52445209,1990,0
30155797,52445209,1990,6
30155800,52445209,1990,7
30155813,52445209,1990,1
30155814,52445209,1990,1
30155830,52666436,1983,5
30155831,52666436,1985,5
30155837,52666436,1983,6
30155840,52666436,1983,8
30155842,52666436,1983,9
30155848,52698324,1985,2
30155853,52698324,1985,4
30155854,52698324,1985,4
30155860,52698324,1985,6
30155861,52698324,1985,6
30155865,52698324,1985,7
30155879,53316880,1982,4
30155894,53316880,1982,9
30155895,53316880,1982,9
30155900,52409197,1982,2
30155902,52409197,1982,3
30155904,52409197,1980,3
30155906,52409197,1982,4
30155907,52409197,1982,4
30155908,52409197,1982,4
30155918,52653514,1980,1
30155920,52653514,1980,2
30155925,52653514,1980,3
30155930,52653514,1980,5
30155931,52653514,1980,5
30155933,52653514,1980,6
30155948,53317264,1980,3
30155953,53317264,1980,4
30155956,53317264,1980,5
30155968,52666320,1980,3
30155970,52666320,1980,3
30155977,52666320,1980,5
30155987,52650952,1980,3
30155994,52650952,1980,4
30155995,52650952,1980,5
30155996,52704295,1985,3
30156000,52653503,1980,1
30156001,52653503,1980,2
30156003,52653503,1980,3
30156006,52653503,1980,3
30156012,52653503,1980,5
30156013,52653503,1980,6
30156021,52415462,1979,2
30156023,52415462,1979,3
30156024,52415462,1979,3
30156035,52645520,1984,1
30156039,52645520,1984,3
30156043,52645520,1984,4
30156046,52645520,1984,5
30156047,52645520,1984,5
30156064,52662308,1982,4
30156065,52662308,1982,4
30156068,52662308,1982,5
30156085,52690513,1980,5
30156087,52690513,1980,6
30156136,52653370,1984,1
30156138,52426890,1988,
30156147,52649666,1982,1
30156159,52792493,1970,3
30156161,52792493,1970,4
30156162,52792493,1970,4
30156165,52792493,1970,2
30156253,52647090,1980,1
30156254,52647090,1980,1
30156255,52647090,1980,1
30156271,52647090,1980,2
30156290,52401948,1983,3
30156297,52401948,1983,5
30156298,52401948,1983,6
30156305,52603301,1980,2
30156312,52603301,1980,5
30156322,52435388,1980,1
30156327,52435388,1980,1
30156339,52431305,1980,1
30156345,52431305,1980,3
30156353,52431305,1980,6
30156356,52431305,1980,1
30156358,52431305,1980,2
30156361,52431305,1980,3
30156364,52431305,1980,4
30156370,52431305,1980,1
30156373,52431305,1980,2
30156377,52431305,1980,4
30156379,52431305,1980,5
30157679,52655368,1970,5
30157694,52425744,1985,3
30157704,52425744,1985,5
30157710,52425744,1985,7
30157887,52429476,1980,2
30157890,52429476,1980,2
30157892,52429476,1980,3
30157897,52429476,1980,4
30157899,52429476,1980,5
30157902,52429476,1980,5
30157917,52553927,1980,2
30157923,52553927,1980,4
30157925,52553927,1980,4
30157927,52553927,1980,5
30157935,52553927,1980,7
30157950,52602774,1970,3
30157967,52602774,1970,7
30157970,52602774,1970,8
30157982,53369960,1980,3
30158009,52438241,1960,4
30158011,52438241,1960,4
30158046,52984395,1970,5
30158061,52407905,1979,1
30158062,52407905,1979,2
30158072,52407905,1979,5
30158095,52595232,1970,3
30158111,53324712,1970,2
30158117,52439626,1970,1
30158125,52439626,1970,4
30158151,52547234,1980,2
30158166,52666650,1980,5
30158172,52441416,1970,2
30158183,52441416,1970,2
30158222,52441416,1970,1
30158226,52441416,1970,1
30158296,52441416,1970,2
30158301,52441416,1970,1
30158307,52441416,1970,1
30158311,52441416,1970,1
30158318,53174099,1986,2
30158323,53174099,1986,4
30158324,53174099,1986,4
30158334,52665724,1980,3
30158338,52665724,1980,5
30158341,52591065,1970,0
30158342,52591065,1970,0
30158347,52591065,1970,3
30158369,53118210,1981,1
30158378,53118210,1981,6
30158384,52442782,1988,2
30158386,52442782,1988,3
30158391,52442782,1988,6
30158410,52453176,1990,2
30158411,52453176,1990,3
30158415,52433089,1980,4
30158422,52554747,1980,2
30158428,52554747,1980,4
30158433,53109983,1980,0
30158435,53109983,1980,0
30158442,53109983,1980,2
30158444,53109983,1980,3
30158446,53109983,1980,3
30158448,53109983,1980,4
30158449,53109983,1980,4
30158459,52985899,1980,0
30158465,52985899,1980,1
30158495,53066501,1970,1
30158499,53066501,1970,3
30158500,53066501,1970,3
30158502,53066501,1970,4
30158504,53066501,1970,0
30158507,53066501,1970,5
30158510,52427085,1990,0
30158511,52427085,1990,1
30158555,52462943,1980,0
30158565,52462943,1980,3
30158568,52462943,1980,4
30158569,52462943,1980,4
30158572,52496626,1970,1
30158573,52496626,1970,1
30158575,52496626,1970,2
30158582,52496626,1970,4
30158594,53327249,1980,3
30158596,53327249,1980,4
30158603,52661001,1984,3
30158606,52661001,1984,2
30158614,52661001,1984,4
30158617,52661001,1984,5
30158630,52585227,1986,4
30158632,52585227,1986,4
30158635,52585227,1986,2
30158642,52462698,1980,1
30158647,52462698,1980,3
30158658,53334473,1960,1
30158667,52440656,1970,3
30158673,52656725,1990,1
30158679,52656725,1990,3
30158681,52656725,1990,3
30158686,52442326,1980,1
30158689,52442326,1980,3
30158698,52538860,1980,2
30158701,52538860,1980,2
30158711,52538860,1980,1
30158722,52489589,1980,2
30158732,52426684,1987,3
30158736,52426684,1987,4
30158739,52604375,1970,1
30158743,52604375,1970,2
30158762,52588640,1975,4
30158764,52588640,1975,4
30158767,53326758,1994,2
30158772,53051362,1996,1
30158785,52458910,1980,2
30158787,52458910,1980,2
30158789,52458910,1980,3
30158791,52458910,1980,3
30158792,52458910,1980,4
30158794,52458910,1980,4
30158797,52458910,1980,5
30158801,52458910,1980,1
30158802,52458910,1980,1
30158807,52458910,1980,2
30158811,52458910,1980,3
30158812,52458910,1980,3
30158814,52458910,1980,4
30158875,52465257,1993,4
30158876,52465257,1993,1
30158883,52465257,1993,4
30158888,52465257,1993,2
30158889,52465257,1993,3
30158912,53316405,1984,4
30158938,52411920,2000,1
30158939,52411920,2000,1
30158960,52411920,2000,1
30158963,52411920,2000,2
30158967,52411920,2000,3
30158983,52411920,2000,1
30158990,52411920,2002,3
30159003,52411920,2000,6
30159006,52411920,2000,0
30159007,52411920,2000,1
30159016,52411920,2000,3
30159024,52411920,2000,5
30159045,52411920,2000,3
30159101,53344702,1980,3
30159111,53344702,1980,5
30159120,52395731,2002,0
30159133,52395731,2002,4
30159165,52398539,2004,0
30159181,52398539,2004,4
30159189,52398539,2004,0
30159191,52398539,2004,1
30159199,52398539,2004,3
30159215,52411879,2000,0
30159218,52411879,2000,1
30159222,52411879,2000,2
30159237,52411879,2000,5
30159245,52411879,2000,2
30159251,52411879,2000,3
30159258,52411879,2000,5
30159270,52411879,2000,1
30159279,52411879,2000,3
30159289,52411879,2000,6
30159295,52411879,2000,7
30159309,52411879,2000,4
30159311,52411879,2000,4
30159314,52411879,2000,5
30159315,52411879,2000,5
30159320,52411879,2000,7
30159325,52411879,2000,0
30159328,52411879,2000,1
30159334,52411879,2000,3
30159335,52411879,2000,3
30159336,52411879,2000,3
30159340,52411879,2000,4
30162431,52647799,1980,2
30162437,52647799,1980,4
30162444,52647799,1980,6
30162449,52656624,1970,2
30162450,52656624,1970,2
30162451,52656624,1970,3
30162452,52656624,1970,3
30162454,52656624,1970,3
30162455,52656624,1970,4
30162456,52656624,1970,4
30162459,52656624,1970,5
30162460,52656624,1970,5
30162462,52656624,1970,6
30162473,52686700,1990,4
30162478,52686700,1990,5
30162483,53359259,1980,0
30162484,53359259,1980,0
30162486,53359259,1980,1
30162488,53359259,1980,2
30162491,53359259,1980,3
30162493,53359259,1980,3
30162497,53359259,1980,5
30162513,52407993,1970,4
30162520,52658329,1985,0
30162521,52658329,1985,1
30162522,52658329,1985,1
30162523,52658329,1985,2
30162531,52658329,1985,4
30162545,52668371,1990,3
30162552,52668371,1990,5
30162556,52676696,1990,0
30162563,52676696,1990,3
30162576,52416463,1980,1
30162583,52416463,1980,3
30162587,52416463,1980,5
30162609,52646500,1990,1
30162612,52646500,1990,3
30162615,52646500,1990,5
30162622,52646500,1990,9
30162626,52646500,1990,1
30162627,52646500,1990,1
30162629,52646500,1990,2
30162639,52646500,1990,7
30162643,52646500,1990,10
30162644,52646500,1990,10
30162645,52646500,1990,
30162646,52646500,1990,
30162647,52646500,1990,
30162648,52646500,1990,
30162655,52587574,1980,0
30162658,52587574,1980,2
30162666,52587574,1980,7
30162685,52546745,1989,7
30162688,52441604,1980,1
30162691,52441604,1980,3
30162706,52443399,1990,2
30162715,52443399,1990,6
30162718,52443399,1990,8
30162719,52443399,1990,8
30162731,52769149,1983,4
30162744,52666758,1989,4
30162750,52666758,1989,7
30162753,52666758,1989,8
30162758,52661674,1985,1
30162764,52661674,1985,4
30162767,52661674,1985,5
30162768,52661674,1985,6
30162771,52661674,1985,7
30162812,52553368,1986,0
30162827,52553368,1986,1
30162839,52553368,1986,5
30162855,52651995,1987,1
30162875,52651995,1987,6
30162885,52411765,1986,1
30162889,52411765,1986,2
30162891,52411765,1986,2
30162893,52411765,1986,2
30162903,52411765,1986,3
30162909,52411765,1986,5
30162919,52648175,1985,2
30162929,52648175,1985,5
30162936,52672305,1990,1
30162939,52672305,1990,2
30162944,52672305,1990,3
30162945,52672305,1990,4
30162948,52672305,1990,5
30162952,52426893,1986,0
30162953,52426893,1986,0
30162954,52426893,1986,1
30162961,52426893,1986,2
30162967,52426893,1986,4
30162972,52413209,1987,1
30162975,52413209,1987,1
30162980,52413209,1987,3
30162982,52413209,1987,3
30162985,52413209,1987,4
30163061,52703439,1990,3
30163066,52703439,1990,4
30163074,52658431,1989,1
30163076,52658431,1989,3
30163083,52658431,1989,5
30163084,52658431,1989,5
30163089,52588687,1987,2
30163093,52588687,1987,3
30163096,52588687,1987,4
30163098,52588687,1987,5
30163108,52656484,1985,3
30163109,52656484,1985,4
30163120,53165914,1986,1
30163122,53165914,1986,2
30163133,53165914,1986,5
30163144,52650911,1985,4
30163170,53003893,1986,1
30163178,53003893,1986,3
30163232,52658453,1990,2
30163236,52658453,1990,3
30163269,52659810,1990,3
30163280,52659810,1990,5
30163281,52659810,1990,6
30163290,52659810,1990,2
30163292,52659810,1990,2
30163296,52659810,1990,3
30163298,52659810,1990,4
30163302,52659810,1990,5
30163306,52659810,1990,0
30163313,52659810,1990,2
30163316,52659810,1990,3
30163325,52659810,1990,5
30163327,52659810,1990,5
30163328,52659810,1990,6
30163341,52650908,1988,1
30163343,52650908,1988,2
30163348,52650908,1988,3
30163357,52412518,1986,1
30163358,52412518,1986,1
30163359,52412518,1986,1
30163363,52412518,1986,2
30163368,52412518,1986,4
30163376,52648204,1980,3
30163396,52648729,1982,3
30163405,52648729,1982,6
30163439,52652010,1970,6
30163445,52648704,1990,1
30163449,52648704,1990,4
30163453,52648704,1990,4
30163457,52648704,1990,6
30163461,53326833,1980,
30163462,53326833,1980,7
30163900,52462193,2000,1
30163906,52600488,2001,0
30163919,52600488,2001,3
30163953,52600481,2002,0
30163961,52600481,2002,1
30163965,52600481,2002,3
30163969,52600481,2002,3
30163996,52544846,2000,2
30164010,53349143,2000,1
30164023,52559937,2000,1
30164047,52559937,2000,1
30164050,52559937,2000,2
30164062,52535512,2007,1
30164063,52535512,2007,1
30164064,52535512,2007,2
30164066,52535512,2007,2
30164071,52535512,2007,4
30164089,52536953,2007,1
30164090,52536953,2007,1
30164091,52536953,2007,2
30164097,52536953,2007,4
30164101,52536953,2007,1
30164104,52536953,2007,2
30164105,52536953,2007,2
30164192,52536087,2008,0
30164211,53130888,1980,2
30164215,53130888,1980,3
30164238,52415648,2007,2
30164239,52415648,2007,2
30164247,52413586,2005,0
30164406,53080911,2000,4
30164808,52434930,2002,3
30164829,53326003,1999,1
30164832,53326003,1999,1
30164835,53326003,1999,2
30164836,53326003,1999,2
30164860,52519878,2005,1
30164864,52519878,2005,1
30164865,52519878,2005,1
30164866,52519878,2005,2
30164869,52519878,2005,2
30164872,52519878,2005,3
30164874,52519878,2005,4
30164875,52519878,2005,4
30164915,52587030,2006,3
30164927,52585090,2000,1
30164971,52551443,2000,2
30164988,52543513,2000,0
30164996,52543513,2000,4
30165007,52564018,1970,3
30165008,52564018,1970,0
30165018,52564018,1970,1
30165026,52564018,1970,2
30165115,52541136,1999,2
30165137,52473575,1999,1
30165182,52457609,1996,3
30165193,53348924,1999,2
30165195,53348924,1999,3
30165219,53349874,2000,1
30165223,52426107,2001,2
30165231,53318757,1997,1
30165252,52474973,2000,4
30165253,52474973,2000,4
30165254,52474973,2000,4
30165257,52474973,2000,0
30165259,52474973,2000,1
30165262,52474973,2000,2
30165264,52474973,2000,3
30165265,52474973,2000,3
30165268,52474973,2000,4
30165270,52474973,2000,0
30165271,52474973,2000,0
30165274,52474973,2000,1
30165279,52474973,2000,3
30165289,53322146,2001,0
30165324,52398362,1999,1
30165330,52398362,1999,3
30165332,52398362,1999,3
30165345,52560318,2000,2
30165349,52560318,2000,3
30165356,52514809,2007,1
30165358,52514809,2007,3
30165368,52540170,1988,1
30165371,52540170,1988,2
30165382,52458315,2002,1
30165384,52458315,2002,2
30165386,52458315,2002,2
30165394,52562018,2000,1
30165403,52566382,2000,0
30165411,52566382,2000,2
30165412,52566382,2001,0
30165417,52585354,2001,0
30165432,53339055,1998,0
30165463,52551106,1999,1
30165467,52551106,1999,3
30165473,52551106,1999,2
30165475,52551106,1999,3
30165485,52521844,1980,0
30165504,52521844,1980,3
30165507,52521844,1980,0
30165551,52551038,2005,2
30165922,52690923,1971,1
30165923,52690923,1971,1
30165925,52690923,1971,2
30165942,52722685,1970,1
30165944,52722685,1970,1
30165945,52722685,1970,2
30165948,52722685,1970,3
30165949,52722685,1970,3
30166079,52676203,1972,2
30166109,52668338,1970,2
30166110,52668338,1970,2
30166115,52668338,1970,5
30166215,53369738,1970,2
30166351,52722631,1970,2
30166352,52722631,1970,2
30166401,52714739,1970,2
30166404,52714739,1970,0
30166488,52682269,1969,
30166504,52762495,1960,1
30166508,52762495,1960,3
30166509,52762495,1960,4
30166749,52714254,1973,1
30166756,52714254,1973,6
30166770,52793776,1970,4
30166771,52793776,1970,5
30166776,52793776,1970,1
30166777,52793776,1970,2
30166811,52988425,1970,1
30166815,52988425,1970,3
30166832,52713542,1970,5
30166841,52665496,1970,2
30166851,52409044,1970,1
30166852,52409044,1970,2
30166860,52409044,1970,4
30166861,52409044,1970,5
30166862,52409044,1970,5
30166866,52409044,1970,6
30166869,52409044,1970,7
30166873,52729585,1970,
30166876,52729585,1970,
30166879,52729585,1970,
30166880,52729585,1970,
30166882,52729585,1970,
30166886,52729585,1970,2
30166890,52729585,1970,3
30166898,52755660,1980,3
30166915,52682419,1978,1
30166944,53342286,1975,1
30166946,53342286,1975,3
30166947,53342286,1975,3
30166948,53342286,1975,4
30166949,53342286,1975,4
30166950,53342286,1975,5
30166955,53342286,1975,1
30166965,52690243,1970,-1
30166994,53373605,1980,1
30167043,52724094,1998,0
30167045,52724094,1998,0
30167048,52699808,1996,1
30167053,52706116,1995,0
30167054,52706116,1995,1
30167056,52706116,1995,2
30167122,53113874,1965,0
30167124,53113874,1965,1
30167125,53113874,1965,1
30167133,52408587,1970,0
30167148,53110301,1970,3
30167149,53110301,1970,3
30167156,52665547,1970,1
30167159,52665547,1970,2
30167165,53132222,1960,2
30167173,52408763,1970,
30167176,52408763,1970,2
30167182,52716827,1960,
30167183,52716827,1960,1
30167196,52986706,1970,1
30167206,53361648,1960,2
30167221,52723629,1969,1
30167253,52665596,1970,-1
30167262,52665596,1970,5
30167284,52681797,1970,0
30167288,52681797,1970,1
30167305,53370611,1970,1
30167307,53370611,1970,2
30167333,52683467,1960,0
30167355,52723127,1960,2
30167405,52713251,1980,1
30167406,52713251,1980,1
30167413,52713766,1976,0
30167414,52713766,1976,1
30167432,53379057,1960,1
30167437,53379057,1960,2
30167440,53379057,1960,2
30167446,52408073,1970,2
30167448,52408073,1970,3
30167457,53365542,1967,3
30167467,52723711,1970,0
30167471,52723711,1970,1
30167472,52723711,1970,2
30167487,52667441,1970,2
30167491,52711726,1960,0
30167498,52656541,1960,0
30167516,52721752,1970,0
30167524,52721752,1970,1
30167526,52721752,1970,2
30167533,52721752,1970,3
30167534,52721752,1970,3
30167539,52666515,1970,0
30167540,52666515,1970,0
30167549,52664683,1960,0
30167554,52664683,1960,2
30167556,52664683,1960,3
30167574,52686298,2020,1
30167575,52686298,2020,2
30167580,52686298,2020,3
30167583,52713431,1960,0
30167586,52713431,1960,1
30167596,52676342,1970,0
30167597,52676342,1970,1
30167606,52690897,1970,0
30167614,52690897,1970,2
30167620,52407597,1970,3
30167626,53385157,1994,1
30167628,53385157,1994,2
30167637,52656062,1970,2
30167643,52488603,1980,1
30167651,52801968,1973,2
30167669,52715508,1960,1
30167670,52715508,1960,2
30167671,52715508,1960,2
30167675,52689762,1970,0
30167707,53022902,1965,2
30167712,52717192,1970,0
30167721,52722703,1960,0
30167740,53366450,1970,0
30167742,53366450,1970,1
30167762,52731041,1980,2
30167772,52677819,1967,2
30167778,52685841,1960,1
30167814,52960858,1970,1
30167815,52960858,1970,2
30167822,52683323,1970,1
30167824,52683323,1970,2
30167846,52715477,1960,0
30167850,52715477,1960,2
30167856,52682314,1960,0
30167857,52682314,1960,0
30167861,52682314,1960,1
30167865,52682314,1960,1
30167867,52682314,1960,2
30167870,52682314,1960,2
30167871,52682314,1960,2
30167881,52719917,1950,0
30167886,52719917,1950,2
30167887,52719917,1950,2
30167898,52715252,1950,2
30167899,52681619,1950,1
30167905,53005406,1950,1
30167908,53005406,1950,1
30167914,53005406,1950,2
30167919,53005406,1950,3
30167921,53005406,1950,3
30167927,52684499,1960,0
30167928,52684499,1960,1
30167934,52684499,1960,2
30167936,52684499,1960,3
30167946,52461924,1950,2
30167958,52991559,1960,0
30167961,52991559,1960,2
30167969,52666440,1960,2
30167977,52432501,1950,
30167978,52432501,1950,0
30167979,52432501,1950,0
30167981,52432501,1950,0
30167984,52432501,1950,0
30167987,52432501,1950,1
30167992,52432501,1950,2
30167994,52432501,1950,2
30168021,52648481,1960,
30168026,52793775,1970,2
30168028,52793775,1970,3
30168029,52793775,1970,3
30168041,52684802,1960,2
30168043,52684802,1960,3
30168048,52714295,1970,1
30168052,52714295,1970,3
30168054,52714295,1970,4
30168066,53385682,1970,3
30168067,53385682,1970,3
30168069,51665988,1960,-1
30168071,51665988,1960,1
30168073,51665988,1960,0
30168076,51665988,1960,3
30168084,51665988,1960,2
30168101,52677484,1970,4
30168106,52700744,1960,1
30168118,53385194,1973,3
30168119,53385194,1973,4
30168120,53385194,1973,4
30168126,52722208,1970,0
30168138,52683325,1970,2
30168139,52683325,1970,2
30168154,52962518,1970,0
30168157,52962518,1970,1
30168285,52656837,1960,2
30168293,52656837,1960,4
30168299,52656837,1960,6
30168300,52656837,1960,1
30168305,52656837,1960,2
30168306,52656837,1960,3
30168308,52656837,1960,4
30168311,52656837,1960,4
30168315,52656837,1960,5
30168316,52656837,1960,6
30168317,52656837,1960,6
30168318,52656837,1960,1
30168322,52656837,1960,2
30168323,52656837,1960,2
30168324,52656837,1960,3
30168328,52656837,1960,4
30168330,52656837,1960,5
30168331,52656837,1960,5
30168333,52656837,1960,5
30168336,52656837,1960,2
30168337,52656837,1960,2
30168338,52656837,1960,2
30168339,52656837,1960,2
30168344,52656837,1960,4
30168346,52656837,1960,5
30168350,52656837,1960,6
30168353,52656837,1960,2
30168355,52656837,1960,2
30168360,52656837,1960,4
30168378,52398035,1980,3
30168379,52398035,1980,3
30168382,52398035,1980,2
30168397,52397459,1970,1
30168401,52594630,1970,3
30168404,52594630,1970,0
30168407,52594630,1977,1
30168412,52397459,1977,4
30168414,52397459,1970,0
30168415,52397459,1970,0
30168417,52397459,1970,1
30168425,52594630,1970,0
30168426,52594630,1970,1
30168430,52594630,1970,3
30168667,52654349,1990,1
30168671,52652999,1970,
30168698,52704325,1978,2
30168701,52704325,1978,3
30168703,52704325,1978,4
30168710,52683860,1984,1
30168713,52683860,1984,3
30168714,52683860,1984,3
30168715,52683860,1984,3
30168718,52683860,1984,4
30168719,52683860,1984,5
30168729,52651729,1984,1
30168735,52651729,1984,5
30168737,52651729,1984,1
30168739,52651729,1984,1
30168759,52796946,1980,2
30168761,52796946,1980,3
30168765,52796946,1980,5
30168772,52651700,1985,1
30168773,52651700,1985,2
30168774,52651700,1985,2
30168779,52651700,1985,3
30168780,52651700,1985,4
30168814,52702068,1983,1
30168817,52702068,1983,2
30168820,52702068,1983,3
30168824,52702068,1983,4
30168828,52702068,1983,6
30168829,52702068,1983,6
30168840,52489478,1980,3
30168841,52489478,1980,3
30168846,52489478,1980,5
30168850,53022832,1984,1
30168852,53022832,1984,2
30168880,53371844,1970,4
30168895,52681016,1970,3
30168899,52681016,1970,5
30168900,52681016,1970,5
30168911,52716341,1980,4
30168924,52465576,1984,2
30168931,52465576,1984,4
30170455,52757735,1970,2
30170457,52757735,1970,3
30170458,52757735,1970,4
30170469,52963041,1970,1
30170471,52963041,1970,2
30170477,52963041,1970,2
30170478,52963041,1970,3
30170482,52963041,1970,1
30170484,52963041,1970,2
30170485,52963041,1970,3
30170497,53047670,1970,1
30170501,53047670,1970,3
30170504,53047670,1970,4
30170509,52729085,1970,2
30170511,52729085,1970,3
30170513,52729085,1970,4
30170515,52729085,1970,2
30170516,52729085,1970,3
30170525,52729085,1970,4
30170529,52723640,1970,1
30170532,52723640,1970,3
30170534,52723640,1970,3
30170545,52723640,1970,6
30170547,52723640,1970,6
30170552,52723640,1970,8
30170553,52723640,1970,8
30170555,52723640,1970,8
30170556,52723640,1970,9
30170558,52723640,1970,9
30170562,52723640,1970,10
30170563,52723640,1970,10
30170564,52723640,1970,
30170565,52723640,1970,
30170568,52723640,1970,
30170571,52723640,1970,
30170572,52723640,1970,
30170590,53021373,1970,2
30170592,53021373,1970,3
30170598,53021373,1970,5
30170602,53021373,1970,6
30170615,53021373,1970,9
30170616,53021373,1970,9
30170617,53021373,1970,10
30170625,53021373,1970,
30170626,53021373,1970,
30170627,53021373,1970,
30170628,53021373,1970,
30170635,53021373,1970,
30170636,53021373,1970,
30170638,53021373,1970,
30170641,53021373,1970,
30170642,53021373,1970,
30170650,52582879,1970,1
30170651,52582879,1970,2
30170652,52582879,1970,2
30170653,52582879,1970,3
30170656,52582879,1970,3
30170657,52582879,1970,4
30170661,52582879,1970,5
30170666,52582879,1970,6
30170667,52582879,1970,6
30170678,52582879,1970,9
30170679,52582879,1970,9
30170684,52582879,1970,10
30170688,52582879,1970,
30170689,52582879,1970,
30170697,52582879,1970,
30170699,52582879,1970,
30170711,53364418,1970,4
30170716,53364418,1970,2
30170718,53364418,1970,3
30170723,53364418,1970,5
30170728,53364418,1970,3
30170730,53364418,1970,4
30170794,52655626,1970,0
30170797,52403606,1950,1
30170799,52403606,1950,2
30170800,52403606,1950,2
30170802,52684450,1950,1
30170818,52721766,1965,1
30170820,52721766,1965,2
30170822,52659347,1953,1
30170843,52685176,1950,1
30170845,52685176,1950,2
30170846,52724114,2023,
30170847,52724114,2023,1
30170852,52677905,1960,1
30170853,52677905,1960,1
30170855,52677905,1960,2
30170904,53164951,1960,1
30170913,52729472,1950,2
30170918,52676413,1960,1
30170919,52676413,1960,2
30170929,53163921,1950,1
30170941,52740288,1960,2
30170945,52676177,1960,1
30170955,53371798,1970,1
30170970,52723253,1950,1
30170972,52723253,1950,2
30170983,52715664,1940,0
30170985,52717008,1960,1
30171007,52717008,1960,3
30171009,52717008,1960,1
30171010,52717008,1960,1
30171012,52717008,1960,2
30171014,52717008,1960,3
30171024,52717008,1960,2
30171031,52717008,1960,3
30171038,52717008,1960,3
30171039,52717008,1960,1
30171041,52717008,1960,2
30171043,52717008,1960,3
30171044,52717008,1960,3
30171045,52717008,1960,1
30171050,52717008,1960,3
30171051,52717008,1960,1
30171052,52717008,1960,1
30171055,52717008,1960,3
30171056,52717008,1960,3
30171058,52717008,1960,1
30171059,52717008,1960,2
30171063,52717008,1960,1
30171064,52717008,1960,1
30171066,52717008,1960,2
30171067,52717008,1960,3
30171068,52717008,1960,3
30171078,52717008,1960,2
30171079,52717008,1960,3
30171081,52717008,1960,1
30171084,52717008,1960,2
30171085,52717008,1960,3
30171091,52717008,1960,3
30171093,52717008,1960,1
30171094,52717008,1960,1
30171096,52717008,1960,2
30171120,52713623,1950,2
30171123,52713623,1950,3
30171126,52713623,1950,2
30171137,52722215,1952,1
30171138,52722215,1952,2
30171140,52722215,1952,3
30171143,52755032,1950,1
30171146,52755032,1950,3
30171153,52755032,1950,3
30171155,52727214,1950,1
30171165,52727214,1950,3
30171169,52690875,1960,2
30171171,52690875,1960,3
30171172,52690875,1960,3
30171174,52690875,1960,1
30171183,52690875,1960,3
30171184,52690875,1960,3
30171192,52729497,1960,3
30171202,52729497,1960,2
30171226,52769524,1960,1
30171227,52769524,1960,2
30171235,52769524,1960,3
30171236,52769524,1960,3
30171239,52713005,1960,2
30171240,52713005,1960,2
30171241,52713005,1960,3
30171253,52723092,1960,2
30171254,52723092,1960,2
30171257,52723092,1960,1
30171264,52723092,1960,1
30171266,52723092,1960,2
30171269,52723092,1960,1
30171270,52723092,1960,1
30171276,53374274,1960,2
30171278,53374274,1960,3
30171279,53374274,1960,1
30171282,53374274,1960,2
30171284,53374274,1960,3
30171287,53374274,1960,2
30171291,53374274,1960,1
30171296,53374274,1960,3
30171306,53416147,1960,3
30171317,52729606,1950,3
30171321,52761353,1970,2
30171322,52761353,1970,2
30171324,52761353,1970,3
30171339,52768569,1960,1
30171346,52768569,1960,4
30171351,52768569,1960,4
30171597,52677063,1960,1
30171605,52677063,1960,6
30171607,52677063,1960,7
30171608,52677063,1960,7
30171609,52677063,1960,8
30171613,52677063,1960,3
30171616,52677063,1960,6
30171617,52677063,1960,6
30171618,52677063,1960,7
30171620,52677063,1960,8
30171622,52677063,1960,1
30171624,52677063,1960,2
30171627,52677063,1960,4
30171638,52802419,1970,1
30171639,52802419,1970,1
30171644,52802419,1970,1
30171646,52802419,1970,2
30171648,52802419,1970,2
30171656,52802419,1970,3
30171662,52802419,1970,4
30171670,53040727,1970,1
30171672,53040727,1970,2
30171673,53040727,1970,2
30171681,53040727,1970,3
30171684,53040727,1970,4
30171689,53040727,1970,4
30171691,52656111,1970,1
30171692,52656111,1970,2
30171694,52656111,1970,3
30171697,52656111,1970,4
30171707,52681992,1950,2
30171710,53320993,1950,0
30171711,53320993,1950,1
30171717,52678304,1960,1
30171720,52678304,1960,2
30171729,52722651,1970,1
30171735,52645568,1955,1
30171738,52645568,1955,2
30171741,52761462,1960,1
30171746,53444413,1960,0
30171748,53444413,1960,1
30171764,52697928,1960,0
30171765,52697928,1960,1
30171770,52403873,1960,0
30171773,52403873,1960,2
30171779,52716087,1960,0
30171787,52716087,1960,2
30171790,52769972,1970,1
30171799,53372045,1970,2
30171809,52715922,1950,1
30171965,52683883,1970,1
30172031,52722715,1960,1
30172034,52722715,1960,2
30172035,52722715,1960,3
30172040,52722715,1960,5
30172041,52722715,1960,6
30172044,52722715,1960,7
30172045,52722715,1960,8
30172051,52722715,1960,3
30172054,52722715,1960,4
30172056,52722715,1960,5
30172060,52722715,1960,7
30172062,52722715,1960,8
30172063,52722715,1960,1
30172064,52722715,1960,1
30172066,52722715,1960,2
30172070,52722715,1960,4
30172072,52722715,1960,5
30172076,52722715,1960,7
30172083,52722715,1960,3
30172085,52722715,1960,4
30172087,52722715,1960,5
30172088,52722715,1960,5
30172089,52722715,1960,6
30172090,52722715,1960,6
30172091,52722715,1960,7
30172098,53105488,1960,2
30172102,53105488,1960,4
30172106,53105488,1960,6
30172116,53105488,1960,3
30172122,53105488,1960,6
30172123,53105488,1960,6
30172127,53105488,1960,8
30172128,53105488,1960,1
30172131,53105488,1960,2
30172143,53105488,1960,8
30172146,53105488,1960,2
30172149,53105488,1960,3
30172158,53105488,1960,8
30172161,53163918,1960,1
30172162,53163918,1960,1
30172164,53163918,1960,2
30172169,53163918,1960,5
30172170,53163918,1960,5
30172188,53163918,1960,6
30172189,53163918,1960,7
30172190,53163918,1960,7
30172203,53163918,1960,6
30172217,53163918,1960,5
30172221,53163918,1960,7
30172222,53163918,1960,7
30172223,53163918,1960,8
30172225,53136027,1960,4
30172235,53136027,1960,4
30172236,53136027,1960,5
30172238,53136027,1960,6
30172241,53136027,1960,7
30172242,53136027,1960,0
30172262,53136027,1960,2
30172263,53136027,1960,2
30172268,53136027,1960,5
30172269,53136027,1960,5
30172271,53136027,1960,6
30172275,53136027,1960,0
30172276,53136027,1960,1
30172279,53136027,1960,2
30172295,52714740,1960,3
30172302,52714740,1960,6
30172306,52714740,1960,8
30172307,52714740,1960,1
30172308,52714740,1960,1
30172317,52714740,1960,6
30172318,52714740,1960,6
30172321,52714740,1960,8
30172328,52714740,1960,3
30172334,52714740,1960,6
30172336,52714740,1960,7
30172339,52714740,1960,1
30172340,52714740,1960,1
30172345,52714740,1960,4
30172363,52725536,1960,3
30172365,52725536,1960,4
30172367,52725536,1960,4
30172373,52725536,1960,6
30172374,52725536,1960,7
30172380,52725536,1960,8
30172384,52725536,1960,9
30172385,52725536,1960,9
30172388,52718175,1960,1
30172392,52718175,1960,3
30172393,52718175,1960,3
30172396,52718175,1960,4
30172397,52718175,1960,4
30172398,52718175,1960,4
30172399,52718175,1960,4
30172400,52718175,1960,5
30172402,52718175,1960,6
30172404,52718175,1960,6
30172406,52718175,1960,7
30172414,52718175,2008,9
30172418,52667838,1960,1
30172423,52667838,1960,3
30172424,52667838,1960,3
30172427,52667838,1960,4
30172429,52667838,1960,4
30172432,52667838,1960,6
30172433,52667838,1960,6
30172437,52667838,1960,7
30172438,52667838,1960,7
30172439,52667838,1960,8
30172443,52667838,1960,9
30172444,52667838,1960,9
30172449,52714820,1960,1
30172451,52714820,1960,2
30172452,52714820,1960,3
30172455,52714820,1960,4
30172456,52714820,1960,4
30172462,52714820,1960,5
30172464,52714820,1960,7
30172465,52714820,1960,7
30172466,52714820,1960,7
30172467,52714820,1960,7
30172470,52714820,1960,8
30172477,52714820,1960,10
30172478,52714820,1960,10
30172484,52690436,1970,3
30172490,52690436,1970,5
30172495,52690436,1970,7
30172497,52690436,1970,7
30172498,52690436,1970,7
30172504,52690436,1970,9
30172506,52690436,1970,9
30172508,52690436,1970,10
30172509,52690436,1970,10
30172510,52690436,1970,10
30172511,52690436,1970,3
30172515,52730475,1960,2
30172520,52730475,1960,4
30172521,52730475,1960,4
30172525,52730475,1960,5
30172537,52730475,1960,9
30172539,52730475,1960,9
30172542,52730475,1960,10
30172678,52564483,1970,0
30172679,52564483,1970,
30172690,52555903,1970,1
30172694,52534429,1960,
30172708,53163085,1960,1
30172723,52522990,1970,0
30172728,52569049,1980,
30172745,53339774,1965,1
30172750,53324463,2021,
30172754,52772859,1950,0
30172757,52772859,1950,0
30172758,52772859,1950,1
30172759,52772859,1950,1
30172762,52772859,1950,2
30172801,52676794,1960,0
30172802,52676794,1960,0
30172803,52676794,1960,0
30172804,52676794,1960,0
30172806,52676794,1960,1
30172807,52676794,1960,1
30172809,52676794,1960,2
30172826,52731058,1960,4
30172827,52731058,1960,4
30172829,52690441,1960,1
30172830,52690441,1960,1
30172833,52690441,1960,2
30172834,52690441,1960,2
30172836,52690441,1960,3
30172839,52690441,1960,4
30172840,52690441,1960,4
30172847,52659360,1960,2
30172849,52659360,1960,2
30172850,52659360,1960,3
30172854,52659360,1960,4
30172855,52659360,1960,4
30172856,52659360,1960,4
30172857,52659360,1960,4
30172863,53372044,1960,2
30172867,53372044,1960,3
30172872,53372044,1960,4
30172876,52688929,1960,1
30172877,52688929,1960,1
30172882,52688929,1960,1
30172884,52688929,1960,2
30172887,52688929,1960,2
30172888,52688929,1960,2
30172891,52688929,1960,2
30172895,52688929,1960,3
30172899,52688929,1960,3
30172907,52688929,1960,4
30172909,52688929,1960,4
30172913,52688929,1960,4
30172914,52688929,1960,5
30172915,52688929,1960,5
30172916,52688929,1960,5
30172920,52688929,1960,5
30172921,52688929,1960,5
30172923,52688929,1960,5
30172925,53364503,1960,1
30172927,53364503,1960,2
30172929,53364503,1960,2
30172930,53364503,1960,2
30172937,53364503,1960,4
30172944,53385281,1960,2
30172945,53385281,1960,2
30172946,53385281,1960,3
30172957,52732492,1960,2
30172962,52732492,1960,3
30172967,52732492,1960,4
30172972,52681618,1960,2
30172975,52681618,1960,2
30172976,52681618,1960,3
30172978,52681618,1960,3
30172979,52681618,1960,3
30172982,52681618,1960,4
30172985,52740924,1960,1
30172988,52740924,1960,2
30173003,52734391,1960,1
30173005,52734391,1960,1
30173006,52734391,1960,1
30173008,52734391,1960,1
30173009,52734391,1960,1
30173010,52734391,1960,2
30173017,52734391,1960,2
30173022,52734391,1960,3
30173029,52734391,1960,3
30173031,52734391,1960,4
30173035,52734391,1960,4
30173039,52734391,1960,4
30173040,52734391,1960,5
30173043,52734391,1960,5
30173045,52734391,1960,5
30173047,52734391,1960,5
30173079,52463845,1970,
30173082,52463845,1970,
30173084,52732440,1970,1
30173085,52732440,1970,1
30173087,52732440,1970,2
30173090,52732440,1970,3
30173092,52732440,1970,3
30173097,52732440,1970,4
30173103,52732440,1970,5
30173124,53318141,1970,2
30173138,52558856,1970,2
30173141,52534035,1962,0
30173142,52534035,1962,1
30173146,52550483,1980,3
30173147,52522730,1970,
30173151,52502074,1960,
30173162,52564972,1960,
30173163,52522743,2012,4
30173166,52414155,1970,1
30173174,53338223,1990,
30173192,52765334,1977,0
30173194,52765334,1977,1
30173195,52765334,1977,1
30173197,53374508,1970,
30173200,52678259,1960,0
30173211,52723630,1970,0
30173212,52723630,1970,0
30173213,52723630,1970,0
30173214,52723630,1970,1
30173215,52723630,1970,1
30173216,52723630,1970,1
30173217,52723630,1970,1
30173219,52723630,1970,2
30173220,52723630,1970,2
30173224,53372345,1960,0
30173225,53372345,1960,0
30173227,53372345,1960,1
30173233,53372345,1960,2
30173236,52656511,1960,1
30173237,52656511,1960,1
30173247,52656511,1960,2
30173252,52656511,1960,3
30173258,52656511,1960,4
30173259,52656511,1960,4
30173260,52656479,1960,1
30173262,52656479,1960,1
30173264,52656479,1960,2
30173273,52656479,1960,3
30173279,52656479,1960,3
30173281,52656479,1960,4
30173297,52656479,1960,6
30173298,52656479,1960,6
30173301,52656479,1960,6
30173302,52656479,1960,6
30173314,52764462,1952,0
30173321,52713118,1980,0
30173333,52792361,1950,0
30173334,52792361,1950,0
30173337,52723653,1950,0
30173376,52959793,1950,2
30173381,52713654,1960,2
30173390,52520090,1970,2
30173393,53379982,1970,1
30173396,53379982,1970,2
30173404,53141126,1950,1
30173411,52687084,1950,2
30173426,52722714,1960,
30173429,52791497,1980,0
30173432,53374348,1950,
30173442,53416221,1950,
30173453,52664130,1960,0
30173455,52718126,2010,0
30173459,52793730,1950,0
30173465,52685209,1950,0
30173471,52648851,1980,
30173486,53372632,1960,
30173494,52715062,1950,0
30173503,52690449,1950,0
30173515,52702622,1965,
30173516,52702622,1965,
30173523,52723342,1950,
30173535,52670912,1950,1
30173536,52670912,1950,
30173538,52670552,1970,
30173558,52659299,1970,1
30173569,53366625,1950,2
30173583,52678439,1960,1
30173588,52678439,1960,2
30173591,52678439,1960,3
30173592,52678439,1960,3
30173598,52769983,1960,1
30173600,52769983,1960,2
30173602,52769983,1960,2
30173605,52769983,1960,2
30173606,52769983,1960,3
30173613,53367048,1960,1
30173614,53367048,1960,1
30173615,53367048,1960,1
30173618,53367048,1960,1
30173620,53367048,1960,2
30173622,53367048,1960,2
30173626,53367048,1960,3
30173633,52664573,1960,1
30173636,52664573,1960,1
30173648,52664573,1960,3
30173651,52664573,1960,3
30173655,52664573,1960,3
30173657,53373859,1950,1
30173663,53373859,1950,1
30173668,53373859,1950,2
30173669,53373859,1950,2
30173671,53373859,1950,2
30173673,53373859,1950,3
30173677,53373859,1950,3
30173682,52684418,1960,1
30173687,52684418,1960,1
30173689,52684418,1960,2
30173692,52684418,1960,2
30173693,52684418,1960,2
30173694,52684418,1960,3
30173733,53379664,1950,2
30173735,53379664,1950,3
30173765,52723244,1950,1
30173769,52723244,1950,2
30173772,52723244,1950,2
30173778,53373724,1960,1
30173785,53373724,1960,2
30173788,53373724,1960,3
30173789,53373724,1960,3
30173791,52648901,1960,1
30173792,52648901,1960,1
30173798,52648901,1960,2
30173800,52648901,1960,3
30173801,52648901,1960,3
30173842,53341521,1979,1
30173846,52566811,1976,0
30173850,52583011,1960,0
30173864,52772402,1950,1
30173866,52772402,1950,2
30173869,52762020,1964,1
30173875,53385231,1950,2
30173881,52690981,1950,2
30173890,52679639,1955,2
30173894,52768155,1988,1
30173899,52719879,1980,2
30173916,52792349,1950,0
30173920,52792349,1950,0
30173929,52676944,1950,0
30173931,52676944,1950,2
30173937,52794748,1950,0
30173949,52658105,1951,0
30173953,52657001,1950,0
30173954,52657001,1950,0
30173957,52407599,1960,0
30173969,52726839,1953,0
30173979,52792097,1950,1
30174005,52700273,1980,1
30174013,52687044,1970,0
30174021,52691899,1955,1
30174023,52691682,1953,0
30174032,52741718,1983,0
30174035,52962007,1960,0
30174037,53315339,1960,0
30174038,53315339,1960,0
30174046,52692341,1980,0
30174050,53069445,1950,0
30174060,52756787,1995,1
30174068,52714004,1950,0
30174083,53096904,1950,0
30174089,52760149,1950,0
30174090,52760149,1950,0
30174099,52761543,1950,0
30174100,52761543,1950,1
30174101,52761543,1950,1
30174104,52665705,1980,0
30174142,52724095,1950,0
30174180,52664649,1960,1
30174184,52664649,1960,2
30174185,52664649,1960,2
30174188,52664649,1960,4
30174189,52664649,1960,4
30174193,52664649,1960,5
30174194,52664649,1960,5
30174195,52664649,1960,5
30174197,52664649,1960,6
30174199,52664649,1960,1
30174201,52664649,1960,2
30174206,52664649,1960,4
30174211,52664649,1960,5
30174213,52664649,1960,5
30174382,52662326,1970,2
30174388,52662326,1970,3
30174390,52662326,1970,4
30174391,52662326,1970,4
30174399,52662326,1970,6
30174403,52662326,1970,7
30174407,52662326,1970,8
30174408,52662326,1970,8
30174410,52662326,1970,9
30174413,52662326,1970,9
30174469,52713121,1960,3
30174475,52713121,1960,4
30174479,52713121,1960,1
30174482,52713121,1960,1
30174483,52713121,1960,1
30174518,52722090,1970,4
30174522,52722090,1970,5
30174532,52798116,1970,3
30174536,52798116,1970,4
30174537,52798116,1970,4
30174538,52798116,1970,5
30174558,52663330,1970,5
30174660,52571337,1960,2
30174663,52571337,1960,3
30174666,52571337,1960,2
30174668,52571337,1960,3
30174675,52571337,1960,3
30174677,52571337,1960,1
30174680,52571337,1960,3
30174686,52493999,1950,1
30174698,52493999,1950,1
30174699,52493999,1950,2
30174702,52493999,1950,3
30174707,52493999,1950,3
30174708,52493999,1950,3
30174710,52556780,1950,1
30174712,52556780,1950,2
30174720,52556780,1950,3
30174721,52556780,1950,3
30174722,52556780,1950,1
30174724,52556780,1950,2
30174725,52556780,1950,2
30174726,52556780,1950,3
30174737,52399927,1960,2
30174740,52399927,1960,3
30174748,52399927,1960,1
30174764,52547224,1950,2
30174767,52547224,1950,2
30174768,52547224,1950,2
30174769,52547224,1950,2
30174772,52542183,1950,1
30174774,52542183,1950,2
30174776,52542183,1950,3
30174777,52542183,1950,1
30174778,52542183,1950,1
30174780,52542183,1950,2
30174784,52522933,1960,1
30174793,52411868,1950,1
30174794,52411868,1950,1
30174799,52411868,1950,2
30174802,52526091,1950,1
30174804,52526091,1950,2
30174824,52963516,1960,3
30174825,52963516,1960,3
30174828,52963516,1960,2
30174829,52963516,1960,2
30174830,52963516,1960,3
30174836,53317021,1960,1
30174837,53317021,1960,1
30174839,53317021,1960,2
30174847,53317021,1960,3
30174851,53317021,1960,2
30174852,53317021,1960,3
30174860,53317021,1960,1
30174861,53317021,1960,1
30174864,53317021,1960,3
30174865,53317021,1960,3
30174872,52410718,1970,3
30174873,52410718,1970,4
30174874,52410718,1970,4
30174875,52410718,1970,5
30174876,52410718,1970,5
30174878,52410718,1970,6
30174880,52410718,1970,7
30174887,52410718,1970,4
30174890,52410718,1970,5
30174892,52410718,1970,6
30174894,52410718,1970,7
30174895,52410718,1970,1
30174896,52410718,1970,1
30174897,52410718,1970,2
30174898,52410718,1970,2
30174899,52410718,1970,3
30174903,52410718,1970,5
30174906,52410718,1970,6
30174911,52498612,1970,1
30174912,52498612,1970,2
30174913,52498612,1970,2
30174917,52498612,1970,4
30174921,52498612,1970,6
30174922,52498612,1970,1
30174923,52498612,1970,1
30174924,52498612,1970,2
30174925,52498612,1970,2
30174930,52498612,1970,5
30174932,52498612,1970,6
30174940,52498612,1970,4
30174944,52498612,1970,6
30174948,52429358,1970,1
30174951,52429358,1970,3
30174952,52429358,1970,3
30174956,52429358,1970,5
30174960,52429358,1970,1
30174961,52429358,1970,2
30174966,52429358,1970,4
30174970,52429358,1970,6
30174972,52429358,1970,1
30174974,52429358,1970,2
30174978,52429358,1970,4
30174979,52429358,1970,5
30174980,52429358,1970,5
30174984,52441805,1970,1
30174987,52441805,1970,2
30174989,52441805,1970,3
30174991,52441805,1970,4
30174994,52441805,1970,6
30174996,52441805,1970,1
30174997,52441805,1970,1
30175004,52441805,1970,5
30175010,52441805,1970,2
30175014,52441805,1970,4
30175015,52441805,1970,4
30175022,53337728,1970,1
30175024,53337728,1970,2
30175026,53337728,1970,3
30175027,53337728,1970,4
30175029,53337728,1970,5
30175030,53337728,1970,5
30175033,53337728,1970,1
30175044,53337728,1970,6
30175046,53337728,1970,1
30175063,52492076,1960,1
30175064,52492076,1960,2
30175068,52492076,1960,4
30175076,52492076,1960,4
30175084,52492076,1960,4
30175087,52492076,1960,1
30175090,52492076,1960,3
30175092,52492076,1960,4
30175093,52492076,1960,4
30175094,52492076,1960,1
30175102,52492076,1960,1
30175108,52492076,1960,4
30175111,52492076,1960,1
30175116,52492076,1960,4
30175123,52492076,1960,3
30175127,52492076,1960,1
30175128,52492076,1960,2
30175132,52492076,1960,4
30175144,52492076,1960,2
30175145,52492076,1960,2
30175148,52492076,1960,4
30175153,52492076,1960,2
30175155,52492076,1960,3
30175156,52492076,1960,4
30175157,52492076,1960,4
30175160,52492076,1960,2
30175167,52492076,1960,1
30175168,52492076,1960,2
30175172,52492076,1960,4
30175176,52481968,2020,1
30175177,52481968,2020,1
30175178,52481968,2020,2
30175180,52481968,2020,3
30175182,52481968,2020,1
30175184,52481968,2020,2
30175185,52481968,2020,2
30175190,52481968,2020,2
30175192,52481968,2020,3
30175193,52481968,2020,3
30175195,52481968,2020,1
30175196,52481968,2020,2
30175200,52481968,2020,1
30175201,52481968,2020,1
30175203,52481968,2020,2
30175210,52481968,2020,3
30175216,52481968,2020,3
30175223,52481968,2020,3
30175241,53447249,1960,1
30175243,53447249,1960,2
30175249,53447249,1960,2
30175250,53447249,1960,2
30175255,53447249,1960,1
30175257,53447249,1960,2
30175260,52556420,1960,1
30175261,52556420,1960,2
30175269,52556420,1960,3
30175281,52556420,1960,3
30175282,52556420,1960,3
30175288,52530238,1960,3
30175292,52530238,1960,2
30175307,52530238,1960,3
30175313,52412332,1960,2
30175315,52412332,1960,1
30175325,52412332,1960,2
30175328,52522892,1960,0
30175330,52522892,1970,1
30175332,52522892,1960,1
30175338,52522892,1950,3
30175339,52522892,1960,3
30175343,52522892,1950,4
30175364,52459656,2022,1
30175366,52459656,2022,2
30175368,52459656,2022,2
30175370,52459656,2022,3
30175372,52459656,2022,3
30175376,52459656,2022,4
30175391,52583831,1958,1
30175395,52583831,1958,1
30175410,52582278,2000,1
30175485,52398639,1950,2
30175518,52583758,1960,3
30175535,52556294,1960,3
30175550,52541591,1960,1
30175555,52541591,1960,3
30175576,52457657,1960,2
30175579,52457657,1960,1
30175594,52547575,1930,2
30175597,52552709,1950,1
30175604,52552709,1950,2
30175606,52585036,1950,1
30175608,52585036,1950,1
30175618,52528872,1950,1
30175621,52528872,1950,2
30175626,53338853,1950,
30175627,53338853,1950,1
30175630,53338853,1950,1
30175636,53338853,1950,1
30175648,52551059,1950,1
30175653,52551059,1950,2
30175660,52457604,1958,2
30175662,52416186,1950,1
30175664,52416186,1950,2
30175669,52496937,1960,1
30175673,52463638,1950,1
30175684,53340842,1948,2
30175716,52582925,1950,2
30175724,52458107,1950,1
30175725,52458107,1950,2
30175733,52452433,1950,1
30175736,52452433,1950,2
30175761,52458089,2020,1
30175764,53343461,1950,1
30175790,52413548,1960,2
30175804,53347346,1950,1
30175806,53347346,1950,2
30175811,52528819,1992,2
30175823,52496949,1960,0
30175832,52552707,1950,2
30175840,52549028,1950,1
30175841,52549028,1950,2
30175842,52549028,1950,2
30175846,52414605,1950,2
30175857,53342302,1970,2
30175862,52529307,1950,2
30175865,53341838,1965,1
30175869,53415269,1960,1
30175894,52528495,1960,1
30175895,52528495,1960,2
30175899,53326739,1980,1
30175901,53326739,1980,2
30175906,52519882,1960,2
30175909,52528179,1960,1
30175910,52528179,1960,2
30175913,52401207,1960,1
30175918,52416068,1980,1
30175926,53128758,1960,1
30175928,53128758,1960,2
30175932,52588821,1960,2
30175947,52557346,1950,2
30175948,52557346,1950,2
30175951,52428840,1950,1
30175966,52961304,1950,1
30175970,53318688,1950,1
30175973,53318688,1950,2
30175985,53132536,1950,1
30175987,53132536,1950,2
30175992,52531250,1950,1
30175993,52531250,1950,1
30175996,52582786,1955,1
30175997,52582786,1955,2
30176002,53321057,1950,2
30176005,52530264,1950,1
30176006,52530264,1950,1
30176011,52415385,1960,
30176013,52415385,1980,
30176016,52417426,1950,1
30176017,52417426,1950,2
30176020,52458970,1960,1
30176021,52458970,1960,1
30176022,52458970,1960,2
30176028,52413289,1950,2
30176049,52416339,1960,1
30176064,52527683,1950,1
30176090,52397906,1960,1
30176092,52397906,1960,2
30176096,53333357,1950,1
30176097,53333357,1950,2
30176098,53333357,1950,2
30176100,52457613,1960,1
30176102,52457613,1960,2
30176103,52457613,1960,2
30176110,53453366,1960,1
30176118,53318758,1950,2
30176122,52556964,1950,2
30176125,52412781,1965,1
30176132,52544910,1950,2
30176133,52544910,1950,2
30176135,53343623,1950,1
30176138,53343623,1950,2
30176164,53348677,1950,2
30176206,52582772,1960,1
30176208,52582772,1960,2
30176285,52563057,1981,2
30176288,52587356,1952,1
30176290,52587356,1952,2
30176291,52587356,1952,2
30176292,53350859,1950,1
30176299,52531689,1960,2
30176300,52531689,1960,2
30176301,52531689,1960,3
30176302,52531689,1960,3
30176305,52541585,1980,2
30176306,52541585,1980,2
30176309,52526825,1950,1
30176312,52526825,1950,2
30176318,52548080,1950,1
30176321,52548080,1950,1
30176330,53125292,1960,2
30176338,53338823,1970,1
30176346,52549686,1970,2
30176352,52562320,1957,2
30176379,52535929,1955,1
30176382,52535929,1955,1
30176383,52535929,1955,2
30176386,52535929,1955,1
30176393,52570950,1950,2
30176399,52556839,1970,1
30176401,52556839,1970,1
30176402,52556839,1970,1
30176403,52556839,1970,2
30176409,52550782,1950,1
30176411,52550782,1950,1
30176419,53017290,1959,1
30176421,53017290,1959,1
30176423,53017290,1959,2
30176432,53338212,1950,1
30176434,53338212,1950,2
30176436,53338212,1950,2
30176442,52533191,1960,2
30176443,52533191,1960,2
30176449,52956867,1950,1
30176451,52956867,1950,2
30176452,52956867,1950,2
30176454,52956867,1950,2
30176457,52568976,2012,1
30176460,52568976,1960,1
30176462,52568976,1960,2
30176464,52568976,1960,2
30176467,52444020,1970,1
30176468,52444020,1970,1
30176471,52444020,1970,2
30176473,52444020,1970,2
30176476,52550291,1955,1
30176479,52550291,1955,2
30176482,52550291,1955,2
30176489,53342818,1950,2
30176495,52527891,1970,1
30176497,52527891,1970,2
30176502,52527891,1970,4
30176509,52527891,1970,8
30176511,52527891,1970,9
30176512,52527891,1970,9
30176515,52527891,1970,2
30176519,52527891,1970,4
30176523,52527891,1970,6
30176529,52527891,1970,9
30176531,52410723,1960,1
30176535,52410723,1960,2
30176536,52410723,1960,2
30176537,52410723,1960,3
30176540,52410723,1960,3
30176542,52410723,1960,4
30176543,52410723,1960,4
30176544,52410723,1960,4
30176545,52410723,1960,5
30176550,52410723,1960,6
30176562,52410723,1960,9
30176569,52714736,1970,1
30176575,52714736,1970,2
30176577,52714736,1970,3
30176582,52714736,1970,4
30176585,52714736,1970,5
30176588,52714736,1970,5
30176597,52714736,1970,8
30176603,52679968,1970,0
30176615,52679968,1970,3
30176618,52679968,1970,4
30176622,52679968,1970,5
30176624,52679968,1970,5
30176626,52679968,1970,6
30176629,52679968,1970,7
30176640,52649919,1970,0
30176649,52649919,1970,3
30176651,52649919,1970,3
30176652,52649919,1970,3
30176662,52649919,1970,6
30176664,52649919,1970,6
30176665,52649919,1970,7
30176676,52458841,1970,0
30176684,52458841,1970,2
30176685,52458841,1970,3
30176687,52458841,1970,3
30176690,52458841,1970,4
30176691,52458841,1970,4
30176693,52458841,1970,5
30176703,52458841,1970,7
30176704,52458841,1970,7
30176710,52522341,1960,0
30176711,52522341,1960,0
30176723,52563037,1961,1
30176726,52563037,1961,2
30176735,53381592,1960,2
30176750,52497206,1960,2
30176755,52497206,1960,1
30176766,52535327,1950,2
30176768,52535327,1950,1
30176769,52535327,1950,1
30176772,52535327,1950,1
30176784,52797153,1970,1
30176786,52797153,1970,2
30176791,52797153,1970,3
30176794,52797153,1970,4
30176795,52797153,1970,4
30176799,52967992,1970,1
30176818,52402997,1970,1
30176825,52402997,1970,3
30176827,52402997,1970,4
30176828,52402997,1970,4
30176833,52499086,1970,1
30176838,52499086,1970,2
30176851,52592300,1960,1
30176854,52592300,1960,2
30176855,52592300,1960,2
30176858,52592300,1960,3
30176868,52552999,1970,2
30176869,52552999,1970,2
30176881,52552999,1970,5
30176888,53322343,1960,2
30176904,52549704,1970,1
30176905,52549704,1970,2
30176907,52549704,1970,3
30176909,52549704,1970,1
30176918,52558456,1960,0
30176927,52555855,1960,1
30176930,52555855,1960,2
30176932,52555855,1960,3
30176936,52555855,1960,2
30176941,53323433,1960,2
30176945,53323433,1960,1
30176956,53323433,1960,3
30176958,53323433,1960,1
30176971,52550248,1960,3
30176973,52412375,1960,1
30176975,52412375,1960,2
30176976,52412375,1960,2
30176982,52412375,1960,1
30176987,52412375,1960,2
30176992,52463657,1960,2
30176995,52463657,1960,2
30177002,52463657,1960,4
30177016,52452684,1970,1
30177019,52452684,1970,1
30177034,52497218,1970,3
30177036,52497218,1970,3
30177037,52497218,1970,3
30177038,52497218,1970,4
30177045,52497218,1970,5
30177051,53338273,1960,2
30177053,53338273,1960,1
30177059,53338273,1960,2
30177063,53338273,1960,2
30177075,52412779,1960,3
30177079,52412779,1960,2
30177081,52412779,1960,3
30177082,52412779,1960,3
30177085,52412779,1960,2
30177086,52412779,1960,2
30177092,52412779,1960,2
30177150,52416879,2023,2
30177195,52416879,2023,4
30177202,52535958,1970,3
30177206,52535958,1970,5
30177217,52535958,1970,6
30177222,52535958,1970,5
30177224,52535958,1970,6
30177228,52549885,1970,1
30177229,52549885,1970,2
30177233,52549885,1970,4
30177244,52549885,1970,4
30177246,52549885,1970,5
30177250,52549885,1970,2
30177251,52549885,1970,2
30177254,52549885,1970,4
30177255,52549885,1970,4
30177262,52458143,1960,4
30177265,52458143,1960,6
30177269,52458143,1960,3
30177270,52458143,1960,4
30177271,52458143,1960,4
30177277,52458143,1960,7
30177283,52458143,1960,6
30177290,53157880,1960,1
30177300,53157880,1960,3
30177301,53157880,1960,1
30177314,52547593,1970,2
30177315,52547593,1970,0
30177319,52547593,1970,2
30177320,52547593,1970,2
30177321,52547593,1970,0
30177322,52547593,1970,0
30177325,52547593,1970,2
30177327,52547593,1970,0
30177328,52547593,1970,0
30177330,52547593,1970,1
30177331,52547593,1970,2
30177332,52547593,1970,2
30177334,53317643,1960,0
30177345,53317643,1960,2
30177357,53317643,1960,2
30177358,53317643,1960,0
30177359,53317643,1960,0
30177360,53317643,1960,1
30177361,53317643,1960,1
30177362,53317643,1960,2
30177369,52556963,1960,2
30177370,52556963,1960,3
30177371,52556963,1960,3
30177374,52556963,1960,2
30177375,52556963,1960,2
30177380,52556963,1960,2
30177382,52556963,1960,3
30177385,52556963,1960,1
30177386,52556963,1960,2
30177388,52556963,1960,3
30177424,53440167,1970,0
30177425,53440167,1970,1
30177426,53440167,1970,1
30177427,53440167,1970,2
30177431,53440167,1970,4
30177435,53440167,1970,6
30177436,53440167,1970,6
30177440,53440167,1970,8
30177444,53440167,1970,3
30177449,53440167,1970,5
30177450,53440167,1970,6
30177451,53440167,1970,6
30177465,53101433,1970,4
30177466,53101433,1970,4
30177470,53101433,1960,6
30177472,53101433,1970,7
30177473,53101433,1970,8
30177474,53101433,1970,8
30177479,53101433,1970,3
30177481,53101433,1970,4
30177483,53101433,1970,5
30177498,52415414,1970,6
30177499,52415414,1970,7
30177500,52415414,1970,8
30177501,52415414,1970,9
30177506,52415414,1970,3
30177508,52415414,1970,4
30177518,52415414,1970,9
30177524,52548154,1970,3
30177525,52548154,1970,4
30177535,52548154,1970,9
30177536,52548154,1970,9
30177537,52548154,1970,1
30177539,52548154,1970,2
30177542,52548154,1970,4
30177543,52548154,1970,4
30177544,52548154,1970,5
30177546,52548154,1970,6
30177551,52548154,1970,8
30177558,53414666,1970,1
30177562,53414666,1970,3
30177565,53414666,1970,4
30177566,53414666,1970,5
30177568,53414666,1970,6
30177570,53414666,1970,7
30177572,53414666,1970,8
30177575,53414666,1970,9
30177577,53414666,1970,2
30177580,53414666,1970,3
30177581,53414666,1970,4
30177582,53414666,1970,4
30177584,53414666,1970,5
30177589,53414666,1970,8
30177594,52527710,1960,1
30177595,52527710,1960,1
30177596,52527710,1960,2
30177602,52527710,1960,5
30177606,52527710,1960,7
30177608,52527710,1960,8
30177613,52527710,1960,3
30177617,52527710,1960,5
30177626,52527710,1960,9
30177769,52416501,1970,3
30177770,52416501,1970,3
30177772,52416501,1970,4
30177773,52416501,1970,4
30177780,52416501,1970,6
30177782,52416501,1970,6
30177792,52416501,1970,4
30177802,52416501,1970,4
30177803,52416501,1970,4
30177810,52416501,1970,3
30177811,52416501,1970,3
30177816,52416501,1970,4
30177817,52416501,1970,4
30177819,52416501,1970,5
30177824,52530244,1970,1
30177825,52530244,1970,1
30177828,52530244,1970,3
30177831,52530244,1970,3
30177832,52530244,1970,4
30177835,52530244,1970,4
30177838,52530244,1970,5
30177844,52530244,1970,0
30177848,52530244,1970,2
30177850,52530244,1970,3
30177854,52530244,1970,0
30177855,52530244,1970,0
30177856,52530244,1970,1
30177858,52530244,1970,2
30177859,52530244,1970,2
30177862,52530244,1970,4
30177866,52530244,1970,1
30177870,52530244,1970,3
30177883,52676488,1970,1
30177885,52676488,1970,2
30177887,52676488,1970,2
30177888,52676488,1970,2
30177895,52676488,1970,4
30177913,52676488,1970,9
30177916,52676488,1970,9
30177921,52676488,1970,6
30177930,52665420,1960,1
30177932,52665420,1960,2
30177934,52665420,1960,2
30177936,52665420,1960,3
30177938,52665420,1960,3
30177940,52665420,1960,4
30177941,52665420,1960,4
30177942,52665420,1960,4
30177944,52665420,1960,5
30177945,52665420,1960,5
30177948,52665420,1960,6
30177952,52665420,1960,7
30177953,52665420,1960,7
30177954,52665420,1960,7
30177957,52665420,1960,8
30177960,52665420,1960,9
30177961,52665420,1960,9
30177968,52662036,1970,1
30177969,52662036,1970,2
30177974,52662036,1970,3
30177982,52662036,1970,5
30177984,52662036,1970,5
30177985,52662036,1970,6
30177993,52662036,1970,8
30177997,52662036,1970,9
30177999,52662036,1970,9
30178012,52665901,1970,2
30178014,52665901,1970,2
30178016,52665901,1970,2
30178022,52665901,1970,3
30178024,52665901,1970,3
30178046,52665901,1970,6
30178048,52665901,1970,6
30178050,52665901,1970,7
30178052,52665901,1970,7
30178072,52665901,1970,9
30178077,52709839,1970,2
30178084,52709839,1970,3
30178085,52709839,1970,4
30178087,52709839,1970,4
30178088,52709839,1970,4
30178090,52709839,1970,5
30178097,52709839,1970,7
30178098,52709839,1970,7
30178105,52709839,1970,9
30178107,52709839,1970,9
30178108,52709839,1970,9
30178112,52650463,1960,1
30178114,52650463,1960,2
30178118,52650463,1960,3
30178119,52650463,1960,3
30178120,52650463,1960,3
30178122,52650463,1960,4
30178125,52650463,1960,5
30178133,52650463,1960,7
30178135,52650463,1960,7
30178136,52650463,1960,7
30178137,52650463,1960,8
30178185,52464867,1970,2
30178189,52464867,1970,3
30178227,52464867,1970,3
30178592,53362874,2001,0
30178596,53362874,2001,0
30178599,53362874,2001,1
30178601,53362874,2001,1
30178602,53362050,2001,0
30178606,52663420,1980,1
30178609,52690026,1995,0
30178615,52685443,2001,0
30178616,52685443,2001,0
30178618,52685443,2001,1
30178627,52802077,2000,0
30178628,52802077,2000,0
30178629,52802077,2000,1
30178637,52802077,2000,1
30178640,52695588,2000,0
30178647,52558924,2002,0
30178650,52558924,2002,0
30178654,52558924,2002,0
30178657,52558924,2002,0
30178671,52558924,2002,1
30178682,53366602,1999,1
30178685,53366602,1999,4
30178687,53366602,1999,0
30178688,53366602,1999,0
30178689,53366602,1999,0
30178692,53366602,1999,2
30178696,53366602,1999,4
30178697,53366602,1999,4
30178699,53366602,1999,0
30178700,53366602,1999,0
30178701,53366602,1999,0
30178702,53366602,1999,1
30178703,53366602,1999,1
30178704,53366602,1999,2
30178721,53366602,1999,4
30178726,53366602,1999,3
30178734,52662464,2003,2
30178736,52662464,2003,3
30178739,52657077,2004,1
30178743,52657077,2004,3
30178744,52657077,2004,3
30178746,52657077,2004,1
30178748,52657077,2005,2
30178753,52657077,2004,4
30178755,52760287,2004,1
30178757,52760287,2004,2
30178765,53141127,2000,1
30178779,52799280,2004,2
30178782,52799280,2004,3
30178799,52662464,2004,3
30178802,52664931,1999,0
30178865,53385688,1995,3
30178882,52657048,1995,1
30178885,52657048,1995,3
30178886,52657048,1995,3
30178890,52713724,1998,0
30178891,52713724,1998,1
30178893,52713724,1998,2
30178895,52713724,1998,3
30178896,52713724,1998,3
30178904,52647330,1995,2
30178906,52647330,1995,3
30178962,52665844,1999,1
30178963,52665844,1999,2
30178967,52665844,1999,4
30178968,52665844,1999,4
30178970,52763419,1999,1
30178971,52763419,1999,2
30178973,52763419,1998,3
30178975,52763419,1999,4
30178976,52763419,1999,4
30178982,52763419,1999,3
30178987,52689868,1999,2
30178990,52689868,1999,3
30178992,52689868,1999,4
30178993,52689868,1999,1
30178997,52689868,1999,3
30178999,52689868,1999,4
30179001,52656863,1998,1
30179003,52656863,1998,2
30179008,52656863,1998,4
30179010,52656863,1998,1
30179011,52656863,1998,2
30179012,52656863,1998,2
30179019,53386790,1997,1
30179029,53386790,1997,2
30179031,53386790,1997,3
30179034,53386790,1997,4
30179042,53386790,1997,4
30179045,53344016,1997,0
30179048,52552928,1998,0
30179049,52552928,1998,0
30179052,52552928,1998,0
30179053,52552928,1998,0
30179057,52552928,1998,0
30179062,53179492,1998,0
30179063,53179492,1998,2
30179068,52663386,1998,0
30179077,52713634,2000,0
30179087,52651364,1995,0
30179092,52651364,1995,0
30179096,52651364,1995,3
30179097,52651364,1995,4
30179098,52651364,1995,4
30179110,52651364,1995,4
30179117,52651364,1995,5
30179122,52651364,1995,3
30179125,52651364,1995,5
30179133,53096214,1996,0
30179136,53096214,1996,2
30179138,53096214,1996,0
30179139,53096214,1996,0
30179143,53096214,1996,2
30179148,53096214,1996,2
30179154,53096214,1996,2
30179155,53096214,1996,2
30179158,53096214,1996,1
30179160,53096214,1996,2
30179164,52698877,1994,1
30179166,52698877,1994,2
30179168,52698877,1994,3
30179173,52698877,1994,2
30179175,52698877,1994,3
30179176,52698877,1994,1
30179179,52698877,1994,2
30179184,52711139,1998,1
30179185,52711139,1998,1
30179186,52711139,1998,2
30179193,52711139,1998,1
30179197,52711139,1998,3
30179198,52711139,1998,4
30179207,52711139,1998,4
30179212,52711139,1998,3
30179214,52711139,1998,4
30179221,52654109,1997,2
30179222,52654109,1997,3
30179224,52654109,1997,4
30179226,52654109,1997,1
30179228,52654109,1997,2
30179229,52654109,1997,2
30179230,52654109,1997,3
30179233,52654109,1997,4
30179238,52710774,1996,2
30179240,52710774,1996,3
30179242,52710774,1996,4
30179244,52710774,1996,1
30179245,52710774,1996,1
30179259,52710774,1996,4
30179261,52710774,1996,1
30179262,52710774,1996,2
30179264,52710774,1996,3
30179268,52710774,1996,1
30179274,52710774,1996,4
30179280,52710774,1996,3
30179289,52647271,1997,1
30179291,52647271,1997,2
30179294,52647271,1997,1
30179297,52647271,1997,0
30179299,52647271,1996,1
30179300,52647271,1997,1
30179304,52647271,1997,1
30179307,52647271,1997,0
30179311,52647271,1997,2
30179320,52647271,1996,1
30179322,52647271,1996,2
30179332,52647271,1997,1
30179333,52647271,1997,2
30179337,52683868,1980,1
30179338,52683868,1980,2
30179343,52687160,1980,3
30179348,52687160,1980,2
30179349,52687160,1980,3
30179350,52687160,1980,3
30179352,52687160,1980,1
30179355,52683868,1980,3
30179356,52687160,1980,3
30179362,52668326,2000,3
30179366,52668326,2000,1
30179370,52668326,2000,4
30179371,52668326,2000,4
30179374,52668326,2000,2
30179375,52668326,2000,3
30179378,52668326,2000,4
30179381,52668326,2000,2
30179383,52668326,2000,3
30179384,52668326,2000,4
30179387,52648511,1998,0
30179391,52648511,1998,0
30179394,52648511,1998,1
30179407,52648511,1997,1
30179417,52713437,1990,2
30179421,52713437,1990,1
30179423,52713437,1990,2
30179427,52711243,1990,1
30179429,52711243,1990,2
30179430,52711243,1990,2
30179431,52711243,1990,0
30179433,52711243,1990,1
30179434,52711243,1990,1
30179444,52553081,1996,0
30179448,52553081,1996,0
30179450,52553081,1996,1
30179484,52662252,1997,0
30179492,52665453,1995,0
30179505,53342765,1970,0
30179511,53342765,1970,1
30179518,52445978,1997,1
30179663,52682847,1997,1
30179672,52682847,1997,2
30179673,52682847,1997,3
30179677,52682847,1997,2
30179688,52713820,1999,3
30179692,52713820,1999,2
30179694,52713820,1999,3
30179698,52713820,1999,2
30179699,52713820,1999,2
30179706,52713820,1999,3
30179713,52713820,1999,3
30179719,52656388,1990,0
30179724,52754852,2000,2
30179743,53371623,1995,2
30179754,53371623,1995,2
30179760,52710240,1980,1
30179762,52710240,1980,2
30179786,52695995,1998,2
30179792,52715540,1998,2
30179795,52715540,1998,2
30179800,52466011,1990,0
30179805,52681149,2000,0
30179812,52681149,2000,0
30179820,52681149,2000,0
30179834,52678445,2002,2
30179836,52678445,2002,0
30179839,52678445,2002,0
30179845,52678445,2002,2
30179852,52678445,2002,0
30179860,52415457,2000,0
30179875,52703016,1995,0
30179878,52703016,1995,3
30179879,52703016,1995,3
30179881,52703016,1995,4
30179892,52703016,1995,2
30179912,52667590,2000,3
30179917,52681614,2000,0
30179921,52681614,2000,3
30179924,52664422,2000,0
30179925,52664422,2000,0
30179926,52664422,2000,2
30179927,52664422,2000,2
30179928,52664422,2000,3
30179930,52664422,2000,4
30179936,52662525,1994,0
30179938,52685226,1994,0
30179946,52689081,1994,0
30179959,53362044,1999,0
30179967,52657487,2000,0
30179970,52655911,2000,0
30180019,53333191,2031,2
30180024,53333191,1960,3
30180026,53333191,2031,4
30180032,53333191,1960,5
30180035,53333191,1960,6
30180039,52502966,1960,1
30180040,52502966,1960,1
30180041,52502966,1960,1
30180059,52502966,1960,6
30180067,52705437,1950,2
30180079,52705437,1950,5
30180081,52705437,1950,5
30180083,52705437,1950,6
30180084,52705437,1950,6
30180089,52646725,1970,1
30180091,52646725,1970,2
30180094,52646725,1970,3
30180099,52646725,1970,4
30180109,52646725,1970,7
30180111,52646725,1970,7
30180115,52667126,1960,1
30180117,52667126,1960,2
30180125,52667126,1960,4
30180126,52667126,1960,4
30180129,52667126,1960,5
30180131,52667126,1960,5
30180133,52667126,1960,6
30180145,52664773,1970,1
30180146,52664773,1970,1
30180160,52664773,1970,5
30180164,52664773,1970,6
30180165,52664773,1970,6
30180169,52664773,1970,7
30180179,53365643,1960,2
30180182,53365643,1960,3
30180189,53365643,1960,5
30180192,53365643,1960,6
30180390,52541629,1960,3
30180394,52541629,1960,4
30180408,52412800,1960,3
30180409,52412800,1960,4
30180411,52412800,1960,4
30180412,52412800,1960,4
30180417,53343414,1960,1
30180419,53343414,1960,2
30180421,53343414,1960,3
30180422,53343414,1960,4
30180437,53343414,1960,2
30180439,53343414,1960,3
30180441,53343414,1960,4
30180444,53338280,1970,1
30180447,53338280,1970,2
30180449,53338280,1970,3
30180457,53338280,1970,3
30180459,53338280,1970,4
30180465,53338280,1970,3
30180472,52589921,1966,1
30180476,52589921,1966,2
30180478,52589921,1966,3
30180479,52589921,1966,3
30180482,52589921,1966,4
30180493,52557171,1960,2
30180495,52557171,1960,3
30180496,52557171,1960,3
30180498,52557171,1960,3
30180500,52557171,1960,4
30180501,52557171,1960,4
30180506,53416874,1970,1
30180507,53416874,1970,2
30180515,53416874,1970,2
30180516,53416874,1970,2
30180518,53416874,1970,3
30180519,53416874,1970,4
30180520,53416874,1970,4
30180525,53416874,1970,2
30180527,53416874,1970,3
30180528,53416874,1970,4
30180532,52413263,1960,1
30180533,52413263,1960,1
30180534,52413263,1960,2
30180536,52413263,1960,3
30180538,52413263,1960,4
30180539,52413263,1960,4
30180540,52413263,1960,1
30180541,52413263,1960,1
30180542,52413263,1960,2
30180543,52413263,1960,2
30180544,52413263,1960,3
30180545,52413263,1960,3
30180546,52413263,1960,4
30180550,52413263,1960,1
30180552,52413263,1960,2
30180553,52413263,1960,3
30180558,53348607,1960,1
30180559,53348607,1960,2
30180578,53348607,1960,2
30180580,53348607,1960,3
30180583,53348607,1960,5
30180584,53348607,1960,5
30180589,53348607,1960,3
30180590,53348607,1960,4
30180596,53348607,1960,2
30180597,53348607,1960,3
30180615,53348607,1960,3
30180627,53349052,1970,3
30180628,53349052,1970,4
30180633,53349052,1970,2
30180635,53349052,1970,3
30180637,53349052,1970,4
30180642,52582420,1970,3
30180643,52582420,1970,3
30180649,52582420,1970,3
30180653,52582420,1970,1
30180658,52582420,1970,4
30180660,52582420,1970,1
30180661,52582420,1970,2
30180665,52582420,1970,4
30180674,52582420,1970,1
30180679,52582420,1970,4
30180687,52545917,1960,3
30180688,52545917,1960,1
30180689,52545917,1960,1
30180690,52545917,1960,2
30180691,52545917,1960,2
30180696,52545917,1960,2
30180699,52545917,1960,3
30180700,52545917,1960,1
30180703,52545917,1960,2
30180709,52414275,1970,2
30180711,52414275,1970,3
30180714,52414275,1970,4
30180719,52414275,1970,3
30180720,52414275,1970,3
30180726,52548891,1960,2
30180729,52548891,1960,1
30180731,52548891,1960,2
30180735,52548891,1960,2
30180738,52548891,1960,2
30180739,52548891,1960,2
30180741,52515714,1960,1
30180743,52515714,1960,2
30180745,52515714,1960,1
30180746,52515714,1960,1
30180753,52551840,1950,2
30180770,52414940,1960,2
30180771,52414940,1960,2
30180774,52414940,1960,2
30180777,52443464,1960,1
30180778,52443464,1960,2
30180779,52443464,1960,2
30180782,52443464,1960,2
30180783,52443464,1960,2
30180787,52460546,1960,2
30180791,52460546,1960,2
30180793,52460546,1960,0
30180807,52550221,1960,2
30180808,52550221,1960,1
30180809,52550221,1960,1
30180810,52550221,1960,2
30180819,53324457,1960,2
30180826,52460210,1980,2
30180832,52528863,1960,1
30180834,52528863,1960,2
30180835,52528863,1960,2
30180837,52528863,1960,1
30180838,52528863,1960,2
30180839,52528863,1960,2
30180843,52528863,1960,2
30180846,52528863,1960,2
30180849,52528863,1960,2
30180851,52528863,1960,3
30180853,52528863,1960,4
30180856,52528863,1960,2
30180859,52528863,1960,4
30180860,52528863,1960,4
30180862,52528863,1960,2
30180863,52528863,1960,3
30180864,52528863,1960,3
30180865,52528863,1960,4
30180866,52528863,1960,4
30180867,52528863,1960,2
30180869,52528863,1960,3
30180878,52528863,1960,4
30180924,52529888,1960,1
30180928,52529888,1960,3
30180932,52529888,1960,5
30180934,52529888,1960,6
30180941,52529888,1960,1
30180942,52529888,1960,2
30180944,52529888,1960,3
30180949,52529888,1960,6
30180953,52529888,1960,8
30180954,52529888,1960,9
30180956,52529888,1960,2
30180960,52529888,1960,6
30180966,52529888,1960,8
30180970,52529888,1960,4
30180971,52529888,1960,4
30180973,52529888,1960,6
30180975,52529888,1960,7
30180978,52529888,1960,9
30180979,52529888,1960,9
30180984,52522347,1970,3
30180988,52522347,1970,5
30180993,52522347,1970,8
30180994,52522347,1970,8
30180995,52522347,1970,1
30180998,52522347,1970,3
30181000,52522347,1970,5
30181003,52522347,1970,6
30181005,52522347,1970,7
30181009,52522347,1970,3
30181010,52522347,1970,3
30181013,52522347,1970,6
30181014,52522347,1970,6
30181016,52522347,1970,7
30181017,52522347,1970,8
30181029,52532162,1970,6
30181039,52532162,1970,6
30181040,52532162,1970,6
30181046,52532162,1970,3
30181050,52532162,1970,6
30181058,52967708,1960,0
30181077,52400988,1960,0
30181079,52400988,1960,0
30181080,52400988,1960,0
30181082,52400988,1960,1
30181084,52400988,1960,1
30181087,52466876,1960,1
30181095,52527251,1960,3
30181097,52527251,1960,4
30181100,52527251,1960,1
30181101,52527251,1960,2
30181104,52527251,1960,3
30181113,52527251,1960,4
30181115,52527251,1960,1
30181119,52527251,1960,3
30181121,52527251,1960,4
30181125,52527251,1960,2
30181126,52527251,1960,2
30181128,52527251,1960,3
30181129,52527251,1960,4
30181132,52527251,1960,1
30181133,52527251,1960,2
30181136,52527251,1960,3
30181137,52527251,1960,4
30181138,52527251,2013,4
30181139,52527251,1960,1
30181145,52527251,1960,4
30181146,52527251,1960,4
30181190,52528905,1970,1
30181192,52528905,1970,1
30181201,52528905,1970,4
30181202,52528905,1970,
30181204,52528905,1970,4
30181206,52527192,1960,1
30181209,52527192,1960,2
30181210,52527192,1960,3
30181212,52527192,1960,4
30181213,52527192,1960,4
30181224,52527192,1960,5
30181228,52527192,1960,2
30181236,52527192,1960,1
30181242,52527192,1960,4
30181247,52527192,1960,1
30181248,52527192,1960,2
30181250,52527192,1960,3
30181254,52527192,1960,5
30181256,52527192,1960,1
30181263,52527192,1960,4
30181264,52527192,1960,5
30181271,52527192,1960,3
30181279,52527192,1960,2
30181285,52527192,1960,5
30181290,52400447,1960,3
30181291,52400447,1960,3
30181298,52400447,1960,2
30181299,52400447,1960,3
30181300,52400447,1960,3
30181301,52400447,1960,4
30181304,52400447,1960,5
30181306,52400447,1960,1
30181307,52400447,1960,2
30181310,52400447,1960,3
30181312,52400447,1960,4
30181314,52400447,1960,5
30181320,52400447,1960,4
30181323,52400447,1960,5
30181325,52400447,1960,1
30181326,52400447,1960,2
30181329,52400447,1960,3
30181333,52400447,1960,5
30181338,52400447,1960,3
30181339,52400447,1960,4
30181341,52400447,1960,5
30181345,52411877,1960,1
30181354,52411877,1960,2
30181357,52411877,1960,3
30181361,52411877,1960,1
30181364,52411877,1960,3
30181365,52411877,1960,3
30181368,52411877,1960,1
30181369,52411877,1960,1
30181378,52584702,2018,4
30181386,52584702,1970,1
30181388,52584702,1959,2
30181408,52584702,1968,4
30181412,52563064,1970,2
30181416,52563064,1970,4
30181422,52563064,1970,3
30181425,52563064,1970,4
30181426,52563064,1970,1
30181427,52563064,1970,1
30181434,52563064,1970,1
30181435,52563064,1970,1
30181439,52563064,1970,3
30181444,52476493,1960,0
30181454,52552365,1960,2
30181459,52552365,1960,1
30181463,52552365,1960,1
30181464,52552365,1960,2
30181467,52552365,1960,1
30181526,52516387,1983,0
30181546,52462421,1985,0
30181547,52462421,1985,1
30181559,52465487,1982,1
30181560,52465487,1982,2
30181567,52465487,1982,1
30181569,52465487,1982,2
30181570,52465487,1982,2
30181574,52465487,1982,4
30181576,52465487,1982,1
30181578,52465487,1982,2
30181584,52465487,1982,0
30181585,52465487,1982,1
30181591,52465487,1982,4
30181592,52465487,1982,4
30181593,52465487,1982,0
30181602,52465487,1982,0
30181613,52400204,1970,0
30181625,53343293,1970,2
30181633,52453427,1965,1
30181640,53343293,1965,0
30181649,52400204,1980,0
30181654,52400204,1980,3
30181662,52604417,1970,1
30181670,52456645,1980,0
30181677,52604417,1980,1
30181686,52438164,1950,0
30181689,52438164,1950,2
30181693,52438164,1950,1
30181697,52438164,1950,0
30181698,52438164,1950,0
30181701,52438164,1950,2
30181702,52438164,1950,2
30181703,52438164,1950,0
30181718,52528808,1960,1
30181722,52528808,1960,0
30181725,52528808,1960,1
30181726,52528808,1960,2
30181728,52528808,1960,0
30181733,52528808,1960,2
30181761,52417256,1982,0
30181801,52525384,1960,1
30181804,52525384,1960,2
30181812,52525384,1960,4
30181819,52524705,1970,1
30181821,52524705,1970,2
30181823,52524705,1970,2
30181824,52524705,1970,2
30181827,52524705,1970,3
30181828,52524705,1970,3
30181832,52524705,1970,4
30181915,52542745,1970,1
30181916,52542745,1970,1
30181917,52542745,1970,1
30181918,52542745,1970,2
30181920,52542745,1970,2
30181921,52542745,1970,2
30181922,52542745,1970,3
30181926,52542745,1970,4
30181928,52542745,1970,4
30181929,52542745,1970,4
30181931,52583847,1960,1
30181933,52583847,1960,1
30181935,52583847,1960,2
30181937,52583847,1960,2
30181938,52583847,1960,2
30181943,52583847,1960,4
30181946,52583847,1960,4
30181952,52499072,1960,3
30181954,52499072,1960,1
30181955,52499072,1960,1
30181958,52499072,1960,3
30181965,52499072,1960,3
30181968,53031631,1960,1
30181977,53031631,1960,3
30181980,53031631,1960,1
30181981,53031631,1960,2
30182017,53348685,1960,1
30182018,53348685,1960,1
30182023,53348685,1960,1
30182024,53348685,1960,1
30182026,53348685,1960,2
30182036,52528041,1970,1
30182040,52528041,1970,2
30182043,52528041,1970,2
30182045,52528041,1970,3
30182046,52528041,1970,3
30182047,52528041,1970,3
30182049,52528041,1970,4
30182050,52528041,1970,4
30182057,52530816,1962,3
30182062,52530816,1962,2
30182063,52530816,1962,3
30182066,52530816,1962,1
30182069,52530816,1962,3
30182076,52400346,1970,3
30182077,52400346,1970,3
30182081,52400346,1970,2
30182096,53318110,1970,3
30182100,53318110,1970,2
30182102,53318110,1970,3
30182108,53318110,1970,3
30182114,53438268,1960,3
30182115,53438268,1960,3
30182116,53438268,1960,1
30182139,52523753,1960,3
30182146,52463156,1960,1
30182148,52463156,1960,1
30182150,52463156,1960,2
30182156,52463156,1960,3
30182160,52463156,1960,4
30182168,53318315,1960,1
30182174,53318315,1960,1
30182177,53318315,1960,2
30182182,53318315,1960,2
30182188,53318315,1960,2
30182189,53318315,1960,2
30182223,52414169,1970,1
30182226,52414169,1970,2
30182229,52414169,1970,3
30182231,52414169,1970,3
30182234,52414169,1970,1
30182237,52414169,1970,2
30182247,52414169,1970,4
30182249,52414169,1970,5
30182250,53315862,1970,0
30182254,53315862,1970,1
30182256,53315862,1970,1
30182260,53315862,1970,2
30182287,52497649,1970,1
30182288,52497649,1970,2
30182289,52497649,1970,2
30182290,52497649,1970,2
30182291,52497649,1970,2
30182295,52497649,1970,3
30182298,52497649,1970,4
30182299,52497649,1970,4
30182302,52497649,1970,0
30182303,52497649,1970,0
30182307,52497649,1970,1
30182310,52497649,1970,2
30182311,52497649,1970,2
30182312,52497649,1970,3
30182314,52497649,1970,3
30182316,52497649,1970,4
30182331,53336693,2020,0
30182349,53336693,2020,1
30182452,52528271,1960,1
30182453,52528271,1960,1
30182458,52528271,1960,2
30182459,52528271,1960,2
30182462,52528271,1960,2
30182463,52528271,1960,2
30182466,52415305,1960,2
30182482,52441751,1960,3
30182485,52441751,1960,3
30182486,52441751,1960,3
30182497,52540214,1950,2
30182500,52540214,1950,2
30182502,52540214,1950,3
30182536,53341670,1960,1
30182542,52542506,1991,1
30182547,52411208,1960,2
30182549,52398387,1960,1
30182565,52411589,1988,1
30182566,52411589,1988,1
30182577,52399738,1950,1
30182605,52522343,1957,1
30182632,52519025,1950,2
30182640,52530263,1970,1
30182654,52528893,1955,1
30182665,52551109,1950,1
30182666,52551109,1950,2
30182679,52540268,1955,1
30182683,52530705,1979,2
30182713,52494033,1980,1
30182726,52398343,1960,1
30182770,53340840,1962,2
30182811,52557157,1958,2
30182987,52527292,1960,1
30183020,52457658,1950,1
30183028,52457658,1950,1
30183058,52663409,1970,2
30183063,52646385,1950,1
30183072,53078379,1940,2
30183075,53078379,1940,1
30183077,53078379,1940,2
30183079,52666970,1956,1
30183085,52666970,1956,2
30183096,52708439,1950,1
30183107,52665941,1950,1
30183116,53359341,1960,1
30183124,52694246,1970,0
30183125,52694246,1970,1
30183134,52401164,1960,2
30183137,52401164,1960,3
30183140,52401164,1960,3
30183142,52401164,1960,2
30183145,52401164,1960,3
30183147,52401164,1960,2
30183151,52401164,1960,2
30183166,52547209,1950,3
30183170,52547209,1950,3
30183172,52547209,1950,2
30183175,52547209,1950,3
30183176,52547209,1950,2
30183192,52584669,1960,0
30183196,53348082,1980,1
30183217,53421161,1960,3
30183223,53421161,1960,2
30183226,53421161,1960,3
30183232,53423958,1960,1
30183239,52413518,1970,1
30183241,52413518,1950,2
30183243,52413518,1950,1
30183245,52413518,1950,2
30183259,53131754,1970,1
30183262,52530195,1960,1
30183266,52530195,1960,1
30183267,52530195,1960,1
30183272,52530195,1960,2
30183273,52530195,1960,2
30183276,52530195,1960,2
30183279,52530195,1960,1
30183280,52530195,1960,2
30183283,53423423,1964,1
30183284,53423423,1964,1
30183292,52588752,1955,1
30183299,52401160,1950,1
30183305,52528811,1960,2
30183310,52528811,1960,2
30183311,52528811,1960,1
30183314,52528811,1960,2
30183348,52545741,1950,1
30183354,52545741,1950,2
30183359,52545741,1950,1
30183360,52545741,1950,1
30183362,52545741,1950,2
30183389,52515040,1960,1
30183390,52515040,1960,1
30183393,52515040,1960,1
30183434,52525855,1961,1
30183436,53100703,1956,1
30183445,53326856,1958,1
30183446,53326856,1958,1
30183458,53343777,1960,1
30183475,52528423,1950,1
30183476,52528423,1950,1
30183477,52528423,1950,0
30183502,52562184,1970,2
30183504,52562184,1970,2
30183506,52562184,1970,3
30183508,52562184,1970,3
30183510,52562184,1970,4
30183511,52562184,1970,4
30183550,52410764,1960,1
30183554,52410764,1960,2
30183559,52410764,1960,3
30183561,52410764,1960,4
30183562,52410764,1960,4
30183563,52410764,1960,4
30183662,52441201,1960,1
30183675,52441201,1960,1
30183676,52441201,1960,1
30183678,52441201,1960,2
30183684,52441201,1960,3
30183685,52441201,1960,4
30183686,52441201,1960,4
30183689,52441201,1960,1
30183691,52441201,1960,2
30183694,52441201,1960,2
30183699,52441201,1960,4
30183701,52441201,1960,4
30183703,52441201,1960,1
30183706,52441201,1960,2
30183710,52441201,1960,3
30183711,52441201,1960,3
30183719,52588517,1960,1
30183720,52588517,1960,2
30183723,52588517,1960,2
30183730,52588517,1960,4
30183731,52588517,1960,4
30183735,52588517,2013,2
30183737,52588517,1960,2
30183740,52588517,1960,3
30183744,52588517,1960,4
30183745,52588517,1960,4
30183746,52588517,1960,1
30183747,52588517,1960,1
30183748,52588517,1960,2
30183752,52588517,1960,3
30183753,52588517,1960,3
30183757,52588517,1960,4
30183758,52588517,1960,4
30183761,52588517,1960,1
30183763,52588517,1960,2
30183765,52588517,1960,2
30183767,52588517,1960,3
30183769,52588517,1960,3
30183773,52588517,1960,4
30183783,53368374,1960,1
30183787,53368374,1960,3
30183788,53368374,1960,3
30183790,53368374,1960,4
30183791,53368374,1960,4
30183800,53368374,1960,2
30183802,53368374,1960,3
30183803,53368374,1960,3
30183804,53368374,1960,3
30183806,53368374,1960,4
30183807,53368374,1960,4
30183812,53368374,1960,5
30183820,53368374,1960,3
30183822,53368374,1960,4
30183825,53368374,1960,4
30183826,53368374,1960,5
30183828,53368374,1960,5
30183831,53368374,1960,1
30183838,53368374,1960,4
30183840,53368374,1960,4
30183852,52650898,1960,3
30183856,52650898,1960,4
30183860,52650898,1960,5
30183861,52650898,1960,5
30183862,52650898,1960,5
30183863,52650898,1960,1
30183864,52650898,1960,1
30183865,52650898,1960,2
30183872,52650898,1960,4
30183874,52650898,1960,4
30183881,52650898,1960,2
30183884,52650898,1960,3
30183886,52650898,1960,3
30183891,52650898,1960,5
30183896,52650898,1960,1
30183897,52650898,1960,2
30183900,52650898,1960,3
30183901,52650898,1960,3
30183904,52650898,1960,4
30183906,52650898,1960,4
30183914,52560790,1960,2
30183916,52560790,1960,2
30183918,52560790,1960,3
30183919,52560790,1960,3
30183921,52560790,1960,2
30183943,52647469,1960,1
30183944,52647469,1960,2
30183955,52444960,1960,3
30183956,52444960,1960,3
30183962,52444960,1960,3
30183963,52444960,1960,1
30183964,52444960,1960,1
30183966,52444960,1960,2
30183979,53018703,1960,2
30183985,53018703,1960,2
30183993,52528004,1960,3
30183994,52528004,1960,3
30184043,52647734,1950,2
30184044,52647734,1950,2
30184046,52647734,1950,1
30184050,52656389,1960,2
30184051,52656389,1960,2
30184052,52656389,1960,3
30184056,52656389,1960,3
30184094,52441591,1960,7
30184100,52441591,1960,2
30184102,52441591,1960,3
30184107,52441591,1960,6
30184109,52441591,1960,0
30184113,52441591,1960,2
30184120,52441591,1960,5
30184122,52441591,1960,6
30184134,52441591,1960,5
30184141,52441591,1960,4
30184147,52441591,1960,7
30184150,52441591,1960,0
30184159,52441591,1960,5
30184163,52441591,1960,7
30184170,52441591,1960,3
30184174,52441591,1960,5
30184178,52441591,1960,7
30184189,52441591,1960,4
30184206,52441591,1960,5
30184211,52441591,1960,8
30184214,52441591,1960,2
30184221,52441591,1960,5
30184224,52441591,1960,7
30184234,52542597,1950,0
30184235,52542597,1950,0
30184237,52542597,1950,0
30184242,52536439,1970,2
30184245,52536439,1970,4
30184246,52536439,1970,4
30184247,52536439,1970,2
30184254,52536439,1970,3
30184256,52536439,1970,4
30184258,52536439,1970,1
30184276,52416321,1960,3
30184288,52416321,1960,2
30184289,52416321,1960,3
30184296,53331655,1960,0
30184305,53331655,1960,6
30184306,53331655,1960,7
30184318,53331655,1960,5
30184326,53331655,1960,1
30184327,53331655,1960,2
30184328,53331655,1960,2
30184335,53331655,1960,6
30184336,53331655,1960,6
30184344,53331655,1960,2
30184349,53331655,1960,5
30184351,53331655,1960,6
30184353,53331655,1960,7
30184377,53331655,1960,3
30184392,53331655,1960,4
30184397,53331655,1960,7
30184406,53331655,1960,3
30184407,53331655,1960,4
30184411,53331655,1960,6
30184412,53331655,1960,6
30184413,53331655,1960,7
30184424,53331655,1960,6
30184425,53331655,1960,7
30184427,53331655,1960,8
30184436,52705472,1950,3
30184451,52705472,1950,1
30184454,52705472,1950,3
30184455,52705472,1950,3
30184481,52680660,1970,4
30184489,52680660,1970,6
30184491,52680660,1970,0
30184505,52680660,1970,5
30184507,52680660,1970,5
30184509,52680660,1970,6
30184513,52680660,1970,0
30184525,52680660,1970,4
30184533,52680660,1970,6
30184535,52680660,1970,0
30184541,52680660,1970,1
30184545,52680660,1970,3
30184547,52680660,1970,4
30184549,52680660,1970,4
30184551,52680660,1970,5
30184553,52680660,1970,5
30184567,52680660,1970,3
30184575,52680660,1970,5
30184589,52680660,1970,3
30184601,52680660,1970,6
30184609,52680660,1970,1
30184611,52680660,1970,3
30184621,52680660,1970,5
30184623,52680660,1970,6
30184629,52680660,1970,1
30184643,52680660,1970,5
30184649,52680660,1970,0
30184651,52680660,1970,1
30184667,52680660,1970,6
30184670,52680660,1970,4
30184676,52799467,1960,1
30184680,52799467,1960,3
30184681,52799467,1960,4
30184686,52799467,1960,2
30184689,52799467,1960,4
30184690,52799467,1960,4
30184691,52799467,1960,1
30184694,52799467,1960,2
30184697,52799467,1960,4
30184698,52799467,1960,4
30184729,52715119,1960,1
30184731,52715119,1960,2
30184734,52715119,1960,3
30184741,52715119,1960,3
30184743,52715119,1960,4
30184750,52715119,1960,3
30184752,52715119,1960,4
30184759,52715119,1960,4
30184760,52715119,1960,4
30184891,52665224,1970,4
30184897,53170936,1960,1
30184930,53177958,1950,1
30184938,53177958,1950,3
30184941,53177958,1950,4
30184974,52665515,1980,3
30186731,52667119,1996,
30186750,52650421,1993,0
30186757,52650421,1993,4
30186758,52650421,1993,4
30186770,52650421,1993,4
30186772,52650421,1993,5
30186796,52650421,1993,5
30186805,53359643,2000,0
30186808,53359643,2000,0
30186893,52404450,1995,0
30186913,52404450,1995,0
30186918,52404450,1995,2
30186925,52404450,1995,2
30186934,52404450,1995,2
30186935,52404450,1995,2
30186936,52404450,1995,2
30187012,52799707,2002,1
30187022,52799707,2002,3
30187032,52660638,1992,0
30187033,52660638,1992,1
30187063,52761174,1994,2
30187070,52761174,1994,5
30187073,52646394,1998,1
30187075,52680657,1995,1
30187084,52800192,1990,2
30187087,52800192,1990,4
30187200,52652260,1994,0
30187201,52652260,1994,0
30187208,52652260,1994,4
30187209,52652260,1994,4
30187212,52652260,1994,5
30187216,52653357,1990,1
30187233,52648453,1994,2
30187265,52662494,2000,2
30187307,52545387,1950,1
30187373,52587039,1960,
30187385,53038018,1984,0
30187387,53038018,1984,0
30187394,52531488,1960,0
30187481,52586095,1960,
30187495,52417596,2000,
30187500,52526833,1997,1
30187509,53342660,1990,
30187540,52680247,1993,0
30187547,52680247,1995,0
30187551,52677972,1950,0
30187554,53361667,1995,0
30187555,53361667,1995,0
30187567,52755125,1992,0
30187568,52755125,1992,0
30187569,52755125,1992,0
30187579,52704508,1990,0
30187582,52704508,1990,0
30187594,52753489,1994,0
30187637,52646848,1999,1
30187645,52689526,1997,1
30187703,52660590,2000,0
30187705,52660590,2006,0
30187706,52660590,2004,0
30187709,52660590,2004,1
30187710,52660590,1999,1
30187714,52660590,2004,1
30187716,52660590,2004,1
30187725,52657548,1995,0
30187727,52657548,1990,0
30187737,52689401,1999,0
30187738,52689401,1999,0
30187744,52689401,1996,0
30187752,52962420,1990,0
30187753,52754766,1994,0
30187762,52648497,1992,0
30187769,53359771,1992,0
30187776,52656952,1992,0
30187777,52656952,1992,0
30187782,52664808,1995,0
30187789,52664808,1990,0
30187801,52667143,1993,3
30187814,52652245,1994,0
30187815,52652245,1995,0
30187841,53359276,1993,0
30187847,53176730,1994,0
30187858,52715809,1993,0
30187864,52715809,1990,0
30187872,52715809,1988,0
30187883,52703353,1996,0
30188004,53322293,1995,
30188031,52704999,1985,
30191264,53388017,1970,0
30191265,53388017,1970,0
30191267,53388017,1970,1
30191268,53388017,1970,2
30191269,53388017,1970,2
30191270,53388017,1970,3
30191278,53388017,1970,3
30191293,52680108,1975,1
30191300,52680108,1975,1
30191303,52680108,1975,2
30191310,52680108,1975,2
30191312,52680108,1975,3
30191320,52684368,1960,2
30191322,52684368,1960,3
30191324,52684368,1960,0
30191326,52684368,1960,1
30191333,52684368,1960,0
30191338,52684368,1960,3
30191339,52684368,1960,3
30191342,52684368,1960,1
30191345,52684368,1960,2
30191346,52684368,1960,3
30191354,53452113,1970,2
30191357,53452113,1970,3
30191359,53452113,1970,0
30191361,53452113,1970,1
30191417,52658697,1970,2
30191424,52658697,1970,2
30191425,52658697,1970,2
30191439,52662014,1970,0
30191445,52662014,1970,3
30191450,52662014,1970,2
30191452,52662014,1970,3
30191457,52678125,1975,0
30191459,52678125,1975,1
30191460,52678125,1975,1
30191461,52678125,1975,2
30191467,52678125,1975,1
30191469,52678125,1975,2
30191475,52678125,1975,1
30191478,52678125,1975,2
30191479,52678125,1975,3
30191484,53388192,1970,0
30191486,53388192,1970,1
30191497,53388192,1970,2
30191506,52683567,1970,2
30191507,52683567,1970,3
30191509,52683567,1970,0
30191510,52683567,1970,0
30191515,52683567,1970,3
30191533,52650887,1975,2
30191534,52650887,1975,2
30191535,52650887,1975,3
30191536,52650887,1975,3
30191548,52646411,1970,1
30191549,52646411,1970,2
30191550,52646411,1970,2
30191551,52646411,1970,3
30191553,52646411,1970,0
30191556,52646411,1970,1
30191557,52646411,1970,2
30191560,52646411,1970,3
30191565,52798574,1970,1
30191566,52798574,1970,1
30191567,52798574,1970,2
30191569,52798574,1970,3
30191572,52798574,1970,0
30191573,52798574,1970,1
30191575,52798574,1970,2
30191578,52798574,1970,3
30191580,52798574,1970,0
30191582,52798574,1970,1
30191590,52798574,1970,1
30191599,52798574,1970,2
30191600,52798574,1970,2
30191606,52664948,1975,0
30191608,52664948,1975,1
30191609,52664948,1975,2
30191610,52664948,1975,2
30191611,52664948,1975,3
30191612,52664948,1975,3
30191619,52664948,1975,3
30191620,52664948,1975,3
30191629,53362496,1960,2
30191630,53362496,1960,2
30191632,53362496,1960,3
30191635,53362496,1960,1
30191687,52705404,1970,1
30191689,52705404,1970,1
30191704,52705404,1970,5
30191707,52705404,1970,6
30191709,52705404,1970,6
30191710,52705404,1970,6
30191711,52705404,1970,7
30191714,52705404,1970,7
30191722,52799374,1970,1
30191730,52799374,1970,3
30191731,52799374,1970,3
30191732,52799374,1970,3
30191735,52799374,1970,4
30191742,52799374,1970,6
30191743,52799374,1970,6
30191746,52799374,1970,7
30191751,52799374,1970,8
30191752,52799374,1970,8
30191757,52799374,1970,2
30191759,52799374,1970,2
30191763,52799374,1970,3
30191765,52799374,1970,4
30191767,52799374,1970,4
30191769,52799374,1970,5
30191771,52799374,1970,5
30191772,52799374,1970,5
30191773,52799374,1970,6
30191774,52799374,1970,6
30191775,52799374,1970,6
30191781,52799374,1970,8
30191782,52799374,1970,8
30191791,52711646,1970,1
30191793,52711646,1970,2
30191795,52711646,1970,3
30191799,52711646,1970,1
30191801,52711646,1970,2
30191805,52711646,1970,0
30191814,52711646,1970,1
30191818,52711646,1970,3
30191831,52648606,1970,3
30191833,52648606,1970,4
30191834,52648606,1970,4
30191836,52648606,1970,4
30191838,52648606,1970,5
30191850,52648606,1970,8
30191860,52690348,1970,2
30191863,52690348,1970,3
30191866,52690348,1970,4
30191872,52690348,1970,5
30191875,52690348,1970,6
30191878,52690348,1970,7
30191880,52690348,1970,7
30191886,52679339,1970,1
30191888,52679339,1970,1
30191889,52679339,1970,2
30191894,52679339,1970,3
30191902,52679339,1970,5
30191904,52679339,1970,5
30191909,52679339,1970,7
30191923,53385690,1960,2
30191932,53385690,1960,2
30191934,53385690,1960,3
30191938,53385690,1960,1
30191940,53385690,1960,2
30191945,52558992,1973,0
30191947,52558992,1973,1
30191949,52558992,1973,2
30191950,52558992,1973,2
30191968,52664408,1970,2
30191973,52664408,1970,1
30191975,52664408,1970,2
30191996,52647728,1970,2
30191998,52647728,1970,3
30192383,52445631,1970,1
30192434,52755948,1950,2
30192445,52729549,1960,1
30192446,52729549,1960,2
30192451,52768596,1940,0
30192455,52768596,1940,1
30192468,52713563,1948,0
30192472,52713563,1948,2
30192474,52678497,1940,1
30192476,52678497,1940,2
30192482,52681354,1977,
30192487,52681354,1977,3
30192490,52762969,1974,1
30192494,52762969,1974,3
30192516,52728164,1987,2
30192525,52680111,1970,3
30192527,52680111,1970,1
30192528,52680111,1970,1
30192536,52714184,1970,1
30192538,52714184,1970,2
30192540,52714184,1970,3
30192542,52714184,1970,4
30192547,53367045,1979,2
30192553,52728692,1945,-1
30192558,52728692,1945,2
30192571,52681285,1992,2
30192572,52681285,1992,2
30192577,53371734,1980,1
30192578,53371734,1980,1
30192579,53371734,1980,2
30193600,52792123,1990,1
30193620,52602572,1993,1
30193626,52441911,1990,0
30193628,52441911,1990,1
30193649,52602706,1995,3
30193655,52440772,1993,0
30193656,52440772,1993,0
30193680,52494029,1996,0
30193686,52494029,1996,3
30193694,53322252,1980,0
30193698,53322252,1980,2
30193706,52598786,1995,1
30193726,53332208,1995,3
30193750,52976322,1993,2
30193751,52976322,1993,3
30193756,52976322,1993,2
30193767,53332219,1995,
30193768,53332219,1995,0
30193769,53332219,1995,0
30193772,53332219,1995,2
30193776,53332219,1995,0
30193777,53332219,1995,0
30193779,53332219,1995,1
30193780,53332219,1995,2
30193792,52429472,1995,3
30193795,52429472,1995,0
30193836,52798729,1995,1
30193841,52798729,1995,0
30193852,52798729,1995,1
30193870,52409430,1995,0
30193871,52409430,1995,0
30193876,52409430,1995,3
30193891,53101424,1995,0
30193921,52670426,1980,0
30193953,53363961,1994,1
30193955,53363961,1994,2
30193976,53339487,1992,
30193996,53339487,1992,3
30194008,52464081,1996,0
30194009,52464081,1996,1
30194019,52800159,1980,0
30194023,52800159,1980,1
30194027,52800159,1980,3
30194071,52801518,1995,0
30194075,52801518,1995,2
30194078,52801518,1995,4
30194086,52430350,1995,2
30194093,52430350,1995,0
30194095,52430350,1995,1
30194108,52410567,2000,2
30194119,52438862,1998,1
30194147,52802012,1960,4
30194164,52554418,1990,0
30194168,52554418,1990,2
30194172,52554418,1990,0
30194173,52554418,1990,1
30194235,52426193,1995,3
30194246,52426193,1995,4
30194256,53176762,1995,3
30194280,53116200,1996,2
30194291,52798750,1992,2
30194295,52798750,1992,0
30194308,52538838,1996,2
30194316,52538838,1996,1
30194330,52429200,1995,2
30194335,52429200,1995,1
30194347,52597000,1998,1
30194364,52490867,1986,1
30194366,52490867,1986,2
30194368,52490867,1986,3
30194385,52441521,1994,1
30194401,52590058,1992,2
30194431,52441040,1988,1
30194453,52594716,1995,0
30194468,52600619,1996,1
30194474,52600619,1996,1
30194480,52659544,1995,0
30194495,52659544,1995,1
30194509,52435309,1993,2
30194523,53123858,1995,1
30194531,52591893,1993,1
30194534,52591893,1993,2
30194539,53428461,1996,1
30194560,53116687,1984,2
30194563,53116687,1984,1
30194601,52409443,1995,2
30194602,52409443,1995,2
30194610,52463361,1995,2
30194627,52598102,1995,0
30194630,52598102,1995,1
30194639,52457340,1995,1
30194651,52591527,2009,2
30194656,52798723,1960,1
30194672,52455949,1995,2
30194704,52396259,1995,0
30194706,52396259,1995,1
30194709,52396259,1995,0
30194713,52396259,1995,0
30194719,52396259,1995,0
30194747,52465769,1995,1
30194750,52465769,1995,0
30194752,52465769,1995,1
30194774,52456761,1999,2
30194783,52456761,1999,1
30194784,52456761,1999,2
30194792,53322489,1995,2
30194798,53322489,1995,2
30194799,53322489,1995,0
30194806,53322489,1995,0
30194810,53322489,1995,2
30194813,52995203,1993,1
30194837,52591052,2001,0
30194882,52591052,2001,3
30194900,53183332,2002,3
30194901,53183332,2002,3
30194909,53183332,2002,3
30194941,53183332,2002,3
30194961,52584548,2000,1
30194989,52584548,1980,2
30194998,52463329,1996,1
30195010,52560576,1993,0
30195016,52560576,1993,0
30195026,52592861,1995,1
30195027,52592861,1995,1
30195034,52583844,1990,1
30195039,52583844,1990,0
30195061,52430079,1990,4
30195066,52438629,1988,0
30195070,52438629,1988,2
30195121,52654029,1993,2
30195138,52604290,1995,2
30195146,52554269,1997,1
30195189,53335132,1995,3
30195197,53335132,1995,3
30195206,53335132,1995,3
30195209,53335132,1995,1
30195213,53335132,1995,3
30195238,53319645,1995,0
30195270,53351716,1995,1
30195273,53351716,1995,2
30195311,52604424,1995,1
30195319,52550622,1993,0
30195326,52550622,1993,3
30195332,52431667,1995,1
30195368,52582546,1990,2
30195378,52554001,1995,2
30195402,52439995,1990,2
30195429,52961094,1995,2
30195430,52961094,1995,2
30195445,52438112,1994,3
30195528,52493564,1990,1
30195562,52439624,1995,2
30195571,52439624,1995,1
30195586,52439624,1995,2
30195589,52494039,1995,0
30195606,52494039,1995,3
30195612,52494039,1995,1
30195620,52494039,1995,0
30195637,52494039,1995,4
30195642,52494039,1995,1
30195662,52494039,1995,1
30195667,52494039,1995,4
30195688,52439577,1990,1
30195698,53342788,1994,1
30195705,52443292,1970,1
30195743,52662330,1990,0
30195778,52491300,1995,0
30195798,52491300,1995,1
30195804,52491300,1995,1
30195805,52491300,1995,0
30195810,52491300,1995,0
30195813,52491300,1995,0
30195814,52491300,1995,0
30195837,52801070,1995,1
30195842,52801070,1995,1
30195854,52650589,1995,1
30195858,52650589,1995,3
30195860,52407938,1985,0
30195880,52601935,1995,2
30195888,52457208,1992,2
30195894,52962084,1995,1
30195954,52464040,1995,0
30195955,52464040,1995,1
30195969,52447419,1995,0
30195979,52591468,1995,2
30195986,52550075,1995,0
30195993,52435257,1980,0
30196004,52427695,1993,0
30196009,52427695,1993,3
30196017,52430237,1995,0
30196044,52455463,1990,0
30196051,52404266,1990,1
30196055,52404266,1990,3
30196086,52551902,1995,3
30196089,52408037,1994,0
30196092,52408037,1994,1
30196101,52961053,1993,1
30196102,52961053,1993,1
30196110,52438696,1995,0
30196121,52438696,1995,0
30196127,52406975,1996,0
30196131,52406975,1996,2
30196132,52406975,1996,0
30196135,52406975,1996,2
30196143,53322189,1990,2
30196147,52440037,1990,2
30196150,52582959,1996,0
30196152,52582959,1996,1
30196218,52447382,1995,
30200430,52439272,1970,0
30200433,52439272,1970,0
30200435,52439272,1970,1
30200449,52439272,1970,4
30200452,52439272,1970,5
30200453,52439272,1970,5
30200466,52402195,1970,1
30200474,52402195,1970,3
30200475,52402195,1970,3
30200477,52402195,1970,3
30200483,52402195,1970,1
30200484,52402195,1970,2
30200486,52402195,1970,2
30200488,52402195,1970,3
30200491,52402195,1970,0
30200493,52402195,1970,0
30200495,52402195,1970,1
30200496,52402195,1970,1
30200507,52402195,1970,3
30200522,52447294,1970,4
30200524,52447294,1970,2
30200527,52447294,1970,4
30200532,52447294,1970,1
30200538,52447294,1970,4
30200547,52447294,1970,2
30200548,52447294,1970,3
30200553,52447294,1970,1
30200563,52447294,1970,2
30200565,52447294,1970,3
30208358,52598719,1970,5
30208361,52598719,1970,6
30208372,52598719,1970,6
30208375,52655659,1970,1
30208391,52655659,1970,3
30208393,52655659,2013,4
30208405,52655150,1970,3
30208408,52655150,1970,5
30208409,52655150,1970,5
30208411,52655150,1970,6
30208413,52655150,1970,1
30208414,52655150,1970,2
30208416,52655150,1970,3
30208417,52655150,1970,3
30208418,52655150,1970,4
30208419,52655150,1970,
30208420,52655150,1970,5
30208421,52655150,1970,5
30208422,52655150,1970,6
30208426,52436329,1970,1
30208428,52436329,1970,2
30208431,52436329,1970,4
30208432,52436329,1970,4
30208433,52436329,1970,5
30208443,52436329,1970,4
30208447,52436329,1970,6
30208448,52436329,1970,6
30208450,53144931,1970,1
30208458,53144931,1970,5
30208461,53144931,1970,6
30208465,53144931,1970,2
30208477,52661423,1970,2
30208486,52661423,1970,6
30208488,52661423,1970,1
30208489,52661423,1970,2
30208490,52661423,1970,2
30208508,52563595,1970,1
30208511,52563595,1970,2
30208514,52563595,1970,4
30208516,52563595,1970,5
30208545,52558295,1970,6
30208555,52583017,1970,4
30208560,52583017,1970,1
30208571,52583017,1970,6
30208573,52583017,1970,1
30208574,52583017,1970,2
30208582,52583017,1970,6
30208583,52583017,1970,6
30208602,52583017,1970,4
30208609,52429963,1970,1
30208612,52429963,1970,2
30208627,52429963,1970,4
30208631,52429963,1970,6
30208634,53171748,1972,1
30208642,53171748,1972,1
30208648,53171748,1972,4
30208649,53171748,1972,4
30208651,52654155,1970,1
30208656,52654155,1970,3
30208659,52654155,1970,5
30208663,52654155,1970,7
30208664,52654155,1970,7
30208668,52655893,1970,2
30208670,52655893,1970,3
30208672,52655893,1970,4
30208673,52655893,1970,4
30208674,52655893,1970,5
30208675,52655893,1970,5
30208678,52655893,1970,7
30208679,52655893,1970,7
30208682,52461427,1972,1
30208683,52461427,1972,2
30208686,52461427,1972,3
30208691,52461427,1972,2
30208692,52461427,1972,2
30208693,52461427,1972,3
30208694,52461427,1972,3
30208696,52461427,1972,4
30208698,52593753,1970,1
30208699,52593753,1970,1
30208702,52593753,1970,3
30208704,52593753,1970,4
30208708,52593753,1970,6
30208714,52433809,1970,1
30208715,52433809,1970,2
30208716,52433809,1970,2
30208717,52433809,1970,3
30208724,52433809,1970,2
30208725,52433809,1970,3
30208727,52433809,1970,4
30208732,52441973,1970,1
30208733,52441973,1970,2
30208734,52441973,1970,2
30208736,52441973,1970,3
30208739,52441973,1970,5
30208740,52441973,1970,5
30208756,53171316,1970,1
30208758,53171316,1970,2
30208762,53171316,1970,4
30208769,53171316,1970,1
30208770,53171316,1970,2
30208772,53171316,1970,3
30208774,53171316,1970,4
30208778,53171316,1970,6
30208781,53323213,1970,1
30208784,53323213,1970,2
30208785,53323213,1970,3
30208787,53323213,1970,4
30208796,53323213,1970,2
30208799,53323213,1970,4
30208801,53323213,1970,5
30208804,53323213,1970,6
30208857,52589994,1970,4
30208858,52589994,1970,4
30208861,52589994,1970,5
30208864,52589994,1970,6
30208867,52589994,1970,7
30208869,52589994,1970,8
30208871,52589994,1970,8
30208872,52597649,1970,1
30208875,52597649,1970,3
30208880,52597649,1970,6
30208885,52597649,1970,8
30208886,52597649,1970,9
30208890,52597649,1970,3
30208892,52597649,1970,4
30208897,52597649,1970,7
30208904,52561718,1970,1
30208905,52561718,1970,1
30208909,52561718,1970,3
30208912,52561718,1970,4
30208914,52561718,1970,4
30208918,52561718,1970,6
30208935,52598214,1970,7
30208937,52598214,1970,8
30208944,52598214,1970,4
30208945,52598214,1970,4
30208947,52598214,1970,5
30208948,52598214,1970,6
30208954,53322023,1970,1
30208956,53322023,1970,2
30208959,53322023,1970,3
30208962,53322023,1970,4
30208967,53322023,1970,6
30208968,53322023,1970,6
30208971,53322023,1970,7
30208972,53322023,1970,7
30208973,53322023,1970,8
30208977,52598713,1970,2
30208980,52598713,1970,3
30208981,52598713,1970,4
30208982,52598713,1970,4
30208988,52598713,1970,7
30208989,52598713,1970,8
30208999,52598713,1970,5
30209004,52598713,1970,8
30209006,52451063,1970,1
30209007,52451063,1970,1
30209008,52451063,1970,1
30209013,52451063,1970,3
30209014,52451063,1970,3
30209018,52451063,1970,5
30209019,52451063,1970,5
30209021,52451063,1970,6
30209022,52451063,1970,6
30209033,53439685,1970,1
30209034,53439685,1970,2
30209037,53439685,1970,3
30209045,53439685,1970,5
30209046,53439685,1970,6
30209047,53439685,1970,6
30209048,53439685,1970,6
30209051,53439685,1970,7
30209054,53439685,1970,8
30209055,53439685,1970,9
30209057,53439685,1970,9
30209059,52453560,1970,2
30209066,52453560,1970,6
30209069,52453560,1970,7
30209071,52453560,1970,8
30209077,52453560,1970,4
30209081,52453560,1970,6
30209083,52453560,1970,7
30209476,53318573,1970,1
30209481,52443773,1970,0
30209498,52491700,1970,0
30209500,53343182,1972,0
30209512,52559182,1972,0
30209521,52655593,1970,2
30209526,53131710,1973,0
30209534,53070771,1980,0
30209540,52591988,1970,0
30209546,52603824,1970,1
30209556,53348333,1971,0
30209560,52602953,1970,0
30209571,52402818,1971,
30209586,52597311,1980,1
30209587,52597311,1980,1
30209612,52556433,1971,1
30209621,52462162,1969,1
30209624,52431336,1970,0
30209631,52428483,1968,0
30209645,53343572,1977,2
30209648,52978656,1970,0
30209652,52587922,1970,0
30209695,52583666,1972,1
30209699,53126460,1980,0
30209704,52586047,1970,0
30209709,52514112,1970,1
30209710,52514112,1970,1
30209715,53054033,1970,1
30209720,52442778,1970,1
30209723,52583171,1970,
30209724,53360257,1968,
30209727,52550087,1990,
30209733,52441161,1971,2
30209736,52649211,1972,1
30209739,52452192,1973,0
30209741,52549834,1969,1
30209742,52553573,1970,
30209750,52447840,1972,
30209756,52401872,1974,2
30209758,52556429,1967,
30209768,52599167,1969,1
30209774,52655921,1970,1
30209779,52667026,1970,
30209795,52431053,1970,1
30209797,52559957,1972,1
30209801,52451212,1967,1
30209805,53322563,1970,0
30209819,52582335,1973,0
30209832,52584073,1970,0
30209838,52493637,1969,
30209843,52602289,1968,1
30209844,52426304,1969,1
30209845,52556896,1973,2
30209853,52453198,1980,0
30209854,52453198,1980,0
30209855,51670904,1988,
30209858,52604227,1968,0
30209869,52413270,1972,0
30209884,53363108,1970,-1
30209889,52604171,1960,0
30209899,53320460,1975,0
30209904,52445076,1980,1
30209940,52598659,1970,2
30213738,52681143,2000,0
30213744,52681143,2000,1
30213747,52681143,2000,1
30213749,52681143,2000,2
30213752,52681143,2000,2
30213757,52681143,2000,3
30213774,52681143,2000,0
30213779,52681143,2000,1
30213783,52681143,2000,2
30213784,52681143,2000,3
30213786,52681143,2000,3
30213787,52681143,2000,4
30213798,52681143,2000,3
30213799,52681143,2000,3
30213819,52681143,2000,2
30213826,52681143,2000,0
30213831,52681143,2000,2
30213837,52681143,2000,4
30213838,52681143,2000,0
30213842,52681143,2000,0
30213843,52681143,2000,1
30213844,52681143,2000,1
30213845,52681143,2000,1
30213846,52681143,2000,1
30213848,52681143,2000,2
30213851,52681143,2000,2
30213852,52681143,2000,2
30213853,52681143,2000,3
30213856,52681143,2000,3
30213857,52681143,2000,3
30213858,52681143,2000,4
30213861,52681143,2000,4
30213862,52681143,2000,4
30213863,52681143,2000,5
30213864,52681143,2000,5
30213868,52681143,2000,6
30213870,52681143,2000,6
30213871,52681143,2000,6
30213872,52681143,2000,7
30213888,52665341,2002,0
30213893,52665341,2002,1
30213899,52665341,2002,2
30213906,52665341,2002,3
30213912,52665341,2002,4
30213933,52665341,2002,1
30213953,52665341,2002,5
30213956,52665341,2002,6
30213970,52665341,2002,3
30213981,52665341,2002,2
30213997,52665341,2002,0
30214002,52665341,2002,2
30214005,52665341,2002,3
30214013,52665341,2002,2
30214018,52665341,2002,4
30214573,52583050,1990,0
30214575,52583050,1990,1
30214578,52583050,1990,0
30214579,52583050,1990,0
30214580,52583050,1990,1
30214581,52583050,1994,1
30214582,52583050,1994,0
30214583,52583050,1994,0
30214584,52583050,1994,0
30214588,52583050,1994,0
30214593,52583050,1990,0
30214596,52583050,1990,1
30214605,52583050,1990,0
30214614,52583050,1990,0
30214620,52583050,1990,0
30214624,52583050,1995,0
30214625,52583050,1990,0
30214633,52583050,1995,0
30214639,52585741,1990,0
30214641,52585741,1990,3
30214642,52585741,1990,0
30214643,52585741,1990,2
30214645,52585741,1990,0
30214647,52585741,1990,3
30214650,52585741,1990,3
30214657,52585741,1990,0
30214660,52585741,1990,0
30214668,52585741,1990,2
30214674,52585741,1990,2
30214675,52585741,1990,0
30214678,52585741,1990,2
30214684,53341989,1990,2
30214693,52585741,1990,0
30214695,52585741,1990,0
30214697,52585741,1980,0
30214698,52585741,1991,0
30214706,52585741,1991,1
30214714,52604361,1988,0
30214716,52604361,1988,0
30214724,52558382,1987,0
30214726,52558382,1987,2
30214727,52558382,1987,2
30214735,52558382,1987,2
30214736,52558382,1987,2
30214747,52558382,1987,0
30214748,52558382,1987,0
30214750,52558382,1987,2
30214751,52558382,1987,2
30214756,52602432,1986,0
30214758,52602432,1986,0
30214764,52556557,1987,0
30214784,52593852,1988,0
30214793,52445427,1984,0
30214809,52431857,1990,
30214820,52449944,1980,0
30214828,53348187,1989,0
30214830,53322912,1989,
30214838,52463214,1993,0
30214841,52586043,1999,
30214847,52959419,1982,0
30214855,52432330,1985,
30214868,52581652,1988,1
30214869,52450813,1989,2
30214883,52492617,1988,1
30214891,52449994,1996,
30214907,52430344,1980,0
30214908,52430344,1980,0
30214936,53453807,1999,0
30214946,52403979,1998,1
30214947,52403979,1998,1
30214950,52403979,1998,3
30214952,52403979,1998,0
30214953,52403979,1998,1
30214973,53348154,2000,0
30214981,53348154,2000,1
30214982,53348154,2000,1
30214984,53348154,2000,3
30214998,52464338,1988,
30215002,53321785,1987,0
30215012,53324423,1988,0
30215038,52440396,1988,0
30215047,52406406,1990,
30215054,52509045,1986,
30215060,52553347,1987,0
30215075,53324396,1985,0
30215081,53327358,2000,1
30215084,52493171,1980,0
30215085,52493171,1980,0
30215086,52493171,1980,0
30215090,52418137,1987,0
30215091,52418137,1987,0
30215113,52426505,1980,0
30215116,52426505,1980,0
30215122,52450722,1980,0
30215124,52450722,1980,1
30215128,52450722,1980,0
30215129,52450722,1980,0
30215131,52450722,1980,1
30215138,52450722,1980,2
30215144,52450722,1980,2
30215153,52602875,1980,2
30215159,52602875,1980,2
30215161,52602875,1980,0
30215164,52602875,1980,2
30215167,52602875,1980,0
30215169,52602875,1980,1
30215170,52602875,1980,2
30215171,52602875,1980,2
30215176,52591524,1980,0
30215178,52591524,1980,1
30215180,52591524,1980,2
30215184,52591524,1980,1
30215185,52591524,1980,1
30215188,52591524,1980,0
30215192,52591524,1980,2
30215197,52587196,1983,1
30215200,52587196,1983,2
30215212,52587196,1983,3
30215216,52446739,1970,1
30215220,52446739,1970,3
30215221,52446739,1970,0
30215222,52446739,1970,1
30215231,52434324,1980,1
30215237,52434324,1980,1
30215242,52434324,1980,0
30215251,53326000,1983,0
30215253,53326000,1983,1
30215256,53326000,1983,2
30215257,53326000,1983,0
30215258,53326000,1983,0
30215259,53326000,1983,1
30215260,53326000,1983,1
30215262,53326000,1983,2
30215265,53326000,1983,1
30215279,52463144,1982,0
30215280,52463144,1980,1
30215281,52463144,1982,1
30215283,52463144,1980,2
30215284,52463144,1980,0
30215286,52463144,1982,1
30215287,52463144,1982,1
30215291,52463144,1980,1
30215293,52463144,1982,2
30215299,53324891,1980,1
30215300,53324891,1980,2
30215302,53324891,1980,0
30215304,53324891,1980,1
30215309,53324891,1980,3
30215312,53324891,1980,1
30215313,53324891,1980,1
30215317,53324891,1980,3
30215321,53323396,1982,1
30215322,53323396,1982,2
30215327,53323396,1982,1
30215328,53323396,1982,2
30215331,53324891,1982,0
30215337,53324891,1982,0
30215341,53324891,1982,2
30215345,53320481,1980,1
30215365,52464807,1983,0
30215370,52594252,1980,1
30215371,52594252,1980,1
30215374,52594252,1980,3
30215375,52594252,1980,3
30215378,52594252,1980,2
30215379,52594252,1980,2
30215380,52594252,1980,3
30215381,52594252,1980,3
30215383,52594252,1980,0
30215384,52594252,1980,1
30215386,52594252,1980,2
30215388,52594252,1980,0
30215392,52594252,1980,2
30215397,52594252,1980,1
30215398,52594252,1980,2
30215399,52594252,1980,2
30215400,52444343,1980,0
30215408,52444343,1980,1
30215410,52444343,1980,2
30215412,52444343,1980,0
30215414,52444343,1980,1
30215415,52444343,1980,1
30215419,52444343,1980,0
30215427,52444343,1980,1
30215431,52444343,1980,0
30215434,52444343,1980,2
30215438,52444343,1980,1
30215440,52444343,1980,2
30215443,52444343,1980,0
30215446,52444343,1980,2
30215448,52444343,1980,0
30215449,52444343,1980,0
30215450,52444343,1980,1
30215451,52444343,1980,1
30215454,52444343,1980,0
30215457,52444343,1980,1
30215462,52444343,1980,1
30215463,52444343,1980,1
30215472,53022041,1980,3
30215476,53022041,1980,2
30215477,53022041,1980,2
30215480,53022041,1980,4
30215482,53022041,1980,1
30215484,53022041,1980,2
30215492,53022041,1980,2
30215495,53022041,1980,3
30215497,53022041,1980,4
30215511,53022041,1980,2
30215518,53022041,1980,3
30215519,53022041,1980,3
30215532,53022041,1980,1
30215533,53022041,1980,1
30215534,53022041,1980,2
30215536,53022041,1980,3
30215537,53022041,1980,3
30215538,53022041,1980,1
30215539,53022041,1980,1
30215543,53022041,1980,3
30215545,52461229,1980,0
30215546,52461229,1980,1
30215549,52461229,1980,2
30215550,52461229,1980,0
30215552,52461229,1980,1
30215558,52584205,1980,1
30215559,52584205,1980,1
30215560,52584205,1980,2
30215561,52584205,1980,2
30215566,52584205,1980,2
30215567,52584205,1980,2
30215569,52584205,1980,3
30215570,52653271,1980,1
30215571,52653271,1980,1
30215576,52653271,1980,1
30215577,52653271,1980,1
30215579,52653271,1980,2
30215581,52653271,1980,3
30215587,52447869,1980,3
30215590,52447869,1980,2
30215591,52447869,1980,2
30215594,52583104,1980,1
30215595,52583104,1980,1
30215596,52583104,1980,2
30215597,52583104,1980,2
30215600,52583104,1980,1
30215612,52448370,1980,3
30215617,52448370,1980,2
30215618,52448370,1980,3
30215619,52448370,1980,3
30215621,52448370,1980,2
30215624,52448370,1980,4
30215627,52448370,1980,2
30215628,52448370,1980,3
30215629,52448370,1980,3
30215632,52445490,1980,1
30215633,52445490,1980,1
30215635,52445490,1980,2
30215636,52445490,1980,3
30215640,52445490,1980,1
30215641,52445490,1980,1
30215642,52445490,1980,2
30215645,52445490,1980,3
30215653,52448370,1980,3
30215657,52448370,1980,1
30215663,52448370,1980,0
30215664,52448370,1980,1
30215667,52448370,1980,2
30215671,52448370,1980,0
30215674,52448370,1980,2
30215675,52448370,1980,2
30215676,52448370,1980,0
30215681,52448370,1980,2
30215682,52448370,1980,0
30215685,52448370,1980,1
30215687,52448370,1980,2
30215693,53183354,1980,2
30215694,53183354,1980,2
30215695,53183354,1980,3
30215696,53183354,1980,3
30215698,53183354,1980,0
30215701,53183354,1980,2
30215705,53183354,1980,0
30215706,53183354,1980,1
30215708,53183354,1980,2
30215715,53183354,1980,2
30215718,53183354,1980,0
30215720,53183354,1980,1
30215721,53183354,1980,2
30215722,53183354,1980,2
30215723,53183354,1980,0
30215724,53183354,1980,0
30215726,53183354,1980,1
30215727,53183354,1980,2
30215728,53183354,1980,2
30215733,53183354,1980,1
30215739,53183354,1980,4
30215741,53183354,1980,1
30215742,53183354,1980,1
30215745,53183354,1980,3
30215746,53183354,1980,3
30215748,53183354,1980,0
30215749,53183354,1980,0
30215751,53183354,1980,1
30215752,53183354,1980,2
30215758,53183354,1980,3
30215761,53183354,1980,0
30215765,53183354,1980,2
30215767,53183354,1980,1
30215770,53183354,1980,2
30215774,53183354,1980,1
30215775,53183354,1980,1
30215776,53183354,1980,2
30215780,53183354,1980,2
30215781,53183354,1980,2
30215782,53183354,1980,3
30215788,53183354,1980,2
30215790,53183354,1980,1
30215794,53183354,1980,3
30215801,52427869,1980,2
30215806,52427869,1980,2
30215808,52427869,1980,0
30215809,52427869,1980,1
30215812,52427869,1980,2
30215814,52427869,1980,0
30215815,52427869,1980,1
30215817,52427869,1980,2
30215818,52427869,1980,2
30215820,52494494,1980,1
30215822,52494494,1980,2
30215823,52494494,1980,2
30215825,52494494,1980,3
30215827,52494494,1980,1
30215834,52494494,1980,1
30215835,52494494,1980,1
30215838,52494494,1980,3
30215839,52494494,1980,3
30215844,51662806,1980,1
30215845,51662806,1980,2
30215849,51662806,1980,3
30215851,51662806,1980,4
30215858,51662806,1980,3
30215859,51662806,1980,3
30215861,51662806,1980,3
30215862,51662806,1980,4
30215864,51662806,1980,0
30215879,51662806,1980,2
30215884,51662806,1980,2
30215885,51662806,1980,0
30215887,51662806,1980,1
30215889,51662806,1980,2
30215894,51662806,1980,2
30215896,51662806,1980,1
30215897,51662806,1980,1
30215905,51662806,1980,2
30215909,53112447,1980,0
30215911,53112447,1980,1
30215912,53112447,1980,2
30215919,53112447,1980,2
30215930,52555439,1980,1
30215931,52555439,1980,1
30215932,52555439,1980,0
30215936,52555439,1980,2
30215937,52555439,1980,2
30215939,52555439,1980,1
30215941,52555439,1980,2
30215942,52555439,1980,2
30215946,52555439,1980,1
30215957,52546589,1980,2
30215960,52546589,1980,0
30215961,52546589,1980,0
30215962,52546589,1980,1
30215963,52546589,1980,1
30215965,52546589,1980,2
30215966,52546589,1980,3
30215975,52546589,1980,0
30215977,52546589,1980,1
30215979,52546589,1980,2
30215989,52430482,1980,0
30215991,52430482,1980,1
30215999,52436978,1982,0
30216000,52436978,1982,1
30216001,52436978,1982,1
30216007,52436978,1982,0
30216014,52555438,1980,1
30216017,52555438,1980,0
30216019,52555438,1980,1
30216023,52448747,1982,0
30216025,52448747,1982,1
30216028,52448747,1982,1
30216032,52416318,1983,0
30216033,52416318,1983,0
30216037,52416318,1983,0
30216045,52492732,1984,1
30216046,52492732,1984,0
30216054,52583049,1985,0
30216055,52583049,1985,1
30216058,52583049,1985,0
30216062,52551644,1985,0
30216063,52551644,1985,1
30216064,52551644,1985,0
30216067,52551644,1985,1
30216069,52551644,1985,1
30216074,52668439,1985,0
30216078,52668439,1985,0
30216086,52555304,1985,0
30216088,52555304,1985,0
30216089,52555304,1985,1
30216090,52555304,1985,0
30216091,52555304,1985,1
30216093,52555304,1985,1
30216094,52555304,1985,0
30216095,52555304,1985,1
30216096,52555304,1985,0
30216143,52492190,1982,0
30216147,52492190,1982,0
30216151,52492190,1982,0
30216152,52492190,1982,1
30216153,52492190,1982,1
30216155,52492190,1982,0
30216156,52492190,1982,1
30216163,52661802,1985,1
30216167,52668409,1985,1
30216175,52408790,1980,1
30216182,52431956,1970,0
30216186,52431956,1970,0
30216193,52589043,1984,0
30216194,52589043,1984,0
30216196,52589043,1980,1
30216197,52589043,1980,0
30216199,52589043,1980,1
30216203,52438208,1980,0
30216204,52438208,1980,0
30216220,52438260,1984,1
30216223,52438260,1984,0
30216225,52438260,1984,1
30216244,52447425,1980,0
30216247,52447425,1980,1
30216258,52447425,1980,2
30216263,52447425,1980,4
30216267,52447425,1980,2
30216278,52552524,1980,1
30216279,52552524,1980,2
30216282,52552524,1980,3
30216286,52552524,1980,0
30216290,52552524,1980,2
30216291,52552524,1980,3
30216298,52552524,1980,2
30216302,52552524,1980,4
30216310,53315443,1980,2
30216311,53315443,1980,2
30216313,53315443,1980,3
30216318,53315443,1980,1
30216319,53315443,1980,1
30216324,53315443,1980,4
30216325,53315443,1980,4
30216326,53315443,1980,1
30216333,53315443,1980,4
30216339,52596057,1980,1
30216345,52596057,1980,4
30216355,52596057,1980,4
30216359,52596057,1980,2
30216360,52596057,1980,2
30216363,52596057,1980,4
30216364,52596057,1980,4
30216368,52426778,1970,0
30216383,52426778,1970,2
30216393,52426778,1970,3
30216401,52585229,1980,2
30216402,52585229,1980,3
30216404,52585229,1980,4
30216405,52585229,1980,4
30216407,52585229,1980,1
30216408,52585229,1980,2
30216409,52585229,1980,2
30216411,52585229,1980,3
30216415,52585229,1980,1
30216417,52585229,1980,2
30216418,52585229,1980,3
30216422,52585229,1980,1
30216425,52585229,1980,2
30216435,53351110,1970,2
30216441,53351110,1970,1
30216442,53351110,1970,2
30216452,53351110,1970,3
30216453,53351110,1970,3
30216458,53351110,1970,2
30216460,53351110,1970,3
30216462,53351110,1970,4
30216463,53351110,1970,4
30216467,52457383,1970,1
30216470,52457383,1970,3
30216471,52457383,1970,3
30216479,52457383,1970,3
30216483,52457383,1970,1
30216497,52457383,1970,4
30216500,52440185,1970,1
30216504,52440185,1970,3
30216505,52440185,1970,3
30216508,52440185,1970,1
30216509,52440185,1970,1
30216512,52440185,1970,3
30216514,52440185,1970,4
30216518,52440185,1970,2
30216520,52440185,1970,3
30216524,52440185,1970,1
30216525,52440185,1970,0
30216544,52529019,1980,2
30216547,52529019,1980,3
30216549,52529019,1980,4
30216550,52529019,1980,1
30216555,52529019,1980,3
30216556,52529019,1980,4
30216557,52529019,1980,4
30216558,52529019,1980,1
30216564,52529019,1980,3
30216569,53324245,1980,3
30216570,53324245,1980,4
30216571,53324245,1980,4
30216572,53324245,1980,5
30216573,53324245,1980,5
30216578,53324245,1980,3
30216579,53324245,1980,3
30216590,53324245,1980,5
30216591,53324245,1980,5
30216592,53324245,1980,1
30216594,53324245,1980,2
30216598,53324245,1980,4
30216602,53100605,1970,0
30216603,53100605,1970,0
30216604,53100605,1970,1
30216607,53100605,1970,2
30216608,53100605,1970,3
30216610,53100605,1970,4
30216611,53100605,1970,4
30216614,53100605,1970,1
30216622,53100605,1970,0
30216623,53100605,1970,0
30216624,53100605,1970,1
30216626,53100605,1970,2
30216628,53100605,1970,3
30216629,53100605,1970,3
30216630,53100605,1970,4
30216633,53100605,1970,0
30216639,53100605,1970,3
30216649,53100605,1970,3
30216650,53100605,1970,4
30216655,53100605,1970,1
30216664,53100605,1970,1
30216665,53100605,1970,1
30216675,52448579,1970,0
30216678,52448579,1970,2
30216686,52448579,1970,1
30216692,52448579,1970,4
30216700,52448579,1970,3
30216701,52448579,1970,3
30216709,52448579,1970,2
30216710,52448579,1970,3
30216711,52448579,1970,3
30216713,52448579,1970,4
30216714,52448579,1970,0
30216716,52448579,1970,1
30216722,52448579,1970,4
30216725,52448579,1970,0
30216728,52448579,1970,2
30216729,52448579,1970,2
30216730,52448579,1970,3
30216733,52448579,1970,4
30216735,52448579,1970,0
30216738,52448579,1970,2
30216739,52448579,1970,2
30216742,52448579,1970,4
30216746,52441503,1970,0
30216750,52441503,1970,2
30216754,52441503,1970,4
30216755,52441503,1970,4
30216756,52441503,1970,0
30216757,52441503,1970,0
30216763,52441503,1970,3
30216764,52441503,1970,4
30216765,52441503,1970,4
30216767,52441503,1970,0
30216771,52441503,1970,2
30216772,52441503,1970,3
30216774,52441503,1970,4
30216781,52441503,1970,2
30216787,52441503,1970,0
30216789,52441503,1970,1
30216791,52441503,1970,2
30216796,52441503,1970,0
30216803,52441503,1970,3
30216814,52441503,1970,4
30216815,52441503,1970,4
30216821,52585823,1970,1
30216824,52585823,1970,3
30216825,52585823,1970,3
30216826,52585823,1970,4
30216828,52585823,1970,0
30216834,52585823,1970,3
30216835,52585823,1970,3
30216839,52585823,1970,0
30216849,52585823,1970,0
30216855,52585823,1970,3
30216858,52585823,1970,0
30216863,52585823,1970,2
30216866,52585823,1970,4
30216867,52585823,1970,4
30216870,52585823,1970,1
30216874,52585823,1970,3
30216877,52585823,1970,4
30216878,52585823,1970,0
30216885,52585823,1970,3
30216890,52558397,1970,0
30216891,52558397,1970,0
30216898,52558397,1970,1
30216900,52558397,1970,2
30216902,52558397,1970,2
30216907,52558397,1970,3
30216908,52558397,1970,3
30216909,52558397,1970,3
30216913,52558397,1970,1
30216916,52558397,1970,2
30216917,52558397,1970,2
30216919,52558397,1970,3
30216920,52558397,1970,3
30216923,52558397,1970,0
30216927,52558397,1970,1
30216930,52558397,1970,1
30216931,52558397,1970,1
30216934,52558397,1970,2
30216935,52558397,1970,2
30216936,52558397,1970,2
30216938,52558397,1970,3
30216939,52558397,1970,3
30216947,52456873,1975,0
30216948,52456873,1975,0
30216951,52456873,1975,1
30216956,52456873,1975,2
30216957,52456873,1975,2
30216958,52456873,1975,2
30216961,52456873,1975,3
30216964,52456873,1975,0
30216966,52456873,1975,0
30216967,52456873,1975,1
30216970,52456873,1975,2
30216975,52456873,1975,3
30216981,52456873,1975,1
30216982,52456873,1975,1
30216983,52456873,1975,1
30216995,52456873,1975,3
30216998,52430266,1970,0
30217001,52430266,1970,0
30217008,52430266,1970,2
30217009,52430266,1970,2
30217010,52430266,1970,2
30217011,52430266,1970,2
30217016,52430266,1970,3
30217018,52430266,1970,0
30217019,52430266,1970,0
30217024,52430266,1970,2
30217034,52430266,1970,0
30217039,52430266,1970,1
30217042,52430266,1970,2
30217043,52430266,1970,2
30217049,52430266,1970,3
30217056,52465964,1980,0
30217058,52465964,1980,0
30217059,52465964,1980,0
30217060,52465964,1980,1
30217063,52465964,1980,1
30217067,52465964,1980,2
30217071,52465964,1980,3
30217072,52465964,1980,3
30217073,52465964,1980,3
30217075,52465964,1980,4
30217176,52491841,1970,2
30217182,52491841,1970,0
30217190,52491841,1970,4
30217195,52491841,1970,2
30217203,53351853,1980,0
30217204,53351853,1980,0
30217207,53351853,1980,2
30217208,53351853,1980,2
30217209,53351853,1980,3
30217211,53351853,1980,4
30217216,53351853,1980,1
30217221,53351853,1980,4
30217224,53351853,1980,1
30217226,53351853,1980,2
30217235,52465463,1980,1
30217245,52465463,1980,1
30217258,52465463,1980,3
30217265,53172629,1970,1
30217269,53172629,1970,3
30217281,53172629,1970,4
30217285,53172629,1970,2
30217287,53172629,1970,3
30217294,52554457,1980,0
30217303,52554457,1980,0
30217318,52554457,1980,3
30217325,52553443,1980,1
30217336,52553443,1980,1
30217339,52553443,1980,3
30217340,52553443,1980,3
30217344,52553443,1980,1
30217346,52553443,1980,2
30217350,52553443,1980,4
30217439,52508832,1980,2
30217445,52508832,1980,1
30217447,52508832,1980,2
30217449,52508832,1980,3
30217451,52508832,1980,1
30217454,52508832,1980,2
30217459,52508832,1980,1
30217467,52508832,1980,1
30217469,52508832,1980,2
30217472,52508832,1980,3
30217480,52508832,1980,3
30217486,52508832,1980,1
30217489,52508832,1980,3
30217493,52602414,1970,0
30217494,52602414,1970,0
30217496,52602414,1970,1
30217501,52602414,1970,0
30217504,52602414,1970,1
30217507,52602414,1970,3
30217512,52539410,1970,0
30217516,52539410,1970,2
30217519,52539410,1970,0
30217522,52539410,1970,1
30217530,52554268,1970,0
30217539,52554268,1970,1
30217540,52554268,1970,1
30217542,52554268,1970,2
30217544,52554268,1970,3
30217547,52553354,1980,0
30217548,52553354,1980,0
30217549,52553354,1980,1
30217560,52553354,1980,2
30217562,52553354,1980,3
30217565,53133377,1970,0
30217567,53133377,1970,1
30217568,53133377,1970,1
30217569,53133377,1970,2
30217571,53133377,1970,3
30217573,53133377,1970,4
30217574,53133377,1970,4
30217577,53133377,1970,0
30217589,53133377,1970,4
30217596,53133377,1970,2
30217607,52464956,1980,2
30217612,52464956,1980,0
30217613,52464956,1980,1
30217614,52464956,1980,1
30217615,52464956,1980,2
30217616,52464956,1980,2
30217617,52464956,1980,3
30217622,52464956,1980,1
30217623,52464956,1980,2
30217625,52464956,1980,3
30217627,52464956,1980,0
30217630,52464956,1980,1
30217638,52590056,1980,1
30217642,52590056,1980,3
30217643,52590056,1980,4
30217651,52590056,1980,4
30217653,52590056,1980,0
30217657,52590056,1980,3
30217659,52590056,1980,4
30217673,53006029,1970,2
30217678,53006029,1970,4
30217683,53006029,1970,3
30217685,53006029,1970,4
30217686,53006029,1970,4
30217693,53006029,1970,4
30217697,53006029,1970,2
30217700,53006029,1970,3
30217702,53006029,1970,4
30217710,53316610,1975,3
30217714,53316610,1975,1
30217720,53316610,1975,4
30217721,53316610,1975,1
30217723,53316610,1975,2
30217724,53316610,1975,2
30217727,53316610,1975,4
30217731,53316610,1975,2
30217732,53316610,1975,2
30217735,53316610,1975,4
30217736,53316610,1975,4
30217745,52434651,1970,4
30217746,52434651,1970,4
30217748,52434651,1970,1
30217750,52434651,1970,2
30217753,52434651,1970,4
30217762,52434651,1970,4
30217765,52434651,1970,2
30217767,52434651,1970,3
30217769,52434651,1970,4
30217774,52508121,1970,1
30217775,52508121,1970,2
30217777,52508121,1970,3
30217780,52508121,1970,4
30217788,52508121,1970,4
30217792,52508121,1970,2
30217793,52508121,1970,3
30217795,52508121,1970,4
30217797,52508121,1970,1
30217804,52508121,1970,4
30217812,52597742,1970,3
30217814,52597742,1970,4
30217820,52597742,1970,3
30217821,52597742,1970,4
30217822,52597742,1970,4
30217823,52597742,1970,1
30217824,52597742,1970,1
30217834,52597742,1970,2
30217836,52597742,1970,3
30217837,52597742,1970,4
30217842,52443401,1970,1
30217846,52443401,1970,3
30217848,52443401,1970,4
30217851,52443401,1970,2
30217860,52443401,1970,2
30217862,52443401,1970,3
30217864,52443401,1970,4
30217871,52443401,1970,4
30217878,52408516,1970,2
30217882,52408516,1970,4
30217892,52408516,1970,1
30217899,52408516,1970,1
30217902,52408516,1970,2
30217903,52408516,1970,3
30217904,52408516,1970,3
30217956,52550774,1980,1
30217961,52550774,1980,2
30217962,52550774,1980,3
30217964,52550774,1980,3
30217965,52550774,1980,3
30217966,52550774,1980,0
30217970,52550774,1980,1
30217975,52550774,1980,2
30217978,52550774,1980,3
30217979,52550774,1980,3
30217980,52550774,1980,3
30217988,52445021,1970,1
30217989,52445021,1970,1
30217993,52445021,1970,2
30217996,52445021,1970,3
30218007,52445021,1970,1
30218012,52445021,1970,3
30218015,52445021,1970,3
30218020,52514487,1980,0
30218023,52514487,1980,1
30218029,52514487,1980,2
30218030,52514487,1980,3
30218031,52514487,1980,3
30218045,53348036,1970,1
30218046,53348036,1970,1
30218048,53348036,1970,1
30218050,53348036,1970,2
30218052,53348036,1970,2
30218061,53348036,1970,3
30218062,53348036,1970,4
30218063,53348036,1970,4
30218074,53348036,1970,1
30218076,53348036,1970,2
30218077,53348036,1970,2
30218083,53348036,1970,4
30218092,53348036,1970,1
30218093,53348036,1970,1
30218094,53348036,1970,2
30218102,53348036,1970,3
30218104,53348036,1970,4
30218107,53348036,1970,4
30218109,53348036,1970,1
30218112,53348036,1970,1
30218114,53348036,1970,1
30218118,53348036,1970,2
30218121,53348036,1970,2
30218123,53348036,1970,3
30218127,53348036,1970,3
30218129,53348036,1970,3
30218134,53348036,1970,4
30218135,53348036,1970,4
30218138,53348036,1970,0
30218145,52585062,1980,0
30218149,52585062,1980,1
30218150,52585062,1980,1
30218155,52585062,1980,2
30218156,52585062,1980,2
30218157,52585062,1980,2
30218160,52585062,1980,3
30218161,52585062,1980,3
30218167,52585062,1980,0
30218169,52585062,1980,1
30218170,52585062,1980,1
30218174,52585062,1980,2
30218175,52585062,1980,2
30218178,52585062,1980,3
30218186,52585062,1980,2
30218187,52585062,1980,2
30218189,52585062,1980,2
30218193,52585062,1980,3
30218195,52585062,1980,3
30218196,52585062,1980,4
30218203,52585062,1980,1
30218205,52585062,1980,1
30218206,52585062,1980,1
30218207,52585062,1980,2
30218211,52585062,1980,2
30218213,52585062,1980,3
30218214,52585062,1980,3
30218216,52585062,1980,3
30218224,52597799,1970,0
30218225,52597799,1970,0
30218227,52597799,1970,1
30218228,52597799,1970,1
30218231,52597799,1970,1
30218234,52597799,1970,2
30218241,52597799,1970,4
30218242,52597799,1970,4
30218246,52597799,1970,3
30218248,52597799,1970,3
30218250,52597799,1970,4
30218252,52597799,1970,4
30218255,52597799,1970,5
30218257,52597799,1970,5
30218259,52597799,1970,3
30218261,52597799,1970,3
30218262,52597799,1970,3
30218263,52597799,1970,4
30218269,52597799,1970,5
30218271,52597799,1970,5
30218274,52597799,1970,6
30218275,52597799,1970,6
30218277,52597799,1970,6
30218281,53324181,1970,0
30218283,53324181,1970,1
30218287,53324181,1970,1
30218295,53324181,1970,3
30218297,53324181,1970,3
30218298,53324181,1970,4
30218304,53324181,1970,3
30218305,53324181,1970,3
30218310,53324181,1970,4
30218313,53324181,1970,5
30218314,53324181,1970,5
30218315,53324181,1970,3
30218317,53324181,1970,3
30218320,53324181,1970,4
30218321,53324181,1970,4
30218323,53324181,1970,4
30218324,53324181,1970,4
30218325,53324181,1970,5
30218330,53324181,1970,6
30218338,53323005,1980,0
30218342,53323005,1980,1
30218344,53323005,1980,1
30218347,53323005,1980,2
30218350,53323005,1980,3
30218354,53323005,1980,3
30218355,53323005,1980,4
30218356,53323005,1980,4
30218361,53323005,1980,5
30218363,53323005,1980,3
30218364,53323005,1980,3
30218373,53323005,1980,6
30218374,53323005,1980,6
30218376,53323005,1980,4
30218378,53323005,1980,4
30218380,53323005,1980,4
30218382,53323005,1980,5
30218384,53323005,1980,5
30218389,53323005,1980,6
30218390,53323005,1980,6
30218392,53323005,1980,7
30218393,53323005,1980,7
30218403,52551002,1970,0
30218405,52551002,1970,1
30218406,52551002,1970,1
30218408,52551002,1970,2
30218409,52551002,1970,2
30218415,52551002,1970,3
30218419,52551002,1970,0
30218429,52551002,1970,3
30218430,52551002,1970,3
30218442,52430613,1970,2
30218447,52439801,1970,0
30218457,52410571,1980,1
30218465,52410571,1980,1
30218466,52410571,1980,2
30218469,52595571,1980,0
30218470,52595571,1980,0
30218472,52595571,1980,1
30218478,52465750,1980,0
30218480,52465750,1980,1
30218481,52465750,1980,2
30218486,52595571,1980,0
30218488,52595571,1980,1
30218491,52595571,1980,2
30218501,52460055,1980,1
30218504,52460055,1980,1
30218509,52460055,1980,0
30218513,52460055,1980,1
30218514,52460055,1980,1
30218520,52460055,1980,2
30218522,52447672,1980,0
30218525,52447672,1980,0
30218526,52447672,1980,1
30218527,52447672,1980,1
30218530,52447672,1980,2
30218546,52447672,1980,2
30218550,52447672,1980,2
30218556,52429574,1970,0
30218571,52406863,1970,1
30218572,52406863,1970,1
30218573,52406863,1970,1
30218576,52406863,1970,2
30218579,52589124,1983,0
30218596,52399078,1970,0
30218605,52465874,1970,2
30218611,52399078,1970,0
30218612,52399078,1970,1
30218622,52449438,1980,0
30218623,52449438,1980,0
30218636,52449438,1980,0
30218641,52449438,1980,2
30218644,52449438,1980,0
30218650,52449438,1980,1
30218652,52449438,1980,1
30218656,52449438,1980,2
30218660,53325721,1980,0
30218663,53325721,1980,1
30218665,53325721,1980,2
30218667,53127366,1980,0
30218677,53323733,1980,1
30218678,53323733,1980,1
30218680,53323733,1980,2
30218682,53323733,1980,2
30218683,53323733,1980,2
30218734,52603682,1990,3
30218736,52603682,1990,4
30218738,52603682,1990,5
30218739,52603682,1990,5
30218742,52603682,1990,3
30218743,52603682,1990,3
30218751,52603682,1990,1
30218762,52603682,1990,3
30218775,52583415,1986,0
30218782,52583415,1986,1
30218784,52583415,1986,2
30218839,52409294,1986,0
30218842,52409294,1986,0
30218846,52409294,1986,0
30218873,52586993,1980,0
30218874,52586993,1980,0
30218877,52586993,1980,1
30218879,52586993,1980,1
30218880,52586993,1980,1
30218887,52586993,1980,3
30218889,52586993,1980,0
30218892,52586993,1980,0
30218903,52586993,1980,3
30218911,53035874,1980,1
30218913,53035874,1980,1
30218915,53035874,1980,2
30218916,53035874,1980,2
30218917,53035874,1980,2
30218919,53035874,2014,3
30218920,53035874,2014,3
30218921,53035874,1980,3
30218922,53035874,1980,3
30218923,53035874,1980,0
30218925,53035874,2014,0
30218929,53035874,1980,1
30218930,53035874,2014,1
30218932,53035874,1980,2
30218935,53035874,1980,3
30218936,53035874,1980,3
30218937,53035874,1980,3
30218938,53035874,1980,3
30218943,52446016,1980,0
30218945,52446016,1980,1
30218946,52446016,1980,1
30218949,52446016,1980,2
30218953,52446016,1980,3
30218955,52446016,1980,3
30218963,52446016,1980,1
30218966,52446016,2017,2
30218971,52446016,1980,3
30218972,52446016,1980,3
30218976,52450272,1980,0
30218978,52450272,1980,1
30218979,52450272,1980,1
30218982,52450272,1980,0
30218985,52450272,1980,1
30218986,52450272,1980,2
30218987,52450272,1980,2
30218994,52441067,1980,1
30218996,52441067,1980,2
30219007,53348387,1980,0
30219008,53348387,1980,1
30219009,53348387,1980,1
30219010,53348387,1980,2
30219011,53348387,1980,2
30219016,53348387,1980,2
30219017,53348387,1980,2
30219022,53352025,1980,1
30219024,53352025,1980,2
30219025,53352025,1980,2
30219026,53352025,1980,0
30219029,53352025,1980,1
30219030,53352025,1980,2
30219039,52426115,1980,2
30219040,52426115,1980,3
30219045,52426115,1980,1
30219046,52426115,1980,2
30219047,52426115,1980,2
30219049,52426115,1980,3
30219051,52426115,1980,0
30219054,52426115,1980,1
30219056,52426115,1980,2
30219058,52426115,1980,3
30219064,52451412,1970,1
30219072,52451412,1970,1
30219073,52451412,1970,2
30219074,52451412,1970,2
30219079,52604178,1980,0
30219082,52604178,1980,1
30219083,52604178,1980,2
30219084,52604178,1980,2
30219086,52604178,1980,3
30219089,52604178,1980,0
30219091,52604178,1980,1
30219094,52604178,1980,3
30219105,53320274,1980,2
30219106,53320274,1980,0
30219110,53320274,1980,2
30219111,53320274,1980,2
30219117,52449783,1978,1
30219120,52449783,1978,1
30219121,52449783,1978,0
30219124,52449783,1978,3
30219131,52582941,1980,2
30219135,52582941,1980,0
30219137,52582941,1980,1
30219138,52582941,1980,1
30219139,52582941,1980,2
30219148,52582941,1980,3
30219152,52448368,1970,0
30219155,52448368,1970,2
30219156,52448368,1970,2
30219160,52448368,1970,1
30219166,52556571,1980,0
30219167,52556571,1980,1
30219168,52556571,1980,1
30219169,52556571,1980,2
30219170,52556571,1980,2
30219172,52556571,1980,2
30219179,51663042,1985,2
30219180,51663042,1985,2
30219181,51663435,1980,0
30219182,51663435,1980,0
30219186,51663435,1980,2
30219190,51663435,1980,3
30219193,51663615,1980,1
30219198,51663615,1980,3
30219203,51664919,1980,1
30219204,51664919,1980,1
30219207,51664919,1980,3
30219208,51664919,1980,3
30219209,51664919,1980,3
30219211,52556571,1980,0
30219214,52556571,1980,0
30219215,52556571,1980,0
30219222,52556571,1980,0
30219223,52556571,1980,1
30219224,52556571,1980,1
30219228,52556571,1980,3
30219233,52556571,1980,1
30219234,52556571,1980,1
30219237,52556571,1980,3
30219238,52556571,1980,3
30219239,52556571,1980,3
30219240,52556571,1980,3
30219243,52556571,1980,1
30219244,52556571,1980,1
30219245,52556571,1980,2
30219247,52556571,1980,3
30219249,52556571,1980,3
30219251,52556571,1980,0
30219257,52556571,1980,3
30219258,52556571,1980,3
30219261,52556571,1980,0
30219266,52556571,1980,2
30219267,52556571,1980,3
30219269,52556571,1980,3
30219274,52556571,1980,2
30219277,52556571,1980,2
30219287,53171329,1970,3
30219297,52448926,1980,0
30219300,52448926,1980,2
30219301,52448926,1980,2
30219303,52448926,1980,3
30219304,52448311,1984,0
30219310,52452004,1990,0
30219311,52452004,1990,1
30219313,52452004,1990,3
30219317,53319821,1990,1
30219320,53319821,1990,3
30219335,52402374,1982,2
30219337,52402374,1982,3
30219395,53011713,2015,0
30219396,53011713,1970,0
30219399,53011713,1970,1
30219400,53011713,1970,1
30219401,53011713,1970,1
30219403,53011713,1970,2
30219406,53011713,1970,2
30219408,53011713,1970,3
30219409,53011713,1970,3
30219410,53011713,1970,3
30219411,53011713,1970,0
30219413,53011713,1970,1
30219417,53011713,1970,2
30219418,53011713,1970,2
30219421,53011713,2014,3
30219427,52583921,1980,0
30219428,52583921,1980,0
30219429,52583921,1980,0
30219430,52583921,1980,0
30219433,52583921,1980,1
30219436,52583921,1980,2
30219437,52583921,1980,2
30219438,52583921,1980,2
30219439,52583921,1980,3
30219440,52583921,1980,3
30219443,52583921,1980,0
30219444,52583921,1980,0
30219445,52583921,1980,1
30219448,52583921,1980,1
30219449,52583921,1980,2
30219450,52583921,1980,2
30219452,52583921,1980,2
30219461,52443723,1980,0
30219462,52443723,1980,0
30219463,52443723,1980,1
30219464,52443723,1980,1
30219466,52443723,1980,1
30219469,52443723,1980,2
30219470,52443723,1980,2
30219475,52443723,1980,0
30219476,52443723,1980,0
30219477,52443723,1980,1
30219481,52443723,1980,2
30219482,52443723,1980,2
30219483,52443723,1980,2
30219485,52443723,1980,3
30219486,52443723,1980,3
30219487,52443723,1980,3
30219488,52443723,1980,3
30219497,52440050,1980,0
30219498,52440050,1980,0
30219501,52440050,1980,2
30219508,52465670,1980,1
30219509,52465670,1980,2
30219510,52465670,1980,2
30219512,52465670,1980,0
30219516,52465670,1980,2
30219518,52465670,1980,0
30219520,52465670,1980,1
30219525,52441456,1980,0
30219526,52441456,1980,0
30219527,52441456,1980,1
30219529,52441456,1980,2
30219530,52441456,1980,2
30219531,52441456,1980,3
30219535,52441456,1980,1
30219536,52441456,1980,2
30219537,52441456,1980,2
30219539,52441456,1980,3
30219540,52441456,1980,4
30219543,52396658,1970,0
30219546,52396658,1970,1
30219556,52396658,1970,3
30219564,53012550,1980,1
30219565,53012550,1980,2
30219567,53012550,1980,3
30219574,53012550,1980,3
30219580,52660974,1980,0
30219587,52660974,1980,1
30219589,52660974,1980,2
30219593,52428930,1985,0
30219594,52428930,1985,0
30219596,52428930,1985,1
30219602,52428930,1985,1
30219603,52428930,1985,2
30219604,52428930,1985,2
30219610,52407714,1975,1
30219611,52407714,1975,2
30219612,52407714,1975,2
30219613,52407714,1975,0
30219616,52407714,1975,1
30219617,52407714,1975,2
30219624,52463336,1980,1
30219626,52463336,1980,2
30219628,52463336,1980,3
30219629,52427364,1983,0
30219630,52427364,1983,0
30219631,52427364,1983,1
30219632,52427364,1983,1
30219633,52427364,1983,2
30219639,52461445,1970,1
30219640,52461445,1970,1
30219647,52602855,1981,1
30219653,53319723,1970,0
30219654,53319723,1970,0
30219656,53319723,1970,1
30219660,53319723,1970,3
30219665,52455970,1980,2
30219666,52455970,1980,2
30219667,52455970,1980,3
30219668,52455970,1980,3
30219669,52451252,1980,0
30219670,52451252,1980,0
30219673,52451252,1980,2
30219674,52451252,1980,2
30219675,52451252,1980,3
30219676,52451252,1980,3
30219700,53348666,1980,0
30219701,53348666,1980,0
30219704,53348666,1980,1
30219705,53348666,1980,1
30219706,53348666,1980,1
30219707,53348666,1980,1
30219709,53348666,1980,2
30219710,53348666,1980,2
30219711,53348666,1980,2
30219715,53348666,1980,3
30219716,53348666,1980,0
30219721,53348666,1980,1
30219724,53348666,1980,2
30219729,53348666,1980,3
30219862,52429361,1980,1
30219867,52429361,1980,0
30219868,52429361,1980,1
30219869,52429361,1980,1
30219871,52429361,1980,2
30219875,52429361,1980,1
30219876,52429361,1980,1
30219878,52429361,1980,2
30219881,52429361,1980,0
30219882,52429361,1980,1
30219883,52429361,1980,1
30219886,52429361,1980,3
30219889,51663520,1980,1
30219892,51663520,1980,2
30219893,51663520,1980,0
30219897,51663520,1980,2
30219901,51663520,1980,1
30219904,51663520,1980,0
30219905,51663520,1980,1
30219908,51663520,1980,2
30219909,51663520,1980,0
30219910,51663520,1980,0
30219911,51663520,1980,1
30219912,51663520,1980,1
30219915,51663520,1980,1
30219916,51663520,1980,1
30219982,52450665,1980,2
30219991,52450665,1980,3
30219998,52450665,1980,1
30220002,52450665,1980,3
30220003,52435691,1980,0
30220005,52435691,1980,1
30220007,52435691,1980,2
30220009,52435691,1980,3
30220020,52435691,1980,0
30220022,52435691,1980,1
30220024,52435691,1980,2
30220039,52592903,1970,4
30220041,52592903,1970,2
30220046,52592903,1970,1
30220047,52592903,1970,1
30220049,52592903,1970,2
30220052,52592903,1970,2
30220062,52592903,1970,2
30220075,52592903,1970,3
30220079,52592903,1970,0
30220090,52592903,1970,3
30220091,52592903,1970,4
30220092,52592903,1970,4
30220108,51662352,1980,1
30220111,51662352,1980,2
30220114,51662352,1980,3
30220117,51662352,1980,0
30220118,51662352,1980,0
30220119,51662352,1980,1
30220121,51662352,1980,1
30220124,51662352,1980,1
30220125,51662352,1980,1
30220130,51662352,1980,2
30220133,51662352,1980,2
30220134,51662352,1980,2
30220135,51662352,1980,0
30220140,51662352,1980,0
30220144,51662352,1980,2
30220151,51662352,1980,1
30220155,51662352,1980,1
30220159,51662352,1980,2
30220161,51662352,1980,2
30220165,51662352,1980,2
30220168,51662352,1980,0
30220169,51662352,1980,0
30220170,51662352,1980,0
30220173,51662352,1980,1
30220177,51662352,1980,2
30220185,51662352,1980,1
30220186,51662352,1980,1
30220187,51662352,1980,1
30220193,51662352,1980,2
30220194,51662352,1980,2
30220195,51662352,1980,2
30220197,51662352,1980,2
30220198,51662352,1980,2
30220199,51662352,1980,0
30220206,51662352,1980,2
30220207,51662352,1980,2
30220208,51662352,1980,3
30220210,51662352,1980,0
30220213,51662352,1980,0
30220215,51662352,1980,1
30220217,51662352,1980,1
30220221,51662352,1980,2
30220259,52671369,1980,1
30220260,52671369,1980,1
30220279,52671369,1980,2
30220281,52671369,1980,3
30220282,52671369,1980,3
30220284,52671369,1980,1
30220288,52671369,1980,3
30220289,52671369,1980,1
30220290,52671369,1980,1
30220291,52671369,1980,2
30220292,52671369,1980,2
30220296,52671369,1980,1
30220299,52671369,1980,3
30220300,52671369,1980,3
30220304,52671369,1980,2
30220307,52671369,1980,1
30220308,52671369,1980,1
30220310,52671369,1980,2
30220315,52671369,1980,2
30220317,52671369,1980,3
30220319,52671369,1980,1
30220331,52591453,1983,0
30220332,52591453,1983,0
30220338,52591453,1983,0
30220339,52544764,1982,0
30220348,52444603,1982,0
30220350,52444603,1982,0
30220352,52444603,1982,0
30220353,52444603,1982,0
30220367,52655638,1970,0
30220368,52655638,1970,0
30220369,52655638,1970,0
30220387,52589048,1970,3
30220389,52589048,1970,4
30220400,53161311,1984,0
30220401,53161311,1984,0
30220419,52551916,1984,1
30220425,53348110,1983,1
30220429,52451333,1980,0
30220431,52451333,1980,1
30220443,52598260,1980,2
30220445,52598260,1980,2
30220450,52598260,1980,4
30220451,52598260,1980,5
30220456,52661397,1980,1
30220464,52661397,1980,2
30220465,52661397,1980,2
30220466,52661397,1980,3
30220467,52661397,1980,3
30220472,53351718,1982,1
30220474,53351718,1982,2
30220476,53351718,1982,3
30220489,53348396,1980,0
30220497,52425701,1980,1
30220498,52425701,1980,1
30220499,52425701,1980,2
30220501,52425701,1980,2
30220502,52425701,1980,3
30220505,52425701,1980,4
30220632,52556723,1984,0
30220633,52556723,1984,0
30220659,52556185,1984,0
30220669,52449293,1980,0
30220672,52449293,1980,0
30220693,52567673,1982,0
30220698,52417078,1989,0
30220704,52492247,1990,0
30220712,52446294,1984,0
30220719,52458867,1980,0
30220720,52458867,1980,0
30220759,53126523,1990,0
30220775,52444635,1982,0
30220785,52598613,1980,0
30220790,52491712,1985,0
30220796,53045841,1985,0
30220808,52513914,1983,1
30220825,52449539,1985,0
30220826,52449539,1985,0
30220838,52598317,1980,1
30220839,52992596,1990,
30220841,52557477,1985,1
30220842,53446492,1981,
30220848,52583234,1980,2
30220857,52568583,1980,
30220861,52604682,1982,1
30220868,53344415,1983,0
30220881,52440503,1981,
30220883,52568121,1990,1
30220884,52432101,1980,
30220887,52603847,1980,0
30220912,52674625,1990,0
30220914,52449810,1980,
30220921,52546128,1982,0
30220922,52546128,1982,0
30220925,52491301,1960,0
30220926,52491301,1960,0
30220928,53131709,1980,1
30220937,52585664,1983,0
30220941,52508155,1980,0
30220945,53323393,1990,0
30220946,53323393,1990,0
30220949,52439391,1984,0
30220953,52439244,1983,0
30220959,52447570,1980,1
30220961,52591009,1988,1
30220965,52660960,1970,0
30220978,52491815,1983,0
30220981,52399066,1982,0
30220982,52399066,1982,0
30221005,52440008,1988,0
30221010,52437175,1980,0
30221027,52800100,1980,1
30221037,52589013,1980,0
30221040,52589013,1980,1
30221045,52450069,1984,0
30221046,52450069,1984,0
30221051,52599201,1975,0
30221068,53331975,1984,1
30221069,53331975,1984,2
30221074,52653211,1985,0
30221078,52454692,1978,0
30221081,52454692,1978,1
30221086,52449137,1980,0
30221088,52449137,1980,0
30221101,52538806,1983,0
30221104,52655854,1985,
30221107,52661396,1993,1
30221116,52552559,1982,0
30221176,52513146,1980,
30221185,52553126,1980,0
30221194,53165867,1980,0
30221207,52444527,1980,0
30221215,53441660,1984,0
30221228,53127772,1984,
30221230,52653607,1980,
30221238,52411706,1990,
30221268,53360103,1985,0
30221272,52428958,1981,0
30221293,52408840,1980,0
30221299,52585174,1984,0
30221301,53094878,2000,
30221305,52560285,1986,0
30221338,52428515,1983,
30221344,52655434,1984,1
30221361,52465674,1980,0
30221374,52461910,1985,2
30221379,52604202,1980,1
30221382,52604202,1980,2
30221394,52604202,1980,3
30221402,52604202,1980,0
30221411,52604202,1980,1
30221422,52406361,1970,0
30221433,52432403,1985,1
30221448,53325989,1985,3
30221464,52546785,1970,1
30221465,52546785,1970,2
30221473,52546785,1970,2
30221477,52546785,1970,0
30221479,52546785,1970,1
30221483,52546785,1970,3
30221484,52546785,1970,3
30221485,52546785,1970,0
30221488,52546785,1970,1
30221491,52546785,1970,3
30221492,52546785,1970,3
30221498,52546785,1970,2
30221499,52546785,1970,3
30221503,53323500,1980,0
30221504,53323500,1983,0
30221516,53323500,1980,2
30221525,53323500,1980,0
30221531,53323500,1980,2
30221532,53323500,1980,1
30221536,53323500,1980,1
30221540,53323500,1980,0
30221549,52431912,1987,0
30221567,52431912,1987,2
30221580,52431912,1987,2
30221583,52431912,1987,3
30221599,52457255,1980,1
30221610,52457255,1980,4
30221623,52465051,1980,3
30221627,52431954,1980,-1
30221628,52431954,1980,0
30221650,52427171,1980,3
30221658,52409511,1980,0
30221664,52409511,1980,3
30221669,52458337,1980,0
30221696,53343526,1980,2
30221705,53343526,1980,3
30221706,53343526,1980,3
30221709,53343526,1980,1
30221711,53343526,1980,2
30221718,53343526,1980,1
30221720,53343526,1980,2
30221728,52447729,1985,1
30221734,52447729,1985,0
30221753,52447729,1985,2
30221766,52439331,1970,0
30221784,52439331,1970,1
30221796,52434281,1980,0
30221797,52434281,1980,1
30221805,52434281,1980,1
30221807,52434281,1980,2
30221811,52434281,1980,0
30221815,52434281,1980,2
30221816,52434281,1980,2
30221822,52432890,1987,0
30221823,52432890,1987,1
30221826,52432890,1987,2
30221846,52432890,1987,0
30221847,52432890,1987,1
30221860,52427375,1985,2
30221862,52427375,1985,3
30221876,52427375,1985,2
30221877,52427375,1985,3
30221881,52427375,1985,1
30221885,52427375,1985,3
30221951,53350472,1990,1
30222196,52591361,,1
30222299,52445410,1980,0
30222301,52445410,1980,0
30222304,52445410,1980,0
30222306,52445410,1980,0
30222308,52445410,1980,1
30222312,52445410,2008,0
30222313,52445410,1980,0
30222316,52445410,1980,0
30222317,52445410,1980,0
30222320,52445410,1980,0
30222324,52445410,1980,0
30222326,52445410,1980,0
30222327,52445410,1980,0
30222328,52445410,1980,0
30222330,52445410,1980,0
30222331,52445410,1980,0
30222332,52445410,1980,0
30222333,52445410,1980,0
30222334,52445410,1980,2
30222339,52445410,1980,0
30222347,52445410,1980,4
30222360,52445410,1980,3
30222367,52445410,1980,3
30222368,52445410,1980,3
30222370,52445410,1980,4
30222378,52445410,1980,4
30222385,52445410,1980,3
30222395,52445410,1980,4
30222400,52445410,1980,2
30222401,52445410,1980,3
30222420,52445410,1980,2
30222422,52445410,1980,3
30222426,52445410,1980,2
30222438,52445410,1980,4
30222509,52448623,1970,0
30222511,52448623,1970,1
30222512,52448623,1970,1
30222514,52448623,1970,2
30222548,52439703,1980,4
30222558,52439703,1980,4
30222564,52439703,1980,2
30222565,52439703,1980,3
30222567,52439703,1980,4
30222570,52439703,1980,0
30222576,52439703,1980,3
30222578,52439703,1980,4
30222588,52439703,1980,4
30222589,52439703,1980,0
30222604,52439703,1980,2
30222610,52439703,1980,0
30222617,52439703,1980,4
30222624,52439703,1980,2
30222627,52439703,1980,4
30222632,52439703,1980,1
30222648,52439703,1980,4
30222658,52439703,1980,4
30222663,52598126,1980,2
30222664,52598126,1980,2
30222667,52598126,1980,4
30222680,53105860,1970,0
30222682,53105860,1970,1
30222688,52439749,1975,0
30222694,52439749,1975,3
30222696,52445155,1980,0
30222699,52445155,1980,2
30222709,52405186,1980,3
30222710,52405186,1980,3
30222725,52405186,1980,2
30222730,52405186,1980,4
30222731,52405186,1970,0
30222739,52405186,1970,4
30222742,52405186,1983,0
30222749,52405186,1983,4
30222752,52405186,1980,0
30222756,52405186,1980,2
30222761,52446668,1970,0
30222770,52446668,1970,4
30222897,52582577,1970,4
30222900,52582577,1970,4
30222903,52450743,1985,1
30222905,52450743,1985,2
30222907,52450743,1985,2
30222910,52450743,1986,3
30222912,52450743,1985,3
30222913,52450743,1986,4
30222914,52450743,1985,4
30222922,52582577,1985,2
30222924,52582577,1985,2
30223134,53446568,1980,1
30223140,53446568,1980,0
30223144,53446568,1980,2
30223146,53446568,1980,3
30223223,52493210,1981,0
30223225,52493210,1981,0
30223228,52493210,1981,0
30223231,52493210,1981,0
30223239,52493210,1981,0
30223240,52493210,1981,0
30223246,52493210,1981,0
30223253,52493210,1981,0
30223254,52559666,1981,-1
30223258,52559666,1981,0
30223264,52559666,1981,0
30223276,52560597,1980,3
30223359,52493210,1980,0
30223373,53324335,1987,0
30223379,52553842,1987,0
30223381,52553842,1987,0
30223385,52553842,1987,0
30223389,52464335,1987,0
30223391,52464335,1987,0
30223393,52464335,1987,0
30223405,52492683,1987,0
30223407,52492683,1987,0
30223411,52492683,1987,0
30223419,52592321,1985,0
30223428,52443951,1985,0
30223430,52443951,1985,0
30223446,52443951,1985,0
30223449,52443951,1985,0
30223450,52592321,1985,0
30223452,52592321,1985,0
30223454,52443951,1985,0
30223455,52443951,1985,0
30223456,52443951,1985,0
30223466,52592321,1989,0
30223470,52465938,1980,2
30223476,52465938,1980,1
30223479,52465938,1980,3
30223482,52465938,1980,4
30223485,52465938,1980,2
30223487,52465938,1980,3
30223489,52465938,1980,4
30223499,52465938,1980,2
30223503,52465938,1980,4
30223504,52465938,1980,1
30223506,52465938,1980,2
30223507,52465938,1980,3
30223509,52465938,1980,4
30223510,52465938,1980,4
30223515,52465938,1980,3
30223516,52465938,1980,4
30223517,52465938,1980,4
30223518,52465938,1980,1
30223519,52465938,1980,2
30223521,52465938,1980,3
30223528,52465938,1980,3
30223529,52465938,1980,3
30223532,52465938,1980,1
30223534,52465938,1980,2
30223535,52465938,1980,3
30223536,52465938,1980,3
30223542,52465938,1980,3
30223551,52465938,1980,4
30223552,52465938,1980,4
30223560,52446094,1970,2
30223567,52446094,1970,5
30223568,52445709,1970,1
30223580,52446094,1970,0
30223583,52446094,1970,1
30223592,52446094,1970,6
30223608,52583437,1980,3
30223794,52491781,1990,3
30223802,52491781,1990,0
30223803,52491781,1990,1
30223810,52491781,1990,1
30223820,52491781,1990,2
30223822,52491781,1990,3
30223844,52491781,1990,0
30223877,52491781,1980,4
30223902,52491781,1990,2
30223908,52491781,1990,0
30223910,52491781,1990,1
30223913,52491781,1990,2
30223921,52491781,1990,1
30223925,52432666,1990,3
30223942,53317381,1980,2
30223945,53317381,2012,4
30223947,53317381,1980,1
30223968,53317381,1980,1
30223974,53317381,1980,4
30223978,53317381,1980,3
30224001,52591869,1990,1
30224003,52555691,2000,
30224005,52446057,1995,1
30224040,52491714,1986,0
30224053,52429714,1990,
30224056,52436983,1988,1
30224060,53153587,2012,
30224061,52399071,1993,1
30224063,52458390,1990,1
30224065,52651508,1995,1
30224072,53323205,1980,1
30224074,52463880,1970,
30224075,52401032,1996,1
30224076,52400504,1995,1
30224088,52581541,1960,
30224092,52436634,1993,1
30224095,52428926,1992,
30224097,52558362,1992,
30224104,52665318,1997,1
30224107,52593266,1990,
30224110,52598259,1995,
30224111,52397661,1985,
30224117,52440471,1998,
30224121,52430960,1990,0
30224124,52445093,1997,
30224133,52495303,1990,1
30224138,53322487,1998,
30224139,52553363,1997,1
30224144,52439075,1975,0
30224155,53315442,1980,1
30224160,53324857,1990,1
30224162,53327111,1999,1
30224163,52452818,1985,
30224165,52450770,1992,1
30224169,52508962,1985,1
30224170,52602574,2012,1
30224173,52409770,1998,
30224178,52410040,1995,1
30224180,53321340,2000,
30224181,52594717,1990,1
30224182,52555808,1980,1
30224183,52409326,1995,
30224184,52445862,1995,1
30224187,52405063,1994,
30224195,53320980,1994,1
30224197,53152684,1990,
30224205,52665752,1996,
30224212,52591910,1998,0
30224219,52465676,1995,0
30224221,52465676,1995,0
30224229,52457931,1995,0
30224232,52457931,1995,2
30224233,52457931,1995,2
30224237,53320603,1996,1
30224239,53320603,1996,0
30224245,53320603,1996,0
30224248,53320603,1996,2
30224249,53320603,1996,2
30224254,53320603,1996,2
30224263,52495362,1980,0
30224266,52495362,1980,0
30224272,52415403,1998,0
30224274,52415403,1998,1
30224277,52415403,1998,3
30224279,52415403,1998,4
30224281,53349032,2000,1
30224320,52585099,1996,
30224327,52449882,1990,1
30224328,52449882,1990,2
30224331,52449882,1990,4
30224335,52449882,1990,6
30224337,52449882,1990,0
30224338,52449882,1990,0
30224339,52449882,1990,1
30224342,52449882,1990,2
30224344,52449882,1990,3
30224345,52449882,1990,4
30224347,52449882,1990,5
30224353,52432261,1990,3
30224365,52432261,1990,2
30224374,52432261,1990,0
30224375,52432261,1990,1
30224376,52432261,1990,2
30224377,52432261,1990,3
30224378,52432261,1990,3
30224382,52432261,1990,5
30224383,52432261,1990,6
30224422,65707495,1980,3
30224479,52464524,1990,0
30224481,52464524,1990,0
30224484,52464524,1990,0
30224488,52597880,1983,0
30224489,52597880,1983,0
30224490,52597880,1983,0
30224491,52597880,1983,0
30224496,52451772,1987,0
30224497,52451772,1987,0
30224500,52451772,1987,0
30224504,52449433,1975,0
30224523,52965492,1986,0
30224524,52965492,1986,0
30224531,52442365,1980,0
30224540,52456816,1984,0
30224616,52589126,2007,0
30224624,52589126,2007,0
30224632,52589126,2007,0
30224636,52589126,2007,2
30224649,52439285,1995,0
30224654,52439285,1995,2
30224656,52439285,1995,3
30224660,52439285,1995,5
30224711,52653719,1997,2
30224713,52653719,1997,3
30224714,52653719,1997,3
30224715,52653719,1997,4
30224716,52653719,1997,4
30224722,52585717,1997,0
30224723,52585717,1997,1
30224729,52585717,1997,4
30224732,52585717,1997,5
30224735,52434568,1960,0
30224736,52434568,1960,0
30224737,52434568,1960,1
30224744,52434568,1960,4
30224745,52434568,1960,5
30224749,52668581,1960,0
30224847,53322484,1986,0
30224848,53322484,1986,0
30224852,52653258,1980,0
30224853,53037744,1990,
30224854,52586568,1980,
30224858,52491799,1981,0
30224874,52661954,1980,0
30224881,53095692,1984,0
30226119,51664123,1994,2
30226123,52557762,1992,
30226162,53139685,1990,1
30226164,53139685,1990,1
30226173,53139685,1990,3
30226175,53139685,1990,3
30226309,52676385,1976,1
30226321,53367825,1960,
30226702,52667252,1960,0
30226709,52667252,1960,0
30226714,52667252,1960,1
30226719,52667252,1960,2
30229705,53339798,1990,2
30229726,53339798,1990,3
40421025,53388092,2007,5
40421702,52460912,2013,1
40421709,52463424,1930,0
40421903,52438683,1980,1
40422150,52550984,2005,
40422153,52550984,2005,2
40422154,52550984,2005,3
40422155,52550984,2005,4
40423182,52585234,1952,1
40423893,53336225,1980,3
40423894,53336225,1980,4
40423896,53336225,1980,0
40423897,53336225,1980,0
40423898,53336225,1980,0
40423899,53336225,1980,1
40423900,53336225,1980,1
40423903,53336225,1980,2
40424019,52548822,1978,1
40424021,52548822,1978,1
40424032,52548822,1978,2
40424047,52582375,1970,0
40424056,52582375,1970,3
40424058,52582375,1970,3
40424064,52582375,1970,5
40424076,52582375,1970,9
40424376,52562362,2007,2
40424446,53364907,2008,0
40424509,52705603,1960,1
40425362,51663245,1960,4
40425871,52549726,2007,0
40425873,52549726,2007,1
40425874,52549726,2007,2
40425877,52549726,2007,4
40426263,52542754,2013,2
40426266,52542754,1950,3
40426312,52466762,2015,1
40426315,52466762,2015,4
40426316,52466762,1950,1
40427054,53013009,2011,
40427227,52682846,1930,
40427279,52992922,1960,3
40428199,52689566,1999,0
40428200,52689566,1999,0
40428202,52689566,1999,1
40428203,52689566,1999,3
40428204,52689566,1999,1
40428205,52689566,1999,2
40428206,52689566,1999,2
40428208,52689566,1999,2
40428209,52689566,1999,2
40428210,52689566,1999,3
40428213,52689566,1999,3
40428216,52689566,1999,4
40428217,52689566,1999,4
40428220,52689566,1999,5
40428226,52689566,1999,6
40428228,52689566,1999,7
40428229,52689566,1999,7
40428231,52689566,1999,1
40428232,52689566,1999,1
40428233,52689566,1999,1
40428241,52689566,1999,3
40428243,52689566,1999,4
40428244,52689566,1999,4
40428245,52689566,1999,4
40428247,52689566,1999,5
40428250,52689566,1999,6
40428251,52689566,1999,6
40428253,52689566,1999,6
40428255,52689566,1999,7
40428258,52689566,1999,8
40428259,52689566,1999,8
40428262,52689566,1999,1
40428263,52689566,1999,1
40428266,52689566,1999,2
40428267,52689566,1999,2
40428269,52689566,1999,3
40428275,52689566,1999,4
40428276,52689566,1999,5
40428277,52689566,1999,5
40428278,52689566,1999,1
40428282,52689566,1999,2
40428283,52689566,1999,2
40428284,52689566,1999,2
40428295,52689566,1999,5
40428296,52689566,1999,1
40428300,52689566,1999,2
40428302,52689566,1999,3
40428303,52689566,1999,3
40428304,52689566,1999,3
40428305,52689566,1999,4
40428307,52689566,1999,4
40428311,52689566,1999,1
40428313,52689566,1999,2
40428314,52689566,1999,2
40428315,52689566,1999,2
40428319,52689566,1999,3
40428320,52689566,1999,4
40428322,52689566,1999,1
40428323,52689566,1999,1
40428325,52689566,1999,2
40428328,52689566,1999,3
40428330,52689566,1999,3
40428331,52689566,1999,4
40428332,52689566,1999,4
40428334,52689566,1999,5
40428342,52689566,1999,2
40428343,52689566,1999,3
40428348,52689566,1999,4
40428350,52689566,1999,4
40428351,52689566,1999,5
40428354,52689566,1999,1
40428359,52689566,1999,2
40428360,52689566,1999,3
40428361,52689566,1999,3
40428367,52689566,1999,4
50317565,52526931,2005,1
50317569,52526931,2005,2
50317574,52526931,2005,4
50317577,52526931,2005,5
50317578,52526931,2005,5
50317584,52526931,2006,3
50317588,52526931,2006,4
60423128,53325873,1985,1
60423512,52442131,1980,1
60423526,52442131,1980,3
60423555,52442131,1980,3
60423559,52442131,1980,4
60423564,52442131,1980,5
60423566,52442131,1980,5
60425595,52449359,1994,0
60425614,52408227,1996,4
60425619,52794267,2009,1
60425620,52794267,2009,1
60425626,52563950,2004,2
60425627,52563950,2004,-1
60425628,52563950,2004,0
60425630,52563950,2004,4
60425632,52563950,2004,1
60425636,52563950,2004,2
60425637,52563950,2004,2
60425638,52563950,2004,
60425639,52563950,2004,5
60425641,52563950,2004,4
60425645,52563950,2004,4
60425646,52563950,2004,4
60425648,52563950,2004,6
60425649,52563950,2004,5
60425650,52563950,2004,5
60425651,52563950,2004,5
60425652,52563950,2004,5
60425655,52563950,2004,7
60425658,52563950,2004,6
60425659,52563950,2004,6
60425662,52563950,2004,6
60425666,52563950,2004,7
60425669,52563950,2004,7
60425670,52563950,2004,7
60425671,52563950,2004,7
60425672,52563950,2004,8
60425675,52563950,2004,10
60425680,52563950,2004,9
60425681,52563950,2004,9
60425682,52563950,2004,10
60425686,52563950,2004,9
60425690,52563950,2004,10
70456005,52592281,1990,3
80299202,65041588,2014,2
80299205,65041588,2014,2
80299206,65041588,2014,3
80299207,65041588,,3
80299208,65041588,2014,3
80299210,65041588,2014,3
80299211,65041588,2014,3
80299214,65041588,2014,3
80299215,65041588,2014,3
80299216,65041588,2014,3
80299221,65041588,2014,3
80299223,65041588,2014,4
80299224,65041588,2014,3
80299227,65041588,2014,3
80299229,65041588,2014,3
80299232,65041588,2014,3
80299233,65041588,2014,4
80299234,65041588,2014,4
80299237,65041588,2014,4
80299238,65041588,2014,4
80299240,65041588,2014,4
80299241,65041588,2014,5
80299248,65041588,2014,5
80299250,65041588,2014,5
80299252,65041588,2014,5
80299257,65041588,2014,5
80299258,65041588,2014,5
80299260,65041588,2014,6
80299263,65041588,2014,6
80299264,65041588,2014,6
80299267,65041588,2014,6
80299270,65041588,2014,6
80299271,65041588,2014,6
80299273,65041588,2014,6
80299276,65041588,2014,7
80299282,65041588,2014,7
80299284,65041588,2014,7
80299286,65041588,2014,7
80299288,65041588,2014,7
80299289,65041588,2014,7
80299291,65041588,2014,7
80299292,65041588,2014,7
80299298,65041588,2014,8
80299300,65041588,2014,8
80299302,65041588,2014,8
80299305,65041588,2014,8
80299307,65041588,2014,8
80299309,65041588,2014,8
80299314,65041588,2014,9
80299317,65041588,2014,9
80299318,65041588,2014,9
80299328,65041588,2014,10
80299329,65041588,2014,10
80299330,65041588,2014,10
80299331,65041588,2014,10
80299332,65041588,2014,10
80299334,65041588,2014,10
80299338,65041588,2014,10
80299340,65041588,2014,10
80299341,65041588,2014,10
80299345,65041588,2014,
80299346,65041588,2014,
80299348,65041588,2014,
80299350,65041588,2014,
80299353,65041588,2014,
80299354,65041588,2014,
80299358,65041588,2014,
80299360,65041588,2014,
80299362,65041588,2014,
80299364,65041588,2014,
80299367,65041588,2014,
80299368,65041588,2014,
80299371,65041588,2014,
80299377,65041588,2014,
80299379,65041588,2014,
80299381,65041588,2014,
80300056,52522845,1949,0
80300058,52522845,1949,2
80301654,52535561,2007,1
80302003,52562700,2003,2
80302005,52562700,2003,3
80304451,52432238,1990,
80308161,52666391,1998,1
80308162,52712615,1980,2
80311097,52668326,2000,1
80313042,53420387,2015,5
80313497,52987809,2007,2
80313498,52987809,2007,3
80315046,52713117,2016,4
80316631,53044372,1960,1
80316634,53044372,1960,2
80316637,53044372,2015,4
80322932,52444974,1995,1
80322934,52444974,1995,2
80322936,52444974,1995,3
80325873,52465151,1950,2
80325875,52465151,1950,3
80325876,52465151,2016,3
80326043,52649291,1971,2
80334014,52645663,1970,5
80334022,52466450,1950,2
80334028,52726126,1970,0
80334029,52726126,1970,0
80334031,52726126,1970,0
80334072,52726126,1970,5
80334090,52728443,1960,2
80334092,52728443,1960,2
80335183,52681298,1998,1
80335202,53373463,1998,
80335231,52962474,1998,1
80335304,52548507,1970,3
80335321,53315197,1970,2
80335377,52413164,2013,4
80335378,52413164,2013,3
80336998,52721815,1973,3
80346036,53326342,1983,0
80347221,52493296,2003,2
80347258,52676164,1990,1
80353423,52440888,2015,1
80353424,52440888,2015,2
80353426,52440888,2015,3
80353545,52680764,2005,2
80353546,52680764,2005,2
80353547,52680764,2005,2
80359495,53371524,1995,0
80359496,53371524,1995,0
80359497,53371524,1995,1
80359502,53371524,1995,2
80359503,53371524,1995,2
80359504,53371524,1995,2
80359506,53371524,1995,2
80359508,53371524,1995,3
80359509,53371524,1995,3
80359510,53371524,1995,4
80359538,52692792,1995,0
80359540,52692792,1995,1
80359549,52692792,1995,4
80359553,52692792,1995,2
80359626,65055594,2014,0
80366482,52447975,1984,2
80366485,52447975,1984,2
80368718,52544884,1996,2
80369528,52495600,1960,0
80369531,52495600,1956,1
80369991,52495284,1935,0
80369992,52495284,1935,0
80369997,52495284,2016,3
80369998,52495284,1935,4
80374503,52442925,1950,3
80374504,52442925,1950,3
80378283,53360625,1970,3
80378293,53360625,1970,3
80378295,53360625,1970,4
80378296,53360625,1970,4
80378298,53360625,1970,0
80378313,53360625,1970,1
80378319,53360625,1970,3
80378329,53360625,1970,4
80378331,53360625,1970,1
80378333,53360625,1970,2
80381798,52648666,2004,0
80381801,52648666,2004,1
80381802,52648666,2004,1
80381805,52648666,2004,2
80381806,52648666,2004,3
80381808,52648666,2004,3
80381809,52648666,2004,4
80381810,52648666,2004,4
80385546,64908851,1950,1
80385547,64908851,1950,0
80385548,64908851,1950,0
80385550,64908851,1950,0
80385551,64908851,1950,0
80385559,64908851,1950,1
80385561,64908851,1950,2
80385562,64908851,1950,2
80385566,64908851,1950,3
80389000,53342531,2012,0
80389001,53342531,2012,1
80389002,53342531,2012,2
80389003,53342531,2012,2
80389004,53342531,2012,3
80389005,53342531,2012,3
80389006,53342531,2012,4
80389007,53342531,2012,4
80389008,53342531,2012,5
80389009,53342531,2012,6
80415464,65052849,1960,2
80436983,71178013,1935,
80436984,71178013,2017,0
80436985,71178013,2017,0
80436986,71178013,2017,1
80436987,71178013,2017,1
80436988,71178013,2017,2
80436989,71178013,2017,2
80436990,71178013,2017,3
80436991,71178013,2017,4
80441003,53322144,1980,0
80441004,53322144,1980,0
80441005,53322144,1980,0
80441007,53322144,1980,1
80441008,53322144,1980,1
80441009,53322144,1980,1
80441010,53322144,1980,2
80441012,53322144,1980,2
80443664,51662608,2012,2
80443667,51662608,2012,5
80443669,51662608,1970,4
80443670,51662608,2012,4
80443676,51662608,2012,1
80443677,51662608,2012,5
80443682,51662608,2012,1
80443684,51662608,2012,4
80443688,51662608,2012,2
80443692,51662608,2012,4
80443700,51662608,2012,1
80443702,51662608,2012,2
80805744,52564226,1960,5
80827905,52549720,1948,0
80829166,52444921,2004,0
80829168,52444921,2004,1
80829169,52444921,2004,1
80884220,52701939,1970,0
80884221,52701939,1970,1
80884222,52701939,1970,1
80884326,52653474,1930,6
80884327,52653474,1930,6
80891273,65054576,2016,5
80904039,52714308,1970,4
80915615,68342924,2019,2
80915629,68342924,2019,5
80915634,68342924,2019,6
80915637,68342924,2019,6
80918779,52522221,2000,
80922262,52703472,1970,1
80922266,65714957,1950,-1
80922270,65714957,1950,1
80922271,65714957,1950,2
80922276,52662187,1980,0
80922292,52760575,1980,0
80922304,52651724,1960,-1
80922307,52651724,1960,2
80922318,53331876,1930,1
80922338,52703484,1920,1
80922354,52702499,1980,2
80922355,52702499,1980,3
80930114,52702525,2018,0
80930115,52702525,2018,0
80930116,52702525,2018,0
80930117,52702525,1969,1
80930119,52702525,2018,1
80930120,52702525,2018,2
80930122,52702525,,3
80930123,52702525,2018,4
80957851,52462273,1950,0
80957860,52462273,1950,5
80975225,52521454,1960,-1
80975226,52521454,1960,-1
80990881,53323362,,-1
80990882,53323362,2012,-1
80990883,53323362,2012,1
80990884,53323362,2012,1
80990885,53323362,,2
80990886,53323362,2012,2
80990887,53323362,2012,3
80990888,53323362,2012,4
80999020,52564226,1960,0
80999021,52564226,1960,0
80999024,52564226,1960,2
80999025,52564226,1960,2
80999026,52564226,1960,3
80999028,52564226,1960,4
80999029,52564226,1960,6
81012578,52652047,1950,0
81037646,52754639,1940,1
81037651,52496599,1960,1
81037670,52656485,2002,2
81037679,52703455,1950,-1
81037696,52703455,1950,
81048002,52495493,1930,2
81048029,52463777,1970,0
81048034,52463777,1970,3
81048036,52409013,1993,1
81048043,65709152,1920,2
81054163,52462030,1950,-1
81054164,52462030,1950,0
81054165,52462030,1950,0
81054168,52462030,1950,2
81054169,52462030,1950,2
81054170,52462030,1950,2
81054171,52462030,1950,3
81054172,52462030,1950,3
81054173,52462030,1950,3
81054174,52462030,1950,4
81068202,65720208,2016,1
81068203,65720208,2016,1
81068204,65720208,2016,2
81068207,65720208,2016,3
81068208,65720208,2016,3
81068211,65720208,2016,4
81068215,65720208,2016,5
81068217,65720208,2016,5
81068225,65720208,2016,2
81068226,65720208,2016,2
81068227,65720208,2016,2
81075257,65268649,,13
81080868,52537445,1990,
81080872,52537445,1990,2
81080875,52537445,1990,
81081093,52716079,2004,3
81085846,52654700,1970,1
81086498,52731857,1950,0
81107837,52557948,1940,
81107838,52557948,1940,0
81107839,52557948,1940,0
81107840,52557948,1940,1
81107841,52557948,1940,1
81107842,52557948,1940,2
81107843,52557948,1940,2
81107847,52557948,1940,4
81112419,52660863,2014,0
81112420,52660863,2014,0
81112421,52660863,2014,0
81112429,52660863,2014,2
81112430,52660863,2014,2
81112431,52660863,2014,3
81112438,52660863,2014,4
81112441,52660863,2014,5
81112454,52660863,1940,7
81112457,52660863,2014,8
81112462,52660863,2014,9
81112480,52660863,2014,13
81112487,52660863,2014,14
81112494,52660863,2014,16
81112501,52660863,2014,18
81112513,52660863,2014,21
81112517,52660863,2014,23
81117446,53334060,1940,2
81132770,52488863,1948,1
81135283,52539800,1960,1
81135381,52604625,1960,2
81178356,52522892,2018,4
81190807,65709152,1920,8
81216731,52676319,1970,0
81216733,52676319,1970,1
81216744,52676319,1970,4
81222922,52704161,1950,-1
81222946,52701981,1950,0
81222988,52686325,1970,3
81223013,52686325,1970,1
81223014,52686325,1970,1
81241329,52686325,1970,0
81241330,52686325,1970,0
81245123,52682128,1970,-1
81247598,52651678,1960,0
81247637,52647093,1970,1
81247642,52427202,1950,0
81266646,52441104,1957,1
81266647,52441104,1957,2
81273172,52534706,1938,3
81275388,52450424,2024,3
81275390,52450424,2024,2
81275391,52450424,2024,2
81275393,52450424,2024,1
81280929,52648281,1970,0
81307731,52731445,2029,5
81324435,52448246,1970,0
81352494,53103755,1950,0
81352496,53103755,1950,1
81352497,53103755,1950,1
81364408,52582566,1970,
9000000000,52562018,2000,0
9000000001,52562018,2000,0
9000000002,52562018,2000,0
9000000003,52562018,2000,2
9000000004,52408548,1987,7
9000000005,52722715,1960,1
9000000006,52681952,1950,0
9000000007,65726976,1970,2
9000000008,52651888,1940,2
9000000009,53318516,1970,5
9000000010,53348241,1960,
9000000011,52986101,1950,0
9000000012,52444376,1950,1
9000000013,52554718,1979,2
9000000014,52562018,2000,2
9000000015,53318516,1970,5
9000000016,52445410,1980,3
9000000017,52683816,1980,2
9000000018,65729158,1960,1
9000000019,52556787,1970,1
9000000020,52676885,1960,0
9000000021,52437370,2000,6
9000000022,52433193,1970,2
9000000023,52700747,1970,1
9000000024,52429470,1980,0
9000000025,52408642,1953,2
9000000026,53321353,1970,
9000000027,52433193,1970,1
9000000028,52433193,1970,5
9000000029,52760360,1960,0
9000000030,52539905,2000,8
9000000031,52651888,1940,
9000000032,65713383,1960,2
9000000033,52536877,1960,2
9000000034,65053509,1980,10
9000000035,52561431,1950,1
9000000036,53326117,1950,2
9000000037,65053509,1980,2
9000000038,52682325,1950,0
9000000039,53166756,1930,1
9000000040,52676885,1960,1
9000000041,52433193,1980,4
9000000042,52497694,1960,1
9000000043,53327163,1970,1
9000000044,65053509,1980,
9000000045,53318516,1970,2
9000000046,52436329,1970,4
9000000047,52527216,1950,2
9000000048,52459225,1970,0
9000000049,52433193,1980,3
9000000050,52433193,1960,
9000000051,52676885,1960,2
9000000052,52701949,1950,3
9000000053,52433193,1960,3
9000000054,52433193,1950,1
9000000055,52433193,1967,3
9000000056,52545366,1950,1
9000000057,53322023,1970,8
9000000058,52508806,1969,2
9000000059,52491780,1981,2
9000000060,65714556,1960,1
9000000061,53105488,1960,7
9000000062,52563061,1950,2
9000000063,52661423,1970,4
9000000064,65726976,1970,5
9000000065,52433193,1970,1
9000000066,52408642,1953,0
9000000067,52433193,1960,
9000000068,53166756,1930,
9000000069,52526002,1952,0
9000000070,52717517,1955,1
9000000071,52556158,1950,2
9000000072,52515618,1960,2
9000000073,52587060,1950,1
9000000074,53317068,1950,2
9000000075,52433193,1970,4
9000000076,52584318,1970,1
9000000077,52701949,1950,1
9000000078,65080822,2010,8
9000000079,52515618,1960,2
9000000080,65053509,1980,10
9000000081,52536877,1965,1
9000000082,53322023,1970,6
9000000083,52962849,1990,4
9000000085,52433193,1970,
9000000086,53318516,1970,2
9000000087,52554720,1970,3
9000000088,52411845,1930,0
9000000089,52536877,1965,
9000000090,65053004,1998,0
9000000091,64913009,1960,0
9000000092,53071007,1960,2
9000000093,65080822,2010,4
9000000094,52399978,1950,1
9000000095,52794851,1930,
9000000096,52526316,1950,2
9000000097,52464568,1966,1
9000000098,52426992,2007,0
9000000099,65726976,1970,3
9000000100,65080822,2009,8
9000000101,52536877,1965,1
9000000102,52442866,1970,1
9000000103,52408642,1960,1
9000000104,65080822,2010,19
9000000105,52529924,2010,
9000000106,52529339,1970,2
9000000107,52435771,1984,3
9000000108,52460210,1980,2
9000000109,52427281,1970,1
9000000110,52560680,2005,2
9000000111,52675111,1969,2
9000000112,52714740,1960,2
9000000113,52599572,1960,2
9000000114,53326117,1960,2
9000000115,52798701,1950,2
9000000116,53150536,1970,3
9000000117,53348241,1960,1
9000000118,52427281,1970,1
9000000119,52584318,1950,
9000000120,52663378,1960,0
9000000121,52529924,2010,
9000000122,53163918,1960,2
9000000123,65723388,1998,0
9000000124,52426992,2007,1
9000000125,52647882,1960,2
9000000126,52459879,1960,3
9000000127,52653211,1985,0
9000000128,53361975,2001,5
9000000129,52646901,1970,1
9000000130,52404302,1975,3
9000000131,52529924,2010,
9000000132,53105488,1960,5
9000000133,52647882,1960,4
9000000134,65726976,1970,
9000000135,52646901,1940,-1
9000000136,52433193,1960,5
9000000137,52529924,2010,
9000000138,52529924,2010,
9000000139,52798701,1950,1
9000000140,52529924,2010,
9000000141,65080822,2009,3
9000000142,65726976,1970,2
9000000143,52529924,2010,
9000000144,65080822,2010,8
9000000145,52657605,1980,7
9000000146,65080822,2010,3
9000000147,65080822,2010,7
9000000148,53150536,1970,4
9000000149,52529924,2010,2
9000000150,52529924,2010,1
9000000151,52682272,1970,3
9000000152,52554718,1979,2
9000000153,52529339,1970,3
9000000154,52450847,1930,2
9000000155,65080822,2010,2
9000000156,65080822,2010,5
9000000157,52562018,2000,1
9000000158,52529924,2010,3
9000000159,52529924,2010,2
9000000160,52529924,2010,
9000000161,52529924,2010,3
9000000162,65053509,1980,3
9000000163,65080822,2010,5
9000000164,52433193,1980,
9000000165,52990677,1920,1
9000000166,52551108,1950,
9000000167,53326117,1960,2
9000000168,52650771,1990,
9000000169,52529924,2010,
9000000170,53319832,1985,
9000000171,65080822,2010,6
9000000172,53361975,1920,
9000000173,52682526,1960,2
9000000174,52529924,2010,1
9000000175,52529924,2010,
9000000176,53349026,1930,1
9000000177,52529924,2010,1
9000000178,52529924,2010,
9000000179,65080822,2010,6
9000000180,65080822,2010,6
9000000181,65080822,2010,2
9000000182,52529924,2010,1
9000000183,52529924,2010,
9000000184,52433193,1960,
9000000185,52672772,1960,0
9000000186,52700747,1970,1
9000000187,65080822,2010,7
9000000188,53349026,1930,
9000000189,52529924,2010,
9000000190,52529924,2010,
9000000191,53365700,1970,1
9000000192,52529924,2010,2
9000000193,52529924,2010,2
9000000194,53361975,1920,
9000000195,52556614,1970,4
9000000196,52647882,1960,4
9000000197,52490243,1986,1
9000000198,65729158,1960,
9000000199,53350897,1985,
9000000200,65080822,2010,7
9000000201,52529924,2010,
9000000202,53361975,1960,1
9000000203,52529924,2010,
9000000204,52529924,2010,3
9000000205,52529924,2010,
9000000206,52497694,1960,1
9000000207,52557958,1960,1
9000000208,65080822,2010,5
9000000209,52529924,2010,2
9000000210,52529924,2010,
9000000211,52529924,2010,
9000000212,52443882,1970,4
9000000213,52463537,1960,3
9000000214,52661423,1970,5
9000000215,52529924,2010,1
9000000216,52693270,1985,4
9000000217,52529924,2010,1
9000000218,52529924,2010,
9000000219,52529924,2010,
9000000220,52399978,1950,3
9000000221,53343440,1970,
9000000222,53361975,1920,1
9000000223,52529924,2010,
9000000224,52529924,2010,
9000000225,52460210,1980,1
9000000226,53150536,1970,1
9000000227,53343995,1980,6
9000000228,52529924,2010,
9000000229,52529924,2010,1
9000000230,52986318,1950,2
9000000231,52398170,1999,3
9000000232,65080822,2010,7
9000000233,52755132,1974,0
9000000234,52556614,1970,
9000000235,52540210,1970,2
9000000236,53163918,1960,5
9000000237,52431956,1970,1
9000000238,52412632,1960,0
9000000239,52551108,1950,
9000000240,52676885,1960,1
9000000241,52676885,1960,2
9000000242,65080822,2010,7
9000000243,52529924,2010,
9000000244,52529924,2010,2
9000000245,52435771,1984,3
9000000246,52529924,2010,
9000000247,65080822,2010,6
9000000248,52647882,1960,2
9000000249,53114007,1960,0
9000000250,52433193,1960,
9000000251,52433193,1960,
9000000252,52556614,1970,4
9000000253,52794801,1997,0
9000000254,65080822,2010,5
9000000255,65080822,2010,6
9000000256,65043530,2012,0
9000000257,65054577,2012,11
9000000258,52412632,1960,2
9000000259,53114007,1960,3
9000000260,52990638,1990,2
9000000261,53105488,1960,5
9000000262,52444376,1950,
9000000263,52701949,1950,3
9000000264,52514536,1970,0
9000000265,52536877,1965,1
9000000266,52408548,1987,2
9000000267,52561718,1970,1
9000000268,65080822,2010,5
9000000269,53327163,1980,2
9000000270,52583847,1960,4
9000000271,65080822,2010,9
9000000272,65080822,2010,8
9000000273,52445410,1980,0
9000000274,53318516,1970,1
9000000275,65052859,2012,
9000000276,52493171,1980,0
9000000277,52398170,1999,2
9000000278,65052859,2012,10
9000000279,65052859,2012,
9000000280,53361975,2001,2
9000000281,65052859,2012,
9000000282,65713383,1960,3
9000000283,52520485,1953,0
9000000284,53141126,1956,0
9000000285,53349026,1930,
9000000286,52529924,2010,1
9000000287,65080822,2010,9
9000000288,52791413,1970,1
9000000289,52661423,1970,6
9000000290,65059066,1970,0
9000000291,65052859,2012,
9000000292,52529924,2010,6
9000000293,52529924,2010,6
9000000294,52529924,2010,1
9000000295,52555401,1950,2
9000000296,65052859,2012,
9000000297,52433193,1960,1
9000000298,52434808,1980,1
9000000299,65052859,2012,
9000000300,65052859,2012,
9000000301,65043530,2012,2
9000000302,65043530,2012,1
9000000303,65052859,2012,7
9000000304,52515618,1940,1
9000000305,53349026,1930,2
9000000306,52663582,1970,2
9000000307,52520485,1953,0
9000000308,52582998,1940,0
9000000309,52582998,1940,0
9000000310,52690969,1950,1
9000000311,52433193,1970,1
9000000312,65043530,2012,3
9000000313,52429470,1980,0
9000000314,53325779,1920,1
9000000315,52561718,1970,5
9000000316,52428023,1970,2
9000000317,65080822,2010,3
9000000318,65080822,2010,4
9000000319,52647881,1950,2
9000000320,52529924,2010,5
9000000321,65043530,2012,1
9000000322,53094371,1950,1
9000000323,52399978,1950,2
9000000324,52529924,2010,1
9000000325,52442344,1970,1
9000000326,53317068,1950,2
9000000327,65052859,2012,10
9000000328,52556614,1970,3
9000000329,52586494,1980,0
9000000330,53326117,1955,2
9000000331,65055916,2013,1
9000000332,65055916,2008,1
9000000333,65043530,2012,1
9000000334,65052859,2012,8
9000000335,65080822,2010,6
9000000336,52398170,1999,2
9000000337,52714740,1960,6
9000000338,53150536,1970,2
9000000339,52477926,1952,1
9000000340,65043530,2012,4
9000000341,65043530,2012,3
9000000342,65043530,2012,3
9000000343,65052859,2012,
9000000344,52586640,1930,1
9000000345,52417078,1983,2
9000000346,52445410,1980,2
9000000347,65055916,2008,2
9000000348,65080822,2010,5
9000000349,52459225,1970,3
9000000350,53150536,1970,1
9000000351,53318516,1970,3
9000000352,65720331,2015,9
9000000353,52436329,1970,6
9000000354,65053509,1980,
9000000355,53365700,1970,1
9000000356,65052859,2012,10
9000000357,65052859,2012,3
9000000358,52414648,1950,1
9000000359,65052859,2012,5
9000000360,52435771,1984,2
9000000361,52688581,2013,2
9000000362,65052859,2012,
9000000363,65726976,1970,3
9000000364,65052859,2012,6
9000000365,52589994,1970,1
9000000366,65080822,2010,4
9000000367,65052859,2012,
9000000368,52428764,1988,1
9000000369,52688581,2013,3
9000000370,65052859,2012,3
9000000371,52466481,1980,3
9000000372,52646901,1940,2
9000000373,65055916,2013,3
9000000374,65052859,2012,
9000000375,53323746,1980,4
9000000376,65043530,2012,4
9000000377,65052859,2012,2
9000000378,52536877,1960,0
9000000379,52688581,2013,2
9000000380,65043530,2012,4
9000000381,52563568,1942,2
9000000382,65052859,2012,
9000000383,65052859,2012,
9000000384,52676885,1960,2
9000000385,65052859,2012,1
9000000386,52434808,1980,
9000000387,65080822,2010,6
9000000388,65052859,2012,0
9000000389,52433193,1960,1
9000000390,52414275,1970,2
9000000391,65043530,2012,0
9000000392,65043530,2012,4
9000000393,52495268,1960,1
9000000394,52538381,1970,3
9000000395,52433193,1970,1
9000000396,52433193,1963,3
9000000397,52443680,1989,2
9000000398,65052859,2012,
9000000399,53027734,1990,3
9000000400,65080822,2010,5
9000000401,53322023,1970,6
9000000402,65080822,2010,2
9000000403,52529339,1970,3
9000000404,52714740,1960,8
9000000405,52646901,1940,1
9000000406,65728233,1970,1
9000000407,65080822,2010,3
9000000408,52536877,1965,
9000000409,65053509,1980,
9000000410,52682455,1960,0
9000000411,65052859,2012,
9000000412,52561718,1970,1
9000000413,53349949,1950,2
9000000414,65080822,2010,2
9000000415,52688581,2013,4
9000000416,52691682,1953,0
9000000417,65080822,2010,5
9000000418,53348241,1960,1
9000000419,65080822,2010,2
9000000420,53114007,1960,2
9000000421,65080822,2010,5
9000000422,52526316,1950,1
9000000423,65043530,2012,1
9000000424,65714556,1960,1
9000000425,52655659,1970,2
9000000426,52772888,1960,4
9000000427,52655659,1970,6
9000000428,52655659,1970,5
9000000429,52417078,1981,0
9000000430,52709721,1974,3
9000000431,65080822,2010,2
9000000432,52801525,1950,0
9000000433,52463537,1960,3
9000000434,53027734,2008,3
9000000435,53166756,1930,2
9000000436,52714740,1960,4
9000000437,52538509,1960,-1
9000000438,52433193,1970,4
9000000439,53163918,1960,6
9000000440,65052859,2012,
9000000441,52508806,1969,3
9000000442,52497694,1960,2
9000000443,65080822,2010,5
9000000444,52663582,1970,0
9000000445,52791413,1970,1
9000000446,52398170,1999,3
9000000447,65080822,2010,2
9000000448,52411839,1940,3
9000000449,53364843,1950,1
9000000450,52412169,1960,1
9000000451,65052859,2012,
9000000452,52663582,1960,2
9000000453,52663582,1970,2
9000000454,52556614,1970,4
9000000455,52527216,1950,2
9000000456,52589994,1970,7
9000000457,52411418,1960,1
9000000458,52436273,1960,2
9000000459,52463537,1960,1
9000000460,52530681,1950,1
9000000461,52550117,2012,5
9000000462,52709721,1974,1
9000000463,53327163,1973,2
9000000464,52417078,1981,0
9000000465,52682455,1960,1
9000000466,52801525,1950,0
9000000467,53319832,1985,1
9000000468,52437370,2000,2
9000000469,52657012,1970,1
9000000470,52464102,1970,1
9000000471,53027734,2008,2
9000000472,52551840,1950,2
9000000473,53338915,1952,1
9000000474,53027734,1990,0
9000000475,52552708,1980,0
9000000476,52491793,1969,1
9000000477,52649334,1980,
9000000478,52412632,1960,2
9000000479,53375039,1970,7
9000000480,52457287,1970,1
9000000481,53349026,1930,
9000000482,52433193,1967,4
9000000483,53348547,1980,1
9000000484,52714740,1960,7
9000000485,52398170,1999,5
9000000486,52398170,1999,4
9000000487,52412169,1960,1
9000000488,52656111,1972,1
9000000489,53027734,2008,2
9000000490,53105488,1960,7
9000000491,52464102,1970,0
9000000492,52589994,1970,6
9000000493,65720331,2015,5
9000000494,65080822,2010,7
9000000495,52798359,1970,1
9000000496,65720331,2015,8
9000000497,65080822,2010,3
9000000498,52801525,1950,1
9000000499,52801525,1950,0
9000000500,65080822,2010,8
9000000501,65052859,2012,
9000000502,52395731,1970,3
9000000503,52702929,1990,4
9000000504,52647882,1960,1
9000000505,52585492,1975,-1
9000000506,52661017,2017,7
9000000507,52589994,1970,4
9000000508,52549744,1950,2
9000000509,53429032,1970,2
9000000510,53349949,1950,1
9000000511,53150536,1970,0
9000000512,52665529,1970,0
9000000513,52433193,1970,2
9000000514,53426888,1950,2
9000000515,65080822,2010,3
9000000516,52584318,1950,0
9000000517,52495197,1950,4
9000000518,52555401,1950,-1
9000000519,52464568,2017,4
9000000520,52657605,1980,2
9000000521,52661017,2017,6
9000000522,52529924,2010,4
9000000523,53322023,1970,6
9000000524,52408642,1953,1
9000000525,52408083,1960,0
9000000526,53379981,1977,0
9000000527,65055916,2008,1
9000000528,52539905,2000,5
9000000529,65080822,2010,13
9000000530,52722715,1960,3
9000000531,53378956,1970,3
9000000532,52962849,1990,2
9000000533,53361975,1970,4
9000000534,52722715,1960,3
9000000535,52561718,1970,7
9000000536,52722715,1960,2
9000000537,52550117,2012,3
9000000538,52538381,1970,5
9000000539,52439703,1980,2
9000000540,53031631,1970,1
9000000541,52477926,1952,1
9000000542,52516187,1955,3
9000000543,52722715,1960,4
9000000544,53349026,1930,1
9000000545,52445410,1980,3
9000000546,52583847,1960,1
9000000547,52729956,1950,0
9000000548,52464568,2019,4
9000000549,52537567,1960,
9000000550,53040727,1970,4
9000000551,53331975,1984,2
9000000552,52561718,1970,2
9000000553,52722715,1960,2
9000000554,52722715,1960,6
9000000555,52435771,1984,4
9000000556,53166756,1930,1
9000000557,52445410,1980,2
9000000558,52772888,1960,7
9000000559,52661017,2017,5
9000000560,52450687,1980,1
9000000561,52521562,1948,2
9000000562,53319832,1985,
9000000563,52433193,1960,5
9000000564,52493942,2015,2
9000000565,52561718,1970,1
9000000566,52683816,1980,1
9000000567,52769147,1988,
9000000568,52672772,1960,0
9000000569,52538381,1970,2
9000000570,52561718,1970,2
9000000571,52462579,1998,3
9000000572,53167395,1970,3
9000000573,52529924,2010,5
9000000574,52550117,2012,0
9000000575,52431956,1970,0
9000000576,53321150,1970,1
9000000577,53319832,1985,
9000000578,52445949,2000,1
9000000579,52529924,2010,4
9000000580,52967708,1960,1
9000000581,53429032,1970,3
9000000582,52550117,2012,4
9000000583,53318516,1970,2
9000000584,53318516,1970,3
9000000585,53331975,1984,0
9000000586,52587060,1950,3
9000000587,52538509,1960,3
9000000588,53163918,1960,7
9000000589,52561718,1970,3
9000000590,52760360,1960,1
9000000591,52586640,1930,2
9000000592,53114007,1960,1
9000000593,53016817,1970,0
9000000594,53136027,1960,5
9000000595,52495197,1950,3
9000000596,52444547,1960,3
9000000597,65080822,2010,9
9000000598,52769147,1988,8
9000000599,52587835,1950,1
9000000600,52408548,1987,5
9000000601,52438760,1987,0
9000000602,53318516,1970,3
9000000603,52671362,1960,0
9000000604,53105488,1960,5
9000000605,65053509,1980,4
9000000606,52967708,1960,0
9000000607,52661099,,
9000000608,53166756,1930,1
9000000609,52561718,1970,7
9000000610,52661423,1970,1
9000000611,52427281,1970,1
9000000612,52798701,1950,2
9000000613,53344702,1980,2
9000000614,52717285,1950,0
9000000615,52436329,1970,4
9000000616,53348241,1960,6
9000000617,52655659,1970,4
9000000618,52536877,1960,0
9000000619,53136027,1960,6
9000000620,52411418,1960,3
9000000621,65080822,2010,3
9000000622,52585164,1995,2
9000000623,52551108,1950,1
9000000624,53136027,1960,0
9000000625,52563061,1950,1
9000000626,52443312,2020,1
9000000627,52457305,1970,1
9000000628,52440772,1993,1
9000000629,52714740,1960,4
9000000630,53031631,1960,3
9000000631,52538381,1970,2
9000000632,52464632,1996,7
9000000633,53136027,1960,5
9000000634,65720331,2015,2
9000000635,53031631,1960,1
9000000636,53349949,1950,1
9000000637,52561718,1970,2
9000000638,52431407,1960,0
9000000639,53000672,1998,6
9000000640,52556995,1950,3
9000000641,52466481,1980,3
9000000642,53348241,1960,2
9000000643,53136027,1960,3
9000000644,52589994,1970,2
9000000645,52798359,1970,0
9000000646,52530410,1970,3
9000000647,53102884,1980,0
9000000648,52445410,1980,2
9000000649,52425836,1970,3
9000000650,52657605,1980,3
9000000651,52707041,1970,2
9000000652,52589994,1970,9
9000000653,52508455,1920,0
9000000654,52493171,1980,0
9000000655,53361975,1940,0
9000000656,52428023,1970,3
9000000657,53348369,1980,1
9000000658,52655659,1970,1
9000000659,52490243,1980,3
9000000660,52714740,1960,4
9000000661,53338367,1950,1
9000000662,52554720,1970,2
9000000663,52791413,1960,1
9000000664,52515618,1960,1
9000000665,52463537,1960,3
9000000666,52445410,1980,3
9000000667,52793685,1980,1
9000000668,52524705,1970,4
9000000669,52561718,1970,4
9000000670,52551108,1970,1
9000000671,52967708,1960,1
9000000672,52436329,2012,6
9000000673,52408548,1987,3
9000000674,52444376,1950,1
9000000675,52515618,1940,2
9000000676,52451130,1960,3
9000000677,52515618,1960,2
9000000678,52499072,1970,1
9000000679,53322203,1960,0
9000000680,52688581,1992,1
9000000681,53098807,1970,0
9000000682,52772888,1960,1
9000000683,65080822,2010,7
9000000685,52682272,1970,1
9000000686,52395555,1950,2
9000000687,53136027,1960,0
9000000688,53379483,1990,6
9000000689,52561718,1970,4
9000000690,52680107,2000,2
9000000692,53322023,1970,2
9000000693,53105488,1960,7
9000000694,52661017,2017,5
9000000695,52524705,1960,3
9000000696,65052859,2012,
9000000697,52557195,2002,5
9000000698,52538381,1970,4
9000000699,52538509,1960,1
9000000700,53361975,2001,3
9000000701,53361975,1970,1
9000000702,52714740,1960,1
9000000703,52966437,1960,3
9000000704,52464370,1960,1
9000000705,53322023,1970,5
9000000706,52536877,1960,1
9000000707,65055916,2008,1
9000000708,52444376,1950,2
9000000709,52557012,1950,3
9000000710,52556614,1970,2
9000000711,52427281,1970,
9000000712,52499072,1970,2
9000000713,52684484,1960,0
9000000714,53166756,1930,3
9000000715,52548092,2001,1
9000000716,52714740,1960,8
9000000717,52794801,1997,-1
9000000718,52550117,2012,1
9000000719,53318516,1970,3
9000000720,65726976,1970,4
9000000721,53318516,1970,2
9000000722,53322023,1970,2
9000000724,52602706,1995,0
9000000725,52658630,2000,0
9000000726,52561718,1970,4
9000000727,52661423,1970,5
9000000728,53031631,1960,2
9000000729,52456665,1960,2
9000000730,52529339,1970,1
9000000731,52530410,1970,3
9000000732,52545917,1960,2
9000000733,53136027,1960,2
9000000734,52772888,1960,3
9000000735,52732477,2017,5
9000000736,53163918,1960,7
9000000737,52661423,1970,6
9000000738,52492247,1990,0
9000000739,52556614,1970,4
9000000740,53166756,1970,0
9000000741,52428764,1988,3
9000000742,65720331,2015,6
9000000743,52408642,1953,0
9000000744,52556185,1980,2
9000000745,53318516,1970,1
9000000746,65692925,1980,9
9000000747,53031631,2010,1
9000000748,52599201,1975,0
9000000749,53163918,1960,3
9000000750,52439703,1980,4
9000000751,53102884,1980,2
9000000752,52599662,1970,0
9000000753,52411878,2020,4
9000000754,53016886,1960,0
9000000755,52444376,1950,2
9000000756,52554720,1970,4
9000000757,52539905,2000,9
9000000758,52447060,1980,2
9000000759,53348241,1960,1
9000000760,53348241,1960,3
9000000761,53326117,1955,1
9000000762,52557195,2002,2
9000000763,65080822,2010,8
9000000764,65043196,1970,1
9000000765,52446294,1984,0
9000000766,52683816,1980,3
9000000767,53321150,1970,1
9000000768,52661423,1970,4
9000000769,65692925,1988,2
9000000770,52408083,1960,2
9000000771,53317068,1950,1
9000000772,53163918,1960,3
9000000773,52798359,1970,1
9000000774,52589994,1970,2
9000000775,65728233,1970,2
9000000776,53000672,1998,1
9000000777,52462579,1998,0
9000000778,52529339,1970,2
9000000779,73010278,1970,2
9000000780,52462579,1998,3
9000000782,53031631,1960,1
9000000784,52443951,1985,0
9000000785,52722715,1960,2
9000000786,65052859,2012,6
9000000787,52444390,1980,3
9000000788,52561718,1970,3
9000000789,53163918,1960,8
9000000790,52439703,1980,3
9000000791,52529339,1970,3
9000000792,53318516,1970,1
9000000793,52714740,1960,7
9000000794,52493171,1980,0
9000000795,52986502,1970,2
9000000796,52433193,1970,4
9000000797,52682272,1970,2
9000000798,52530410,1970,1
9000000799,52444376,1950,1
9000000800,52434960,1990,1
9000000801,53344702,1980,5
9000000803,52444547,1960,1
9000000804,52602706,1995,2
9000000805,65726976,1970,7
9000000806,53351175,1970,3
9000000807,52655659,1970,3
9000000808,52600619,1996,1
9000000809,52655659,1970,5
9000000810,52549355,1960,1
9000000811,52557195,2002,3
9000000812,52550117,2012,4
9000000813,52411878,2020,4
9000000814,52647882,1960,1
9000000815,52429733,1990,2
9000000816,52437370,2000,5
9000000817,52589994,1970,7
9000000818,52411876,1950,1
9000000819,52545917,1960,3
9000000820,53105488,1960,6
9000000821,52545917,1960,1
9000000822,52433193,1980,5
9000000823,52514536,1970,2
9000000824,52657605,1980,3
9000000825,52538381,1970,5
9000000826,52792123,1990,2
9000000827,52700747,1970,2
9000000828,52792123,1990,2
9000000829,52661017,1970,6
9000000830,53322023,1970,2
9000000831,65713383,1950,2
9000000832,52555392,1970,
9000000833,52550117,2012,2
9000000834,52772888,1960,2
9000000835,52561718,1970,6
9000000836,52437370,2000,3
9000000837,52529924,2010,2
9000000839,53361975,2010,2
9000000840,53338367,1950,1
9000000841,52755132,1970,1
9000000842,53322592,1970,0
9000000843,53340115,2020,4
9000000844,52561718,1970,3
9000000845,52408083,1960,2
9000000846,52758695,1970,1
9000000847,52440772,1993,3
9000000849,53033432,1970,4
9000000850,52536877,1965,2
9000000851,52541594,1960,2
9000000852,52583847,1960,3
9000000853,53340115,2020,
9000000854,52445410,1980,3
9000000855,52561718,1970,2
9000000856,52602706,1995,1
9000000857,52651888,1940,1
9000000858,52589994,1970,7
9000000859,65726976,1970,2
9000000860,52457862,1989,3
9000000861,52661423,1970,5
9000000862,52772888,1960,7
9000000863,52794801,1997,1
9000000864,52688581,1992,1
9000000865,52461096,1960,0
9000000866,65726976,1970,8
9000000867,53150536,1970,5
9000000868,53368812,1990,0
9000000869,52450687,1980,0
9000000870,52538381,1970,5
9000000871,52538381,1970,4
9000000872,52585059,1948,1
9000000873,65726976,1970,
9000000874,53345043,1960,2
9000000875,52538509,1960,-1
9000000876,53316603,2015,1
9000000877,52555392,1960,3
9000000878,53102884,1980,3
9000000879,52451130,1960,5
9000000880,52663419,1983,3
9000000881,52442344,1970,1
9000000882,52536877,1960,0
9000000883,52554720,1970,1
9000000884,52986318,1950,
9000000885,52986318,1950,1
9000000886,52655659,1970,1
9000000887,52722715,1960,3
9000000888,53136027,1960,3
9000000889,52986318,1950,2
9000000890,53163918,1960,2
9000000891,65720331,2015,2
9000000892,52456665,1950,3
9000000893,52800100,1970,0
9000000894,53322023,1970,4
9000000895,52490243,1970,
9000000896,53348372,2005,1
9000000897,65720331,2016,9
9000000898,52556889,1950,2
9000000899,53348241,1960,6
9000000900,52688581,1992,1
9000000901,52974467,1960,1
9000000902,52548092,2001,2
9000000903,52538381,1970,5
9000000904,52554720,1970,5
9000000905,52549744,1950,2
9000000906,52554720,1970,3
9000000907,53163918,1960,7
9000000908,53167395,1970,3
9000000910,52436329,1970,3
9000000911,53345043,1960,2
9000000912,52538381,1970,4
9000000913,52549841,1991,1
9000000914,53136027,1960,0
9000000915,52444547,1960,2
9000000916,52461968,1960,3
9000000917,52587835,1950,1
9000000918,52538381,1970,3
9000000919,53321353,1981,
9000000920,53105488,1960,6
9000000921,52561718,1970,6
9000000922,53318516,1970,2
9000000923,53361117,1990,5
9000000924,52527216,1950,0
9000000925,53016817,1970,2
9000000926,52548092,1995,2
9000000927,52663378,1960,2
9000000928,52688581,2013,1
9000000929,52459225,1970,0
9000000930,53318516,1970,5
9000000931,53102884,1980,3
9000000932,53340115,2020,
9000000933,53136027,1960,1
9000000934,52417078,1980,0
9000000935,52561718,1970,1
9000000936,71178775,2022,4
9000000937,52661017,2017,6
9000000938,52514536,1970,1
9000000939,71178775,2022,7
9000000940,52772888,1960,5
9000000941,53345043,1960,2
9000000942,53380212,1971,3
9000000943,52672772,1960,3
9000000944,52672772,1960,0
9000000945,52974467,1960,2
9000000946,52425836,1970,-1
9000000947,71178775,2022,5
9000000948,52661423,1970,1
9000000949,52986502,1970,1
9000000950,52427482,1970,0
9000000951,52495268,1960,0
9000000952,53348372,2005,0
9000000953,52655659,1970,4
9000000954,52435771,1984,3
9000000955,53340115,2020,1
9000000956,52700747,1970,0
9000000957,52760360,1960,
9000000958,52722715,1960,7
9000000959,52647882,1960,5
9000000960,52586494,1980,0
9000000961,53322818,1980,3
9000000962,53167395,1970,2
9000000964,53325780,1980,4
9000000965,52463537,1960,0
9000000966,52410133,1950,1
9000000967,52554720,1970,3
9000000968,52448623,1970,2
9000000969,52682272,1970,1
9000000970,65726976,1970,
9000000971,53340115,2020,1
9000000972,53016817,1970,0
9000000973,52545917,1960,3
9000000974,65043530,2012,2
9000000975,53340115,2020,3
9000000976,65080822,2009,5
9000000977,53166756,1970,2
9000000978,52433193,1970,1
9000000979,52589994,1970,2
9000000980,53027734,2008,0
9000000981,52536877,1960,0
9000000982,52672772,1965,0
9000000983,53105488,1960,5
9000000984,53027734,1990,2
9000000985,52704053,2021,
9000000986,53375039,1970,5
9000000987,53379483,1995,3
9000000988,52411878,2020,1
9000000989,52538381,1970,5
9000000990,53322023,1970,7
9000000991,52557443,1995,2
9000000992,52497694,1960,1
9000000993,53379483,1995,7
9000000994,52439703,1980,0
9000000995,52408548,1987,9
9000000996,52676885,1960,0
9000000997,52663582,1960,1
9000000998,53378954,1989,4
9000000999,52769147,1988,4
9000001000,52801525,1950,2
9000001001,53166756,1930,1
9000001002,52585164,1995,0
9000001003,52412169,1960,2
9000001004,53150536,1970,2
9000001005,52792123,1993,1
9000001006,52587835,1950,1
9000001007,52448623,1970,4
9000001008,52707041,1970,0
9000001009,53361975,1940,1
9000001010,52722715,1960,6
9000001011,52798701,1950,1
9000001012,52436329,1970,6
9000001013,53105488,1960,1
9000001014,52514536,1970,1
9000001015,52602706,1995,0
9000001016,65053004,1998,0
9000001017,52425836,1970,3
9000001018,53345043,1960,1
9000001019,53136027,1960,1
9000001020,52589994,1970,4
9000001021,52714740,1960,2
9000001022,52427482,1970,2
9000001023,52671362,1960,3
9000001025,52548891,1960,2
9000001026,52548092,2001,2
9000001027,52497714,1960,1
9000001028,52684450,1950,2
9000001029,52413569,1940,1
9000001030,52413569,1940,1
9000001031,53163918,1960,2
9000001032,52554720,1970,4
9000001033,52704966,1970,1
9000001034,52561718,1970,3
9000001035,52554720,1970,5
9000001036,52549355,1960,1
9000001037,52538509,1950,1
9000001038,52429470,1980,0
9000001039,65052859,2012,
9000001040,52550153,2005,1
9000001041,65043530,2012,3
9000001042,52556897,1970,4
9000001043,65052859,2012,
9000001044,52436329,1970,5
9000001045,52445410,1980,0
9000001046,52508806,1969,2
9000001047,52550117,2012,6
9000001048,52551108,1950,3
9000001049,53322023,1970,5
9000001050,52663419,1983,3
9000001051,52556897,1970,1
9000001053,52433698,1995,4
9000001054,52433698,1995,4
9000001055,52466801,1970,2
9000001056,52443312,2020,2
9000001059,52538381,1970,2
9000001060,53365700,1970,0
9000001061,53365700,1970,3
9000001062,53114007,1960,2
9000001063,52986502,1970,2
9000001064,52801525,1950,0
9000001065,52417078,1980,0
9000001066,52533596,1960,2
9000001067,52497694,1960,1
9000001068,52561718,1970,5
9000001069,52433193,1960,1
9000001070,65052859,2012,
9000001071,52445410,2010,0
9000001072,52451130,1960,8
9000001073,65726976,1970,
9000001074,52445949,2000,1
9000001075,52443951,1985,0
9000001076,52772888,1960,7
9000001077,52962849,1990,3
9000001078,52704053,2021,2
9000001079,53361975,1960,1
9000001080,52714740,1960,5
9000001081,52554720,1970,3
9000001082,52663378,1960,1
9000001083,53348372,2005,3
9000001084,52538381,1970,2
9000001085,65080822,2010,7
9000001088,52730033,1984,5
9000001089,65713383,1950,1
9000001090,52722715,1960,3
9000001091,52791413,1960,2
9000001092,52538381,1970,4
9000001093,65720331,2015,3
9000001094,52445410,1980,3
9000001095,52561718,1970,3
9000001096,52408083,1960,1
9000001097,52794801,1997,2
9000001098,52536877,1965,1
9000001099,52699794,1998,3
9000001100,65720331,2016,7
9000001101,53163918,1960,5
9000001102,52681329,2020,3
9000001103,52408642,1960,0
9000001104,52457862,1970,1
9000001105,53040727,1970,3
9000001106,53342447,1950,1
9000001107,52408083,1960,0
9000001108,52538806,1980,0
9000001109,53163918,1960,8
9000001110,53379483,1995,6
9000001111,52439703,1980,0
9000001112,53375039,1970,1
9000001113,52493171,1980,0
9000001114,53340115,2020,3
9000001115,53344702,1980,0
9000001116,52662491,1992,0
9000001117,52445410,1980,0
9000001118,53102884,1980,0
9000001119,53136027,1960,0
9000001120,52672772,1960,3
9000001121,52722715,1960,4
9000001122,52439703,1980,0
9000001123,52445410,1980,4
9000001124,53136027,1960,2
9000001125,52445410,1980,4
9000001126,71178775,2022,6
9000001127,52648804,1970,1
9000001128,52539905,2000,7
9000001129,53083216,1970,2
9000001130,52461968,1960,0
9000001131,52411418,1960,2
9000001132,52661098,1991,2
9000001133,52769147,1988,2
9000001134,52722715,1960,1
9000001135,53136027,1960,6
9000001136,52450687,1980,0
9000001137,52557195,2002,5
9000001138,71178775,2022,0
9000001139,52456665,1960,3
9000001140,52714740,1960,7
9000001141,52714740,1960,4
9000001142,53031631,1960,3
9000001143,52463537,1960,3
9000001144,52801525,1950,3
9000001145,52657605,1980,4
9000001146,52529339,1970,2
9000001147,52801525,1950,2
9000001148,65692925,1988,0
9000001149,65726976,1970,5
9000001150,65052859,2012,
9000001151,52439703,1980,2
9000001152,53102884,1980,3
9000001153,52758695,1970,2
9000001154,53136027,1960,1
9000001155,53319832,1985,1
9000001156,53031631,1960,3
9000001157,53136027,1960,2
9000001158,52561718,1970,6
9000001159,52661423,1970,3
9000001160,52499072,1970,3
9000001161,53379483,1995,7
9000001162,52701949,1950,4
9000001163,65726976,1970,8
9000001164,53322023,1970,1
9000001166,53027734,2008,0
9000001167,52445410,1980,3
9000001168,52709721,1990,3
9000001169,52672772,1960,1
9000001170,52445525,1970,4
9000001171,53348241,1960,3
9000001172,52493942,2016,1
9000001173,52526316,1950,1
9000001174,52699794,1980,2
9000001175,53379483,1995,3
9000001176,52589994,1970,3
9000001177,53033432,1970,2
9000001178,52442866,1970,1
9000001179,52417078,1983,0
9000001180,52561718,1970,5
9000001181,53364499,1950,0
9000001182,53105488,1960,4
9000001183,53317382,1998,4
9000001184,52524705,1970,2
9000001185,71178775,2022,6
9000001186,52445410,1980,2
9000001187,53114007,1960,0
9000001188,53322023,1970,2
9000001189,52461968,1970,0
9000001190,52554761,1970,1
9000001191,53318516,1970,3
9000001192,65726976,1970,
9000001193,52443312,2020,4
9000001194,52684978,1930,0
9000001195,52583847,1960,3
9000001196,52661423,1970,1
9000001197,52462171,1960,1
9000001198,52508806,1969,4
9000001199,53163918,1960,3
9000001200,52443882,1970,3
9000001201,52435771,1984,4
9000001202,53166756,1970,1
9000001203,53340115,2020,9
9000001204,52798359,1970,2
9000001205,52561718,1970,2
9000001206,52442866,1970,1
9000001207,71178775,2022,9
9000001208,65726976,1970,
9000001210,53033432,1970,1
9000001211,52445410,1980,2
9000001212,53031631,1960,2
9000001213,53027734,2008,0
9000001214,52655659,1970,6
9000001215,52436273,1980,2
9000001216,52436329,1970,2
9000001217,52722715,1960,8
9000001218,52551108,1950,
9000001219,53379483,1990,2
9000001220,52550153,2005,2
9000001221,52688581,2013,2
9000001222,52655659,1970,2
9000001223,52433193,1993,1
9000001224,71178775,2022,9
9000001225,53426888,1950,0
9000001226,52701949,1950,2
9000001227,52663378,1960,2
9000001228,52443951,1985,0
9000001229,52439703,1980,4
9000001230,52561718,2019,7
9000001231,52524705,1960,4
9000001232,53316603,2005,2
9000001233,52562018,2000,1
9000001234,52792123,1993,0
9000001235,52529924,2010,2
9000001236,53033432,2020,4
9000001237,52499072,1970,3
9000001238,53098807,1970,0
9000001239,52443882,1970,2
9000001240,53348241,1960,1
9000001241,52966437,1960,4
9000001242,53105488,1960,8
9000001243,53340115,2020,3
9000001244,52417078,1980,2
9000001245,52655659,1970,2
9000001246,52589994,1970,3
9000001247,53361117,1990,1
9000001248,65720331,2016,9
9000001249,52589994,1970,8
9000001250,52714740,1960,7
9000001251,52445410,1980,2
9000001252,52529924,2010,3
9000001253,52443312,2020,4
9000001255,52538381,1970,4
9000001256,52497694,1960,2
9000001257,52445949,2000,3
9000001258,52439703,1980,2
9000001259,53114007,1960,0
9000001260,52682526,1960,4
9000001261,53031631,1960,3
9000001262,53031631,1960,3
9000001263,71178775,2022,10
9000001264,52530681,1950,2
9000001265,52557131,1930,-1
9000001266,52495268,1960,2
9000001267,53379483,1995,4
9000001268,52557195,2002,3
9000001269,52431956,1970,1
9000001270,52540170,1988,3
9000001271,52443722,1970,2
9000001272,52443722,1970,3
9000001273,65055916,2013,0
9000001274,52495268,1960,0
9000001275,53318516,1970,5
9000001276,52585164,1995,0
9000001277,52714740,1960,7
9000001278,52589994,1970,4
9000001279,52699794,1998,2
9000001280,52665529,1970,3
9000001281,53321573,1970,1
9000001282,52716130,,
9000001283,52552268,1950,3
9000001284,53452113,1970,0
9000001285,52462579,1998,1
9000001286,53163918,1960,6
9000001287,52433698,1995,3
9000001288,52433698,1995,3
9000001289,52445410,1980,0
9000001290,52460546,1960,2
9000001291,53361975,1940,1
9000001292,65080822,2010,2
9000001293,53031631,1970,3
9000001294,53163918,1960,3
9000001295,52661423,1970,4
9000001296,53429032,1970,1
9000001297,52791413,1960,1
9000001298,53386738,1983,3
9000001299,52530681,1950,2
9000001300,71178775,2022,7
9000001301,52536877,1965,1
9000001302,65726976,1970,
9000001303,71178775,2022,4
9000001304,53136027,1960,4
9000001305,71178775,2022,7
9000001306,52561718,1970,3
9000001307,52557443,1995,3
9000001308,52542791,1965,1
9000001309,52542791,2023,4
9000001310,52550153,2005,5
9000001311,65080822,2010,3
9000001312,52655659,1970,6
9000001313,52440772,1993,2
9000001314,52556614,1970,2
9000001315,52439703,1980,2
9000001316,52653211,1985,2
9000001317,53111656,1960,0
9000001318,53318516,1970,4
9000001319,52661423,1970,5
9000001320,52493171,1988,0
9000001321,53379483,1995,1
9000001322,65080822,2010,8
9000001323,52429733,1990,1
9000001324,52444749,1988,0
9000001325,53105488,1960,8
9000001326,52646901,1940,-1
9000001327,53032539,1970,1
9000001328,52646901,1940,1
9000001329,71178775,2022,8
9000001330,52707864,1950,1
9000001331,52439703,1980,3
9000001332,52682272,1920,1
9000001333,52529339,1970,2
9000001334,52495268,1960,3
9000001335,52460958,,
9000001336,53316603,1920,1
9000001337,52962924,1980,2
9000001338,65080822,2010,2
9000001339,53349746,1980,0
9000001340,52425836,1970,1
9000001341,52561718,1970,4
9000001342,52599201,1975,0
9000001343,52542791,2022,1
9000001344,52967708,1960,0
9000001346,53361975,1960,2
9000001347,53315647,1960,3
9000001348,52413569,2023,1
9000001349,52661423,1970,5
9000001350,52661099,2022,1
9000001351,52557012,1933,2
9000001352,53379483,1990,7
9000001353,52661099,2022,1
9000001354,52688581,2013,0
9000001355,53040727,1970,1
9000001356,65720331,2016,4
9000001357,52398170,1999,4
9000001358,52682272,1970,3
9000001359,52597000,1998,3
9000001360,52556995,1950,3
9000001361,52542791,2023,7
9000001362,52661099,2022,2
9000001363,53342447,1950,2
9000001364,53094371,1950,2
9000001365,53163918,1960,3
9000001366,52398170,1999,5
9000001367,52665529,1970,2
9000001368,52528863,1960,1
9000001369,52661017,1970,2
9000001370,52458867,1980,0
9000001371,52535596,2022,1
9000001372,53349052,1970,1
9000001373,52801525,1950,1
9000001374,52427281,1970,2
9000001375,52702929,1990,6
9000001376,52722773,,0
9000001377,53338915,1952,2
9000001378,52529924,1993,3
9000001379,53317382,1998,3
9000001380,52414275,1970,4
9000001381,52561718,1970,6
9000001382,52437370,2000,7
9000001383,52445410,1980,4
9000001384,53163918,1960,3
9000001385,52538381,1970,3
9000001386,53114007,1960,-1
9000001387,52647882,1960,4
9000001388,52443312,2020,1
9000001389,52701983,1980,6
9000001390,52542791,2022,1
9000001391,65043196,1970,3
9000001392,53114007,1960,1
9000001393,65043196,1970,3
9000001394,52557195,2002,1
9000001395,52536877,1965,2
9000001396,52462579,1998,7
9000001397,52542791,2022,2
9000001398,52490867,1986,3
9000001399,52589994,1970,2
9000001400,52447060,1980,3
9000001401,52542791,2022,7
9000001402,53163918,1960,3
9000001403,52414275,1970,4
9000001404,52542791,2022,6
9000001405,53379483,1990,5
9000001406,52713654,1950,0
9000001407,71178775,2022,5
9000001408,65052859,2012,5
9000001409,53321573,1970,1
9000001410,52524705,1970,1
9000001411,53348241,1960,2
9000001412,52414275,1970,4
9000001413,52542791,2022,7
9000001414,52986101,1950,1
9000001415,52557443,1995,3
9000001416,52395731,1970,1
9000001417,53316603,2015,0
9000001418,52661423,1970,2
9000001419,53316603,2015,2
9000001420,52442344,1970,2
9000001421,52542791,2022,7
9000001422,52395555,1950,1
9000001423,65080822,2009,5
9000001424,52542791,2022,7
9000001425,52701949,1950,2
9000001426,52661423,1970,6
9000001427,52676885,1960,2
9000001428,52542791,2022,6
9000001429,53316603,2015,1
9000001430,52445410,1980,3
9000001431,52556889,1950,2
9000001432,52603004,1940,1
9000001433,52549355,1960,2
9000001434,52661099,2022,2
9000001435,52542791,2022,
9000001436,52542791,2022,6
9000001437,52542791,2022,5
9000001438,52542791,2022,5
9000001439,52456665,1950,0
9000001440,52535596,2022,4
9000001441,52433193,1960,5
9000001442,52445410,1980,0
9000001443,52682455,1960,2
9000001444,52798359,1970,3
9000001445,65692925,1988,2
9000001446,53150536,1970,3
9000001447,52556787,1970,2
9000001448,52444547,1960,2
9000001449,52755132,1970,0
9000001450,52647881,1950,0
9000001451,65713383,1950,2
9000001452,52539905,2000,4
9000001453,52707864,2022,2
9000001454,52714268,2000,0
9000001455,52661099,2022,3
9000001456,53316603,,
9000001457,53136027,1960,5
9000001458,52561718,1970,4
9000001459,52542791,2022,
9000001460,52655659,1970,6
9000001461,52760624,1980,3
9000001462,52527269,1952,2
9000001463,52714740,1960,8
9000001464,65713383,1960,1
9000001465,52661423,1970,4
9000001466,52556995,1950,3
9000001467,53105488,1960,3
9000001468,52962924,1980,2
9000001469,65052859,2012,
9000001470,52554720,1970,4
9000001472,52526316,1950,2
9000001473,53321573,1970,4
9000001474,52647881,1950,1
9000001475,52482392,1960,2
9000001476,52482392,1960,1
9000001477,52408083,1960,1
9000001478,53315647,1960,3
9000001479,52661423,1970,4
9000001480,52521562,2023,-1
9000001481,52508806,1969,3
9000001482,53365700,1970,2
9000001483,53163918,1960,1
9000001484,52688581,1992,2
9000001485,65693739,1930,2
9000001486,65693739,1930,1
9000001487,52556158,1950,0
9000001488,53331975,1984,0
9000001489,52444376,1950,1
9000001490,52538806,1983,0
9000001491,52661423,1970,2
9000001492,53348241,1960,3
9000001493,52403878,1968,1
9000001494,52772888,1960,5
9000001495,52457305,1970,2
9000001496,52477926,1952,2
9000001497,52704053,2021,3
9000001498,53098807,1970,2
9000001499,53163918,1960,4
9000001500,52460546,1960,1
9000001501,52557012,1950,
9000001502,52408642,1953,2
9000001503,53136027,1960,4
9000001504,52538381,1970,4
9000001505,52680107,2000,2
9000001506,52693214,,0
9000001507,52587808,1940,1
9000001508,64913009,1960,0
9000001509,52542791,2023,1
9000001510,52684777,1960,0
9000001511,53318516,1970,4
9000001512,52462171,1960,2
9000001513,52411845,1930,
9000001514,52443882,1970,4
9000001515,65054577,2012,6
9000001516,65726976,1970,9
9000001517,53318516,1970,2
9000001518,52794851,1950,0
9000001519,52561718,1970,5
9000001520,52536877,1960,0
9000001521,52647881,1950,0
9000001522,52732477,2021,2
9000001523,52542791,2022,2
9000001524,53349026,1930,
9000001525,52583847,1960,4
9000001526,53320665,1970,1
9000001527,53031631,1970,3
9000001528,52589994,1970,5
9000001529,53114007,1960,2
9000001530,52661099,2022,3
9000001531,52547601,1980,1
9000001532,53321785,1987,0
9000001533,52655659,1970,2
9000001534,65055916,2013,0
9000001535,53342447,1950,1
9000001536,52436329,1970,5
9000001537,53379483,1990,4
9000001538,52398170,1999,5
9000001539,52463537,1960,0
9000001540,53368812,1990,7
9000001541,65052859,2012,9
9000001542,53379483,1995,7
9000001543,52542791,2022,6
9000001544,52464632,1996,6
9000001545,65726976,1970,10
9000001546,52439703,1980,0
9000001547,53368812,1990,4
9000001548,52555392,1960,2
9000001549,52536877,1960,1
9000001550,52542791,2022,1
9000001551,65713383,1950,2
9000001552,71178775,2022,5
9000001553,52714740,1960,2
9000001554,52417078,1981,0
9000001555,65720331,2016,9
9000001556,52542791,2022,4
9000001557,52535596,2022,4
9000001558,52499072,1970,3
9000001559,52497694,1960,2
9000001560,52556889,1950,2
9000001561,52974467,1960,1
9000001562,52542791,2022,1
9000001563,52589994,1970,5
9000001564,52599572,1960,1
9000001565,52556158,1930,1
9000001566,52556158,1930,0
9000001567,52540210,1970,1
9000001568,52542791,2022,1
9000001569,52542791,2022,7
9000001570,52769147,1988,3
9000001571,53105488,1960,4
9000001572,71178775,2022,4
9000001573,53032539,1970,3
9000001574,52661099,2022,1
9000001575,53033432,1970,2
9000001576,52542791,2022,5
9000001577,53136027,1960,5
9000001578,52655659,1970,6
9000001579,53348241,1960,1
9000001580,52542791,2022,6
9000001581,52445410,1980,2
9000001582,65080822,2010,4
9000001583,53114007,1960,2
9000001584,53136027,1960,5
9000001585,52647882,1970,4
9000001586,52587835,1950,2
9000001587,52457305,1970,1
9000001588,52493171,1988,0
9000001589,52687047,1968,1
9000001590,52439703,1980,4
9000001592,52462579,1998,6
9000001593,53378954,1989,5
9000001594,52702929,1990,5
9000001595,52411878,2020,2
9000001596,52714740,1960,5
9000001597,52477926,1952,2
9000001598,53100025,1985,1
9000001599,53136027,1960,7
9000001601,65714556,1960,2
9000001602,52792361,1950,2
9000001603,53105488,1960,4
9000001604,65726976,1970,10
9000001605,52769147,1988,0
9000001606,52491793,1969,3
9000001607,52682526,2023,-1
9000001608,52682526,2024,5
9000001609,53361975,1970,3
9000001610,52661423,1970,4
9000001611,65720331,2015,8
9000001612,52672772,1960,3
9000001613,52655659,1970,5
9000001614,52555401,1950,3
9000001615,65726976,1970,7
9000001616,52661099,2022,4
9000001617,52542791,2022,6
9000001618,52444547,1960,1
9000001619,52459154,1950,2
9000001620,52551108,1950,1
9000001621,53071007,1960,1
9000001622,53361975,1960,0
9000001623,65052859,2012,
9000001624,52647882,1960,4
9000001625,52495268,1960,4
9000001626,53033432,1970,1
9000001627,52714740,1960,3
9000001628,52463537,1960,1
9000001629,52398170,1999,1
9000001630,52672772,1960,0
9000001631,52556158,1930,0
9000001632,52522742,2024,1
9000001633,52792361,2023,
9000001634,52514536,1970,1
9000001635,52798701,1950,1
9000001636,65054577,2012,4
9000001637,52717285,1950,0
9000001638,52411878,2020,1
9000001639,52445525,1970,3
9000001640,65080822,2010,3
9000001642,52542791,2022,7
9000001643,52676885,1960,2
9000001644,53031631,1970,2
9000001645,52557195,2002,1
9000001646,52464632,1996,5
9000001647,53361975,1950,2
9000001648,65052859,2012,
9000001649,52497694,1960,1
9000001650,52542791,2022,7
9000001651,53136027,1960,1
9000001652,53375039,1970,3
9000001653,53033432,1970,3
9000001654,52702929,1990,6
9000001655,52760624,1980,2
9000001656,52442344,1970,2
9000001657,52497714,1960,2
9000001658,52561718,1970,5
9000001659,52552708,1980,2
9000001660,52411418,1960,1
9000001661,52647882,2024,3
9000001662,53326117,1960,1
9000001663,52462579,1998,6
9000001664,52722715,1960,1
9000001665,53114007,1960,3
9000001666,52552268,1950,3
9000001667,53163918,1960,2
9000001668,53378954,1989,6
9000001669,52439703,1980,0
9000001670,52495197,1950,1
9000001671,52792361,1950,1
9000001672,52986502,1970,3
9000001673,52722715,1960,2
9000001674,52647882,2024,6
9000001675,52536877,1960,3
9000001676,52647882,2024,9
9000001677,53150536,1970,5
9000001678,52529924,2010,1
9000001679,52651675,1960,0
9000001680,52548891,1960,2
9000001681,65713383,1950,2
9000001682,52714740,1960,5
9000001683,52462579,1998,7
9000001684,53105488,1960,7
9000001685,53342447,1950,2
9000001686,52436329,1970,5
9000001687,53379483,1995,6
9000001688,52647882,1960,2
9000001689,52589994,1970,3
9000001690,52542791,2022,4
