statID,average_Csvalue,X,Y,settlement,civil_labour_force.LaborForceY_pcnt,jobs.industrialJobs,jobs.commercialJobs,jobs.publicJobs,jobs.homeJobs,intraSAProb,intraYeshuvProb,interYeshuvProb,inOutRatio,housingValue.avgPricePerM2009
4940002,92028.20702,204257.4,733505.8,494,69.1,37.5363,199.873333,223.296617,0,,,,,
4940003,92028.20702,204007,733089.8,494,52.5,7.166295,50.73536,105.2491,0,,,,,4482.58728
4940004,92028.20702,206808.5,735008.4,,,,,,,,,,,
4940001,,204836.4,733970.9,494,44.1,62.987863,164.371083,294.3702,0,1.52E-05,5.06E-06,0.005538462,1,3788.26722
4940004,,204623.5,732683.3,494,65.6,58.252373,31.527051,42.407882,0,,,,,
5160001,,224570.2,758723.6,516,41.5,0,0,152.209,0,1.00E-05,1.00E-05,0.007719298,0.636363636,3543.500336
5160002,,223489,758414.5,516,40,288.905,0,0,0,,,,,
5160003,,224231.7,758232.1,516,38.3,44.648,0,0,0,,,,,
260001,627233.4502,251057.8,763832.2,26,56.3,702.094,1284.539,461.49,32.622,1.00E-05,1.00E-05,0.010526316,0.1,9093.420707
280001,9920.240278,185227.2,640033.3,28,74,241.96,458.377,743.332,108.676,1.00E-05,1.00E-05,0.000893655,1,10314.21151
290001,627233.4502,256635.1,773585.3,29,63.6,174.606,156.015,113.231,10.874,,,,,7741.412386
310001,0,,,,,,,,,,,,,
310002,0,163417.1,580536,31,42,5.912513,70.782899,418.159242,12.808168,3.82E-05,7.64E-05,0.055749129,0.6875,4312.453722
310003,0,,,,,,,,,,,,,
310004,0,164148.7,580189.3,31,54.4,142.834066,172.578815,195.713763,26.145063,5.52E-05,9.19E-05,0.043624161,1,4959.830152
310005,0,,,,,,,,,,,,,
310006,0,164203.5,579594.3,31,38,19.18176,94.212903,423.507297,0,5.19E-05,6.93E-05,0.028436019,0.777777778,4999.689789
310007,0,,,,,,,,,,,,,
320001,0,,,,,,,,,,,,,
410001,27854.73736,193183.2,701569.6,41,56,18.874,56.283,164.036,6.941,1.00E-05,1.00E-05,0.005952381,0.1,7818.531123
430001,627233.4502,254162,798175.6,43,74.3,181.823,210.803,161.976,21.6,,,,,5254.326981
460001,627233.4502,247790.1,735099.8,46,53.9,204.086,62.637,306.903,23.739,1.00E-05,1.00E-05,0.00248139,0.1,6280.35275
470001,627233.4502,239745.6,732543.8,47,72,208.294,229.726,249.368,35.617,1.00E-05,1.00E-05,0.008823529,0.333333333,8445.559219
480001,627233.4502,252342.9,730227.6,48,65.2,,,,,,,,,4758.039397
530001,627233.4502,194873.3,732916.6,53,64,,,,,1.00E-05,1.00E-05,0.006379585,0.25,7936.754473
620001,627233.4502,254154.8,734884.2,62,66.1,212.172,82.695,128.081,12.02,,,,,
630001,627233.4502,253251.7,736773.5,63,49.6,54.22,50.583,58.159,0,,,,,8479.468843
640001,9920.240278,190714.7,645281,64,64.7,59.479,50.383,41.182,21.482,,,,,9136.687346
650001,627233.4502,247581.1,749233.1,65,45.2,324.465,236.572,315.451,0,,,,,5704.40594
660001,627233.4502,229172.8,723406.4,66,63.1,156.122,34.96,145.239,11.28,,,,,7410.896441
700111,0,169914.2,638172.9,,,5739.413888,3881.825438,235.825546,0,,,,,
700111,0,169914.2,638172.9,,,0,0,0,0,,,,,
700112,0,168366.2,635918.8,,,4348.993438,7437.389417,1302.6128,0,1.00E-05,1.00E-05,1.00E-05,0.1,
700113,0,167020.7,636961.8,,,586.372478,3192.565257,165.950459,0,,,,,
700121,0,166047.5,635481.5,,,0,79.313669,40.224136,0,1.00E-05,1.00E-05,1.00E-05,0.1,
700122,0,,,,,,,,,,,,,
700123,0,166493,635482.4,70,54.3,50.504548,450.707723,443.6614,0,3.42E-05,0.000232296,0.052369077,0.380952381,8625.972511
700124,0,167467.8,635438.8,,,54.930155,1358.571899,351.006735,22.070551,,,,,
700125,0,166873.1,635320,70,58.4,3.11,28.926157,146.531041,0,2.26E-05,0.000147175,0.020661157,1,7620.746706
700126,0,,,,,,,,,,,,,
700132,0,167197.7,634583.5,70,39.9,51.074965,40.152633,251.047937,6.087577,1.38E-05,0.000179881,0.035353535,0.428571429,8639.709142
700133,0,167336.8,635136.1,70,55.1,14.826218,212.105519,914.180478,0,7.11E-05,0.000180925,0.04009434,0.411764706,7935.052241
700141,0,168285.1,634649.6,70,39.6,68.866648,56.709045,192.375047,0,3.81E-05,5.72E-05,0.029565217,0.411764706,7539.660302
700142,0,,,,,,,,,,,,,
700143,0,167947.8,634482.9,70,45.1,301.465991,253.672851,193.470162,0,2.39E-05,0.000143254,0.021786492,0.8,7683.718193
700144,0,167942.7,634033.3,70,37.1,3686.130297,3741.472519,658.402658,0,4.17E-05,0.000116762,0.02130898,0.928571429,7890.899855
700145,0,168453.4,633407.3,,,422.251073,287.264728,0,0,,,,,8585.37901
700212,0,168038.8,633464.3,70,48.8,87.090289,222.807593,419.247695,0,2.15E-05,6.82E-05,0.022280472,0.470588235,8543.851313
700221,0,167740.5,633549.6,70,62.2,42.759034,31.1679,94.151163,14.458707,2.86E-05,0.00017183,0.034843206,0.8,8532.903547
700222,0,,,,,,,,,,,,,
700223,0,167394,633787,70,55.5,52.77653,123.499469,275.563393,0,3.13E-05,0.00021135,0.031428571,0.818181818,8127.387438
700231,0,166985.1,633982.7,70,51.5,0,59.69598,530.144272,0,1.00E-05,0.000143798,0.027624309,0.4,8326.551139
700233,0,166489.8,633814.4,70,61,4.849186,61.85777,178.746397,9.375286,2.80E-05,0.000105105,0.025575448,0.5,8353.072173
700234,0,,,,,,,,,,,,,
700241,0,166392.5,634493.1,70,57.6,4.473601,179.713828,350.179402,28.104979,2.91E-05,0.000160303,0.023049645,0.384615385,8339.588044
700242,0,,,,,,,,,,,,,
700243,0,165967.5,634112.3,70,55.1,9.527213,234.079381,474.671403,13.025554,9.10E-06,0.000200246,0.026578073,0.75,8636.10919
700244,0,165985,634592.4,70,52.4,9.739325,117.516902,140.560475,14.566905,2.40E-05,0.000192261,0.035087719,1,9091.886213
700316,0,166342.4,633275.6,70,65.5,102.112254,286.560825,524.998754,16.430953,1.89E-05,0.0001041,0.031088083,0.388888889,8829.476077
700317,0,166603.9,633135.1,70,63.5,90.13363,404.878629,478.872269,15.166742,1.14E-05,0.000131006,0.020790021,0.5,9554.40002
700321,0,167054.5,632665.5,70,63,69.349517,113.611186,259.319136,4.739844,1.90E-05,0.000107813,0.020833333,0.555555556,7919.434597
700322,0,,,,,,,,,,,,,
700323,0,167438,632845.1,70,51.9,18.136362,82.60687,275.920831,0,2.97E-05,0.000148575,0.028199566,0.461538462,7582.488889
700332,0,168165.4,632508.3,70,57.2,0,56.948635,137.770723,0,1.46E-05,0.000116584,0.026595745,0.2,9616.091701
700341,0,167542,632045.3,,,0,0,0,0,,,,,
700342,0,,,,,,,,,,,,,
700343,0,166626.7,632261.6,70,65.3,17.672726,99.516252,391.850353,0,3.39E-05,0.000152678,0.027863777,0.444444444,9849.439126
700411,0,166262.9,631491,70,68.4,142.900607,422.546221,588.620279,28.010068,1.21E-05,0.000127288,0.026548673,0.416666667,9383.481954
700413,0,166685.4,631650.8,70,65.1,5.0444,44.807237,259.169457,0,2.08E-05,0.000145841,0.022813688,0.666666667,10026.70012
700415,0,165761.6,631062.7,,,0,0,0,0,6.46E-05,5.53E-05,0.023569024,2.714285714,10539.40486
700421,0,165865.3,632272.1,70,69.8,43.518546,150.221563,208.967942,53.248741,2.28E-05,0.000133181,0.025,0.5,9334.052022
700423,0,165484.8,632469.8,70,63,11.269262,32.841608,211.46493,14.718763,2.87E-05,0.000149023,0.025104603,0.583333333,8650.871717
700425,0,165156.9,632362.1,70,67.6,11.38,236.865383,695.325207,0,1.99E-05,0.00018929,0.030909091,0.411764706,8798.131132
700432,0,165333.5,631328.3,70,71.8,26.990397,149.968689,276.479825,18.002676,1.18E-05,0.000111946,0.030107527,0.357142857,8091.257962
720001,627233.4502,195527.8,706560.7,72,84.9,18.146,5.008,9.044,0,,,,,18185.51934
720001,627233.4502,195527.8,706560.7,72,84.9,738.598,784.334,262.582,0,,,,,18185.51934
720001,627233.4502,195527.8,706560.7,72,84.9,67.644,35.998,10.164,0,,,,,18185.51934
760001,627233.4502,253969.1,794162.2,76,83,15.003,2.088,18.682,0,,,,,
760001,627233.4502,253969.1,794162.2,76,83,144.964,275.395,331.305,14.204,,,,,
840001,627233.4502,237785.3,718022.9,84,85.3,632.319,33.482,68.804,5.115,,,,,
840001,627233.4502,237785.3,718022.9,84,85.3,0,0,0,0,,,,,
960001,92028.20702,207554.3,738580,96,90.8,730.163,447.342,601.757,5.277,,,,,
960001,92028.20702,207554.3,738580,96,90.8,157.927,92.384,160.813,1.495,,,,,
970001,627233.4502,229974.8,723274,97,68.3,85.652,71.208,38.681,0,,,,,7909.066469
990001,0,181027.8,503796.5,99,68,303.853,568.582,1280.846,4.151,1.00E-05,1.00E-05,0.008,0.1,4340.279286
1040001,627233.4502,227143.4,728504.5,104,79.4,6.388,0,18.161,0,,,,,3668.271853
1040001,627233.4502,227143.4,728504.5,104,79.4,198.612,205.754,463.538,17.097,,,,,3668.271853
1220001,627233.4502,,,,,,,,,,,,,
1330001,627233.4502,,,,,,,,,,,,,
1390001,627233.4502,,,,,,,,,,,,,
1430001,627233.4502,,,,,,,,,,,,,
1440001,9920.240278,,,,,,,,,,,,,
1540001,27854.73736,,,,,,,,,,,,,
1570001,27854.73736,,,,,,,,,,,,,
1600001,9920.240278,,,,,,,,,,,,,
1620001,27854.73736,,,,,,,,,,,,,
1660001,9920.240278,,,,,,,,,,,,,
1660003,9920.240278,,,,,,,,,,,,,
1680001,27854.73736,,,,,,,,,,,,,
1680002,27854.73736,193366.3,691806.4,168,62.7,33.541,252.269335,569.294975,0,8.18E-05,5.45E-05,0.044776119,2.833333333,7948.740418
1680003,27854.73736,,,,,,,,,,,,,
1710001,27854.73736,,,,,,,,,,,,,
1750001,27854.73736,,,,,,,,,,,,,
1760001,627233.4502,,,,,,,,,,,,,
1770001,9920.240278,,,,,,,,,,,,,
1820001,27854.73736,,,,,,,,,,,,,
1840001,9920.240278,,,,,,,,,,,,,
1870001,27854.73736,,,,,,,,,,,,,
1890001,627233.4502,,,,,,,,,,,,,
1900001,27854.73736,,,,,,,,,,,,,
1910001,27854.73736,,,,,,,,,,,,,
1950001,27854.73736,,,,,,,,,,,,,
1950002,27854.73736,194371.2,688501.1,,,0,0,20.90201,0,0.000185117,3.70E-05,0.013513514,61,10946.11791
1950003,27854.73736,,,,,,,,,,,,,
1950004,27854.73736,192236.1,686329.6,195,73.9,154.7236,500.898312,491.950727,61.487069,5.11E-05,5.57E-05,0.030508475,1,9656.735781
1950005,27854.73736,,,,,,,,,,,,,
2000001,27854.73736,,,,,,,,,,,,,
2040001,27854.73736,,,,,,,,,,,,,
2060001,9920.240278,,,,,,,,,,,,,
2170001,27854.73736,,,,,,,,,,,,,
2290001,9920.240278,,,,,,,,,,,,,
2290002,9920.240278,187777.9,662703.9,229,67.3,16.822701,394.637023,171.714216,22.791124,3.33E-05,0.000116584,0.054711246,0.888888889,11588.81936
2290003,9920.240278,,,,,,,,,,,,,
2320001,27854.73736,183596.5,680459.8,232,70.2,421.343,1668.581,498.1,105.189,,,,,21236.70191
2320001,27854.73736,183596.5,680459.8,232,70.2,10.11,0,49.142,0,,,,,21236.70191
2330001,27854.73736,190673.9,694685.9,233,81.9,122.459,68.284,19.131,5.109,,,,,15435.47873
2350001,27854.73736,187294.2,696359.4,235,84.7,33.83,97.268,117.665,0,,,,,17130.9126
2400001,627233.4502,,,,,,,,,,,,,
2400002,92028.20702,,,,,,,,,,,,,
2400003,627233.4502,210063.3,729075.3,240,60.8,55.222225,183.68964,112.778752,0,5.48E-05,8.22E-05,0.04,0.625,5705.410611
2400004,627233.4502,209345.6,728412.6,240,65.9,0,55.288614,49.904706,0,7.01E-05,7.55E-05,0.031496063,0.8125,6841.455078
2400006,627233.4502,208706.3,726999.3,240,79.9,9.223,88.687499,68.288472,0,2.18E-05,6.55E-05,0.025896414,0.923076923,8032.179084
2420001,627233.4502,,,,,,,,,,,,,
2460001,0,,,,,,,,,,,,,
2460002,0,,,,,,,,,,,,,
2460003,0,161894.6,592605.1,,,1233.498995,1054.303601,274.052861,0,,,,,5523.606903
2460004,0,160748.8,592251.8,246,57.6,0,1.005146,12.987268,0,2.25E-05,0.000134741,0.027322404,0.8,5034.345804
2460005,0,160371.4,592876,246,47.8,0,0,66.405275,0,5.20E-05,6.36E-05,0.029535865,0.714285714,6745.961982
2460006,0,160109,592299.7,246,57,3.312096,0,135.682103,0,4.83E-05,6.97E-05,0.021526419,1.272727273,5084.757527
2460007,0,159890.2,591783.1,246,66.4,0,0,275.124988,26.475809,3.78E-05,8.97E-05,0.025862069,0.866666667,
2460008,0,,,,,,,,,,,,,
2470001,27854.73736,183621,678623.6,247,77.4,288.081,701.906,102.962,29.973,,,,,23473.63982
2490001,9920.240278,193010,664933.1,249,65.7,99.819,76.193,89.864,13.159,,,,,
2550001,627233.4502,247419.5,745144.3,255,71.4,9.429,2.486,40.678,0,,,,,8951.6465
2560001,627233.4502,,,,,,,,,,,,,
2570001,9920.240278,192672,661168.5,257,63.7,13.05,21.581,1.953,0,,,,,7142.64212
2630001,627233.4502,256397.4,732199.8,263,82.9,35.196,17.507,18.386,0,,,,,
2670001,0,183310.6,677015.5,267,60.2,83.39,368.777,261.2,54.001,,,,,23762.08855
2690001,627233.4502,241642,721382.2,269,75.8,131.995,41.887,85.191,1.851,,,,,9122.098357
2730001,627233.4502,260175.5,743199.9,273,82.3,49.612,326.449,139.186,1.484,,,,,3043.288037
2760001,27854.73736,,,,,,,,,,,,,
2820001,627233.4502,,,,,,,,,,,,,
2840001,9920.240278,,,,,,,,,,,,,
2850001,627233.4502,213902.5,736120,285,69.3,173.866,405.967,136.482,0,,,,,
2880001,27854.73736,,,,,,,,,,,,,
2890001,627233.4502,209364.1,756501.1,,,643.714,833.78,246.223,6.293,,,,,
2930001,0,169443.2,617089.2,293,90,15.094,66.574,11.163,0,,,,,7546.184656
2980001,627233.4502,244800.8,711308.8,298,69.2,116.425,28.834,176.334,0,,,,,
3020001,627233.4502,259919.6,792813.6,302,86.3,104.229,111.891,319.313,0,,,,,1700.587187
3040001,627233.4502,248540.4,705199.4,,,156.092,119.314,314.868,0,,,,,
3080001,627233.4502,253630.6,766057.1,308,85,148.633,175.318,99.052,0,,,,,1976.858578
3090001,0,172120.7,614623.8,309,66.1,29.137,28.088,154.974,8.685,,,,,9360.050477
3100001,627233.4502,200651,712392.4,310,77,102.196,56.044,49.932,0,,,,,
3150001,0,169947.3,618929.2,315,92,301.476,156.331,79.598,2.085,,,,,3429.229423
3160001,27854.73736,188116.9,686904.8,316,77.9,191.568,618.212,128.238,16.865,,,,,15608.93297
3180001,0,144066.9,573263.9,318,68.5,98.177,37.214,78.528,6.138,,,,,
3240001,627233.4502,260688.8,792395.4,324,82.8,28.725,29.07,28.967,0,,,,,6483.622351
3260001,27854.73736,189928.9,693413.9,326,67.5,466.464,385.556,269.094,70.184,1.00E-05,1.00E-05,0.019323671,0.1,13223.78309
3270001,627233.4502,190141.3,710920.6,327,73.2,360.854,170.62,219.218,0,,,,,11411.09941
3310001,9920.240278,187167,651114.9,331,72.1,563.169,371.86,90.205,14.076,,,,,7311.390909
3360001,0,166360.9,601724.8,336,85.5,375.144,82.069,129.804,0,,,,,
3400001,0,180568.5,615124.3,340,76.5,289.478,84.597,76.194,0.694,,,,,4744.628608
3430001,627233.4502,249101.4,714065.4,343,54.2,71.599,8.963,25.938,0,,,,,2491.966458
3440001,627233.4502,202868.9,706957.9,344,68.1,265.445,46.953,127.9,10.643,,,,,3873.952939
3480001,0,160140.8,603247.1,,,4.64,9.508,61.333,0,,,,,
3480001,0,160140.8,603247.1,,,79.708,120.442,393.961,0,,,,,
3620001,0,172057.2,600717.8,362,80.1,174.468,32.607,114.726,6.67,,,,,
3650001,627233.4502,237203.4,736067.6,365,70.1,213.507,79.865,313.848,0,,,,,
3650001,627233.4502,237203.4,736067.6,365,70.1,88.412,140.042,75.101,1.09,,,,,
3680001,627233.4502,247104.6,764801,368,67.5,21.545,14.024,10.078,0,,,,,6459.908861
3710001,627233.4502,238270.3,734645.3,,,14.945,0,10.075,0,,,,,
3740001,627233.4502,246666.8,753912.4,,,109.558,38.151,29.48,0,,,,,6211.351166
3780001,627233.4502,251518.5,794746.1,378,80.6,283.915,133.855,66.097,2.277,,,,,3300.358826
3790001,27854.73736,195020.1,689386.6,379,75.6,220.25,94.683,19.703,0,,,,,8711.221782
3820001,27854.73736,188310.4,701420.1,382,79.5,85.051,143.33,278.533,14.236,,,,,16025.44093
3850001,627233.4502,250927.3,759254.8,,,279.206,42.617,115.413,0,,,,,2139.206804
3860001,27854.73736,190705.5,685420.7,386,39.2,50.753,271.181,453.815,0,,,,,14243.91147
3870001,27854.73736,192318.5,694883.6,387,75,167.755,45.831,87.713,5.496,,,,,13259.56852
3930001,0,185624.1,615773.1,,,57.497,27.667,89.069,0,,,,,4902.280403
3940001,0,175673.2,591410.8,394,72.7,123.002,54.108,141.818,8.965,,,,,
3960001,0,188803.5,570112.9,396,64.6,60.339,12.854,137.078,2.907,,,,,
3970001,0,172695.6,572220.2,,,519.362,174.439,377.827,0,,,,,
4000001,0,177538.7,609386.7,400,61.2,14.773,0,187.256,0,,,,,11612.44567
4080001,627233.4502,256056.6,785035.8,,,109.986,236.614,125.185,0,,,,,2449.973864
4180001,27854.73736,187828.8,680674.3,418,71.3,185.214,345.185,147.622,21.632,,,,,20894.95878
4190001,0,155737.6,597807.8,419,73.8,178.582,111.759,136.951,1.275,,,,,
4210001,0,179513.1,545866.9,421,81.6,198.608,86.655,155.718,0,,,,,
4220001,27854.73736,192415.1,700922.4,422,67.9,63.915,33.05,78.948,2.994,,,,,12907.91691
4240001,0,161863.3,601870.4,424,80.5,120.785,47.169,184.19,0,,,,,
4270001,92028.20702,196456.4,741277.3,,,9.828,32.389,148.918,0,,,,,
4300001,627233.4502,218172.1,737825.9,430,70.9,101.457,70.345,60.641,0,,,,,12490.25289
4340001,359630.8286,196253.9,739758.8,434,85.2,141.908,57.453,87.05,1.894,,,,,
4430001,627233.4502,256776.6,764465.7,443,80.2,258.634,41.674,164.559,0,,,,,2864.766311
4460001,27854.73736,185825.6,685810.8,446,79.4,59.105,213.938,123.918,9.815,,,,,15933.47201
4470001,27854.73736,190470.8,691331.7,447,68.3,168.167,151.932,163.886,23.26,1.00E-05,1.00E-05,0.01,0.1,9496.47075
4490001,9920.240278,191862.8,662913.4,449,67.7,190.378,298.577,320.786,0,,,,,10960.56802
4520001,627233.4502,230396,718667.9,,,387.313,115.945,92.849,0,,,,,
4600001,9413.210709,207063.3,631253,460,77.9,17.384,13.156,30.331,0,,,,,15580.94872
4620001,9413.210709,190874.6,634740.6,462,76,63.809,81.774,51.118,9.006,,,,,
4660001,9920.240278,184080.4,656445.8,466,67.3,447.742,2386.873,1441.404,27.86,1.00E-05,1.00E-05,0.007022472,0.2,9189.056039
4690001,9920.240278,182644.2,641069.8,,,133.043297,1042.795547,18.257,0,,,,,
4690002,9920.240278,183009.2,641246,469,74.3,62.433196,30.624,92.546968,16.216,3.54E-05,3.54E-05,0.034408602,0.75,8788.965737
4690003,9920.240278,183533.3,641288.7,469,61.6,0,61.965451,205.919181,0,6.81E-05,3.40E-05,0.059006211,0.473684211,7527.718031
4690004,9920.240278,183457.5,640538.6,469,59.7,126.417505,68.796,96.609847,7.2,4.82E-05,4.82E-05,0.066901408,0.473684211,6876.354967
4720001,9413.210709,210526.2,634821.8,472,29,154.971,242.02,150.665,0,1.00E-05,1.00E-05,0.001515152,0.1,5693.531192
4940005,92028.20702,205831.8,733081.1,494,47.3,122.460498,319.027652,228.214608,0,,,,,3206.441415
4940009,92028.20702,,,,,,,,,,,,,
5040001,627233.4502,219741.4,752725.9,504,38.2,54.525,229.949,337.655,0,1.00E-05,1.00E-05,1.00E-05,0.1,2371.889962
5090001,627233.4502,231976.4,739765.7,509,31.7,229.008,155.502051,280.086978,14.471,1.00E-05,1.00E-05,0.009746589,0.8,
5090002,627233.4502,232729.7,739446.2,509,32.8,21.71,0,0,0,,,,,
5090003,627233.4502,232197.2,739136,509,29.2,0,93.415,219.791608,0,,,,,
5090004,627233.4502,232845.3,738635.1,509,33,0,0,27.668912,0,,,,,
5090005,627233.4502,,,,,,,,,,,,,
5350001,627233.4502,229292.8,772590.8,535,56.9,88.298,61.709,72.829,0,1.00E-05,1.00E-05,1.00E-05,0.1,4096.12215
5370001,627233.4502,195722.8,723104.3,537,37.2,0,0,0,0,4.62E-06,1.00E-05,0.00505476,1.5,
5370002,627233.4502,195875.6,722653.3,537,35.7,0,0,101.113,0,,,,,
5370003,627233.4502,195635.2,722138.6,537,42.1,0,0,0,0,,,,,
5490001,27854.73736,190841.5,691919.3,549,76.9,0,0,0,0,,,,,11483.50442
5620001,9920.240278,181470.2,639120.3,562,70,148.715,83.165,92.577,12.971,,,,,14601.03276
5640001,0,182655.2,631300.1,564,85.9,157.465,88.952,140.271,0,,,,,1850.977294
5650001,0,181360.3,659597.3,565,68,836.14292,3434.381634,429.131986,0,2.74E-05,4.79E-05,0.05,0.65,11369.28736
5650002,0,182028.4,658996.7,565,62.2,143.836262,164.978761,268.244246,0,2.92E-05,5.11E-05,0.061333333,0.652173913,10308.96717
5700001,627233.4502,224759.6,769015.1,570,73.5,90.909,46.898,195.138,0,,,,,6016.821964
5770001,9920.240278,183140.2,633908.3,577,53,,,,,1.00E-05,1.00E-05,0.013661202,0.1,9928.368394
5780001,627233.4502,237220.3,770237.7,,,643.782,248.212,180.954,0,,,,,
5800001,627233.4502,199400.6,728022.6,580,80.4,12.472,27.781,38.726,0,,,,,17031.3361
5850001,627233.4502,241705.6,743668.1,,,18.675,15.685,9.092,0,,,,,
5850001,627233.4502,241705.6,743668.1,,,147.05,24.998,18.031,0,,,,,
5850001,627233.4502,241705.6,743668.1,,,151.258,285.463,198.896,10.277,,,,,
5870001,9920.240278,188596.1,661572.4,587,53.9,112.018,474.39,239.791,211.863,1.00E-05,1.00E-05,0.005763689,0.5,20995.30955
5900001,627233.4502,252206.8,721640.1,590,75.7,265.873,32.611,62.12,0,,,,,2514.675588
5910001,9920.240278,176175.9,636963.4,591,48.3,200.298,146.259,222.156,81.707,,,,,12190.37852
5920001,9920.240278,170923.2,636483.9,592,87.2,101.254,37.998,40.3,7.412,,,,,6830.634328
5980001,0,177380.1,595116.7,,,607.12,151.979,199.343,0,,,,,
6040001,9920.240278,193909.9,655886.3,604,71.7,40.343,135.689,15.279,4.696,,,,,13829.41763
6060001,9920.240278,193101.6,662071.6,606,77.9,125.465,129.54,105.022,16.543,,,,,15442.02627
6070001,627233.4502,241466.8,765822.1,607,57.1,148.443,171.91,304.774,14.84,,,,,5251.642652
6070001,627233.4502,241466.8,765822.1,607,57.1,7.63,14.878,8.275,0,,,,,5251.642652
6070001,627233.4502,241466.8,765822.1,607,57.1,8.155,4.778,51.526,0,,,,,5251.642652
6130001,627233.4502,226423.7,739004.4,613,69.5,513.209,81.691,87.895,5,,,,,9948.717028
6150001,9920.240278,180840.2,635925.4,615,62.3,104.038,44.887,130.438,0,,,,,13696.18121
6190001,0,190187.2,613453.9,619,82.5,62.702,52.483,159.01,2.116,,,,,5596.416737
6190001,0,190187.2,613453.9,619,82.5,0,0,2.533,0,,,,,5596.416737
6220001,0,173423.9,622592.9,,,33.293,52.642,356.311,1.989,,,,,4932.857936
6270001,9920.240278,195758.7,673266.3,627,49.2,62.056,150.782,370.578,0,1.00E-05,1.00E-05,1.00E-05,0.1,3990.40549
6340001,9920.240278,197489.6,669572.1,634,48.7,0,0,65.955,0,1.00E-05,1.30E-06,0.004752852,1,10209.68599
6340002,9920.240278,197806.9,669021.8,634,45.3,0,64.436024,370.423051,0,,,,,8218.339186
6340003,9920.240278,198257.5,668768.3,634,44.6,8.776,211.806975,240.784,0,,,,,3120.892913
6340004,9920.240278,,,,,,,,,,,,,
6360001,627233.4502,230625.2,714280.9,636,35.3,57.608,26.314,32.599,0,,,,,
6380001,27854.73736,197616,688936.2,638,32,0,0,0,0,1.00E-05,1.33E-06,0.004842615,1.1,
6380002,27854.73736,198677.9,688596.7,638,21.4,17.086,120.309,0,0,,,,,1813.471503
6380003,27854.73736,198459,687580.6,638,35.8,0,0,0,0,,,,,
6380004,27854.73736,,,,,,,,,,,,,
6640001,627233.4502,244036.5,771484.7,664,62,89.208,12.032,3.458,0,,,,,1842.327362
6640001,627233.4502,244036.5,771484.7,664,62,40.155,16.015,12.915,0,,,,,1842.327362
6660001,0,185717.4,575232.8,666,59.9,470.627,1999.616,696.934,62.088,1.00E-05,1.00E-05,0.008253095,0.166666667,8920.994287
6680001,0,158453.8,601286.7,668,64.5,36.194,41.801,81.213,0,,,,,
6730001,9920.240278,192952.1,654159.9,673,73.5,124.616,272.959,16.12,12.996,,,,,13689.61266
6740001,627233.4502,210900.3,773886.7,674,75.1,150.362,210.34,491.73,0,,,,,9635.941443
6780001,627233.4502,256570.2,734723.8,678,71.2,253.995,424.224,313.795,0,,,,,
6810002,9920.240278,185854,665225.1,681,70.9,76.082,993.078223,587.121876,0,5.68E-05,4.55E-05,0.053941909,1.038461538,11484.45944
6810003,9920.240278,185841.4,664778.8,681,55.6,48.589,1242.716957,334.377739,66.873737,2.77E-05,4.84E-05,0.058080808,1,10956.27092
6810004,9920.240278,,,,,,,,,,,,,
6810005,9920.240278,185660.2,664031.9,,,38.35279,399.749447,171.033996,53.032382,8.50E-05,4.25E-05,0.081395349,0.952380952,12992.09199
6930001,9413.210709,198419.2,621744.5,693,98.2,257.175,55.864,76.981,0,,,,,
6960001,9920.240278,186019.4,655241.2,696,55.8,276.595,215.409,679.972,21.994,1.00E-05,1.00E-05,1.00E-05,0.1,9264.450298
6970001,27854.73736,198648.3,691999.8,697,74.4,42.982,57.246,46.994,0,,,,,12375.55251
7090001,0,169365.7,581641.6,709,43.4,52.154,245.102,280.973,0,1.00E-05,1.00E-05,0.004807692,0.1,
7180001,9920.240278,197131,673287.4,718,63.2,37.568,19.129,14.81,0,,,,,11333.6878
7220001,9920.240278,190607,661505,722,75.2,115.186,332.875,27.048,0,,,,,20594.54261
7230001,0,162611.8,592806.1,723,57.1,91.868,52.738,73.545,0,,,,,
7290001,9920.240278,183473.5,657470.7,729,74.7,357.113,397.985,104.516,14.704,,,,,11225.23865
7350001,9920.240278,186493.7,642385.9,735,68.6,39.388,39.369,46.991,0,,,,,13629.439
7380001,627233.4502,,,,,,,,,,,,,
7530001,27854.73736,,,,,,,,,,,,,
7600001,9920.240278,,,,,,,,,,,,,
7660001,0,,,,,,,,,,,,,
7730001,627233.4502,,,,,,,,,,,,,
7870001,9413.210709,,,,,,,,,,,,,
8010001,9920.240278,,,,,,,,,,,,,
8060001,0,,,,,,,,,,,,,
8070001,27854.73736,,,,,,,,,,,,,
8120001,627233.4502,,,,,,,,,,,,,
8240001,0,,,,,,,,,,,,,
8310001,0,,,,,,,,,,,,,
8420001,27854.73736,,,,,,,,,,,,,
8450001,0,,,,,,,,,,,,,
8540001,627233.4502,,,,,,,,,,,,,
8660001,0,,,,,,,,,,,,,
8740001,627233.4502,,,,,,,,,,,,,
8740002,627233.4502,222347,731647.6,874,40.6,167.988347,555.859604,627.440352,24.414283,5.96E-05,0.000119119,0.027950311,0.888888889,4768.944001
8740003,627233.4502,,,,,,,,,,,,,
8740004,627233.4502,,,,,,,,,,,,,
8740005,627233.4502,,,,,,,,,,,,,
8740006,627233.4502,223887.4,731426.6,874,60.8,80.607027,52.908955,315.25418,57.851716,5.47E-05,7.46E-05,0.038112523,0.619047619,5122.907037
8740007,627233.4502,222887.4,731947.3,874,75.7,0,26.049817,85.958727,0,4.37E-05,0.000102011,0.031914894,0.666666667,5852.131075
8740008,627233.4502,223197.8,732117.1,,,4235.843826,3722.166636,10.495371,0,,,,,6594.167617
8770001,27854.73736,,,,,,,,,,,,,
8800001,27854.73736,,,,,,,,,,,,,
8900001,92028.20702,,,,,,,,,,,,,
8970001,27854.73736,,,,,,,,,,,,,
9210001,627233.4502,,,,,,,,,,,,,
9220001,92028.20702,,,,,,,,,,,,,
9260001,0,,,,,,,,,,,,,
9750001,627233.4502,,,,,,,,,,,,,
9940001,627233.4502,,,,,,,,,,,,,
10150001,9413.210709,,,,,,,,,,,,,
10150002,9413.210709,215182.2,634343.4,1015,62.1,23.872807,206.597806,383.582172,22.553928,3.37E-05,5.30E-05,0.068541301,0.641025641,12998.46348
10150004,9413.210709,213948.6,634416.6,1015,58.4,13.598,389.062313,595.911362,9.672887,4.10E-05,4.10E-05,0.149700599,0.18,13246.35709
10150005,9413.210709,,,,,,,,,,,,,
10150006,9413.210709,214173.2,633212.1,1015,69.3,15.081,49.855294,301.650823,12.81597,1.59E-05,2.38E-05,0.037681159,0.846153846,12915.16607
10200001,627233.4502,,,,,,,,,,,,,
10200002,627233.4502,192500.2,713167.2,1020,58.2,0,10.569146,112.654473,0,5.54E-05,0.000110856,0.043352601,0.466666667,5453.190322
10200003,627233.4502,192705,712752.2,1020,57.3,1348.320717,1110.905929,733.91556,18.803821,3.49E-05,0.000116337,0.036093418,0.647058824,6071.09529
10200004,627233.4502,193100.6,711964.9,1020,75.4,12.628,48.224361,201.164412,15.753315,3.59E-05,0.000107675,0.043668122,0.5,8066.286965
10200005,627233.4502,192724.6,711668.1,1020,69.2,65.253491,14.786445,159.887433,0,5.88E-05,0.000100849,0.030674847,0.5,7296.058315
10310001,0,,,,,,,,,,,,,
10310002,0,161464.9,603430.1,1031,63.8,184.981541,638.470474,657.346003,8.796,4.92E-05,7.02E-05,0.030769231,1.333333333,4684.943976
10310003,0,162069.1,603761.6,1031,55.4,25.324398,120.717403,312.64348,0,7.14E-05,0.000142787,0.03257329,1,4142.184974
10310004,0,162587.9,604156.5,1031,66.1,11.993631,16.006056,113.997958,0,7.15E-05,7.15E-05,0.033942559,0.692307692,4905.73573
10310005,0,,,,,,,,,,,,,
10310006,0,160622.7,604469.6,1031,74.3,9.489,77.292387,302.754923,3.675,6.15E-05,5.12E-05,0.028037383,1.2,5773.418546
10310007,0,160840.3,604874.2,1031,62.6,0,0,65.948525,0,3.15E-05,4.20E-05,0.026819923,0.857142857,5760.360213
10340001,0,,,,,,,,,,,,,
10340002,0,176232.7,626956.2,1034,58,42.455003,35.915498,291.604115,27.027902,5.19E-05,3.90E-05,0.037914692,0.5,6300.437969
10340003,0,,,,,,,,,,,,,
10340004,0,175945,625990.3,1034,60.4,31.11923,43.40671,215.298155,6.000728,4.76E-05,0.000142942,0.043478261,0.4,6176.015158
10340005,0,175767,626594.9,1034,67.6,53.245387,557.880622,632.393925,1.389369,4.99E-05,9.28E-05,0.036458333,0.5,6192.127742
10340006,0,175413,626903.3,1034,53.9,76.574,60.675773,300.313586,0,4.92E-05,7.66E-05,0.0499002,0.56,5046.378329
10340007,0,175345.6,626366.2,,,0,21.799301,349.092162,0,4.30E-05,0.00016116,0.039215686,0.9,4851.166381
10540001,0,,,,,,,,,,,,,
10540002,0,186865.4,573245.7,1054,30.9,0,22.525,172.413831,0,,,,,
10540003,0,186612.1,572405.4,1054,42.9,2.772,16.353601,25.561282,0,,,,,
10590001,0,,,,,,,,,,,,,
10610011,627233.4502,231581.9,737166.4,1061,71.8,979.591888,602.943872,197.824731,0,5.89E-05,5.89E-05,0.033794163,0.636363636,5503.390688
10610012,627233.4502,231640.1,736654.3,1061,68.8,86.929891,307.905043,188.248545,58.262953,2.06E-05,8.24E-05,0.04887218,0.846153846,6978.540983
10610013,627233.4502,,,,,,,,,,,,,
10610022,627233.4502,230745.1,734952,1061,43,92.553418,437.03222,334.160345,0,3.57E-05,9.82E-05,0.039087948,1.5,5161.121937
10610023,627233.4502,229839.6,734526.6,1061,35.7,643.922854,564.693256,715.428101,0,2.50E-05,0.000112591,0.03196347,1.428571429,4963.640626
10610025,627233.4502,230033.1,734137.3,,,877.921128,1418.791003,1173.772769,69.933291,1.00E-05,1.00E-05,1.00E-05,0.1,
10610031,627233.4502,,,,,,,,,,,,,
10610033,627233.4502,,,,,,,,,,,,,
10610034,627233.4502,229879.3,733463.8,1061,55.7,33.272576,194.921706,372.428825,0,2.82E-05,0.000103564,0.030927835,0.666666667,4736.617522
10610041,627233.4502,,,,,,,,,,,,,
10610042,627233.4502,229689.4,733060.2,1061,48.2,20.702362,124.609963,159.611986,0,1.72E-05,0.000103386,0.056603774,0.888888889,5612.56748
10610043,627233.4502,229437.2,733370.1,1061,50.3,152.400477,374.1467,141.939565,0,2.27E-05,5.67E-05,0.037267081,0.722222222,5332.334462
10630002,627233.4502,226286.8,769336.9,,,2186.959161,670.187918,50.205618,0,,,,,6111.368787
10630003,627233.4502,227109.2,769589.3,1063,64.7,33.775767,75.236767,138.623123,4.626,4.62E-05,7.26E-05,0.03373494,0.5,5303.463411
10630004,627233.4502,227094.2,768336.1,1063,72.9,131.223654,236.638671,438.63973,11.051,5.57E-05,3.90E-05,0.058943089,0.517241379,5350.893727
10630005,627233.4502,,,,,,,,,,,,,
10630006,627233.4502,225312.7,768269.2,1063,58.4,41.361091,534.176765,139.655838,11.026,1.61E-05,8.06E-06,0.023529412,0.875,4401.951103
10660001,9920.240278,,,,,,,,,,,,,
10800001,0,167187.8,595436.9,1080,63.4,39.857,51.221,190.429,8.327,,,,,8594.56639
10830001,0,,,,,,,,,,,,,
10840001,9920.240278,,,,,,,,,,,,,
11280001,627233.4502,214179.1,712292.1,1128,86,14.263,24.437,12.458,0,,,,,6415.867803
11290001,0,,,,,,,,,,,,,
11370001,9413.210709,,,,,,,,,,,,,
11390011,627233.4502,230057.4,758688.6,,,8334.824511,7715.899219,467.385283,0,,,,,
11390012,627233.4502,228833.9,758106.6,1139,45.8,326.399532,910.188948,780.195121,30.468083,7.21E-05,0.000216294,0.081871345,0.571428571,5465.609662
11390013,627233.4502,228509.7,756999.3,1139,62.5,299.825026,372.062606,397.755243,0,4.84E-05,0.000172963,0.03030303,0.666666667,5220.626483
11390014,627233.4502,228425.4,757816.2,1139,56.1,0,45.345299,204.308017,10.724854,6.76E-05,0.000187652,0.04109589,0.666666667,5264.097514
11390022,627233.4502,227672.7,758046,1139,70.8,47.718087,160.534953,295.862417,12.268105,3.77E-05,0.000131808,0.054982818,0.5625,6505.114917
11390023,627233.4502,,,,,,,,,,,,,
11390024,627233.4502,,,,,,,,,,,,,
11390031,627233.4502,,,,,,,,,,,,,
11390033,627233.4502,,,,,,,,,,,,,
11390034,627233.4502,,,,,,,,,,,,,
11390035,627233.4502,226034.2,757623.1,1139,66.4,43.108361,64.653535,171.941776,15.339769,4.50E-05,0.000120098,0.032876712,0.583333333,6954.279418
11400001,0,,,,,,,,,,,,,
11460001,0,,,,,,,,,,,,,
11480001,18887.48882,,,,,,,,,,,,,
11600001,627233.4502,223489.8,750416.6,1160,78.2,21.809,13.131,39.944,2.995,,,,,9786.067031
11610001,0,,,,,,,,,,,,,
11610003,0,175999.6,589572.8,1161,24.4,188.923824,110.291636,312.826288,0,1.08E-05,3.61E-06,0.002638522,2.5,
11610006,0,,,,,,,,,,,,,
11610008,0,176912.7,588830.4,1161,42,0,34.605233,111.001401,6.703,6.73E-06,6.73E-06,0.002457002,2,
11610009,0,177515.5,588776.4,1161,34,35.078,39.001586,176.848781,0,1.00E-05,5.13E-06,1.00E-05,30,
11610011,0,178079.6,588621,1161,30.8,33.710383,150.414952,253.65696,0,4.14E-06,1.00E-05,0.003021148,1.5,
11630001,627233.4502,,,,,,,,,,,,,
11650001,9920.240278,,,,,,,,,,,,,
11660001,9920.240278,,,,,,,,,,,,,
11670001,627233.4502,,,,,,,,,,,,,
11760001,0,217586,502574,1176,81.3,21.363,66.971,161.866,0,,,,,5206.279042
11770001,0,,,,,,,,,,,,,
11780001,627233.4502,,,,,,,,,,,,,
11790001,627233.4502,,,,,,,,,,,,,
11980001,0,,,,,,,,,,,,,
12000011,9920.240278,202127.4,644919.1,1200,75.3,29.162395,778.937653,422.601679,0,2.61E-05,9.57E-05,0.041269841,0.692307692,11304.48489
12000012,9920.240278,201302.9,644717.5,1200,72.7,21.505196,276.557518,449.294887,28.816489,3.54E-05,0.000135805,0.043103448,0.8,10709.71839
12000013,9920.240278,200723.9,644557.4,1200,82.1,0,213.133227,371.771572,15.767432,3.32E-05,0.000121766,0.034343434,1,10773.05299
12000014,9920.240278,201219.2,646145.1,,,31.379023,946.413625,341.402831,0,1.00E-05,1.00E-05,1.00E-05,0.1,
12000015,9920.240278,,,,,,,,,,,,,
12000017,9920.240278,,,,,,,,,,,,,
12000021,9920.240278,201052.7,646838.3,1200,87.2,26.890172,107.666726,100.546072,0,7.25E-05,4.10E-05,0.033371692,2.137931034,12042.91516
12000022,9920.240278,200591.6,646699.4,1200,83.7,8.092,148.752866,310.722701,32.287614,3.77E-05,0.000121486,0.03058104,1.15,10510.13972
12000032,9920.240278,198295.4,646001.6,,,161.928314,1083.201806,196.763288,0,,,,,13983.62349
12000033,9920.240278,,,,,,,,,,,,,
12000041,9920.240278,201730.3,643525.4,1200,60.9,0,167.024938,444.794528,15.920103,1.00E-05,4.34E-05,0.012658228,1.5,15461.65529
12000042,9920.240278,201835.4,644243,1200,59.7,19.592516,76.312441,197.136319,83.22643,8.75E-06,2.63E-05,0.015974441,1.2,14752.82014
12000043,9920.240278,203277.4,644049,1200,69.7,128.566498,710.176581,597.622141,32.026802,1.04E-05,4.15E-05,0.015151515,1.5,12813.98919
12110001,627233.4502,,,,,,,,,,,,,
12240002,9920.240278,199642.2,681222,1224,69.6,61.207532,295.893234,288.171729,0,1.80E-05,5.41E-05,0.092105263,0.428571429,11234.0017
12240004,9920.240278,199108.6,680160.6,1224,70.3,168.922446,456.43679,85.974973,0,8.67E-06,2.60E-05,0.015822785,2.2,12815.82219
12280001,627233.4502,,,,,,,,,,,,,
12400001,0,,,,,,,,,,,,,
12440001,627233.4502,,,,,,,,,,,,,
12470001,627233.4502,,,,,,,,,,,,,
12480001,0,,,,,,,,,,,,,
12550001,0,,,,,,,,,,,,,
12630001,627233.4502,,,,,,,,,,,,,
12640001,9920.240278,,,,,,,,,,,,,
12680001,0,,,,,,,,,,,,,
12710001,0,,,,,,,,,,,,,
12740001,627233.4502,,,,,,,,,,,,,
12790001,0,,,,,,,,,,,,,
12840001,92028.20702,,,,,,,,,,,,,
12860001,0,,,,,,,,,,,,,
12880001,627233.4502,,,,,,,,,,,,,
12930001,627233.4502,,,,,,,,,,,,,
12940001,627233.4502,,,,,,,,,,,,,
13030001,0,,,,,,,,,,,,,
13040001,9920.240278,,,,,,,,,,,,,
13040002,9920.240278,195418.5,656519.4,1304,78.5,81.838158,146.232413,132.65512,91.38518,8.74E-05,5.41E-05,0.024316109,1.375,13619.73405
13040003,9920.240278,195267.2,655602.1,1304,68.5,150.414306,252.541839,211.714987,20.447583,3.61E-05,7.83E-05,0.028571429,1.384615385,12462.33796
13040004,9920.240278,194627,655673,1304,67.5,873.67917,837.854269,806.394078,61.966653,1.29E-05,3.88E-05,0.025943396,1,11391.86068
13090001,9920.240278,,,,,,,,,,,,,
13090002,9920.240278,195270.3,661768.4,1309,68.8,34.638,61.006191,283.273882,12.701,4.74E-05,7.75E-05,0.037735849,0.916666667,8554.512454
13090003,9920.240278,196416.8,661556,1309,60.4,19.914,206.183539,277.43725,0,4.28E-05,6.42E-05,0.04296875,0.590909091,8838.989829
13090004,9920.240278,196261.4,661773.8,1309,49,72.212,170.249601,460.934423,0,3.21E-05,8.26E-05,0.033500838,0.8,9200.876011
13090005,9920.240278,196195.7,662009.4,1309,61.3,9.009,64.615594,184.876906,6.425,2.42E-05,8.70E-05,0.031746032,0.944444444,8551.23934
13090006,9920.240278,196709.2,662192.6,,,10.51,0,90.854637,0,3.04E-05,2.53E-05,0.025878004,0.928571429,9719.872915
13090007,9920.240278,196294,662230.5,1309,62.3,21.384,37.427,175.780988,0,5.72E-05,5.72E-05,0.032033426,0.869565217,8578.845348
13100001,9920.240278,,,,,,,,,,,,,
13150001,9920.240278,,,,,,,,,,,,,
13180001,27854.73736,,,,,,,,,,,,,
13190001,27854.73736,,,,,,,,,,,,,
13220001,627233.4502,,,,,,,,,,,,,
13270001,627233.4502,,,,,,,,,,,,,
13270002,627233.4502,217582.7,717175.4,1327,29,23.172693,7.507,116.166736,0,,,,,
13270004,627233.4502,214910.7,716581.5,1327,40.5,20.215306,79.129,138.409683,0,,,,,
13330001,9920.240278,,,,,,,,,,,,,
13370001,627233.4502,,,,,,,,,,,,,
13430001,0,,,,,,,,,,,,,
13470001,0,,,,,,,,,,,,,
13490001,0,,,,,,,,,,,,,
13580001,0,,,,,,,,,,,,,
13590001,0,,,,,,,,,,,,,
13600001,0,,,,,,,,,,,,,
14190001,0,,,,,,,,,,,,,
20020001,27854.73736,196677.8,690199.3,2002,65.7,306.9,200.253,44.367,0,,,,,11046.48722
20110001,0,179385.4,627847.1,2011,63.4,18.511,18.593,81.597,3.199,,,,,7482.780462
20130001,9920.240278,192839.7,651112,2013,77.8,43.373,112.793,45.544,0,,,,,12217.20166
20230001,0,187565.6,587598.4,,,101.349,63.342,45.84,0,,,,,
20290001,627233.4502,215167.2,722313.3,2029,68.7,73.672,0,26.016,7.656,,,,,10381.55059
20340001,627233.4502,251156.1,765262.2,2034,45.4,709.158,825.858,1052.448,1.33,1.00E-05,1.00E-05,0.003382187,0.1,4667.497572
21000001,0,197455.6,741858.9,2100,74.1,1499.763529,2878.006178,278.416269,0,1.65E-05,9.90E-05,0.018072289,1,7580.614576
21000002,0,,,,,,,,,,,,,
21000003,0,197266.2,740884.6,2100,52.1,16.55192,18.787071,285.874082,0,8.16E-05,0.000101975,0.022332506,1.111111111,5737.251627
21000004,0,197599.3,740764.6,2100,53.2,103.95785,310.135892,427.599196,25.182933,5.35E-05,0.000200468,0.03902439,0.875,6876.141481
21000005,0,197847.1,741236.5,2100,67.8,45.476021,261.666338,246.630523,12.778206,6.29E-05,7.44E-05,0.027139875,0.692307692,7654.906235
21000006,0,,,,,,,,,,,,,
21000007,0,197637.6,739884.1,2100,42.2,16.24721,30.102309,339.642435,0,6.32E-05,8.43E-05,0.026923077,0.857142857,5506.424639
22000001,0,201380.6,552513.9,,,2958.051094,6161.301108,156.55966,0,,,,,
22000002,0,,,,,,,,,,,,,
22000003,0,202994.3,552235.2,2200,41.7,45.386998,69.544764,368.387869,8.970214,2.40E-05,0.000168229,0.039473684,0.333333333,4935.955744
22000004,0,203455,552681.9,2200,57.1,68.621976,214.912239,306.267204,0,5.55E-05,0.000166605,0.037162162,0.454545455,4572.049275
22000005,0,,,,,,,,,,,,,
22000006,0,203946.8,553581.9,2200,67.8,0,10.958,136.91617,0,5.29E-05,0.000206273,0.023166023,0.916666667,5032.922381
22000007,0,203423.1,553554.8,2200,54.4,0,104.747144,378.812882,0,4.33E-05,0.000201875,0.036842105,0.428571429,4580.813138
22000008,0,203462.3,553848.8,2200,62.7,0,7.625419,20.506864,0,1.48E-05,0.000177712,0.027027027,0.8,4546.533362
22000010,0,203164,553452.6,2200,47.2,0,11.487603,218.857632,9.072503,4.13E-05,0.000151442,0.050251256,0.5,3972.213743
22000012,0,202762.8,553639.3,2200,62.3,16.675797,41.666663,468.753787,0,5.30E-05,0.000194432,0.032258065,0.6,4261.881708
23000001,92028.20702,213418.1,736966.6,2300,65.7,38.045823,327.441159,456.472356,14.959655,2.29E-05,4.12E-05,0.035117057,0.761904762,9888.269461
23000002,92028.20702,,,,,,,,,,,,,
23000003,92028.20702,211857.1,734996,2300,63.7,50.173,455.749008,479.121317,50.150557,4.00E-05,5.15E-05,0.039665971,1.157894737,9486.893976
23000004,92028.20702,210429.6,734210.3,2300,73.5,43.217187,115.850498,316.113751,10.61148,7.43E-05,3.71E-05,0.030508475,2.222222222,8965.482486
24000001,0,187939.3,659293.5,2400,72.5,50.083822,75.522472,121.450655,0,4.06E-05,6.38E-05,0.038135593,1.111111111,11071.34118
24000002,0,,,,,,,,,,,,,
24000003,0,187244.2,659765.6,2400,51.4,0,10.988441,109.595445,0,2.22E-05,0.00011092,0.028340081,0.857142857,8934.727788
24000004,0,187231.2,659372.1,2400,59.1,18.031542,59.747521,504.654779,0,2.60E-05,0.00015606,0.025316456,0.875,9584.713408
24000006,0,187068.3,658828.6,,,1740.908228,3668.568765,401.975964,0,,,,,24653.82998
24000007,0,186575.8,659067.8,2400,43.3,36.204441,266.811544,529.635453,15.768666,0.000120163,0.000112153,0.032163743,1,9619.456677
24000008,0,186118.7,659250.4,2400,58.3,20.777666,46.634734,110.052697,0,6.05E-05,6.05E-05,0.027624309,0.6,10400.77639
24000009,0,,,,,,,,,,,,,
24000010,0,,,,,,,,,,,,,
24000011,0,185724.6,660125.9,,,486.282203,2234.049522,260.700541,0,,,,,9716.94014
24000012,0,185601.4,659888.4,2400,47.9,166.683737,323.214331,448.797878,23.552641,5.91E-05,9.20E-05,0.028776978,1.25,10169.38005
25000001,0,204587.5,742074.5,,,1189.755207,4006.887001,265.135473,0,1.00E-05,1.00E-05,1.00E-05,0.1,6160.547507
25000002,0,,,,,,,,,,,,,
25000003,0,203422.5,742280.8,2500,56.3,10.307444,56.457923,117.792771,0,3.67E-05,5.50E-05,0.063545151,1.210526316,7518.602261
25000004,0,203924.8,741771.2,2500,70.9,0,42.857096,227.616102,6.520064,3.51E-05,7.02E-05,0.038461538,0.75,7410.650356
25000006,92028.20702,204781.7,740935.1,2500,67.1,61.355227,235.564292,115.457196,0,3.10E-05,3.88E-05,0.045325779,0.75,7008.580671
25000007,0,203413.7,741668.6,2500,76.5,0,151.070306,196.923945,40.788864,5.12E-05,2.37E-05,0.054676259,0.789473684,8363.427501
25300001,9920.240278,185027.7,650211.6,2530,74.4,2442.11,3085.056,6608.976,11.64,1.00E-05,1.00E-05,0.001712329,0.666666667,10710.38022
25500001,9920.240278,179127.3,636500.9,2550,55.3,223.257075,366.579129,283.405442,0,5.77E-05,8.65E-05,0.035087719,0.9,8610.289844
25500002,9920.240278,,,,,,,,,,,,,
25500003,9920.240278,179633.9,635947.4,2550,69.6,51.023157,115.67234,546.851973,28.200946,3.51E-05,5.62E-05,0.023076923,1.333333333,8287.615014
25600001,0,219494.2,574358.8,2560,64.2,34.007921,133.220422,141.515917,0,7.45E-05,0.000154276,0.040776699,0.428571429,4540.525505
25600002,0,,,,,,,,,,,,,
25600003,0,219660.1,573796.8,2560,56.3,70.001922,166.905931,427.123602,21.003969,8.92E-05,0.000173201,0.040229885,1,4438.211564
25600004,0,219082.2,573106.2,,,2653.271494,1239.519857,98.229191,0,,,,,
25600005,0,,,,,,,,,,,,,
25600006,0,220670.3,575077.8,2560,62.5,51.25567,85.417678,172.988312,0,6.27E-05,7.40E-05,0.068607069,0.454545455,5116.360149
26000011,0,195028.8,384850.8,,,427.997784,11418.05233,1516.056826,0,,,,,11893.6706
26000012,0,195047.3,385763.7,2600,61.3,201.625345,1753.69996,942.382331,12.576962,5.83E-05,0.000378898,0.191489362,1.222222222,7770.092557
26000013,0,,,,,,,,,,,,,
26000014,0,195106.4,386323.7,2600,75,48.229316,259.564561,276.690865,12.56919,0.000116309,0.000213233,0.096698113,0.829268293,7347.086821
26000015,0,194702,386037.6,,,34.110046,96.880684,258.372472,0,7.10E-05,0.000191639,0.093264249,0.944444444,6315.335279
26000016,0,,,,,,,,,,,,,
26000021,0,194280.1,385905.4,2600,77,132.288877,217.957133,234.994448,16.502988,0.000116148,0.000280122,0.087281796,1.085714286,6708.010224
26000022,0,193992.4,386143.5,2600,80,9.571671,26.505943,258.089971,0,0.000122218,0.000295361,0.063197026,1.470588235,6240.534443
26000023,0,,,,,,,,,,,,,
26000024,0,193372.4,385446.3,2600,71.6,57.269832,148.231035,148.411837,0,4.24E-05,0.000155345,0.067010309,0.576923077,7659.739029
26000025,0,194094.7,385569,2600,74.5,0,32.31405,176.302596,22.4915,0.000114155,0.000422374,0.091666667,0.909090909,6870.725044
26000031,0,194399.1,385075,2600,77.6,97.518761,324.155355,150.488316,0,0.000106636,0.000303503,0.095808383,1.03125,6989.329572
26000032,0,194045.1,384774.8,2600,74.5,7.44,249.128049,697.152772,0,3.36E-05,0.000302546,0.09202454,0.666666667,8388.774273
26000033,0,193087.6,384804.2,2600,76,30.116891,105.505907,200.178081,0,5.51E-05,0.000291293,0.077586207,0.777777778,7787.517765
26000034,0,,,,,,,,,,,,,
26000035,0,192951.1,384429.5,2600,80.1,5.927935,33.547903,107.306752,8.596536,6.97E-05,0.000358655,0.076363636,0.714285714,8007.228762
26100011,9413.210709,199889.1,629452,,,1328.883086,1248.962007,183.405994,0,,,,,
26100012,9413.210709,200031.4,628136.1,,,0,5.818263,3.121951,1.34793,0.000107929,2.91E-05,0.024242424,3.125,9402.039969
26100013,9413.210709,199567.5,628224.9,2610,68.5,599.626672,958.018486,949.68143,39.493311,3.27E-05,5.45E-05,0.033797217,0.470588235,8784.325938
26100014,9413.210709,199328.8,628759.4,2610,57.3,91.774578,95.994554,391.849347,0,4.77E-05,0.000116584,0.036750484,0.631578947,8614.625464
26100015,9413.210709,198582.8,628766.1,2610,42.7,101.633614,83.984402,133.223782,0,3.42E-05,0.00010274,0.045833333,0.636363636,7921.300783
26100016,9413.210709,,,,,,,,,,,,,
26100017,9413.210709,195993.9,626913.3,,,1233.221034,63.207475,45.073008,0,1.00E-05,1.00E-05,0.5,2,
26100021,9413.210709,197929.1,627950.4,2610,67.8,0,52.828901,85.866003,0,5.25E-05,8.40E-05,0.053639847,0.357142857,7971.650546
26100022,9413.210709,,,,,,,,,,,,,
26100023,9413.210709,,,,,,,,,,,,,
26100024,9413.210709,198900,627775.7,2610,68.5,0,64.933845,93.163888,0,4.30E-05,0.000100409,0.039267016,0.6,7605.453866
26100025,9413.210709,198930.9,627452.7,2610,61.5,1.596,165.329197,277.423846,11.356138,7.33E-05,9.16E-05,0.043478261,0.230769231,9100.887465
26100026,9413.210709,199558.5,627482.4,2610,40.7,0,167.542762,650.544281,11.871215,3.25E-05,6.50E-05,0.021080369,0.6875,8742.590396
26100027,9413.210709,,,,,,,,,,,,,
26100031,9413.210709,199359.4,626980.6,,,38.58566,0,51.335934,0,4.35E-05,0.000115967,0.021164021,2.5,9906.841243
26100032,9413.210709,199350.8,626461.6,2610,29.6,65.006306,238.128668,291.468438,0,6.32E-05,5.69E-05,0.010380623,2.222222222,9162.334041
26100033,9413.210709,199404.7,625795.8,2610,44.9,0,53.300134,228.309108,27.782729,5.15E-05,6.34E-05,0.027496382,0.789473684,8412.707493
26100034,9413.210709,,,,,,,,,,,,,
26100036,9413.210709,199720.1,624202.9,2610,54.8,10.955344,131.134376,527.543777,22.05228,5.26E-05,9.08E-05,0.017452007,0.8,10884.58961
26100037,9413.210709,,,,,,,,,,,,,
26200001,0,186255.6,663622.5,2620,66.5,70.516627,260.489345,604.643226,78.075139,3.39E-05,5.82E-05,0.046017699,0.846153846,13383.09658
26200002,0,,,,,,,,,,,,,
26200003,9920.240278,187380.4,663054.6,2620,76.1,24.911,137.844913,222.832838,81.202276,0.00010034,3.49E-05,0.038216561,3.416666667,13898.77887
26200004,0,187110,662790.6,2620,77,100.366154,1131.677045,825.587009,147.923691,4.21E-05,9.83E-05,0.051282051,0.9,11936.0209
26200005,0,,,,,,,,,,,,,
26200006,0,187493.5,662033.4,2620,67.4,6.971,198.038613,119.878683,43.11214,2.92E-05,7.59E-05,0.046908316,0.863636364,13323.37883
26200007,0,187171.7,661804.2,2620,62,18.306,75.086236,473.559422,13.066162,1.00E-05,8.50E-05,0.07751938,0.7,12742.203
26200008,0,186620,662742.1,2620,71.1,0,149.496646,179.553946,76.92204,5.30E-05,3.85E-05,0.0228471,1.615384615,14573.5956
26300011,0,179264.8,612031.3,,,10388.18608,8901.110124,400.366226,0,1.00E-05,1.00E-05,1.00E-05,0.1,
26300012,0,178010,612564.1,2630,56,43.47157,475.169198,465.406048,100.986884,3.81E-05,0.000114155,0.036111111,0.692307692,6486.495753
26300013,0,178513.5,613052.1,2630,59.4,77.534722,762.403842,450.993076,19.711273,4.15E-05,0.000290577,0.045454545,1.333333333,
26300014,0,178824.4,613446.8,2630,58.4,78.803571,66.516238,533.645818,0,4.21E-05,7.73E-05,0.025641026,1.1,6277.624952
26300015,0,178236.7,613797.7,2630,48.6,6.305,92.126193,175.488691,0,3.68E-05,0.000147297,0.029569892,0.909090909,5841.654316
26300021,0,177902.2,613071.4,2630,48.1,0,58.47283,419.124767,13.273458,2.56E-05,0.00010242,0.03271028,0.571428571,7480.00033
26300022,0,,,,,,,,,,,,,
26300023,0,,,,,,,,,,,,,
26300024,0,177355.3,613840.8,2630,64.2,19.654532,73.186305,179.203458,0,3.51E-05,0.000175302,0.038391225,0.666666667,5888.666323
26300025,0,177796.9,613820.7,2630,62.5,0,42.556041,422.088181,0,2.66E-05,0.000239394,0.025889968,1.875,5733.409153
26300026,0,178299.6,614374.4,,,176.836125,116.630704,24.625827,0,1.00E-05,1.00E-05,1.00E-05,260,7890.636637
26300032,0,176539.8,613433.7,2630,63.5,22.029592,5.203925,117.628177,12.570728,0.000213396,8.26E-05,0.027638191,3.909090909,7215.663782
26300033,0,176795.5,613370.9,2630,47.7,17.872198,57.266565,313.279579,0,5.72E-05,0.000302597,0.023880597,1.125,6485.887728
26300034,0,,,,,,,,,,,,,
26300035,0,177257,612923.7,2630,59.5,0,0,88.012334,0,1.16E-05,0.00020808,0.029535865,0.428571429,6806.626952
26300036,0,177001.4,612501.2,2630,63.8,12.467205,229.343587,155.205176,33.077654,1.50E-05,0.000127255,0.016393443,0.666666667,6838.329689
26400001,9920.240278,194454.9,668247.1,,,443.100402,1933.912181,224.407445,0,,,,,
26400002,9920.240278,,,,,,,,,,,,,
26400003,9920.240278,195308,667624.9,2640,58.4,44.638105,289.118038,417.64041,0,5.40E-05,8.77E-05,0.022167488,1.444444444,9673.42722
26400004,9920.240278,195535.8,666973,2640,61.6,174.320447,222.129705,561.023982,21.457567,4.47E-05,0.000100643,0.024489796,1.25,8590.340035
26400005,9920.240278,,,,,,,,,,,,,
26400006,9920.240278,196088,666767.8,2640,59.4,38.32725,182.00715,232.042383,0,4.05E-05,0.000145903,0.020710059,2,9942.550013
26400007,9920.240278,196098.7,666056.1,2640,80.6,73.249392,146.869035,96.962232,18.775994,1.28E-05,4.49E-05,0.016393443,1,10595.96267
26400008,9920.240278,196813,666787.8,2640,64.3,,,,,1.72E-05,6.87E-05,0.028213166,1.222222222,11561.03903
26400009,9920.240278,,,,,,,,,,,,,
26400010,9920.240278,,,,,,,,,,,,,
26400012,9920.240278,198105.5,666830.9,2640,68.1,26.909911,88.53878,127.081645,49.156337,1.32E-05,2.63E-05,0.038461538,0.5,11023.25363
26500011,2087.426616,186679.2,670855.8,2650,71.2,1949.325445,639.273459,352.675407,84.043197,5.60E-05,6.62E-05,0.040892193,0.818181818,13013.90257
26500013,2087.426616,186245.1,671178.9,2650,73.5,125.074517,342.601375,611.359402,47.397683,4.35E-05,6.52E-05,0.033730159,0.823529412,14695.17031
26500014,2087.426616,185308.2,671233.6,2650,56.1,138.939603,659.831985,776.238434,76.058161,3.90E-05,8.35E-05,0.036585366,0.888888889,18704.10893
26500021,2087.426616,185006.9,671854.6,2650,62.8,49.099544,556.281842,445.403193,47.092373,4.23E-05,9.16E-05,0.043701799,0.588235294,16733.81461
26500022,2087.426616,,,,,,,,,,,,,
26500023,2087.426616,,,,,,,,,,,,,
26500024,2087.426616,185288.2,672774.8,2650,69.6,301.350228,505.847228,600.595558,22.744919,4.70E-05,9.39E-05,0.04,1,16949.8933
26500031,2087.426616,184615.1,672985.4,2650,67.8,192.258765,634.360138,449.114895,76.811075,2.89E-05,5.78E-05,0.042194093,0.8,17481.36857
26500032,2087.426616,184630.7,672219.9,2650,67.5,9.677,436.82499,303.443605,59.770345,3.18E-05,0.00012706,0.052173913,0.833333333,17301.23589
26500033,2087.426616,184058.4,672230.3,2650,64,20.024706,82.086418,234.431623,62.672864,1.28E-05,6.40E-05,0.046728972,0.5,19296.88105
26500036,2087.426616,182978.9,670199.3,2650,76.4,143.385335,80.46408,45.701466,0,6.60E-05,2.20E-05,0.036144578,3.888888889,20447.78024
26500037,2087.426616,,,,,,,,,,,,,
26500038,2087.426616,184107.1,670795.9,,,67.047232,34.081703,32.64897,0,1.00E-05,1.00E-05,1.00E-05,10,
26600001,9920.240278,174873.2,643721.6,,,6831.633748,5532.603678,309.37694,20.402356,1.00E-05,5.07E-05,0.018518519,2,7779.085269
26600002,9920.240278,,,,,,,,,,,,,
26600003,9920.240278,174318.6,642669.9,2660,62.8,17.777155,165.016036,197.219022,72.965385,2.08E-05,0.000145289,0.041666667,0.909090909,9742.394146
26600004,9920.240278,175461.5,642737.1,2660,57.3,105.090423,191.504248,484.220248,0,6.43E-05,0.000134358,0.025586354,1.75,7153.636885
26600005,9920.240278,,,,,,,,,,,,,
26600006,9920.240278,176158.8,642487.1,2660,59.6,316.71013,393.254141,313.115529,0,6.05E-05,0.000159542,0.030120482,0.866666667,7565.586572
26600007,9920.240278,176474.3,642310.5,2660,62.5,6.1,6.1,0,0,3.67E-05,0.000128425,0.024553571,1.454545455,7694.365749
26600007,9920.240278,176474.3,642310.5,2660,62.5,466.883002,512.217494,527.646121,30.153928,3.67E-05,0.000128425,0.024553571,1.454545455,7694.365749
26600008,9920.240278,175298.1,642138.4,2660,74.4,3.583,233.128724,488.101319,53.526848,6.02E-05,0.000232656,0.021961933,1.666666667,9620.333826
26600009,9920.240278,,,,,,,,,,,,,
27100011,627233.4502,213875.9,715780.1,2710,41.3,50.245,177.536744,114.831427,0,,,,,
27100012,627233.4502,214511.7,714468.3,2710,41.1,15.338741,101.280557,198.550907,0,,,,,
27100013,627233.4502,215001.4,714789.2,2710,33,23.979755,374.116147,176.836075,0,,,,,
27100014,627233.4502,215910.1,714403.3,2710,37.3,9.955454,42.028695,44.185633,0,,,,,
27100015,627233.4502,215492,713514.7,2710,40.9,58.429212,20.35667,88.623046,16.75238,,,,,
27100022,627233.4502,,,,,,,,,,,,,
27100031,627233.4502,214084.3,713884.4,2710,35,0,24.186487,124.691649,0,,,,,
27100032,627233.4502,212378.7,713830.9,2710,45.1,29.206,48.494283,47.476249,0,,,,,
27100033,627233.4502,213803.7,713073.5,2710,38.2,50.942073,60.439104,92.275853,0,,,,,
27100034,627233.4502,,,,,,,,,,,,,
27200001,27854.73736,196342.7,682859.8,2720,47.5,18.175,37.176,124.246529,0,1.14E-06,1.14E-06,0.004158004,1.7,
27200002,27854.73736,,,,,,,,,,,,,
27200003,27854.73736,196039.3,681606,2720,51.3,14.694,70.73,37.113106,0,,,,,
27200004,27854.73736,195365.3,682127.7,2720,51.2,0,54.008,187.831295,0,,,,,
27200005,27854.73736,,,,,,,,,,,,,
27200007,27854.73736,195048.1,682857.4,,,173.61,562.496294,291.443274,25.541283,,,,,
27200008,27854.73736,195546.2,682863,2720,49.9,0,0,0,0,,,,,
27300001,27854.73736,201338.8,686982.2,2730,34.9,129.313,492.736388,399.790129,0,6.93E-07,1.00E-05,0.003538928,1.214285714,
27300001,27854.73736,201338.8,686982.2,2730,34.9,129.313,492.736388,399.790129,0,6.93E-07,1.00E-05,0.003538928,1.214285714,
27300002,27854.73736,,,,,,,,,,,,,
27300003,27854.73736,201886.6,685923.5,2730,31,0,23.645,0,0,,,,,
27300004,27854.73736,201373,685996.6,2730,25.2,0,0,214.356477,0,,,,,
27300005,27854.73736,,,,,,,,,,,,,
27300006,27854.73736,200600.1,685236.7,,,0,0,85.292673,0,,,,,
27300007,27854.73736,201186.7,685131.3,2730,43.7,0,0,0,0,,,,,
27300008,27854.73736,199485.8,684143.8,,,25.49,23.506611,75.142795,0,,,,,9506.226794
28000001,627233.4502,254965.9,791606.1,,,1235.699168,341.397685,48.933336,0,,,,,
28000002,627233.4502,,,,,,,,,,,,,
28000003,627233.4502,254028.3,791090.6,2800,58.5,427.187937,639.366881,431.113395,5.599682,3.30E-05,8.25E-05,0.03313253,0.727272727,4182.443253
28000004,627233.4502,253482.7,791930.4,2800,64.7,8.480604,37.953926,191.639937,0,3.19E-05,7.01E-05,0.027906977,0.75,4258.492166
28000005,627233.4502,,,,,,,,,,,,,
28000006,627233.4502,253195,790345.1,2800,70.4,11.304,120.80916,222.430372,22.130068,3.04E-05,9.13E-05,0.048148148,0.846153846,4034.56641
28000007,627233.4502,253362.1,790674.4,2800,70.2,193.746155,1549.792175,877.390556,0,5.96E-05,0.000119119,0.043478261,0.5,3739.186545
28000008,627233.4502,253817.7,789919.8,2800,65.6,30.923834,194.536273,316.483512,0,4.49E-05,8.98E-05,0.049180328,0.555555556,3538.530668
28000009,627233.4502,,,,,,,,,,,,,
28000010,627233.4502,,,,,,,,,,,,,
30000111,9413.210709,223716.7,638724.3,3000,28.6,0,52.356881,120.580339,0,1.86E-05,0.000111446,0.033898305,0.3,13533.95065
30000112,9413.210709,,,,,,,,,,,,,
30000113,9413.210709,223233,638590.4,3000,45.9,0,39.111706,393.807751,0,7.35E-05,0.000220353,0.034852547,0.461538462,10662.97318
30000116,9413.210709,,,,,,,,,,,,,
30000123,9413.210709,,,,,,,,,,,,,
30000124,9413.210709,,,,,,,,,,,,,
30000125,9413.210709,223392.1,637480.6,3000,62.4,61.090835,11.386327,157.94825,9.43702,2.36E-05,0.00014171,0.025862069,1.222222222,11508.97307
30000132,9413.210709,,,,,,,,,,,,,
30000135,9413.210709,,,,,,,,,,,,,
30000223,9413.210709,,,,,,,,,,,,,
30000311,9413.210709,,,,,,,,,,,,,
30000411,9413.210709,,,,,,,,,,,,,
30000412,9413.210709,220689.8,635490.4,3000,45.8,0,55.422818,350.329964,33.55174,1.12E-05,7.86E-05,0.026639344,0.230769231,15346.58046
30000422,9413.210709,219448.6,635960.6,3000,61,57.633286,72.617187,107.443755,13.506287,6.15E-05,9.66E-05,0.032051282,0.6,14431.93653
30000424,9413.210709,218904.1,635973.5,3000,47.5,109.966154,83.438231,290.497609,0,2.12E-05,7.43E-05,0.019379845,1,13150.11086
30000425,9413.210709,,,,,,,,,,,,,
30000426,9413.210709,218342.6,636676.5,3000,33.9,37.525679,341.522416,430.646332,0,2.02E-05,9.59E-05,0.044198895,0.416666667,14194.33192
30000431,9413.210709,218010.6,636186.7,3000,59.8,0,96.76948,127.474639,13.103158,2.77E-05,0.000105374,0.044534413,0.454545455,14377.44629
30000432,9413.210709,,,,,,,,,,,,,
30000433,9413.210709,218957.9,635344.3,3000,62.4,140.281573,553.942841,402.330991,0,4.96E-05,0.000173557,0.040723982,0.444444444,13919.71452
30000511,9413.210709,,,,,,,,,,,,,
30000512,9413.210709,220354.5,633873.6,3000,23.4,15.860425,60.468821,183.07561,9.492523,1.99E-05,7.97E-05,0.036363636,0.5,16843.83331
30000513,9413.210709,,,,,,,,,,,,,
30000514,9413.210709,,,,,,,,,,,,,
30000515,9413.210709,220922.6,633958.9,3000,35.9,66.548652,172.613075,244.395382,11.461429,1.82E-05,0.000115421,0.024390244,0.545454545,15174.06725
30000521,9413.210709,,,,,,,,,,,,,
30000523,9413.210709,221791.4,634324.6,3000,46,146.637823,560.266195,847.082285,7.551368,4.46E-05,0.000124939,0.035830619,0.545454545,16473.08301
30000531,9413.210709,221517.7,633816.4,3000,41.9,3.59422,86.292112,471.359996,0,5.41E-05,0.000117159,0.023026316,0.428571429,14237.2832
30000533,9413.210709,221324.2,633300.6,3000,28.9,0,31.852648,293.829077,7.514853,1.04E-05,0.000177093,0.045627376,0.5,14853.03325
30000541,9413.210709,222759.8,634670.3,3000,68.1,58.335212,465.717613,607.176297,11.113803,3.71E-05,8.91E-05,0.040650407,0.533333333,13012.87752
30000542,9413.210709,,,,,,,,,,,,,
30000543,9413.210709,,,,,,,,,,,,,
30000613,9413.210709,,,,,,,,,,,,,
30000711,9413.210709,,,,,,,,,,,,,
30000811,9413.210709,221404.4,631567.8,,,130.282263,1353.074785,72.670493,0,,,,,26734.97594
30000812,9413.210709,,,,,,,,,,,,,
30000822,9413.210709,,,,,,,,,,,,,
30000823,9413.210709,,,,,,,,,,,,,
30000824,9413.210709,220866,633377.2,3000,24.2,72.98358,514.540345,1043.752738,9.181413,3.81E-05,0.000123811,0.025492468,0.454545455,16213.07876
30000826,9413.210709,220598.1,633163.9,3000,26.7,51.701442,876.555604,727.203077,0,3.11E-05,0.000145014,0.030245747,0.5625,15484.71657
30000831,9413.210709,,,,,,,,,,,,,
30000834,9413.210709,,,,,,,,,,,,,
30000836,9413.210709,,,,,,,,,,,,,
30000841,9413.210709,,,,,,,,,,,,,
30000842,9413.210709,,,,,,,,,,,,,
30000843,9413.210709,221226.3,631900.7,3000,74.9,578.744334,3126.264035,6322.639137,21.745605,1.00E-05,0.00020808,0.037974684,1.666666667,20505.02147
30000846,9413.210709,220555.1,631822.6,3000,65.1,190.64424,2230.759264,1461.579107,0,2.85E-05,0.000256849,0.052083333,1.2,19694.40017
30000847,9413.210709,220365.1,631753.3,3000,61,99.873114,618.101824,1199.048558,7.655072,3.65E-05,0.000219178,0.053333333,0.5,20126.41272
30000853,9413.210709,220095.5,632505.4,3000,61.5,268.530334,2691.572769,1879.764669,13.038891,1.96E-05,0.000273973,0.042857143,0.833333333,16155.22761
30000855,9413.210709,,,,,,,,,,,,,
30000857,9413.210709,220089.5,631968.8,,,19.382832,174.112428,221.597062,29.156755,2.51E-05,0.000301621,0.073394495,0.5,17831.14505
30000858,9413.210709,220112.6,631657.4,3000,34.3,45.103453,709.106352,142.363983,0,8.43E-05,0.000168599,0.015384615,1,26195.48856
30000862,9413.210709,,,,,,,,,,,,,
30000863,9413.210709,,,,,,,,,,,,,
30000864,9413.210709,220256.4,630853.6,3000,64.4,79.080708,605.120542,291.745122,30.12222,2.17E-05,0.000162434,0.067193676,0.705882353,21869.92467
30000911,9413.210709,219796.2,633911.6,3000,36.1,0,92.83603,397.804543,0,2.58E-05,7.75E-05,0.022012579,0.571428571,17333.46718
30000912,9413.210709,,,,,,,,,,,,,
30000913,9413.210709,219355.1,633607.8,3000,27,7.871405,19.164519,485.52157,0,1.21E-05,7.24E-05,0.017621145,1,16840.08186
30000914,9413.210709,219580.7,633247.5,3000,42.1,1478.785868,6844.916569,3956.228291,25.005693,3.00E-05,9.86E-05,0.018779343,0.5,16958.51232
30000915,9413.210709,219070.1,633574.4,3000,26.6,48.08,80.886277,738.807629,0,3.31E-05,0.000118092,0.020689655,0.333333333,16529.54644
30000922,9413.210709,218499.2,633042.8,3000,50.3,369.339309,936.260909,789.659405,10.922463,4.46E-05,0.000178484,0.022801303,0.714285714,17618.46906
30000924,9413.210709,217743,633084.4,,,3456.154963,7782.478799,5951.690624,38.58063,1.00E-05,1.00E-05,1.00E-05,0.1,8835.408344
30000932,9413.210709,216712,632866.1,3000,44.7,20.060107,243.211004,852.472217,33.744541,2.20E-05,9.22E-05,0.020833333,0.538461538,14574.4246
30000934,9413.210709,216476.2,632288.2,3000,56.9,21.830951,191.512034,843.625024,60.678243,3.72E-05,0.000148763,0.031674208,0.428571429,14726.1628
30001011,9413.210709,,,,,,,,,,,,,
30001012,9413.210709,,,,,,,,,,,,,
30001013,9413.210709,218091.3,631543.9,3000,65.3,47.913416,147.273943,416.477994,82.956973,3.48E-05,7.55E-05,0.027542373,0.615384615,17677.71231
30001014,9413.210709,,,,,,,,,,,,,
30001016,9413.210709,218770,632921.4,3000,64.1,10.916979,105.049335,404.362525,0,3.12E-05,7.81E-05,0.028490028,0.5,16343.50859
30001021,9413.210709,219326.8,631846.1,,,181.306372,2696.37879,7160.090807,0,1.00E-05,1.00E-05,1.00E-05,4,24573.89164
30001023,9413.210709,,,,,,,,,,,,,
30001024,9413.210709,218857.3,630634.7,,,0,61.759995,607.32108,0,1.00E-05,1.00E-05,1.00E-05,0.1,
30001031,9413.210709,,,,,,,,,,,,,
30001032,9413.210709,217607.1,630848.3,3000,48.8,49.130845,285.638178,2419.70656,73.543322,5.18E-05,0.000155498,0.016216216,1,16644.80616
30001033,9413.210709,,,,,,,,,,,,,
30001034,9413.210709,,,,,,,,,,,,,
30001035,9413.210709,217428.7,630427.8,3000,50.6,17.966509,159.937319,1016.556129,31.182625,2.79E-05,9.06E-05,0.015267176,0.666666667,18619.35031
30001041,9413.210709,217193.7,629879.4,3000,71.5,0,46.985917,33.478039,21.135069,3.06E-05,0.00010714,0.039106145,0.571428571,15554.02903
30001042,9413.210709,217503.2,629580.3,3000,71.3,17.498937,56.046273,25.747324,17.055577,2.48E-05,0.000136366,0.027149321,0.666666667,14462.99236
30001043,9413.210709,217801.7,629521.9,3000,73.8,62.811007,37.032485,231.326864,0,1.48E-05,0.000111371,0.021680217,0.625,15496.48686
30001114,9413.210709,214380.6,630379.5,,,110.659441,691.998317,6528.526492,10.301703,,,,,
30001115,9413.210709,,,,,,,,,,,,,
30001116,9413.210709,215431.4,629812.7,,,0,0,20.479993,0,,,,,
30001121,9413.210709,,,,,,,,,,,,,
30001122,9413.210709,,,,,,,,,,,,,
30001123,9413.210709,216737,630445.7,3000,69,32.670554,103.71583,175.376205,0,1.61E-05,0.000112812,0.035294118,0.333333333,16921.84847
30001124,9413.210709,216801.1,630233.3,3000,62.5,0,86.765709,342.869176,24.387854,4.52E-05,0.000150534,0.027472527,0.6,15503.16019
30001131,9413.210709,216977.5,629495.5,3000,58.5,3.578838,205.014747,718.215868,7.069366,3.00E-05,0.000129987,0.03649635,0.8,12569.19377
30001132,9413.210709,,,,,,,,,,,,,
30001134,9413.210709,216390.2,629400.2,3000,61.8,44.374396,100.119202,118.999475,11.461429,1.00E-05,0.000107863,0.031496063,0.75,15107.78589
30001141,9413.210709,215781.4,629520.3,3000,56.6,16.766897,230.768113,482.857466,0,5.58E-05,0.000142565,0.036199095,0.5625,11962.36937
30001143,9413.210709,,,,,,,,,,,,,
30001144,9413.210709,216145.3,628511.4,3000,72.6,5.84494,126.13592,183.219149,0,7.54E-05,0.000113108,0.025229358,0.363636364,14732.35506
30001146,9413.210709,217078,628348.7,,,179.078339,3162.478976,1192.064355,34.154973,,,,,
30001147,9413.210709,,,,,,,,,,,,,
30001211,9413.210709,,,,,,,,,,,,,
30001212,9413.210709,,,,,,,,,,,,,
30001214,9413.210709,,,,,,,,,,,,,
30001215,9413.210709,,,,,,,,,,,,,
30001216,9413.210709,220092.7,629733.4,3000,74.5,17.335088,120.00684,556.948913,12.865078,2.08E-05,0.000131452,0.027777778,0.636363636,17993.09001
30001217,9413.210709,,,,,,,,,,,,,
30001221,9413.210709,,,,,,,,,,,,,
30001222,9413.210709,219346.3,629999.1,3000,70.5,0,421.259405,573.666826,75.389537,2.87E-05,0.000132104,0.031446541,0.666666667,17460.7088
30001313,9413.210709,,,,,,,,,,,,,
30001314,9413.210709,,,,,,,,,,,,,
30001321,9413.210709,,,,,,,,,,,,,
30001322,9413.210709,220977.1,631340.7,3000,65.3,178.981205,1648.005276,1101.249938,0,2.61E-05,0.000260926,0.057142857,0.666666667,21086.01285
30001332,9413.210709,,,,,,,,,,,,,
30001333,9413.210709,220936.8,629792.9,3000,60,82.480946,96.922082,299.764509,11.442441,2.65E-05,0.000185295,0.024154589,0.6,18928.55275
30001335,9413.210709,,,,,,,,,,,,,
30001336,9413.210709,221188.2,629150.6,3000,38.7,72.661147,145.202751,142.125109,0,1.00E-05,0.000253678,0.027777778,0.666666667,18120.28958
30001342,9413.210709,,,,,,,,,,,,,
30001344,9413.210709,220730,628464.9,3000,62,19.164302,163.622025,333.066436,11.452666,4.36E-05,0.000139604,0.035031847,0.909090909,12168.76031
30001345,9413.210709,,,,,,,,,,,,,
30001352,9413.210709,222132.3,628463,3000,74.4,0,43.367815,154.189883,0,3.01E-05,0.000180641,0.051282051,0.571428571,11458.40033
30001355,9413.210709,222708.8,628566.7,3000,64.1,9.524727,58.349212,148.894527,0,1.96E-05,0.000108018,0.025089606,0.571428571,10864.86128
30001424,9413.210709,,,,,,,,,,,,,
30001613,9413.210709,,,,,,,,,,,,,
30001631,9413.210709,,,,,,,,,,,,,
30001632,9413.210709,218727.1,627117.9,3000,60.7,99.926641,106.347356,161.466168,13.425954,2.36E-05,0.000118092,0.027586207,0.625,11209.726
30001643,9413.210709,217209.5,627153.3,3000,62.5,60.156701,11.520625,178.731667,0,2.05E-05,0.000184701,0.033707865,0.666666667,11041.66526
35570001,0,215288.9,680549.9,3557,77.3,124.532,159.72,712.552,6.694,1.00E-05,1.00E-05,0.009592326,0.1,
35600001,0,,,,,,,,,,,,,
35700001,0,,,,,,,,,,,,,
35700002,0,,,,,,,,,,,,,
35700003,0,217609.5,668159.4,3570,74.2,25.382383,69.142393,217.809053,7.703,3.82E-05,8.28E-05,0.041860465,0.555555556,
35700004,0,218485.3,667975.7,3570,83.4,0,62.880123,133.745928,0,2.57E-05,8.36E-05,0.039906103,0.705882353,
35700005,0,,,,,,,,,,,,,
35740001,0,,,,,,,,,,,,,
35790001,0,231462,682280.1,3579,64.5,,,,,,,,,
35990001,0,248667.5,696930.5,3599,69.1,17.737,18.676,95.384,0,,,,,
36040001,0,,,,,,,,,,,,,
36080001,0,,,,,,,,,,,,,
36110001,0,211255.4,604806.4,3611,68.4,127.869,404.166,1400.43,62.508,1.00E-05,1.00E-05,0.006973501,0.2,
36160001,0,,,,,,,,,,,,,
36160002,0,,,,,,,,,,,,,
36160003,0,229554,632521.8,,,1.519032,0,105.729543,0,7.04E-05,6.57E-05,0.025684932,1.333333333,
36160004,0,,,,,,,,,,,,,
36160005,0,,,,,,,,,,,,,
36160007,0,,,,,,,,,,,,,
36160008,0,227918.9,630999.3,3616,70.8,42.819378,710.699295,1107.984911,6.114697,2.85E-05,7.42E-05,0.039583333,0.578947368,
36160009,0,,,,,,,,,,,,,
36170001,0,224958.1,651144.9,3617,80.1,,,,,1.00E-05,1.00E-05,0.011267606,0.1,
36400001,0,,,,,,,,,,,,,
36500001,0,,,,,,,,,,,,,
36520001,0,,,,,,,,,,,,,
36600001,0,,,,,,,,,,,,,
37300001,0,,,,,,,,,,,,,
37300002,0,215854,641129.7,3730,64.1,18.911,50.168999,487.562745,9.557,6.01E-05,3.34E-05,0.068292683,0.821428571,
37300003,0,,,,,,,,,,,,,
37500001,0,,,,,,,,,,,,,
37600001,0,,,,,,,,,,,,,
37650001,0,,,,,,,,,,,,,
37690001,0,,,,,,,,,,,,,
37800001,0,,,,,,,,,,,,,
37800002,0,211662.1,622666.3,3780,46.2,3.041,116.615,438.238733,10.386614,3.64E-05,8.84E-05,0.030360531,0.8125,
37800003,0,,,,,,,,,,,,,
37800004,0,,,,,,,,,,,,,
37800005,0,,,,,,,,,,,,,
37800007,0,,,,,,,,,,,,,
37970001,0,,,,,,,,,,,,,
37970003,0,,,,,,,,,,,,,
37970005,0,,,,,,,,,,,,,
37970006,0,204061.1,649011.8,3797,43.5,0,193.028874,466.472943,0,1.51E-05,0.000113212,0.022038567,0.75,
37970007,0,,,,,,,,,,,,,
37970008,0,,,,,,,,,,,,,
40000111,92028.20702,,,,,,,,,,,,,
40000112,92028.20702,206830.3,749042.1,4000,55.3,298.336119,847.671088,702.902936,74.908548,7.72E-05,5.66E-05,0.030075188,1.5625,8129.647045
40000121,92028.20702,,,,,,,,,,,,,
40000122,92028.20702,205599.5,748825.9,4000,57.8,23.061415,114.890772,255.042273,6.562008,5.77E-05,6.92E-05,0.056842105,0.962962963,6796.310714
40000124,92028.20702,,,,,,,,,,,,,
40000131,92028.20702,,,,,,,,,,,,,
40000132,92028.20702,,,,,,,,,,,,,
40000133,92028.20702,,,,,,,,,,,,,
40000134,92028.20702,207335.9,747445.6,4000,70.8,55.766108,419.101354,340.371327,31.26604,4.18E-05,8.95E-05,0.045751634,1.142857143,8398.162531
40000135,92028.20702,,,,,,,,,,,,,
40000211,92028.20702,,,,,,,,,,,,,
40000212,92028.20702,,,,,,,,,,,,,
40000213,92028.20702,,,,,,,,,,,,,
40000221,92028.20702,,,,,,,,,,,,,
40000222,92028.20702,,,,,,,,,,,,,
40000223,92028.20702,,,,,,,,,,,,,
40000231,92028.20702,,,,,,,,,,,,,
40000232,92028.20702,200473.5,747279.8,,,24.460345,176.534645,51.967679,18.889571,,,,,
40000311,92028.20702,,,,,,,,,,,,,
40000331,92028.20702,,,,,,,,,,,,,
40000332,92028.20702,199778.5,746821.3,4000,57,173.425779,267.202806,371.861547,30.984836,2.28E-05,0.000148402,0.0125,1,4687.434174
40000333,92028.20702,,,,,,,,,,,,,
40000334,92028.20702,199239.1,747353.4,4000,53.5,183.090112,2753.101182,1365.087709,11.765155,2.19E-05,0.000109298,0.013297872,1.4,7168.490374
40000411,92028.20702,,,,,,,,,,,,,
40000412,92028.20702,198594.2,747691.7,4000,61.4,15.62363,184.289401,248.721386,13.644506,5.01E-05,0.000150351,0.030487805,0.6,7421.639747
40000414,92028.20702,198206.8,748210,4000,48.4,11.089861,163.529786,459.331037,0,9.16E-05,0.000206052,0.04178273,0.533333333,6810.816195
40000417,92028.20702,,,,,,,,,,,,,
40000422,92028.20702,,,,,,,,,,,,,
40000423,92028.20702,,,,,,,,,,,,,
40000424,92028.20702,,,,,,,,,,,,,
40000426,92028.20702,196624.1,746039.2,4000,52.8,0,73.47564,326.760899,0,4.76E-05,0.000101975,0.027295285,0.909090909,6794.595593
40000431,92028.20702,,,,,,,,,,,,,
40000432,92028.20702,196519.2,743722.8,,,2777.19922,11430.79495,55.014453,0,,,,,
40000434,92028.20702,196598.6,745747.9,,,0,55.864494,72.752527,0,,,,,
40000511,92028.20702,,,,,,,,,,,,,
40000514,92028.20702,200047.8,744384.8,4000,50.3,0,109.225281,74.529844,28.819041,2.74E-05,0.000100457,0.013333333,0.75,11950.11003
40000521,92028.20702,,,,,,,,,,,,,
40000523,92028.20702,,,,,,,,,,,,,
40000524,92028.20702,198906.4,744983.3,4000,67.1,58.564012,1123.283043,712.811631,172.599859,1.16E-05,0.000150917,0.029661017,1,12996.80366
40000525,92028.20702,,,,,,,,,,,,,
40000526,92028.20702,198276.3,745953.5,4000,68.9,14.561541,336.943843,369.543793,43.799703,1.52E-05,0.000113839,0.022160665,0.75,12256.35052
40000527,92028.20702,,,,,,,,,,,,,
40000531,92028.20702,,,,,,,,,,,,,
40000532,92028.20702,198128.2,746990.2,4000,58.2,66.800179,261.073406,255.243005,25.269932,2.95E-05,0.000139932,0.018817204,1,11073.12993
40000533,92028.20702,,,,,,,,,,,,,
40000611,92028.20702,,,,,,,,,,,,,
40000612,92028.20702,199367.1,746665.8,4000,53.7,111.549842,280.165806,402.371021,18.414494,1.00E-05,0.000140499,0.030769231,0.333333333,7777.356855
40000613,92028.20702,,,,,,,,,,,,,
40000621,92028.20702,,,,,,,,,,,,,
40000631,92028.20702,,,,,,,,,,,,,
40000632,92028.20702,199707.4,746418,4000,47.2,101.309056,732.042952,675.521723,41.602469,6.97E-05,0.000209215,0.043636364,1.25,5016.516239
40000633,92028.20702,,,,,,,,,,,,,
40000643,92028.20702,,,,,,,,,,,,,
40000711,92028.20702,,,,,,,,,,,,,
40000713,92028.20702,,,,,,,,,,,,,
40000721,92028.20702,,,,,,,,,,,,,
40000722,92028.20702,,,,,,,,,,,,,
40000732,92028.20702,201299.1,744233.5,4000,62.8,0,116.359113,219.368925,16.655659,8.42E-05,0.000148969,0.042553191,0.444444444,8519.395189
40000811,92028.20702,,,,,,,,,,,,,
40000812,92028.20702,,,,,,,,,,,,,
40000813,92028.20702,,,,,,,,,,,,,
40000821,92028.20702,,,,,,,,,,,,,
40000825,92028.20702,,,,,,,,,,,,,
40000911,92028.20702,,,,,,,,,,,,,
40000912,92028.20702,199981.4,743922.3,4000,61.1,36.901218,103.314571,205.417714,19.458966,3.88E-05,0.000116419,0.019830028,0.714285714,10112.52047
40000921,92028.20702,,,,,,,,,,,,,
40000922,92028.20702,198572.5,743482.9,4000,64.3,44.482614,421.224685,2323.394,64.682155,2.19E-05,0.000124201,0.037333333,0.785714286,12575.98482
40000932,92028.20702,199568.8,742437.4,4000,69.7,69.145783,244.327093,454.400472,52.855868,6.74E-05,0.000101055,0.028688525,0.785714286,11717.45744
40000933,92028.20702,,,,,,,,,,,,,
40000942,92028.20702,200811,742151.7,4000,69.6,0,62.471509,43.450744,0,2.73E-05,0.000149935,0.024875622,0.8,10920.29019
40000944,92028.20702,199659.7,741333.9,4000,65.8,323.475128,245.263209,208.045722,98.342795,2.84E-05,0.000102102,0.033126294,0.5625,14399.52904
40000945,92028.20702,,,,,,,,,,,,,
40050001,627233.4502,,,,,,,,,,,,,
40060001,627233.4502,,,,,,,,,,,,,
40070001,627233.4502,,,,,,,,,,,,,
40130001,627233.4502,,,,,,,,,,,,,
40150001,627233.4502,,,,,,,,,,,,,
40170001,627233.4502,,,,,,,,,,,,,
41000001,627233.4502,,,,,,,,,,,,,
43030001,627233.4502,,,,,,,,,,,,,
47020001,627233.4502,262712.3,750744.6,4702,78.2,175.264,225.579,122.448,0,,,,,5730.641092
50000113,2087.426616,180386.8,669348.8,5000,74.7,194.953521,409.796008,337.345564,90.018056,9.25E-05,0.000101471,0.030501089,1.392857143,19878.67539
50000114,2087.426616,180368.6,668303.4,5000,66.9,364.739552,1188.994163,655.812538,55.671745,5.55E-05,0.000105956,0.025782689,1.071428571,17690.33432
50000115,2087.426616,179960.5,667570.8,5000,71.5,66.814636,220.364318,443.447045,0,4.86E-05,7.90E-05,0.022172949,1.9,20448.43814
50000121,2087.426616,181861.9,670335.8,5000,70.1,63.692679,351.157544,451.050621,81.321971,4.30E-05,0.000121925,0.020942408,1,20642.94546
50000122,2087.426616,181215.4,670444.3,5000,64.6,55.823418,1000.64178,638.040489,118.91,2.95E-05,0.00012554,0.029649596,0.545454545,20668.20036
50000124,2087.426616,,,,,,,,,,,,,
50000131,2087.426616,181730.8,669852.8,5000,53.9,20.343562,271.635827,317.101988,32.11266,2.29E-05,0.000149023,0.037656904,0.888888889,20143.0492
50000132,2087.426616,,,,,,,,,,,,,
50000133,2087.426616,180782.8,668471.4,5000,67.3,375.239621,3170.062681,2241.643399,165.078606,4.50E-05,0.000146269,0.049281314,0.958333333,21208.3773
50000134,2087.426616,181188.4,668415.8,5000,60.2,96.285484,306.45042,800.485647,27.333339,4.75E-05,0.000150447,0.043352601,1.6,23513.78367
50000135,2087.426616,181424.4,668256.9,,,110.652884,2341.184023,8818.047857,68.175086,,,,,
50000136,2087.426616,182241.2,667842.1,,,455.030014,1050.894859,716.597515,22.969545,,,,,
50000211,2087.426616,182859.8,669974.3,5000,77.6,195.480196,891.940278,418.648582,121.071646,5.30E-05,8.19E-05,0.042179262,0.583333333,20231.80122
50000213,2087.426616,182656,668948.6,5000,62.6,41.922648,300.606832,341.860597,39.622165,6.27E-05,0.000116394,0.032679739,1.1,19907.63093
50000214,2087.426616,183371.2,669086.6,5000,64.9,230.743521,1099.489427,806.050805,93.270275,4.57E-05,0.000109589,0.04,0.583333333,18474.02062
50000215,2087.426616,183236.9,668568.9,5000,71.1,108.815509,281.523476,411.117568,26.328271,3.64E-05,9.09E-05,0.042035398,0.894736842,19163.30951
50000216,2087.426616,183395.7,668290,5000,70.7,69.113434,231.608397,186.205945,0,3.10E-05,0.000113724,0.037735849,0.5,15431.58939
50000221,2087.426616,183747,670406.6,,,105.298999,49.866426,38.274738,0,,,,,20108.69565
50000222,2087.426616,184218.8,670455,5000,76.6,75.808053,120.485635,171.509372,12.881366,5.41E-05,8.66E-05,0.031620553,1,19187.86098
50000223,2087.426616,183977.9,669973.9,5000,71.4,82.937459,824.166384,397.787054,67.750558,5.76E-05,0.000110008,0.022944551,0.916666667,18394.171
50000224,2087.426616,,,,,,,,,,,,,
50000226,2087.426616,185193.5,669431.6,5000,63.2,19.469131,274.707096,406.250724,13.779927,3.71E-05,8.91E-05,0.06504065,0.583333333,14986.31383
50000232,2087.426616,184022.6,668762.1,5000,62.9,30.689192,532.818743,412.209119,32.876211,1.07E-05,8.56E-05,0.0234375,0.833333333,18341.20244
50000233,2087.426616,184625.8,668877.9,5000,60.2,645.029316,3662.599569,1048.831686,61.712652,5.43E-05,9.49E-05,0.032178218,0.615384615,19867.50363
50000234,2087.426616,184905,668453.9,,,4030.126228,17917.75775,2251.385299,10.995739,1.00E-05,1.00E-05,1.00E-05,0.1,
50000235,2087.426616,185393.9,669153.1,,,392.95127,4011.201888,215.426629,0,,,,,
50000315,2087.426616,,,,,,,,,,,,,
50000316,2087.426616,,,,,,,,,,,,,
50000317,2087.426616,178877.3,666479.6,5000,80.1,76.615018,786.786741,370.05013,10.065677,2.87E-05,0.000258194,0.052356021,1.5,21022.09724
50000323,2087.426616,179361.7,666059.8,5000,76.6,72.031509,522.614698,1245.338344,32.268671,7.38E-06,0.000258465,0.064690027,1.208333333,19971.17482
50000325,2087.426616,,,,,,,,,,,,,
50000336,2087.426616,178455.8,665086.1,5000,77.6,87.755125,363.304641,354.268921,39.278642,1.39E-05,0.00025033,0.081218274,1,20562.5417
50000341,2087.426616,178972.7,665548.5,5000,83.6,108.34159,591.802079,480.261928,19.009278,1.36E-05,0.000354392,0.074626866,1.266666667,18453.60234
50000345,2087.426616,179300,664508.1,5000,70.4,112.003902,1089.43074,750.913832,47.253179,1.25E-05,0.000236613,0.054545455,1.166666667,19303.4788
50000346,2087.426616,179299.8,664709.4,5000,84.9,76.207719,509.971454,248.907414,45.199541,1.12E-05,0.000234834,0.053061224,1.307692308,18568.31068
50000411,2087.426616,181078.1,667122.6,5000,65.3,78.496578,219.532421,337.238402,40.804245,4.03E-05,0.000149649,0.050420168,0.625,22408.3661
50000412,2087.426616,181051.5,666815.4,5000,66,97.646334,295.186401,146.521398,69.846199,3.68E-05,0.000134841,0.044742729,0.6,21541.96388
50000413,2087.426616,180605.3,666796.6,5000,66.1,15.4125,471.241156,420.120338,50.434893,1.53E-05,0.000206052,0.069637883,0.8,21267.92861
50000414,2087.426616,180064.1,666897.3,5000,82.8,51.069682,352.975515,279.774661,24.340637,1.92E-05,0.000201169,0.062937063,1,21866.72187
50000415,2087.426616,180034.5,666629.9,5000,82.7,57.286182,1065.076881,663.097575,58.652446,3.57E-05,0.00024258,0.080729167,0.903225806,21167.55875
50000422,2087.426616,180180.1,666284.6,5000,64,57.207813,483.761212,155.369902,59.707017,2.67E-05,0.000133428,0.055194805,0.764705882,21935.29031
50000423,2087.426616,180648,666195.9,5000,56,99.948165,1187.945945,735.362808,70.240725,1.83E-05,0.000155251,0.036666667,1.181818182,21955.04416
50000431,2087.426616,,,,,,,,,,,,,
50000432,2087.426616,179982.5,665473.1,5000,65,52.517638,734.81024,1409.935818,48.996296,3.76E-05,0.000203221,0.054945055,1.1,22207.14567
50000433,2087.426616,179688.3,665068.6,5000,69.1,224.70146,1077.064891,746.300873,33.659264,9.51E-06,0.000228311,0.052083333,1.066666667,21159.77319
50000434,2087.426616,180165.5,665161.2,,,132.733171,3308.857753,3757.628704,0,1.00E-05,1.00E-05,1.00E-05,0.1,
50000435,2087.426616,180343.6,665475.1,5000,33.5,18.764754,722.836969,3946.002636,19.061782,1.00E-05,7.83E-05,0.028571429,1,22380.31568
50000436,2087.426616,180551.6,665406.8,5000,76.2,20.421096,426.217229,500.100428,12.093813,3.04E-05,0.000228311,0.094444444,1.235294118,18449.18775
50000437,2087.426616,,,,,,,,,,,,,
50000513,2087.426616,178491.2,664436.5,5000,77.2,107.198924,1085.818832,614.905823,76.202127,1.29E-05,0.000218664,0.061032864,0.923076923,20098.09095
50000514,2087.426616,178687.2,664612,5000,71.9,0,492.029276,493.422465,48.60777,1.03E-05,0.000225745,0.059925094,0.9375,19509.44578
50000516,2087.426616,,,,,,,,,,,,,
50000517,2087.426616,179321.7,664138.7,5000,76.8,102.667143,1114.057687,394.942497,22.642523,3.45E-05,0.000249849,0.053459119,1.058823529,20157.0188
50000523,2087.426616,,,,,,,,,,,,,
50000532,2087.426616,,,,,,,,,,,,,
50000533,2087.426616,178095,663381.4,5000,72.5,337.777809,2461.140927,682.110721,56.564305,3.33E-05,0.000224841,0.054711246,1.166666667,19836.97129
50000541,2087.426616,178309.8,663831.6,5000,82,189.647019,1836.807359,378.792366,22.497013,4.68E-05,0.00032783,0.094017094,0.909090909,19029.65292
50000544,2087.426616,,,,,,,,,,,,,
50000552,2087.426616,178556.8,663280.2,5000,93.4,229.963656,8809.669978,581.427663,0,3.30E-05,0.000231061,0.072289157,1.833333333,16448.35365
50000554,2087.426616,179009.3,663872.9,5000,84,25.853414,360.108914,117.506816,46.68014,2.74E-05,0.00030137,0.05,1.4,19679.23744
50000611,2087.426616,179402.9,663721.5,5000,82.6,635.143348,7365.514197,1036.44536,24.597154,2.94E-05,0.000225049,0.071428571,0.85,17874.73935
50000612,2087.426616,179624.4,664396.4,5000,78.6,561.653518,7031.964818,4467.956285,39.583163,1.92E-05,0.000229907,0.097902098,1,18361.73641
50000711,2087.426616,177336.3,662460.3,5000,61.4,286.462602,1082.097175,499.137163,13.592414,3.54E-05,0.000194432,0.058064516,1.333333333,15091.81921
50000714,2087.426616,,,,,,,,,,,,,
50000715,2087.426616,,,,,,,,,,,,,
50000721,2087.426616,,,,,,,,,,,,,
50000722,2087.426616,,,,,,,,,,,,,
50000723,2087.426616,176608.6,661559.6,5000,51.1,0,193.212052,192.364673,0,2.36E-05,0.000106282,0.017241379,1.5,13836.25162
50000724,2087.426616,176563,661169,,,10.890473,11.324517,5.671603,0,2.47E-05,0.000148093,0.009009009,2,7840.246481
50000725,2087.426616,176345,660634,5000,52.5,74.817815,104.004665,334.958486,12.48684,3.75E-05,0.000100081,0.03196347,1,13373.15212
50000731,2087.426616,177075.5,662059,5000,59.7,147.839401,566.689702,599.81556,0,3.47E-05,0.00020808,0.054852321,1.230769231,13803.50929
50000732,2087.426616,177114.6,661724.5,5000,42.7,102.526319,172.948267,212.98028,10.080678,2.54E-05,0.00016116,0.040247678,0.769230769,10961.41866
50000733,2087.426616,176977.8,661243,5000,53.8,30.006066,87.032276,364.359996,0,6.63E-05,0.000110473,0.032258065,0.5,10570.79688
50000734,2087.426616,176848.9,660836,5000,58,22.454646,89.682934,116.049937,0,2.76E-05,0.000165487,0.026845638,0.875,10694.80054
50000735,2087.426616,176580.8,660336,5000,45.2,0,66.214543,138.934276,13.506908,3.11E-05,7.26E-05,0.068181818,0.777777778,8762.982472
50000743,2087.426616,177983.9,661142.6,5000,63.9,49.482602,43.651185,77.724874,0,7.30E-05,8.92E-05,0.050295858,0.470588235,8999.881006
50000744,2087.426616,178018.1,660809.1,5000,61.1,716.227443,1837.208032,714.544527,13.913436,4.39E-05,8.15E-05,0.059496568,0.461538462,10156.26698
50000745,2087.426616,177354.9,660917.1,5000,62.2,81.975525,69.867139,313.633837,0,3.16E-05,0.000118432,0.04610951,0.5625,9947.245244
50000746,2087.426616,177171.5,660259.6,5000,69.9,20.261561,67.984002,226.536553,12.839363,2.92E-05,5.11E-05,0.048,1.222222222,9313.063472
50000747,2087.426616,176873.2,659987.8,5000,59.4,0,42.3695,114.158266,16.934639,4.81E-05,6.73E-05,0.059649123,0.764705882,9760.368703
50000812,2087.426616,178349.5,662645.2,5000,86,350.197109,1195.68961,202.892968,0,3.44E-05,0.000194876,0.069037657,1.363636364,15773.56502
50000814,2087.426616,,,,,,,,,,,,,
50000816,2087.426616,179573,662760.4,5000,66.1,190.740842,424.02668,204.097092,42.491858,4.98E-05,0.000199253,0.090909091,1.4,9642.369149
50000822,2087.426616,,,,,,,,,,,,,
50000824,2087.426616,179134.7,661881.2,5000,63,50.318907,176.859476,46.202783,14.950005,4.49E-05,0.000134741,0.049180328,0.833333333,11272.31746
50000831,2087.426616,178614.3,661640.5,,,21.597524,122.195785,236.741735,0,,,,,11943.74636
50000832,2087.426616,178954.6,661309.7,5000,62.7,33.290418,100.744677,297.69233,23.358071,4.25E-05,8.50E-05,0.054263566,0.380952381,10939.45997
50000833,2087.426616,179337.3,661154.6,5000,65.8,432.51041,467.993211,473.738024,12.870865,5.52E-05,8.29E-05,0.054435484,0.444444444,11423.80084
50000912,2087.426616,181126.7,664724,5000,64,526.973263,4450.373259,372.685074,0,6.62E-05,0.000107603,0.045317221,1.2,17064.06199
50000914,2087.426616,,,,,,,,,,,,,
50000915,2087.426616,180979,663843.9,5000,69,38.991118,320.259429,223.750831,14.741491,3.49E-05,9.60E-05,0.044585987,0.785714286,14915.37936
50000916,2087.426616,,,,,,,,,,,,,
50000921,2087.426616,181498.9,663279.4,5000,62.8,82.390571,143.593738,171.303925,7.448001,3.72E-05,9.30E-05,0.067873303,0.7,14199.30511
50000922,2087.426616,,,,,,,,,,,,,
50000923,2087.426616,181372.1,662877.1,5000,19.9,21.469246,1231.091018,701.692512,8.682584,1.00E-05,7.02E-05,1.00E-05,10,
50000924,2087.426616,181069,662136.7,5000,52.9,33.557754,25.308182,108.469277,0,2.19E-05,8.77E-05,0.04,0.4,10141.7051
50000925,2087.426616,180978.4,662481.6,5000,67.3,104.238554,223.195351,310.348184,13.355398,3.32E-05,0.000124533,0.033333333,0.727272727,11953.39371
50000926,2087.426616,180942.6,662795.3,5000,65.9,199.388701,557.432161,394.854994,0,2.52E-05,0.000142869,0.049079755,0.6875,13037.31336
50000927,2087.426616,180934,663221.5,5000,57.8,69.411801,315.87517,521.619233,0,2.84E-05,9.66E-05,0.058091286,0.678571429,13416.34348
50000928,2087.426616,,,,,,,,,,,,,
50000929,2087.426616,180207.9,662646.7,5000,53.7,259.824207,392.503525,904.407356,42.358349,2.66E-05,0.000119697,0.041262136,0.823529412,11532.43218
50000931,2087.426616,180185.6,662264.5,5000,51.7,127.500285,752.330514,257.941634,26.421277,3.17E-05,0.000205875,0.057803468,0.8,8351.84337
50000932,2087.426616,180562.6,662214.6,5000,51.5,26.236009,112.500408,142.448061,9.791158,3.75E-05,0.000300244,0.054794521,0.75,8000.415235
50000933,2087.426616,180867.3,661846.4,5000,56,60.29055,72.836221,151.810922,0,2.99E-05,0.000142226,0.043715847,0.5,10312.06898
50000934,2087.426616,180404.7,661836.4,5000,58.4,27.6642,87.846822,25.165019,0,5.51E-05,0.000206512,0.070351759,0.428571429,7637.537265
50000935,2087.426616,180128.8,662027.6,5000,55.6,60.889666,87.886363,216.601134,15.823064,1.46E-05,0.000189449,0.042553191,0.75,7140.718403
50000936,2087.426616,180577.9,661395.8,5000,62.3,234.906269,352.232325,248.041619,11.135249,6.07E-05,0.000121316,0.05904059,0.5625,9201.081834
50000937,2087.426616,181607,661380.6,5000,69.9,24.755001,48.318981,205.566608,0,3.68E-05,8.94E-05,0.028790787,0.6,9694.900791
50000941,2087.426616,181497.7,661665.8,5000,58.2,6.90266,68.313069,231.958001,0,2.71E-05,5.43E-05,0.02970297,0.555555556,10560.87832
50000946,2087.426616,182239.1,662288.9,5000,63.2,5.91852,17.441339,90.705519,0,4.82E-05,0.000104447,0.035190616,0.666666667,10320.43154
50000947,2087.426616,182379.7,661648.4,5000,64.9,32.726101,32.277899,198.490665,0,3.44E-05,8.02E-05,0.031380753,0.8,10578.40458
60000001,627233.4502,204746.3,703444.6,6000,37,115.729511,47.813216,126.185634,0,5.05E-06,1.01E-06,0.008856089,0.916666667,
60000002,627233.4502,,,,,,,,,,,,,
60000003,627233.4502,203290.1,703268.3,6000,41.2,76.598,153.242783,142.806218,0,,,,,
60000004,627233.4502,,,,,,,,,,,,,
60000005,627233.4502,204901.6,702468.9,6000,35,22.086488,321.617752,262.47615,0,,,,,
60000006,627233.4502,204417.2,701744.8,6000,49.2,100.989,69.010247,90.650489,0,,,,,
61000111,0,,,,,,,,,,,,,
61000112,0,185390.5,667114.4,6100,50.6,31.413191,41.550828,163.853974,8.889058,2.45E-05,0.000110078,0.03125,0.571428571,10892.14969
61000113,0,185170.5,667336.3,6100,54.5,7.854862,17.410261,264.401556,7.778522,1.66E-05,0.000107603,0.036253776,0.666666667,10225.95424
61000114,0,185148.1,667116.2,6100,44.4,40.570278,194.471173,216.886282,6.791908,3.04E-05,7.61E-05,0.036111111,0.615384615,9896.440125
61000115,0,184689.8,667269.4,6100,51.1,39.305212,137.132361,219.811791,22.326312,2.89E-05,0.000101293,0.024647887,0.857142857,10002.80422
61000116,0,183920.1,667204.4,,,1253.718258,4435.273403,308.189319,0,1.00E-05,1.00E-05,1.00E-05,0.1,
61000117,0,,,,,,,,,,,,,
61000121,0,,,,,,,,,,,,,
61000122,0,184316.4,666925,6100,61.1,114.337901,228.323105,385.513202,0,5.79E-05,0.000102901,0.058685446,0.56,10983.74351
61000123,0,,,,,,,,,,,,,
61000211,0,184727.8,666454.6,6100,48.6,256.667441,881.290699,602.942784,17.712581,2.31E-05,0.000124743,0.018549747,0.909090909,13198.48429
61000221,0,184333.6,666050.3,6100,45.7,68.749698,210.868991,380.498535,15.013691,3.81E-05,0.000129376,0.019444444,0.714285714,13364.72553
61000222,0,184300.6,666388.2,6100,56.4,202.163702,101.187561,345.759493,10.079429,3.14E-05,0.000139232,0.027868852,0.823529412,13161.38996
61000223,0,183924,666318.1,6100,50.4,71.321245,675.081555,636.010591,0,4.06E-05,0.000110771,0.022911051,1,12474.08008
61000231,0,,,,,,,,,,,,,
61000232,0,,,,,,,,,,,,,
61000233,0,183898.8,665823.4,6100,53.2,149.674778,878.859716,964.04517,15.390225,2.86E-05,0.000130658,0.034277198,0.695652174,13551.49512
61000312,0,,,,,,,,,,,,,
61000313,0,184419.3,665450.6,6100,37.4,112.526065,170.735968,552.17911,5.227386,3.06E-05,0.000122446,0.019553073,0.714285714,14163.18776
61000314,0,184049.4,665346.1,6100,47.7,47.849373,187.327821,175.935507,22.176175,3.63E-05,0.000114911,0.033112583,0.666666667,14305.01321
61000315,0,184231.3,665039.1,6100,58,37.389,78.307278,615.958461,0,4.15E-05,8.29E-05,0.021437579,0.941176471,14597.32749
61000321,0,184604.7,665000.7,6100,31.9,19.768195,16.865573,214.737059,7.125545,2.27E-05,0.000107774,0.014492754,1,14276.77814
61000322,0,,,,,,,,,,,,,
61000323,0,184893.3,665659.5,6100,37.4,30.600077,507.701097,536.450557,30.414641,1.25E-05,0.000125484,0.016793893,0.727272727,13375.82241
61000411,0,185215.4,666387,6100,47.4,64.361739,350.324677,811.145102,16.344667,7.67E-05,9.59E-05,0.028011204,1.2,13889.73322
61000412,0,185116.8,666031.2,6100,40.7,13.076132,5.031294,261.931189,0,1.32E-05,0.000119119,0.028985507,0.666666667,13951.37972
61000413,0,185333.6,665929.4,6100,39.8,20.79189,98.245307,971.296082,26.847102,5.56E-06,0.000127817,0.022312373,0.909090909,12118.8605
61000414,0,185213.4,665635,6100,41,9.430505,77.84037,249.689034,14.255857,1.89E-05,0.00014171,0.020689655,1.166666667,12291.68895
61000415,0,185335,665407,6100,42.6,896.940684,852.112138,575.523968,0,2.15E-05,0.00012876,0.031331593,0.5,12091.6854
61000421,0,185108,665261.8,,,367.999795,635.245663,817.59674,17.974725,1.00E-05,1.00E-05,0.008064516,2,
61000423,0,,,,,,,,,,,,,
61000424,0,,,,,,,,,,,,,
61000425,0,185017,664465,6100,43,28.184476,88.494376,332.708859,0,3.66E-05,0.000128139,0.020044543,1.333333333,12515.77379
61000426,0,184933.1,664297.6,6100,47.7,12.818386,44.600786,604.83573,0,6.07E-05,0.000151645,0.038745387,0.761904762,12162.89205
61000427,0,184705.2,664599.5,6100,40.4,22.788306,64.502435,478.038592,1.305952,2.63E-05,0.000113791,0.025559105,0.625,12291.11237
62000111,0,175886.3,659627.9,6200,56.3,73.880225,138.104452,330.544362,13.568515,2.56E-05,0.00010242,0.042056075,1.111111111,11875.12131
62000112,0,176167.6,659741.1,6200,57.5,10.521,129.008979,208.856768,9.115331,2.54E-05,0.000169119,0.052469136,0.764705882,10692.20701
62000114,0,,,,,,,,,,,,,
62000115,0,175752.7,659135.2,6200,60.6,36.104265,216.329,203.522304,26.961432,3.46E-05,0.000138283,0.044164038,0.857142857,11910.94331
62000214,0,175853.1,658220.1,6200,52.5,95.364463,106.677763,533.466226,0,1.77E-05,9.75E-05,0.051779935,0.4375,11199.59486
62000215,0,175632.9,657881.5,6200,58.1,17.644416,116.790548,114.855205,0,3.16E-05,0.000101237,0.048498845,0.571428571,11918.62224
62000222,0,176206.4,658097.6,6200,62.5,0,73.217343,91.488362,0,1.96E-05,0.000136986,0.054761905,0.47826087,10467.15885
62000223,0,176323.8,657919.8,6200,59.4,19.57331,47.467574,89.977299,10.535925,1.12E-05,0.000167738,0.048979592,0.416666667,9990.450562
62000225,0,175845.2,657814.3,6200,53.2,0,47.671647,100.029889,0,1.25E-05,0.00011208,0.045454545,0.6,10621.84063
62000227,0,175919.2,657389.7,,,36.645927,34.378109,49.924266,16.153329,1.47E-05,0.000117838,0.048387097,0.666666667,9944.333138
62000228,0,176474.1,657750.8,6200,45.1,2786.217278,1923.051175,650.679255,32.722828,1.00E-05,6.23E-05,1.00E-05,0.1,15321.59597
62000311,0,176797.5,658333.8,6200,61.2,0,73.121445,120.774689,0,2.26E-05,0.000135854,0.046831956,0.470588235,10568.41433
62000314,0,176286.4,658358.1,6200,56,5.557738,144.103917,164.380258,22.216754,2.17E-05,0.000152207,0.03968254,0.6,10721.90332
62000315,0,,,,,,,,,,,,,
62000321,0,176421.4,659063.8,6200,60.1,0,119.237783,69.187438,0,1.79E-05,0.000196974,0.04248366,0.769230769,11365.10909
62000411,0,176797.8,659295.9,6200,64.2,9.41789,70.007063,281.818533,32.169691,2.13E-05,0.000170788,0.057142857,0.772727273,10855.19443
62000412,0,176953.6,659741.2,6200,53.5,45.546111,135.989817,354.230212,0,3.69E-05,8.60E-05,0.044843049,0.85,10680.50636
62000413,0,177316.7,659352.6,6200,63.5,14.389103,54.96744,585.386289,0,1.98E-05,0.000125433,0.040963855,0.882352941,10720.87894
62000421,0,177376.3,658631.8,6200,61.9,23.338127,62.001685,241.066618,0,2.22E-05,0.000127558,0.046558704,0.869565217,10499.43679
62000422,0,177302.4,658355.5,6200,68.9,23.039603,124.012319,211.043264,16.026898,1.29E-05,0.000142156,0.047169811,0.7,10048.46036
62000423,0,,,,,,,,,,,,,
62000511,0,176926.6,657807.2,6200,55.9,11.698275,69.546112,339.959809,0,1.88E-05,8.47E-05,0.041237113,0.416666667,10374.76103
62000514,0,,,,,,,,,,,,,
62000521,0,177100.4,657185.8,6200,63.4,17.370358,18.74065,206.76819,0,1.61E-05,5.62E-05,0.04398827,0.6,9212.442344
62000523,0,,,,,,,,,,,,,
63000011,0,,,,,,,,,,,,,
63000012,0,182184.7,664971.9,6300,71.7,74.565585,786.162549,609.918504,50.336566,3.33E-05,4.57E-05,0.057663126,1,16489.90232
63000013,0,181636.2,664947.4,6300,68.7,78.847044,188.324857,209.004006,39.788292,2.79E-05,8.37E-05,0.063613232,1.36,17240.17173
63000021,0,181736.7,664579.4,6300,75.2,24.172,586.127108,305.321739,22.816702,3.68E-05,7.97E-05,0.07606264,1.029411765,15824.17525
63000031,0,182262,664227.6,6300,73.9,8.672,175.281341,453.478684,11.863686,2.79E-05,7.43E-05,0.061016949,1.055555556,17954.0609
63000032,0,,,,,,,,,,,,,
63000034,0,182667.8,664276.1,6300,67.2,0,98.936627,239.689772,33.184944,2.41E-05,6.02E-05,0.054945055,0.76,17673.61536
63000041,0,182486.3,663834.3,6300,61.6,51.965422,1993.869301,329.383,70.648596,3.42E-05,3.42E-05,0.042780749,0.666666667,15990.2554
63000042,0,182839.7,663272.4,6300,66.4,57.926748,615.786691,167.982343,41.400692,4.95E-05,3.30E-05,0.060240964,0.75,17050.46646
63000043,0,182354.5,663266.3,6300,63.3,197.426935,1313.005093,328.452924,17.813927,3.04E-05,3.79E-05,0.058171745,1.095238095,16199.38937
63000044,0,,,,,,,,,,,,,
64000011,2087.426616,,,,,,,,,,,,,
64000012,2087.426616,186926.4,675080.6,6400,65.4,90.58412,333.970404,281.021669,0,4.34E-05,7.44E-05,0.038461538,0.705882353,13549.70738
64000013,2087.426616,186795.8,674470.7,6400,70.7,70.202128,138.167815,433.224492,20.496533,3.88E-05,9.69E-05,0.04009434,0.647058824,14521.99011
64000021,2087.426616,185788.4,673370.3,6400,64.8,33.402241,495.262249,688.216024,60.462653,3.46E-05,6.92E-05,0.042105263,0.9,17090.76376
64000022,2087.426616,185666.2,673838.8,6400,71.4,145.007482,344.513632,313.39124,76.628741,2.12E-05,6.36E-05,0.040618956,0.904761905,14626.05794
64000023,2087.426616,184993.9,673532.8,6400,69.2,29.56501,236.571575,267.01135,41.938221,5.03E-05,7.91E-05,0.047244094,0.722222222,14458.74141
64000024,2087.426616,,,,,,,,,,,,,
64000031,2087.426616,185128,674443.6,6400,62.7,168.933888,599.306879,524.079488,33.905919,1.42E-05,0.000113564,0.056994819,0.818181818,13323.30656
64000032,2087.426616,,,,,,,,,,,,,
64000033,2087.426616,185860.3,674546.3,6400,72.1,142.409784,114.812037,239.852217,24.410444,2.68E-05,9.82E-05,0.042345277,0.692307692,13644.07431
64000034,2087.426616,184942.6,674640.3,6400,73.5,186.834447,1139.373161,774.600636,49.340421,2.58E-05,0.000116035,0.042352941,0.944444444,13934.92969
64000035,2087.426616,185790.7,674795.9,6400,69.1,175.5665,728.241996,503.353787,26.886932,2.75E-05,9.64E-05,0.06281407,0.68,13458.53924
64000041,2087.426616,185672.9,675046.6,6400,70.7,59.258025,765.33916,477.744225,18.22907,1.96E-05,0.000127202,0.046428571,0.846153846,14048.60375
64000042,2087.426616,185119.6,675151.3,6400,71.5,118.463649,762.448695,577.695719,22.030895,3.57E-05,0.000116014,0.042345277,1.307692308,13599.66892
64000044,2087.426616,185744.2,675501.7,6400,68.2,17.426958,158.381856,130.613162,63.363249,3.77E-05,0.000103564,0.041237113,0.916666667,14476.73044
64000051,2087.426616,185435,676348.3,6400,78.4,150.340436,375.84595,342.979733,5.507345,2.91E-05,9.72E-05,0.04964539,0.928571429,13003.10078
64000053,2087.426616,,,,,,,,,,,,,
64000054,2087.426616,,,,,,,,,,,,,
64000055,2087.426616,184483.9,675368.8,6400,75.1,8.984,164.132325,183.4697,10.895031,1.17E-05,9.37E-05,0.038461538,1,15340.93016
64000056,2087.426616,184627.2,674782,6400,73.6,0,189.097135,191.887682,0,2.95E-05,9.60E-05,0.037735849,1.142857143,13810.00518
64000057,2087.426616,,,,,,,,,,,,,
64000062,2087.426616,,,,,,,,,,,,,
64000063,2087.426616,182855.2,675298.5,6400,64.2,83.356348,563.689806,472.735273,7.332524,4.77E-05,7.64E-05,0.038327526,1.727272727,14902.64138
64000065,2087.426616,181704.3,675381.9,6400,50,411.610545,3408.397269,855.11495,95.403093,2.52E-05,6.72E-05,0.055214724,0.888888889,23192.01414
64000066,2087.426616,,,,,,,,,,,,,
65000011,627233.4502,,,,,,,,,,,,,
65000012,627233.4502,195245.6,702732.5,6500,67.7,14.075883,31.012075,108.840386,24.909184,5.23E-05,0.000124236,0.026252983,0.727272727,6680.310061
65000013,627233.4502,195539,703478.3,6500,63.7,203.631426,253.968412,828.982829,14.032919,4.39E-05,8.78E-05,0.03006012,0.8,8055.880885
65000021,627233.4502,194469.7,704379,6500,82.3,0,17.837538,6.32149,0,3.10E-05,0.000134402,0.01509434,3,6665.086645
65000022,627233.4502,192055.7,706507.8,,,3428.639652,1545.845525,331.364348,0,,,,,
65000023,627233.4502,191165.7,706093.6,6500,69.9,1243.697148,539.583223,2174.392731,0,4.83E-05,5.63E-05,0.022026432,0.933333333,7756.022585
65000024,627233.4502,,,,,,,,,,,,,
65000031,627233.4502,192655.4,705408.8,6500,66.6,78.195955,107.219169,476.818809,10.7691,4.71E-05,0.000129621,0.030107527,0.714285714,7474.012164
65000032,627233.4502,,,,,,,,,,,,,
65000041,627233.4502,193372.2,704140.9,6500,77.3,162.458929,319.278583,253.129625,25.379205,7.03E-05,7.37E-05,0.017114914,2.785714286,7081.999312
65000042,627233.4502,192607.6,703425.8,6500,70.6,22.987,80.94205,154.282417,0,3.97E-05,6.95E-05,0.025362319,1.285714286,7703.999238
65000043,627233.4502,192439.2,704105.3,6500,52.5,20.142373,21.22736,154.406575,0,5.25E-05,0.000125964,0.026819923,1.142857143,5994.136096
65000044,627233.4502,,,,,,,,,,,,,
65000051,627233.4502,193113.1,704770.7,6500,57.6,178.487939,2074.774307,845.204624,69.587415,3.88E-05,0.000187387,0.028301887,0.833333333,6876.789026
65000052,627233.4502,192702.3,704873.8,6500,50.1,136.78092,1454.147887,738.589656,22.643688,4.45E-05,0.000185618,0.024390244,1.222222222,7578.419012
65000053,627233.4502,,,,,,,,,,,,,
65000061,627233.4502,190968.7,705353.4,6500,70,46.282434,769.217988,580.066651,0,5.25E-05,0.000112591,0.021917808,1.25,6219.431733
65000062,627233.4502,,,,,,,,,,,,,
65000063,627233.4502,189296.2,705146.9,6500,62,36.663433,184.525997,527.960698,0,4.53E-05,9.06E-05,0.027548209,1.6,9368.758371
65000064,627233.4502,189504.2,704542.7,6500,55.4,0,12.884136,164.458941,0,4.69E-05,8.71E-05,0.026894866,1.636363636,7955.201599
66000111,0,181044.8,659139.2,,,3505.884792,3914.679079,209.571654,13.851965,1.00E-05,1.00E-05,1.00E-05,0.1,2643.418497
66000112,0,180968.9,658698.9,,,1247.693502,1571.106451,46.206057,0,,,,,
66000113,0,181842.1,658076.2,,,3058.797344,4116.536821,342.919373,0,,,,,
66000114,0,,,,,,,,,,,,,
66000115,0,180902.4,656429.4,,,10.990599,46.280103,68.783543,0,1.00E-05,1.00E-05,1.00E-05,0.1,
66000211,0,180858.6,657141.8,6600,63.5,0,158.98934,232.196567,0,2.62E-05,7.87E-05,0.040669856,0.764705882,10538.0213
66000213,0,180095.4,656855.9,6600,74.3,32.55828,14.832322,97.869801,8.421888,3.02E-05,0.000108863,0.028697572,0.769230769,11063.5241
66000214,0,179976.4,657154.4,6600,73.4,45.738864,39.155388,82.210965,28.128092,2.51E-05,0.000119392,0.029816514,0.692307692,11179.26728
66000215,0,180251.2,657154.6,6600,64.9,14.111995,134.796192,467.632804,23.012802,1.35E-05,9.45E-05,0.049261084,0.5,10567.75228
66000216,0,,,,,,,,,,,,,
66000223,0,180099.6,658044.4,6600,67.5,316.807003,327.255341,456.34974,26.487464,1.83E-05,0.000100793,0.030100334,0.888888889,12122.71756
66000224,0,,,,,,,,,,,,,
66000225,0,180696.6,658254.5,6600,63.9,82.328726,150.520611,440.939855,44.188902,1.81E-05,7.26E-05,0.024282561,0.818181818,12430.77392
66000311,0,180320.8,658779.9,6600,67.8,35.822848,123.021716,528.587122,0,2.24E-05,0.000111826,0.036734694,0.444444444,12347.00721
66000312,0,179834.3,658560,6600,57.2,29.871287,39.671471,182.427545,11.345673,2.46E-05,0.000122858,0.035874439,0.75,14065.43176
66000314,0,179463.6,658761.1,6600,67.3,29.996492,200.305274,382.307467,29.089793,2.68E-05,0.000133863,0.035830619,0.727272727,13338.12185
66000321,0,179546.8,659004.4,6600,65.6,19.253913,296.612571,460.86215,22.160476,2.40E-05,0.000127801,0.040816327,0.714285714,13384.63017
66000322,0,,,,,,,,,,,,,
66000323,0,179151.7,659172.7,6600,64.1,44.378701,614.708239,541.704528,27.265095,1.47E-05,0.000109882,0.034759358,0.692307692,12584.33344
66000331,0,,,,,,,,,,,,,
66000334,0,178705,658503.6,6600,52.8,106.556626,75.291294,475.097742,0,1.00E-05,9.09E-05,0.023696682,1.4,11827.94904
66000335,0,178528.7,658139.3,6600,61,80.94763,315.229158,1320.364125,27.417153,1.27E-05,0.000120219,0.043879908,0.578947368,12124.94847
66000412,0,179474.9,658117,6600,52,36.080272,73.644692,220.163702,0,3.32E-05,0.00014944,0.036363636,0.916666667,12267.30061
66000414,0,179477.8,657447,6600,71.1,58.288444,79.627275,45.974194,24.424009,3.19E-05,6.37E-05,0.016611296,1.3,11901.88319
66000416,0,,,,,,,,,,,,,
66000422,0,178496.7,656649.9,6600,68.8,25.767004,62.121553,364.248688,0,6.23E-05,6.23E-05,0.03125,1,11687.52631
66000423,0,,,,,,,,,,,,,
66000426,0,178439.3,656210.8,6600,67.4,18.140798,127.733543,274.997131,17.977543,2.77E-05,0.000110696,0.037037037,0.818181818,10540.00357
66000427,0,178057.8,656318,6600,74.1,14.293629,66.649238,87.390641,8.267162,2.53E-05,8.86E-05,0.043879908,0.578947368,10388.81821
66000511,0,177645.1,656161.6,,,22.296441,0,0,0,,,,,
66000512,0,177791,656749.4,6600,58.7,0,52.440865,164.757706,28.114754,2.62E-05,9.83E-05,0.040669856,1.176470588,10527.1298
66000513,0,177338,657221.8,6600,68,7.598192,0,20.179196,0,1.00E-05,1.97E-05,0.057553957,0.625,11415.93359
66000514,0,,,,,,,,,,,,,
66000523,0,,,,,,,,,,,,,
66000611,0,178084.5,658231.8,6600,65.8,55.295005,119.207964,141.540913,10.411982,2.65E-05,0.000132354,0.043478261,0.555555556,11799.7296
66000612,0,177799.6,658241.1,6600,58.4,70.999357,414.78963,450.47274,38.604099,2.11E-05,0.000115911,0.030769231,0.875,10642.98107
66000613,0,177792.8,658648.6,6600,41.3,0,17.09086,184.280041,10.229246,4.51E-05,0.000112746,0.032921811,1.125,10959.8309
66000614,0,,,,,,,,,,,,,
66000621,0,177795.3,659261.6,6600,57.6,54.354089,172.235631,341.593463,9.658361,2.97E-05,8.92E-05,0.03074141,1.058823529,10830.68159
66000623,0,178420.5,659203,6600,66.4,43.563956,67.107029,263.039897,20.2184,2.86E-05,0.00012876,0.033942559,1,11960.43181
66000624,0,178587,659403.9,6600,62.2,82.545125,361.883778,574.820555,15.108445,3.11E-05,0.000171233,0.053977273,0.684210526,11915.8689
66000625,0,177905.9,659751.4,6600,68.7,9.47857,14.557939,168.664335,0,3.13E-05,6.27E-05,0.022883295,1.8,10560.48433
66000626,0,,,,,,,,,,,,,
67000011,627233.4502,,,,,,,,,,,,,
67000012,627233.4502,250101.1,744688.8,6700,46.7,77.205954,304.724832,538.551173,0,8.09E-05,0.00013872,0.044303797,0.761904762,5226.254275
67000014,627233.4502,250518.4,744461.9,6700,40.5,419.878172,4179.667118,1194.341605,24.414986,4.49E-05,0.000179654,0.040983607,1.4,4545.410456
67000015,627233.4502,250733.2,743099.6,6700,45.2,396.256347,1001.864156,205.15773,0,0.000100234,0.000200468,0.073170732,0.833333333,5282.73615
67000021,627233.4502,249414.9,744451.3,6700,59.9,0,228.383717,505.025349,29.25459,7.59E-05,0.000128516,0.036247335,0.588235294,4545.551853
67000022,627233.4502,249476.3,743945.9,6700,62.4,0,15.751713,368.159885,0,3.13E-05,0.000172211,0.022857143,1,5533.455257
67000024,627233.4502,,,,,,,,,,,,,
67000025,627233.4502,,,,,,,,,,,,,
67000031,627233.4502,248779.6,743373.7,6700,55.7,19.369111,53.686623,188.155149,6.923197,5.17E-05,0.000110771,0.026954178,0.9,5252.431737
67000032,627233.4502,,,,,,,,,,,,,
67000033,627233.4502,248401.9,742688.7,6700,46.1,130.983492,368.619516,549.994107,26.613339,4.81E-05,0.000144196,0.040935673,0.428571429,4705.537947
67000034,627233.4502,248272.2,742446,6700,40.2,23.813489,47.007055,101.891799,0,8.22E-05,0.000123288,0.035,0.571428571,4309.925772
67000035,627233.4502,247325,742782.7,,,649.891543,791.517972,70.229376,0,,,,,
67000036,627233.4502,247906.9,743132.3,6700,50.9,35.378132,31.691538,281.250785,0,2.35E-05,9.41E-05,0.017167382,1.25,6832.244852
68000011,0,,,,,,,,,,,,,
68000012,0,212164,746200.3,6800,41.8,67.692065,94.633702,346.839426,0,5.14E-05,9.55E-05,0.037533512,1.642857143,4827.933293
68000013,0,210882.4,746694.8,6800,49.3,18.748348,157.784971,283.290707,0,4.36E-05,0.000155666,0.031818182,0.857142857,5400.590733
68000014,0,,,,,,,,,,,,,
68000021,0,210791,745930.4,6800,60,41.564896,183.777223,597.100874,53.225433,3.21E-05,0.00011014,0.031825796,0.947368421,6267.079997
68000022,0,210376.2,745356.7,6800,66.1,154.719303,513.165207,451.335704,35.007181,4.62E-05,0.0001445,0.03164557,1,6339.047471
68000023,0,210311.5,746051.1,6800,67.8,79.446709,260.303192,216.09007,31.159484,2.98E-05,0.000137285,0.030501089,1,6292.947871
68000031,0,209156,745010.6,6800,52.2,107.581044,74.05561,212.974638,0,3.63E-05,7.99E-05,0.029177719,1.818181818,5994.383383
68000032,0,,,,,,,,,,,,,
68000033,92028.20702,207112.4,744555.7,,,1793.597131,2015.656474,176.839673,0,1.00E-05,1.00E-05,1.00E-05,0.1,15142.39573
69000011,9920.240278,,,,,,,,,,,,,
69000012,9920.240278,194454.3,676605.1,6900,67.6,372.863937,378.050299,318.403444,54.812891,5.01E-05,9.47E-05,0.032520325,0.8125,10786.1582
69000014,9920.240278,193635.3,675702.5,,,3600.323473,9489.576694,702.165173,0,1.00E-05,1.00E-05,1.00E-05,0.1,8174.178537
69000015,9920.240278,193370.5,676963.8,6900,61.6,22.534831,104.30644,243.603676,25.543458,2.05E-05,0.00010274,0.035,1.214285714,12768.66901
69000016,9920.240278,192211.1,676662.1,6900,67.1,0,103.672168,653.562732,0,4.75E-05,0.000110856,0.034682081,0.5,13014.53732
69000021,9920.240278,190569.3,677681.8,6900,65.3,91.574316,388.470518,148.380921,11.603848,5.98E-05,4.60E-05,0.036912752,4.5,13733.14758
69000022,9920.240278,190271.2,676724.4,6900,60.6,85.918528,1044.658099,2834.675848,20.532899,7.14E-05,6.21E-05,0.023782559,4.666666667,13582.86071
69000031,9920.240278,190888.1,676525.9,6900,59.8,83.819139,143.249763,212.262076,39.839139,1.94E-05,0.000106869,0.039007092,0.727272727,12420.7706
69000032,9920.240278,,,,,,,,,,,,,
69000034,9920.240278,190263.4,675780.1,6900,69.6,66.063298,1226.883058,1218.127831,22.078148,3.10E-05,0.000155225,0.045325779,0.9375,12054.81694
69000035,9920.240278,190635.3,675816.5,6900,60.4,17.979944,191.537336,251.560106,0,1.26E-05,0.000126255,0.050691244,0.636363636,12412.79515
69000041,9920.240278,191311.7,675478.2,6900,72.3,57.064506,358.503602,334.256351,14.682419,2.35E-05,0.000133072,0.037142857,0.923076923,11984.20634
69000042,9920.240278,191606.3,675465.2,6900,69.2,46.734581,432.017078,230.51554,15.948263,2.39E-05,0.000167494,0.043668122,0.7,11646.74016
69000044,9920.240278,,,,,,,,,,,,,
69000045,9920.240278,192898.5,675142.5,6900,71.3,0,79.64271,105.998958,34.981913,4.17E-05,0.000114589,0.045627376,0.75,11831.04784
69000051,9920.240278,192213.7,675783.9,6900,73.5,174.477293,468.606635,673.179694,46.917981,3.02E-05,0.000102815,0.033112583,0.8,11413.69073
69000053,9920.240278,,,,,,,,,,,,,
69000054,9920.240278,,,,,,,,,,,,,
69000055,9920.240278,192248.2,676069.9,6900,80.6,15.132201,139.719596,291.569557,23.129326,8.40E-06,0.000109253,0.033742331,0.727272727,11978.79472
69000056,9920.240278,,,,,,,,,,,,,
70000011,9920.240278,,,,,,,,,,,,,
70000012,9920.240278,190431.4,651827.4,7000,42,134.644835,1077.567784,257.560881,0,1.41E-05,2.83E-05,0.017211704,0.5,5476.241323
70000013,9920.240278,189822.4,650955.9,7000,56.7,2453.38717,2327.644602,873.553202,0,4.11E-05,6.99E-05,0.03003003,1.45,6014.506427
70000014,9920.240278,,,,,,,,,,,,,
70000015,9920.240278,190826.7,651384.8,7000,38,45.32872,89.375007,89.920191,0,3.32E-05,9.97E-05,0.024271845,0.4,4022.739474
70000021,9920.240278,190878.7,650838.4,7000,73.2,44.140294,144.153045,324.296607,0,2.19E-05,6.56E-05,0.042553191,0.75,6699.683705
70000022,9920.240278,190208.5,650386.9,7000,46.7,40.170956,36.209578,99.923678,0,5.67E-05,9.73E-05,0.035502959,0.75,6046.681177
70000023,9920.240278,191109.2,650331.6,7000,70.2,31.470716,80.720279,186.850762,0,4.29E-05,3.68E-05,0.044742729,0.4,6944.626185
70000024,9920.240278,,,,,,,,,,,,,
70000025,9920.240278,,,,,,,,,,,,,
70000031,9920.240278,189676.5,650471,7000,60.7,8.047,57.75581,200.539341,21.244725,4.87E-05,0.000109589,0.031111111,0.714285714,6900.216792
70000032,9920.240278,,,,,,,,,,,,,
70000041,9920.240278,189226.6,650613.2,7000,57.4,122.987636,459.023046,268.618671,0,2.86E-05,0.000105007,0.041811847,0.666666667,6580.344286
70000042,9920.240278,188691,650148.3,7000,62.9,62.818175,246.545946,467.596668,0,4.63E-05,7.40E-05,0.047297297,0.607142857,6788.253562
70000043,9920.240278,189266.8,650892.8,7000,63.6,64.617001,49.428623,42.721769,0,1.51E-05,0.000195695,0.049450549,0.444444444,6096.9453
70000044,9920.240278,188302.8,651060.4,7000,33.2,119.044283,198.926039,37.281071,0,2.01E-05,2.69E-05,0.012254902,1.4,2068.750812
70000051,9920.240278,188998.2,652036.8,7000,75,18.141246,198.777213,370.086764,26.794024,5.56E-05,7.94E-05,0.046376812,0.625,7687.793729
70000052,9920.240278,188900.4,651706.1,7000,73.9,21.534309,188.101223,162.621161,12.096912,6.92E-05,9.89E-05,0.039711191,0.909090909,9155.90353
70000054,9920.240278,,,,,,,,,,,,,
71000112,0,160139.5,621867.8,7100,70.3,15.085874,57.759293,93.607939,19.98551,4.15E-05,0.000136986,0.021212121,2.357142857,7498.965504
71000113,0,159961.7,621311.9,7100,64.9,3.053805,100.755838,236.32411,16.73172,3.47E-05,0.000181107,0.022503516,1.9375,6506.811389
71000114,0,159459.7,621897.8,7100,62.9,154.116061,479.815656,772.226735,0,4.14E-05,0.000273973,0.043396226,0.782608696,6389.152569
71000121,0,,,,,,,,,,,,,
71000122,0,158738.6,620965.5,7100,52.1,8.361,95.448589,209.39936,15.257025,2.46E-05,0.000166231,0.029213483,1.153846154,7624.367594
71000123,0,,,,,,,,,,,,,
71000124,0,,,,,,,,,,,,,
71000125,0,158764.9,619758.8,7100,61.1,51.466853,163.55675,362.651344,46.719241,2.79E-05,0.000133917,0.028513238,0.928571429,6802.678364
71000127,0,158867.7,619446,7100,56.1,351.29155,1464.780255,1869.084204,0,3.01E-05,0.000210748,0.032967033,1.333333333,5801.428028
71000212,0,,,,,,,,,,,,,
71000213,0,160351.7,620116.3,7100,66.6,70.015298,125.071533,154.383117,0,4.61E-05,0.000107591,0.016830295,2.916666667,7256.94882
71000214,0,160519.9,620490.2,7100,63.3,3.623,102.269944,143.618693,0,3.20E-05,0.000167738,0.017492711,1.666666667,7235.51163
71000215,0,160708.8,620869.2,7100,61.6,292.587088,58.100918,80.41705,0,1.51E-05,0.000113525,0.013812155,1.4,8122.183125
71000221,0,160983.4,620074.3,7100,63.9,17.98405,71.008412,147.865156,0,2.76E-05,0.000158725,0.01511335,1.666666667,4348.232892
71000222,0,160688.1,619255.7,7100,52.3,145.019597,1478.536985,682.813028,14.755176,4.89E-05,0.000244618,0.017857143,2,3438.303345
71000223,0,161448.7,619595.2,7100,41.8,56.064312,1317.067061,853.678499,78.677136,9.24E-05,0.000107742,0.028089888,0.6,4903.044528
71000224,0,,,,,,,,,,,,,
71000225,0,160460.3,617888.8,7100,49.1,229.636663,134.521859,194.59179,0,6.45E-05,0.000141821,0.035294118,0.733333333,6600.505252
71000226,0,160457.9,618568.6,7100,39.6,19.959472,72.859531,240.172494,0,8.12E-05,0.00012853,0.014814815,2.333333333,7094.344403
71000311,0,159343.2,618655,7100,60.3,47.168902,108.784265,273.685506,18.048045,2.74E-05,0.000130137,0.02,1.125,6507.079315
71000312,0,,,,,,,,,,,,,
71000313,0,158500.3,617980.8,7100,34.5,6.534,47.299219,337.922573,51.694537,6.23E-05,0.000172963,0.017676768,1.428571429,4995.669339
71000314,0,158173.5,618113.9,7100,44.8,19.512,11.736225,197.878727,0,7.88E-05,0.000174397,0.018480493,1.777777778,5257.188988
71000316,0,,,,,,,,,,,,,
71000321,0,157865.2,618643.3,7100,57.7,25.213705,193.352315,1845.037202,0,5.21E-05,0.000137223,0.022452504,1.076923077,5647.245384
71000322,0,,,,,,,,,,,,,
71000323,0,157835.6,617700,7100,56.1,0,33.464437,98.074413,17.803291,5.89E-05,0.00015518,0.0234375,1.166666667,5209.779925
71000324,0,,,,,,,,,,,,,
72000001,9920.240278,181784.9,649252.3,7200,69.6,23.71385,49.391288,199.682696,16.042696,4.75E-05,5.43E-05,0.03960396,0.5,10668.60562
72000002,9920.240278,,,,,,,,,,,,,
72000003,9920.240278,181800.8,648762.8,7200,61.9,58.969441,121.742594,265.026536,20.788595,1.68E-05,5.03E-05,0.03058104,0.8,12126.65999
72000004,9920.240278,,,,,,,,,,,,,
72000005,9920.240278,180491.3,649317.1,7200,78.8,17.641676,77.677536,197.305757,22.657391,7.42E-06,2.23E-05,0.01897019,0.714285714,12309.51681
72000006,9920.240278,179787.2,648272.3,7200,80.4,47.787083,83.474531,158.320245,70.161511,6.80E-05,4.00E-05,0.01459854,4.3,13607.97303
72000007,9920.240278,180771.4,648354.6,7200,70.5,28.881511,1293.841776,445.432494,29.132042,6.06E-05,7.46E-05,0.032312925,1.052631579,11393.5628
72000008,9920.240278,,,,,,,,,,,,,
72000009,9920.240278,180903.4,647776.4,,,896.034087,1930.850048,522.698468,10.293155,,,,,
72000010,9920.240278,,,,,,,,,,,,,
72000011,9920.240278,,,,,,,,,,,,,
73000011,627233.4502,,,,,,,,,,,,,
73000012,627233.4502,228868.8,734212.7,7300,45.1,28.259,318.857375,541.797165,35.817333,9.04E-06,2.26E-05,0.01650165,0.4,6360.307396
73000013,627233.4502,228678.8,733886.8,7300,41.8,0,202.99975,129.111796,0,1.00E-05,1.55E-05,0.00754717,0.75,3777.777778
73000014,627233.4502,228333.9,733692.1,7300,40.7,585.071512,661.690634,756.243989,0,2.25E-05,4.49E-05,0.032786885,0.5,
73000015,627233.4502,227951.3,733202.2,7300,44.8,158.7085,596.909714,775.767597,28.148635,4.79E-06,1.44E-05,0.013986014,0.5,7982.251995
73000021,627233.4502,228216.7,734334.8,7300,27.5,16.357761,885.277017,649.243201,0,1.00E-05,4.81E-05,0.013157895,0.333333333,4498.02409
73000022,627233.4502,227962.3,734370.1,7300,23.8,0,384.171967,1223.153376,0,7.67E-06,1.53E-05,0.014005602,0.6,4569.981349
73000023,627233.4502,228487.3,734873.6,7300,51.8,204.619409,702.069188,499.394542,13.307447,8.48E-06,1.70E-05,0.021671827,0.285714286,4446.57738
73000031,627233.4502,228711.9,735543.1,7300,35.3,18.448856,123.631356,34.136251,0,8.53E-06,8.53E-06,0.009345794,0.666666667,
73000032,627233.4502,,,,,,,,,,,,,
73000033,627233.4502,227430.3,735371.7,7300,49,0,368.35122,111.555285,0,1.00E-05,1.62E-05,0.008849558,0.666666667,2905.629402
73000034,627233.4502,227035.6,734730.3,7300,47.9,0,215.751118,258.018067,0,1.00E-05,2.10E-05,0.009560229,0.8,4275.215381
73000035,627233.4502,227303.9,734032.3,7300,49.6,0,113.214326,343.305375,41.661583,1.03E-05,6.89E-06,0.012578616,0.8,5516.085425
73000041,627233.4502,227175.5,733405,7300,47.7,83.018052,305.83093,381.382713,0,1.06E-05,2.65E-05,0.015473888,0.5,3890.676906
73000042,627233.4502,227217.3,732864.9,7300,44.2,0,39.427789,120.891321,0,5.77E-06,1.15E-05,0.018947368,0.222222222,5140.406544
73000043,627233.4502,226881.7,732631.1,7300,39.8,0,26.234763,55.394189,0,1.00E-05,2.81E-05,0.010273973,0.666666667,2852.689551
73000044,627233.4502,,,,,,,,,,,,,
73000045,627233.4502,227893.8,732520.7,7300,55.8,72.131908,364.943712,0,0,1.00E-05,1.17E-05,1.00E-05,0.1,
74000112,27854.73736,189587.1,691619,7400,51.2,86.126324,360.241794,422.245681,25.340268,8.98E-06,0.000107792,0.026229508,0.625,9879.091241
74000113,27854.73736,189226.7,691038.2,7400,61.6,83.439669,69.983801,486.594577,17.44241,3.63E-05,0.00010876,0.02268431,0.833333333,7981.629984
74000114,27854.73736,,,,,,,,,,,,,
74000121,27854.73736,187184.7,687558.3,,,6468.663849,24322.72729,1688.454149,68.919842,1.00E-05,1.00E-05,1.00E-05,0.1,10021.76612
74000122,27854.73736,,,,,,,,,,,,,
74000123,27854.73736,188427,691741.3,,,2832.225586,3423.24716,478.84441,15.790755,1.00E-05,1.00E-05,0.166666667,0.1,
74000211,27854.73736,187583.6,692859.9,7400,54.5,106.340735,217.881093,512.796343,0,6.48E-05,0.000161922,0.023640662,1.1,8506.185672
74000212,27854.73736,187752.5,693354.2,7400,65.9,38.960403,36.523042,147.39764,0,2.35E-05,0.000172211,0.02,0.714285714,9663.391422
74000213,27854.73736,187898.9,693981.5,7400,52.8,11.047194,0,325.338119,0,1.94E-05,0.000126299,0.024822695,0.857142857,8677.148152
74000221,27854.73736,187347.2,694460.4,7400,64.3,38.667163,28.465506,486.554381,4.601159,1.78E-05,0.00011886,0.026030369,0.916666667,8932.28564
74000222,27854.73736,,,,,,,,,,,,,
74000223,27854.73736,186836.8,694453.6,7400,53.7,12.701175,251.04105,1723.175112,0,3.82E-05,4.58E-05,0.033426184,0.333333333,7207.037435
74000231,27854.73736,186808.8,694086.6,7400,58.3,51.126355,42.388365,234.752347,9.923161,4.94E-05,0.000159223,0.018036072,1,10058.17734
74000241,27854.73736,187263.9,694099,7400,67.4,27.465513,21.195357,213.402194,0,2.91E-05,0.000169047,0.021276596,0.6,9641.373848
74000242,27854.73736,,,,,,,,,,,,,
74000243,27854.73736,187136.1,693314.3,7400,59.3,40.056077,59.619683,110.543318,22.67348,1.72E-05,0.000206772,0.022012579,0.857142857,10160.30083
74000321,27854.73736,186447.2,693309.8,7400,44.9,0,451.978994,316.878039,11.265648,1.71E-05,0.000231164,0.028125,1,11473.63363
74000322,27854.73736,,,,,,,,,,,,,
74000341,27854.73736,186161.6,691977.3,7400,61.5,0,141.794485,255.567159,10.220756,3.90E-05,0.000156184,0.021377672,0.888888889,11003.36451
74000343,27854.73736,,,,,,,,,,,,,
74000351,27854.73736,187211.8,692027.6,7400,61.6,79.408864,1549.904036,1042.604071,8.825363,5.46E-05,0.000125525,0.023904382,1,10267.73443
74000352,27854.73736,186878.6,691158.9,7400,71.4,74.176943,178.761209,652.472999,69.359622,5.38E-05,8.40E-05,0.009815951,2.625,9443.854606
74000354,27854.73736,,,,,,,,,,,,,
74000355,27854.73736,,,,,,,,,,,,,
74000411,27854.73736,186031.8,689754.3,7400,60.2,0,44.237352,121.244161,0,1.56E-05,7.78E-05,0.017045455,0.666666667,9068.526421
74000412,27854.73736,185439.1,689435.9,7400,61.4,23.330417,48.442,37.890839,0,2.69E-05,0.00018802,0.039215686,1.75,17149.64096
74000413,27854.73736,,,,,,,,,,,,,
74000421,27854.73736,185976.4,689227.3,7400,58.7,0,48.443213,213.14354,0,5.31E-05,0.000189732,0.024930748,1.666666667,7872.529065
74000422,27854.73736,,,,,,,,,,,,,
74000431,27854.73736,186699.4,689582.4,7400,57.8,85.271143,11.350538,427.824363,26.528997,5.15E-05,0.000144196,0.020676692,1,8065.649381
74000432,27854.73736,186534.2,689092.4,7400,72.4,0,33.919329,916.988582,0,1.45E-05,0.000173951,0.021164021,0.75,8093.304206
74000511,27854.73736,186655.8,687930.6,7400,72.9,14.556585,45.062132,372.806133,53.62508,2.41E-05,0.00012855,0.026392962,1.333333333,8422.267537
74000512,27854.73736,186509.3,687475.9,7400,57.8,11.239136,20.429,64.586432,0,3.10E-05,0.000185744,0.033898305,0.833333333,8969.56699
74000513,27854.73736,186306.9,687134.5,7400,62.1,0,0,37.450198,0,5.00E-05,0.000158221,0.018237082,1,8363.177544
74000521,27854.73736,186076.9,687605,7400,66.2,18.36112,18.174761,156.481974,0,3.45E-05,0.000158725,0.020151134,1,7844.854329
74000522,27854.73736,,,,,,,,,,,,,
74000523,27854.73736,185884.3,688114.9,7400,75.5,78.480521,132.312655,107.802328,0,1.97E-05,0.000131087,0.016746411,1.142857143,10005.40938
74000531,27854.73736,185361.1,687031.4,,,0,0,0,0,7.26E-05,9.98E-05,0.036423841,2.090909091,14449.97953
74000533,27854.73736,185544.1,686770.5,7400,75.4,64.060642,290.344785,216.11951,120.271622,6.37E-05,0.000133801,0.023255814,1.3,11906.1584
74000534,27854.73736,,,,,,,,,,,,,
75000001,627233.4502,229128.1,752226.8,7500,59,199.152,369.857706,312.446105,0,1.00E-05,9.74E-07,0.006041222,0.941176471,
75000002,627233.4502,,,,,,,,,,,,,
75000003,627233.4502,227503.8,752698.4,7500,24.7,0,0,0,0,,,,,3942.062438
75000004,627233.4502,227264.3,752207.5,7500,36.2,0,143.011,311.883455,0,,,,,3257.142857
75000005,627233.4502,,,,,,,,,,,,,
75000006,627233.4502,,,,,,,,,,,,,
75000007,627233.4502,,,,,,,,,,,,,
76000011,627233.4502,,,,,,,,,,,,,
76000012,627233.4502,208967,759502.6,7600,62.4,0,110.517025,379.49621,0,2.24E-05,0.000149304,0.029972752,1.272727273,6075.315653
76000013,627233.4502,,,,,,,,,,,,,
76000014,627233.4502,,,,,,,,,,,,,
76000015,627233.4502,,,,,,,,,,,,,
76000021,627233.4502,,,,,,,,,,,,,
76000022,627233.4502,,,,,,,,,,,,,
76000023,627233.4502,,,,,,,,,,,,,
76000024,627233.4502,207304.8,759749.3,7600,51.1,37.024262,21.994719,176.248602,0,3.77E-05,0.000178882,0.034364261,0.7,5355.473535
76000025,627233.4502,207689.7,759781.2,7600,44.3,0,0,220.448389,8.912422,1.68E-05,0.000235314,0.030674847,0.8,4797.774419
76000031,627233.4502,207619.3,759225.4,7600,56.5,99.42655,411.605583,537.111887,0,1.84E-05,7.38E-05,0.013468013,0.75,5754.728535
76000032,627233.4502,207287.7,759119.1,7600,58.2,153.135376,1490.927573,1485.33402,0,6.16E-05,0.000109941,0.028892456,0.666666667,6369.327584
76000033,627233.4502,206897,758622.4,7600,31.7,85.489903,304.384987,224.414259,0,2.34E-05,9.37E-05,0.014245014,0.6,
76000034,627233.4502,,,,,,,,,,,,,
76000035,627233.4502,208859.3,758234.9,7600,52.7,127.380844,332.383139,281.503262,9.679069,4.35E-05,8.70E-05,0.015873016,1,5780.232974
77000011,627233.4502,231331.9,725310.6,7700,56.2,134.764089,300.909692,666.724923,36.245658,7.47E-05,9.13E-05,0.033333333,1.363636364,4630.163458
77000012,627233.4502,,,,,,,,,,,,,
77000013,627233.4502,230811.4,725569.1,7700,50.9,459.170016,648.399125,1989.831027,0,7.81E-05,0.000136661,0.026128266,1.363636364,4592.130618
77000015,627233.4502,231078.1,726630.4,7700,52.3,148.877963,134.737971,334.649473,0,8.77E-05,0.000102283,0.029333333,1.636363636,4362.480901
77000016,627233.4502,,,,,,,,,,,,,
77000017,627233.4502,229906.2,725716.2,,,608.924455,149.386623,106.559248,0,,,,,
77000021,627233.4502,227503.2,724329.5,7700,61,92.446303,383.077066,819.328836,3.238936,6.53E-05,8.57E-05,0.038748137,1.038461538,5723.14963
77000022,627233.4502,,,,,,,,,,,,,
77000023,627233.4502,227285.8,723896.7,7700,64.5,263.915824,2157.048595,1474.871788,66.069962,5.74E-05,0.000167348,0.033158813,1.052631579,5347.700925
77000024,627233.4502,227409.4,723194.1,7700,60.6,9.056178,169.783118,336.811749,15.618631,4.90E-05,0.000182181,0.038363171,0.8,5002.579493
77000025,627233.4502,226870.6,723537.8,7700,69.3,40.97154,110.958158,129.31995,0,5.40E-05,0.000167861,0.035010941,1.125,5068.313626
77000026,627233.4502,,,,,,,,,,,,,
78000002,627233.4502,,,,,,,,,,,,,
78000003,627233.4502,199252.4,709044.2,7800,66.9,44.542484,304.173975,449.396341,0,4.90E-05,8.58E-05,0.029082774,2,7706.249413
78000004,627233.4502,198463,708054.4,7800,70.6,6.122,337.53937,321.510469,0,1.86E-05,5.59E-05,0.034013605,0.8,7240.203786
78000005,627233.4502,,,,,,,,,,,,,
78000006,627233.4502,,,,,,,,,,,,,
78000007,627233.4502,,,,,,,,,,,,,
78000008,627233.4502,,,,,,,,,,,,,
78000009,627233.4502,196068.6,708151.6,7800,70.2,248.639306,37.343522,305.925883,0,5.72E-05,7.28E-05,0.032258065,1.529411765,6772.61267
79000111,9920.240278,190132.2,668102.7,,,3550.636409,6540.796951,524.874174,0,4.81E-05,9.61E-05,0.035087719,20.5,
79000112,9920.240278,189929.1,667069.5,7900,68.2,42.286211,275.766078,303.392763,19.652726,3.90E-05,0.000175291,0.028436019,0.916666667,10733.70945
79000113,9920.240278,189788.6,667307.4,7900,82,41.934949,194.982965,183.734034,50.813762,2.34E-05,4.68E-05,0.013651877,0.75,11287.24886
79000114,9920.240278,,,,,,,,,,,,,
79000115,9920.240278,188378.3,666772.8,7900,58.1,339.693642,863.411781,73.840673,14.570376,0.000101943,5.10E-05,0.025581395,4.863636364,12131.00757
79000121,9920.240278,,,,,,,,,,,,,
79000122,9920.240278,,,,,,,,,,,,,
79000123,9920.240278,,,,,,,,,,,,,
79000124,9920.240278,187527.5,667684.9,,,2477.671033,8562.349547,203.471317,11.952933,1.00E-05,1.00E-05,1.00E-05,0.1,
79000125,9920.240278,187163.5,666915.6,,,1900.306831,5025.073669,851.704123,14.549281,1.00E-05,1.00E-05,1.00E-05,0.1,
79000126,9920.240278,,,,,,,,,,,,,
79000128,9920.240278,,,,,,,,,,,,,
79000131,9920.240278,187323.1,665219.8,7900,62.6,104.75711,269.852091,393.921023,79.055529,3.14E-05,5.03E-05,0.02293578,1.4,13738.32116
79000132,9920.240278,,,,,,,,,,,,,
79000134,9920.240278,,,,,,,,,,,,,
79000142,9920.240278,,,,,,,,,,,,,
79000143,9920.240278,,,,,,,,,,,,,
79000144,9920.240278,188419.7,666229.8,7900,58.3,0,85.88517,255.074557,0,2.48E-05,0.000198351,0.027149321,1,11989.92561
79000145,9920.240278,188790.4,666126.4,7900,66.4,8.806718,258.388212,520.433531,12.319667,1.64E-05,0.000188664,0.038922156,1,11481.14123
79000146,9920.240278,,,,,,,,,,,,,
79000212,9920.240278,,,,,,,,,,,,,
79000213,9920.240278,188863.5,664461.3,7900,58.8,12.581205,147.849694,169.239593,11.548877,2.04E-05,8.18E-05,0.029850746,0.25,12352.75859
79000221,9920.240278,,,,,,,,,,,,,
79000222,9920.240278,,,,,,,,,,,,,
79000224,9920.240278,188415.1,665432.6,7900,65.4,30.876818,173.249501,153.683993,22.330209,2.52E-05,0.000193294,0.030674847,0.7,11440.60032
79000231,9920.240278,188975.7,665306.5,7900,60.9,40.977211,229.536739,1512.055784,20.97524,1.78E-05,0.000120281,0.019512195,1.666666667,11858.72535
79000232,9920.240278,189379.4,665123.9,7900,59.6,0,76.069275,186.058244,52.589014,2.69E-05,0.000215585,0.042622951,1.230769231,11646.14129
79000236,9920.240278,188957.6,665682.3,7900,62.2,43.096456,105.142456,139.080761,15.19999,4.37E-05,0.000189449,0.034574468,1,11392.43214
79000311,9920.240278,,,,,,,,,,,,,
79000313,9920.240278,189615.4,666644.1,7900,60.5,247.714218,594.856599,736.570543,21.132644,3.56E-05,0.000192137,0.036363636,1.571428571,10844.90517
79000321,9920.240278,189976.3,666392.4,7900,68.5,32.157494,66.88713,92.222329,0,2.49E-05,0.000242839,0.034090909,0.866666667,11442.57019
79000323,9920.240278,189866.6,665869.3,7900,66.1,19.312254,70.475599,39.666964,11.943197,2.72E-05,0.00023587,0.029801325,0.888888889,11148.96862
79000324,9920.240278,190298.1,665970.3,7900,66.8,12.412367,113.969474,233.895762,10.632042,3.46E-05,0.000190139,0.034700315,0.636363636,11258.17375
79000411,9920.240278,189599,664708.6,7900,65.3,28.217764,16.69984,150.410266,11.821493,3.24E-05,0.000129691,0.029585799,0.8,10959.03942
79000413,9920.240278,189996.7,665056.6,7900,70,60.733786,39.547724,123.28428,0,2.78E-05,0.000166887,0.025380711,0.6,10356.71399
79000414,9920.240278,,,,,,,,,,,,,
79000415,9920.240278,190396.4,664535.5,7900,69.6,0,10.17396,142.703898,0,3.42E-05,0.000148402,0.029166667,1,9662.858692
79000421,9920.240278,,,,,,,,,,,,,
79000422,9920.240278,,,,,,,,,,,,,
79000423,9920.240278,190428.3,665186.3,7900,74.4,2.249158,80.125085,130.370673,0,2.80E-05,0.000112054,0.030674847,0.933333333,10428.7046
79000424,9920.240278,189978.8,665531.1,7900,69.7,14.369655,137.338321,204.392066,33.830405,2.58E-05,0.000168002,0.023584906,1,11361.33501
79000431,9920.240278,190682,665771,7900,67.4,21.242449,28.008625,280.73709,0,1.11E-05,0.000144782,0.028455285,1.142857143,9943.240961
79000432,9920.240278,190640,666479.9,7900,72.9,10.83595,93.521925,261.834204,11.720885,2.83E-05,0.000160605,0.034482759,1,10135.7591
79000433,9920.240278,190200.8,666720.6,7900,67.7,0,52.3112,146.960446,0,2.03E-05,0.000175884,0.032098765,0.769230769,10423.66921
79000434,9920.240278,,,,,,,,,,,,,
79000511,9920.240278,190786,667563.6,7900,72.1,13.977,520.602625,198.515141,18.033254,1.84E-05,5.52E-05,0.033557047,1.4,9710.301117
79000512,9920.240278,,,,,,,,,,,,,
79000513,9920.240278,191123.8,666631.7,7900,64.5,0,0,140.013477,0,2.36E-05,0.000117753,0.022922636,2.375,9120.796261
79000514,9920.240278,,,,,,,,,,,,,
79000515,9920.240278,191122.7,665767.4,7900,65.5,0,50.097791,93.799002,0,4.98E-05,0.000132835,0.036363636,1.833333333,9875.588721
79000516,9920.240278,192349.1,665214.2,7900,70,63.554241,260.275326,194.980926,12.819464,2.45E-05,4.89E-05,0.044642857,0.8,10856.67067
79000521,9920.240278,,,,,,,,,,,,,
79000522,9920.240278,,,,,,,,,,,,,
79000523,9920.240278,,,,,,,,,,,,,
79000524,9920.240278,192030.6,664536.1,7900,64.6,0,192.668912,444.297235,6.424336,3.83E-05,0.000114839,0.02994012,1.2,9076.688448
80000001,627233.4502,,,,,,,,,,,,,
80000002,627233.4502,,,,,,,,,,,,,
80000003,627233.4502,,,,,,,,,,,,,
80000004,627233.4502,246655.1,762738.8,8000,34.7,133.119073,183.874899,514.271184,9.082109,6.26E-05,0.000117417,0.045714286,1.1875,5001.70972
80000005,627233.4502,246462.1,763512.3,8000,32.2,113.308628,720.324573,910.472264,22.024951,6.37E-05,0.00012035,0.059431525,0.739130435,6908.191763
80000006,627233.4502,,,,,,,,,,,,,
80000007,627233.4502,246838.8,762463.2,8000,40.2,88.431506,144.542613,1264.5954,0,8.82E-05,0.000144859,0.055172414,1.166666667,4344.391592
80000008,627233.4502,248235.8,763024.1,8000,67.9,29.864,77.108731,267.141925,0,7.83E-05,6.62E-05,0.041758242,0.421052632,5569.651711
80000010,627233.4502,,,,,,,,,,,,,
80000011,627233.4502,246851.8,760708.4,,,0,0,4.731099,0,1.00E-05,1.00E-05,0.02173913,2,
82000011,0,208894,751002.3,8200,67.7,936.602599,1109.031322,143.673154,9.70629,8.38E-05,3.94E-05,0.043165468,1.583333333,8297.112483
82000013,0,208327.7,749477.9,8200,59.9,250.493343,502.517179,381.094218,25.814421,1.63E-05,8.97E-05,0.044642857,0.733333333,6955.628454
82000014,0,,,,,,,,,,,,,
82000022,0,,,,,,,,,,,,,
82000031,0,,,,,,,,,,,,,
82000032,0,207477,748573.4,8200,57.9,210.755995,636.314684,424.059843,18.517209,2.65E-05,9.26E-05,0.057971014,1.083333333,7879.788737
82000034,0,,,,,,,,,,,,,
83000111,9920.240278,183056,655288.9,,,50.795602,393.425527,207.415479,0,1.00E-05,1.00E-05,1.00E-05,0.1,
83000112,9920.240278,182264.5,653925.8,,,1313.753701,3566.904924,173.61122,12.611283,,,,,11340.04306
83000113,9920.240278,182677.4,653410.9,8300,80.6,19.734767,45.682311,58.997914,0,1.70E-05,0.000152678,0.021671827,1,11273.21382
83000114,9920.240278,,,,,,,,,,,,,
83000115,9920.240278,182363.5,652936.1,8300,70.1,53.605506,195.740408,240.61829,46.221084,3.00E-05,0.000209826,0.035010941,1.25,10316.76698
83000116,9920.240278,182033.6,652954.9,8300,62.2,21.687617,46.419158,281.313028,0,2.63E-05,0.000170822,0.033573141,0.714285714,9958.975184
83000117,9920.240278,181772.7,652924.5,8300,66.3,19.444995,418.749369,630.519664,22.921859,1.89E-05,0.000138243,0.041284404,0.888888889,10557.11333
83000122,9920.240278,,,,,,,,,,,,,
83000124,9920.240278,182504.9,652545.6,8300,63.7,10.305075,133.614614,111.594189,8.282893,1.10E-05,0.000153425,0.028,1,9896.761135
83000125,9920.240278,182674.9,652433.3,8300,59.4,0,62.844549,115.998414,20.22118,2.46E-05,0.000157682,0.037769784,0.714285714,11284.78672
83000126,9920.240278,,,,,,,,,,,,,
83000212,9920.240278,,,,,,,,,,,,,
83000213,9920.240278,182917.4,650939.8,8300,62.3,0,23.32984,235.859998,14.781564,3.11E-05,8.09E-05,0.031818182,0.857142857,9826.164871
83000214,9920.240278,,,,,,,,,,,,,
83000215,9920.240278,182792,651818.1,8300,66,0,109.939802,347.946893,54.20139,3.34E-05,7.80E-05,0.030487805,0.666666667,10307.33057
83000221,9920.240278,,,,,,,,,,,,,
83000223,9920.240278,181983.7,651430.1,8300,64.5,82.799565,180.3877,435.32928,38.211214,1.31E-05,0.000105121,0.023980815,0.9,11699.38076
83000224,9920.240278,181588.9,651739.2,8300,68.4,0,93.542448,318.118585,17.13792,3.20E-05,0.000170567,0.035019455,0.666666667,10530.27356
83000225,9920.240278,181778.4,651919.3,8300,64.8,205.027947,332.0721,302.871154,0,3.34E-05,0.000200468,0.027439024,0.888888889,11611.28076
83000311,9920.240278,181779.2,654644.8,8300,63.3,99.336256,341.437462,530.556262,37.597345,3.55E-05,5.07E-05,0.022222222,2.333333333,13838.31213
83000312,9920.240278,181254,653286.4,8300,68.2,50.824985,131.388995,401.599782,53.837937,3.02E-05,0.000158497,0.035812672,0.692307692,10769.69699
83000411,9920.240278,180775.9,653425.7,8300,66,0,81.831905,42.186154,25.867738,1.00E-05,0.000101471,0.022222222,0.666666667,12795.65344
83000412,9920.240278,,,,,,,,,,,,,
83000413,9920.240278,180987.2,652629.9,8300,65.2,77.469149,420.176966,430.615783,16.05104,3.64E-05,0.000163656,0.033185841,0.8,11103.94842
83000422,9920.240278,,,,,,,,,,,,,
83000423,9920.240278,180472.1,652224.8,8300,64.4,9.030596,87.921374,78.762252,32.109037,2.15E-05,0.000121607,0.049608355,0.473684211,10818.11031
83000424,9920.240278,180431.9,651865.4,8300,71.7,5.511323,36.449721,328.03402,49.888651,2.21E-05,8.84E-05,0.032258065,0.5,11430.58445
83000425,9920.240278,181073.5,651856.6,8300,72.5,24.906371,107.17531,151.484016,0,2.79E-05,0.000213606,0.040677966,0.75,11182.74655
83000426,9920.240278,,,,,,,,,,,,,
83000427,9920.240278,180517.3,650517.3,,,39.551111,24.758714,97.214674,0,,,,,
83000511,9920.240278,180233.7,654877.6,8300,55,432.804854,518.055545,294.886968,0,6.66E-05,0.000112662,0.03364486,0.555555556,9496.882936
83000512,9920.240278,180154.5,654348.6,8300,55.4,173.389544,175.88018,187.524044,41.038841,2.96E-05,0.00011107,0.02972973,0.818181818,9376.483053
83000513,9920.240278,179905.4,654887.6,8300,56.8,168.983691,156.608018,392.477238,0,1.81E-05,0.00013563,0.0330033,0.8,10238.84453
83000514,9920.240278,,,,,,,,,,,,,
83000515,9920.240278,179300.8,654700.9,8300,65.1,30.502084,278.311767,580.61941,0,1.05E-05,7.32E-05,0.038167939,0.8,12004.85601
83000516,9920.240278,179420.2,654338.4,8300,73,0,70.800258,54.148979,11.237467,2.76E-05,8.82E-05,0.028169014,1.142857143,12559.05064
83000521,9920.240278,179838.6,653293.1,8300,67,110.846541,492.102321,586.103667,0,2.12E-05,9.89E-05,0.028350515,1.454545455,12164.70159
83000522,9920.240278,,,,,,,,,,,,,
83000523,9920.240278,179348.3,653459.8,8300,61,0,119.850692,122.700587,13.364273,4.32E-05,0.000112355,0.034700315,1.727272727,11992.32266
83000524,9920.240278,179168.9,653622.7,8300,58.8,33.478032,67.956904,246.278867,0,2.50E-05,0.000133239,0.030395137,1,11220.59875
83000531,9920.240278,179298.5,652324.3,8300,72.6,35.811908,215.531157,217.58509,38.616403,6.58E-05,8.77E-05,0.034,0.823529412,12485.3266
83000533,9920.240278,178814.3,652714.6,8300,75.6,0,95.434897,101.489916,14.47376,2.78E-05,0.000167056,0.038617886,0.842105263,13115.87297
83000534,9920.240278,,,,,,,,,,,,,
83000611,9920.240278,178164.4,652823.8,8300,74,1032.812568,1884.323863,768.159766,73.483506,2.79E-05,0.000130021,0.023728814,1.285714286,13896.4988
83000613,9920.240278,175669,654730,,,8.235853,0,12.300695,0,,,,,
83000614,9920.240278,,,,,,,,,,,,,
83000615,9920.240278,178603.3,653499.1,8300,72.8,14.123843,7.693395,189.142765,10.927924,1.54E-05,0.000112873,0.024344569,1.153846154,13440.83058
83000616,9920.240278,179003.1,653969.5,8300,74.6,23.120007,56.834037,82.947073,15.198926,2.03E-05,0.000101471,0.027160494,0.727272727,12590.06497
83000617,9920.240278,,,,,,,,,,,,,
83000621,9920.240278,,,,,,,,,,,,,
83000622,9920.240278,,,,,,,,,,,,,
83000623,9920.240278,,,,,,,,,,,,,
83000624,9920.240278,175644.5,656078.1,8300,69.3,27.183943,150.147239,147.680618,13.052991,6.11E-05,7.85E-05,0.042993631,1.296296296,11254.96819
83000625,9920.240278,175373,656365.3,,,0,22.61208,0,0,3.51E-05,0.000105374,0.038461538,4.666666667,12127.99263
84000111,9920.240278,,,,,,,,,,,,,
84000112,9920.240278,,,,,,,,,,,,,
84000113,9920.240278,182668.1,645954.7,,,151.308433,5104.444151,1364.53815,32.546836,0.00022214,0.00022214,0.027027027,2,
84000115,9920.240278,182377.7,645386.6,8400,75.6,17.160295,137.98078,434.352808,70.310897,2.88E-05,0.000115054,0.026246719,1.5,11141.37177
84000116,9920.240278,182488.4,645085.6,8400,57.7,28.803451,1135.474787,655.065281,24.135262,4.19E-05,0.000160749,0.033163265,0.846153846,9881.066371
84000117,9920.240278,182609.9,644585.8,8400,60.7,260.675792,1041.732071,1332.921289,67.174161,4.60E-05,0.000132897,0.035447761,0.894736842,9679.984598
84000121,9920.240278,183046.9,644695.3,8400,66,23.224857,100.382656,236.459648,30.415136,2.73E-05,0.000136645,0.029925187,0.833333333,9477.310594
84000122,9920.240278,,,,,,,,,,,,,
84000123,9920.240278,183236.2,645191.8,8400,72.1,50.229061,113.81594,109.80147,43.555819,0.000117723,6.42E-05,0.015625,8.75,11411.92973
84000124,9920.240278,183463.8,644822.6,8400,60.8,93.612995,159.890908,251.119644,0,2.50E-05,0.000174876,0.027355623,1,9859.422648
84000211,9920.240278,183723.6,644403.4,8400,62.7,26.0003,103.254098,151.633857,17.418486,7.69E-05,0.000146771,0.033163265,0.846153846,9380.297148
84000212,9920.240278,183133.7,644360.4,8400,56.1,0,52.960503,190.348495,0,2.56E-05,0.000140827,0.023364486,1.4,8372.445748
84000213,9920.240278,,,,,,,,,,,,,
84000214,9920.240278,,,,,,,,,,,,,
84000222,9920.240278,,,,,,,,,,,,,
84000231,9920.240278,182838.1,643798.3,8400,71.1,84.797265,207.982515,222.582294,0,1.99E-05,0.000169365,0.029090909,1.125,8863.900022
84000232,9920.240278,182740.2,644225.3,8400,60.5,25.330297,143.427077,229.357395,12.863818,2.72E-05,0.000157643,0.037698413,0.789473684,8838.660197
84000311,9920.240278,182413,642688.4,8400,64.2,74.942293,561.887691,2392.609692,0,1.29E-05,9.00E-05,0.03286385,2,10629.4636
84000312,9920.240278,,,,,,,,,,,,,
84000313,9920.240278,,,,,,,,,,,,,
84000321,9920.240278,182241.1,643853.4,8400,68.2,104.984241,246.923798,255.383978,26.627047,3.67E-05,0.000165117,0.03125,1.285714286,9405.358164
84000322,9920.240278,,,,,,,,,,,,,
84000411,9920.240278,,,,,,,,,,,,,
84000412,9920.240278,181908.2,644799.7,8400,62.3,237.673186,2232.360656,1681.156865,44.141557,2.26E-05,0.000169818,0.02892562,1.142857143,10269.81915
84000414,9920.240278,,,,,,,,,,,,,
84000421,9920.240278,,,,,,,,,,,,,
84000422,9920.240278,,,,,,,,,,,,,
84000423,9920.240278,180471.7,645151.1,,,784.904153,820.782293,207.238086,0,1.00E-05,1.00E-05,1.00E-05,0.1,
84000424,9920.240278,179346.9,644644.5,8400,88.2,6.326,22.322028,43.004658,0,0.00018532,4.51E-05,0.031078611,3.529411765,10567.56549
84000425,9920.240278,178817,644596.2,8400,52.9,40.559456,0,138.854282,29.915819,8.52E-05,7.21E-05,0.035885167,1.133333333,7729.687631
84000431,9920.240278,180967.2,644419.4,8400,63.5,96.765746,128.38479,877.332385,33.556673,3.88E-05,0.000126076,0.033628319,2.526315789,11018.56897
84000432,9920.240278,,,,,,,,,,,,,
84000433,9920.240278,180137.8,643054.7,8400,74.6,3.731,24.276159,45.993165,0,1.00E-05,1.00E-05,1.00E-05,10,6723.817594
85000011,9920.240278,189398.2,648345.3,8500,47.7,2624.650088,2318.223197,2755.999587,0,1.10E-05,1.10E-05,0.008064516,0.5,8198.603964
85000012,9920.240278,,,,,,,,,,,,,
85000013,9920.240278,188294.8,649311.4,8500,68,1.305,16.575893,113.478678,0,8.71E-05,5.80E-05,0.033898305,1.4375,7950.130374
85000014,9920.240278,,,,,,,,,,,,,
85000016,9920.240278,,,,,,,,,,,,,
85000017,9920.240278,187724.3,647700,8500,54.6,46.993677,27.313243,202.985401,0,5.52E-05,8.97E-05,0.022670025,0.888888889,5792.262743
85000021,9920.240278,187141.2,648433.9,8500,50.7,8.055,29.018172,145.292663,0,2.26E-05,0.000169818,0.020661157,0.8,6860.32699
85000022,9920.240278,,,,,,,,,,,,,
85000023,9920.240278,,,,,,,,,,,,,
85000024,9920.240278,187009.8,649519.4,8500,65.3,29.895276,43.580992,190.593488,23.62513,2.51E-05,9.40E-05,0.029748284,0.307692308,8047.473327
85000031,9920.240278,186265.8,648846.1,8500,72.6,34.358968,93.235028,270.408331,0,2.97E-05,9.65E-05,0.024390244,1,8409.004534
85000032,9920.240278,186560.6,649070.5,8500,56,6.341,44.140265,136.477125,0,5.15E-05,0.000137416,0.021943574,1.142857143,6653.212797
85000033,9920.240278,,,,,,,,,,,,,
85000034,9920.240278,,,,,,,,,,,,,
85000035,9920.240278,,,,,,,,,,,,,
85000042,9920.240278,,,,,,,,,,,,,
85000043,9920.240278,186363.7,648078.3,8500,60.5,14.600489,56.483387,451.837456,0,3.06E-05,0.000165117,0.029017857,0.692307692,6787.735086
85000044,9920.240278,,,,,,,,,,,,,
85000045,9920.240278,186077.3,647662.5,8500,49.3,9.951823,0,175.837083,0,2.42E-05,4.85E-05,0.008849558,0.666666667,3359.335783
86000111,0,183649.7,667653.9,,,364.228954,3760.352614,446.727149,13.044703,,,,,
86000112,0,182506.5,666753.4,8600,66.2,68.441016,1254.614947,607.928174,68.646641,6.93E-05,6.30E-05,0.050574713,1.090909091,19650.07089
86000113,0,183220.8,666701.8,8600,69.1,84.137692,2224.696548,425.195562,0,2.56E-05,7.68E-05,0.065420561,1,15047.54327
86000115,0,182689.1,666387.8,8600,63.7,16.177723,157.599308,180.272511,18.556731,1.09E-05,9.78E-05,0.075396825,0.842105263,16080.78773
86000121,0,182093.7,666048.9,8600,69.3,25.983107,461.520601,380.240558,0,2.43E-05,0.000129691,0.068047337,1.173913043,15497.86496
86000123,0,181621.3,666384.4,8600,70.8,9.91114,344.079644,661.494529,24.971547,3.98E-05,8.76E-05,0.069767442,0.708333333,17402.60766
86000131,0,,,,,,,,,,,,,
86000132,0,182008.7,665496.9,8600,73.1,21.569896,235.095789,224.438683,31.660676,3.20E-05,0.000103838,0.081632653,1.071428571,16450.44572
86000133,0,182371.5,665476.9,8600,68.3,119.105245,941.54947,755.831201,59.366344,2.97E-05,0.000113743,0.068592058,1.263157895,15127.66706
86000134,0,,,,,,,,,,,,,
86000135,0,182579.3,665908.3,8600,69.1,63.69106,794.977439,527.588385,9.986043,2.00E-05,0.000129987,0.062043796,0.882352941,14432.22045
86000136,0,,,,,,,,,,,,,
86000138,0,,,,,,,,,,,,,
86000212,0,183432.8,665383,8600,69.8,169.845166,2484.133225,462.668707,11.619045,1.69E-05,8.46E-05,0.046296296,0.8,14719.71331
86000216,0,,,,,,,,,,,,,
86000221,0,183691.9,664022.8,8600,65.8,47.285338,128.03047,240.020147,33.258906,4.09E-05,9.81E-05,0.029850746,1.2,15025.25985
86000222,0,,,,,,,,,,,,,
86000223,0,183071.3,663912.1,8600,64.4,31.187729,178.391249,247.385411,58.016669,2.65E-05,6.63E-05,0.026634383,1.363636364,16448.73471
86000224,0,183424.6,663300.5,8600,66.5,74.472945,74.465638,116.067116,15.478753,1.35E-05,8.12E-05,0.037037037,1.333333333,15220.79199
86000225,0,183649.3,663116.1,8600,57.7,13.469,130.043177,153.825864,20.395791,3.59E-05,9.88E-05,0.052459016,1,13738.02703
86000311,0,184158.8,664656.8,8600,71.8,14.148637,156.99441,364.672882,9.52499,9.10E-06,8.19E-05,0.046511628,0.642857143,14101.10483
86000312,0,184127.6,664337,8600,58.1,57.331785,526.394324,201.113433,17.489098,1.67E-05,3.89E-05,0.022312373,0.454545455,13977.80698
86000314,0,,,,,,,,,,,,,
86000321,0,184537.6,664092.6,8600,67.7,21.17994,261.500623,197.608434,0,3.43E-05,7.44E-05,0.041753653,1,14384.69406
86000322,0,,,,,,,,,,,,,
86000323,0,185384.4,664061.1,,,5.042,330.681943,3778.589466,0,1.00E-05,1.00E-05,0.018518519,1,
86000324,0,184331.5,663358.5,8600,73.5,11.229627,193.511148,99.191139,0,3.36E-05,6.73E-05,0.036842105,0.523809524,13046.68361
86000325,0,,,,,,,,,,,,,
86000412,0,182911.4,661947.4,8600,67.2,130.143928,255.149527,457.690289,8.203649,4.40E-05,1.96E-05,0.035714286,0.95,13890.30342
86000414,0,,,,,,,,,,,,,
86000415,0,186216.1,662249,,,161.599126,630.627961,8406.279077,0,1.00E-05,0.000114155,0.041666667,1,
86000416,0,184585.2,661492.9,8600,54.4,0,0,0,0,1.64E-05,8.20E-06,0.01497006,1.8,17195.36061
86000416,0,184585.2,661492.9,8600,54.4,0,0,0,0,1.64E-05,8.20E-06,0.01497006,1.8,17195.36061
86000416,0,184585.2,661492.9,8600,54.4,0,0,0,0,1.64E-05,8.20E-06,0.01497006,1.8,17195.36061
87000011,9920.240278,,,,,,,,,,,,,
87000012,9920.240278,188606.9,677417.1,8700,64.4,110.095294,220.526202,628.786966,54.784064,2.13E-05,8.53E-05,0.046692607,0.75,16194.73402
87000013,9920.240278,189303.9,677212.8,8700,67.7,29.914146,295.468137,818.793515,25.291362,5.81E-05,9.45E-05,0.053050398,0.5,15826.87741
87000014,9920.240278,,,,,,,,,,,,,
87000015,9920.240278,189053.4,676489.6,8700,71.3,37.058825,238.684696,357.067809,9.772426,6.52E-05,0.000130463,0.071428571,0.6,13659.04012
87000016,9920.240278,188856.9,676587.2,8700,69,32.175577,210.799775,308.8099,19.920547,3.83E-05,0.000134112,0.055944056,0.4375,14275.95314
87000017,9920.240278,188632.3,676669.7,8700,66,106.124061,715.004389,452.028318,19.202782,3.97E-05,0.00012706,0.052173913,0.555555556,13557.94012
87000018,9920.240278,,,,,,,,,,,,,
87000019,9920.240278,188140.4,676768.6,8700,70.2,22.177387,328.950603,164.118988,20.221687,4.59E-05,0.000137559,0.058577406,0.642857143,13258.94281
87000021,9920.240278,,,,,,,,,,,,,
87000022,9920.240278,,,,,,,,,,,,,
87000023,9920.240278,,,,,,,,,,,,,
87000024,9920.240278,187350.1,677131.1,8700,64.2,37.090123,74.402456,167.289828,33.768595,3.51E-05,0.000114155,0.048076923,0.6,15075.06536
87000025,9920.240278,186922.7,677311.8,8700,62.4,198.51808,451.991228,683.887476,36.494934,1.56E-05,7.02E-05,0.054131054,0.421052632,16336.59584
87000026,10271.89708,,,,,,,,,,,,,
87000027,9920.240278,186065.9,677983.6,8700,80.5,58.835787,580.644183,435.990271,56.158197,5.83E-05,0.000102011,0.04787234,0.722222222,15157.70212
87000028,9920.240278,186235,677501,8700,62.2,85.322281,538.631198,592.096201,53.178959,2.96E-05,6.90E-05,0.035971223,1.3,15532.81249
87000031,9920.240278,,,,,,,,,,,,,
87000032,9920.240278,,,,,,,,,,,,,
87000033,9920.240278,188078.6,675924.2,8700,71,0,120.655476,246.674208,10.152506,3.79E-05,0.000174553,0.099722992,0.472222222,13836.61681
87000034,9920.240278,,,,,,,,,,,,,
87000036,9920.240278,189067.5,675936.3,8700,69.1,280.555118,7171.744943,197.808906,21.629443,2.47E-05,7.40E-05,0.045045045,1,14004.34302
88000001,627233.4502,,,,,,,,,,,,,
88000002,627233.4502,,,,,,,,,,,,,
88000003,627233.4502,,,,,,,,,,,,,
88000004,627233.4502,215581.2,746907.6,8800,37,58.093102,30.092735,198.088497,0,,,,,
88000006,627233.4502,,,,,,,,,,,,,
88000007,627233.4502,216183.1,745591.8,8800,42.5,13.875477,256.971013,203.6813,0,,,,,4171.261638
88000009,627233.4502,216997.1,744795,8800,38.7,130.926063,318.504488,403.014486,17.174882,,,,,
88000010,627233.4502,,,,,,,,,,,,,
89000001,627233.4502,219754.4,750921.6,8900,53.7,42.674,371.915345,587.311514,0,1.00E-05,1.00E-05,0.004494382,1.214285714,
89000002,627233.4502,,,,,,,,,,,,,
89000003,627233.4502,219666.6,750084.6,8900,46.4,23.389,3.723,72.968937,0,,,,,3470.582426
89000005,627233.4502,,,,,,,,,,,,,
89000007,627233.4502,,,,,,,,,,,,,
89000008,627233.4502,215669.3,751361.7,8900,33.3,220.721272,296.776655,72.974155,0,,,,,
90000111,0,180450.6,575637.4,9000,49,65.074685,242.497651,249.924324,8.120035,4.51E-05,0.00014657,0.024691358,0.666666667,5827.61421
90000112,0,179522.7,575529.5,9000,38.9,0,38.293644,901.055631,0,3.22E-05,0.000236369,0.035294118,0.333333333,4651.994983
90000113,0,,,,,,,,,,,,,
90000121,0,180380.7,575159.3,9000,41.5,42.438453,136.085484,443.12933,0,3.00E-05,0.00013511,0.02739726,1,6464.514341
90000122,0,,,,,,,,,,,,,
90000123,0,181042.2,575031,9000,66.2,0,87.86035,98.682626,0,2.26E-05,0.000113212,0.041322314,1,7406.913599
90000131,0,180539.4,574700.5,9000,71.1,78.962954,479.71709,952.825597,0,9.01E-06,0.000108147,0.016447368,1.8,6553.84407
90000132,0,180131.2,574592.2,9000,44.2,19.753549,68.23944,228.504012,0,2.87E-05,0.000134112,0.024475524,0.857142857,6251.720786
90000211,0,179511,574466.8,9000,54.9,19.638659,169.759971,511.301783,0,3.10E-05,0.000193483,0.033898305,0.833333333,5495.866817
90000212,0,179294.3,574896.1,9000,69.4,19.398322,41.835774,186.834371,21.128143,3.61E-05,0.000228812,0.024175824,0.727272727,5261.204612
90000213,0,178761.4,575261.3,9000,65.3,59.319028,44.432701,631.134713,0,9.24E-05,0.000102611,0.018726592,1.2,6315.204274
90000214,0,,,,,,,,,,,,,
90000215,0,,,,,,,,,,,,,
90000216,0,178824,574390.3,9000,44.9,48.496308,103.472325,216.462904,0,3.14E-05,0.000157004,0.020057307,1.571428571,4941.558631
90000221,0,178299.7,574110.1,9000,56.8,0,120.285747,47,20.940889,1.88E-05,0.000188297,0.017182131,1.6,5166.262961
90000222,0,,,,,,,,,,,,,
90000224,0,177493.9,574109.1,9000,60.9,12.26782,11.345228,22.645768,0,1.26E-05,0.000151506,0.01843318,0.5,5682.598175
90000225,0,,,,,,,,,,,,,
90000226,0,,,,,,,,,,,,,
90000234,0,,,,,,,,,,,,,
90000311,0,177913.3,575489.7,9000,75.7,16.788687,0,37.76219,0,2.30E-05,9.95E-05,0.016759777,0.5,6450.422292
90000312,0,177494.4,575312,9000,73,12.051645,33.338874,153.739199,0,2.85E-05,0.000119614,0.014553015,0.857142857,6394.714953
90000313,0,,,,,,,,,,,,,
90000411,0,177787.7,570835.7,9000,73.9,66.418252,69.987467,530.95661,43.652185,2.21E-05,4.42E-05,0.008064516,1.5,9310.318705
90000413,0,,,,,,,,,,,,,
90000414,0,,,,,,,,,,,,,
90000415,0,177646.5,571939.6,9000,75.6,11.759906,14.142678,121.886881,15.697763,3.18E-05,0.000130631,0.016752577,0.923076923,6236.795027
90000421,0,177447.5,572986.4,9000,68.6,1.635234,111.412726,359.491875,0,1.41E-05,8.91E-05,0.022260274,0.384615385,8060.379409
90000422,0,,,,,,,,,,,,,
90000423,0,178722.5,572796.7,9000,65.1,51.242423,194.171492,275.490406,0,3.02E-05,0.000175005,0.022026432,0.9,5910.278431
90000432,0,178497.9,573578.8,9000,56.5,81.556698,102.965027,316.685754,0,3.81E-05,0.000159817,0.027777778,0.8,5144.087537
90000434,0,,,,,,,,,,,,,
90000511,0,179189.9,574120.4,9000,53.6,13.030765,77.765148,366.273328,0,1.27E-05,0.000165658,0.027906977,1,4825.073581
90000512,0,180059.2,573826.7,9000,51.7,7.281148,119.994307,316.237934,0,1.88E-05,0.000168887,0.02739726,0.875,6870.517484
90000513,0,180424,573646,9000,60.5,13.929095,65.255234,373.332132,20.097028,4.57E-05,0.000136986,0.03,1.333333333,7055.595276
90000521,0,180348.4,573165.2,9000,48.9,25.740945,134.66328,604.584186,0,1.20E-05,0.000228311,0.035087719,0.75,5945.299948
90000522,0,,,,,,,,,,,,,
90000523,0,179647.2,573094.1,9000,55.2,2.90642,216.953392,471.095617,0,1.80E-05,0.000180245,0.032894737,0.9,5333.831722
90000611,0,,,,,,,,,,,,,
90000612,0,179369.4,571768.2,9000,58.8,75.297402,350.423342,495.406436,17.499784,2.53E-05,0.000126255,0.029953917,0.923076923,6664.282748
90000613,0,179689.5,571106.5,9000,59,100.64554,53.534329,333.933972,29.355182,2.86E-05,9.15E-05,0.022964509,0.545454545,7835.063667
90000621,0,182025.3,571880.6,,,7857.278526,14823.12025,1863.793405,0,1.00E-05,1.00E-05,1.00E-05,0.1,5724.384524
90000631,0,,,,,,,,,,,,,
90000632,0,,,,,,,,,,,,,
90000633,0,181655.5,574067.3,9000,55.3,13.346825,331.577431,287.169342,0,2.24E-05,0.000257199,0.048979592,0.833333333,6180.544627
90000634,0,,,,,,,,,,,,,
90000641,0,181281.1,575730.3,9000,66.9,49.70286,281.836749,484.586082,13.509074,9.32E-06,0.000111826,0.017006803,0.6,6864.282441
90000642,0,,,,,,,,,,,,,
91000011,627233.4502,209837.2,771555.3,,,1880.047446,426.531846,41.113745,0,1.00E-05,1.00E-05,1.00E-05,10,
91000012,627233.4502,209840.6,771030.2,,,121.628872,33.382747,10.58663,0,,,,,
91000013,627233.4502,209360.4,769454.5,9100,63.9,326.611123,307.903272,382.131574,45.528505,4.32E-05,0.000124751,0.045534151,0.807692308,8085.294422
91000014,627233.4502,210402.9,769667.4,9100,53,0,23.6116,82.697887,11.167189,6.35E-05,0.000108863,0.026490066,1,6321.724233
91000021,627233.4502,210158.5,768402.6,9100,50.6,31.987477,62.976898,2515.420128,13.375471,5.03E-05,0.000106234,0.03877551,0.842105263,7343.159761
91000022,627233.4502,209990.7,767929.6,9100,54.4,15.353517,36.783219,51.960562,0,3.06E-05,9.18E-05,0.022346369,1.75,7307.033507
91000023,627233.4502,,,,,,,,,,,,,
91000024,627233.4502,209840.9,767154.3,9100,62.7,40.390158,98.973503,176.713857,0,4.88E-05,0.000121946,0.029673591,0.9,7662.825308
91000031,627233.4502,209236.8,768813.8,9100,65.6,5.678,115.45047,287.220333,7.059497,3.89E-05,0.000168399,0.033096927,0.928571429,8372.897794
91000032,627233.4502,209177.6,768461.8,9100,57,27.89381,194.719264,630.510819,35.158972,3.13E-05,0.000119119,0.036613272,0.9375,8289.566355
91000033,627233.4502,209156.3,768157.8,9100,61.8,466.205542,1850.161502,915.123629,44.76906,3.48E-05,0.000156556,0.025396825,1.875,8942.590758
91000034,627233.4502,209069.7,767721.1,9100,63,279.614399,1681.630771,1527.249801,43.516055,2.83E-05,0.000179499,0.048275862,1,8839.057933
91000041,627233.4502,,,,,,,,,,,,,
91000042,627233.4502,,,,,,,,,,,,,
91000043,627233.4502,,,,,,,,,,,,,
92000001,627233.4502,247566.7,711402,9200,57.8,1746.310204,1392.461171,1194.253927,43.48688,5.27E-05,8.78E-05,0.036324786,0.470588235,4874.460753
92000002,627233.4502,246606.9,712222.9,9200,42,67.411761,89.994632,308.481465,18.563119,8.88E-05,8.88E-05,0.032407407,0.571428571,4061.865734
92000003,627233.4502,246528.1,711598.7,9200,57.8,25.687904,2.201344,349.241161,0,6.95E-05,5.96E-05,0.028985507,0.625,4205.96723
92000004,627233.4502,247104.2,710789.6,9200,60.3,25.214129,5.340851,186.90044,0,0.000100643,3.91E-05,0.024489796,0.75,3922.349967
93000001,627233.4502,,,,,,,,,,,,,
93000002,627233.4502,195489.4,719773.8,9300,67.2,791.892602,1061.685719,781.674155,51.070613,6.14E-05,5.70E-05,0.0512,0.84375,10406.71179
93000003,627233.4502,,,,,,,,,,,,,
93000004,627233.4502,196562.8,718974.5,9300,63,36.966284,261.8737,337.894698,71.319529,8.61E-05,5.24E-05,0.031420765,1.739130435,8990.11224
94000001,9920.240278,190247.9,660274.9,9400,61.2,78.917556,186.393428,546.11768,16.393627,2.37E-05,8.69E-05,0.051873199,0.555555556,10837.14453
94000002,9920.240278,190832,659496.8,,,1670.613925,897.515665,0,0,1.00E-05,1.00E-05,1.00E-05,0.1,
94000003,9920.240278,190359.6,659770.1,9400,54.3,1202.264408,2405.047189,134.34222,0,4.03E-05,0.000141015,0.047794118,0.769230769,9438.159514
94000004,9920.240278,189741.5,659793.4,9400,68.6,195.724759,954.785226,509.099233,22.734706,0.000106796,9.86E-05,0.029985007,1.3,11525.9853
94000005,9920.240278,,,,,,,,,,,,,
94000006,9920.240278,189273.5,660201.7,9400,63.3,10.000515,212.80513,187.210258,16.079539,1.60E-05,8.81E-05,0.043859649,0.466666667,12757.13618
94000007,9920.240278,,,,,,,,,,,,,
94000008,9920.240278,,,,,,,,,,,,,
95000001,0,209534.7,752328.9,,,3614.365563,2367.950161,233.633403,10.719057,1.00E-05,1.00E-05,1.00E-05,0.1,
95000002,0,209458.5,751459.7,9500,57.4,760.071018,752.76563,376.223299,11.226609,5.05E-05,5.56E-05,0.049815498,1.037037037,5802.922801
95000003,0,209350.3,750666,9500,58.9,51.451348,80.837425,113.472053,7.945093,6.11E-05,4.58E-05,0.058495822,0.761904762,6428.493084
95000004,0,209129.9,749839.1,9500,55.6,774.632269,2999.545271,836.858162,9.069863,3.47E-05,3.47E-05,0.033755274,1,8829.926886
95000005,0,,,,,,,,,,,,,
95000006,0,208729.8,749022.3,9500,62.5,0,273.681282,150.702001,11.593565,1.32E-05,0.000132354,0.038647343,1.25,7415.760868
95000007,0,,,,,,,,,,,,,
95000008,0,209899.6,748895.4,9500,71,15.410964,51.968042,69.823324,20.747787,1.65E-05,1.65E-05,0.027108434,1,8182.117256
95000011,0,207769.7,747302.6,9500,54.7,164.190045,743.995904,752.582739,12.898299,5.30E-05,5.30E-05,0.063268893,0.972222222,7117.864906
96000011,0,208164.2,751478.2,9600,77,100.718528,83.793528,70.45854,7.706082,3.52E-05,1.41E-05,0.025706941,2.7,7328.093833
96000012,0,207300.6,751024.7,9600,64.7,0,202.361809,217.858466,0,3.38E-05,8.12E-05,0.037037037,0.666666667,6414.204362
96000013,0,,,,,,,,,,,,,
96000014,0,207318.1,750140.4,9600,67.2,0,21.587,223.05951,0,2.08E-05,6.24E-05,0.035443038,1.285714286,7479.129478
96000023,0,206934.4,750465.8,9600,53.5,1.663,52.476184,176.251185,0,3.11E-05,9.34E-05,0.045454545,1,6845.487454
96000025,0,206497.7,750752.1,9600,44.5,0,27.386952,158.040427,29.407952,4.79E-05,0.000131603,0.048034934,0.909090909,5464.505953
96000031,0,206583,749820.1,9600,51.7,47.388,345.192834,405.039696,0,6.48E-05,0.000121585,0.100591716,0.382352941,6109.730899
96000032,0,206199.8,749848.9,9600,48.4,0,11.395828,119.353652,18.76277,4.10E-05,0.000106636,0.050898204,0.647058824,5892.704462
96000033,0,206275,749584.4,9600,59.1,0,52.240161,52.93336,8.082139,2.88E-05,9.61E-05,0.049122807,1,6159.031852
96000034,0,206109.8,749303.3,9600,62.8,26.894,141.050631,214.927271,2.096054,3.99E-05,4.56E-05,0.035343035,0.823529412,6833.423176
97000011,9920.240278,192444.3,673761.6,9700,70.4,759.266705,1345.851884,356.26689,40.404166,2.20E-05,8.06E-05,0.040106952,0.666666667,13184.05835
97000012,9920.240278,191650.4,674342.3,9700,82.3,43.608442,215.521166,342.660355,31.984075,5.89E-05,0.000109421,0.029185868,1.789473684,11998.49014
97000013,9920.240278,190973.8,674378.9,9700,80.7,103.91374,240.322562,310.343499,17.597732,8.37E-05,0.000100438,0.032586558,3.75,12541.42248
97000014,9920.240278,191151.8,673924.3,9700,75.1,47.099996,259.258604,216.708625,54.07861,2.36E-05,0.000109903,0.031518625,1.545454545,11908.45259
97000015,9920.240278,190767.8,673897.8,9700,70.7,29.430978,151.136528,746.247008,11.61436,1.91E-05,0.000124099,0.041811847,1,11999.45726
97000021,9920.240278,,,,,,,,,,,,,
97000022,9920.240278,189281.4,673953.9,9700,76.6,123.331515,294.923169,269.765165,32.788706,3.68E-05,8.94E-05,0.040307102,1,12582.00479
97000023,9920.240278,,,,,,,,,,,,,
97000024,9920.240278,189017,673140.1,9700,62.7,64.68586,155.987466,361.275053,29.257746,2.00E-05,6.67E-05,0.03163017,1.384615385,13131.82932
97000031,9920.240278,189775.7,672293.7,9700,64,40.525104,842.258401,503.931707,61.471512,3.87E-05,8.29E-05,0.026209677,1.076923077,13019.74058
97000032,9920.240278,188570,671769.4,9700,73.5,166.212544,156.211001,66.103725,29.962511,4.03E-05,0.000100725,0.036764706,1.7,14519.85412
97000033,9920.240278,190721.1,671684.8,9700,66.8,209.749379,527.210934,128.251159,21.345543,4.09E-05,4.09E-05,0.039800995,0.75,13788.66726
97000034,9920.240278,190602.2,671002.6,,,833.194399,3896.780676,186.305657,11.451722,1.00E-05,1.00E-05,1.00E-05,0.1,
98000001,627233.4502,200842,713966.5,9800,72.6,145.816507,142.026424,203.631128,0,3.58E-05,1.43E-05,0.023498695,1.888888889,9119.663247
98000002,627233.4502,195594,714409.9,9800,71.5,148.242889,453.038617,444.800941,18.559128,8.86E-05,3.69E-05,0.043126685,1.125,10269.31578
98000003,627233.4502,,,,,,,,,,,,,
98000004,627233.4502,194782.5,713570.4,9800,70.4,209.551047,273.861423,279.473495,29.08915,2.73E-05,8.18E-05,0.019900498,1.25,9219.288174
70001,,173962.1,614237.8,7,61.6,100.973,19.427,18.171,0,,,,,8130.989804
100001,,189295.1,628725.2,10,53.7,26.311,74.109,53.943,0,,,,,
110001,,172953.2,613058.8,11,71.9,125.457,15.097,19.546,6.417,,,,,9645.026702
130001,,226673.6,519731.2,13,86.6,207.777,99.817,16.781,2.733,,,,,
150001,,179988.7,608507.6,15,58.9,33.851,9.189,5.88,0,,,,,
160001,,188046.1,617292.9,16,88.2,70.326,19.853,39.733,0,,,,,8078.021505
180001,,181244.8,613285.4,18,71.3,48.665,24.309,12.303,0,,,,,9908.516039
210001,,197702.1,402543.1,21,91,0,9.164,4.266,0,,,,,7950.511096
220001,,179483,659631.1,,,4.177,4.177,72.429,0,,,,,
230001,,191899.4,604500,23,63.5,43.207,5.042,16.252,0,,,,,
230001,,191899.4,604500,23,63.5,0,0,0,0,,,,,
240001,,185101,607765.9,24,71.2,184.758,54.064,77.837,18.271,,,,,10097.17963
270001,,192537,625431.6,27,61.9,21.943,20.025,4.052,0,,,,,
310001,,162991.2,580082.4,31,54.8,47.832897,372.408118,452.281681,74.761768,2.43E-05,3.64E-05,0.028824834,0.615384615,5205.639391
310003,,163651.9,580050.8,31,49.5,0,132.968685,557.127725,0,1.77E-05,7.95E-05,0.038709677,0.666666667,4707.642352
310005,,164433.1,580658,,,1378.620762,776.374708,27.423779,0,,,,,2014.119147
310007,,164488,578888.5,31,61.1,0,31.364864,230.923503,0,5.18E-05,3.11E-05,0.028355388,0.933333333,5620.271874
320001,,171979.5,616159.9,32,44.9,20.478,11.497,24.339,0,,,,,
330001,,200597.8,722908.1,33,66.4,50.579,45.556,6.737,0,,,,,15746.30748
350001,,258227.2,769406.8,35,74.4,180.895,68.022,41.559,0,,,,,
360001,,170002.8,609427.8,36,56.8,46.862,20.483,19.071,0,,,,,
370001,,176150.7,608991.6,37,49.6,25.478,9.664,8.933,0,,,,,
390001,,188582.5,627625.9,39,63.6,,,,,,,,,
440001,,170880.8,611561,44,66.1,38.087,22.171,26.673,8.836,,,,,
490001,,238477.6,739979.5,49,74.3,75.585,58.946,156.723,1.973,,,,,6796.935506
520001,,189325.8,621582.7,52,55.3,,,,,,,,,
550001,,171083.7,614751.4,55,66.7,51.415,6.843,3.854,0,,,,,5525.790794
570001,,252991.5,735513.9,57,70.4,176.776,103.71,150.885,0,,,,,5398.071661
580001,,248041.9,743975.9,58,70.1,14.091,14.298,9.7,0,,,,,
590001,,195713.3,615335.4,59,71.7,,,,,,,,,
670001,,162210.2,607385.9,67,86.8,112.92,84.191,49.57,0,,,,,
690001,,143067.3,580183.7,,,328.903,78.641,78.723,6.659,,,,,
700122,,166203.2,635335.1,70,41,199.651722,710.158698,254.786373,0,3.96E-05,0.000197814,0.036101083,0.8,10053.89907
700126,,166599.3,634911.1,70,52.6,19.462267,277.828059,191.974386,0,4.89E-05,0.000216662,0.033163265,0.846153846,8471.103296
700131,,166962.9,634737.6,70,60.9,20.122908,80.41914,147.152336,0,2.40E-05,0.000180245,0.026315789,0.833333333,8350.441985
700142,,168164.8,634556.6,70,58.9,38.48778,74.069596,219.417857,0,2.61E-05,0.000156556,0.025396825,0.75,7924.758603
700222,,167382.1,633279,70,53.8,39.933555,151.203479,72.217436,0,2.18E-05,0.000159878,0.026525199,0.7,8046.356988
700232,,166764.3,633608.6,70,61.5,27.944066,0,122.607062,0,2.85E-05,0.000152207,0.020833333,1,8684.338201
700234,,166758.8,634251.2,70,50.7,81.038062,853.960779,508.917913,0,2.08E-05,0.000117615,0.022727273,0.444444444,7612.91329
700242,,166235.6,633989.9,70,52.8,52.804365,22.853092,214.784356,0,2.03E-05,0.000152207,0.025925926,0.714285714,7555.417718
700311,,165310.6,633594.3,70,60.4,28.150035,129.333746,17.081807,0,8.74E-05,0.000189449,0.042553191,0.875,12202.64607
700312,,165851.4,633697.9,70,53.1,244.058063,2031.22728,2185.123871,87.270458,1.00E-05,5.22E-05,0.019047619,0.5,8395.387892
700314,,166099.3,632787.7,70,68,50.337317,153.938223,269.639724,0,3.52E-05,0.000132141,0.020900322,0.846153846,9557.561241
700315,,166356.3,632590.4,70,59.4,81.022159,487.477075,882.233564,0,1.35E-05,0.000115001,0.019753086,0.5,9603.579616
700322,,167011.5,633118.7,70,52.9,16.277605,106.800471,276.203139,0,4.22E-05,7.24E-05,0.030837004,0.5,8135.600108
700331,,167854.9,632525.4,70,59.6,0,13.252101,73.417773,0,1.85E-05,0.000129582,0.027027027,0.5,9107.655171
700333,,168039.4,632494.8,70,52.9,78.273055,56.938718,169.422914,0,3.15E-05,0.000110219,0.03256705,0.764705882,8438.456295
700342,,166947.9,632367.4,70,63.9,28.923654,55.975103,158.350015,15.59384,1.23E-05,0.000116454,0.024608501,0.545454545,9678.752157
700412,,166435.3,631639.8,70,68.7,27.569096,20.696635,161.731702,0,2.24E-05,0.000141839,0.019073569,0.571428571,9687.110393
700414,,168369.8,631470.4,,,0,0,11.550088,0,,,,,
700422,,165558.5,631761.5,70,75.4,62.695243,533.245506,571.638703,94.145795,2.08E-05,0.000133573,0.022751896,0.666666667,9233.224828
700424,,165114.9,631899.4,70,68.4,0,18.437848,42.779463,0,2.12E-05,0.000190406,0.034749035,0.555555556,8791.216883
700426,,165047.1,632673.9,70,62.3,20.971,93.013414,114.561796,0,5.07E-05,0.000152207,0.044973545,0.588235294,10214.77479
700431,,164569.4,632373.2,,,0,0,0,0,,,,,
700433,,164968,630965.4,70,69.9,69.173363,212.042441,156.825783,0,1.89E-05,0.000193337,0.037865749,0.5,8869.45408
700434,,164766.2,630730.3,70,58.9,83.381787,134.937807,20.688633,31.821685,8.02E-05,9.74E-05,0.027196653,0.692307692,9714.267799
710001,,168400.4,595026.5,71,47.9,13.584,1.318,14.75,0,,,,,
740001,,198699.9,733966.8,74,66.7,0,145.206,99.097,4.706,,,,,12412.53425
770001,,254251.9,769758.6,77,71.7,80.027,84.713,337.351,3.502,,,,,2942.490348
780001,,211433.6,635307.1,78,82.1,77.714,103.016,84.184,0,,,,,
790001,,254265.1,734032.6,79,58.9,529.854,60.755,53.187,0,,,,,8336.749104
800001,,218735.1,732883.5,80,63.9,166.74,165.986,423.514,0,,,,,9393.031471
820001,,237032,718252.9,,,189.975,156.684,192.09,0,,,,,
850001,,234052.6,719224.3,85,77.5,121.129,32.395,113.293,29.623,,,,,7603.039475
860001,,235197.3,719126.3,86,89.2,317.301,67.407,106.048,6.04,,,,,
880001,,193754.9,651723.1,,,,,,,,,,,18014.21269
890001,,236987.5,718835.3,89,77.8,275.203,200.962,267.992,0,,,,,6186.902921
900001,,240241.7,713843.6,90,77.2,55.734,55.134,96.268,0,,,,,2788.240455
920001,,224509,729944.5,92,69.4,114.542,17.808,158.922,6.999,,,,,11362.86513
940001,,228094.8,726210.7,94,69.7,57.016,24.669,20.38,0,,,,,10493.41803
950001,,240785.2,713681.1,95,73.9,233.845,157.187,168.468,0,,,,,
980001,,190181.1,674994.1,98,75.1,78.445,283.334,65.128,3.893,,,,,
1020001,,197581.8,721918.1,,,37.97,8.012,118.266,0,,,,,
1020001,,197581.8,721918.1,,,0,6.715,0,0,,,,,
1030001,,228622.1,729081,103,74.8,110.978,116.876,87.502,10.962,,,,,10902.1046
1060001,,227606.4,727747.2,106,60.1,32.705,3.207,66.204,0,,,,,5930.945529
1070001,,163243.7,620229.6,,,38.695,128.014,165.071,0,,,,,
1120001,,208984.9,739548.6,112,75.1,0,12.98,46.996,0,,,,,4261.818333
1130001,,225791.7,717203.9,113,56.6,20.945,2.219,18.974,0,,,,,7790.151575
1150001,,188357.6,699051.3,115,61,,,,,,,,,17128.01665
1220001,,215805.6,734272.6,122,69.6,286.744,1359.345,436.133,0,1.00E-05,1.00E-05,0.002721088,0.1,7377.537531
1260001,,221537,729830.4,126,80.6,254.089,128.536,140.172,0,,,,,11984.07176
1270001,,220793.3,627437.4,127,81.4,62.582,133.064,154.855,0,,,,,13675.92004
1280001,,188807,663956.6,128,66.7,40.729,12.289,33.939,0,,,,,9222.06056
1300001,,213639.4,724001.4,130,97,602.902,153.79,242.543,21.878,,,,,
1320001,,218166.6,727992.3,132,79.6,86.876,51.335,30.813,0.503,,,,,9807.087588
1330001,,220208.9,731146.7,133,83.5,319.22,45.963,92.369,3.783,,,,,10892.32627
1340001,,221272.9,731459.2,134,81.3,,,,,,,,,
1350001,,219232.2,731522.1,135,89.4,280.47,155.686,494.97,0,,,,,
1390001,,200909.8,707743.5,139,59.7,7.469,3.287,575.791,2.78,,,,,8645.061113
1390001,,200909.8,707743.5,139,59.7,177.679,44.835,594.307,0,,,,,8645.061113
1400001,,214569.8,731951.9,140,64.6,402.179,44.651,66.649,0,,,,,10723.29958
1410001,,225127,716517.8,141,71.3,9.788,41.859,19.713,0,,,,,
1410001,,225127,716517.8,141,71.3,70.9,30.047,290.177,0,,,,,
1420001,,213472,733681.1,142,66,89.947,112.057,5.062,0,,,,,7758.783754
1420001,,213472,733681.1,142,66,55.245,77.836,159.951,0,,,,,7758.783754
1430001,,254060.2,732775.7,143,85.5,423.725,65.901,114.142,0,,,,,
1440001,,181073.3,642898.1,144,75.9,133.117,64.323,26.881,0,,,,,
1450001,,223251.8,718296.5,145,41.9,13.632,30.917,25.441,0,,,,,
1460001,,225052.7,717624.6,146,59.7,29.37,19.753,35.927,0,,,,,5644.592512
1470001,,181315.3,641566.4,147,68.5,17.329,0,0,0,1.00E-05,1.00E-05,0.003875969,0.1,10888.505
1470001,,181315.3,641566.4,147,68.5,391.629,342.673,403.176,7.495,1.00E-05,1.00E-05,0.003875969,0.1,10888.505
1540001,,192481.3,684436.8,154,68.9,364.94,842.615,1230.053,88.506,1.00E-05,1.00E-05,0.005263158,0.1,10474.47314
1550001,,173875.3,626948.3,155,73.5,944.791,724.521,633.408,29.676,,,,,9372.364747
1560001,,178161.8,647039.8,,,7.349,6.493,178.636,0,,,,,
1570001,,193793.9,685680.4,157,75.3,136.775,217.98,70.044,15.279,,,,,14526.15732
1580001,,186649.2,643456.2,158,81.4,4.633,7.582,27.606,3.761,,,,,12545.30413
1580001,,186649.2,643456.2,158,81.4,838.32,209.619,183.044,0,,,,,12545.30413
1590001,,178682.5,649035.2,159,76.5,127.863,251.434,67.623,8.536,,,,,
1600001,,188988.8,637669.1,160,64.8,151.851,91.356,111.875,0,,,,,14614.19745
1620001,,192176.9,683016.6,162,73.4,76.35,40.848,104.414,11.043,,,,,16144.04038
1630001,,177208.3,624857.4,163,68.4,234.18,64.65,27.447,21.764,,,,,10747.2323
1640001,,222564.5,718841.9,164,48.1,15.817,4.096,4.747,0,,,,,5693.228379
1650001,,223271,719406.5,165,72.7,24.239,24.759,68.784,0,,,,,7911.267551
1660001,,173156.6,632974.7,166,68.1,40.225822,246.998251,738.935347,41.873588,3.72E-05,2.65E-05,0.032945736,1.235294118,8835.034412
1660003,,171353.7,632255.1,166,67.4,536.966177,416.625378,339.304584,0,3.21E-05,3.21E-05,0.040201005,1.458333333,7885.072342
1670001,,194543.2,699130.8,,,191.54,30.993,225.795,0,,,,,5227.67163
1680001,,194647.2,691315.8,168,66.4,66.87,171.564664,171.941096,11.598027,6.01E-05,8.34E-05,0.035322777,0.931034483,8659.983679
1680003,,193424.4,691051.9,168,73.8,27.633,90.226,231.285926,35.673972,3.29E-05,2.96E-05,0.021634615,1.222222222,8687.557574
1700001,,196948,686794.1,170,64.4,51.791,34.866,63.996,0,,,,,
1710001,,191811.1,690273.3,171,74.2,86.626,395.223,739.965,40.848,1.00E-05,1.00E-05,0.003663004,0.1,9647.901757
1730001,,193704.9,699757.9,173,84.2,434.394,60.438,201.893,2.092,,,,,
1740001,,178912.6,650278.6,174,70.8,35.251,52.585,24.03,0,,,,,12929.27074
1750001,,188074.5,695263.6,175,66.3,47.059,51.769,128.924,13.154,,,,,14773.33104
1750001,,188074.5,695263.6,175,66.3,0,7.86,46.89,0,,,,,14773.33104
1760001,,254496.1,731911.4,,,522.133,209.183,207.324,0,,,,,
1770001,,183615.7,642275.8,177,68.7,110.852,407.761,102.43,7.668,,,,,12096.77419
1780001,,211719.8,744289.9,178,87.2,580.184,74.74,215.93,9.432,,,,,7078.4513
1820001,,189466.3,686427.4,182,72.2,1004.134,1425.241,1144.577,148.014,1.00E-05,1.00E-05,0.004724409,0.333333333,11757.24504
1830001,,190490.8,672461.9,183,42.9,30.986,35.145,19.073,0,,,,,
1840001,,194354,680467.9,184,79.8,148.974,105.757,203.145,0,,,,,17388.80501
1860001,,187240,697881.1,,,0,15.23,99.548,0,,,,,
1870001,,194038.6,683707.8,187,79.5,114.512,79.622,105.396,17.405,,,,,13628.82042
1880001,,254901.2,729823.1,188,66.7,0,54.988,16.63,0,,,,,6259.94323
1890001,,200455.2,709993.6,189,74.5,40.521,25.159,108.01,0,,,,,10718.25578
1900001,,188727.8,698679.1,190,74.3,195.536,496.506,274.803,27.297,1.00E-05,1.00E-05,0.00990099,0.1,16182.02685
1910001,,190913.3,695042.9,191,70.8,29.328,0,38.033,3.457,,,,,18488.40365
1910001,,190913.3,695042.9,191,70.8,51.646,24.379,39.847,0,,,,,18488.40365
1920001,,225871.5,734068.7,192,58.8,138.524,31.294,38.641,0,,,,,3068.013373
1930001,,190750.5,695831.4,193,67.7,,,,,,,,,12914.54243
1940001,,191133.2,695906.4,194,83.5,151.351,318.807,114.231,64.875,,,,,2204.052415
1950001,,195056.8,688314.9,195,71.7,124.503624,539.863492,392.458679,51.971135,3.68E-05,4.14E-05,0.011744966,3.142857143,11699.04248
1950003,,191906.7,687837.8,195,83.3,127.762775,218.803103,201.20552,21.613795,5.14E-05,5.14E-05,0.03125,1.7,10749.74816
1950005,,191474.6,687065.8,195,64.8,62.169,274.682086,182.399057,0,5.83E-05,9.72E-05,0.04964539,0.714285714,10375.61759
1960001,,181194,644069.3,196,71.9,27.278,16.684,5.12,8.441,,,,,
1970001,,191260.8,696690.3,197,77.3,342.201,154.971,219.111,0,,,,,
1980001,,192681.6,677769.8,198,81.6,,,,,,,,,14402.73744
1990001,,254737.1,729373.4,199,91,141.798,93.76,110.813,0,,,,,
1990001,,254737.1,729373.4,199,91,39.883,36.855,16.584,11.014,,,,,
2000001,,187371.2,698662.8,200,69.8,2.265,259.388,231.007,32.863,,,,,18049.48844
2020001,,178710.3,647732.5,202,74.4,28.587,118.265,52.612,9.443,,,,,
2040001,,191697,698543.4,204,64.5,6.078,8.218,17.107,2.05,,,,,7010.682492
2050001,,193293.4,699244.6,205,68.2,73.9,41.58,24.749,15.09,,,,,11966.03789
2060001,,189140,674737.4,206,70.9,,,,,,,,,19172.96333
2070001,,188366.2,675004.6,207,70.8,95.524,162.465,51.719,0,,,,,22533.95707
2080001,,215023.5,633459.4,208,57,6.341,59.145,57.332,13.049,,,,,17542.3436
2120001,,197454.1,736152.9,,,0,12.419,46.707,5.347,,,,,
2130001,,198768.3,710300.9,213,74.2,65.458,103.544,66.641,0,,,,,12705.7286
2170001,,191939.4,699685.3,217,52.7,32.876,81.068,233.026,0,,,,,10309.57727
2180001,,190857,673140.9,218,60.6,9.67,5.804,14.996,0,,,,,18850.23529
2190001,,191989.5,700454,219,69.1,78.522,42.65,22.877,0,,,,,15839.97487
2200001,,208407.4,747401.7,220,52.6,98.45,104.557,189.23,12.903,,,,,9863.172081
2230001,,201154.8,709954.4,223,74.5,40.233,29.949,52.973,0.981,,,,,10993.81143
2240001,,186752.3,695637.1,224,74.6,5.435,30.581,0,0,,,,,12125.38613
2250001,,200086.1,707642.1,225,65.5,45.717,87.928,27.537,4.836,,,,,13194.23555
2290001,,187896.8,663344.1,229,60.1,17.51,443.184706,236.898145,46.219526,0.000106956,2.88E-05,0.045045045,2.5,11945.9504
2290003,,188485.9,663001.1,229,62.8,44.427298,234.210266,450.374635,45.596348,4.92E-05,6.56E-05,0.037924152,0.894736842,13769.38409
2300001,,189726.4,663524.1,230,69.2,0,18.258,0,0,,,,,
2300001,,189726.4,663524.1,230,69.2,74.341,103.097,26.533,5.679,,,,,
2340001,,174455.7,633806.3,234,75.4,184.127,29.885,33.943,13.058,,,,,10972.3722
2370001,,210831.4,736497.8,237,83,203.569,131.033,154.984,3.497,,,,,
2390001,,191293.5,677985.9,239,69.3,88.861,76.864,52.385,7.632,,,,,14090.53141
2400001,,210540,729341.1,240,60.5,71.030744,131.620953,167.059425,0,5.15E-05,7.72E-05,0.042253521,0.777777778,9053.501317
2400002,,209582.9,729697.8,,,1133.253664,1743.584284,70.255721,0,,,,,
2400005,,208457.8,727557.4,240,75.9,11.681365,17.853,69.150917,0,2.04E-05,9.52E-05,0.019851117,1.5,8774.054586
2400007,,209344.5,727800.3,240,81.3,0,0,0,0,3.29E-05,4.38E-05,0.02,3.2,9420.664857
2410001,,211059.5,728902.7,241,68.9,2741.135,3472.093,1003.619,48.508,,,,,9479.224518
2420001,,241456.4,717493.6,242,89.8,283.299,152.494,257.194,0,,,,,8528.240166
2460001,,161791.6,592927.5,246,57.4,240.396918,392.63089,665.590241,0,3.95E-05,0.000144889,0.052884615,1.181818182,4972.141325
2460002,,161145.1,592663.1,246,49.5,100.1493,287.045394,1076.220791,0,5.73E-05,0.000125007,0.045627376,0.708333333,5852.746476
2460008,,160328.6,591578,246,60.2,65.150687,26.235963,192.339462,14.95519,4.76E-05,6.66E-05,0.045138889,1,6246.886297
2480001,,216990.7,733576.1,248,71.4,137.166,56.663,21.31,5.639,,,,,10902.53246
2500001,,211474.7,727728,250,72.1,309.351,170.806,248.665,0,,,,,
2520001,,187995.4,696875.8,252,18.9,6.746,27.35,57.347,6.254,,,,,12992.29023
2530001,,257324.4,773011.9,253,66.2,61.68,45.447,7.733,0,,,,,2820.629764
2540001,,211178.7,743944.4,254,72.1,28.123,72.934,105.17,0.913,,,,,6000
2560001,,243053,712295.2,256,74.4,,,,,,,,,10635.08957
2590001,,245415.4,714770.2,259,47.7,102.683,27.87,25.036,0,,,,,4306.447478
2620001,,249319.8,750363.2,262,82.5,58.135,177.387,124.725,0,,,,,1949.801483
2640001,,256901.3,732558.8,264,88.5,276.706,85.512,111.88,0,,,,,
2650001,,252024.7,718386.6,265,52.2,62.113,0,32.18,0,,,,,3826.763128
2680001,,249978,703031.2,268,70.5,291.322,95.155,79.467,0,,,,,
2700001,,209692.8,722407.3,270,90.6,525.317,116.1,267.707,6.4,,,,,
2720001,,251996.2,711036.8,,,218.59,78.563,48.984,22.86,,,,,
2740001,,184446.6,626606.1,274,76.4,151.837,19.023,242.197,7.041,,,,,12276.93819
2760001,,192051.1,689391.3,276,87.3,83.139,97.573,225.784,48.033,1.00E-05,1.00E-05,0.006042296,0.1,10170.64051
2780001,,211046.4,744595.1,278,84.4,111.878,45.452,76.222,0,,,,,5901.260504
2800001,,216651.8,776997.7,280,66.2,290.278,25.105,34.427,5,,,,,2684.763078
2810001,,230537.2,765399.9,281,53.8,242.238,275.394,354.13,25.256,,,,,5842.613681
2820001,,208135.9,765124.1,282,56.7,120.313,70.692,37.373,7.857,,,,,12940.736
2840001,,191094.7,679320.7,284,74.9,62.818,146.089,106.883,0,,,,,17772.01835
2860001,,210591.6,636107.1,286,75,43.524,183.481,135.07,0,,,,,
2870001,,187852.3,684411.7,,,5.618,0,0,0,,,,,14326.06918
2870001,,187852.3,684411.7,,,342.752,197.485,162.991,0,,,,,14326.06918
2880001,,187525.3,685225.4,288,75.3,98.018,141.682,179.975,11.297,,,,,16253.75921
2900001,,194666.4,719354.5,290,49,81.317,38.91,50.107,0,,,,,11178.39338
2900001,,194666.4,719354.5,290,49,25.157,47.564,153.715,9.978,,,,,11178.39338
2920001,,244021.1,736869.6,292,63.9,72.834,39.201,18.539,0,,,,,6642.294464
2940001,,220875.4,774229.1,294,53.4,85.991,38.512,24.729,0,,,,,9009.070213
2950001,,252588.6,707086.8,,,229.271,119.638,152.769,0,,,,,4149.408814
2960001,,250232,710921.7,296,64.9,25.131,33.11,88.737,5.777,,,,,1876.474061
2960001,,250232,710921.7,296,64.9,58.248,35.865,146.026,11.96,,,,,1876.474061
2970001,,209701,755066.6,297,77,203.826,106.645,0,0,,,,,6434.598121
2970001,,209701,755066.6,297,77,495.477,289.011,165.743,0,,,,,6434.598121
3000001,,207287.2,721716.2,300,81.5,484.977,334.346,105.001,8.262,,,,,
3010001,,191148.7,642020.8,301,77.8,34.892,17.502,27.957,0,,,,,12168.23961
3030001,,261317.3,793919.4,303,95.5,285.408,127.376,63.874,0,,,,,2275.618058
3050001,,251999,725189.8,305,74.3,0,0,0,0,,,,,1759.283355
3050001,,251999,725189.8,305,74.3,101.996,79.565,82.895,0,,,,,1759.283355
3060001,,241163.5,733562.3,306,77.3,65.964,94.998,74.278,4.03,,,,,7818.955067
3070001,,247398,739068.3,307,61.8,60.581,32.755,42.922,0,,,,,3758.814595
3110001,,177521.7,650294.6,311,70.1,60.773,51.053,14.144,0,,,,,14592.04155
3120001,,193772.4,731690.9,312,77.6,,,,,,,,,
3130001,,212286.7,749353.4,313,72.3,189.839,128.943,128.132,0,,,,,
3170001,,200853.6,737409.6,317,68.4,15.182,197.221,138.249,11.642,,,,,
3190001,,258244.5,787041.5,,,163.971,33.057,201.357,0,,,,,
3200001,,174149.9,625264.7,320,76.1,142.702,22.505,37.106,10.43,,,,,10975.99377
3220001,,256870.8,790401,322,88.9,45.194,98.727,76.413,0,,,,,7824.05128
3250001,,215016.8,774294.6,325,68.3,120.994,36.747,71.175,14.639,,,,,8663.693411
3280001,,149409.9,522618.3,,,0,7.09,0,0,,,,,
3290001,,258461,788079.6,329,50,164.863,82.238,74.049,0,,,,,2309.997479
3300001,,251522.2,734753.9,330,80.2,39.425,44.315,70.274,0,,,,,1975.213189
3340001,,173575.1,635946.7,334,86.3,282.798,121.193,376.627,11.751,,,,,
3350001,,209102.7,724044.1,335,93.4,191.459,148.332,112.084,19.209,,,,,7285.659489
3380001,,162973.8,604772.6,,,3.725,54.731,64.445,0,,,,,
3390001,,239190.4,721883.3,339,78.9,198.502,46.763,73.879,13.779,,,,,8243.815629
3420001,,163242.5,611171,342,86,199.688,25.56,65.039,2.312,,,,,
3450001,,261756.6,789011.9,345,82.2,152.14,56.847,66.544,6.469,,,,,2383.163906
3460001,,184205.5,673810.3,346,89.2,0,0,0,0,,,,,
3460001,,184205.5,673810.3,346,89.2,141.033,614.851,113.155,2.01,,,,,
3470001,,251170.7,789029.1,347,82.3,46.829,47.501,27.147,0,,,,,
3510001,,165049.6,627600.6,351,76.3,,,,,,,,,8357.937127
3520001,,149037.3,569054.1,352,81.1,54.184,31.478,38.605,0,,,,,
3530001,,211090.4,734104.8,,,68.209,10.052,71.577,0,,,,,
3540001,,173455.8,550411.7,354,98.5,508.824,151.421,98.376,0,,,,,
3550001,,197439.9,671610.1,355,87.9,170.598,79.324,110.775,0.998,,,,,6691.045129
3560001,,258523.5,791767.4,356,85.9,48.711,333.47,161.712,26.005,,,,,2304.45142
3570001,,257284.1,786406.7,357,70.1,120.475,202.755,400.67,0,,,,,2440.905094
3580001,,158132.8,610918.5,,,24.026,4.921,9.285,0,,,,,
3580001,,158132.8,610918.5,,,247.058,191.473,395.672,0,,,,,
3590001,,165421.5,625121.3,359,86.6,192.158,84.012,107.44,0,,,,,
3600001,,204120.9,717076.3,360,74.1,32.767,0,14.068,0,,,,,10492.42151
3630001,,181151.3,633022.8,363,72.4,105.166,163.147,104.224,0,,,,,11926.76315
3640001,,195035.2,633422.9,364,64.3,42.501,17.219,17.052,9.63,,,,,
3660001,,261981,785647.9,366,79.3,479.984,179.029,138.56,8.951,,,,,9005.962253
3670001,,208229,726056.3,367,68.4,8.542,9.193,15.751,0,,,,,6511.158644
3690001,,207455.5,718092.8,369,85.3,114.832,28.758,105.864,1.8,,,,,
3700001,,192526.1,642683.4,370,82.2,216.812,178.806,103.871,1.671,,,,,9383.278569
3700001,,192526.1,642683.4,370,82.2,24.128,12.188,327.583,4.687,,,,,9383.278569
3720001,,252028.2,778527.1,372,80.7,96.721,53.417,55.222,0,,,,,
3730001,,193749.6,695570.3,373,67.9,209.814,74.648,10.76,0,,,,,20777.71688
3750001,,203629.3,699096.3,375,76.6,309.626,160.028,76.413,0,,,,,3729.293271
3760001,,209703.5,766296.4,376,80.8,342.178,163.711,315.369,0,,,,,7266.475058
3770001,,198615.6,698255.9,377,86.3,146.912,31.331,69.559,3.758,,,,,
3800001,,260739.3,783037.8,380,78.8,61.941,42.663,30.084,10.382,,,,,7953.469562
3830001,,247391,708514.9,383,92.7,261.21,103.314,131.1,0,,,,,
3880001,,242390,730287.6,388,76.6,51.532,39.117,1.216,0,,,,,7680.777025
3890001,,188694.5,680012.6,389,78.4,369.337,623.029,173.601,0,,,,,20258.13174
3900001,,209607.9,764734.9,390,77.6,279.33,611.75,269.038,9.126,,,,,7436.699097
3920001,,178744.8,623235.1,,,28.578,11.487,100.112,0,,,,,
3950001,,173198.6,585841.1,395,76,281.984,54.603,258.12,4.89,,,,,
3980001,,162260,590445.2,398,48.1,85.82,5.144,8.923,0,,,,,5208.936155
3990001,,151624.5,592649.4,,,426.7,180.329,145.064,18.719,,,,,
4020001,,138772.5,572090.9,,,0,0,0,1.675,,,,,
4030001,,154555.8,579367.5,403,81.9,148.731,44.143,88.394,0,,,,,
4050001,,207788.9,635042.1,405,78.2,94.82,532.343,602.571,0,,,,,25239.95913
4060001,,173593,631203.5,406,69.2,6.78,0,0,0,,,,,4072.150046
4070001,,233051.6,728079.8,407,71.5,415.85,107.909,116.494,8.014,,,,,3540.817105
4090001,,220988.8,766859.6,409,59.9,251.433,54.888,69.55,0,,,,,
4120001,,187132.5,682345.6,,,,,,,,,,,
4130001,,155563.1,568245.3,413,86,168.594,126.317,235.046,9.711,,,,,
4140001,,169406.4,595393.4,414,75.8,27.401,6.344,18.902,0,,,,,7709.383789
4150001,,154840.7,592428.2,415,54.1,9.258,7.893,13.763,0,,,,,
4160001,,257069.3,793959.7,416,69.1,86.068,129.807,67.501,0,,,,,5517.439268
4170001,,185301.5,683976,417,86,503.774,4851.126,121.988,3.834,,,,,
4230001,,193062.7,696527.2,423,84.6,182.232,98.822,118.186,0,,,,,2928.732291
4250001,,192651.5,681642.5,425,67.7,59.289,74.98,46.132,9.5,,,,,15002.9275
4260001,,195887.5,731423.5,426,88.3,148.354,128.098,202.093,0,,,,,
4280001,,166489.3,607374.6,428,68.1,64.574,108.35,117.285,0,,,,,1850.977294
4290001,,216401.3,737283.2,429,75,51.283,27.109,50.439,3.337,,,,,15240.36394
4310001,,246064.6,769122.9,431,54.8,211.474,79.248,45.614,7.865,,,,,
4320001,,209167.5,761798.4,432,75.9,147.736,76.871,143.069,10.064,,,,,8158.397358
4330001,,192812.5,724410.2,433,85,81.669,75.05,66.038,0,,,,,
4350001,,183477.9,647869.2,435,87.3,134.86,368.712,240.13,0,,,,,8194.838559
4360001,,239349.8,729102,436,66.4,1221.692,133.028,20.037,0,,,,,9414.683767
4360001,,239349.8,729102,436,66.4,0,0,0,0,,,,,9414.683767
4360001,,239349.8,729102,436,66.4,232.169,227.015,66.074,0,,,,,9414.683767
4370001,,245075.1,709752.9,437,75.5,142.087,2.144,42.709,0,,,,,
4390001,,245429,708517.5,439,68.5,143.633,66.856,99.007,0,,,,,
4400001,,187385.6,635882.6,440,59.7,57.387,102.673,421.259,0,,,,,7307.615271
4400001,,187385.6,635882.6,440,59.7,0,0,0,0,,,,,7307.615271
4400001,,187385.6,635882.6,440,59.7,77.75,32.918,91.866,0,,,,,7307.615271
4420001,,233939.2,717205.9,442,70.5,50.31,100.177,168.214,0,,,,,5595.102657
4440001,,203491.6,714433.6,444,77.1,51.116,19.269,59.053,0,,,,,
4450001,,205506.2,722553.8,445,71.2,85.962,97.64,55.54,4.033,,,,,7933.197986
4480001,,191989.5,658999.9,448,78.2,352.304,589.412,260.518,15.345,,,,,16441.47004
4500001,,191681.5,660879.1,450,83.6,348.889,809.479,98.781,0,,,,,19548.7792
4530001,,251892.3,781543.4,,,352.599,78.552,70.571,0,,,,,2010.718227
4540001,,210562,770439.7,454,71.8,51.382,237.751,58.354,6.479,,,,,8288.884952
4560001,,206277.4,633833.1,456,73.5,0,127.953,24.354,4.266,,,,,14090.85693
4570001,,242211.9,727153.9,,,338.705,76.612,81.158,18.24,,,,,
4630001,,220407.5,767923.3,463,95.1,291.712,22.802,94.616,0,,,,,
4640001,,195309.7,635171.3,464,86.9,18.752,26.53,21.152,0,,,,,
4650001,,211425.2,632309.8,465,58.2,325.209,154.837,125.1,0,,,,,
4730001,,216620.4,762798.5,473,44.2,66.074,21.844,356.050085,0,1.00E-05,1.00E-05,0.010727969,0.571428571,2990.928505
4730002,,216099.1,762644.3,473,49.5,0,25.759,221.448474,0,,,,,
4730003,,215338.1,763014.9,473,53.3,0,34.418,62.38044,0,,,,,
4750001,,232582.6,725198.3,475,40.9,69.038,2.635,5.026,0,,,,,2988.630737
4780001,,231127.3,732029.8,478,48,0,89.518219,52.716282,0,2.09E-06,1.00E-05,0.005347594,1,
4780002,,230645.8,731936.3,478,37.5,8.019,56.975,174.917036,11.858216,,,,,
4780003,,230260.7,731893.9,478,44.3,14.388,99.05378,124.204681,14.725783,,,,,
4800001,,235929.2,763743.5,480,35,156.518,46.699,168.66587,0,2.46E-06,1.00E-05,0.00448833,1.2,
4800002,,235227.1,763432,480,41.9,,,,,,,,,
4800003,,236059.2,762646.2,480,25.2,3.516,11.857,15.356204,0,,,,,2260.055176
4810001,,239461.3,755064,481,35.2,94.433,162.325077,382.266218,0,1.00E-05,1.30E-06,0.008049242,0.764705882,4967.045786
4810002,,238337.9,755209.5,481,32.8,30.403,25.16237,182.043278,32.658,,,,,
4810003,,237871,755188.9,481,24.4,0,33.417998,44.844054,0,,,,,
4810004,,238307.3,754561.9,481,31.9,71.459,175.260024,242.496929,0,,,,,
4810005,,239415.2,753771.8,481,38.2,29.587,50.566528,248.948513,0,,,,,
4820001,,234820,745919.1,482,35,69.115,101.049,496.657,0,1.00E-05,1.00E-05,1.00E-05,0.1,5874.593148
4850001,,217499.2,760795.3,485,45.4,265.927,98.904,300.999,0,1.00E-05,1.00E-05,1.00E-05,0.1,3630.925669
4870001,,242028.3,769767.1,487,43.1,66.021,77.498,217.694,0,1.00E-05,1.00E-05,1.00E-05,0.1,4580.048371
4890001,,235142.6,733004.6,489,29.6,133.28,227.152,482.343,0,1.00E-05,1.00E-05,1.00E-05,0.1,3810.763433
4920001,,234804.4,752002.4,492,42.4,78.549,280.376,341.505,0,1.00E-05,1.00E-05,1.00E-05,0.1,3627.71056
4930001,,195083.9,631563.8,,,9.792,0,0,0,,,,,
4960001,,232630.5,769156.1,496,41,159.456,132.037,406.862,0,1.00E-05,1.00E-05,1.00E-05,0.1,3455.551963
4970001,,242026.1,723326.4,497,39.5,107.455,7.46,42.934,0,,,,,
4980001,,235565.4,742709.1,498,31.3,27.077,0,171.915,0,1.00E-05,1.00E-05,0.006235386,1,6581.252602
4980002,,234825.9,742220.1,498,31.4,0,0,0,0,,,,,
4980003,,235774.1,742278.8,498,35.7,0,0,66.042,0,,,,,
4990001,,226498.5,733100.3,499,47.5,25.554,31.198315,121.135056,0,1.00E-05,3.10E-06,0.012450481,0.954545455,4793.478261
4990002,,226178.1,732652.9,499,48,21.397,77.220467,34.91,0,,,,,
4990003,,225798,732188.8,499,45.9,44.743,95.746639,106.435367,0,,,,,
4990004,,226326,732143.6,499,54.6,0,51.60136,92.384241,13.209101,,,,,
4990005,,226028.2,731447.4,499,38,43.81,169.121215,234.718332,7.224898,,,,,
5020001,,220904.6,762280.9,502,46.2,0,0,0,0,1.00E-05,1.00E-05,0.003162555,1.2,3324.880731
5020002,,220109,762135.2,502,40.1,143.893785,248.009227,517.318275,0,,,,,
5020003,,218736.9,762052.4,502,45.5,902.882214,1177.31277,561.997723,6.146,,,,,2695.090485
5050001,,223595.3,748432.6,505,44.4,34.238,46.151,97.941,0,1.00E-05,1.00E-05,1.00E-05,0.1,2134.619718
5070001,,215601.6,762122.8,507,56.2,309.982,1085.924,695.076,16.005,1.00E-05,1.00E-05,1.00E-05,0.1,3614.48242
5080001,,241595.3,736373.6,508,56.7,79.96,108.408,180.807,0,1.00E-05,1.00E-05,1.00E-05,0.1,2604.511733
5090005,,231994.9,738473.2,509,33.7,0,15.164948,24.663498,0,,,,,
5100001,,225284.9,746204.7,510,29.8,39.797,231.362,0,0,1.00E-05,1.00E-05,0.005081875,0.666666667,
5100002,,224420.2,746441.4,510,30.3,0,0,338.569155,0,,,,,
5100003,,224101.9,745864,510,46,33.534,81.909,84.432844,0,,,,,
5100004,,224867.2,745859.1,510,28.5,0,0,0,0,,,,,
5110001,,224782.8,735872.3,511,37,87.23,73.203,338.014,0,1.00E-05,1.00E-05,1.00E-05,0.1,
5120001,,239866,727917.9,512,49.1,0,0,0,0,1.00E-05,1.00E-05,1.00E-05,0.1,
5120001,,239866,727917.9,512,49.1,77.964,66.948,69.074,0,1.00E-05,1.00E-05,1.00E-05,0.1,
5140001,,210981.8,633067.4,514,36.3,,,,,,,,,
5170001,,209542.1,765419.4,517,40.2,11.348,126.776,94.464,0,1.00E-05,1.00E-05,1.00E-05,0.1,3177.199434
5180001,,224415.1,770185.1,518,54.5,239.487,334.379,313.91,10.429,1.00E-05,1.00E-05,1.00E-05,0.1,3570.486138
5200001,,230586.4,738397.3,520,39,108.152,121.806,261.43,0,1.00E-05,1.00E-05,1.00E-05,0.1,5049.212541
5210001,,211446.4,633399.3,521,37.4,6.665,8.742,0,0,1.00E-05,1.00E-05,0.003546099,1,
5220001,,230326.5,760191.9,522,35.3,0,0,137.774034,0,1.00E-05,1.00E-05,0.008547009,0.7,
5220002,,229958.4,760043.8,522,47.6,0,0,0,0,,,,,
5220003,,229554.3,759946,522,49.1,0,0,0,0,,,,,
5220004,,229978.5,759614.4,522,43.5,0,2.851,235.128965,0,,,,,
5230001,,232980.1,726328.7,523,38.4,72.908,81.141,65.673,0,,,,,
5240001,,236993,724436.4,524,39.5,83.671,49.364,140.518,0,1.00E-05,1.00E-05,1.00E-05,0.1,
5250001,,232406.2,760800.6,525,31.4,19.901,56.111,201.524,10.267,1.00E-05,1.00E-05,1.00E-05,0.1,3153.32954
5260001,,231666.6,723525.2,526,37.2,17.137,16.034,59.062,0,1.00E-05,1.00E-05,1.00E-05,0.1,2300.956544
5260001,,231666.6,723525.2,526,37.2,20.984,12.381,0,0,1.00E-05,1.00E-05,1.00E-05,0.1,2300.956544
5270001,,233323.1,759819,527,50.2,19.06,15.062,7.332,0.472,,,,,2344.897955
5280001,,230784.1,743962.6,528,22.9,30.034,21.46,172.812,0,1.00E-05,1.00E-05,1.00E-05,0.1,4014.663853
5290001,,218628.6,747623.7,529,50.1,0,0,106.08735,0,1.00E-05,1.00E-05,0.006514658,1.75,
5290002,,218258.5,747520.8,529,48.9,0,27,310.147892,0,,,,,
5290003,,216743.3,748428.7,529,53.8,17.268,0,92.321756,0,,,,,
5300001,,237907,749108.7,530,48.8,175.195,193.48,422.427,6.297,1.00E-05,1.00E-05,1.00E-05,0.1,2262.092799
5310001,,232536.2,751011.5,531,54.7,68.574466,231.545,538.892066,0,1.00E-05,1.19E-06,0.005642361,1.076923077,
5310002,,232079.3,751172.9,531,51.3,0,60.987,151.237,0,,,,,
5310003,,232049.9,750568.3,531,50.6,0,16.35,73.884,0,,,,,
5310004,,231839,750032.8,531,33.9,19.136533,0,40.044917,0,,,,,
5310005,,231372.8,750909.7,531,45.1,0,41.753,27.669016,0,,,,,
5320001,,233682.4,736593.5,532,30.6,167.427188,29.792,124.979143,0,1.00E-05,1.00E-05,0.006628003,0.625,
5320002,,233243.9,736670.6,532,29.3,35.51151,0,124.433856,0,,,,,
5320003,,233228.6,736023.2,532,37.2,72.5723,10.525,0,0,,,,,
5360001,,230952.1,764858.4,536,49.7,0,5.367,0,0,1.00E-05,1.00E-05,0.003642987,1,3671.586194
5380001,,222642.6,754986.5,538,40.9,66.797,72.448,240.87,0,1.00E-05,1.00E-05,1.00E-05,0.1,2458.329219
5390001,,229431,743675.5,539,25.5,3.094,0,12.579,2.8,,,,,
5400001,,245884.7,772731,540,47.9,20.357,10.171,58.012,0,,,,,4878.494392
5410001,,192103.6,716307,541,49.4,0,0,161.829,0,4.08E-06,1.00E-05,0.006701415,0.444444444,
5410002,,191972.6,715864.7,541,56.3,0,0,0,0,,,,,
5410003,,191920.3,715492.1,541,37.9,0,0,0,0,,,,,
5420001,,230353.2,736360.7,542,44.7,0,0,34.253629,0,1.00E-05,1.54E-06,0.011824324,1.666666667,
5420002,,229995.5,735921.4,542,48.3,8.051,7.829,116.647225,0,,,,,
5420003,,229600.4,736714.3,542,41.1,5.89,157.539,311.08403,0,,,,,3992.452682
5420004,,228653.8,735989.8,542,34.7,6.514,79.154,17.007114,0,,,,,4077.113097
5430001,,234653,760385.8,543,47.7,312.255,402.617,489.017,0,1.00E-05,1.00E-05,1.00E-05,0.1,4050.827812
5460001,,237687.5,760645.6,546,36.3,9.546,4.859,0,0,,,,,4214.40063
5460001,,237687.5,760645.6,546,36.3,0,0,31.063,0,,,,,4214.40063
5470001,,238166,726698.8,547,38.5,78.652,17.505,12.653,0,,,,,
5530001,,176831.5,620012.5,553,57.6,66.206,33.349,33.916,10.941,,,,,10576.82723
5550001,,175635.1,637800.4,555,60.5,75.304,66.75,10.371,0,,,,,14468.67105
5590001,,208039.5,761692.8,559,69.2,47.75,36.197,149.855,8.857,,,,,9333.861091
5630001,,190691.1,636714.4,563,79,0,0,24.45,0,,,,,13716.62311
5630001,,190691.1,636714.4,563,79,117.891,20.055,4.248,0,,,,,13716.62311
5650003,,182478.3,658356.8,565,68.1,156.853815,225.801596,191.641763,16.054,4.69E-05,4.02E-05,0.04400978,0.777777778,9796.775943
5660001,,195512.8,631387.9,,,2.401,0,9.976,0,,,,,
5670001,,197165.1,630052.5,567,78,114.177,154.53,392.582,8.478,,,,,
5710001,,177525.9,640504.7,571,67.5,32.068,68.481,27.388,15.022,,,,,9670.463
5720001,,213874.8,764028.4,572,47.6,62.66,41.92,29.358,0,,,,,
5730001,,159945.5,614604.9,573,65,15.876,28.569,11.493,0,,,,,
5740001,,210822.4,771591.5,574,76.9,156.058,38.58,286.403,0,,,,,11166.47513
5750001,,215850.7,756226.3,575,70.7,27.137,7.643,0,0,,,,,3583.713231
5750001,,215850.7,756226.3,575,70.7,57.974,90.576,76.791,0,,,,,3583.713231
5760001,,214181.2,769546.8,576,70.9,0,0,5.675,0,,,,,5209.667241
5760001,,214181.2,769546.8,576,70.9,448.766,116.62,372.952,19.69,,,,,5209.667241
5790001,,210978.6,776770.9,579,90,238.693,172.751,165.543,9.493,,,,,9459.918158
5820001,,176421.9,643952.7,582,69.6,278.29,199.454,77.924,21.815,,,,,12334.80176
5840001,,154628,613096.9,584,85.4,175.043,46.259,39.272,0,,,,,
5860001,,217193,720588.4,586,75,139.746,79.628,533.683,0,,,,,7081.281511
5860001,,217193,720588.4,586,75,0,6.933,1.608,0,,,,,7081.281511
5880001,,180329.8,630990.5,588,68.3,117.275,227.286,86.645,0,,,,,10102.15489
5890001,,212953.9,775114.6,589,72.8,68.467,53.125,0,0,,,,,5211.651704
5890001,,212953.9,775114.6,589,72.8,60.827,56.274,21.105,0.78,,,,,5211.651704
5930001,,178518.9,626924.4,593,85.1,10.114,135.708,12.481,0,,,,,10689.21682
5930001,,178518.9,626924.4,593,85.1,69.739,55.603,72.194,7.502,,,,,10689.21682
5940001,,186496.3,656729.3,594,64.1,107.013,163.668,167.063,0,,,,,9526.826982
5950001,,209471,763176.4,595,55.2,400.776,72.118,222.645,0,,,,,
5960001,,248030.3,778452.6,596,85.3,115.758,36.413,41.274,4.483,,,,,5136.003966
5970001,,172359.5,649045.6,597,80.1,0,0,0,0,,,,,13469.28316
5970001,,172359.5,649045.6,597,80.1,389.099,129.405,360.724,0,,,,,13469.28316
5990001,,240860.7,759715.6,599,50.1,68.565,44.402,45.907,0,,,,,
6020001,,142412.3,582978.3,,,5.647,1.128,48.117,0,,,,,
6030001,,230611.3,770915.2,603,55,36.52,4.814,28.294,0,,,,,
6050001,,243066.9,762450.3,605,46.2,10.598,1.394,20.214,0,,,,,
6090001,,241487.1,768579.5,609,45.8,51.388,21.327,26.782,0,,,,,4723.838044
6100001,,185412.3,644200,610,87.3,134.849,55.857,109.575,0,,,,,18193.36201
6120001,,195432.8,728264.8,612,60.1,97.362,22.018,35.137,2.886,,,,,11106.43
6140001,,226846.9,776417.6,614,61.6,54.743,18.655,41.999,0,,,,,5446.300264
6160001,,193370.8,661251.9,616,69.7,97.278,209.215,71.947,3.36,,,,,14717.7788
6170001,,202973.6,709018.6,617,90.4,132.516,72.117,147.319,0,,,,,9685.950756
6180001,,193813.9,652859.8,618,58.7,39.207,59.605,13.208,0,,,,,11373.94983
6200001,,170650.4,623500.4,620,66.2,555.444,71.806,90.384,13.65,,,,,
6230001,,242872,775825.1,623,83.1,101.503,37.443,117.904,19.887,,,,,
6280001,,203770.6,700857.4,,,,,,,1.00E-05,1.00E-05,0.009337068,1.9,3270.685419
6280002,,203553.7,700436.9,,,,,,,,,,,
6330001,,197393.6,670861.2,633,42.7,28.157,66.659,120.526,0,1.00E-05,1.00E-05,1.00E-05,0.1,2957.474389
6340004,,196514.1,669021.4,634,35.2,0,0,356.981948,0,,,,,4627.443235
6350001,,228070.2,713346.1,635,43.5,27.781,22.801,98.708,0,1.00E-05,1.00E-05,1.00E-05,0.1,3539.793361
6370001,,209881.8,711743.1,637,48.2,20.167,92.807,305.591842,0,4.70E-06,1.00E-05,0.008144021,0.894736842,
6370002,,209436.1,711064,637,46.2,22.535,0,199.995157,0,,,,,
6370003,,208249.7,711416.8,637,47.7,8.563,95,40.22,0,,,,,
6370004,,207547.1,712454.8,637,48.7,0,0,0,0,,,,,
6380004,,197526.3,687935.2,638,32.1,0,77.896,448.577,0,,,,,
6480001,,204695.7,705127.9,648,77.7,141.143,30.154,44.605,0,,,,,
6490001,,204169,705643.5,649,41.3,41.113,26.436,52.568,0,,,,,4922.092948
6520001,,210885.8,740767.8,652,39.8,43.483,24.61,62.249,0,1.00E-05,1.00E-05,1.00E-05,0.1,
6540001,,205933.2,712678.9,654,44.4,21.988,265.629,24.150152,0,1.60E-06,1.00E-05,0.007584597,1.076923077,
6540002,,205190,712978.4,654,52.6,12.34,219.042,444.286158,0,,,,,
6540003,,205190.8,711813.6,654,54.5,5.272,0,0,0,,,,,
6540004,,204139.4,712012.8,654,54.7,0,5.977,80.815688,0,,,,,
6580001,,214170.2,766480.1,658,47.8,26.098,76.907,160.53,12.65,1.00E-05,1.00E-05,1.00E-05,0.1,6887.787203
6610001,,199925.1,688406.9,661,71.5,63.503,83.528,61.53,4.499,,,,,8386.698609
6620001,,228146.2,766977.9,662,64.5,135.968,136.412,13.192,0,,,,,6392.264495
6630001,,193880.2,657871.8,663,67.9,91.578,49.78,22.508,4.506,,,,,13522.74631
6650001,,160027.9,595600.9,665,68.5,80.376,16.108,30.773,0,,,,,7904.459094
6670001,,240869.6,773728.4,,,435.014,120.503,128.415,2.133,,,,,
6670001,,240869.6,773728.4,,,7.522,26.001,40.162,0,,,,,
6700001,,194949.1,642085.8,670,72.2,58.482,63.055,123.124,0,,,,,
6720001,,212021.4,634645.3,672,69.6,50.265,160.161,108.211,0,,,,,15347.1587
6750001,,193952.8,726995.9,675,71.2,36.309,122.509,60.071,11.988,,,,,14467.92424
6750001,,193952.8,726995.9,675,71.2,31.877,8.253,54.272,0,,,,,14467.92424
6760001,,143070,584661.4,676,82.2,101.685,76.237,110.249,0,,,,,
6770001,,222566.1,739549.2,677,73.2,17.595,1.188,7.584,0,,,,,10717.8054
6770001,,222566.1,739549.2,677,73.2,27.402,18.437,54.061,0,,,,,10717.8054
6790001,,199575.8,715329.3,679,83.1,54.839,21.965,23.764,1.799,,,,,13227.34806
6790001,,199575.8,715329.3,679,83.1,0,0,0,0,,,,,13227.34806
6800001,,199688.3,697429.9,680,74.4,65.633,21.846,10.889,0,,,,,12231.3514
6810001,,186059.3,665532.2,681,82,0,13.741348,152.851289,0.016688,4.09E-05,4.09E-05,0.048507463,0.846153846,12258.47307
6820001,,206588.3,726430.1,682,63.2,40.841,24.108,41.51,0,,,,,
6830001,,196021.7,729839.4,683,83.4,113.977,43.262,36.645,8.549,,,,,13039.23978
6840001,,219478.2,724156.1,684,77.3,75.388,101.498,4.554,2.966,,,,,7876.966595
6850001,,176742.2,639087.8,685,73.6,43.691,44.764,50.207,0,,,,,11664.8692
6860001,,194493.6,675345.9,686,69.2,235.565,354.176,119.103,0,,,,,10944.69602
6870001,,195237.4,726125.7,687,80.8,,,,,,,,,16009.792
6880001,,247045.3,772928.4,688,62.4,38.458,36.68,54.817,0,,,,,
6890001,,196410.5,737274.4,689,76.9,37.899,32.997,22.504,12.213,,,,,14329.76088
6900001,,177058.8,628082.1,690,68.5,49.296,96.263,106.436,0,,,,,9335.265564
6920001,,174401.3,622807.8,692,76.8,35.889,21.139,85.824,6.141,,,,,11058.65649
6940001,,192384.7,718062.2,694,59.3,784.236,209.453,440.556,7.754,,,,,
6950001,,145434.9,578936.3,695,97,,,,,,,,,
6980001,,196695,692410.2,698,70.8,44.032,93.617,61.784,2.166,,,,,12652.30625
6990001,,165597.6,621784.7,699,72.4,29.715,40.598,1.226,10.876,,,,,11207.2559
7000001,,178282.1,632128.1,700,72.5,207.239,56.326,32.87,8.898,,,,,8601.387869
7010001,,245736.9,746475.6,701,89.5,56.299,35.621,16.729,1.093,,,,,8867.99043
7020001,,258591.1,736818.3,702,77.1,8.088,40.939,29.07,0,,,,,
7030001,,218899.4,717862.4,703,52.8,148.789,30.867,73.455,0,,,,,
7050001,,195304.4,663147.7,705,61.4,251.146,261.725,230.841,16.348,,,,,
7060001,,162431.4,615193.7,706,73.3,24.744,25.978,35.282,0,,,,,8955.837739
7070001,,193670.8,648975.8,707,74.8,112.282,33.623,59.948,8.775,,,,,13895.94126
7080001,,215478.5,764908.4,708,65.5,35.46,0.01,45.565,0,,,,,
7100001,,215407.9,632155.1,710,80.2,58.847,94.555,104.345,42.024,,,,,21779.77582
7110001,,191532,644217.9,711,59.7,67.41,18.437,19.633,0,,,,,13255.78038
7120001,,211904,767837.6,712,70.3,83.895,145.232,33.974,0,,,,,9123.186156
7130001,,148572.3,588415,713,67.1,174.841,68.912,31.813,0,,,,,
7140001,,158871.2,607734.1,714,79.1,170.075,45.515,91.107,0,,,,,
7150001,,201081.5,700108.5,,,42.662,40.688,152.649,1.649,,,,,
7160001,,198203.5,679822.5,716,83.7,305.982,256.506,150.306,3.864,,,,,7131.959715
7170001,,195157.2,671590.8,717,77.8,172.479,224.137,75.502,19.074,,,,,13363.54579
7190001,,258202.9,734560.9,719,81,21.897,6.656,14.081,0,,,,,7865.476545
7200001,,170060.3,637030.4,720,77.6,84.352,48.101,123.905,0,,,,,12202.44372
7210001,,239974.7,739408.1,721,70.6,58.118,61.855,40.083,2.633,,,,,5427.256374
7260001,,166003.8,620389,726,55.9,64.032,10.827,84.541,0,,,,,
7270001,,177630.2,629036.2,727,63.9,58.842,12.624,5.059,0,,,,,9225.801083
7300001,,251521.1,761490.3,730,39.4,36.23,14.852,36.329,0,,,,,5213.308511
7310001,,176842.3,636257.5,731,63.4,35.528,25.337,15.747,6.537,,,,,12555.37327
7320001,,256334.1,767786.1,732,71,22.627,13.132,31.953,2.296,,,,,5949.98009
7320001,,256334.1,767786.1,732,71,0,0,0,0,,,,,5949.98009
7340001,,199635.4,695191.3,734,77.1,47.243,76.058,31.789,6.045,,,,,11240.64923
7360001,,166876.7,581931.7,736,65.9,113.248,103.953,126.514,11.535,,,,,
7370001,,198860.4,693185.9,737,77.7,209.147,72.357,25.898,3.85,,,,,11934.28299
7380001,,192837.5,723746.6,738,69.7,23.87,92.565,11.756,0,,,,,
7390001,,169558.3,629445.4,739,56.8,337.014,221.692,42.154,0,,,,,6664.410317
7400001,,200964.1,632057.8,740,79.6,78.731,84.452,144.058,1.628,,,,,12488.33228
7410001,,207483,633956.9,741,70.8,3.082,53.968,36.84,4.815,,,,,14069.14303
7420001,,201165,634426.2,742,81,39.931,53.231,50.873,1.256,,,,,
7430001,,193710.8,644165.6,743,77.7,38.892,4.411,61.405,0,,,,,13164.34926
7440001,,163324.9,614060.3,744,59.6,13.175,9.032,10.133,0,,,,,8155.159837
7450001,,194557.1,648345.9,745,61.6,31.728,18.349,24.627,12.183,,,,,13382.64093
7460001,,164547.5,619789.7,746,54.5,52.033,81.27,132.857,0,,,,,8268.428929
7470001,,162855.3,616308.2,747,48.6,47.89,17.375,11.262,0,,,,,8152.414313
7480001,,160928,581589.1,748,91,38.616,37.962,3.415,0,,,,,
7490001,,158105.5,581898,749,61.8,75.563,3.39,25.741,0,,,,,
7500001,,162982.4,581843.8,750,65.8,31.284,0,1.642,0,,,,,
7510001,,203575.9,633504.8,751,67,22.228,56.765,158.209,0,,,,,
7520001,,197696.8,634277.9,752,62.9,17.911,11.772,19.964,0,,,,,
7530001,,195446.8,690336.8,753,75.9,133.38,136.841,81.387,0,,,,,9927.369286
7550001,,222416.9,773501.8,755,64.4,234.672,111.724,30.012,1.223,,,,,
7560001,,167417.8,627353.1,756,68.7,48.619,58.905,34.492,5.912,,,,,10033.06957
7570001,,188142.3,645940.6,757,74,322.898,30.981,56.961,5.711,,,,,9473.144432
7580001,,200843.4,692423.3,758,80,0,0,0,0,,,,,13813.80407
7580001,,200843.4,692423.3,758,80,113.91,28.437,12.544,5.766,,,,,13813.80407
7590001,,186905.6,641190.4,759,69.9,77.702,9.705,10.696,0,,,,,10122.8066
7600001,,174448.4,640510.8,760,60.9,0,0,0,0,,,,,12309.20831
7600001,,174448.4,640510.8,760,60.9,12.127,0,0,0,,,,,12309.20831
7600001,,174448.4,640510.8,760,60.9,105.412,45.463,46.545,3.254,,,,,12309.20831
7610001,,156680,595750.2,761,54.7,45.189,5.505,37.969,0,,,,,
7620001,,165014.7,582639.3,762,54.1,16.039,0,7.243,0,,,,,
7630001,,170129.5,631351.4,763,64.8,49.208,30.751,60.292,0,,,,,9864.634792
7640001,,176934.4,637694.2,764,62.7,36.512,8.325,8.178,0,,,,,8657.423989
7650001,,175393.5,636503.9,765,69.7,417,196.115,59.523,0,,,,,14541.40259
7660001,,174532.6,618889,766,32.8,62.913,15.1,21.774,0,,,,,
7670001,,195508.8,687006.1,767,66.6,48.966,46.005,15.325,0,,,,,7969.157279
7680001,,156581.8,612625.1,768,73.5,95.295,17.646,56.249,15.227,,,,,4511.274138
7690001,,199416.7,733889,769,70.5,69.249,100.49,302.055,4.938,,,,,
7710001,,210109.8,625477.7,771,75.4,3.984,27.292,30.917,0,,,,,13694.32534
7720001,,169404.5,628008.3,772,68.5,71.474,122.655,114.001,4.267,,,,,11213.60539
7730001,,202196.5,718760.4,773,74.7,0,0,0,0,,,,,15705.94161
7730001,,202196.5,718760.4,773,74.7,16.156,71.455,81.647,8.179,,,,,15705.94161
7740001,,229677.3,767972.5,774,51.9,0,0,0,0,,,,,
7740001,,229677.3,767972.5,774,51.9,27.086,6.612,15.6,0,,,,,
7750001,,172115.7,617926.1,775,62.2,27.652,10.955,28.194,0,,,,,9406.308884
7760001,,200774.7,628364.1,776,76.8,18.859,5.972,10.127,1.527,,,,,
7770001,,195908.1,637632,777,76.8,166.023,94.047,81.614,3.483,,,,,
7780001,,198363.1,632275.7,778,69.4,16.478,10.064,17.505,4.135,,,,,
7790001,,213504,628759,779,75.5,68.793,73.75,43.56,0,,,,,
7800001,,214568.4,629032,780,68.6,,,,,,,,,17940.16908
7830001,,212842.8,630022.6,783,66.8,24.729,93.3,7.255,0,,,,,
7840001,,195876.4,653743.3,784,66.8,230.17,191.912,19.798,0,,,,,15413.6774
7850001,,216520.4,756985.1,785,65.9,597.151,122.368,38.932,0,,,,,3062.343452
7860001,,243772.1,746334.3,786,58.8,15.496,7.078,13.484,1.8,,,,,8579.336738
7870001,,208800.9,632696.9,787,76.1,9.489,8.713,50.164,0,,,,,12838.58412
7880001,,189779.1,653663.1,788,61.3,162.844,355.955,119.389,0,,,,,
7890001,,162078.8,583037.4,789,60.9,38.4,2.391,7.859,0,,,,,
7910001,,164358.8,618460.7,791,60,38.889,35.368,15.798,0,,,,,7468.955189
7920001,,213034.1,766548.6,792,67.2,32.659,18.724,4.509,5.639,,,,,
7930001,,169797.4,626814.4,793,69.6,66.532,31.201,23.373,11.335,,,,,7211.352897
7940001,,191755.1,622834.3,794,61.8,5.205,1.892,5.808,0,,,,,
7950001,,217776.3,774689.6,795,63.6,16.563,6.299,7.84,0,,,,,5609.433702
7960001,,193580,634674.8,796,66.1,20.556,14.262,36.062,0,,,,,
7970001,,187973.3,654388.8,797,59.6,26.614,104.453,110.515,8.628,,,,,9856.581104
7980001,,188689.5,655114.3,798,67,49.783,108.456,3.387,0,,,,,10286.51422
7990001,,194845.1,624145.8,799,72.7,15.89,17.501,31.827,0,,,,,9605.738775
8000001,,193279.6,714935.4,800,72.9,69.257,250.785,244.022,9.291,,,,,14214.87762
8010001,,185117.8,658424.9,801,72.3,89.743,169.098,35.494,6.111,,,,,10937.5931
8020001,,194093.1,659846.3,802,72.5,126.583,102.294,22.821,0,,,,,14175.20814
8030001,,162876.3,594803,803,51.1,26.69,0,0,0,,,,,
8040001,,191418.7,649168.5,804,67.2,353.847,148.835,13.748,0,,,,,10000
8050001,,196828.1,628790.8,805,52.9,16.334,20.726,13.263,0,,,,,
8060001,,222684.9,507590.4,806,86.3,299.755,96.109,46.332,17.55,,,,,
8070001,,195408.8,693282.1,807,76,112.32,46.18,27.931,0,,,,,13805.6395
8080001,,195364.5,678232.3,808,63.8,111.223,139.055,82.524,0,,,,,
8090001,,200410.9,630430.6,809,56.9,267.757,123.304,283.58,0,,,,,
8100001,,198579.7,725346.1,810,74.1,56.166,30.684,42.993,0,,,,,
8110001,,161967.5,599108.7,811,64.1,33.937,4.757,6.154,0,,,,,
8120001,,214254.6,775636.3,812,72.3,1251.861,489.191,617.457,38.431,1.00E-05,1.00E-05,0.001612903,0.1,5776.359103
8130001,,221778.3,768250.6,813,66.5,32.963,12.17,31.574,4.762,,,,,6404.575336
8140001,,168923.2,608120.4,814,69.8,66.761,29.849,156.91,3.404,,,,,6280.955821
8150001,,177317.1,618591.2,815,67,0,0,5.616,0,,,,,
8160001,,200009.8,626674.6,816,67,140.164,36.769,145.316,0,,,,,11620.84857
8170001,,171386.9,628798.3,817,78.6,27.484,39.84,17.197,0,,,,,8480.494696
8180001,,175943.2,621107.5,818,57.4,58.605,6.302,17.177,4.335,,,,,4852.6236
8180001,,175943.2,621107.5,818,57.4,8.177,0,12.343,0,,,,,4852.6236
8190001,,175731,624276.4,819,63.9,81.345,26.237,21.17,2.907,,,,,12108.17111
8200001,,167632.4,609658.1,820,58.2,34.612,8.257,19.498,12.748,,,,,
8210001,,178215.3,606885.6,821,48.1,28.113,5.481,6.636,0,,,,,8040.205917
8220001,,205960,625042.4,822,71.2,7.956,12.257,16.191,11.512,,,,,10334.83511
8230001,,206938.8,626367.9,823,72.7,50.304,26.035,14.093,1.747,,,,,14067.42743
8240001,,168689.8,615273,824,81.7,51.356,58.082,50.84,0,,,,,10827.3022
8250001,,205614.6,628073.9,825,75.8,20.726,43.41,56.653,0,,,,,
8260001,,177690.9,611297.6,826,53.7,25.285,18.503,24.769,0,,,,,
8270001,,175575,634869,827,78.8,66.774,10.399,68.766,3.522,,,,,13403.23897
8280001,,185751.5,646970,828,67.9,59.497,42.952,10.429,6.344,,,,,10345.48326
8290001,,143568.1,572373.7,829,64.4,115.291,22.546,42.598,5.158,,,,,
8310001,,193146.2,544133.5,831,58.4,1469.634,319.164,1083.956,19.661,1.00E-05,1.00E-05,0.005714286,0.1,4892.123361
8360001,,183945.8,658367.8,836,70.7,19.95,117.251,51.3,12.35,,,,,14949.89734
8370001,,197400.4,685433.3,837,66.3,17.489,25.065,17.725,0,,,,,10848.01691
8380001,,189042.9,640632.1,838,58.6,107.487,137.473,34.296,2.858,,,,,11289.30882
8390001,,189292.5,641657.4,839,60.1,81.88,53.354,42.266,0,,,,,10887.61642
8400001,,142845.1,587330.4,840,69.4,25.909,24.236,20.345,0,,,,,2984.617142
8410001,,193417.9,673286.4,841,75.5,212.385,61.848,42.193,1.957,,,,,12321.90635
8420001,,183654.4,681802.4,,,231.223,557.724,329.546,0,,,,,23587.10938
8430001,,251189.2,791108.1,843,77.5,50.277,5.787,35.933,0,,,,,
8440001,,152277.5,598080.4,844,71,116.986,31.091,63.858,0,,,,,
8450001,,155560.9,599249.8,845,66,119.909,79.036,89.73,2.401,,,,,
8460001,,241104.1,761010,846,36.6,28.297,10.972,12.315,0,,,,,8458.455897
8480001,,174467.7,636157.6,,,0,15.218,236.372,0,,,,,
8490001,,183360.7,591232.8,849,87.1,79.037,82.952,103.477,0,,,,,
8500001,,199326.7,699344.9,850,70.5,167.278,21.215,18.783,0,,,,,
8510001,,200569.7,690254.8,851,84.4,164.851,94.057,39.151,0,,,,,8618.182828
8510001,,200569.7,690254.8,851,84.4,0,0,0,0,,,,,8618.182828
8520001,,260744.5,781074,852,84.6,30.343,90.883,39.778,0,,,,,
8530001,,177929.1,643660.4,853,74.6,74.99,119.337,57.101,0,,,,,18150.10466
8540001,,246279.8,706332.6,854,42.3,27.323,36.188,20.001,0,,,,,5125.205259
8560001,,198585.5,641978.5,856,73.4,13.958,37.497,278.108,10.81,,,,,10268.29014
8570001,,173695.3,637719.1,857,58.4,58.259,72.386,24.449,0,,,,,14690.88302
8580001,,193033.3,671084.7,858,76.2,61.913,218.237,168.845,16.282,,,,,20993.86108
8590001,,204759.9,631276.6,859,63.7,6.331,5.065,18.027,0,,,,,
8610001,,253087.8,772344.3,861,75,37.459,64.353,33.171,0,,,,,7860.378294
8610001,,253087.8,772344.3,861,75,0,0,2.49,0,,,,,7860.378294
8610001,,253087.8,772344.3,861,75,17.213,0,7.404,0,,,,,7860.378294
8620001,,184827.8,640645.8,862,70.9,0,0,0,0,,,,,11680.98684
8620001,,184827.8,640645.8,862,70.9,11.026,22.868,24.05,0,,,,,11680.98684
8630001,,191995.4,652241.3,863,74.1,14.115,53.977,26.825,7.579,,,,,12964.46883
8640001,,193064.6,637370,864,68.7,12.483,15.555,10.331,2.527,,,,,
8650001,,162690,589459.8,865,51.7,17.34,18.749,3.629,0,,,,,
8660001,,205593.9,422777.9,866,88.1,269.248,257.529,293.126,0,,,,,
8680001,,200622.8,712959.7,,,0,13.215,119.637,0,,,,,
8700001,,192741.7,667204.9,870,87.1,117.701,196.131,50.953,0,,,,,
8710001,,194321.2,665556.4,871,83,613.596,428.431,105.806,5.874,,,,,
8720001,,190969.4,699859.6,872,56.9,29.249,7.312,6.807,0,,,,,
8730001,,177940,608029.1,873,45.1,31.853,4.734,22.233,0,,,,,
8740001,,222239.5,732062.5,874,59.5,26.584059,193.86812,311.525314,0,4.71E-05,0.000100973,0.036855037,0.8,3892.073146
8740003,,222246.9,731186.3,874,53.7,0,132.54553,664.018723,0,5.28E-05,0.000105628,0.031325301,0.538461538,4711.175946
8740004,,222946.2,730165.4,,,2650.939602,1744.786991,59.316642,0,,,,,
8740005,,223107.5,731008.1,874,47.7,52.333656,136.955855,489.7188,0,9.16E-05,0.000158221,0.045592705,0.666666667,5058.328302
8740009,,222902.3,732182.1,874,80.8,5.806476,5.806476,10.105878,0,3.06E-05,5.09E-05,0.018587361,1.6,5312.598392
8750001,,194617.2,684787.8,,,,,,,,,,,6396.455761
8770001,,187927.8,698414.3,877,66.2,46.806,273.086,45.077,0,,,,,15760.21839
8800001,,194124.4,686709.5,880,71.2,5.386,40.142,48.749,16.88,,,,,12650.38804
8820001,,210480.4,735290,,,28.869,13.713,268.112,7.871,,,,,
8850001,,180108.4,531500.7,885,88.9,108.913,215.721,136.632,3.587,,,,,
8860001,,209112.8,631808.1,,,6.373,0,161.984,0,,,,,
8880001,,180445.6,628187.5,888,76,25.291,52.396,11.415,9.49,,,,,10729.96697
8880001,,180445.6,628187.5,888,76,27.316,295.674,0.991,0,,,,,10729.96697
8890001,,208468.8,739621.6,889,63.8,9.823,4.544,4.544,0,,,,,11786.00892
8900001,,209498.8,738724.1,,,0,0,22.72,0,,,,,
8920001,,217229.6,772544.9,892,68.7,67.678,5.26,7.912,0,,,,,5024.081227
8970001,,191919,694299,,,0,65.538,221.531,0,,,,,
9130001,,237527.5,732520.6,913,49,12.16,5.648,133.906,0,1.00E-05,1.00E-05,1.00E-05,0.1,3710.024821
9160001,,143058.6,573151.4,916,69.6,131.641,44.967,11.704,0.567,,,,,
9170001,,223913.1,752403.8,917,72.4,1344.106,1081.014,130.545,0,,,,,7683.82162
9190001,,194858.1,619896.3,919,85.4,,,,,,,,,4056.970245
9210001,,201619.2,705954.7,,,7.113,24.487,48.187,0,,,,,
9220001,,209757.3,739711.5,922,48.9,163.314,112.993,1231.794,26.375,1.00E-05,1.00E-05,0.00099108,0.1,7445.781373
9260001,,197167.8,710144.2,,,0,5,0,0,,,,,
9420001,,214836.6,743645.2,,,0,0,0,0,,,,,
9440001,,214276.2,738373.6,944,38.1,230.766,188.694,343.857,0,1.00E-05,1.00E-05,1.00E-05,0.1,3553.583468
9620001,,255629.6,763427.8,962,37.6,258.741,56.803,463.329,0,1.00E-05,1.00E-05,1.00E-05,0.1,3743.977651
9750001,,221126.7,736680.2,975,31.9,142.854,203.106,232.022,7.32,1.00E-05,1.00E-05,1.00E-05,0.1,4220.545784
9780001,,217693.2,739457.4,978,29.9,25.127,32.089,201.656,0,1.00E-05,1.00E-05,1.00E-05,0.1,3397.78593
9900001,,214796.1,741960.6,990,15.2,0,0,11.987,0,,,,,
9930001,,246186.5,748388.4,993,29.6,13.485,23.386,56.201,0,,,,,3569.870164
9940001,,218450.2,734678.4,994,34.3,3.217,22.625,57.663,0,,,,,
9970001,,228821.1,742604.1,997,21.7,24.171,14.028,53.391,0,,,,,2848.684708
9970001,,228821.1,742604.1,997,21.7,0,0,0,0,,,,,2848.684708
9980001,,221123.9,743078,998,30.4,60.741,72.26,295.495,0,1.00E-05,1.00E-05,1.00E-05,0.1,3338.583365
10150001,,215468.4,634973.1,1015,67.4,32.313,129.830019,137.850006,0,2.54E-05,4.24E-05,0.040247678,0.846153846,14729.14445
10150003,,214372.1,635017.1,1015,66,10.029,253.653043,267.781362,13.869213,4.31E-05,6.16E-05,0.038202247,0.764705882,14970.80405
10150005,,213176.4,633613.1,1015,67.9,71.504192,137.993517,221.998264,0,1.84E-05,4.30E-05,0.038116592,0.705882353,12257.23607
10200001,,192536.2,713687.9,1020,80.7,576.94579,523.902113,110.083117,22.649862,0.000106491,3.87E-05,0.028268551,3.875,9068.859907
10240001,,187448.6,681611.5,1024,75.1,0,57.77,43.532,0,,,,,17416.43092
10310001,,162792.5,603527.6,,,4324.737014,1886.02323,300.270487,0,1.00E-05,1.00E-05,1.00E-05,0.1,3500
10310005,,161415.2,604143.4,1031,58.5,103.447412,380.581441,703.353613,3.694,6.15E-05,7.02E-05,0.025641026,1.75,5316.19263
10340001,,176760.2,627064.3,,,3109.333331,1728.502982,209.186831,0,1.00E-05,1.00E-05,1.00E-05,0.1,5210.681784
10340003,,176384.8,626430.7,1034,54.3,58.894046,597.447102,249.634214,0,4.86E-05,8.74E-05,0.042553191,0.5,5068.016639
10340008,,175237.6,626155.2,,,0,0,0,0,1.00E-05,4.72E-05,0.017241379,2,7675.492184
10430001,,194312.1,634717.7,1043,75.7,2.12,1.949,7.711,0,,,,,
10440001,,197019.6,686046.1,1044,75.1,,,,,,,,,10772.88372
10450001,,229484,776614.4,1045,57.8,80.34,7.789,7.205,0.682,,,,,
10460001,,145777.9,572027,1046,80.3,,,,,,,,,
10470001,,237270.2,756865.4,1047,62.3,35.28,2.871,13.666,0,,,,,
10500001,,192348.3,644037.8,,,,,,,1.00E-05,1.00E-05,0.004694836,0.1,8631.45995
10510001,,145576.3,571099.6,1051,65.5,44.897,5.246,4.851,0,,,,,6097.001036
10510001,,145576.3,571099.6,1051,65.5,44.493,21.949,19.614,0,,,,,6097.001036
10520001,,205628.4,431238.5,1052,90.9,53.675,101.812,76.236,0,,,,,
10530001,,224586.3,524457.8,,,31.997,43.473,3.237,0,,,,,
10540001,,186249.5,573347,1054,25.7,8.003,35.915398,111.435885,0,7.81E-06,3.44E-05,0.00912721,0.625,
10560001,,214589.6,631726.8,,,0,0,14.582,0,,,,,
10570001,,234758.6,562390.9,1057,60.3,,,,,,,,,6848.074816
10580001,,144648.5,571219.3,1058,77.9,133.827,3.776,16.626,0,,,,,
10590001,,208217.2,572450.5,1059,28.7,16.216,94.753,1538.784,0,1.00E-05,1.00E-05,0.003863135,0.1,
10600001,,187360.2,581417.6,1060,21.3,0,103.417,341.303,0,1.00E-05,1.00E-05,0.002772643,0.333333333,
10610013,,231643.4,735690,,,1365.781781,1499.399999,163.208106,0,,,,,
10610021,,229975.7,735009,1061,50,148.161093,170.587243,90.854577,0,2.54E-05,6.76E-05,0.024691358,1.5,5230.400478
10610024,,230765.4,734609.3,1061,57.4,0,0,33.182354,0,2.12E-05,9.56E-05,0.054263566,0.928571429,5829.662463
10610031,,230999.8,734292.5,1061,63.9,46.578775,30.331771,49.072904,23.741754,1.99E-05,5.96E-05,0.039855072,0.454545455,6284.302016
10610032,,230487.9,733805.3,1061,61.8,5.948,217.362249,35.751453,0,1.00E-05,5.07E-05,0.046296296,0.4,6923.823364
10610033,,230206.1,733590.4,1061,69.7,27.202929,8.472225,26.615806,0,3.07E-05,0.000122674,0.041044776,0.636363636,4232.808949
10610041,,229925.3,732916.1,1061,48.5,12.02682,33.738725,253.726914,0,3.50E-05,0.000113791,0.038338658,1,4334.440978
10630001,,226195.7,770084.3,1063,78.5,11.350087,11,108.607622,0,1.99E-05,5.32E-05,0.033980583,1.071428571,5538.043158
10630005,,226808.1,768963.7,1063,52.7,118.474235,155.815872,654.768059,7.346,8.47E-05,4.84E-05,0.046357616,1.19047619,4303.769433
10640001,,242567,760275.9,1064,56.4,0.01,111.757,31.301,0,,,,,
10650001,,157438.4,595294.6,1065,51.2,4.686,6.648,18.151,0,,,,,
10660001,,177408.6,633100.8,1066,65.7,563.525,1283.541,351.43,4.886,1.00E-05,1.00E-05,0.001443001,1,6517.427653
10670001,,238390.5,772970.4,1067,65.1,37.549,3.85,9.332,0,,,,,7890.312982
10680001,,220062.9,776019.7,1068,70.7,48.5,23.821,4.516,0,,,,,4993.955408
10680001,,220062.9,776019.7,1068,70.7,0,0,47.397,0,,,,,4993.955408
10690001,,224643.3,714751.6,1069,72.7,131.734,32.322,43.155,0.865,,,,,7917.494435
10700001,,201654.4,621049.3,1070,82.1,,,,,,,,,
10710001,,200585.4,620058.1,1071,73.1,14.037,8.359,67.739,0,,,,,
10720001,,171763.5,634752.3,1072,59.6,0,0,0,0,,,,,10486.39287
10720001,,171763.5,634752.3,1072,59.6,36.511,8.23,4.189,0,,,,,10486.39287
10760001,,193224.8,678647.9,,,9.61,90.341,677.187,0,,,,,
10770001,,188521.4,696002.9,1077,77.2,5.512,7.455,23.332,9.448,,,,,20266.1601
10790001,,194753.5,618653.6,1079,63.5,,,,,,,,,
10810001,,227821.5,775452.2,1081,61.1,0,0,0,0,,,,,3575.794632
10810001,,227821.5,775452.2,1081,61.1,35.874,35.801,6.596,0,,,,,3575.794632
10820001,,161835.1,589591,1082,70.3,16.761,60.967,76.92,4.289,,,,,
10830001,,156332.1,593637.2,1083,67.7,0,6.249,11.937,0,,,,,9071.844413
10840001,,193266.9,651850.9,,,8.985,0,0,0,,,,,
10840001,,193266.9,651850.9,,,57.671,103.703,292.46,6.072,,,,,
10850001,,131788.3,571050.1,,,3.737,11.222,49.319,0,,,,,
10940001,,173812.7,636282.6,,,0,4.991,44.838,0,,,,,
10950001,,155852.8,593581.5,1095,60.3,19.246,36.331,106.293,0,,,,,5760.528357
10980001,,172234.1,622731.9,1098,69.1,32.995,57.574,244.848,0,1.00E-05,1.00E-05,1.00E-05,0.1,8359.652336
11020001,,186925.4,696451.6,1102,57.3,1.323,18.62,8.95,0,,,,,17324.22743
11030001,,186278.9,642893.1,1103,67.8,,,,,,,,,17992.68547
11040001,,251530.2,736181.2,1104,63.5,1.041,0.994,1.172,0,,,,,8456.164384
11050001,,250655.8,738892.8,1105,54.3,4.595,14.669,25.525,0,,,,,6024.622096
11080001,,223019.9,718785.8,1108,71.4,9.971,4.796,25.379,0,,,,,6262.550613
11100001,,225084.3,717083.5,1110,74.7,3.318,2.304,48.155,1.522,,,,,6677.294575
11110001,,175360.5,640436.6,,,,,,,,,,,
11120001,,225769.7,749110.4,1112,83.7,0,0,0,0,,,,,13597.48842
11120001,,225769.7,749110.4,1112,83.7,75.807,62.897,65.282,0,,,,,13597.48842
11130001,,209182.4,624951.1,1113,79.4,,,,,1.00E-05,1.00E-05,0.001436782,0.1,10041.97724
11140001,,193902.6,620589.3,1114,79.7,21.287,30.401,90.31,0,,,,,10561.41421
11150001,,244414.1,777077.1,1115,53.8,28.674,25.738,19.629,0,,,,,7198.245032
11170001,,229194.1,717531.6,,,27.571,0,19.999,0,,,,,
11230001,,199584.6,618685.9,1123,67.6,0,16.405,14.486,0,,,,,9416.607489
11240001,,236136.1,538509.6,1124,81.1,74.366,34.102,19.685,0,,,,,
11250001,,256674.5,757514.2,1125,83.7,102.97,26.91,14.062,2.67,,,,,
11260001,,196072.4,388165.6,1126,77.8,83.222,116.114,92.745,1.124,,,,,8695.528492
11270001,,239617.7,709177.1,1127,86.3,45.95,7.758,74.765,0,,,,,
11270001,,239617.7,709177.1,1127,86.3,38.186,16.791,104.289,3.182,,,,,
11290001,,205952,428028.5,1129,80.6,72.929,23.445,63.894,0,,,,,
11300001,,227289.6,778322.8,1130,73.1,68.044,6.326,6.838,1.451,,,,,
11320001,,263553.7,794125.8,1132,83.6,69.533,70.003,20.303,0,,,,,6305.018271
11330001,,179391.3,619114.2,1133,69.2,,,,,,,,,8698.63303
11340001,,208588.3,635228.9,1134,56.6,5.706,48.143,22.517,0,,,,,
11360001,,144855.4,572213.1,,,,,,,,,,,5045.590723
11370001,,209746.9,634567.7,1137,52.9,11.799,78.858,275.082,0,1.00E-05,1.00E-05,0.002702703,0.1,9859.847317
11380001,,223016.9,753838.8,1138,84.4,23.575,150.502,22.716,5.785,,,,,9272.017561
11390021,,228069.6,758254.9,1139,69.8,0,35.621729,192.093811,0,4.10E-05,0.000143656,0.04494382,0.583333333,5290.363986
11390023,,228103,756909,1139,59.6,215.162885,1361.937801,919.619554,37.564813,2.58E-05,0.000155079,0.04245283,0.722222222,6170.416488
11390024,,227243.6,757372.6,1139,69.7,49.249421,271.965192,872.225568,33.832816,4.16E-05,0.000136689,0.023861171,1,6566.741278
11390031,,227436.9,756916.5,1139,57.8,0,39.479835,56.099324,13.76313,2.54E-05,0.000177575,0.037037037,0.5,6313.117799
11390032,,227444.5,756324.9,1139,78.3,46.484198,73.015398,71.039459,0,3.37E-05,0.000101159,0.030769231,0.6,6944.420219
11390033,,226743.6,756758.9,1139,57.7,34.471969,123.60946,136.715325,30.5126,6.28E-05,0.000171233,0.0375,0.833333333,6908.596678
11390034,,226298.8,756669.3,1139,76.3,0,0,164.467079,24.732827,5.07E-05,0.000136986,0.027777778,1.4,6601.1875
11400001,,179193.6,529157.6,,,22.32,90.555,92.539,0,,,,,
11410001,,198919.3,648976.1,1141,67,9.222,22.313,33.258,0,,,,,10064.26091
11430001,,211609.5,763445.8,,,7.188,33.345,31.28,7.662,,,,,7383.36825
11440001,,210092,635618.8,,,0,0,0,0,,,,,
11450001,,175760.4,617755.1,1145,43.8,,,,,,,,,
11460001,,153769.6,595786.6,,,119.335,88.838,69.05,0,,,,,
11470001,,230572.1,774401.3,1147,67.2,30.736,14.345,10.686,0,,,,,7017.56219
11480001,,201430.1,683034,1148,88.1,8.441,19.747,12.397,5.059,,,,,8940.196744
11490001,,168920.3,627255,1149,69,0,12.8,35.012,0,,,,,9765.316884
11500001,,217177.3,496754.3,1150,75.6,136.745,37.926,31.293,3.36,,,,,
11510001,,214708.6,474842.6,1151,80.3,199.398,7.56,60.61,0,,,,,
11520001,,171386.6,541537.9,1152,80.6,26.407,17.85,40.24,0,,,,,5039.728209
11530001,,223711.3,761231.1,,,2840.871,617.027,175.008,0,,,,,
11540001,,239095.6,704984,,,0,0,110.493,0,,,,,
11550001,,229172.5,714112.7,1155,78.2,46.781,20.044,12.773,0,,,,,7344.493351
11560001,,201873.7,416004.4,1156,80.9,65.343,36.612,20.084,0,,,,,
11570001,,178204.2,627961.7,1157,42,1.1,35.824,155.792,0.138,,,,,7120.750252
11580001,,212138.6,443791.1,1158,81.7,68.296,25.824,15.807,6.837,,,,,
11610001,,177563.7,589958.6,1161,28.4,0,43.973308,82.851335,0,5.50E-06,5.50E-06,0.002008032,3,
11610002,,177814,589385.8,1161,28.4,153.415728,536.03811,609.912398,0,2.67E-05,1.07E-05,0.001945525,3,
11610004,,175148.7,588921.8,1161,29.2,22.03904,50.853598,397.632764,0,1.00E-05,3.58E-06,0.00130719,1,2552.421498
11610005,,174718.6,588468.9,1161,35.2,15.697135,12.781704,144.042371,0,1.59E-05,7.94E-06,0.002898551,1,
11610006,,175576.4,588379.8,1161,36,9.645887,26.839547,23.915043,4.157,7.12E-06,1.00E-05,0.002597403,3,
11610007,,176294.8,588925.5,1161,28.7,0,62.955317,93.042245,0,4.11E-06,8.23E-06,0.001501502,1,
11610010,,176555.5,587995.1,1161,26.4,0,0,31.210403,0,8.18E-06,1.00E-05,0.002985075,2,
11620001,,231068.8,743016.4,1162,66.6,41.975,0,20.358,0,,,,,5688.209503
11620001,,231068.8,743016.4,1162,66.6,0,0,0,0,,,,,5688.209503
11630001,,237276.6,758320.6,1163,69.6,0,4.418,1.044,0,,,,,7154.985063
11630001,,237276.6,758320.6,1163,69.6,37.587,34.613,18.826,0,,,,,7154.985063
11650001,,202024.8,647283.1,1165,75.6,134.168,548.69,55.033,0,,,,,13007.62028
11660001,,203047.3,646400.4,1166,84.2,80.283,147.289,27.203,0,,,,,
11670001,,191578.9,712631,1167,59.6,4473.091,4104.686,799.627,104.312,1.00E-05,1.00E-05,0.006479482,0.1,13623.54001
11710001,,233897.8,754120.2,1171,75.1,65.016,15.423,34.045,0,,,,,2842.419951
11710001,,233897.8,754120.2,1171,75.1,12.135,29.743,224.676,0,,,,,2842.419951
11720001,,223283.6,759408.1,1172,87,0,0,0,0,,,,,6471.047298
11720001,,223283.6,759408.1,1172,87,76.203,25.92,18.971,1.797,,,,,6471.047298
11730001,,224827.1,762680.8,1173,73.2,20.45,1.009,2.98,3.621,,,,,
11740001,,222485.1,750944.3,1174,78.1,17.8,62.185,39.723,0,,,,,7846.762995
11750001,,229738.8,523776.6,1175,79.4,111.346,13.131,19.316,0,,,,,
11770001,,177971.2,544676.1,1177,63.4,21.369,21.357,43.095,0,,,,,
11780001,,222169.8,747966.8,1178,71.3,0,10.453,38.284,0,,,,,8108.228536
11790001,,223936.8,749930.4,1179,73.6,8.968,63.858,18.408,0,,,,,
11800001,,231343.3,754983.2,1180,76.4,33.884,11.779,43.53,0,,,,,5852.792106
11810001,,217005,759085.6,1181,72.7,0,22.421,50.068,10.977,,,,,7467.731474
11820001,,220931.3,740272.3,1182,59.4,22.131,22.488,58.285,0,,,,,17252.24533
11830001,,218883.6,765385.1,1183,93.6,13.566,34.695,17.225,0,,,,,
11840001,,233762.8,771784.7,1184,63.5,4.045,22.687,10.342,3.725,,,,,
11850001,,222169.4,759867.8,,,0,0,0,0,,,,,
11860001,,227699.2,740451.8,1186,63.8,30.344,32.897,119.132,5.384,,,,,6797.2411
11870001,,222966.3,523822.3,,,3.395,0,0,0,,,,,
11880001,,228394,754489.3,1188,88.1,0,16.862,26.478,0,,,,,7179.621816
11900001,,236241.4,745350.1,1190,81,6.834,43.128,98.948,10.082,,,,,8852.444971
11910001,,242273.6,766996.3,1191,67.4,19.421,6.816,73.956,0.999,,,,,
11920001,,203452.4,563517.1,1192,32,0,0,88.625049,0,1.11E-05,1.85E-05,0.006081081,0.555555556,
11920002,,202761,563087.8,1192,25.3,28.116,10.745,143.222662,0,,,,,
11920003,,201117.2,562670.6,1192,4.6,0,8.051,177.038288,0,,,,,
11950001,,144589.8,533081.3,,,0,0,6.177,0,,,,,
11960001,,205725.2,583968.7,,,,,,,,,,,
11970001,,202245.7,440080.1,1197,86.1,58.32,32.464,71.166,0,,,,,
11980001,,192175.7,582357.5,1198,87.7,3.15,17.733,15.598,2.036,,,,,
11990001,,216567.4,743072.9,1199,64.4,,,,,,,,,8560.351341
12000015,,201315.5,645237.3,1200,68.8,23.073833,258.337567,407.501162,0,3.09E-05,9.72E-05,0.035483871,0.954545455,10387.40149
12000016,,201043.3,645848.9,1200,76.4,108.34952,232.280408,551.37607,18.617275,2.32E-05,9.26E-05,0.042253521,0.933333333,10836.01984
12000017,,201449.1,645950.4,1200,70.9,30.853282,218.814832,424.77683,27.537876,2.02E-05,0.000107969,0.051724138,0.80952381,10079.74958
12000031,,200127.2,644582.4,,,0,0,0,0,,,,,17595.7047
12000033,,200521.3,643878.3,1200,76.9,40.872318,144.659468,359.245389,30.408923,2.76E-05,6.45E-05,0.018487395,0.727272727,12296.68781
12000034,,200812.4,643162.3,1200,79.8,11.385884,125.994431,57.338683,0,5.25E-05,3.75E-05,0.023287671,1.117647059,12752.86878
12010001,,233911.6,757258.9,1201,47.2,4.987,5.731,53.729,10.406,,,,,7213.337268
12010001,,233911.6,757258.9,1201,47.2,39.827,0,66.834,0,,,,,7213.337268
12020001,,231012,756848.9,1202,68.2,4.731,25.545,35.077,1.036,,,,,8357.568177
12030001,,234689.6,750112.1,1203,69.5,3.663,27.815,15.714,0,,,,,6658.93724
12040001,,222350.3,756469,1204,70.9,8.163,35.11,93.852,0,,,,,7093.103785
12050001,,218544.5,771525,1205,66.1,2.618,27.942,15.259,0,,,,,8701.579323
12060001,,223637.6,763564.4,1206,74.7,2.205,9.378,12.141,0.927,,,,,6319.300793
12070001,,227061.7,760700.4,1207,76.7,249.428,31.048,35.715,0,,,,,7524.488602
12080001,,223181.2,771251.6,1208,69.7,14.803,49.413,20.586,0,,,,,8182.10861
12090001,,231010.1,762371.4,1209,66.3,2.211,7.102,19.667,0,,,,,8803.050449
12100001,,248061.3,755167.8,1210,84.3,13.785,29.79,2.017,0,,,,,10635.08957
12110001,,244718.1,755935.8,1211,81,110.702,60.042,6.947,0,,,,,4492.000844
12120001,,249393.7,767039.1,1212,62.7,1.372,32.937,13.904,0,,,,,
12130001,,239249.1,770073.4,,,0,0,0,0,,,,,
12140001,,239846.3,752627.1,1214,53.6,20.129,6.363,23.112,0,,,,,5407.478963
12140001,,239846.3,752627.1,1214,53.6,31.478,20.131,153.149,0,,,,,5407.478963
12190001,,223638.4,773868.8,1219,71.5,2.706,16.889,82.591,0,,,,,6005.224129
12200001,,227152.6,771486.4,1220,70.9,3.561,31.264,5.412,0,,,,,
12210001,,223997.6,756419.9,1221,75.9,17.618,7.06,9.84,17.112,,,,,6419.507529
12220001,,219004,749219.6,1222,73.9,0,0,0,0,,,,,7198.732285
12220001,,219004,749219.6,1222,73.9,12.601,39.291,19.553,0,,,,,7198.732285
12230001,,136710.4,569304.8,1223,78,60.64,30.198,4.841,1.083,,,,,
12240001,,200531.5,681683.4,1224,64.7,25.455,239.790238,89.244579,0,1.17E-05,2.33E-05,0.080851064,0.368421053,10758.9471
12240003,,199412.6,680084.9,1224,68,88.92302,78.836731,16.517715,71.094,2.53E-05,1.26E-05,0.01843318,1.5,12761.75316
12250001,,243784,750706.3,1225,94.7,8.096,15.251,11.067,0,,,,,
12250001,,243784,750706.3,1225,94.7,17.336,0,33.304,0,,,,,
12260001,,225682.5,753764.7,1226,63.5,314.703,365.765,52.352,20.578,,,,,7765.690614
12270001,,135831.1,568649.9,1227,71.5,146.676,2.92,38.158,0,,,,,
12280001,,225032.5,751161.4,1228,73.9,26.758,50.988,74.228,0,,,,,8465.16242
12290001,,242984.8,753379.1,1229,42.7,18.786,4.669,168.553,0,,,,,
12300001,,246589.6,752149.3,1230,72.1,21.53,37.213,10.81,0,,,,,6580.306223
12310001,,138479.3,570308.4,1231,80.4,30.165,37.021,5.035,0,,,,,
12320001,,134791.3,566892.9,1232,78.4,30.546,16.322,79.277,0,,,,,
12330001,,193997.1,602564.3,1233,87.7,10.718,33.994,51.569,0,,,,,
12350001,,224511.8,755292.1,1235,81.6,5.244,25.467,55.124,0.984,,,,,10835.57971
12360001,,198732.9,672578.7,1236,65.4,0.01,122.268,48.635,4.128,,,,,10256.68759
12370001,,139204.8,568068,1237,79.8,40.005,8.736,38.931,0.976,,,,,
12380001,,137302.6,572067.6,1238,71.6,35.563,6.237,34.926,0,,,,,
12390001,,135735.7,571354.4,1239,81.1,62.207,8.981,12.059,0.727,,,,,
12400001,,146850.5,576893.1,1240,88.5,176.963,83.987,51.889,0,,,,,8985.630378
12410001,,137737.9,567408.1,1241,81.9,41.306,16.476,5.806,1.393,,,,,
12420001,,156353.7,609084.1,1242,77.5,201.827,62.401,46.788,4.229,,,,,
12440001,,221406.3,734336.6,1244,74,0,63.265,72.833,17.558,,,,,8902.389273
12450001,,234844.7,755301.3,1245,45.8,,,,,1.00E-05,1.00E-05,1.00E-05,0.1,3043.027959
12460001,,221440,777045.8,1246,31.2,,,,,,,,,
12470001,,209287.7,709741.8,1247,83,56.223,138.671,312.98,7.579,,,,,7154.88554
12480001,,200796.2,411847.6,1248,83.5,13.881,16.343,8.537,0,,,,,
12490001,,216402.8,741114.8,1249,61.1,102.338,49.8,227,1.114,,,,,
12520001,,251866,757361.2,1252,70.9,26.191,23.807,16.04,0,,,,,6765.453313
12530001,,253792.6,756627.4,1253,70.3,13.57,8.658,9.87,3.976,,,,,9005.809639
12530001,,253792.6,756627.4,1253,70.3,2.522,0,24.01,0,,,,,9005.809639
12540001,,206497.8,637690.4,1254,66.3,6.664,24.501,25.557,8.545,,,,,
12550001,,208195.4,433200.7,1255,80.9,21.702,12.437,28.194,0,,,,,
12560001,,214888.5,764064,1256,68.8,0,13.96,18.384,0,,,,,5557.001388
12570001,,223100.4,743274.6,1257,84.1,50.529,27.369,21.417,0,,,,,5814.915002
12580001,,239861.2,749919.6,1258,53.9,34.767,10.773,1.186,0,,,,,8792.123361
12590001,,198061,636123.2,1259,80.3,1.206,9.277,66.611,0,,,,,
12600001,,170337.3,551508.1,1260,95.5,2.167,7.281,14.619,0,,,,,
12610001,,209707.9,583520,,,0,0,0,0,,,,,
12620001,,215797.4,489037.2,1262,85.7,0.749,4.417,5.752,0,,,,,2074.371106
12630001,,225525.2,766772.8,1263,65.7,402.915,528.689,429.474,50.89,1.00E-05,1.00E-05,0.005319149,0.333333333,6503.668567
12640001,,192563.3,639461.6,1264,66.2,55.61,95.329,65.122,41.979,,,,,12287.15259
12650001,,189022.8,593436.6,1265,62.1,0,0,0,0,,,,,
12650001,,189022.8,593436.6,1265,62.1,19.541,5.165,159.907,2.228,,,,,
12660001,,199616.8,423970,,,0,12.463,0,0,,,,,
12670001,,201317.8,453980,,,0,7.373,16.629,0,,,,,
12680001,,194301.2,581600.4,1268,63.6,43.306,233.121,409.577,51.141,1.00E-05,1.00E-05,0.004316547,0.333333333,7471.607572
12710001,,182270.8,586502.4,1271,66.4,68.961,222.275,262.513,31.548,1.00E-05,1.00E-05,0.00477707,0.333333333,8658.418621
12720001,,229536.5,761736.4,1272,75.2,7.632,4.541,13.357,0.636,,,,,7037.753577
12740001,,231995.3,715316.2,1274,81,17.588,59.103,193.51,24.9,1.00E-05,1.00E-05,0.007692308,0.1,6239.928972
12750001,,233095.3,749075.4,1275,81.8,0,0,0,0,,,,,7065.493302
12750001,,233095.3,749075.4,1275,81.8,1.305,18.399,27.352,0.837,,,,,7065.493302
12760001,,228898,753547.4,,,0,11.804,26.629,0,,,,,
12790001,,203331.4,438792.2,1279,81,3.284,1.139,6.71,0,,,,,
12800001,,142352,535122.2,1280,78.6,55.918,14.378,331.195,0,,,,,
12820001,,239930.6,706535.6,1282,81.9,,,,,,,,,5430.533077
12830001,,246816.6,705446.4,1283,46.8,15.174,0,20.758,0,,,,,6563.369566
12840001,,213945.2,740523.9,1284,72.7,,,,,1.00E-05,1.00E-05,0.00729927,0.1,7473.412944
12850001,,257195.1,759499.2,1285,82.7,9.014,17.113,6.726,0,,,,,6285.302156
12860001,,184652.8,567454.5,1286,37.4,49.101,62.061,511.548,0,1.00E-05,1.00E-05,0.001176471,0.1,
12870001,,206658.8,584906.8,1287,60,0,10.066,53.785,0,,,,,
12880001,,223185.4,736334.9,1288,70.8,12.875,15.096,111.624,0,,,,,8624.840772
12900001,,203517.1,696849.2,1290,49.6,207.515,161.261,257.822,6.678,1.00E-05,1.00E-05,1.00E-05,0.1,4352.000185
12910001,,145552.1,535801.9,1291,91.9,34.196,8.996,27.029,0,,,,,
12920001,,214959.5,759414.6,1292,49.2,0,4,373.251897,14.888,5.61E-06,1.00E-05,0.009207161,1.166666667,
12920002,,214729.8,759019.8,1292,59.7,23.964983,215.218554,121.470064,0,,,,,
12920003,,213567.5,759450.4,1292,62.1,148.193016,168.579445,347.068038,0,,,,,3017.749366
12920004,,213183.1,759683.8,1292,49.9,0,0,127.230997,0,,,,,
12930001,,241424.6,742348.8,1293,62.6,27.046,28.118,67.173,2.359,1.00E-05,1.00E-05,0.009478673,0.1,6555.000676
12940001,,242102.8,767833.2,1294,64.8,5.051,34.103,99.417,0,,,,,5043.921413
12950001,,223279,765060.9,1295,39.6,16.733,33.812,177.564,0,1.00E-05,1.00E-05,1.00E-05,0.1,3240.717489
12960001,,228792.6,763870.1,1296,37.7,79.371,90.912,396.107,0,1.00E-05,1.00E-05,1.00E-05,0.1,
12970001,,239950.6,757738.3,1297,67.8,13.74,13.435,20.07,0,,,,,6709.336085
13030001,,193879.2,578410.4,1303,17.9,66.075,229.097,627.982,0,1.00E-05,1.00E-05,0.002736727,0.2,
13040001,,194776.6,656859.8,1304,75.6,56.799364,307.392473,386.126808,10.600582,1.93E-05,5.80E-05,0.030588235,0.692307692,12650.70513
13090001,,195467.7,662019.5,1309,62.6,31.432,401.10707,1003.321903,5.168,2.40E-05,6.00E-05,0.03649635,0.56,8940.511038
13100001,,203209.1,647170.7,1310,80.7,12.783,19.249,164.632,0,1.00E-05,1.00E-05,0.015873016,0.1,12321.14543
13110001,,136199.7,567460.9,1311,59.6,0,0,6.025,0,,,,,
13130001,,251541,737366,1313,59.4,140.017,29.35,168.981,8.061,,,,,7335.998455
13140001,,217526.8,770204,1314,75.7,0,8.352,31.076,0,,,,,7743.204747
13150001,,197604.1,673893.6,1315,75.9,0,155.629,175.13,28.753,1.00E-05,1.00E-05,0.00280112,0.1,11124.78602
13160001,,212019.7,711544.9,,,0,0,0,0,,,,,
13170001,,221629.7,746739.4,1317,17.4,1.387,0,0,0,,,,,
13180001,,187829.9,701091.2,,,0,0,56.543,0,,,,,
13190001,,201495.6,693290.9,1319,79,92.664,159.107,294.852,28.841,1.00E-05,1.00E-05,0.010810811,0.1,9511.277572
13200001,,200254.7,733024.5,,,0,10.274,13.25,0,,,,,
13210001,,213105.9,741740.4,1321,27.6,0,0,10.197,0,,,,,
13220001,,241071,743791.8,,,0,11.838,124.579,0,,,,,
13230001,,161845.9,617427.2,1323,63.8,2.367,6.772,117.186,0,,,,,9665.6443
13240001,,182869.6,680089.8,1324,55,0,8.731,0,2.382,,,,,24878.35645
13250001,,192938.2,614364.1,,,0,0,7.371,0,,,,,
13260001,,209650.2,712031.9,1326,35,200.801,183.331,438.159,0,1.00E-05,1.00E-05,1.00E-05,0.1,12699.97683
13270001,,218946.2,716573.1,1327,32.5,0,5.942,57.652674,0,1.00E-05,4.01E-06,0.008058608,0.909090909,
13270003,,215076.2,717749.1,1327,31.5,0,31.15,35.297906,0,,,,,
13300001,,232005,727546.1,1330,67.8,0,32.868,28.919,1.062,1.00E-05,1.00E-05,0.004926108,0.1,6726.866918
13310001,,233145.6,757604.2,,,0,0,0,0,,,,,
13320001,,230298.9,756176.2,1332,48.8,0,0,7.019,0,,,,,
13330001,,199046,641774.4,1333,59.7,11.9,30.307,126.165,0,1.00E-05,1.00E-05,0.013824885,0.1,10929.61664
13340001,,235177.4,757725.9,1334,48.9,,,,,,,,,
13370001,,223412.8,737577,1337,80.4,17.507,96.898,225.692,33.916,1.00E-05,1.00E-05,0.007518797,0.1,10309.70144
13380001,,243701.8,767791.3,,,,,,,,,,,
13390001,,181660.7,625425,1339,36,,,,,,,,,
13400001,,183472.2,533130.9,1340,84.7,0.008,0.008,22.98,0,,,,,
13420001,,196294.9,561004.5,,,3.018,18.203,67.808,0,,,,,
13430001,,206120.8,577356.1,,,0,0,0,0,,,,,
13440001,,176790.6,585103.5,1344,94.6,7.425,2.898,7.762,0,,,,,
13450001,,200092.7,683064.6,,,,,,,1.00E-05,1.00E-05,1.00E-05,10,9693.292801
13460001,,175264.5,583691.3,,,0,0,26.718,0,,,,,
13470001,,198242.6,554663.1,,,0.557,7.31,46.085,0,,,,,
13480001,,171450.5,548458.9,,,0.575,3.794,38.375,0,1.00E-05,1.00E-05,1.00E-05,0.1,
13490001,,207206.4,578825.9,,,16.959,4.75,38.263,0,,,,,
13580001,,188676.4,576562.3,,,0,0,21.319,0,1.00E-05,1.00E-05,1.00E-05,0.1,7564.680388
13590001,,191785.6,577114.3,,,7.534,14.781,108.482,0,1.00E-05,1.00E-05,1.00E-05,0.1,
13600001,,197180,573736.6,,,0,0,0,0,,,,,
13610001,,188179.4,696308.3,1361,64.7,8.996,68.07,30.865,0,,,,,13676.52919
13670001,,205077.2,577609.7,,,,,,,,,,,
13700001,,206717.9,707490.6,,,,,,,,,,,
14190001,,165623.6,627226.8,1419,54.1,,,,,,,,,
17060001,,253682.4,788999.5,,,,,,,,,,,
17070001,,254296.3,793415.6,,,,,,,,,,,
17110001,,256154.1,734794.6,,,,,,,,,,,
17270001,,208962.2,754638.8,,,,,,,,,,,
17390001,,195809.4,706248.6,,,,,,,,,,,
17410001,,192544.1,686812.8,,,,,,,,,,,
17480001,,189891.4,659013,,,,,,,,,,,
17690001,,145708.7,578209.8,,,,,,,,,,,
17910001,,211171.3,668154.1,,,,,,,,,,,
20030001,,198128.7,705779.4,2003,64.5,21.491,37.058,22.701,5.841,,,,,12891.82789
20060001,,176623.3,634434.3,,,492.461,1728.856,173.247,0,,,,,
20080001,,199589.8,701259.1,2008,63.4,45.552,32.53,111.594,2.928,,,,,15644.43147
20090001,,256130.1,794653.7,2009,67.3,26.815,9.225,19.125,0,,,,,7090.059717
20100001,,195106.4,641039.1,2010,79.9,27.767,46.531,14.59,2.143,,,,,16721.52695
20120001,,174916.8,627819.9,2012,71.6,77.699,25.16,24.923,10.19,,,,,8737.512863
20140001,,161163.5,589605.3,2014,61.9,20.042,5.556,2.886,0,,,,,
20150001,,194815,674059.7,2015,73.7,53.228,96.91,51.498,0,,,,,12569.59949
20160001,,244734.5,706112.2,2016,57.6,58.977,4.695,19.434,0.884,,,,,4302.778266
20180001,,193849.5,700638.6,2018,82,205.308,64.987,286.22,0,,,,,7610.826158
20210001,,171202,581674.6,,,0,9.184,198.612,0,,,,,
20240001,,205536.9,708357.7,2024,49.2,0,6.554,18.233,0,,,,,3006.951561
20260001,,253282.1,719060.7,2026,57.2,21.86,3.433,13.24,0,,,,,3522.5681
20300001,,178950.1,618420.3,2030,48.9,0,0,0,0,,,,,8203.981846
20300001,,178950.1,618420.3,2030,48.9,30.9,12.447,4.125,0,,,,,8203.981846
20330001,,182249.6,633363.3,2033,53.7,9.154,8.833,34.047,0,,,,,8319.905777
20350001,,191220.7,671883.1,2035,71.5,0,0,0,0,,,,,15915.45341
20350001,,191220.7,671883.1,2035,71.5,0,0,0,0,,,,,15915.45341
20350001,,191220.7,671883.1,2035,71.5,90.574593,273.078584,242.923846,29.305219,,,,,15915.45341
20350001,,191220.7,671883.1,2035,71.5,0,9.412,0,0,,,,,15915.45341
20350001,,191220.7,671883.1,2035,71.5,53.024,85.618,32.138,0,,,,,15915.45341
20350001,,191220.7,671883.1,2035,71.5,0,2.248,0,0,,,,,15915.45341
20380001,,194888.9,658148.9,2038,66,142.805,79.517,30.451,0,,,,,11268.02506
20380001,,194888.9,658148.9,2038,66,41.88,53.809,41.253,0,,,,,11268.02506
20390001,,209958.8,635431.2,,,0,0,124.782,0,,,,,
20420001,,236597.1,595627.4,2042,80.3,,,,,,,,,
20430001,,201966,695236.4,2043,75.1,67.939,49.581,193.129,1.32,,,,,5951.192046
20440001,,161514.6,588784.1,2044,55.8,0,0,0,0,,,,,
20440001,,161514.6,588784.1,2044,55.8,21.688,0,4.952,0,,,,,
20450001,,180613.9,618484.1,2045,62.2,23.857,3.89,41.729,0,,,,,8346.590971
20460001,,179232.1,619795.4,2046,70.2,0,14.335,2.13,0,,,,,8465.702484
20460001,,179232.1,619795.4,2046,70.2,128.026,248.253,26.11,0,,,,,8465.702484
20470001,,164952.2,598523.1,2047,64.2,0,10.382,17.313,3.451,,,,,9851.417739
20480001,,166456.4,597655.5,2048,57.5,19.393,3.775,9.847,0,,,,,6613.923179
20490001,,172700,595302.3,2049,81.8,13.747,33.666,100.448,0,,,,,7413.506946
20500001,,166330.1,594139.6,2050,66.1,1.15,0,22.474,0,,,,,
20510001,,174774.5,617539.6,2051,49.9,40.284,0,22.094,3.858,,,,,
20520001,,229119.8,718166.6,2052,55.3,54.465,26.332,27.076,7.168,,,,,7270.928586
20530001,,229442.5,716846.2,2053,60.9,33.716,0.951,22.624,0,,,,,4366.390276
20540001,,228512.1,716869.8,2054,58.6,32.263,5.266,12.852,0,,,,,5426.24743
20550001,,200766.4,703328.7,2055,62.5,79.276,23.833,68.015,0,,,,,9439.020736
20570001,,245939.4,705156.9,2057,46.4,93.638,20.22,2.192,1.521,,,,,
20590001,,170847.9,594271,2059,70.1,29.684,0,18.649,0,,,,,
20600001,,165050.5,586656.9,2060,66,8.298,37.69,39.597,0,,,,,7266.040956
20610001,,164746.6,587607.8,2061,63.5,59.651,40.665,0,0,,,,,
20620001,,166067.6,586799.8,2062,68.2,9.322,6.554,11.658,0,,,,,
20630001,,248825.4,776371.3,2063,60.5,15.922,43.963,14.912,0,,,,,7388.097743
20640001,,164298.3,596415.7,2064,56.3,3.434,0,21.443,0,,,,,
21000002,,196835.1,740916.4,,,0,0,0,0,,,,,9338.677818
21000006,,197910.3,740321.9,2100,60.8,40.148466,59.420202,395.092485,10.872859,7.59E-05,7.59E-05,0.022160665,1.25,7372.347445
22000002,,202625.7,552601.6,2200,43.1,233.283132,746.908607,1008.23217,18.312281,4.25E-05,0.000136135,0.034161491,0.545454545,4773.51889
22000005,,203589.9,551999.4,2200,60.8,0,23.714123,93.523701,0,7.10E-05,0.000120662,0.025906736,0.5,5711.735121
22000009,,203845.2,554287.3,2200,68.4,103.482,0,58.631348,0,6.50E-05,0.000102875,0.02173913,0.545454545,6697.551644
22000011,,202864.4,553328.1,2200,54,0,29.526314,85.4587,0,3.04E-05,0.000182648,0.033333333,1,3920.81536
23000002,,212220.2,736045.5,2300,66.4,76.486988,497.589329,599.96557,76.632306,3.64E-05,5.83E-05,0.029255319,1,11033.82854
24000002,,187512.2,659757.3,2400,64,114.986066,140.870132,226.385589,38.365515,3.16E-05,0.000115911,0.030769231,1.375,8866.331506
24000005,,187065.7,659092.3,2400,46.7,0,42.846746,83.138543,0,4.05E-05,0.000121466,0.02955665,1,10237.48117
24000009,,186727.1,659627.3,2400,70.3,62.108926,73.123082,476.710973,69.329373,3.38E-05,5.25E-05,0.043835616,0.40625,12089.80145
24000010,,186609.2,659939.3,2400,73.5,16.446436,136.794948,281.390283,20.251333,3.24E-05,7.30E-05,0.050295858,0.588235294,12228.96565
24000013,,185182.4,660223.7,,,0,0,0,0,1.00E-05,1.00E-05,0.021276596,2,10482.26746
24000013,,185182.4,660223.7,,,0,0,0,0,1.00E-05,1.00E-05,0.021276596,2,10482.26746
25000002,,204530.8,741693.9,2500,52.3,383.209686,3508.146371,651.460208,28.72707,5.41E-05,4.51E-05,0.049342105,1,6183.782732
25000005,,204353.9,741362.6,2500,77.8,19.882431,0,20.530296,0,3.72E-05,6.70E-05,0.038043478,0.928571429,7826.905555
25500002,,178711.7,635645.3,2550,56.9,166.821925,409.500592,750.992787,31.55392,5.85E-05,4.79E-05,0.040776699,0.857142857,7668.286833
25600002,,219890.1,574183.5,2560,59.5,35.044962,409.752142,343.367871,0,6.13E-05,0.000177196,0.049751244,0.6,3948.223449
25600005,,220847.8,573742.2,2560,62.5,94.753024,704.35596,1048.214098,21.64703,5.48E-05,0.000109589,0.052,0.653846154,4536.311758
26000013,,195610.6,386716.6,,,1513.672837,3210.477223,628.387909,0,,,,,
26000016,,194634.6,385557.8,2600,66.1,0,118.936352,235.59496,0,,,,,10173.11099
26000023,,193451.1,385902.9,2600,81.2,59.60157,129.734766,236.550005,0,8.19E-05,0.000232103,0.044850498,1,7163.688747
26000034,,193663.4,384263.1,2600,79.3,50.559634,148.363724,336.64235,24.945655,4.09E-05,0.000218088,0.054726368,0.909090909,9472.20527
26000036,,193078.8,384134.4,2600,79.3,14.129485,0,18.747476,8.113166,0.000111339,0.000123268,0.031930334,1.136363636,8183.328562
26100016,,198748.4,628371.2,2610,66.1,126.356584,463.157252,898.76936,23.721478,5.29E-05,7.28E-05,0.031400966,1.076923077,7773.820068
26100022,,198043.1,627294.6,2610,61.7,33.594399,99.897362,298.580427,27.564477,3.96E-05,6.79E-05,0.030991736,1.266666667,7066.475212
26100023,,198425.8,627679.3,2610,62.3,0,0,25.988683,0,5.65E-05,5.65E-05,0.030927835,1,7420.944219
26100027,,199810.3,627144.7,2610,50.6,0,0,171.019413,9.700907,2.91E-05,7.00E-05,0.019148936,1.111111111,8187.443095
26100034,,199357.9,624786.2,2610,58.3,41.998962,266.757419,501.296612,11.738517,1.98E-05,9.52E-05,0.026049204,0.944444444,10560.64149
26100035,,199944.1,624550.8,2610,72.4,12.675911,161.265657,197.741887,21.903868,3.92E-05,8.82E-05,0.026833631,0.733333333,10788.17823
26100037,,198748.3,624789.2,2610,59.6,68.733209,350.148935,559.137883,13.439144,4.41E-05,8.33E-05,0.021466905,1.166666667,10461.44039
26200002,,186561.6,663156.4,2620,60.8,137.026278,507.189264,676.987644,49.586706,2.59E-05,7.12E-05,0.028368794,1.5,14451.22187
26200005,,187076.9,662133.3,2620,59.4,90.699937,242.448923,466.556217,48.820841,2.88E-05,0.000100672,0.034120735,1,13557.00136
26300022,,177761.2,613444,2630,63.4,0,55.593536,267.18842,0,3.28E-05,0.000164055,0.017964072,1.333333333,5893.543245
26300023,,177186.4,613193.2,2630,51.5,8.697769,30.914089,33.366081,0,3.38E-05,0.000225492,0.028806584,1,6226.301094
26300031,,177060,613780.9,2630,61.5,5.377631,48.637539,16.860874,0,1.00E-05,0.000152207,0.064814815,0.571428571,6503.982273
26300034,,176803.2,612792.1,2630,61.9,0,77.201377,110.554376,0,2.05E-05,0.000102484,0.019950125,0.875,7068.396023
26300037,,177098.6,612210.8,2630,60.9,106.837992,33.243882,51.389864,0,1.07E-05,9.59E-05,0.023346304,0.5,9606.224085
26400002,,194549.3,667259.1,2640,60.8,8.49,297.649828,449.638262,22.133572,7.49E-05,5.15E-05,0.035897436,1.047619048,10034.8432
26400005,,195334.7,666300.1,2640,69.6,125.482623,355.885174,349.649176,0,4.57E-05,7.61E-05,0.025,0.888888889,10079.69638
26400009,,196460.6,667649.3,2640,68.7,11.334178,163.950741,372.571847,84.201369,1.83E-05,4.57E-05,0.033333333,0.9,10665.77839
26400010,,197422.5,668292.6,,,2265.069918,14521.95201,161.750012,0,,,,,
26400011,,197772.7,667071.3,2640,82.9,24.660751,95.789666,78.98193,30.110938,7.74E-05,0.000100611,0.039548023,0.928571429,11840.45865
26400013,,197900.3,666483.8,2640,67.6,36.63442,114.695084,41.008808,0,1.53E-05,6.87E-05,0.025069638,0.777777778,10927.47488
26500022,,185163.2,672233.1,2650,70.5,205.873587,717.630566,279.471907,10.339102,3.08E-05,0.000104664,0.058426966,0.692307692,16940.89542
26500023,,185591.5,672291.9,2650,66.6,205.796129,414.825671,257.429109,39.27726,3.56E-05,7.83E-05,0.036363636,1,16752.21684
26500034,,181949,672989.5,,,250.246198,602.423833,549.87791,0,,,,,
26500037,,183948,671221.8,,,33.89406,113.637701,487.598962,9.151017,,,,,
26600002,,174864.3,643236.6,2660,66,102.482154,257.974243,303.324368,59.151537,1.84E-05,0.000159715,0.031390135,1.071428571,8716.231387
26600005,,175842.8,642464,2660,64.8,22.639382,41.242418,162.680109,13.834943,5.87E-05,0.000202218,0.033333333,0.928571429,7174.818626
26600009,,175499.6,641148.7,,,0,0,39.768331,0,8.89E-05,1.48E-05,0.018918919,33,10555.30963
27100021,,214587.1,713444.2,2710,40.8,24.410482,61.348957,336.026108,0,,,,,
27100022,,214470,713646.4,2710,26.3,349.321019,730.876412,784.557103,12.897619,,,,,
27100034,,214856.3,713004.2,2710,47.1,97.817259,93.45293,344.652937,0,,,,,6652.132446
27200002,,197141.7,682019.4,2720,41.6,19.519,138.152141,0,7.255716,,,,,
27200005,,195172.3,681615.2,2720,44.7,0,0,0,0,,,,,
27200006,,194616.4,682188.7,,,0,57.596564,12.891794,0,,,,,
27300002,,201004.9,686466.4,2730,40.7,0,40,174.642204,0,,,,,
27300005,,200334.7,686036.1,2730,40,0,0,59.110719,0,,,,,
28000002,,254491.9,791095.7,2800,78.1,12.850235,31.732376,260.350676,13.583539,3.05E-05,4.88E-05,0.046770601,0.523809524,4898.345294
28000005,,253404.4,791185,2800,69.3,63.430311,125.57269,141.532056,0,1.18E-05,8.27E-05,0.030172414,0.714285714,3659.789465
28000009,,253954.9,789095.7,,,1073.548992,1248.118795,122.192813,14.671709,1.00E-05,1.00E-05,1.00E-05,0.1,
28000010,,253192.3,789450.7,2800,74.1,24.643759,41.560017,164.689329,0,4.42E-05,0.000103108,0.048387097,0.666666667,3570.933418
30000112,,223578,638815.9,3000,19.5,0,14.536815,151.625055,0,2.94E-05,7.83E-05,0.035714286,0.2,11024.23187
30000114,,223246.5,638690.1,3000,44.7,0,0,38.088327,0,9.76E-05,0.000130076,0.026706231,0.555555556,10453.54954
30000115,,223024.1,638862,3000,51.3,36.328381,186.05172,451.411904,8.98423,0.000159081,0.000114892,0.022580645,0.571428571,10332.55665
30000116,,222511.9,638458,3000,57,0,35.570452,256.665677,0,9.25E-05,0.00012716,0.029535865,0.571428571,10586.52932
30000121,,222148.3,638119.9,3000,71.9,19.139595,35.808511,69.568506,0,2.31E-05,8.65E-05,0.010526316,0.8,12584.59873
30000122,,222427.6,637815.5,3000,69.6,33.466474,65.627571,46.778992,24.821656,1.76E-05,0.000122936,0.028846154,0.444444444,10133.83731
30000123,,223023.7,637542.4,3000,63.5,110.227614,341.155587,712.211514,12.364088,3.47E-05,0.00013872,0.03164557,0.333333333,11327.40329
30000124,,223053.3,637126.1,3000,61.9,17.233339,38.198597,203.615189,9.832846,1.14E-05,0.000147786,0.033195021,0.25,9960.315515
30000131,,224276.6,636448.1,3000,55.5,15.742958,0,70.621043,0,1.00E-05,0.000114839,0.02994012,0.6,11677.31528
30000132,,223890.1,636452.1,3000,69.2,63.633221,153.674952,271.650188,7.303064,2.98E-05,0.00016116,0.034858388,0.4375,11013.38823
30000133,,223921.2,635924.3,3000,72.2,0,62.334548,136.992436,0,2.40E-05,0.000101915,0.015317287,0.714285714,10865.14288
30000134,,223533.4,636215.8,3000,68.9,29.958578,53.026953,125.003873,0,9.51E-06,0.000133181,0.027777778,0.625,10210.7647
30000135,,223142.6,636511.7,3000,62.3,91.554613,112.127455,150.848992,18.627196,1.22E-05,0.000128139,0.024498886,0.454545455,10830.3303
30000136,,222551.2,636482.8,3000,74.4,185.517694,915.678655,343.297644,8.624919,3.38E-05,0.000121766,0.027160494,0.363636364,10547.67541
30000411,,221071.5,635106.2,3000,39.9,0,45.756132,211.547073,9.898573,2.40E-05,8.17E-05,0.026315789,0.2,14547.63346
30000413,,220564.2,635491.1,3000,47,49.867998,45.823169,162.455529,0,2.42E-05,8.47E-05,0.037527594,0.470588235,14967.36152
30000421,,219233.5,635709.5,3000,62.2,278.031165,126.912244,811.269232,57.45321,3.64E-05,0.00012757,0.042128603,0.368421053,13439.80014
30000423,,219128.8,636339.9,3000,48.1,13.724662,27.752242,200.985572,0,7.11E-05,8.75E-05,0.015968064,0.625,13807.37471
30000425,,218744,636341.6,3000,27.3,0.033688,96.667499,263.197615,0,1.08E-05,7.04E-05,0.033596838,0.352941176,12749.5911
30000432,,218175.3,636199.4,3000,40.6,43.16491,65.191515,478.160956,13.075407,3.28E-05,0.000120307,0.033932136,0.411764706,14530.4246
30000434,,218612.8,635394.1,3000,50.3,101.380172,41.477385,50.357933,35.151111,3.32E-05,0.000132835,0.042424242,0.285714286,13312.71194
30000435,,218720.6,635188.2,3000,65.5,58.839744,202.632064,129.959194,30.347155,1.30E-05,0.000155814,0.047393365,0.5,16427.14806
30000436,,217309,634048.7,,,0,0,8.192264,0,,,,,
30000511,,219976.2,634507.7,,,4288.336651,6937.64524,742.004325,15.708892,1.00E-05,1.00E-05,1.00E-05,0.1,
30000513,,220368.3,633607.9,3000,25.1,19.855233,59.309337,495.511196,0,1.42E-05,6.40E-05,0.020779221,0.375,17720.85575
30000514,,220646.8,633699.6,3000,30.4,64.132161,298.125127,510.005215,13.418651,6.33E-06,0.000132874,0.025404157,0.636363636,17267.11265
30000521,,220722,634400.9,3000,25.6,4.5218,51.541872,322.349567,10.665395,3.83E-05,7.66E-05,0.03030303,0.153846154,18265.67069
30000522,,221171.6,634196,3000,42.3,96.356784,229.746811,436.343207,0,3.61E-05,9.40E-05,0.023746702,0.333333333,16104.77759
30000532,,221175,633639.9,3000,35.2,0,72.948483,158.183912,0,3.23E-05,0.000116309,0.021226415,1.111111111,15075.66543
30000542,,222479.5,634380.4,3000,68.1,7.790805,270.455732,322.794448,0,1.35E-05,0.000148458,0.034482759,0.714285714,12143.48777
30000543,,223317.8,633337.8,,,75.729287,621.675856,5187.562261,0,1.00E-05,0.000353513,0.129032258,0.5,
30000812,,221511.7,632367.9,3000,27.2,86.529425,363.680148,877.28422,0,5.58E-05,0.000183179,0.037790698,0.923076923,15901.06183
30000821,,221178.5,632646.6,3000,11.4,87.339473,439.148613,595.691977,7.731024,5.12E-05,9.51E-05,0.02670227,0.4,12496.56825
30000822,,221267.8,633044.9,3000,18,83.372332,100.24145,309.629754,0,3.23E-05,0.000106084,0.03030303,0.666666667,15554.77276
30000823,,221106.7,632935.9,3000,22.6,111.806556,34.229131,165.502892,0,1.57E-05,0.000110219,0.028735632,0.8,14487.88943
30000825,,220865.2,632921.7,3000,16.5,77.035156,459.085186,304.958068,0,1.04E-05,0.000114155,0.015151515,0.25,15651.95877
30000831,,220296.7,633191.9,,,0,100.334515,258.900136,0,,,,,24100.33237
30000832,,219823.5,632943.4,3000,34.7,254.068099,384.482657,785.192867,0,2.40E-05,0.000144196,0.032163743,0.636363636,17027.88262
30000833,,220077,632710.1,3000,52.3,36.692862,216.912367,554.136897,0.949398,2.09E-05,0.000167312,0.030534351,0.5,18252.54248
30000834,,220172.2,632905.4,3000,26.8,22.751736,217.546516,325.544357,0,3.60E-05,0.000194154,0.034120735,0.769230769,14998.95115
30000835,,220540.8,632830.8,3000,20.8,81.187867,491.863121,193.373282,0,1.00E-05,0.000137675,0.035175879,0.285714286,13397.9991
30000836,,220486.6,632665.5,3000,37.7,152.87005,301.162751,509.776268,11.683443,1.71E-05,0.000128025,0.043613707,0.785714286,16145.96262
30000841,,220808.7,632422.6,3000,73.1,143.093145,2074.485966,2174.312807,21.549883,1.00E-05,0.000109589,0.046666667,0.857142857,19704.40845
30000842,,221205.8,632461.8,3000,26.6,56.901067,334.691003,1436.583798,0,1.00E-05,0.000152207,0.027777778,1.5,16419.39447
30000851,,220317.6,632111.2,3000,52.9,0,142.119496,115.768403,0,1.00E-05,0.000132035,0.024096386,1,15899.29118
30000852,,220362,632247.9,3000,65.2,56.731331,123.808188,68.798768,5.938852,3.56E-05,0.000391389,0.077922078,0.833333333,18334.62933
30000854,,219927.9,632376.6,3000,72,10.404584,36.346632,128.208106,0,1.57E-05,0.000219178,0.062857143,0.818181818,16806.81424
30000855,,220108.6,632251,3000,78.5,20.882071,300.998379,100.232742,0,7.02E-05,0.00029856,0.076923077,0.833333333,18989.05595
30000856,,219995.5,632092.6,3000,79.7,4.018481,27.252592,89.621335,0,2.71E-05,0.000244134,0.069306931,1,16500.62169
30000861,,219971.2,631636.8,,,0,129.400383,472.112618,0,1.00E-05,0.00016116,0.023529412,1.5,17041.96096
30000862,,220250.3,631434.1,3000,61.6,0,440.525149,346.321668,12.004777,4.35E-05,0.000239182,0.03968254,1.2,25053.15678
30000863,,220214.7,631107.1,3000,69.6,101.038637,608.503829,535.151734,13.547185,3.82E-05,0.000210014,0.06271777,1,22440.36836
30000912,,219789.8,633786.7,3000,40,65.107942,409.639744,542.363364,18.167103,4.18E-05,9.55E-05,0.034858388,0.5625,16289.953
30000916,,218575,633660.9,,,0,10,0,0,,,,,
30000921,,218467.7,633304.3,3000,28.7,85.560968,293.563356,307.87011,0,1.75E-05,0.000130879,0.01910828,1.166666667,15732.95037
30000923,,218269.8,633018.3,3000,54.7,132.518988,596.458455,523.623769,18.641803,2.85E-05,0.000108222,0.024948025,0.916666667,15714.76302
30000925,,216107.8,633385,,,8.486,3,25.042968,4.311729,4.42E-05,0.000132567,0.048387097,0.333333333,13048.11699
30000931,,216420.9,632835.6,3000,50.7,16.479035,92.828224,172.501488,10.088453,2.69E-05,0.000134741,0.049180328,0.333333333,14734.55849
30000933,,216775.7,632262.4,3000,45.7,32.513839,67.820925,342.331712,48.543471,2.38E-05,0.000107207,0.023913043,0.454545455,15221.09088
30001011,,217709.3,631909.9,3000,70,24.381866,451.353131,661.513238,65.369732,3.65E-05,9.13E-05,0.031111111,0.5,15838.55331
30001012,,218146.7,631008.3,3000,56.9,45.310637,273.922221,218.684337,12.628459,4.67E-05,9.35E-05,0.02771855,0.538461538,18755.42336
30001014,,218303,632030.2,3000,70.6,7.736631,298.041732,750.497019,24.494479,3.39E-05,0.000110268,0.037151703,0.666666667,17693.07469
30001015,,218534.1,632516.8,3000,63.5,98.241081,255.051645,542.508255,20.663291,8.65E-05,0.00015671,0.051282051,0.692307692,16967.70882
30001022,,219281.2,630717,3000,61,26.823364,148.577704,253.667335,37.688196,5.91E-05,9.86E-05,0.014388489,1.5,17559.55443
30001023,,218818.3,631385.7,,,75.658968,391.849185,1562.095409,0,1.00E-05,1.00E-05,1.00E-05,0.1,
30001031,,217894.1,630177.9,3000,49.4,90.417713,317.357517,767.89254,13.412808,4.86E-05,0.000121585,0.022189349,0.6,17973.55469
30001033,,216510.8,631270.4,,,15.571595,142.051725,1055.761496,21.42427,1.00E-05,1.00E-05,1.00E-05,0.1,
30001034,,217568.6,630516.4,3000,41.8,113.865312,248.845154,976.430246,0,1.07E-05,0.000117493,0.013645224,0.428571429,17953.25168
30001044,,218134.9,629472.1,3000,62.2,54.481036,33.64883,42.976689,0,4.98E-05,0.000124533,0.027272727,0.833333333,19776.89985
30001111,,209881.1,629343.3,,,0,0,0,0,,,,,
30001112,,213472.7,631421.7,,,0,0,0,0,,,,,9351.869449
30001113,,213866.2,630305.3,,,0,0,0,0,,,,,
30001115,,215561.2,630615.6,3000,78.1,104.447799,435.526071,720.584246,0,3.68E-05,7.35E-05,0.040268456,0.666666667,12494.20787
30001121,,216328.6,630099.2,3000,58.4,0,34.889658,170.064455,0,2.28E-05,0.000125571,0.020833333,1,12032.97566
30001122,,216451.7,630549.7,3000,67,83.168222,166.310514,710.788906,40.372802,5.27E-05,0.000105374,0.038461538,0.722222222,13213.51533
30001132,,216963.5,629092.9,3000,61.1,26.824739,25.973192,130.226363,0,4.30E-05,0.000147429,0.035874439,0.5625,12109.70783
30001133,,216622.8,629712.5,3000,73.2,20.686285,33.040694,439.029021,5.654032,1.00E-05,0.000114155,0.036458333,0.428571429,16209.20846
30001142,,215903.5,629122.9,3000,60.7,46.409267,55.359502,159.45633,12.590483,4.33E-05,0.000173035,0.036842105,0.714285714,13107.46862
30001143,,216291.5,628997.2,3000,59.3,21.508961,17.088147,175.077557,0,3.73E-05,0.000111978,0.035422343,0.769230769,10800.77642
30001145,,213647.2,626716,,,51.988659,51.254469,32.663117,0,1.00E-05,1.00E-05,1.00E-05,0.1,
30001147,,217428.7,628762.1,3000,61.4,39.293015,121.231813,333.400279,0,3.60E-05,0.000115054,0.036745407,0.428571429,17431.12046
30001211,,218557.8,628962.9,3000,60.1,4.520767,43.392178,186.146661,12.247239,3.33E-05,0.000177472,0.044534413,0.636363636,11209.98701
30001212,,218659.5,629127.1,3000,66.2,51.482593,398.418801,566.097945,22.715452,2.45E-05,0.000154925,0.029761905,1,11712.68152
30001213,,219153.3,628656.1,3000,65,31.273977,46.543962,246.245368,7.294301,4.35E-05,0.000141335,0.015873016,0.75,9758.618077
30001214,,219290.3,628974.9,3000,59.7,122.974646,59.647287,448.05478,11.833886,2.14E-05,0.000160531,0.03515625,0.555555556,14017.69507
30001215,,219931.6,629372.8,3000,66.1,57.876469,342.623034,287.553997,23.673614,2.14E-05,0.000128425,0.025390625,0.769230769,13739.89607
30001217,,219267.4,629424.2,3000,69.7,65.625956,437.98418,1180.615014,38.424344,3.92E-05,0.000130775,0.040572792,0.588235294,14403.60651
30001221,,218678.4,630061,3000,67.3,32.115081,103.33491,609.454658,21.171584,5.66E-05,0.000124533,0.04338843,0.476190476,14705.16044
30001223,,219748,630470.1,3000,55.6,23.051602,335.184886,263.87176,27.710748,2.44E-05,0.000121946,0.041543027,0.571428571,19327.2682
30001311,,219931.5,630062,3000,68.3,37.535608,469.383798,557.501586,52.47252,1.09E-05,0.000163079,0.043650794,0.636363636,19960.36192
30001312,,220217,630364.6,3000,68.2,37.825661,341.496558,534.093972,94.319081,8.20E-06,0.000131244,0.02994012,0.7,20729.99234
30001313,,220574.3,629940.1,3000,67.9,151.44269,1038.942373,799.651044,18.657869,1.33E-05,0.000159596,0.038834951,0.75,20635.60294
30001314,,220863.4,630255.3,3000,58.9,47.757691,747.836951,829.772075,41.595335,1.37E-05,0.000191781,0.045,0.555555556,22527.56885
30001321,,220817.6,630942.7,3000,59.8,36.584671,1310.634148,1259.082759,47.036118,2.91E-05,0.000174876,0.042553191,1.125,23796.80587
30001334,,220945.2,629562.2,3000,66.2,31.79002,293.369884,338.010564,18.770337,1.12E-05,0.000156556,0.036734694,0.555555556,19227.20364
30001335,,220734.5,629246.2,3000,68.7,67.119072,263.515002,672.975313,0,2.96E-05,0.000197103,0.043165468,0.583333333,16350.58878
30001341,,221495.3,628862.1,3000,56.8,2.284529,7.179901,28.408124,0,3.81E-05,0.000114155,0.024305556,0.857142857,17924.32467
30001342,,221167.7,628670.2,3000,66.5,437.472767,1083.90166,830.525157,102.992201,2.28E-05,0.000136702,0.027027027,0.692307692,15684.07829
30001343,,221013.2,628195.6,3000,67.8,65.933284,117.530337,253.448656,0,1.16E-05,9.25E-05,0.033755274,0.5,18232.73333
30001345,,220745.8,629013.4,3000,62.4,2026.072406,7678.593584,2729.168606,29.562806,1.00E-05,0.000178678,0.02173913,1,13311.0566
30001346,,220211.9,629165.4,3000,61.1,14.001561,52.777413,89.115636,14.541862,4.81E-05,0.000112153,0.029239766,0.4,17403.29298
30001351,,221980.5,628308.4,3000,60.3,31.198515,26.226,89.121967,0,4.81E-05,0.000160218,0.064327485,0.5,12435.27715
30001353,,222554.3,628077.4,3000,67.7,0,22.097547,10.335163,0,2.26E-05,0.000158497,0.020661157,1,10582.7046
30001354,,222499.5,628472.9,3000,64.9,12.251285,142.22434,197.057048,14.969822,2.20E-05,0.000176047,0.036144578,0.777777778,10929.34034
30001621,,219797.3,627316,,,0,0,11.204105,0,,,,,
30001623,,221482.3,625454.6,3000,79.1,0,0,0,0,3.90E-05,9.75E-05,0.024911032,1.142857143,
30001631,,219021.1,626816.3,3000,69.5,41.662704,40.336575,299.686779,0,2.58E-05,0.000180358,0.034482759,0.727272727,11388.21531
30001633,,218445.4,626365.8,3000,60.6,50.646887,62.261685,337.649045,0,3.70E-05,0.000142804,0.021235521,0.727272727,10364.19212
30001634,,218033.7,626920.7,3000,62.6,51.163008,121.992987,238.900244,35.571767,6.47E-05,0.00015286,0.02360515,0.909090909,11196.04391
30001641,,217830.8,626249,3000,55.6,83.372144,287.632666,997.057693,23.894167,7.76E-06,0.000178509,0.025495751,0.777777778,10099.4266
30001642,,217430,626605.9,3000,63.5,5.43662,26.936388,25.294534,0,2.74E-05,0.000127854,0.026666667,0.5,11002.98947
30001644,,217001.7,627043.8,3000,54.8,29.592402,5.50163,14.831335,0,1.00E-05,0.000101471,0.037037037,0.428571429,14274.16337
34880001,,211034.3,617446.3,3488,66.1,42.272,123.818,92.178,0,,,,,
35550001,,242167.4,655071.5,3555,76.6,,,,,,,,,
35560001,,243779.7,632946.5,3556,85.3,,,,,,,,,
35580001,,241843.3,658233.1,3558,72.8,60.827,39.558,5.392,0,,,,,
35600001,,203406.4,668730.7,3560,66.2,43.37,152.655,449.839,0,1.00E-05,1.00E-05,0.007751938,0.1,
35610001,,213597.5,616418.2,3561,81.1,69.679,47.251,84.876,0,,,,,
35630001,,221876.3,617591.6,3563,69.9,,,,,1.00E-05,1.00E-05,1.00E-05,0.1,
35640001,,233074.7,651919.4,3564,76.1,,,,,,,,,
35650001,,232360.7,648959.2,3565,77.3,,,,,,,,,
35660001,,244900.6,663401.4,3566,72.3,,,,,,,,,
35670001,,204866,683271.1,3567,77.3,,,,,,,,,
35680001,,212958.5,708295.7,3568,74.3,7.179,26.393,32.771,0,,,,,
35690001,,216587,702982.1,3569,67.9,,,,,,,,,
35700001,,216241.2,667787.9,3570,72.9,251.79459,409.396431,283.34379,4.594,3.56E-05,9.49E-05,0.047619048,0.545454545,
35700002,,216902,668130.9,3570,65.1,35.436917,75.154397,265.654475,3.833,3.93E-05,9.82E-05,0.064516129,0.611111111,
35700005,,219417.7,667873.1,3570,66.5,54.104108,342.370649,1170.624745,0,1.23E-05,4.32E-05,0.036036036,1.375,
35710001,,217652.5,685559.5,3571,56.3,6.993,14.642,94.628,0,,,,,
35720001,,223727.3,669443.6,3572,79.4,50.181,2.032,88.268,0,,,,,
35730001,,212097.9,657050.4,3573,70.3,,,,,,,,,
35740001,,221215.4,649891.4,3574,78.1,185.833,317.826,907.55,49.128,1.00E-05,1.00E-05,0.015254237,0.1,
35750001,,212092,642809,3575,70.8,,,,,,,,,
35760001,,237452.7,635921.6,3576,70.6,,,,,1.00E-05,1.00E-05,0.009259259,0.5,
35780001,,250436.9,694842.4,3578,79.7,,,,,,,,,
35980001,,249512.2,675504.7,3598,67.6,23.281,9.483,3.847,0,,,,,
36010001,,244341,628646.1,3601,73.8,21.926,96.99,44.405,0,,,,,
36020001,,211925,619499,3602,79,,,,,,,,,
36030001,,216384.7,625447,3603,72.8,,,,,,,,,
36040001,,212023.6,618045.6,3604,71.4,40.006,166.417,679.62,27.933,1.00E-05,1.00E-05,0.009646302,0.1,
36050001,,246628.7,668960,3605,75.9,43.51,23.175,77.848,0,,,,,
36060001,,242397.4,656293.6,3606,79.9,,,,,,,,,
36070001,,240174.4,650518.1,3607,82.3,12.294,3.52,17.895,0,,,,,
36080001,,238282.5,664229.3,3608,66,62.924,13.346,224.99,0,,,,,
36090001,,241290.8,678380.9,3609,87.3,30.963,3.837,9.035,0.963,,,,,
36100001,,238094.8,608398.6,3610,82.1,63.388,24.539,26.596,0,,,,,
36120001,,242961.7,683255.4,3612,84.2,21.749,16.745,80.62,0.92,,,,,
36130001,,237558.9,667660.8,3613,77.8,,,,,,,,,
36140001,,240103.3,674436.1,3614,88.4,,,,,,,,,
36150001,,241978,661229.3,3615,82.5,30.392,11.144,26.956,0,,,,,
36160001,,231570.3,633328.3,,,864.546588,381.746884,135.436137,0,,,,,
36160002,,229658.7,631749.4,3616,85.8,36.851,57.4151,145.265315,0,4.30E-05,0.000122858,0.029147982,1,
36160004,,228650.4,633187.9,3616,62,30.611,38.204843,265.224196,10.854319,7.44E-05,6.70E-05,0.048913043,0.777777778,
36160005,,228225.7,632040.8,3616,61.6,0,83.01783,274.659947,9.013473,4.71E-05,8.75E-05,0.041769042,0.823529412,
36160006,,228311.8,631630.1,3616,73.5,4.424,41.818633,51.243393,0,2.44E-05,0.000109589,0.04,0.888888889,
36160007,,228745.3,631675.6,3616,70.5,16.251492,101.101677,468.172999,9.060284,2.80E-05,0.000111826,0.038265306,0.733333333,
36160009,,229041.5,630685.4,3616,75.4,38.083507,73.431434,255.07562,6.826225,2.47E-05,8.66E-05,0.020316027,1.222222222,
36160010,,228355,630434.9,3616,72,0,99.206296,288.163925,0,1.49E-05,9.68E-05,0.024456522,0.888888889,
36180001,,213532.3,618719.8,3618,73.6,,,,,1.00E-05,1.00E-05,0.012552301,0.1,
36190001,,246297,683805.8,3619,73.4,,,,,,,,,
36200001,,243161.3,652773.1,,,49.41,24.014,0.807,0,,,,,
36370001,,206790.9,674812.4,3637,85.1,,,,,,,,,
36380001,,232147,637138.2,3638,83.2,,,,,1.00E-05,1.00E-05,0.002688172,0.1,
36390001,,241115.1,637119.1,3639,80.6,,,,,,,,,
36400001,,208917.7,675263,3640,67.7,131.568,317.791,575.554,22.742,1.00E-05,1.00E-05,0.004573171,0.333333333,
36410001,,228621.7,662257.1,3641,73.2,,,,,1.00E-05,1.00E-05,0.006779661,0.1,
36430001,,216533.5,709590.5,3643,73,13.863,3.266,50.26,0,,,,,
36440001,,215082.1,639466,3644,64.7,,,,,,,,,
36450001,,246129.6,635010.2,3645,85.1,,,,,,,,,
36460001,,249681,684075.7,3646,86.2,0,11.831,18.43,0,,,,,
36470001,,210864.5,672921.1,3647,70.2,,,,,,,,,
36480001,,203232.6,648550.4,3648,53,,,,,,,,,
36490001,,216100.6,708802.5,3649,86.2,166.6,53.31,82.992,0.829,,,,,
36500001,,214847.3,618884.4,3650,68.1,123.543,512.25,1149.247,46.741,1.00E-05,1.00E-05,0.008849558,0.1,
36510001,,229082.7,642860.8,3651,77.1,37.372,32.181,155.228,13.87,,,,,
36520001,,204886.4,659868.6,3652,70.7,61.2,77.013,246.278,0,1.00E-05,1.00E-05,0.013888889,0.1,
36530001,,221860.7,611543,3653,58.3,,,,,,,,,
36540001,,210154.1,668174.1,3654,82.6,,,,,,,,,
36550001,,204634.4,652259.8,3655,73.9,,,,,,,,,
36560001,,217545.3,593331.8,3656,85.4,37.209,67.154,68.935,2.727,,,,,
36570001,,215611.6,591322.1,3657,87,,,,,,,,,
36580001,,216885.7,656365.9,3658,69.9,,,,,,,,,
36590001,,221382.3,645104,3659,66.8,,,,,,,,,
36600001,,213080.7,674237.1,3660,47.8,24.669,75.763,270.887,3.776,1.00E-05,1.00E-05,1.00E-05,0.1,
37090001,,203479.3,639569.2,3709,72.8,,,,,1.00E-05,1.00E-05,0.004405286,0.1,
37100001,,225199,677663.8,3710,68.3,0,37.473,127.213,0,1.00E-05,1.00E-05,0.004878049,0.1,
37120001,,212059.2,687838.9,3712,72.1,,,,,,,,,
37130001,,244370.6,646003.7,3713,72.3,,,,,,,,,
37150001,,228072.3,637604.5,,,2.669,5.351,44.682,0,,,,,
37170001,,211419.8,703270.2,3717,64.3,3.681,10.393,6.755,1.408,,,,,
37190001,,203045.2,607890.8,3719,90,,,,,,,,,
37200001,,202655.7,669988,3720,63.8,,,,,1.00E-05,1.00E-05,0.003802281,0.5,
37220001,,190984.5,588813.8,3722,85.5,10.907,7.24,29.366,0,,,,,
37230001,,215753.7,599331.8,3723,74.1,,,,,,,,,
37240001,,198456.4,600132.3,3724,81.2,,,,,,,,,
37250001,,213716.2,620499.7,3725,61.9,,,,,1.00E-05,1.00E-05,0.009302326,0.1,
37260001,,223463.8,617296.6,3726,82.1,23.461,57.982,59.489,0,,,,,
37270001,,206250.6,664272.9,3727,68,,,,,,,,,
37300001,,216876.5,641106.4,3730,70.8,4.265,54.017918,111.319008,0,5.37E-05,5.37E-05,0.058823529,0.75,
37300003,,216157.9,639974.2,3730,63.2,25.763,27.78708,170.889243,0,7.35E-05,3.02E-05,0.050473186,1.59375,
37300004,,214146.9,641407.2,,,5.582,0,0,0,7.33E-05,1.47E-05,0.032085561,4.833333333,
37430001,,195932.4,587075.6,,,5.327,20.685,13.72,0,,,,,
37450001,,210714.9,585890.3,3745,84,,,,,,,,,
37460001,,210697,669314.6,3746,87.4,,,,,,,,,
37470001,,212785.5,648143.3,3747,74.4,,,,,,,,,
37480001,,202761.6,594156.1,3748,75.1,,,,,,,,,
37490001,,222567.2,674943.1,3749,68.3,,,,,,,,,
37500001,,201403.4,675594.4,3750,75.3,207.17,367.803,347.922,4.936,1.00E-05,1.00E-05,0.003957784,0.333333333,
37510001,,232453.7,666314,3751,75.9,0,15.225,4.046,0,,,,,
37520001,,222810.4,662390.1,3752,71.6,10.63,8.705,100.646,2.343,,,,,
37540001,,217841.8,610415.3,3754,40.1,,,,,,,,,
37560001,,210794.7,588917.9,3756,85.1,,,,,,,,,
37590001,,201701.2,606655.6,3759,76.1,,,,,,,,,
37600001,,199249.5,670892.3,3760,66.6,102.112,260.537,369.938,33.923,1.00E-05,1.00E-05,0.001310616,1,
37620001,,229210.9,675613.6,,,324.966,230.859,387.14,0,,,,,
37630001,,226071.7,639678.6,3763,76.4,,,,,1.00E-05,1.00E-05,0.008230453,0.25,
37640001,,207614.7,600107.8,3764,86.7,,,,,,,,,
37650001,,225136.3,664241.9,3765,68,,,,,1.00E-05,1.00E-05,0.021917808,0.1,
37660001,,209622.3,612972.8,3766,72.3,0,10.499,41.192,6.929,,,,,
37670001,,213341.9,653483.1,3767,54.9,,,,,,,,,
37680001,,205053.9,663175.3,3768,83.4,,,,,,,,,
37690001,,212325,637087.6,3769,73.2,52.055,188.065,185.521,9.911,1.00E-05,1.00E-05,0.007978723,0.1,
37700001,,202366.7,648726.1,3770,59.6,,,,,1.00E-05,1.00E-05,0.003759398,0.1,
37780001,,204575.7,669566.4,3778,54.2,,,,,,,,,
37790001,,223125,643068.4,3779,67,,,,,1.00E-05,1.00E-05,0.005979073,0.1,
37800001,,211543.9,622812.6,3780,43.4,18.75,181.953095,291.629839,7.203748,1.54E-05,7.72E-05,0.022535211,1.125,
37800003,,211004.7,622259.2,3780,48,15.416696,102.330488,311.088711,0,1.71E-05,5.13E-05,0.017160686,1.181818182,
37800004,,210858.7,622482.6,3780,42.7,0,58.462115,283.327768,15.947636,7.38E-06,5.91E-05,0.026954178,0.9,
37800005,,210332.2,622197.8,3780,40.9,23.230171,87.314996,311.244944,0,2.72E-05,5.44E-05,0.019851117,0.875,
37800007,,211303.1,623386.6,3780,55.3,29.026445,115.781255,355.720579,0,4.33E-05,4.81E-05,0.012280702,1.714285714,
37810001,,229415.8,628882.6,3781,78.1,,,,,,,,,
37820001,,247650.3,691590.6,,,,,,,,,,,
37840001,,201227.7,588443.6,3784,71,,,,,,,,,
37860001,,241495.1,620752.6,,,0,0.89,21.53,0,,,,,
37870001,,206271.9,652255.1,3787,85.9,0,0,22.601,2.75,,,,,
37880001,,212810.7,649538.5,3788,89.7,,,,,1.00E-05,1.00E-05,0.009036145,0.1,
37900001,,209747.9,673514.2,3790,69.1,,,,,,,,,
37910001,,201003.2,678324.1,3791,75.9,,,,,,,,,
37930001,,207076.7,687968.8,3793,78.8,,,,,,,,,
37940001,,209649.6,618417.4,3794,59.9,17.338,25.829,100.132,0,,,,,
37950001,,212331,669489.4,3795,81.4,,,,,,,,,
37960001,,203617.6,647431,3796,77.3,,,,,1.00E-05,1.00E-05,0.007490637,0.1,
37970001,,201800.4,648470.5,3797,67.6,1.841,12.501168,8.615971,0,0.000158061,2.63E-05,0.076923077,1.4375,
37970003,,204384,648395.4,3797,44.5,12.965244,44.662087,419.719071,10.845402,7.44E-06,0.000141453,0.008152174,1.666666667,
37970005,,204206.3,648885.4,3797,40.7,8.048855,133.6596,657.535747,24.723584,3.00E-05,0.000102139,0.019736842,0.888888889,
37970007,,203925,649455.1,3797,52.3,26.161043,977.918999,483.850015,30.567655,5.70E-05,5.70E-05,0.015608741,1.266666667,
37970008,,204099,649692.3,3797,49.8,0,84.596502,260.870004,19.985879,3.84E-05,6.52E-05,0.018207283,1.153846154,
40000111,,206805,749404.5,4000,52.4,0,27.911485,206.035034,22.379295,7.57E-05,9.08E-05,0.049723757,2.666666667,6426.017374
40000121,,206096.7,748391.3,4000,58.2,113.647036,268.357218,282.510855,0,2.87E-05,8.62E-05,0.048218029,1.086956522,6981.615333
40000123,,205549.1,747545.6,,,112.115253,96.764012,25.351591,0,,,,,
40000124,,206182.5,747966.9,,,97.943664,97.724171,31.971124,0,,,,,
40000131,,206498.3,747396.4,4000,71.7,14.705551,133.32935,313.562069,0,4.52E-05,8.14E-05,0.056105611,0.764705882,7291.369778
40000132,,206732.6,747769.4,4000,71,15.815542,103.904233,348.515217,27.177229,3.33E-05,0.000149894,0.039513678,0.846153846,7837.017368
40000133,,206930.3,748141.3,4000,70.8,8.659982,12.856449,236.352562,8.034399,3.41E-05,5.12E-05,0.043613707,0.928571429,8425.515522
40000135,,206946.2,747026.5,4000,60.7,8.768339,120.563469,388.585884,0,4.51E-05,5.64E-05,0.041152263,1.05,7183.999813
40000211,,206487.6,746348.6,,,2450.566378,3068.375796,318.670716,0,1.00E-05,1.00E-05,1.00E-05,0.1,7621.324038
40000212,,204963.1,747099.8,,,905.592839,1240.02505,186.637468,0,1.00E-05,1.00E-05,1.00E-05,0.1,
40000213,,205660.5,745968.4,,,3028.349704,4750.516016,522.773235,0,1.00E-05,1.00E-05,1.00E-05,0.1,5173.868202
40000221,,204214.7,744277.4,,,748.009538,1897.562947,460.46471,3.723769,1.00E-05,1.00E-05,1.00E-05,0.1,6949.619758
40000222,,203352.1,743787,,,1811.685145,5929.795637,1018.278167,0,1.00E-05,1.00E-05,1.00E-05,0.1,
40000223,,201829,745841.9,,,1899.352655,3474.951666,1322.340514,0,,,,,7106.446039
40000231,,203150.6,745947.8,,,756.988666,379.161608,249.800027,0,,,,,
40000311,,201262.4,745350.5,4000,52.9,42.513939,276.400238,77.254234,20.950569,3.60E-05,0.000144196,0.039473684,0.666666667,4011.399768
40000321,,200498.9,746655.4,,,167.696864,4098.091966,3462.620886,0,1.00E-05,1.00E-05,0.285714286,1,
40000331,,199947.3,746987.1,4000,47.6,133.559724,162.168738,192.715722,0,1.00E-05,0.000118262,0.014388489,1,4253.400959
40000333,,199634.4,747192.6,4000,66.1,74.394327,370.990248,547.664439,0,1.00E-05,0.000107021,0.0078125,1,5302.662507
40000411,,198981.7,747672.6,4000,58.4,144.586625,782.443848,896.252814,19.546296,4.64E-05,0.00023992,0.033898305,0.5,7232.891931
40000413,,198469.8,747515.9,4000,66.7,32.734088,24.310697,128.666046,17.808421,3.71E-05,0.000163344,0.021680217,1,7322.757967
40000417,,198227.4,748649.6,4000,47.1,54.280856,397.441623,926.651562,1.746608,6.81E-05,0.000119119,0.034161491,0.909090909,8382.693789
40000421,,196799.4,747980.5,4000,60.2,0,19.669269,21.521684,0,1.40E-05,9.83E-05,0.025641026,0.6,6781.574879
40000422,,196665.6,747538.6,4000,60.5,54.223838,204.106359,219.353497,39.724865,4.82E-05,0.000137675,0.022613065,0.777777778,7608.384769
40000423,,196925.6,747137.1,4000,56.6,38.938924,46.274163,413.75895,25.605281,5.04E-05,0.000151273,0.024539877,0.833333333,7762.364826
40000424,,196377.5,746894,4000,64.8,51.66471,252.463138,155.83407,0,5.83E-05,0.000160303,0.034574468,0.769230769,6831.735946
40000425,,196907.1,746699.1,4000,66.4,0,1.64002,0,15.569268,8.39E-05,2.80E-05,0.020408163,5,9048.820543
40000431,,196262.8,745723.6,,,220.463185,655.870206,130.659703,0,1.00E-05,7.61E-05,0.027777778,1,
40000433,,197175.4,744022.8,,,3214.269722,7141.260512,456.983766,0,,,,,11676.65063
40000511,,198088.3,744799.8,4000,63.1,12.850383,298.031286,375.630907,48.941718,4.84E-05,8.23E-05,0.024734982,0.642857143,12743.42563
40000512,,198920.2,744254.6,4000,61.4,63.407665,661.402377,573.826025,97.158595,7.92E-06,0.000118774,0.031791908,0.545454545,14047.13221
40000513,,199478.5,744673.7,4000,63.5,21.409475,118.853728,83.417797,27.304731,1.78E-05,0.000124939,0.035830619,0.545454545,10967.55548
40000521,,200090.7,744953.3,4000,60.4,10.47103,77.79624,119.218534,0,3.17E-05,0.000126693,0.028901734,0.6,8704.096321
40000522,,199534.2,745390.9,4000,54.4,39.53659,231.29229,402.942029,13.356315,3.01E-05,0.000120428,0.021978022,0.75,13538.90165
40000523,,199206.3,745409.1,4000,49.2,80.037111,1659.346253,981.335359,26.181662,4.67E-05,0.000155666,0.039772727,1,15609.5824
40000525,,198336.9,745399.7,4000,66.7,136.626553,593.850947,227.754296,64.325847,4.36E-05,0.000167145,0.029177719,0.909090909,13037.3995
40000527,,197527,745692,4000,59.9,61.596159,21.218636,0,11.110177,4.68E-05,8.20E-05,0.008547009,2,9232.760934
40000528,,197381.5,746485.3,4000,61.9,46.24267,57.174242,266.168882,73.092075,2.77E-05,0.00010404,0.032911392,0.538461538,9745.35601
40000531,,197515.4,747504.8,4000,58.2,85.002902,270.513213,738.624501,32.148077,3.20E-05,9.60E-05,0.023364486,0.5,10348.26665
40000533,,198335.9,746513.6,4000,60,50.687809,410.340942,432.570328,36.402815,3.36E-05,0.000127585,0.022058824,1.111111111,13335.76958
40000611,,198811.2,746991.5,4000,68.9,48.057469,50.050924,148.392272,0,2.55E-05,0.000102102,0.01552795,1.6,7458.591851
40000613,,199576.5,746222.7,4000,59.1,57.210959,104.138844,108.580903,14.807747,9.32E-06,0.000223651,0.034013605,1.3,6423.526649
40000621,,199495,745999.2,4000,58.9,75.581719,228.031716,2095.174475,24.924104,4.96E-05,0.000162826,0.041343669,0.625,8121.68143
40000622,,199983.4,745565.7,4000,60,15.906747,25.775717,190.197066,0,4.31E-05,0.000215387,0.031446541,1.2,6125.012514
40000623,,200204.5,745229.9,4000,60.7,45.548565,194.110799,233.567819,12.891717,3.75E-05,0.00013511,0.02739726,0.4,7860.151991
40000631,,200117,745859.6,4000,53.6,220.504814,693.108484,967.30318,12.512703,6.39E-05,0.000178817,0.034965035,1.466666667,5578.016413
40000633,,200031.2,746611.2,4000,42.3,317.783233,3851.1064,2697.598022,39.550204,1.79E-05,0.00016116,0.019607843,1.333333333,4320.551498
40000634,,200374.2,746135.9,4000,45.9,284.523009,1987.479993,822.187216,17.254746,3.54E-05,0.000229783,0.077419355,0.916666667,4185.211371
40000641,,200632.1,745672.9,4000,51.8,110.457768,299.998685,566.66063,6.486904,4.86E-05,0.00017022,0.050295858,0.941176471,5126.059236
40000642,,200449.8,745388.8,4000,47.3,23.589714,160.021136,510.560585,6.961981,6.01E-05,0.000160374,0.029268293,1.166666667,6477.454587
40000643,,200646,745021.3,4000,50.7,20.02578,75.010611,156.936872,0,6.14E-05,6.14E-05,0.02690583,0.666666667,6848.114441
40000644,,200350.6,744762.6,4000,48.6,16.277017,12.910349,11.660068,3.765688,3.91E-05,0.000156556,0.014285714,1,6375.851294
40000711,,201024.1,745226.3,4000,51,32.404652,44.718158,187.539416,0,3.11E-05,0.000124533,0.022727273,1.25,3909.220879
40000712,,201476.1,744857.1,4000,62.5,0,48.904449,35.068676,0,4.81E-05,0.000151063,0.030075188,0.666666667,5928.090652
40000713,,201989.3,744662.6,4000,50.4,1564.116274,744.321941,398.463701,29.271413,3.85E-05,0.000132035,0.036144578,0.833333333,5860.369136
40000714,,202179.8,744117.8,4000,67.9,11.871855,53.133103,105.967391,16.786655,1.67E-05,0.00012226,0.026369168,1.153846154,6448.219128
40000715,,202747.3,743387.9,4000,69.4,0,0,0,0,1.00E-05,0.000182648,0.033333333,0.333333333,7947.503362
40000721,,202442.3,743318.1,4000,65.2,9.83333,77.709983,784.953965,37.766917,2.10E-05,0.000132793,0.028061224,0.818181818,9282.443549
40000722,,201979,743795.9,4000,53.4,33.764163,299.780966,322.056905,16.632953,2.42E-05,0.000153102,0.038235294,0.615384615,10948.43486
40000723,,201618.5,744362.8,4000,62.2,0,185.199575,520.467246,58.001377,2.19E-05,0.000126027,0.03,0.666666667,10459.05232
40000731,,201065.1,744731.8,4000,53.6,0,112.245068,74.714021,0,3.53E-05,0.000223411,0.038626609,0.555555556,8306.578497
40000733,,201219,744081.4,4000,63.6,145.409991,2053.76189,562.792334,0,5.23E-05,0.000198682,0.034351145,0.555555556,8718.65774
40000811,,201758,743259.9,4000,56,12.072077,569.241959,801.141728,0,3.11E-05,9.34E-05,0.042613636,0.8,10510.51469
40000812,,202439.9,742501.1,4000,89.6,157.02623,786.94504,3991.69806,8.884997,5.83E-05,6.80E-05,0.035460993,1.4,7197.021692
40000813,,201561.6,742331.8,4000,72.2,52.371031,63.218481,95.875513,0,4.82E-05,0.00012541,0.031690141,0.333333333,10758.85607
40000821,,200963.3,742540.8,4000,74.7,0,107.001605,226.878717,40.68026,4.07E-05,0.000169538,0.042079208,0.823529412,9419.682739
40000822,,201327.6,742984.1,4000,66.1,21.822187,106.932968,171.163937,12.640206,1.34E-05,0.000106916,0.019512195,1.25,10799.88781
40000823,,201120.8,743383.6,4000,54.5,0,108.668065,54.154286,32.911345,1.26E-05,7.58E-05,0.023041475,0.6,12492.91082
40000824,,200718.8,743550.8,4000,71,0,63.436494,63.251844,31.058193,4.00E-05,0.000119988,0.02919708,0.375,9518.258861
40000825,,200412.5,742956.2,,,0,0,213.694097,0,,,,,
40000911,,199992.9,743376.6,4000,55.3,55.580145,245.638067,291.128008,46.931372,3.49E-05,0.000132793,0.033163265,0.615384615,10161.6902
40000921,,199277.7,743889.9,4000,64,14.590038,373.573514,477.697487,0,3.40E-05,0.000181139,0.037190083,1,13361.76004
40000931,,198866.6,742749,4000,59.6,22.298809,184.157676,86.032142,14.680245,2.48E-05,0.000132035,0.024096386,0.5,11796.61727
40000933,,199682,743053.4,4000,61.5,47.163346,176.639688,524.991661,44.788283,2.28E-05,0.000151785,0.027700831,0.9,12757.97114
40000934,,200068.6,743008.6,4000,61.7,42.850296,843.272093,563.815059,27.278532,7.83E-06,0.000117417,0.025714286,0.555555556,11269.22889
40000941,,200475,742181.6,4000,68.7,102.012709,166.11053,93.251691,14.879358,1.20E-05,0.000107675,0.021834061,0.6,12431.73927
40000943,,201488.4,741595.2,4000,63.3,0,83.230425,110.013797,6.156795,3.45E-05,8.06E-05,0.021008403,3.2,12312.24046
40000945,,201977.5,740950.6,,,154.216247,1590.323575,2942.144623,0,1.00E-05,1.00E-05,1.00E-05,10,
40010001,,273002.5,789720.3,4001,37.5,126.468,116.167,146.818,0,1.00E-05,1.00E-05,1.00E-05,0.1,
40020001,,269216.2,745807.8,4002,84,76.78,75.142,31.168,0,,,,,5689.390336
40030001,,272325.4,787343.3,4003,77.5,31.327,60.636,54.509,0,,,,,5260.163412
40040001,,262366.6,740895.4,4004,94.4,4.5,6.575,30.838,0,,,,,
40040001,,262366.6,740895.4,4004,94.4,156.405,52.576,47.242,5.497,,,,,
40050001,,274621.5,750241.4,4005,74.9,20.462,98.7,338.376,0,,,,,5640.205065
40060001,,275918.6,765152.2,4006,65.3,108.852,123.045,80.21,0,,,,,3517.810134
40070001,,274634.2,760495.4,4007,81.4,75.557,38.197,66.974,0,,,,,3790.582771
40080001,,264407.6,755018.3,4008,83.4,89.506,47.911,52.348,5.722,,,,,5506.718369
40090001,,267413.4,780287.8,4009,70.2,67.78,6.398,10.581,0,,,,,4170.102845
40100001,,270275,788814.1,4010,73.6,24.312,9.78,3.012,0,,,,,
40110001,,271991.4,747704.3,4011,79.9,61.966,72.032,34.441,0,,,,,3247.212563
40120001,,269442.5,762593.4,4012,79.7,28.092,42.722,34.159,0,,,,,5021.637197
40130001,,271363.1,776873.7,4013,81.1,107.87,31.555,46.865,1.171,,,,,4634.073714
40140001,,270821.9,751081.8,4014,81,12.902,1.02,19.949,0,,,,,4013.778376
40150001,,264871.5,744932.7,4015,75.5,141.488,97.99,89.547,0,,,,,
40170001,,278692.8,772228.8,4017,71.3,19.731,19.162,94.256,0,,,,,
40190001,,269260.1,741509.4,4019,85.4,16.18,5.872,21.991,0,,,,,8000
40210001,,264157.8,745032.8,,,203.811,58.891,40.483,8.493,,,,,5236.949769
40220001,,267457.7,747243.9,4022,71.6,41.633,36.869,15.953,0,,,,,
40240001,,264821,781991.8,4024,67.9,17.64,15.352,53.222,0,,,,,
40250001,,265572.6,770642.3,4025,59.2,76.834,22.721,9.77,0,,,,,4177.312712
40260001,,260422.7,759238.8,4026,73.3,,,,,,,,,2393.067635
40280001,,265825.9,752861.6,4028,90.7,68.897,8.437,40.242,0,,,,,
41000001,,264643.2,766509.7,4100,63.7,619.253,954.464,966.035,39.162,1.00E-05,1.00E-05,0.008902077,0.1,4971.149016
41010001,,272779.7,782087.4,4101,84.5,0,9.696,8.6,0,,,,,5244.446416
41010001,,272779.7,782087.4,4101,84.5,351.455,187.676,129.947,0,,,,,5244.446416
42010001,,272165.8,796769.6,4201,23.4,396.883,317.331,245.083,6.729,1.00E-05,1.00E-05,0.000967118,0.1,
42030001,,270982.2,792985.8,4203,42.6,51.743,116.777,217.487,0,1.00E-05,1.00E-05,1.00E-05,0.1,
42040001,,261680.8,738046.4,4204,87.9,79.534,37.127,138.704,7.18,,,,,3489.24754
43010001,,266055.1,742774.2,4301,90.9,78.818,18.046,3.215,0.936,,,,,
43030001,,269517.5,796427.9,4303,78.9,14.983,38.95,41.675,0,,,,,
43040001,,273606.9,748818.1,4304,75.9,95.252,34.985,96.368,11.343,,,,,
45010001,,258644.9,797287,,,5.083,14.906,7.281,0,1.00E-05,1.00E-05,1.00E-05,0.1,
45020001,,268592.3,793617.9,4502,18.7,9.109,12.159,54.005,0,,,,,
45030001,,274680.7,778068.9,4503,76.4,99.59,42.004,17.746,0,,,,,4829.802836
45510001,,265108.6,743678.6,4551,82,55.033,19.851,13.722,0,,,,,3750
47010001,,275954.8,750158.9,4701,82,49.915,35.486,52.286,1.399,,,,,
50000123,,181183.6,670090.4,5000,75.6,17.890557,303.997995,106.012716,10.55771,3.61E-05,0.000120428,0.03956044,0.777777778,20668.71848
50000124,,181134.6,669712.3,5000,53.6,71.995909,516.472582,360.039547,35.834411,3.71E-05,0.000105136,0.015801354,0.857142857,21995.49742
50000125,,180807.6,669286.9,5000,71.1,41.926893,366.638246,209.460288,37.340512,6.55E-05,0.000154854,0.047826087,0.681818182,19547.41031
50000132,,181233.9,669243.1,5000,64.2,23.789388,332.600692,328.930673,6.537439,4.86E-05,0.000162114,0.062130178,0.761904762,21051.78508
50000212,,183422.3,669576.4,5000,78.2,66.15303,324.237343,349.126386,102.002362,4.03E-05,9.07E-05,0.029411765,0.625,18246.17432
50000224,,184592.4,669872.6,5000,60.9,87.012764,347.028379,446.713561,46.768646,3.95E-05,0.000118546,0.019230769,0.5,21817.59186
50000225,,185045.3,669700.9,5000,72,0,73.308414,31.855873,16.880635,3.31E-05,7.45E-05,0.051359517,0.588235294,14624.28769
50000231,,184031.7,669303.3,5000,69.4,73.620558,985.735944,197.614324,71.430306,3.85E-05,0.000109076,0.030444965,0.538461538,18451.01409
50000311,,178860.2,667126.8,,,85.120557,919.565111,174.2131,0,,,,,25409.77402
50000312,,178919.9,666859.2,5000,79.8,141.209468,1152.243388,469.790478,47.434691,3.56E-05,0.000320228,0.086580087,1.05,19897.36716
50000313,,179137.3,666887.9,5000,68,20.994249,389.113412,114.551262,18.322232,2.73E-05,0.000245349,0.084577114,1.117647059,21930.94708
50000314,,179501.2,666784.2,5000,73.8,125.209019,581.119003,350.704795,12.761358,3.88E-05,0.000297234,0.080188679,1.029411765,21183.50642
50000315,,179412.6,666403.8,5000,78.2,53.994328,1007.921718,654.157199,0,2.86E-05,0.000336207,0.093994778,1.138888889,20693.93258
50000316,,179104.7,666455,5000,67.9,96.165372,336.733481,151.107515,0,1.65E-05,0.00026407,0.054216867,1.222222222,20237.32162
50000321,,178771.1,666216.1,5000,80.3,24.443292,673.318707,101.203082,0,1.78E-05,0.000284647,0.071428571,1.090909091,20685.343
50000322,,179040.2,666142.4,5000,69.9,32.123428,327.480953,67.339309,0,1.00E-05,0.000249066,0.038961039,1.166666667,22491.3721
50000324,,179378.7,665723.2,5000,78.8,325.342815,1774.019848,3080.517338,50.568402,1.26E-05,0.000315637,0.082949309,1.222222222,20388.13928
50000325,,179097,665811.9,5000,83.6,49.130319,637.37168,330.313014,55.541236,2.25E-05,0.000217677,0.060273973,1.045454545,20780.12171
50000326,,178710,665947.3,5000,72.6,109.529804,606.72432,218.083427,36.981988,2.08E-05,0.000280199,0.064393939,1.235294118,20065.11454
50000333,,178706.5,665630.3,5000,71.2,45.009783,411.415723,163.962451,0,1.97E-05,0.000315364,0.064748201,1.555555556,20224.0582
50000334,,178626.3,665370.2,5000,79.6,22.45394,443.327668,325.071006,19.202792,1.29E-05,0.000232618,0.066037736,1.214285714,18721.10437
50000335,,178368.7,665334.1,5000,79.7,48.561259,1566.301564,221.769538,0,1.83E-05,0.000310502,0.06,1.444444444,20356.99746
50000337,,178647.1,665032.1,5000,80.3,174.686512,1338.29052,509.046428,12.422335,1.59E-05,0.000334501,0.081395349,1.214285714,19349.15172
50000342,,178956.7,665342.1,5000,88.8,72.546305,259.242507,189.813719,0,1.35E-05,0.000202443,0.083743842,1,18861.16771
50000343,,178907.8,665034.8,5000,86.2,103.445666,1072.699952,668.7927,44.869518,2.73E-05,0.00027261,0.069651741,1.214285714,19994.05602
50000344,,178907.5,664823.2,,,222.704387,2655.220168,676.768261,50.205377,1.41E-05,0.000268324,0.056701031,1.454545455,21027.11566
50000347,,179345.5,664977.9,5000,74.2,116.176601,636.067293,418.378321,56.586807,2.96E-05,0.000295654,0.068345324,1.315789474,19742.3977
50000348,,179151.6,665086.2,,,47.662633,303.505281,234.604498,27.919878,1.00E-05,0.000271504,0.063063063,1.571428571,19040.16439
50000349,,179251.3,665345.6,5000,69.4,21.883041,380.116304,196.931516,25.590221,1.78E-05,0.000355809,0.077922078,0.916666667,19982.39562
50000421,,179818.1,666301.7,5000,73,0,639.223868,431.594814,60.134546,2.09E-05,0.000261424,0.072519084,0.947368421,21685.67872
50000424,,180553.1,665768.1,5000,67.7,20.968879,555.168498,265.53585,4.209283,1.99E-05,0.000229141,0.090909091,0.92,20943.3751
50000431,,179687.7,665596.5,5000,68.2,33.852904,1385.419594,712.344575,26.359773,3.01E-05,0.00032114,0.091575092,1.08,21179.36802
50000437,,180966.9,666291.9,,,143.499111,737.008369,193.565815,0,6.37E-05,0.000127429,0.03875969,2.6,24393.57662
50000511,,178167.5,664733.4,5000,79.8,108.016793,3029.06213,461.623814,37.397516,2.36E-05,0.000188947,0.068965517,1.125,20557.07484
50000512,,178388.3,664759.9,5000,79.6,46.153827,1028.025658,336.570187,0,1.32E-05,0.000250263,0.076923077,1.0625,19448.53941
50000515,,179013.4,664369.8,5000,80.6,69.043918,558.222685,208.656662,0,3.15E-05,0.000220438,0.048850575,1.058823529,19774.86358
50000516,,178875.6,664165.4,5000,79.7,125.092229,798.417728,351.06569,52.61604,2.12E-05,0.000225957,0.056701031,1.136363636,21486.87043
50000521,,178172,664381.9,5000,79.8,193.029237,1081.706117,606.915556,0,1.71E-05,0.000308219,0.06875,1.454545455,19412.49553
50000522,,178003.9,664168.5,5000,73.2,0,404.686278,35.184594,0,1.62E-05,0.000243171,0.059171598,1.3,19500.30689
50000523,,178243.5,664122.1,5000,75.8,8.074993,556.003474,132.159216,0,3.89E-05,0.00029146,0.078014184,0.909090909,16904.47395
50000531,,177829,663651.6,,,228.982207,4837.597328,1093.775448,0,,,,,
50000532,,177864.1,663080,5000,66,183.573023,687.460559,482.893177,0,1.00E-05,0.000236183,0.086206897,0.8,20593.33371
50000542,,178478.4,663776.1,5000,91.6,241.739004,1674.960268,378.673614,9.21812,2.80E-05,0.000251607,0.040816327,2.5,18029.86361
50000543,,178631.9,663952,5000,84.5,234.68247,1789.725424,390.247402,8.105045,1.99E-05,0.000297796,0.057971014,1.125,21467.23576
50000544,,178830.4,663907.1,5000,82.3,105.258429,573.272062,285.242278,12.582846,2.84E-05,0.000241323,0.056994819,1.272727273,20827.61127
50000555,,179171.6,663773.6,5000,81.9,54.991717,1711.204697,95.92517,29.325473,1.40E-05,0.000223651,0.06122449,1.083333333,19841.38831
50000613,,179807.2,663950.6,,,1496.107796,4627.40399,8196.113443,12.213821,,,,,
50000621,,180711.9,664999.3,,,1933.227756,14539.48798,2928.64937,19.616819,1.00E-05,1.00E-05,1.00E-05,10,29558.45475
50000712,,177713.6,662653.1,5000,91,702.171959,1301.245142,601.709227,0,2.66E-05,0.000239394,0.048543689,1.8,17016.15294
50000713,,178328.6,662310.9,,,876.394821,1341.437264,262.5127,6.682949,,,,,10806.61384
50000714,,178171.3,661792.1,,,312.16529,4017.971658,147.073204,0,1.00E-05,1.00E-05,1.00E-05,0.1,
50000715,,177533.7,662276.5,5000,90.5,566.495935,1724.863664,1086.810632,0,1.00E-05,9.37E-05,0.034188034,0.75,17759.77739
50000721,,176809.3,662267.2,5000,69.7,138.02169,872.369131,614.06887,0,1.00E-05,0.000108504,0.02970297,2,19783.58898
50000722,,176457.3,661750.7,,,34.734965,41.432485,36.734321,44.976026,,,,,24956.89665
50000736,,176312.6,660011.9,5000,49.3,0,27.010218,125.160631,0,2.94E-05,5.14E-05,0.048257373,0.388888889,8721.365591
50000811,,178550.3,662972.7,5000,87.7,776.365149,2334.855414,248.347898,0,3.89E-05,0.000310891,0.106382979,1.333333333,16388.51517
50000813,,178607.2,662656.9,,,188.842642,841.597415,120.571787,0,3.03E-05,0.000242186,0.099447514,0.944444444,15956.34324
50000814,,178903.4,662810.7,5000,73.3,582.554307,2132.688189,487.133165,0,4.71E-05,0.000216542,0.058419244,1.411764706,12479.68835
50000815,,179397.5,662992.9,5000,65.6,460.95274,3835.653071,290.653352,0,5.83E-05,0.000349752,0.085106383,1.25,10905.56149
50000821,,179174,662561.6,5000,71.3,781.853083,3239.06363,637.489655,10.488705,7.83E-05,0.000234834,0.085714286,0.5,10119.27519
50000822,,179200.3,662190.6,5000,74.3,204.562212,641.346376,192.120282,13.041877,6.95E-05,0.000138972,0.065217391,0.833333333,11286.46246
50000823,,179615.5,661914.5,5000,71.1,168.664468,219.215628,105.000577,0,1.77E-05,0.000159081,0.064516129,0.5,9792.223641
50000825,,178716.4,662122.6,,,1576.840709,1886.881901,508.923159,11.44427,,,,,7081.380153
50000826,,178685.7,662374.5,5000,87.8,933.308838,1066.67079,162.564528,22.401007,3.47E-05,0.0001734,0.075949367,0.833333333,11983.97158
50000911,,181218.8,664954.3,5000,75.1,79.47924,254.484265,200.480422,7.185483,3.72E-05,6.20E-05,0.052036199,0.695652174,16989.9213
50000913,,180865.1,664711,,,1472.609021,3405.391621,511.021745,4.831825,1.00E-05,1.00E-05,1.00E-05,0.1,
50000914,,180852.3,664022.4,,,3428.034968,9135.072919,1601.98105,0,3.86E-05,0.000115763,0.070422535,1.4,
50000916,,181336,663928.9,5000,60.2,18.606282,118.686821,220.767891,33.318741,4.59E-05,0.000122446,0.044692737,0.875,16582.37987
50000922,,182088.7,662845,5000,61.4,12.694101,72.505322,230.203814,11.288259,4.07E-05,8.14E-05,0.069306931,0.642857143,14791.14594
50000928,,180267.3,663016.8,,,1135.695402,4149.980468,1895.853508,17.672689,,,,,11199.44658
50000942,,181477.7,662133.1,5000,69.7,58.37275,163.119608,168.082825,0,1.59E-05,9.54E-05,0.032882012,0.470588235,11895.75544
50000943,,181952.3,662044.8,5000,50.4,5.28987,53.683068,47.978953,14.009442,9.48E-06,7.58E-05,0.027681661,0.625,11197.78509
50000944,,182057.7,661622.3,5000,62.2,9.139046,96.794211,149.714635,24.549151,3.67E-05,8.81E-05,0.037533512,0.428571429,10341.61795
50000945,,182169.1,662174.8,5000,65.2,91.982044,289.693038,175.338569,0,2.05E-05,0.000153917,0.04494382,0.833333333,10324.522
60000002,,203871.6,703577.6,6000,31.1,0,0,22.411249,0,,,,,
60000004,,203857.8,702504.1,6000,37.7,0,0,184.128375,0,,,,,
61000111,,184449.3,667719,,,932.943987,2832.3381,94.916869,0,,,,,
61000117,,183511.5,666613.1,,,488.280365,2330.214774,741.382307,43.210834,,,,,8372.17484
61000121,,183998.7,666712.1,6100,56.5,98.339136,195.208342,268.299883,4.562494,6.09E-05,5.22E-05,0.050793651,0.875,10589.89481
61000123,,184932.6,666821.4,6100,53.7,146.187146,378.909167,331.19322,23.194962,4.46E-05,0.000104087,0.052917232,0.564102564,11520.14418
61000212,,184536.2,666410.8,6100,47.6,17.252906,114.659525,30.999846,0,1.87E-05,0.000112335,0.022779043,1.1,13210.93114
61000213,,184604.9,666065,6100,37.6,40.372714,332.841344,193.598143,6.491634,1.46E-05,0.000109298,0.010638298,2.25,14382.28123
61000214,,184807.9,665963.3,6100,36.8,26.176826,216.979494,116.074753,14.656222,1.49E-05,0.000141453,0.019021739,0.714285714,13894.70311
61000231,,183556.5,666206.2,6100,61.3,10.285914,168.177543,234.200231,15.329455,3.51E-05,0.000122936,0.044871795,0.5,13387.74827
61000232,,183652.3,666045.6,6100,55.3,88.029768,402.245854,761.632418,11.567691,2.92E-05,0.000100081,0.04261796,0.714285714,13516.61529
61000311,,184100,665687.1,6100,54.2,50.120722,319.924628,364.932356,0,2.63E-05,0.000118546,0.024038462,0.866666667,13920.33022
61000312,,184529.4,665769.5,6100,32.7,35.180524,416.20876,254.563874,8.999874,2.04E-05,0.000156362,0.029776675,0.75,14180.9806
61000322,,184808.6,665331.1,6100,30.9,10.22672,134.592864,239.438429,0,1.66E-05,9.95E-05,0.016641452,0.636363636,14933.8625
61000422,,184929.9,664945.4,6100,39.5,0,73.639944,76.010202,22.138045,2.42E-05,0.000177799,0.029498525,0.8,13839.20875
61000423,,184825,664713.8,6100,35.9,0,50.749961,285.213413,0,2.18E-05,0.000130809,0.026525199,0.6,13270.90702
61000424,,185139.4,664724.2,6100,38.5,75.313053,244.986192,235.240313,0,1.65E-05,0.000126534,0.018072289,1,12699.5424
62000113,,176144,659417.1,6200,52.2,141.053201,857.814951,1087.833543,73.834008,2.29E-05,0.000166218,0.046025105,0.909090909,11012.35151
62000114,,176093.7,659089.2,6200,58.2,55.325658,286.81455,336.459154,11.046917,2.58E-05,0.000155079,0.040880503,1.076923077,11239.59699
62000212,,176012,658627.8,6200,55.4,75.81832,246.241579,201.668316,10.156632,3.12E-05,0.000106094,0.034168565,0.666666667,10975.76286
62000213,,175619.4,658374.8,6200,62.3,14.390008,228.155088,158.978619,26.852561,3.96E-05,0.000118688,0.061371841,0.470588235,12740.31986
62000221,,176025.8,658108.3,6200,61.9,0,106.534424,44.670662,14.757319,1.06E-05,0.000159286,0.03875969,0.5,10602.93967
62000224,,176106.3,657718.6,6200,63.9,0,0,80.391458,0,2.98E-05,0.000168751,0.039855072,0.909090909,10419.81507
62000226,,175795.5,657400.1,,,11.940542,12.918259,0,0,1.92E-05,5.75E-05,0.034965035,1.4,14024.86399
62000312,,176683.1,658679.3,6200,66.4,0,25.903773,401.481549,0,2.25E-05,0.000135295,0.069958848,0.411764706,11098.73292
62000313,,176591.4,658334.5,6200,61.2,0,70.317401,158.269249,17.022543,1.64E-05,0.000131244,0.041916168,0.642857143,10674.34054
62000315,,176332.1,658595.5,6200,64,29.801495,127.41674,270.088444,17.10683,1.55E-05,0.000154787,0.04519774,0.6875,11151.25019
62000316,,176299.7,658834.4,6200,68.1,9.779,57.488576,60.029749,26.11329,1.19E-05,0.000178678,0.043478261,1,11298.32668
62000322,,176758.4,659052.3,6200,65,8.305663,143.884304,270.041426,11.801992,3.74E-05,0.000138856,0.056530214,0.793103448,11142.35181
62000423,,177068,658442.1,6200,62.3,30.192398,5.97769,238.626974,0,1.10E-05,0.000165709,0.044354839,0.727272727,9711.365395
62000512,,177245.6,657800.4,6200,61,56.63385,1463.351669,535.427193,14.002244,1.77E-05,9.75E-05,0.03236246,0.8,10981.79783
62000513,,177379.7,657662.3,6200,59,10.138004,92.4637,35.611532,15.182268,2.97E-05,7.91E-05,0.050541516,0.571428571,10181.58878
62000514,,177521.2,657746,6200,60.4,0,33.740974,184.861012,11.747556,1.71E-05,0.00010242,0.049844237,0.6875,9891.176036
62000522,,176783.9,657338.9,6200,72.6,33.763345,35.813952,148.473391,0,5.15E-05,7.44E-05,0.037578288,0.611111111,9629.639701
62000523,,176654.9,656967.8,6200,63.8,29.041574,39.49034,214.636823,0,1.48E-05,5.17E-05,0.043126685,0.375,10397.96373
63000011,,182911,665012.4,6300,67.5,24.85322,303.42233,263.46047,0,4.61E-05,4.61E-05,0.077441077,1.043478261,15754.91316
63000022,,181731.3,664225.4,6300,75.5,66.640742,321.91831,167.222643,13.66663,2.54E-05,8.48E-05,0.086687307,1,17084.97531
63000023,,181831.7,663964.1,6300,72.9,75.795442,5596.280173,669.492987,31.793313,3.22E-05,7.74E-05,0.068235294,0.896551724,16974.61297
63000032,,182327.1,664673.9,6300,68.4,73.153854,633.038343,750.064779,11.692853,1.88E-05,9.38E-05,0.085616438,1.16,15305.17135
63000033,,182744.6,664694.2,6300,74.3,31.185,319.859108,250.47519,38.319129,3.00E-05,7.19E-05,0.089715536,0.902439024,15564.32441
63000044,,181995.8,663419.6,6300,56.8,1.46,359.76214,484.260932,16.260662,2.58E-05,4.31E-05,0.044025157,1.142857143,16342.62421
64000011,,186413.1,675862.6,6400,72.8,129.966233,345.007485,379.332891,31.047734,6.93E-05,8.47E-05,0.04494382,0.625,12363.90911
64000024,,184962,674047.3,6400,59.6,40.969281,319.31026,565.360749,15.148228,3.16E-05,0.000102641,0.048991354,0.529411765,13488.0684
64000032,,185796.9,674279.6,6400,64,54.958887,177.18331,146.284525,0,2.45E-05,0.000159002,0.0625,0.714285714,13756.99327
64000043,,185783.4,675236.3,6400,73,16.738964,21.079674,124.738371,12.482407,1.78E-05,8.90E-05,0.042207792,0.692307692,14153.20955
64000052,,185789.1,675771,6400,70.1,39.867206,153.198893,119.322623,35.097965,5.37E-05,6.27E-05,0.032679739,0.9,16433.07049
64000053,,184007.8,675359.3,,,45.334164,2060.344785,967.609587,22.303536,1.00E-05,1.00E-05,1.00E-05,0.1,
64000054,,184895.6,675405.1,6400,76.9,0,185.71628,321.35493,0,3.85E-05,8.65E-05,0.024561404,1,14980.30884
64000057,,184322,674633.6,6400,73,5.98,296.19144,175.480106,9.057735,1.20E-05,9.61E-05,0.048245614,1,13206.31396
64000061,,180934.9,674239.7,,,1184.618018,11375.3071,729.980861,15.478427,1.00E-05,1.00E-05,1.00E-05,1,22853.16348
64000062,,182274.7,674640,,,1553.415193,15029.55161,1075.082868,0,1.00E-05,1.00E-05,1.00E-05,0.1,
64000064,,182319.9,675399.7,6400,55.6,28.900553,506.48755,183.766213,43.227207,2.97E-05,5.93E-05,0.039711191,1,20835.45587
64000066,,182376.8,676837.7,6400,65.7,65.605915,1032.439623,591.369881,162.00168,4.51E-05,5.80E-05,0.042352941,0.833333333,21046.32665
65000011,,195827.3,702563.9,6500,72.6,0,68.079061,157.626972,0,2.82E-05,0.000127101,0.020618557,1,6417.922342
65000024,,191521.6,705332.4,6500,68.2,110.717414,297.431368,158.488129,0,7.40E-05,0.000100973,0.014742015,1.833333333,5753.515222
65000032,,193380.3,705184.6,6500,64.6,496.396559,284.365629,490.795624,31.004405,6.36E-05,0.000107632,0.021428571,1,6918.016009
65000044,,192044,704055.2,6500,68.7,92.06958,115.353649,115.80123,19.005732,5.96E-05,0.000105883,0.033816425,0.714285714,7317.230967
65000045,,192521.4,704445.5,6500,60.5,141.511935,426.502933,1090.351127,12.560817,4.28E-05,0.000156963,0.0234375,1,7059.436373
65000053,,192212.7,705026.6,6500,68.3,121.668083,715.972231,940.421918,15.230531,5.57E-05,0.000173166,0.036117381,0.75,6921.558414
65000062,,189814.3,705273.9,6500,59.7,13.492779,69.229143,128.090911,0,6.85E-05,0.000117417,0.028571429,0.75,6489.477413
65000065,,189230.3,703757.3,,,4.446541,24.354697,2.577278,0,1.00E-05,5.59E-05,0.06122449,2,11058.72265
66000114,,181334.3,657697.8,6600,43.5,2953.886296,2456.291238,465.365553,15.079101,1.00E-05,1.00E-05,1.00E-05,0.1,5516.980646
66000212,,180588.6,657254.6,6600,62.7,24.69948,184.377956,408.072031,44.522363,2.78E-05,0.000111258,0.030456853,1.083333333,10224.53518
66000216,,180168.2,657445.5,6600,63.2,8.229022,38.385364,154.14626,23.468977,1.78E-05,0.000169009,0.035714286,0.727272727,10321.80617
66000221,,180144,657574.6,6600,59.3,25.720591,34.847278,13.865846,25.249658,3.32E-05,9.96E-05,0.03030303,0.6,11068.14371
66000222,,180106.5,657749.3,6600,62.1,50.168227,57.416851,158.223114,21.380178,2.95E-05,0.000103108,0.02688172,0.8,13674.51013
66000224,,180682.6,657820.8,6600,83.1,46.925157,31.856583,36.711036,0,3.77E-05,0.000138243,0.032110092,0.571428571,11679.4355
66000313,,179460.3,658420.3,6600,66.9,57.534061,65.069176,232.931577,21.168096,7.70E-06,0.000107742,0.025280899,1,12879.86035
66000322,,179454.6,659290.8,6600,60,7.521984,99.780093,67.570547,8.337855,1.18E-05,0.000105826,0.030042918,0.857142857,13507.28408
66000324,,178934.1,659232.6,6600,67.1,26.931301,243.885755,246.155761,28.652293,3.16E-05,0.000118432,0.031700288,1.090909091,12001.52841
66000331,,178668.9,658818.5,6600,53.2,95.481619,602.79699,505.612085,21.210779,3.07E-05,0.00021468,0.044776119,0.833333333,12231.08067
66000332,,179124.6,658744.6,6600,56.3,45.132301,439.718096,363.753918,44.396982,2.74E-05,0.000164384,0.04,0.875,13121.69718
66000333,,179102.8,658460.8,6600,57.8,28.860146,88.877578,75.052748,4.114907,2.03E-05,0.000172501,0.02962963,0.75,13029.83925
66000411,,179102.9,658114.1,6600,50.9,0,75.513057,35.168475,0,2.21E-05,0.000132567,0.024193548,1.666666667,13040.0082
66000413,,179705.7,657807.3,6600,70.8,76.536987,1139.779011,497.321998,32.695172,2.43E-05,5.83E-05,0.021276596,0.833333333,12249.37173
66000415,,179430.3,657048.3,6600,72.9,0,0,22.215493,0,8.28E-06,4.14E-05,0.012084592,1.5,12484.31403
66000416,,178796.2,657113.6,6600,72,0,206.407726,250.082506,0,1.69E-05,3.10E-05,0.008221994,3,12769.67287
66000423,,178493.8,656357.4,6600,69.7,45.807932,231.359281,137.266068,16.902465,8.87E-06,8.87E-05,0.038834951,0.916666667,10264.49526
66000424,,178911.9,655926.5,6600,73.2,0,59.403319,0,0,1.18E-05,9.45E-05,0.043103448,0.3,10894.68829
66000425,,178687.6,655954,6600,75.1,9.003801,121.002698,76.419281,8.427223,3.23E-05,6.47E-05,0.041297935,0.428571429,11248.55246
66000514,,177782.2,657531.3,6600,63.3,10.513574,93.205591,563.280781,11.65379,5.79E-05,0.000147919,0.039906103,1.411764706,10846.32067
66000521,,178211.9,657221.4,6600,60.5,19.250527,137.536059,329.371262,9.98782,2.97E-05,0.000106743,0.03030303,0.642857143,11473.53507
66000522,,178721.6,657640.2,6600,71.4,33.847783,61.306323,104.941875,10.654742,1.76E-05,0.00014928,0.025641026,0.875,11358.72112
66000523,,178247.4,657729.9,6600,56.7,39.298333,99.69592,506.881244,0,1.99E-05,9.29E-05,0.033898305,0.642857143,12131.15016
66000614,,178114.9,658722.4,6600,59.5,15.320331,76.154768,308.687395,0,4.19E-05,0.000143566,0.03930131,0.611111111,11819.98606
66000615,,177792.1,658888.4,6600,67.7,26.042368,216.913598,50.243724,40.262067,1.96E-05,0.000176125,0.046428571,1,10452.95858
66000622,,178174.9,659339.9,6600,68.8,0,79.972026,171.10384,22.72736,1.95E-05,9.76E-05,0.03087886,1.230769231,11487.8704
66000626,,177800,660064.8,6600,61.7,41.27265,404.608209,2247.727252,10.067851,3.88E-05,0.000103386,0.033018868,1.071428571,10693.39525
67000011,,249423.8,744998.9,6700,63.4,47.582646,335.617448,497.242578,17.169028,8.22E-05,8.68E-05,0.035,0.666666667,5299.319354
67000013,,250556.8,744440.4,6700,51.7,128.230977,313.246145,498.739219,6.265126,5.85E-05,0.000107249,0.028469751,0.875,5270.339996
67000023,,249878.4,744019.4,6700,51.9,22.623,31.547262,89.541266,0,4.12E-05,0.000144196,0.04887218,0.538461538,3881.136505
67000024,,249711,743515.1,6700,74.6,0,11.05368,24.132339,0,5.46E-05,6.55E-05,0.03187251,0.375,5850.789715
67000025,,249246.2,743495,6700,72.2,16.468518,155.521543,261.71617,20.889731,0.000139986,1.00E-04,0.032846715,0.555555556,6112.178176
67000032,,248605.3,743058.9,6700,49.2,74.118607,68.962654,56.867443,0,8.41E-05,0.000120163,0.035087719,0.625,4381.951228
68000011,,213122.1,745317.2,6800,70.3,332.350209,806.172988,326.262296,23.046269,4.36E-05,1.74E-05,0.023847377,1.4,8112.940807
68000014,,211416.9,746219.2,6800,40,79.315705,71.869849,338.841196,10.226018,5.57E-05,0.000142243,0.027088036,1,5348.582739
68000024,,209868.3,746061.7,6800,59.7,193.466792,427.721343,232.045174,18.195801,5.27E-05,0.000105374,0.026923077,0.785714286,6638.183767
68000025,,210025.8,745039.4,6800,66.6,63.982314,249.380392,107.08747,20.079115,5.14E-05,0.000106743,0.021645022,1.533333333,6612.414341
68000032,,208670.8,745228,6800,54.9,63.065475,55.999029,238.930753,14.194696,3.28E-05,0.000106636,0.032934132,1.454545455,5548.04822
69000011,,194259.2,677089.6,6900,62.9,77.675545,73.891823,249.559993,15.455896,1.62E-05,0.00011348,0.023668639,1.125,11382.73168
69000013,,193806.3,676283.6,6900,83.6,120.950364,295.013339,186.984765,0,4.70E-05,0.000104371,0.034285714,1,11571.68511
69000032,,191279,676613.3,6900,54.9,45.339549,226.124828,344.852945,28.53003,2.07E-05,0.000113724,0.041509434,0.818181818,13925.96163
69000033,,190838.6,676132,6900,62.9,54.807218,2075.378493,932.480269,53.443122,3.27E-05,0.000152813,0.035856574,0.666666667,12125.75692
69000036,,191027.2,675780.3,6900,72.7,10.472381,694.229453,377.47779,0,1.67E-05,0.000141998,0.021341463,1.428571429,12511.18796
69000037,,190919.2,675516.1,6900,71.8,13.869495,70.990862,113.58746,24.023764,1.62E-05,0.000154008,0.035502959,0.833333333,12055.32827
69000043,,191857.9,675426.6,6900,73.7,74.157927,173.659883,169.929362,16.418482,2.95E-05,0.000206216,0.046594982,0.692307692,11266.0259
69000044,,192352.9,675402.6,6900,68.2,19.594512,105.088428,612.920188,26.187453,2.64E-05,0.00011107,0.027027027,1.214285714,11630.91253
69000052,,191608.5,675975.6,6900,69.1,44.527285,759.133282,470.62447,40.212248,8.90E-06,0.000160114,0.029220779,0.666666667,11981.16563
69000053,,191682,676358.3,6900,59.5,93.931435,195.144193,277.064175,33.535478,1.58E-05,0.000110536,0.040345821,0.642857143,12505.70573
69000054,,192374.6,676363.3,6900,70.3,18.299221,133.401928,257.330036,0,3.28E-05,0.000155853,0.035928144,1,11929.17047
69000056,,192767,675890.2,6900,71.7,24.262,104.21044,169.341597,25.855233,2.58E-05,7.75E-05,0.028301887,0.888888889,11405.31324
70000011,,190069.5,652458.6,,,3808.703172,9401.247289,914.802594,0,,,,,
70000014,,190427.1,651035.2,7000,46.5,88.025538,661.692615,478.592529,30.405271,7.13E-06,4.99E-05,0.020833333,0.625,5012.950967
70000024,,189968.2,650025.6,7000,67.8,96.052942,771.120236,623.760767,19.729427,2.65E-05,9.72E-05,0.048387097,0.4,6776.068168
70000025,,189681.7,649421.8,7000,68,4319.689502,6013.29538,461.936345,19.209896,6.11E-05,7.85E-05,0.057324841,0.388888889,7184.199595
70000032,,189324.3,650122.2,7000,68.4,18.607535,17.606267,406.972466,18.165742,2.38E-05,8.34E-05,0.041304348,0.578947368,7534.850556
70000053,,188657.6,651811.4,7000,71.2,27.486958,60.431941,81.124148,0,8.18E-05,0.000106318,0.041791045,0.928571429,7676.916651
70000054,,188475.7,652105.4,7000,68.5,0,32.423042,73.708351,0,4.89E-05,7.34E-05,0.049107143,0.818181818,8467.871546
71000111,,160596,622167.6,,,0,0,2.76414,0,7.65E-05,0.000107969,0.024630542,3.533333333,7777.410387
71000121,,158039.3,620808.8,7100,10.6,57.203441,361.809471,96.048998,0,0.000157197,0.000291938,0.073770492,1.888888889,10410.31937
71000123,,159336.7,620596.8,7100,55.5,130.235523,605.117984,1039.00714,0,2.65E-05,0.000153679,0.023210832,1.083333333,8720.474356
71000124,,159003.2,620041.8,7100,49.4,314.624598,219.730517,372.648927,0,3.49E-05,0.000167738,0.020408163,1,7962.69639
71000126,,158153.1,619690.6,7100,71.8,26.485249,158.973016,517.685426,11.285427,4.81E-05,0.000164796,0.032581454,1.538461538,6253.127903
71000211,,160091.4,619136.8,7100,67.5,10.031528,81.833939,116.701922,15.67249,2.37E-05,0.000201625,0.019480519,1.555555556,6587.241319
71000212,,160064.2,619531.3,7100,69.7,57.809075,141.941012,147.427167,18.385353,3.59E-05,0.000203386,0.020378457,1.428571429,6960.15966
71000224,,162108.8,619579.6,,,2180.302895,3232.058408,374.38304,0,,,,,
71000312,,159574.5,618060.9,,,0,0,0,0,,,,,
71000315,,158622.6,618446.4,7100,29.8,101.186387,95.332162,241.948555,26.600042,6.75E-05,0.000202443,0.019704433,1.25,6363.104945
71000316,,158862.5,618848.9,7100,49.4,46.421991,237.751281,973.642839,0,7.39E-05,0.000208165,0.029411765,1.166666667,6065.392843
71000322,,157940.9,618480.9,7100,49,10.056236,23.318958,352.231334,0,5.94E-05,0.000222742,0.01897019,2,5203.704775
71000324,,157712.7,616105.4,,,3685.712827,552.880116,208.397521,0,,,,,
72000002,,182340.2,648283.9,7200,79.4,13.869687,60.05194,167.5939,53.35169,7.78E-05,6.23E-05,0.018939394,2.7,11949.72058
72000004,,180843.3,649013.1,7200,68.6,120.300197,961.400965,862.800893,53.082497,5.46E-05,0.000103043,0.057522124,0.653846154,10152.10365
72000008,,181593.5,648244.1,7200,66.6,73.766434,248.637748,733.528313,14.049418,4.55E-05,7.28E-05,0.033222591,1.45,11495.23736
72000010,,181700.1,646980.1,,,1317.510023,1838.631468,85.705383,0,,,,,
72000011,,180454.3,646755.1,7200,64.7,10.403,103.729083,249.248299,0,9.99E-05,3.16E-05,0.019193858,2.4,13341.46342
73000011,,229049.6,734675.3,7300,53.1,54.017499,488.237602,452.502344,0,1.00E-05,2.44E-05,0.022222222,0.4,4616.053733
73000032,,228150.8,735626.6,7300,41.3,195.788499,269.926515,533.391944,0,6.99E-06,1.05E-05,0.020408163,0.5,5474.164209
73000044,,227258.6,732125,7300,45.7,0,0,40.495826,0,1.00E-05,1.00E-05,0.025906736,0.4,
74000111,,188362.9,692580.6,7400,73.2,5.604073,58.167159,45.175866,5.19635,3.70E-05,3.70E-05,0.040540541,1,10272.31199
74000114,,188896.9,690478.5,7400,78.2,93.712119,322.056662,642.548448,47.564048,6.75E-05,9.11E-05,0.027093596,0.772727273,8912.826468
74000122,,187966.4,689106.4,,,8.665135,93.740663,0,0,4.09E-05,8.18E-05,0.029850746,1,10171.27801
74000222,,187141.8,695190.2,7400,57.7,226.319738,270.22496,247.402158,0,1.25E-05,8.72E-05,0.040909091,0.888888889,12379.92447
74000232,,186739.5,693695.1,7400,52.7,31.865642,14.952149,188.637543,0,2.96E-05,0.000177712,0.027027027,1.1,10880.53351
74000233,,186766.7,693370.6,7400,48.1,32.818192,87.604651,265.578856,15.370814,3.50E-05,0.000210075,0.022364217,1.285714286,10945.65779
74000242,,187279.4,693659.2,7400,57.2,16.096461,50.209491,209.752946,17.029083,1.98E-05,0.000128579,0.02166065,0.5,10065.94458
74000311,,187048.1,692832.3,7400,55.4,578.185259,2125.460963,912.060276,40.266342,5.69E-05,0.000284401,0.027681661,1.375,8842.307065
74000312,,186599.9,692687.6,7400,57.6,224.555209,2454.787151,2113.353338,70.154864,3.86E-05,0.000321564,0.037558685,1.75,9950.041155
74000313,,186738.2,693008.3,7400,57.2,137.292594,1600.099983,794.072258,20.20509,2.96E-05,0.000275944,0.032374101,1.444444444,10330.12305
74000322,,186267,693297.9,7400,39.4,68.472497,982.070205,463.019586,14.881435,6.85E-05,0.000205479,0.041666667,1.3,14373.97481
74000323,,186032.8,692236.3,7400,43.6,44.801829,183.738166,56.153709,36.7729,3.42E-05,0.000222603,0.025,1.375,12459.21783
74000324,,186305.9,692664.8,7400,42.8,60.926397,296.792916,417.864837,68.385823,2.74E-05,0.000273973,0.035,1,11578.85507
74000331,,186554.9,692428.1,7400,63.7,0,43.673823,129.362728,0,2.33E-05,0.00029146,0.029787234,1.571428571,10546.74134
74000332,,186903.7,692319.6,7400,55.1,49.089112,46.376847,88.29329,10.450566,2.36E-05,0.000259802,0.025862069,0.5,10433.28163
74000333,,186825.2,692088.1,7400,61.8,0,74.257629,156.495682,9.604072,3.22E-05,0.000177276,0.026470588,0.777777778,10434.34492
74000334,,186464.7,692163.8,7400,56.6,0,12.319264,77.800462,12.877624,3.68E-05,0.000220649,0.023489933,1.285714286,10890.4582
74000342,,186441,691815.8,7400,64.4,9.19802,168.17183,141.622799,11.369806,2.72E-05,0.000199583,0.026490066,0.625,10366.86196
74000343,,186738.2,691791.4,7400,56.4,8.38848,58.57574,71.776578,14.443308,3.96E-05,0.000237377,0.02166065,0.666666667,9830.50568
74000353,,186641.8,691465.1,7400,66.1,36.862286,39.730312,14.609534,6.732274,1.00E-05,0.00013837,0.02020202,0.5,10130.99096
74000354,,186166.8,691523.4,7400,61,75.541005,67.697214,60.204196,0,2.73E-05,0.000204457,0.029850746,0.833333333,12551.8956
74000355,,185935.8,690621,7400,50.1,30.771654,5,13.78979,0,7.21E-05,0.000120163,0.026315789,2,15934.19815
74000413,,185638.6,689284.4,7400,67.6,38.423627,49.50548,80.187556,0,4.67E-05,0.000155666,0.025568182,1.777777778,10073.54214
74000414,,186211.8,688429.8,,,0,0,0,0,1.00E-05,5.17E-05,0.009433962,22,11006.84737
74000422,,186187.9,689244.3,7400,52.4,0,133.640121,383.109463,13.648066,4.47E-05,0.000178921,0.02244898,1.454545455,8384.646068
74000522,,186209.7,687944.4,7400,56.3,27.187883,110.459868,305.24893,0,1.62E-05,0.000145903,0.020710059,1.142857143,7702.014439
74000532,,186017.8,686823,7400,72.3,25.528453,101.9941,130.153666,11.100317,3.43E-05,9.61E-05,0.022556391,0.888888889,11129.27742
74000534,,185419,686439.8,7400,63.6,86.164611,290.448496,456.506743,28.62374,2.98E-05,7.94E-05,0.028985507,0.5,11697.35177
75000002,,228362.5,752633.2,7500,48.8,0,0,0,0,,,,,
75000005,,228099.2,752199.1,7500,30.9,0,140.426293,84.629149,0,,,,,
75000006,,227881.7,751760.3,7500,43.2,0,0,248.334595,0,,,,,3260.34276
75000007,,228848.7,751609.7,7500,46.9,0,203.789,171.887693,0,,,,,
76000011,,209129.5,760158.8,7600,61.6,68.517672,202.283354,885.565411,0,3.65E-05,0.000146119,0.044444444,0.5,6954.732121
76000013,,209210.9,758843.1,7600,66.5,13.295806,127.869623,164.677777,19.816392,5.65E-05,0.000136516,0.029209622,1,6035.725539
76000014,,208556.3,759027,7600,58.1,38.810208,120.159887,305.315445,0,5.81E-05,9.96E-05,0.027272727,1,6595.119208
76000015,,208365.2,759878.9,7600,76.6,0,16.054053,74.291455,0,1.52E-05,0.000106545,0.027777778,0.6,6247.501194
76000021,,207707.5,760172.4,7600,46.3,82.392541,93.279118,208.797218,9.539115,8.39E-05,0.000195695,0.034013605,0.9,5107.24868
76000022,,207840.3,761008.1,7600,71,4.550708,4.044043,40.485251,0,3.91E-05,6.52E-05,0.019047619,1,7338.381912
76000023,,207499.5,760345,7600,47.3,50.494268,31.320529,366.63307,0,3.88E-05,0.000162987,0.039660057,0.5,4937.375724
76000026,,207792.3,759400.1,7600,47.5,24.138,13.016527,129.554342,0,6.27E-05,0.000219596,0.045801527,0.333333333,4869.822757
76000034,,207692.8,758766.5,7600,61.9,2924.295851,1712.091819,173.706375,0,1.00E-05,0.000354553,0.035294118,0.333333333,5441.604503
77000012,,231106.5,724721.6,7700,61.2,0,0,0,0,1.32E-05,0.000118546,0.019230769,1.25,4796.053672
77000014,,231608.2,726545.6,,,667.770618,465.37721,64.318131,0,1.00E-05,1.00E-05,1.00E-05,0.1,
77000016,,230330.1,726616,7700,53,146.186055,104.075938,95.75527,17.70981,4.83E-05,0.000103516,0.025188917,1,4824.041046
77000018,,229102,724357.6,,,0,0,0,0,1.00E-05,1.00E-05,1.00E-05,6.5,6515.251463
77000022,,228072.7,723288.3,,,1470.985703,2611.134935,427.805907,0,1.00E-05,1.00E-05,1.00E-05,0.1,
77000026,,226526.6,723888.8,7700,61,24.249243,147.028548,255.646675,0,4.22E-05,0.000102589,0.030837004,0.857142857,6065.601124
78000001,,199419.9,710013.1,,,0,0,0,0,9.16E-05,3.67E-05,0.030100334,4,10577.0403
78000002,,200076.2,708716.4,7800,70.7,43.941955,233.685093,153.434474,16.263879,2.07E-05,8.95E-05,0.040201005,1.0625,7997.844993
78000005,,197535.2,708160.3,7800,69.6,93.653576,150.794878,630.542775,25.505494,3.35E-05,0.00010054,0.036697248,1.416666667,7876.838782
78000006,,198051.3,708394.9,7800,66.9,77.608899,233.018527,360.07786,30.601146,2.89E-05,0.000106116,0.035211268,2,6657.123326
78000007,,197646.6,709240.9,7800,62.2,453.616758,664.320325,1264.556809,49.523479,7.72E-06,3.09E-05,0.01971831,1.142857143,7074.509374
78000008,,196286.9,709094.8,7800,62.2,22.270015,133.331927,220.662035,0,4.42E-05,8.29E-05,0.040322581,0.8,5863.052496
78000010,,195915.8,708264,7800,74.2,7.862,108.493374,45.342341,0,4.60E-05,0.000101131,0.040268456,1.583333333,6596.028641
79000114,,188991.8,666891.1,7900,64.3,245.382607,375.331255,450.98803,34.250689,1.47E-05,0.000146509,0.032085561,0.833333333,10174.8939
79000122,,188339.4,667821.3,7900,82.6,136.558472,573.584025,568.783868,118.302564,1.63E-05,0.000163079,0.027777778,1.357142857,11672.61834
79000123,,188112,667775.9,7900,80.9,118.615271,138.474562,212.774234,34.96793,2.23E-05,0.000156343,0.024456522,1.777777778,11576.42448
79000126,,186110.5,666928.9,,,3215.734851,13810.81297,473.189589,0,1.00E-05,1.00E-05,1.00E-05,0.1,
79000127,,186007.9,666280.8,7900,69.6,815.404295,2352.795646,222.640304,8.147662,7.44E-05,7.44E-05,0.031674208,1.142857143,12107.85618
79000128,,186694,666291.6,,,3765.858617,16595.86934,536.265122,0,1.00E-05,1.00E-05,1.00E-05,70,14286.78991
79000132,,187574.5,665832.5,7900,69.8,380.013857,613.068835,4769.177651,30.370772,3.30E-05,0.000165044,0.048192771,0.5,11430.43147
79000133,,187871.5,666187.9,7900,74,16.859776,184.054476,666.466607,8.993097,3.70E-05,0.000259163,0.031531532,1.714285714,10796.72147
79000134,,187776.3,665614.1,7900,74.1,9.725685,22.509664,330.946637,13.604859,1.00E-05,0.000146296,0.024271845,0.8,11136.96389
79000141,,188496.9,665704.1,7900,75.9,0,45.6984,13.26992,25.015806,1.78E-05,0.000231276,0.025974026,1.5,11344.19453
79000142,,188512,665904.2,7900,67.4,0,26.308961,77.195544,0,4.25E-05,0.000148667,0.031007752,0.75,10272.20152
79000143,,188139.5,666092.9,7900,70.1,63.311815,198.02695,362.824928,0,2.89E-05,0.000183292,0.028169014,1.375,11382.12635
79000146,,188743.2,666506.7,7900,68.1,72.253961,69.689598,28.065652,17.939137,1.00E-05,0.000194307,0.028368794,1.5,10598.59559
79000212,,188280.1,664607.3,7900,77,0,82.379436,16.881118,69.807665,1.97E-05,9.36E-05,0.01618705,1.444444444,12917.44596
79000221,,188772.1,664780.2,7900,68.2,41.165877,79.507523,463.27951,53.066093,2.58E-05,0.000120617,0.025157233,1.125,11910.38181
79000222,,189347.1,664577.8,7900,68.1,13.915771,58.831609,56.651014,24.217429,4.20E-05,0.00017845,0.034482759,0.777777778,10848.86647
79000223,,188528.1,665160,7900,67.6,17.326504,229.639896,181.605266,44.139526,1.66E-05,0.000140711,0.03021148,1.1,12008.58571
79000233,,189653.9,665236.7,7900,65.7,39.136477,79.966388,84.769783,0,2.66E-05,0.000168462,0.029126214,0.777777778,11510.35711
79000234,,189553.5,665616.1,7900,53.9,57.974223,109.010378,286.308993,13.587009,1.73E-05,0.00019941,0.025316456,1.625,11279.04272
79000235,,189264.1,665636.6,7900,58.6,38.901339,138.162971,348.307061,48.585771,2.17E-05,0.000195695,0.035714286,1,11667.6532
79000311,,189349,666027.3,7900,60.9,503.426217,4127.907911,3703.398616,89.268911,4.83E-05,0.000241741,0.045098039,1.130434783,10999.53594
79000312,,189108,666531.9,7900,61.7,170.15287,1681.529148,528.094929,58.536272,4.02E-05,0.000224003,0.037735849,1.222222222,10641.20201
79000322,,189739.2,666233.3,7900,61.3,0,31.944607,108.007484,0,3.42E-05,0.000319635,0.0375,1.222222222,11356.67378
79000412,,189839.8,664622.4,7900,53.3,0,13.378322,82.76736,0,2.06E-05,0.000195695,0.033834586,1.111111111,10070.24507
79000414,,190094.7,664548.8,7900,63.2,17.277064,31.205394,894.786075,14.476258,2.11E-05,0.000147524,0.023076923,0.777777778,9668.496041
79000421,,190784.2,664542.9,7900,64.4,31.867045,88.081494,272.772602,0,2.54E-05,0.000118383,0.037037037,0.75,11686.19509
79000422,,190737.2,665220.7,7900,61.1,79.990417,396.245374,322.981766,42.275024,5.07E-05,0.000121766,0.025925926,0.714285714,10100.56769
79000434,,190561.5,666875.4,7900,67.4,21.836926,46.42044,298.780474,23.717632,1.00E-05,8.62E-05,0.044025157,0.714285714,10330.21631
79000512,,190573.5,667279.8,7900,67.8,26.619646,94.46491,104.970856,16.811348,4.40E-05,0.000123332,0.035369775,1,10166.61113
79000514,,191099.7,666179.3,7900,52.6,0,25.266565,94.690459,0,1.00E-05,7.12E-05,0.025974026,1,18189.64327
79000521,,191449.9,664867.6,7900,76.1,0,67.008595,104.508631,9.848269,7.13E-05,0.000184233,0.036876356,1.411764706,11010.44927
79000522,,191304.6,664393.8,7900,81.2,4.233623,61.870541,159.10018,12.567943,2.67E-05,0.000192261,0.021442495,2.090909091,10998.97845
79000523,,191966.1,664019.6,7900,61.2,0,84.577815,62.778028,0,9.54E-05,5.83E-05,0.021276596,2.909090909,9754.417792
80000001,,247818.7,764367.4,8000,52.2,38.29143,391.821577,222.348933,0,7.23E-05,9.64E-05,0.046920821,0.6875,6029.698427
80000002,,247511.3,763665.6,8000,47.6,66.106651,95.176824,564.02057,18.189939,0.000152773,6.11E-05,0.079925651,0.302325581,4506.752708
80000003,,246865.4,763715.3,8000,41.1,42.909006,158.855485,525.462958,0,1.00E-05,8.30E-05,0.03030303,1.5,
80000006,,246142.5,763158.9,8000,32.8,312.880699,46.152,134.090142,0,0.000168992,6.66E-05,0.093457944,0.46,4077.033761
80000009,,248052.8,761860.9,,,0,0,0,0,,,,,
80000010,,249876.1,761914.4,,,0,71.755286,89.168509,0,6.04E-05,2.01E-05,0.058823529,0.5,
82000012,,208703.7,750088.6,8200,65.6,0,7.458685,105.821262,0,2.98E-05,5.96E-05,0.057065217,1.333333333,6019.149076
82000014,,207952.3,749654.9,8200,53,143.477749,511.998005,468.350955,45.429782,1.51E-05,0.000150534,0.041208791,0.866666667,6913.90256
82000021,,207574.6,749625.5,8200,63.1,33.480629,13.337598,95.433024,18.215896,2.46E-05,8.62E-05,0.035955056,1.5625,7233.428135
82000022,,207774.8,749151.6,8200,55.6,27.720926,144.799627,254.319328,36.723109,2.60E-05,6.24E-05,0.041745731,0.818181818,7312.880596
82000023,,207267.2,748953.4,8200,55.3,17.408131,91.045713,125.887753,0,2.63E-05,6.59E-05,0.052884615,1.090909091,7648.643665
82000031,,207078.5,748548.9,8200,66.5,0,142.870134,175.638811,13.783304,2.84E-05,5.68E-05,0.07253886,0.5,8005.918783
82000033,,207869.8,748684.8,8200,58.8,40.23137,84.893012,79.853863,23.21827,2.56E-05,8.53E-05,0.059190031,0.789473684,7457.176795
82000034,,207538.1,748018.2,8200,57.4,102.627254,952.851018,608.931771,12.336714,4.14E-05,8.28E-05,0.062972292,1.08,8131.354878
83000114,,182517.1,653181.3,8300,65,102.072985,88.161106,284.903828,14.43898,2.32E-05,0.000156722,0.042372881,0.9,9138.371662
83000121,,181747.9,652487.3,8300,59.9,304.822363,1622.390321,2708.248047,38.190346,2.02E-05,0.000195214,0.031941032,1.076923077,10771.82049
83000122,,182078.5,652432.4,8300,68.1,32.413843,274.677228,170.632827,9.768005,2.52E-05,0.000168081,0.042944785,0.785714286,10125.3603
83000123,,182533.5,652685.1,8300,67.9,9.845969,14.899122,120.979026,13.339927,1.90E-05,0.00017064,0.031141869,1,9860.309522
83000126,,183306.8,652432.8,8300,69.5,30.0828,138.363699,269.164354,26.812019,3.48E-05,8.51E-05,0.024011299,1.411764706,9747.656348
83000211,,183375.4,651665,8300,68,104.909151,229.203058,230.084103,12.268698,6.45E-06,8.38E-05,0.025882353,1.272727273,9530.622071
83000212,,183735.4,651080.1,8300,68,153.962971,168.414322,539.997605,0,2.34E-05,6.56E-05,0.025641026,1.266666667,10586.96562
83000214,,182358.5,650905.1,8300,80.6,12.245197,52.750079,184.760352,24.904328,2.10E-05,9.97E-05,0.036398467,0.578947368,11563.96352
83000221,,182512.3,652067.4,8300,78,17.398877,14.570169,175.603975,12.696494,1.59E-05,0.000106191,0.023255814,0.75,10336.02214
83000222,,182130.4,651982.6,8300,62.6,51.930696,223.266595,305.817743,21.88715,1.91E-05,0.000181376,0.041811847,0.666666667,10678.03369
83000313,,181574.4,653262.3,8300,65.7,100.195072,286.426235,232.619749,0,3.21E-05,0.000149829,0.03125,0.9375,11324.30708
83000314,,181317.8,652896.4,8300,68.1,0,63.019986,145.472834,0,1.35E-05,0.00017545,0.027093596,1.181818182,11344.20539
83000315,,181368.5,652335.4,8300,65.4,259.148941,2629.298251,1626.872238,77.597998,4.89E-05,0.000228311,0.035714286,1.5,12340.31995
83000412,,180568.1,652789,8300,68.9,65.348221,362.922221,808.641696,30.097005,3.04E-05,0.000131669,0.033271719,0.777777778,11692.40093
83000421,,180836.8,652319.3,8300,63.7,0,356.950223,220.975914,11.160951,2.67E-05,0.000173739,0.034146341,1.214285714,11040.36371
83000422,,181025.6,652090.9,8300,68.6,17.190744,182.680824,517.125274,33.844566,3.12E-05,0.000187332,0.045584046,0.8125,11391.26905
83000426,,181059.6,651693.3,8300,75.6,0,55.053006,366.016847,29.84311,3.65E-05,0.00017656,0.028888889,1.307692308,11419.97345
83000514,,179498.5,655076.4,8300,72.3,99.889587,19.643668,97.869565,37.162593,1.35E-05,0.000121466,0.039408867,0.6875,10023.10932
83000522,,179593.2,653336.6,8300,67.4,42.485236,68.950016,348.775361,22.791434,2.92E-05,0.000134358,0.031982942,1.066666667,11157.32551
83000532,,179216,652616.6,8300,74.1,65.358408,33.276169,116.489336,0,1.21E-05,0.000169718,0.022123894,1,12293.40689
83000534,,178643.6,652361.2,8300,79.3,0,91.909806,25.565056,0,1.29E-05,0.000111476,0.020344288,0.923076923,13450.76165
83000612,,177700.3,653108.9,8300,66.9,0,164.945627,81.34759,23.0262,1.77E-05,7.98E-05,0.019417476,0.833333333,13992.52485
83000614,,177667.4,654345.6,8300,73.7,8.819,75.258393,145.776317,9.967991,3.33E-05,7.21E-05,0.032388664,1.4375,11638.55799
83000617,,178590,653901.8,8300,71.3,19.663953,278.540745,144.282501,32.484662,3.27E-05,0.000130685,0.023850085,1,12964.72942
83000621,,178142.3,655390.6,,,6734.378811,21737.18415,1742.44009,11.444409,1.00E-05,1.00E-05,1.00E-05,0.1,11018.90891
83000622,,176742.7,655628.4,,,2340.524419,1462.755136,56.774039,13.306886,,,,,10122.63911
83000623,,176098.9,656028.3,8300,61.2,51.086279,32.041195,229.293896,0,1.12E-05,0.000111826,0.040816327,1.5,10420.72326
84000111,,181931.4,646745.8,,,3953.493906,8224.395567,858.118762,27.755312,,,,,
84000112,,183279.7,646065,8400,85.1,41.003228,73.324128,11.409725,32.695671,7.69E-05,0.000115357,0.024561404,1.857142857,12720.70537
84000114,,182366,645667.3,8400,67.8,23.015,198.267936,114.736257,45.257018,4.98E-05,0.000156556,0.031168831,1.083333333,10235.58483
84000122,,182813.3,645412.8,8400,63.6,0,125.946292,579.546399,84.683869,3.93E-05,0.000163859,0.028708134,1.083333333,10040.24367
84000213,,183354,643923.1,8400,71.8,14.537011,145.784941,259.411314,38.143349,3.61E-05,0.000156556,0.026373626,1.166666667,9822.013464
84000214,,183898.8,643996.9,8400,63.9,10.635409,139.564745,185.797389,23.431097,3.27E-05,0.000130853,0.029850746,0.9,9802.065072
84000221,,183993.2,643587.1,8400,67.3,29.250922,33.618274,41.029256,12.10684,1.93E-05,5.79E-05,0.028169014,1,9809.850356
84000222,,183304.9,643359.8,8400,61,451.302365,486.299505,506.638189,34.630525,8.01E-05,0.000122105,0.026462396,1.315789474,8395.543941
84000312,,182555.5,642994.3,8400,74.1,26.47305,160.234675,86.585356,17.436091,4.80E-05,0.000101274,0.025291829,1.153846154,9635.681286
84000313,,182306.3,643366.7,8400,62.6,0,9.329879,50.281876,0,2.21E-05,0.00012152,0.024193548,2,7505.830389
84000322,,181666,643642,8400,70.1,10.459042,137.499346,272.464093,0,3.27E-05,0.000136169,0.027833002,1.214285714,8617.064287
84000411,,182066.5,644340.3,8400,60.4,30.506828,653.429528,249.269235,0,2.34E-05,0.000148304,0.034188034,0.916666667,9775.264557
84000413,,181830.1,645034.8,8400,62.4,48.391858,1043.844803,465.691282,103.235422,4.11E-05,0.000152533,0.029978587,1.357142857,10120.26828
84000414,,181696.7,645255.6,8400,70.1,587.197085,653.105819,210.285385,52.516322,4.06E-05,0.000155589,0.032098765,1.307692308,10044.70925
84000421,,181414.2,645406.4,8400,71,35.990398,255.156473,230.659095,22.075579,1.53E-05,9.98E-05,0.036414566,0.846153846,10497.42038
84000422,,181031.9,646213.1,8400,53.9,0,43.814341,100.821704,20.945714,2.26E-05,0.000113212,0.016528926,3,13494.06629
84000432,,179959.5,643738.9,8400,51.8,865.335047,1435.419781,413.487184,11.370667,5.26E-05,8.61E-05,0.027923211,0.6875,6072.752266
85000012,,188472.7,649594.8,8500,67.5,23.002896,49.577154,273.714779,0,5.00E-05,0.000169983,0.02919708,1,8397.001462
85000014,,188112.7,648601,8500,56.3,247.719374,1067.780609,1324.156329,5.927683,3.41E-05,0.00014312,0.032338308,0.692307692,6699.770505
85000022,,187394,648839.1,8500,64.4,144.335264,203.170863,913.611661,0,4.28E-05,0.000135559,0.026041667,0.8,7838.776366
85000023,,187692.1,649239,8500,54.2,26.327624,152.031244,196.401644,0,2.60E-05,0.000181783,0.028436019,0.333333333,8386.536487
85000033,,186823.6,649111.3,8500,65.8,0,0,149.872257,30.581979,2.97E-05,0.00013847,0.032490975,0.555555556,6345.215642
85000034,,187010.9,648736.3,8500,54.3,11.315822,12.370842,233.931688,21.030342,3.47E-05,0.00013005,0.028481013,0.777777778,6190.058231
85000035,,186725.8,648497.7,8500,50.1,18.069,0,207.554954,0,1.62E-05,0.000178325,0.020710059,0.857142857,6172.77652
85000041,,188127.1,647408.8,8500,83.2,36.798,30.080325,18.605409,0,0.000160782,1.29E-05,0.021126761,8,10533.15931
85000042,,187013.8,647870.3,8500,56.7,17.327573,60.753121,277.686808,0,7.61E-05,0.000134645,0.032051282,1.333333333,6243.436828
85000044,,186466,647680.4,8500,58.5,7.794432,0,15.51588,0,6.41E-05,0.000201585,0.033444816,0.7,6211.02011
86000114,,182984.3,666517.8,8600,65.2,75.687573,445.180214,302.307098,3.219642,3.51E-05,8.78E-05,0.053418803,1.08,14874.53295
86000116,,182381,666213.9,8600,67.5,7.861338,525.208352,264.588563,0,3.60E-05,0.000100937,0.073684211,0.892857143,15522.57137
86000122,,181984.4,666306.6,8600,73.3,12.582634,61.695116,40.267114,10.90686,5.07E-05,0.000152207,0.074074074,1.25,18549.57247
86000124,,181650.1,666049.9,,,4666.498507,25982.19352,1559.820992,22.278638,1.00E-05,1.00E-05,1.00E-05,1,13171.54728
86000125,,181598,665465.4,8600,70.1,182.438475,4516.404906,178.574735,25.650247,3.74E-05,8.72E-05,0.072727273,0.8125,16150.54684
86000131,,181692.8,665329.1,8600,76.5,49.957961,64.956049,91.909999,28.193765,3.40E-05,7.92E-05,0.090909091,1,16513.08106
86000134,,182745.6,665365.6,8600,68.6,190.68634,1439.940223,1512.238388,15.476177,3.26E-05,0.000130463,0.098214286,1,14953.14896
86000136,,182907.7,665972.4,8600,66.1,64.322612,600.009111,454.639059,38.570029,2.98E-05,0.00016116,0.076252723,1,14497.19473
86000137,,182937.3,665576.6,8600,72.9,73.134643,348.741223,298.973714,22.569693,1.37E-05,0.000123288,0.065,1.307692308,14993.67051
86000138,,183224.7,665935.6,8600,65.9,23.090336,496.99965,746.801333,8.541067,3.84E-05,0.000115222,0.072429907,0.967741935,14586.48965
86000211,,183602.5,665515,8600,71.5,8.118972,169.074699,66.097463,0,1.10E-05,0.000142466,0.08,0.8,14516.15337
86000213,,183276.3,664903.1,8600,69.6,23.018591,271.406775,260.571479,0,1.87E-05,9.35E-05,0.061433447,0.833333333,14789.38825
86000214,,183554.4,664904.6,8600,74.6,9.023489,215.509272,41.183398,9.280297,1.20E-05,0.000168229,0.057017544,1.076923077,14499.51528
86000215,,183325.8,664426.6,8600,68.4,28.199174,415.511357,419.620203,29.011554,2.57E-05,9.25E-05,0.052532833,1.142857143,15423.20302
86000216,,183758.5,664593.6,8600,71.2,38.489886,141.95501,162.266683,34.215784,1.18E-05,0.000135513,0.055913978,0.653846154,15123.77017
86000222,,183614.1,663662.4,8600,67.1,0,121.226389,354.392941,10.60035,5.77E-05,9.45E-05,0.044061303,1.130434783,15221.19202
86000313,,184166.4,663942.2,8600,65.4,7.697875,170.798176,146.199892,0,2.52E-05,0.000109253,0.036809816,0.75,15167.13099
86000314,,184056.4,663622.9,8600,58.1,0,445.953819,420.878673,0,1.18E-05,0.000105826,0.0472103,0.818181818,14107.63126
86000322,,184733.5,663804.1,8600,72.8,31.150471,200.657422,149.718077,10.748454,3.67E-05,9.16E-05,0.063545151,0.894736842,13480.01222
86000325,,184264.1,663049.9,8600,66.5,56.291386,88.900915,275.575391,11.611318,3.59E-05,8.37E-05,0.045851528,0.952380952,13415.98536
86000414,,185767.2,662388.9,8600,63.8,9.634559,257.184644,292.087309,33.774049,6.87E-05,1.96E-05,0.082437276,0.869565217,12968.46536
86000417,,185192.9,662621.2,,,0,0,0,0,1.00E-05,1.00E-05,0.041666667,1,
87000011,,188933.7,678080.1,,,2173.022016,15199.68749,1237.664582,10.911203,1.00E-05,1.00E-05,1.00E-05,0.1,11258.01673
87000014,,189343,676448,8700,72.4,24.141556,298.159309,479.13519,17.660536,1.99E-05,7.94E-05,0.047101449,0.615384615,14231.99962
87000018,,188365.2,676741.4,8700,69.6,23.789862,292.418482,583.280171,22.657119,2.27E-05,0.000159154,0.053941909,0.923076923,13009.82357
87000021,,187735.5,676738.8,8700,74.2,35.80186,160.25391,344.982631,0,4.76E-05,0.00013103,0.047826087,0.636363636,13704.56839
87000022,,187765.6,677066.1,8700,71.8,40.82537,71.340741,139.257278,41.587998,1.78E-05,0.000124939,0.045602606,0.714285714,13538.40645
87000023,,188033.7,677698.1,8700,65.8,102.309703,41.49645,473.004933,36.794612,2.92E-05,4.87E-05,0.035587189,0.8,13983.82684
87000026,,186586.7,678040,8700,61.6,32.597727,180.553379,314.31111,35.293298,4.71E-05,9.41E-05,0.041237113,1,14370.11947
87000031,,186809.1,676410.1,8700,73.4,84.541125,418.726213,321.249905,98.434724,5.39E-05,7.05E-05,0.049924357,0.696969697,16243.555
87000032,,187577.3,676273.4,8700,71.4,0,408.68229,249.887236,7.57966,3.18E-05,0.000111177,0.04057971,0.642857143,15402.86665
87000034,,188226.8,676213.1,8700,69.8,65.863986,1275.791949,1234.646351,29.583336,2.22E-05,0.000133284,0.048648649,0.833333333,13179.55892
87000035,,188711.7,676016.7,8700,69.2,7.869095,277.62545,216.576185,0,2.61E-05,0.000139161,0.06031746,0.473684211,13648.12197
88000001,,217498.5,745543.9,8800,46.4,149.611632,79.627625,220.937419,0,7.08E-07,1.42E-06,0.008006198,1,
88000002,,216944.5,746179,8800,41.1,19.320104,145.695154,83.92115,0,,,,,
88000003,,216355.2,746316,8800,34.1,30.936597,81.669619,96.924814,0,,,,,4172.111238
88000005,,215157.4,745863.3,8800,46.8,112.636068,339.283845,459.921279,13.990117,,,,,
88000006,,215605.3,746086.2,8800,42.9,104.746621,271.86391,267.498197,0,,,,,
88000008,,215885.6,744891.9,8800,45.6,47.032657,57.456939,174.033577,0,,,,,
88000010,,217326.2,744338.8,8800,31.3,290.396671,104.994663,104.970264,0,,,,,
89000002,,219390.7,750741.1,8900,37.1,26.76191,37.201732,185.452834,0,,,,,
89000004,,218946,750433.5,8900,31.1,0,0,66.480288,0,,,,,
89000005,,218276.2,750870.3,8900,33,0,20.702925,245.389277,0,,,,,
89000006,,218839.9,751032.2,8900,31.3,0,79.97743,14.217886,0,,,,,
89000007,,218155.1,751654.7,8900,41.5,27.631816,359.510907,312.230099,0,,,,,
90000113,,179842.6,575385.8,9000,44.5,7.163819,9.526938,57.114983,0,3.01E-05,0.000210748,0.027472527,1.2,4800.447587
90000122,,180862,575395.2,9000,56.3,2.01313,172.197335,172.981083,0,2.19E-05,0.000153425,0.04,0.8,7061.229375
90000133,,180206.8,574294.8,9000,64.1,35.816888,81.070903,143.56023,0,2.17E-05,0.000130463,0.047619048,0.833333333,6796.612134
90000214,,178472,575057.1,9000,72.5,0,82.808189,41.922816,0,1.58E-05,0.000173534,0.013435701,0.857142857,6270.684609
90000215,,178677.2,574739.4,9000,60.5,33.214061,239.700088,235.350249,14.019768,1.44E-05,0.000187455,0.031578947,0.833333333,5280.270983
90000222,,178003.5,573769.9,9000,50.9,42.553238,67.693563,267.87493,0,2.68E-05,0.000178484,0.026058632,0.875,4990.1116
90000223,,177448.1,573876.3,9000,58.7,30.654084,49.694455,65.665877,0,3.17E-05,0.000211562,0.015444015,1.25,5273.540281
90000225,,177999.2,574340.1,9000,63.7,26.961299,336.71534,857.605985,26.011352,3.02E-05,0.000143402,0.019283747,0.857142857,5469.015195
90000226,,177744.5,574674.4,9000,59.9,0,0,29.062785,0,1.00E-05,0.000168887,0.02739726,0.25,5623.287377
90000234,,176836.9,574756,9000,59.6,,,,,2.94E-05,0.000127202,0.017857143,0.6,7286.706081
90000313,,177223.9,575051.3,9000,65.7,29.289902,20.992515,220.903571,14.168113,8.53E-06,0.00011949,0.018691589,0.666666667,6501.225323
90000314,,176780.9,575876.1,,,0,8.157023,0,0,,,,,
90000412,,178954.3,571808,9000,65.2,5.518,22.984016,57.895795,0,2.05E-05,0.000164178,0.02247191,1,6278.916763
90000413,,178560.1,571860.9,9000,69.3,21.14565,113.007818,199.931535,0,3.15E-05,0.000145856,0.021582734,0.733333333,6521.556651
90000414,,178276.5,572045.8,9000,76.9,21.506367,69.718091,161.700232,15.457007,3.37E-05,0.00016116,0.019151847,0.571428571,6623.591181
90000422,,178108.1,572922.3,9000,70.8,10.911459,90.646331,851.68227,11.454138,2.88E-05,0.000120163,0.029824561,0.411764706,6173.654639
90000431,,178924.7,573119.2,9000,63.4,36.428016,146.099095,106.035117,0,8.20E-05,0.000213272,0.050898204,0.647058824,5171.830675
90000433,,178733.7,573864.1,9000,46.2,0,0,17.313031,0,1.69E-05,0.000219855,0.024691358,0.75,4937.678989
90000434,,179175.3,573457.5,9000,48.2,43.313599,91.640067,255.76139,0,2.10E-05,0.000154153,0.028132992,0.636363636,5501.078071
90000522,,180160.6,572811.1,9000,61.4,0,124.691681,372.556803,0,2.81E-05,0.000205713,0.027303754,1.375,5714.220563
90000611,,179481,572601.8,9000,61,428.066763,2605.145365,2233.876328,54.678313,3.30E-05,0.000158442,0.026506024,0.727272727,5630.87827
90000614,,178693.3,570256.9,9000,53.8,21.399809,44.544166,73.764766,0,2.46E-05,7.37E-05,0.013452915,1,7248.937493
90000631,,181456,573243.1,9000,67.9,308.365782,376.151167,610.765371,0,3.59E-05,0.000137584,0.024017467,0.909090909,5751.747023
90000632,,181688,573692.2,9000,41.4,70.210523,954.439371,446.699256,16.167115,5.98E-05,0.000186195,0.031553398,0.769230769,5483.198064
90000634,,181073,574039.6,,,116.929542,1416.097182,8441.659491,0,1.00E-05,1.00E-05,1.00E-05,50,
90000642,,181710.4,575590.8,9000,66.1,4.755062,32.245866,109.400001,34.029249,1.69E-05,0.000129658,0.026748971,0.461538462,6830.033097
90000643,,182776.1,575930.5,9000,71.8,0,81.00026,78.901519,0,3.67E-05,9.45E-05,0.030651341,0.6875,8012.144654
90000644,,181967.5,576014.8,,,8.572599,154.456079,318.670956,12.584961,2.04E-05,0.00014312,0.044776119,0.333333333,8086.708704
91000023,,210300.9,767760.4,9100,69.8,39.91999,25.367645,156.590537,11.054147,0.0001868,0.000135854,0.037190083,1.944444444,7293.856761
91000041,,208989.5,767352.5,9100,66.8,172.617526,570.536036,266.641754,9.861643,5.20E-05,0.000176757,0.032258065,1.058823529,8532.817453
91000042,,208853.8,766737.2,9100,72.1,123.241944,886.06097,503.877935,0,3.88E-05,8.18E-05,0.025157233,1.1875,8330.531609
91000043,,208605.5,765962.6,9100,75.6,39.46918,94.158232,89.281787,6.946456,7.94E-05,0.000174707,0.043478261,1,7593.854099
93000001,,195757.5,721086.3,9300,64.8,11.543,104.595481,198.33196,4.603116,6.76E-05,6.76E-05,0.016460905,1.5,11712.75244
93000003,,195382.1,718863.9,9300,67.9,58.287112,494.602095,525.799181,44.91874,5.05E-05,6.05E-05,0.025782689,1.642857143,11598.41976
94000005,,189721.7,660311.5,9400,72.5,24.639858,10.02,114.36952,11.610771,4.85E-05,0.000105063,0.03539823,0.666666667,10651.51397
94000007,,188792.6,660085.1,9400,67.9,268.828481,1354.480634,416.440954,148.331354,7.10E-05,5.68E-05,0.03626943,0.761904762,14655.80074
94000008,,188169.7,659556.6,9400,71.6,36.36649,187.805712,186.841123,0,7.02E-05,1.00E-05,0.029304029,2.875,11871.55013
95000005,,208563.5,749267.3,9500,59.7,31.678238,337.531958,288.982385,6.944048,5.60E-05,9.96E-05,0.05,1.318181818,7447.640238
95000007,,208939.2,749205.3,9500,58.7,28.161839,41.330014,134.833543,0,3.19E-05,0.000119465,0.046511628,0.75,7399.054884
95000009,,208533,748338,9500,58.1,9.553705,194.450166,203.077714,9.18937,3.71E-05,0.000105136,0.040632054,1.222222222,8053.498251
95000010,,208217,748610.1,9500,60.9,2.61,225.944126,499.922357,47.091304,2.16E-05,9.35E-05,0.047244094,1.111111111,7766.769519
96000013,,207895.9,750964.8,9600,56.3,219.994471,220.324417,209.659697,0,4.18E-05,9.19E-05,0.042682927,0.785714286,5464.053852
96000021,,207214.7,750405.1,9600,51.1,14.206,29.546224,31.429762,0,2.11E-05,0.000126449,0.038461538,1.2,6283.646679
96000022,,206983.9,750798.9,9600,37.3,0,57.580153,91.279668,0,3.91E-05,0.000130463,0.052380952,0.818181818,6224.313756
96000024,,206578,750372.2,9600,46.2,0,10.775267,174.591745,0,3.26E-05,0.000114155,0.029761905,1.2,6229.604268
97000021,,190015.2,673961.1,9700,71.7,132.283962,1451.749912,767.616361,36.576462,5.33E-05,0.000119891,0.032414911,1.65,12514.49395
97000023,,190001.6,673381.6,9700,70.6,156.41236,736.249669,508.411775,30.772849,6.79E-05,0.000101831,0.03539823,1.55,11930.66618
98000003,,194488.8,714342.8,9800,66.6,126.834554,116.32853,331.084428,64.739721,6.40E-05,4.07E-05,0.036093418,1.235294118,8874.512572
19970001,,,,1997,28.3,,,,,,,,,
60000007,,,,6000,38.7,6.095,60.695,0,0,,,,,5462.571482
60000008,,,,6000,39.2,0,0,66.691882,0,,,,,4742.379158
12510001,,,,,,44.446,19.779,9.288,0,,,,,
26100038,,,,,,45.242629,19.083277,20.148918,0,1.00E-05,1.00E-05,1.00E-05,470,
700313,,,,,,95.400064,62.658333,29.361231,0,1.00E-05,1.00E-05,1.00E-05,0.1,
66000421,,,,,,0,0,0,0,,,,,
26500035,,,,,,42.211637,89.150979,150.639535,0,,,,,
26500012,,,,,,0,0,0,0,,,,,
8330001,,,,,,0,5.968,0,0,,,,,
40000214,,,,,,2426.151972,169.79493,34.186367,0,,,,,
13350001,,,,,,0,0,1.306,0,,,,,
17220001,,,,,,1285.294,433.039,104.277,0,,,,,
1660000,,,,,,,,,,1.00E-05,1.00E-05,1.00E-05,0.1,
1680000,,,,,,,,,,1.00E-05,1.00E-05,1.00E-05,0.1,
1950000,,,,,,,,,,1.00E-05,1.00E-05,1.00E-05,0.1,
2290000,,,,,,,,,,1.00E-05,1.00E-05,1.00E-05,0.1,
2400000,,,,,,,,,,1.00E-05,1.00E-05,1.00E-05,0.1,
2460000,,,,,,,,,,1.00E-05,1.00E-05,1.00E-05,0.1,
4690000,,,,,,,,,,1.00E-05,1.00E-05,1.00E-05,0.1,
6810000,,,,,,,,,,1.00E-05,1.00E-05,1.00E-05,0.1,
8740000,,,,,,,,,,1.00E-05,1.00E-05,1.00E-05,0.1,
10150000,,,,,,,,,,1.00E-05,1.00E-05,1.00E-05,0.1,
10200000,,,,,,,,,,1.00E-05,1.00E-05,1.00E-05,0.1,
10310000,,,,,,,,,,1.00E-05,1.00E-05,1.00E-05,0.1,
10340000,,,,,,,,,,1.00E-05,1.00E-05,1.00E-05,0.1,
10630000,,,,,,,,,,1.00E-05,1.00E-05,1.00E-05,10,
11390000,,,,,,,,,,1.00E-05,1.00E-05,1.00E-05,0.1,
11610000,,,,,,,,,,1.00E-05,1.00E-05,1.00E-05,0.1,
12000000,,,,,,,,,,1.00E-05,1.00E-05,1.00E-05,0.1,
12240000,,,,,,,,,,1.00E-05,1.00E-05,1.00E-05,0.1,
13040000,,,,,,,,,,1.00E-05,1.00E-05,1.00E-05,0.1,
13090000,,,,,,,,,,1.00E-05,1.00E-05,1.00E-05,0.1,
21000000,,,,,,,,,,1.00E-05,1.00E-05,1.00E-05,4,
22000000,,,,,,,,,,1.00E-05,1.00E-05,1.00E-05,0.1,
24000000,,,,,,,,,,1.00E-05,1.00E-05,1.00E-05,7,
25000000,,,,,,,,,,1.00E-05,1.00E-05,1.00E-05,0.1,
25500000,,,,,,,,,,1.00E-05,1.00E-05,1.00E-05,0.1,
25600000,,,,,,,,,,1.00E-05,1.00E-05,1.00E-05,0.1,
26000000,,,,,,,,,,1.00E-05,1.00E-05,1.00E-05,0.166666667,
26100000,,,,,,,,,,1.00E-05,1.00E-05,1.00E-05,0.1,
26200000,,,,,,,,,,1.00E-05,1.00E-05,1.00E-05,0.1,
26300000,,,,,,,,,,1.00E-05,1.00E-05,1.00E-05,0.1,
26400000,,,,,,,,,,1.00E-05,1.00E-05,1.00E-05,0.1,
26500000,,,,,,,,,,1.00E-05,1.00E-05,1.00E-05,0.1,
26600000,,,,,,,,,,1.00E-05,1.00E-05,1.00E-05,0.1,
27100001,,,,,,,,,,4.33E-06,2.44E-05,0.005335968,0.703703704,
28000000,,,,,,,,,,1.00E-05,1.00E-05,1.00E-05,0.1,
30000000,,,,,,,,,,1.00E-05,1.00E-05,1.00E-05,0.142857143,
35700000,,,,,,,,,,1.00E-05,1.00E-05,1.00E-05,0.1,
36160000,,,,,,,,,,1.00E-05,1.00E-05,1.00E-05,0.1,
37300000,,,,,,,,,,1.00E-05,1.00E-05,1.00E-05,0.1,
37800000,,,,,,,,,,1.00E-05,1.00E-05,1.00E-05,0.1,
37970000,,,,,,,,,,1.00E-05,1.00E-05,1.00E-05,0.1,
40000000,,,,,,,,,,1.00E-05,1.00E-05,1.00E-05,0.1,
61000000,,,,,,,,,,1.00E-05,1.00E-05,1.00E-05,0.1,
62000000,,,,,,,,,,1.00E-05,1.00E-05,1.00E-05,0.1,
63000000,,,,,,,,,,1.00E-05,1.00E-05,1.00E-05,0.1,
64000000,,,,,,,,,,1.00E-05,1.00E-05,1.00E-05,0.2,
65000000,,,,,,,,,,1.00E-05,1.00E-05,1.00E-05,0.1,
66000000,,,,,,,,,,1.00E-05,1.00E-05,1.00E-05,0.1,
67000000,,,,,,,,,,1.00E-05,1.00E-05,1.00E-05,0.1,
68000000,,,,,,,,,,1.00E-05,1.00E-05,1.00E-05,0.1,
69000000,,,,,,,,,,1.00E-05,1.00E-05,1.00E-05,0.1,
70000000,,,,,,,,,,1.00E-05,1.00E-05,1.00E-05,0.1,
71000000,,,,,,,,,,1.00E-05,1.00E-05,1.00E-05,0.1,
72000000,,,,,,,,,,1.00E-05,1.00E-05,1.00E-05,0.1,
73000000,,,,,,,,,,1.00E-05,1.00E-05,1.00E-05,0.333333333,
74000000,,,,,,,,,,1.00E-05,1.00E-05,1.00E-05,0.333333333,
76000000,,,,,,,,,,1.00E-05,1.00E-05,1.00E-05,1,
77000000,,,,,,,,,,1.00E-05,1.00E-05,1.00E-05,0.1,
78000000,,,,,,,,,,1.00E-05,1.00E-05,1.00E-05,0.1,
79000000,,,,,,,,,,1.00E-05,1.00E-05,1.00E-05,0.1,
80000000,,,,,,,,,,1.00E-05,1.00E-05,1.00E-05,0.1,
82000000,,,,,,,,,,1.00E-05,1.00E-05,1.00E-05,0.1,
83000000,,,,,,,,,,1.00E-05,1.00E-05,1.00E-05,0.333333333,
84000000,,,,,,,,,,1.00E-05,1.00E-05,1.00E-05,0.333333333,
85000000,,,,,,,,,,1.00E-05,1.00E-05,1.00E-05,0.1,
86000000,,,,,,,,,,1.00E-05,1.00E-05,1.00E-05,0.1,
87000000,,,,,,,,,,1.00E-05,1.00E-05,1.00E-05,0.1,
90000000,,,,,,,,,,1.00E-05,1.00E-05,1.00E-05,0.1,
91000000,,,,,,,,,,1.00E-05,1.00E-05,1.00E-05,0.1,
92000000,,,,,,,,,,1.00E-05,1.00E-05,1.00E-05,0.1,
93000000,,,,,,,,,,1.00E-05,1.00E-05,1.00E-05,30,
94000000,,,,,,,,,,1.00E-05,1.00E-05,1.00E-05,0.1,
95000000,,,,,,,,,,1.00E-05,1.00E-05,1.00E-05,0.1,
96000000,,,,,,,,,,1.00E-05,1.00E-05,1.00E-05,0.1,
97000000,,,,,,,,,,1.00E-05,1.00E-05,1.00E-05,0.1,
50000000,,,,,,,,,,1.00E-05,1.00E-05,1.00E-05,0.166666667,
10610000,,,,,,,,,,1.00E-05,1.00E-05,1.00E-05,0.1,
12430001,,,,,,,,,,1.00E-05,1.00E-05,0.003921569,0.1,9779.291075
13360001,,,,,,,,,,,,,,13734.72984
700211,0,168513.2,633092.3,70,40.4,99.236214,278.668589,1029.563688,31.519868,3.91E-05,5.06E-05,0.020973154,0.52,8379.944202
1660002,9920.240278,172635.4,633775.4,166,76.4,45.74,81.782369,331.818065,9.671411,4.07E-05,2.98E-05,0.02970297,1.366666667,8575.553137
4940006,92028.20702,204836.4,733970.9,494,49.7,0,6.740563,189.951783,0,1.51739E-05,5.05796E-06,0.005538462,1,4474.349955
4940007,92028.20702,204257.4,733505.8,494,36.9,90.449963,148.732769,220.665122,0,,,,,5403.892498
4940008,92028.20702,204007,733089.8,494,48.6,5.775704,8.63528,73.321814,0,,,,,4482.58728
12000023,9920.240278,200198.8,646437.9,1200,78.9,57.485372,351.984442,853.703916,73.394049,5.39E-05,0.000105167,0.025590551,1.115384615,10207.6194
12000024,9920.240278,199812.3,645418.8,,,,,,,,,,,
25500004,9920.240278,179511.3,635076.8,2550,81,285.941839,349.700931,1386.047789,47.028133,9.67E-05,2.67E-05,0.027777778,1.594594595,9752.642137
30000213,9413.210709,220596.6,640356.6,,,1250.682072,927.628547,209.027413,0,2.32797E-05,3.78295E-05,0.00212427,1.5,
30000221,9413.210709,221682.4,638006.4,,,11.749067,10.956478,31.826914,0,0.000358054,0.000116291,0.001954761,0.571428571,
30000222,9413.210709,221682.4,638006.4,,,,,,,0.000358054,0.000116291,0.001954761,0.571428571,
30000224,9413.210709,221682.4,638006.4,,,41.07975,116.704291,51.7384,0,0.000358054,0.000116291,0.001954761,0.571428571,
30000312,9413.210709,221682.4,638006.4,,,2.479896,0,0.821598,0,0.000358054,0.000116291,0.001954761,0.571428571,
30000314,9413.210709,222223.1,635049.4,,,7.261128,360.893128,462.264971,15.698668,0.000551316,0.000306955,0.001757469,1.25,
30000321,9413.210709,222223.1,635049.4,,,,,,,0.000551316,0.000306955,0.001757469,1.25,
30000611,9413.210709,223718.6,633990.8,,,55.766341,49.829661,360.725385,0,1.84742E-06,7.75917E-05,0.002022927,0.666666667,
30000612,9413.210709,223718.6,633990.8,,,21.135926,0,143.989474,0,1.84742E-06,7.75917E-05,0.002022927,0.666666667,
30000615,9413.210709,223590.6,632119.6,,,120.071027,191.270261,577.296607,0,3.3796E-06,6.9845E-05,0.001233553,1,
30000616,9413.210709,223590.6,632119.6,,,69.186348,293.232933,434.149304,0,3.3796E-06,6.9845E-05,0.001233553,1,
30000621,9413.210709,222475.9,633037.9,,,137.135718,627.891777,299.925057,0,7.84151E-05,0.000176034,0.002336449,0.5,4867.890906
30000622,9413.210709,222475.9,633037.9,,,79.190424,536.465968,2087.788144,4.189037,7.84151E-05,0.000176034,0.002336449,0.5,
30000623,9413.210709,222178.6,632597.6,,,352.681873,1680.076875,971.706779,14.756572,3.57356E-05,0.000107207,0.004347826,0.1,
30000624,9413.210709,222178.6,632597.6,,,,,,,3.57356E-05,0.000107207,0.004347826,0.1,
30001331,9413.210709,221541.2,630081.8,,,,,,,3.02732E-05,0.000121093,0.033149171,0.833333333,
30001411,9413.210709,222520.8,630803.3,,,0,95.216663,153.577773,0,5.74366E-06,7.75394E-05,0.001572327,0.666666667,
30001522,9413.210709,222635.7,627000.4,,,91.019897,108.620029,335.211683,0,4.58089E-05,4.75708E-05,0.000643087,3,
30001523,9413.210709,221796.5,626554.9,,,,,,,0.00001,3.62398E-05,0.002645503,0.1,
30001622,9413.210709,220933.3,625492.5,3000,78.6,84.269187,101.709352,646.142675,21.079566,8.05E-05,8.94E-05,0.025456919,0.615384615,13123.66797
37800006,0,210650.2,623282.2,3780,42.1,37.797685,100.348044,360.516416,0,6.74E-05,2.53E-05,0.026445264,1.581395349,
37970002,0,204782.4,647804.4,3797,44.5,0,0,26.664634,0,3.70E-05,3.26E-05,0.015091342,2.052631579,
37970004,0,204309.2,648406,3797,45.3,24.374855,143.379762,614.290604,11.034478,5.72E-05,3.43E-05,0.01372315,1.695652174,
40000312,92028.20702,200802.3,745894.4,4000,48.6,179.26504,273.301237,184.113452,36.504119,4.11989E-05,0.000102997,0.022556391,1.333333333,4059.551873
40000323,92028.20702,200042.2,747211.7,,,,,,,4.60458E-05,0.000322321,0.109243697,0.615384615,
40000415,92028.20702,198823,748480.3,,,,,,,1.95695E-05,0.000254403,0.05,0.714285714,
40000416,92028.20702,198823,748480.3,4000,56.2,71.616101,953.697843,4545.226362,0,1.95695E-05,0.000254403,0.05,0.714285714,7415.712205
50000111,2087.426616,180695.2,670791.6,,,302.627513,1155.587592,391.699717,24.38264,9.44733E-05,8.89161E-05,0.032454361,1.8125,20978.76146
50000112,2087.426616,180695.2,670791.6,5000,66.5,301.254406,941.370922,833.744431,126.982043,9.44733E-05,8.89161E-05,0.032454361,1.8125,18787.66324
50000331,2087.426616,178504.1,665734.3,,,,,,,1.55666E-05,0.000249066,0.051136364,1.222222222,
50000425,2087.426616,180028.1,665935.8,5000,67.9,25.429335,828.360596,1052.947739,0,1.32354E-05,0.000225002,0.06763285,0.928571429,21038.80474
50000426,2087.426616,180028.1,665935.8,,,101.675531,692.917467,1447.883699,18.917772,1.32354E-05,0.000225002,0.06763285,0.928571429,24566.24326
50000553,2087.426616,178840.5,663399.2,5000,93,618.552361,8219.38785,384.066239,0,2.09139E-05,0.000271881,0.083969466,1.363636364,16683.61596
50000622,2087.426616,180287.5,664009.9,,,,,,,5.8292E-05,0.000233168,0.092198582,1.615384615,
50000623,2087.426616,180287.5,664009.9,,,604.636255,5391.30983,1315.82466,11.415768,5.8292E-05,0.000233168,0.092198582,1.615384615,17302.29395
50000624,2087.426616,180287.5,664009.9,,,709.810284,6816.903332,788.858942,0,5.8292E-05,0.000233168,0.092198582,1.615384615,
50000741,2087.426616,177541.4,661657.3,5000,62.5,64.569938,356.811003,330.379648,0,1.94307E-05,0.00014573,0.042553191,1.083333333,10484.22516
62000211,0,175690.5,658613,6200,54.1,9.839992,273.513678,242.230213,22.912125,2.63435E-05,9.87882E-05,0.043269231,0.722222222,12530.81904
62000216,0,175690.5,658613,,,,,,,2.63435E-05,9.87882E-05,0.043269231,0.722222222,
74000115,27854.73736,188384.3,689489.6,7400,84.1,40.576263,204.101431,111.231074,44.0673,8.32E-05,6.31E-05,0.029827316,1.263157895,9833.449902
79000211,9920.240278,187738.8,664880.9,7900,74.5,30.48565,150.427179,94.845755,0,2.96E-05,3.21E-05,0.00990099,3.181818182,12693.71001
85000015,9920.240278,188080.7,647987.1,8500,54.2,288.029372,876.196923,260.305603,9.410864,2.31201E-05,0.00010404,0.021097046,0.6,5607.543042
86000411,0,183150.4,662557.8,8600,58.5,57.007881,518.093226,849.074908,140.033842,5.30796E-05,2.44983E-05,0.032786885,1,19106.75929
86000413,0,183150.4,662557.8,,,,,,,5.30796E-05,2.44983E-05,0.032786885,1,
90000622,0,180657,572691.5,,,,,,,6.02138E-05,0.000135481,0.054945055,2,
90000623,0,180657,572691.5,9000,51,693.58485,5755.679924,5382.033146,109.025892,6.02138E-05,0.000135481,0.054945055,2,6664.470066
6810004,,186306.1,664676.2,681,79.9,43.449209,376.180015,250.440091,108.184191,4.63E-05,2.73E-05,0.03880597,0.820512821,12649.35599
12000024,,199669.1,645861.8,1200,83.6,20.849667,322.393437,219.6929,36.274001,5.81E-05,7.26E-05,0.030918728,0.914285714,11805.72284
79000121,,188783.4,667934.3,7900,89,316.665172,854.188437,240.375977,39.371984,7.31E-05,4.23E-05,0.019649123,3,11782.24592
4940009,92028.20702,,,494,60.1,27.959,92.2679,76.414866,0,,,,,3904.956465
5160004,,225854.7,759376.4,516,44.8,6.133,18.425,0,0,0.00001,0.00001,0.00001,0.1,3602.945103
5160005,,225854.7,759376.4,516,35.2,0,0,106.165264,0,0.00001,0.00001,0.00001,0.1,3602.945103
5160006,,224570.2,758723.6,516,45.1,0,0,439.825291,0,0.00001,0.00001,0.007719298,0.636363636,
5160007,,223489,758414.5,516,45.2,0,27.732,169.376757,0,,,,,
5160008,,224231.7,758232.1,516,43.9,0,0,153.728686,0,,,,,
30000211,,220596.6,640356.6,3000,37.3,0,0,0,0,2.32797E-05,3.78295E-05,0.00212427,1.5,
30000721,,222098.4,631434.6,3000,48.2,212.253387,712.226241,1323.936414,7.665296,3.88614E-05,0.000106869,0.021276596,1.166666667,
30000845,,220640,632082.8,3000,76.4,395.269482,5618.017182,2251.510697,83.26078,2.22742E-05,0.00026729,0.089430894,0.909090909,17774.02928
30001332,,221541.2,630081.8,3000,46.1,116.52901,788.148085,551.079548,23.844506,3.02732E-05,0.000121093,0.033149171,0.833333333,18673.07044
40000322,,200042.2,747211.7,4000,58.3,470.517875,3915.398943,522.947873,14.271538,4.60458E-05,0.000322321,0.109243697,0.615384615,4123.955916
50000332,,178504.1,665734.3,5000,84.5,31.692797,510.055226,144.325633,38.605097,1.55666E-05,0.000249066,0.051136364,1.222222222,21798.91128
50000622,,180287.5,664009.9,5000,87.7,675.833305,3564.927434,836.660408,24.049618,5.8292E-05,0.000233168,0.092198582,1.615384615,16459.28673
62000216,,175690.5,658613,6200,75.3,27.003846,201.948477,88.7264,0,2.63435E-05,9.87882E-05,0.043269231,0.722222222,12941.92968
85000016,,188080.7,647987.1,8500,46.4,84.54931,463.932725,75.779142,0,2.31201E-05,0.00010404,0.021097046,0.6,5943.692259
90000622,,180657,572691.5,,,508.223739,2325.183033,785.234192,0,6.02138E-05,0.000135481,0.054945055,2,5329.408412
30001523,,221796.5,626554.9,,,0,0,0,0,0.00001,3.62398E-05,0.002645503,0.1,
30001521,,222635.7,627000.4,,,0,4.332439,24.562642,0,4.58089E-05,4.75708E-05,0.000643087,3,
30001611,,219345.4,628672.6,,,24.049973,55.885018,72.565686,0,6.80959E-06,2.72384E-05,0.004142502,0.6,
30001514,,222635.7,627000.4,,,0,0,12.457589,0,4.58089E-05,4.75708E-05,0.000643087,3,
30001614,,219345.4,628672.6,,,0,44.630385,107.006076,0,6.80959E-06,2.72384E-05,0.004142502,0.6,
30001613,,219345.4,628672.6,,,5.632729,133.55925,296.219315,0,6.80959E-06,2.72384E-05,0.004142502,0.6,
30001513,,223460.5,628841.1,,,0,0,57.568297,0,4.85552E-06,2.67053E-05,0.000886132,1,
30001612,,219345.4,628672.6,,,35.352632,0,118.293551,10.899093,6.80959E-06,2.72384E-05,0.004142502,0.6,8792.607514
30001512,,223460.5,628841.1,,,0,0,0,0,4.85552E-06,2.67053E-05,0.000886132,1,
30001511,,223460.5,628841.1,,,0,0,0,0,4.85552E-06,2.67053E-05,0.000886132,1,
30001424,,223460.5,628841.1,,,53.346154,151.85402,381.933846,9.718918,4.85552E-06,2.67053E-05,0.000886132,1,
30001413,,221804.4,630292.6,,,0,0,16.378771,0,4.21172E-06,9.68696E-05,0.001537279,1,
30001423,,223352.1,630621.8,,,0,0,0,0,2.2238E-06,7.44974E-05,0.001623377,1.5,
30001414,,222520.8,630803.3,,,10.15171,58.137116,142.743984,0,5.74366E-06,7.75394E-05,0.001572327,0.666666667,
30001421,,223352.1,630621.8,,,18.029625,69.165172,173.051691,5.683245,2.2238E-06,7.44974E-05,0.001623377,1.5,
30001412,,221804.4,630292.6,,,0,0,17.42618,0,4.21172E-06,9.68696E-05,0.001537279,1,18666.02341
30001415,,222520.8,630803.3,,,7.362011,9.589544,1.665346,0,5.74366E-06,7.75394E-05,0.001572327,0.666666667,
30001422,,223352.1,630621.8,,,49.824845,59.321774,37.49775,0.014606,2.2238E-06,7.44974E-05,0.001623377,1.5,
30001331,,221541.2,630081.8,,,5.759292,157.770359,49.151338,13.758974,3.02732E-05,0.000121093,0.033149171,0.833333333,24498.52587
30000731,,221853.2,631385.3,,,23.497073,169.868978,153.089373,0,3.6368E-05,9.69815E-05,0.013274336,0.333333333,
30000614,,223590.6,632119.6,,,10.389917,17.255726,288.176938,11.924444,3.3796E-06,6.9845E-05,0.001233553,1,
30000713,,222353.8,632067.6,,,93.977617,479.119279,537.040652,8.512452,3.69445E-05,0.000178889,0.001774308,0.4,
30000741,,221800.1,631820.6,,,0.02566,531.915775,454.52304,0,3.07834E-05,0.000135447,0.004494382,0.5,
30000711,,222353.8,632067.6,,,322.462386,979.844269,895.588959,7.67406,3.69445E-05,0.000178889,0.001774308,0.4,
30000844,,220640,632082.8,,,14.585083,942.212167,310.814352,0,2.22742E-05,0.00026729,0.089430894,0.909090909,23821.01202
30000712,,222353.8,632067.6,,,171.19474,578.890223,197.295811,0,3.69445E-05,0.000178889,0.001774308,0.4,
30000613,,223590.6,632119.6,,,5.916037,34.391871,101.555997,0,3.3796E-06,6.9845E-05,0.001233553,1,
30000624,,222178.6,632597.6,,,193.046419,1951.328706,1884.652397,2.033173,3.57356E-05,0.000107207,0.004347826,0.1,7386.210052
30000322,,224075.2,635078.9,,,28.989951,68.240804,49.575685,0,4.02901E-06,8.05802E-05,0.002941176,1,
30000323,,223543.6,635418.6,,,52.717372,39.916935,48.44451,0,2.68436E-05,7.04645E-05,0.00183711,0.333333333,
30000321,,222223.1,635049.4,,,33.198738,6.329835,0,0,0.000551316,0.000306955,0.001757469,1.25,
30000313,,222223.1,635049.4,,,188.342298,428.902958,479.666793,0,0.000551316,0.000306955,0.001757469,1.25,
30000311,,221682.4,638006.4,,,0,28.162353,166.483433,0,0.000358054,0.000116291,0.001954761,0.571428571,
30000223,,221682.4,638006.4,,,81.444111,449.572466,994.926362,4.48116,0.000358054,0.000116291,0.001954761,0.571428571,
30000222,,221682.4,638006.4,,,0,0,21.692065,0,0.000358054,0.000116291,0.001954761,0.571428571,
30000212,,220596.6,640356.6,,,0,0,0,0,2.32797E-05,3.78295E-05,0.00212427,1.5,
50000742,,177541.4,661657.3,,,39.83195,89.482356,66.323555,0,1.94307E-05,0.00014573,0.042553191,1.083333333,
86000413,,183150.4,662557.8,,,50.542897,290.405677,410.687128,11.679575,5.30796E-05,2.44983E-05,0.032786885,1,22493.39886
50000625,,180287.5,664009.9,,,981.602095,4852.158316,497.625528,13.254891,5.8292E-05,0.000233168,0.092198582,1.615384615,8093.355215
50000556,,178840.5,663399.2,,,621.708889,1436.400506,390.748283,10.473704,2.09139E-05,0.000271881,0.083969466,1.363636364,23145.88861
50000551,,178840.5,663399.2,,,277.875801,5417.867223,411.997013,13.053878,2.09139E-05,0.000271881,0.083969466,1.363636364,23137.21618
50000331,,178504.1,665734.3,,,67.246136,1844.055048,283.738374,0,1.55666E-05,0.000249066,0.051136364,1.222222222,20642.04323
40000313,,200802.3,745894.4,,,56.266719,419.223896,137.027401,0,4.11989E-05,0.000102997,0.022556391,1.333333333,3917.642135
40000323,,200042.2,747211.7,,,82.89063,1202.954395,64.163167,0,4.60458E-05,0.000322321,0.109243697,0.615384615,5679.484581
40000415,,198823,748480.3,,,0,137.099656,30.234224,0,1.95695E-05,0.000254403,0.05,0.714285714,
90000645,0,180952.9,576669.8,9000,78.7,17.290316,34.020295,117.03535,0,7.97E-05,9.30E-05,0.03152789,0.948717949,6670.665756
