dealId,AssetId,date,area,rescode,pricePerMeter
9538022255,50175165,31/07/2025,73.7,1,12458.26
8846121146,50175164,06/10/2024,73.0,1,12274.53
7075026087,50175162,24/07/2024,73.7,1,8458.13
4902883819,50175170,23/05/2023,73.7,1,10995.96
8188686768,50175166,09/03/2023,73.7,1,12031.41
9697387457,50175176,23/11/2021,73.0,1,13633.62
5463413389,50175173,27/11/2017,73.7,1,11614.9
3707194485,50175179,15/07/2015,73.0,1,11710.94
3179189627,50175163,26/05/2014,73.0,1,12774.84
8795930759,50175177,21/03/2014,73.7,1,12066.64
9594153742,50175160,08/10/2013,73.0,1,13436.63
3073720709,50175180,20/12/2007,73.0,1,5833.3
4487520479,50175159,30/12/2004,73.0,1,7363.42
6461326320,50175174,24/12/2002,73.7,1,13153.89
1378354843,50175181,13/06/2001,53.0,1,13174.38
4690996288,50175172,28/10/1998,73.0,1,11319.73
3817035669,50175172,31/07/2025,73.7,1,12458.26
9712530012,50175187,11/06/2025,73.7,1,11946.35
8348685174,50175206,13/10/2024,73.7,1,10347.19
1020778812,50175191,08/07/2024,73.7,1,10670.26
1486868835,50175188,18/10/2023,73.0,1,11656.83
9877788204,50175186,20/08/2023,73.7,1,12156.19
9584495520,50175192,07/09/2022,73.0,1,11424.47
9814261398,50175189,24/02/2022,73.0,1,11109.59
9698190937,50175204,17/11/2021,73.0,1,11869.27
3463795896,50175198,28/10/2021,73.7,1,13410.02
3876368995,50175202,18/06/2020,73.7,1,12673.61
8945781368,50175197,14/05/2019,73.0,1,11758.05
9366487871,50175190,19/12/2018,73.7,1,10677.52
6683415075,50175201,25/10/2018,73.0,1,9694.82
6912523832,50175193,03/05/2018,73.0,1,11422.89
7376818383,50175195,05/11/2017,73.7,1,8804.85
2924183181,50175203,04/07/2011,73.7,1,8387.41
8714718588,50175200,16/04/2010,73.0,1,11321.49
5367508148,50175184,28/10/2002,73.0,1,7846.46
4095067840,50175184,11/06/2025,73.7,1,11946.35
3375991853,50175245,11/02/2025,42.6,1,7238.62
3945696465,50175243,18/03/2024,62.2,1,8993.2
6974085727,50175217,05/07/2023,98.8,1,7411.25
2850907706,50175237,28/06/2023,98.1,1,7346.02
9873879877,50175247,31/01/2023,32.2,1,11801.24
5986845749,50175210,25/05/2022,62.2,1,11592.95
5604104194,50175211,25/10/2021,79.8,1,9251.41
7122029013,50175235,21/07/2021,62.2,1,11689.16
6599329622,50175224,26/05/2021,32.2,1,11932.39
2184078358,50175208,10/02/2020,83.8,1,7840.92
1012304800,50175212,24/06/2019,114.7,1,9072.57
1151187976,50175240,22/10/2018,63.3,1,9962.77
2774602599,50175209,26/02/2018,62.2,1,6982.89
7100706280,50175241,06/02/2018,62.2,1,7433.4
8766503308,50175219,07/01/2018,62.2,1,7088.54
2552235772,50175216,03/05/2017,63.3,1,8007.9
8027156682,50175215,23/02/2017,63.3,1,7766.04
3741141591,50175226,08/09/2016,42.6,1,6935.8
6420840096,50175248,31/08/2016,42.6,1,8846.43
6048719216,50175244,01/07/2016,62.2,1,4593.47
7183132238,50175223,17/06/2015,42.6,1,7756.86
3253369785,50175227,18/02/2015,42.6,1,6930.1
4825185196,50175252,12/08/2014,126.0,1,11100.68
6689680876,50175221,30/01/2014,62.2,1,6827.2
4260082423,50175230,24/01/2012,42.6,1,9203.56
4049242146,50175214,26/09/2010,52.5,1,7070.74
7076921903,50175220,29/06/2010,62.2,1,7727.54
9514194947,50175250,15/12/2008,32.2,1,16465.57
6900356833,50175249,05/12/2000,42.6,1,15409.04
4221278207,50175218,29/10/2000,88.9,1,6893.26
8640709188,50175255,16/09/2025,62.2,1,11101.22
4989367290,50175259,27/05/2025,62.2,1,12138.18
7615290481,50175269,22/05/2025,62.2,1,6903.59
9959717336,50175261,24/12/2024,52.5,1,12508.52
5681679633,50175280,05/12/2024,62.2,1,9803.71
5762265663,50175289,26/11/2024,62.2,1,9005.71
3781318056,50175281,18/02/2024,62.2,1,7236.22
5090401856,50175282,19/10/2023,62.2,1,4928.4
9588212312,50175260,19/09/2023,92.9,1,7356.94
5301154665,50175299,08/12/2022,42.6,1,7981.22
2335498368,50175279,02/12/2022,62.2,1,10691.32
2899753755,50175262,20/10/2022,103.5,1,6202.11
8412859226,50175265,30/01/2022,63.3,1,10164.74
5059725879,50175266,14/11/2021,62.2,1,9977.01
5085075537,50175288,16/06/2021,62.2,1,8548.66
3005897964,50175254,16/12/2020,52.5,1,11615.83
3072754511,50175291,06/09/2020,62.2,1,8546.94
1650195458,50175298,25/08/2020,32.9,1,10940.33
2690444385,50175277,18/03/2020,42.6,1,8318.0
9574498482,50175256,23/02/2020,62.2,1,8946.9
6703304953,50175295,04/09/2019,42.6,1,7530.47
5271468279,50175296,23/07/2018,42.6,1,8047.15
4812933719,50175263,16/11/2017,63.3,1,7568.63
9547363140,50175283,23/03/2017,52.5,1,10225.26
6042042678,50175294,09/03/2016,32.9,1,9773.47
4640353787,50175292,23/12/2012,42.6,1,9535.55
5921032930,50175290,08/08/2012,62.2,1,8065.64
1323265306,50175286,07/10/1999,63.3,1,11395.24
7198468931,50175308,09/12/2025,76.1,1,9338.21
5822980794,50175311,23/12/2024,96.1,1,7809.69
6537935673,50175322,30/10/2024,32.9,1,12748.43
4471865461,50175336,02/09/2024,62.2,1,8625.55
9293449647,50175314,04/07/2024,62.2,1,8942.65
3941666688,50175310,02/07/2024,63.3,1,11059.81
1007236405,50175346,02/06/2024,42.6,1,9699.9
5364310981,50175301,04/03/2024,52.5,1,12150.21
1258210479,50175318,14/06/2023,32.9,1,12340.33
2424607514,50175326,06/06/2023,62.2,1,10606.83
2105544400,50175339,27/04/2023,42.6,1,9690.87
1933377594,50175307,18/11/2021,62.2,1,12612.45
9633755222,50175337,23/07/2021,62.2,1,7661.8
9818034379,50175309,19/04/2020,91.2,1,7855.82
3540835809,50175324,16/01/2020,42.6,1,8507.05
5019771241,50175319,21/11/2019,32.9,1,10682.41
2416879767,50175320,11/02/2019,42.6,1,9288.78
9776080715,50175340,09/01/2018,32.9,1,10125.52
9824674510,50175334,18/05/2015,98.1,1,5168.92
4102831081,50175344,09/05/2013,32.9,1,10180.67
7088078891,50175302,14/08/2011,62.2,1,6232.51
4208789187,50175332,24/07/2011,78.0,1,9163.31
2363752575,50175321,30/06/2011,42.6,1,7270.12
8065449340,50175327,27/02/2011,62.2,1,9955.59
4784134102,50175330,11/12/2009,81.3,1,7158.29
6458368461,50175303,17/12/2003,62.2,1,8073.37
2567631014,50175317,10/09/2001,42.6,1,16892.12
6185206405,50175315,08/02/1998,62.2,1,12889.78
1420164695,50175351,17/04/2024,52.5,1,10579.95
2132305453,50175355,03/11/2023,52.5,1,12618.36
2859653746,50175350,29/08/2023,62.2,1,9329.68
9143057197,50175357,30/07/2023,97.5,1,7739.54
9298318551,50175349,28/03/2022,62.2,1,11318.33
1509211919,50175360,09/08/2021,62.2,1,10565.52
1279353290,50175363,14/08/2019,62.2,1,7389.47
7141217251,50175366,23/12/2018,32.9,1,10549.97
4157634521,50175348,26/11/2017,87.0,1,5792.49
9505502188,50175359,30/10/2016,63.3,1,7775.64
7467481333,50175362,10/11/2013,62.2,1,8190.28
9657762493,50175381,05/06/2025,62.2,1,10479.62
9797435938,50175396,09/06/2023,32.9,1,12186.07
4053342607,50175380,26/12/2022,52.5,1,5695.24
2179450097,50175393,21/07/2022,32.9,1,9960.52
5906009045,50175394,01/09/2021,42.6,1,8503.04
8657724146,50175397,01/02/2019,32.9,1,11605.4
9107296002,50175377,27/06/2018,62.2,1,8241.03
6568141846,50175389,24/06/2018,62.2,1,6013.72
5311943652,50175384,16/04/2018,63.3,1,5971.77
2298373310,50175387,07/03/2018,62.2,1,7422.43
4866740182,50175383,03/07/2017,91.4,1,5331.51
8037305179,50175379,24/11/2014,52.5,1,9895.41
3806004122,50175390,18/04/2013,62.2,1,5151.03
6870959337,50175382,29/03/2011,62.2,1,6818.47
9534449337,50175405,01/04/2025,62.2,1,10125.4
4366512447,50175404,17/03/2025,62.2,1,12042.26
1802745008,50175418,07/01/2025,42.6,1,7881.13
1519454959,50175400,01/04/2024,62.2,1,7833.35
7555047116,50175412,03/12/2023,62.2,1,9013.17
5420019330,50175410,06/07/2022,62.2,1,7597.22
3114745911,50175401,17/11/2021,62.2,1,10353.51
1794876838,50175419,20/04/2021,32.9,1,11470.28
6095241427,50175409,13/11/2018,63.3,1,4763.51
3959041595,50175403,01/05/2018,52.5,1,9000.51
9285348886,50175417,26/04/2018,42.6,1,8544.9
4065243770,50175402,26/03/2018,52.5,1,9060.29
6596991272,50175406,05/06/2017,63.3,1,9793.83
2869842850,50175421,13/03/2014,42.6,1,9629.09
7535562008,50175413,07/05/2009,62.2,1,8485.46
4515856583,50175428,17/01/2024,80.2,1,11834.98
2283962813,50175434,19/06/2023,62.2,1,8811.83
6786154645,50175430,26/07/2021,106.4,1,4019.6
9619415460,50175433,07/07/2021,62.2,1,9233.46
8293770222,50175429,03/03/2020,92.6,1,6508.19
3139186034,50175444,19/08/2019,42.6,1,5926.07
4373509953,50175442,05/11/2018,32.9,1,11296.46
6666484456,50175443,22/08/2018,32.9,1,11031.63
9755146253,50175432,02/03/2017,86.8,1,5475.98
9093789380,50175427,08/11/2016,62.2,1,9079.53
9361048202,50175423,24/07/2014,62.2,1,11911.95
6631494867,50175436,23/06/2013,62.2,1,6977.1
5984590438,50175435,09/12/2005,62.2,1,8129.36
2960794469,50175431,30/04/2004,63.3,1,8810.87
7137035139,50175424,14/12/1999,62.2,1,7569.84
1455431021,50175468,01/12/2025,42.4,1,11173.56
2848340621,50175467,18/11/2025,53.0,1,10233.69
3349922404,50175491,27/04/2025,53.0,1,10641.51
3683319545,50175456,17/02/2025,40.5,1,11882.38
1433762667,50175481,26/11/2024,53.0,1,9332.94
1298183008,50175455,15/01/2024,36.8,1,14118.02
2486500155,50175484,18/07/2023,42.4,1,11513.08
1233497486,50175449,17/07/2023,53.0,1,9594.23
1620921658,50175471,06/12/2022,36.8,1,4565.22
2161439198,50175454,03/07/2022,43.8,1,8208.83
6278671185,50175464,14/04/2022,35.5,1,6526.21
9004227177,50175489,23/11/2021,53.0,1,9720.57
5359807881,50175457,11/11/2021,53.0,1,6627.66
2902635668,50175485,24/11/2020,53.0,1,8397.97
9516125408,50175483,29/06/2020,53.0,1,10825.86
2702973362,50175486,21/06/2020,42.4,1,8497.04
6970582368,50175451,18/03/2020,53.0,1,9496.86
2339875513,50175492,17/04/2019,42.4,1,9582.85
9744973302,50175477,13/12/2016,53.0,1,7978.93
1622118212,50175458,14/07/2015,42.4,1,9263.94
3073465890,50175465,11/05/2015,53.0,1,9125.81
2396444827,50175476,01/06/2011,42.4,1,5250.05
7839055188,50175473,26/05/2005,53.0,1,6387.71
5484878204,50175869,15/01/2026,41.6,1,9233.86
2407579572,50175883,12/01/2026,41.6,1,11399.83
3502888568,50175878,25/11/2025,48.1,1,8855.66
9625310732,50175863,06/11/2025,41.6,1,8760.33
8650000569,50175871,07/08/2025,48.1,1,9403.99
9115759451,50175886,04/08/2025,41.6,1,11216.73
5696362852,50175843,15/07/2025,41.6,1,10808.21
5785280707,50175851,30/06/2025,41.5,1,8399.72
4820005161,50175877,05/06/2025,41.6,1,9537.68
5290450521,50175889,16/05/2025,41.6,1,10095.34
3382213432,50175853,28/04/2025,48.1,1,11041.58
4072288278,50175840,27/11/2024,41.5,1,10294.87
1497101477,50175855,04/09/2024,41.6,1,11676.27
7804591993,50175848,02/05/2024,41.6,1,8382.63
3713749371,50175854,23/08/2023,41.6,1,11012.89
3039864336,50175876,29/03/2023,41.6,1,9393.17
1090129022,50175857,23/02/2023,48.1,1,9355.51
6986377880,50175873,02/11/2022,41.6,1,10958.7
1271527514,50175859,06/10/2022,41.6,1,10126.42
2126757833,50175874,11/09/2022,48.1,1,9411.78
9795149831,50175864,17/11/2021,48.1,1,10710.82
6572581815,50175842,02/11/2017,41.6,1,8961.11
7163124402,50175870,06/11/2016,48.1,1,7044.66
3547273922,50175845,23/09/2016,41.6,1,7305.46
2820252204,50175884,31/07/2016,48.1,1,7163.82
6436129498,50175875,27/07/2015,48.1,1,10888.18
9323045326,50175881,02/09/2013,48.1,1,8638.02
6274692013,50175850,23/06/2011,48.1,1,8652.17
4720472398,50175927,04/01/2026,48.1,1,11535.39
5877990089,50175907,24/07/2025,41.6,1,6826.23
5001715109,50175949,06/06/2024,41.6,1,11041.88
5555795987,50175910,24/08/2023,41.6,1,8467.69
2892274233,50175941,04/06/2023,41.6,1,9271.56
5795003085,50175945,06/02/2023,41.6,1,6706.73
9014417398,50175930,22/01/2023,41.6,1,10336.54
5090237962,50175936,19/12/2022,48.1,1,9563.41
4950720782,50175916,29/09/2022,48.1,1,9411.78
7741802265,50175953,27/06/2022,41.6,1,10055.66
6470155321,50175918,09/05/2022,41.6,1,11037.48
5872226580,50175944,29/12/2021,48.1,1,10728.93
4212753883,50175932,06/10/2021,48.1,1,10892.47
6349682883,50175921,18/08/2021,41.6,1,9449.23
1842716254,50175922,28/07/2021,41.6,1,9693.43
5461520059,50175947,04/02/2021,48.1,1,13887.75
9714481463,50175940,11/12/2020,48.1,1,9535.78
9443136954,50175924,08/10/2020,48.1,1,10952.56
6774326776,50175942,14/09/2020,41.6,1,9009.42
5336228876,50175904,05/07/2020,41.6,1,9622.72
2143893697,50175954,15/03/2020,48.1,1,6976.21
6615775752,50175948,01/02/2020,48.1,1,10593.84
4727720367,50175952,07/05/2019,41.6,1,11884.67
3443703047,50175914,29/11/2018,41.6,1,9439.68
4614025481,50175912,27/11/2018,48.1,1,9913.48
9487196654,50175937,18/08/2016,41.6,1,9571.86
4592240353,50175931,16/02/2016,48.1,1,6157.96
1436133524,50175925,23/09/2014,41.6,1,8605.57
8653665204,50175934,07/08/2014,41.6,1,8356.06
6053591218,50175908,27/05/2014,48.1,1,7142.95
1872806783,50175943,31/12/2013,48.1,1,7868.2
8463135670,50175939,05/06/2006,48.1,1,9374.45
8422104108,4604881,06/03/2024,26.0,3,3019.58
2535096700,4604884,01/11/2023,21.0,3,7279.83
5676310548,4604896,24/11/2021,22.0,3,5854.44
3582694205,4604890,19/07/2021,22.0,3,11108.72
4258509951,4604893,12/12/2017,21.0,3,3652.41
8019081058,4604898,30/10/2016,24.0,3,2929.75
7961419395,50177056,02/09/2025,71.5,1,9389.03
8168673163,50177052,19/08/2024,71.5,1,10741.18
3608460436,50177061,03/05/2024,71.5,1,9889.81
1136671163,50177059,18/03/2024,71.5,1,10568.53
6101706472,50177062,17/03/2024,71.5,1,10156.77
6698215471,50177064,22/06/2023,71.5,1,10220.9
1837570624,50177058,14/11/2022,71.5,1,13172.33
6455072952,50177049,16/06/2020,71.5,1,13530.12
6082284337,50177075,07/03/2018,71.5,1,9196.33
4812712288,50177054,14/11/2017,71.5,1,10717.13
4663695136,50177066,05/04/2017,71.5,1,9754.53
3710438352,50177063,02/12/2013,71.5,1,11880.19
8495763929,50177060,13/03/2013,71.5,1,10464.28
3219050893,50177053,24/11/2011,71.5,1,9733.25
4368415050,50177065,10/02/2011,71.5,1,9778.17
1677097245,50177083,18/12/2025,59.5,1,8492.62
4056362340,50177079,08/07/2025,59.5,1,10022.52
1279810836,50177095,30/06/2025,59.5,1,11352.09
9786190992,50177086,06/06/2024,59.5,1,7267.81
8093737581,50177101,13/02/2024,59.5,1,8977.75
1135767170,50177081,07/02/2024,59.5,1,7315.21
8026632661,50177100,05/12/2023,59.5,1,6790.75
3098056489,50177082,17/07/2023,59.5,1,10597.19
4625272713,50177104,04/01/2022,59.5,1,11572.79
9703279793,50177093,30/12/2021,59.5,1,10215.23
6563784059,50177085,05/12/2021,59.5,1,9926.12
6958875939,50177099,22/11/2021,59.5,1,10941.4
1203243735,50177090,27/01/2021,59.5,1,7399.17
7966075864,50177077,22/11/2020,59.5,1,7677.98
8731520045,50177098,16/07/2020,59.5,1,10315.98
8124255764,50177105,04/09/2018,59.5,1,8697.62
5684660111,50177096,18/12/2017,59.5,1,9961.12
6593358883,50177097,15/11/2017,59.5,1,5777.95
3318965998,50177089,27/09/2017,59.5,1,7054.37
8973868459,50177094,09/05/2017,59.5,1,9336.25
5472182335,50177102,20/11/2016,59.5,1,7830.52
5056811350,50177108,18/09/2016,59.5,1,6621.07
5058887408,50177106,15/06/2016,59.5,1,7288.75
9637190385,50177092,02/07/2014,59.5,1,7167.1
7139610638,50177080,20/08/2008,59.5,1,9003.55
2829820299,50177118,16/02/2026,44.4,1,9612.83
5073154612,50177141,19/01/2026,28.8,1,10077.45
3175052640,50177150,19/09/2025,38.0,1,9464.03
6495445924,50177116,29/07/2024,44.4,1,9935.81
9221484072,50177127,24/07/2024,44.4,1,9719.82
8956713518,50177143,16/06/2024,44.4,1,11471.0
2158311459,50177113,17/03/2024,44.4,1,12267.04
4735673667,50177131,25/12/2023,44.4,1,9100.22
4667250793,50177130,10/09/2023,44.4,1,10798.25
7672930053,50177121,04/06/2023,44.4,1,14173.31
9604328941,50177144,21/11/2022,28.8,1,10088.96
2025896685,50177128,05/09/2022,44.4,1,9742.93
1993963611,50177115,06/04/2021,44.4,1,4249.69
3346807684,50177140,22/10/2020,44.4,1,10530.43
1390845360,50177155,30/10/2019,44.4,1,7494.86
3592212672,50177132,07/06/2019,28.8,1,13126.17
1026239378,50177153,01/01/2019,28.8,1,11945.61
6359897207,50177111,06/02/2018,28.8,1,12648.68
8715356235,50177125,04/01/2018,44.4,1,10560.83
2209073914,50177139,03/11/2013,44.4,1,11856.24
7298350840,50177149,03/07/2012,44.4,1,11164.01
9748552630,50177152,06/04/2011,44.4,1,8038.47
9048870277,50177177,02/12/2025,71.5,1,10601.59
1987320016,50177174,08/07/2025,71.5,1,10061.46
1560413628,50177165,30/03/2025,71.5,1,9166.43
1477669170,50177179,02/12/2021,71.5,1,10906.67
9012052774,50177169,20/05/2021,71.5,1,10852.52
7829895925,50177163,22/12/2020,71.5,1,8166.17
6144341833,50177172,08/01/2020,71.5,1,8447.56
8728011878,50177186,06/01/2020,71.5,1,11263.41
1779995501,50177178,21/09/2019,71.5,1,9546.14
9666811162,50177175,01/08/2019,71.5,1,8635.06
9652871647,50177161,30/05/2019,71.5,1,11332.45
7849084017,50177185,06/09/2017,71.5,1,10071.8
3734650377,50177176,03/05/2017,71.5,1,9128.96
6955863170,50177167,11/02/2014,71.5,1,10185.37
2093751694,50177164,07/01/2013,71.5,1,10472.15
6375874494,50177184,15/12/2011,71.5,1,9606.09
5327065563,50177829,27/04/2025,44.0,1,11109.09
5355870603,50177840,27/10/2024,44.0,1,10832.22
9826099597,50177833,28/05/2024,44.0,1,8035.47
9787058496,50177827,20/05/2024,44.0,1,12438.47
8221534309,50177821,23/08/2023,44.0,1,5692.0
9881027738,50177832,17/05/2023,44.0,1,10360.26
3161636061,50177809,23/05/2022,44.0,1,10604.14
2745586894,50177799,11/04/2022,44.0,1,9472.92
3167920051,50177830,19/11/2021,44.0,1,11442.76
1370201562,50177806,12/05/2021,44.0,1,10808.76
3377898069,50177811,16/02/2020,44.0,1,4754.3
6088589838,50177802,24/10/2019,44.0,1,4692.14
3816200585,50177838,02/10/2019,44.0,1,10773.41
7886831066,50177826,27/02/2018,44.0,1,10826.56
6044425286,50177834,01/08/2016,44.0,1,11473.81
8982218018,50177807,11/03/2016,44.0,1,5979.18
4656719069,50177828,08/11/2015,44.0,1,11298.68
8255008430,50177815,26/08/2015,44.0,1,8056.23
4017578787,50177839,16/10/2013,44.0,1,9402.85
2443172230,50177852,06/02/2026,53.5,1,12587.11
9671235478,50177861,30/12/2025,63.0,1,8572.78
7544033669,50177849,28/03/2024,53.5,1,8529.61
1366770557,50177860,30/03/2022,63.0,1,9341.27
8551763333,50177853,20/09/2021,53.5,1,12187.15
8871040228,50177862,19/07/2021,63.0,1,10066.62
7499766227,50177850,16/03/2021,53.5,1,9480.41
1369600089,50177848,29/03/2020,53.5,1,8028.25
6366035467,50177865,11/12/2019,63.0,1,4132.37
6461155115,50177854,28/05/2019,53.5,1,10781.36
6857240669,50177857,15/07/2014,63.0,1,9147.2
4791600360,50177866,15/03/2013,63.0,1,8462.8
5218912482,50177847,09/11/2012,53.5,1,6864.65
7082516132,50177864,31/01/2012,63.0,1,8401.54
7933594516,50177846,30/06/2010,53.5,1,7350.68
6736447203,50177868,11/12/2005,63.0,1,10395.3
2607534218,50177888,14/08/2025,53.5,1,5339.87
8349737401,50177882,02/06/2024,63.0,1,8236.86
5522669724,50177875,09/05/2024,63.0,1,7226.51
8604614340,50177876,19/09/2022,63.0,1,8223.77
1432441421,50177873,14/09/2022,63.0,1,8622.98
1519056527,50177878,18/07/2022,63.0,1,4891.79
6886950368,50177893,23/05/2022,53.5,1,13577.26
5775450675,50177894,13/04/2022,53.5,1,14165.11
8519024916,50177880,01/12/2021,63.0,1,10830.92
3974248183,50177872,08/08/2021,63.0,1,11204.05
7912180486,50177884,20/01/2019,53.5,1,9632.78
2738251547,50177891,11/04/2014,53.5,1,9588.6
2452950154,50177889,10/10/2013,53.5,1,8023.18
8810597061,50177890,17/02/2011,53.5,1,6347.33
5222852208,50178261,20/06/2025,60.8,1,7924.16
4876934556,50178247,11/05/2025,60.8,1,9313.26
6199709013,50178245,04/06/2024,60.8,1,9325.17
8938008158,50178236,11/04/2024,60.8,1,9616.47
4023732399,50178262,10/03/2024,60.8,1,9119.58
2252592942,50178246,25/04/2023,60.8,1,8611.69
7945978072,50178237,09/01/2023,60.8,1,9046.05
6688725584,50178244,04/07/2022,60.8,1,8447.99
9642025157,50178258,02/08/2021,60.8,1,10208.31
3853849527,50178263,27/08/2020,60.8,1,7893.35
1987282480,50178233,25/08/2020,60.8,1,10743.72
2222229390,50178243,21/02/2019,60.8,1,9933.65
8325820148,50178255,23/07/2018,60.8,1,8365.77
4785466004,50178257,03/11/2017,60.8,1,6812.54
7534852761,50178235,25/06/2017,48.2,1,9146.32
1674569417,50178240,06/04/2016,60.8,1,9588.54
7967522872,50178260,19/11/2010,60.8,1,5606.06
9239095095,50178285,27/01/2026,60.8,1,10139.85
7328074932,50178306,09/07/2025,60.8,1,9263.32
5708944448,50178310,27/05/2025,60.8,1,9390.87
7729855420,50178303,26/01/2025,60.8,1,9279.99
1237575748,50178271,19/11/2024,60.8,1,10228.08
2475059510,50178266,13/11/2024,60.8,1,7026.93
6376875557,50178299,21/08/2024,58.1,1,12640.19
7528598970,50178289,13/06/2024,60.8,1,8534.9
5025881483,50178274,30/04/2024,60.8,1,9376.06
4802362712,50178278,20/02/2024,60.8,1,8948.5
8306381688,50178275,03/01/2024,60.8,1,9202.44
8078966345,50178287,10/11/2023,60.8,1,9303.33
5453425123,50178284,08/08/2023,48.2,1,5618.45
5435503246,50178294,22/11/2022,60.8,1,8239.62
7407943804,50178291,31/01/2022,60.8,1,9283.07
6783953728,50178270,05/09/2021,60.8,1,8924.66
3112150938,50178272,15/07/2021,60.8,1,8240.19
8916834585,50178302,22/04/2020,60.8,1,8915.62
8175169058,50178295,26/06/2018,60.8,1,8772.58
6369171052,50178281,24/10/2017,48.2,1,9535.79
6926815721,50178277,18/07/2017,60.8,1,7901.92
5174531899,50178292,08/06/2017,60.8,1,8610.4
7625554019,50178296,06/09/2016,60.8,1,6710.91
4468370352,50178298,24/07/2016,60.8,1,8501.14
6122248045,50178311,18/07/2016,60.8,1,7084.29
3935012672,50178308,23/05/2013,60.8,1,9742.14
6554872561,50178288,23/12/2012,60.8,1,4454.1
4297079280,50178268,29/04/2012,48.2,1,9211.52
6307020778,50178283,14/06/2010,60.8,1,9881.85
7756065287,4647270,26/10/2005,100.0,1,11825.35
2543404293,4610995,30/01/2023,103.0,1,11650.49
7535224739,4600894,10/12/2017,110.0,1,9254.78
1800803564,50178316,08/02/2012,110.0,1,11212.05
1551951547,4607825,13/07/2015,74.0,1,9367.04
4527270505,4642661,08/10/2024,99.0,1,11072.93
8611064874,4642662,07/12/2016,60.0,1,12964.64
5913173451,4642659,05/08/2016,70.0,1,11580.0
4966557131,4642660,23/06/2002,60.0,1,16448.82
5441996554,4610748,12/11/2020,111.0,1,11641.47
4924129271,4610749,17/12/2018,111.0,1,9115.06
1845902515,4609525,01/10/2013,117.0,1,11492.37
4371540275,4618478,02/03/2023,117.0,1,14001.44
5214368014,4618480,06/02/2020,117.0,1,8939.72
1383080164,4618479,03/09/2018,163.0,1,9524.7
5603346552,4618477,14/05/2013,159.0,1,9745.65
7202218388,4618476,27/04/2011,163.0,1,8000.54
9474590454,4646728,22/07/2021,180.0,1,9504.13
7178789495,4646729,15/02/2004,120.0,1,12202.64
5364356949,4646727,01/06/2003,90.0,1,14041.98
9447889914,4607812,10/09/2014,118.0,1,11068.62
2221884313,4607811,17/07/2003,100.0,1,15845.46
7959064734,50178369,30/12/2012,142.4,1,8621.28
3091070882,50178373,06/08/2025,71.8,1,15915.5
6221932368,50178407,22/10/2025,66.1,1,7506.52
1314431587,50178398,24/06/2025,66.1,1,8932.34
6644339609,50178377,31/12/2024,66.1,1,8657.56
1078548402,50178402,12/12/2024,66.1,1,8231.78
7629055568,50178385,20/11/2024,66.1,1,8043.46
1268106985,50178397,15/03/2024,66.1,1,8907.99
1201967352,50178391,15/02/2024,66.1,1,7632.37
4404515673,50178405,23/04/2023,66.1,1,7921.19
6623614237,50178381,29/03/2023,66.1,1,9397.91
3936020391,50178380,20/10/2021,66.1,1,9187.29
4776671819,50178396,08/08/2021,66.1,1,8469.23
5416503214,50178382,04/02/2019,66.1,1,8822.08
7405255768,50178386,16/08/2016,66.1,1,9014.56
6524502158,50178404,28/01/2016,66.1,1,5910.2
6167160355,50178403,16/11/2015,66.1,1,8182.0
3252533042,50178378,21/09/2014,66.1,1,8284.61
8477259823,50178383,07/02/2011,66.1,1,8159.4
1490149466,50178399,21/07/2010,66.1,1,7177.85
1538480432,50178421,30/12/2025,66.1,1,7669.01
4342029229,50178430,03/06/2025,66.1,1,8789.42
7330181731,50178413,29/09/2024,66.1,1,8928.3
9939158399,50178439,04/12/2023,66.1,1,8404.97
2723955234,50178428,23/05/2023,66.1,1,8812.06
8975075436,50178415,17/08/2022,66.1,1,8300.81
7555939261,50178412,23/12/2021,66.1,1,10756.71
2421500081,50178409,22/02/2021,66.1,1,6219.02
1747446229,50178437,15/05/2019,66.1,1,8102.91
2782127789,50178433,21/02/2019,66.1,1,8401.98
6145232663,50178435,29/11/2018,66.1,1,7638.24
6739052280,50178414,03/11/2017,66.1,1,7937.31
7478871449,50178434,20/08/2017,66.1,1,8067.84
7856769119,50178423,21/05/2015,66.1,1,6963.16
3367434460,50178422,31/01/2013,66.1,1,9844.28
4581960723,50178411,28/06/2012,66.1,1,9585.41
4032933467,50178425,09/03/2007,66.1,1,5735.75
3994130221,50178444,16/02/2026,66.2,1,8811.27
4743378385,50178456,31/07/2024,54.5,1,7214.66
3387050449,50178443,15/11/2023,54.5,1,9350.24
2233984612,50178458,20/09/2023,54.5,1,4435.99
4322475951,50178455,31/03/2023,66.2,1,6205.36
9424802100,50178449,27/11/2022,66.2,1,8899.39
6873078967,50178448,20/10/2022,54.5,1,12422.46
7171401915,50178460,29/08/2022,66.2,1,11434.74
8498317144,50178451,13/04/2022,54.5,1,10925.52
4915755686,50178459,18/11/2020,66.2,1,7926.18
2613597525,50178447,13/09/2017,22.3,1,13716.84
3997387201,50178445,24/01/2017,66.2,1,7251.28
4850387249,50178453,23/10/2012,54.5,1,7336.48
8249446821,50178476,20/03/2024,34.6,1,11345.24
6915954360,50178484,17/05/2022,28.7,1,12562.4
4962896312,50178464,23/08/2021,34.6,1,15300.32
1445379412,50178469,11/12/2019,28.7,1,8460.06
1482298262,50178471,02/12/2018,34.6,1,12996.42
8480822169,50178480,24/06/2011,66.4,1,8453.98
1500682887,50178485,26/08/2010,66.4,1,6731.29
6830714853,50178502,22/05/2025,34.6,1,12546.88
7999031943,50178504,03/04/2025,66.4,1,8635.54
4148949420,50178489,12/09/2022,34.6,1,12793.25
4645103270,50178500,12/06/2022,28.7,1,12935.72
7729307675,50178509,18/02/2021,28.7,1,13204.25
8419471725,50178498,06/09/2020,66.4,1,8006.32
8104739890,50178496,01/07/2020,34.6,1,13112.11
9153325881,50178492,26/05/2020,66.4,1,9538.95
5188683382,50178499,27/05/2018,66.4,1,8518.71
3260490354,50178508,07/02/2017,34.6,1,10716.75
5201301422,50178506,13/07/2016,28.7,1,9955.19
8218003580,50178505,07/07/2016,66.4,1,5967.87
8298255971,50178497,17/02/2014,28.7,1,12110.65
4868046683,50178490,30/12/2010,34.6,1,9141.17
3130199300,50178511,05/07/2006,66.4,1,4001.79
9297817981,50178514,04/07/2025,66.2,1,9151.14
7266456406,50178524,16/05/2025,66.2,1,8125.89
2365326518,50178517,11/09/2022,54.5,1,9414.08
5130662630,50178528,28/10/2021,66.2,1,10252.64
5805243094,50178515,23/12/2020,54.5,1,10594.37
4959217145,50178525,13/02/2020,54.5,1,8365.61
4717284179,50178532,28/07/2019,54.5,1,8299.6
1643420517,50178533,25/07/2019,66.2,1,9317.39
2181379880,50178526,23/03/2017,30.0,1,10018.89
5586845475,50178523,21/01/2016,66.2,1,5968.85
6613141916,50178531,10/02/2013,22.3,1,9572.31
9519943227,50178519,19/12/2011,66.2,1,7410.83
1153617751,50178545,02/02/2026,66.2,1,7163.64
2087904868,50178549,07/01/2026,66.2,1,8381.46
2590327950,50178539,04/08/2024,66.2,1,9063.38
4437456426,50178553,19/05/2024,54.5,1,9064.52
7782829401,50178543,01/03/2021,54.5,1,8957.46
1266116538,50178538,01/04/2020,54.5,1,6225.7
5407800708,50178554,16/12/2011,66.2,1,5928.66
2881658755,50178542,06/04/2011,22.3,1,12311.43
1336900089,50178548,01/12/1999,54.5,1,11657.9
5897182662,4602617,25/10/2020,130.0,1,12157.34
1417898385,50178647,11/07/2016,92.7,1,12855.14
8974784641,50178656,30/04/2025,96.0,1,7138.12
3749009168,50178651,23/01/2023,84.0,1,13511.9
7031960254,50178657,13/04/2022,64.4,1,16474.64
4361236970,50178653,02/08/2020,85.4,1,10770.94
6643851806,50178650,07/04/2011,92.42,1,15914.04
6593846328,50178659,14/08/2011,100.1,1,11521.42
3425808784,50178664,26/04/2021,173.0,1,9816.04
9579074264,50178663,07/06/2018,99.4,1,10453.1
1590576407,50178667,04/03/2020,101.8,1,13184.9
8121842991,50178675,06/08/2020,76.4,1,14831.6
1129834313,50178672,01/03/2020,68.3,1,13756.31
3357909105,50178674,19/03/2017,142.0,1,7866.12
3573628318,50178676,18/07/2011,111.5,1,10914.68
8775381349,50178671,09/12/2010,148.0,1,7279.78
3176554357,50178669,30/11/2010,64.4,1,13953.41
4164405954,50178680,25/12/2012,140.6,1,10914.56
4779461394,50178682,23/08/2021,104.4,1,11074.15
1918427405,50178687,21/08/2011,101.1,1,11503.32
5847459669,50178691,09/01/2018,98.7,1,12054.19
7180975697,4606536,14/09/2022,116.0,1,13615.89
3074823799,4606538,19/05/2019,100.0,1,10300.05
4514683143,4606535,18/02/1998,80.0,1,13462.13
7791597813,50178695,14/02/2023,93.3,1,16613.08
5265242829,4645008,12/12/2010,120.0,1,10882.91
3529079590,4599173,26/01/2015,100.0,1,10402.66
9396922527,50178782,17/09/2010,80.0,3,26515.29
1249219475,50178794,14/10/2021,106.5,1,11739.74
8176718877,50178796,04/02/2014,106.5,1,9635.45
1691050944,50178795,20/05/2012,106.5,1,10792.27
6490871802,50178799,01/10/2020,106.5,1,12490.29
1324210198,50178800,08/07/2018,106.5,1,11776.32
8793385034,50178801,28/03/2016,106.5,1,9606.62
2029704828,50178805,26/10/2022,106.5,1,6470.04
4050042514,50178804,23/12/2021,106.5,1,12383.33
2899997119,50178803,13/03/2016,106.5,1,9606.62
3761579311,50178811,13/12/2022,106.5,1,13145.54
4014384436,50178809,04/04/2021,106.5,1,14173.61
4734443667,4598197,21/03/2011,150.0,1,11835.59
5230677936,4599305,03/11/2010,133.0,1,15143.63
7733404996,4598855,01/05/2011,144.0,1,11173.45
6859848049,4644204,16/08/2020,175.0,1,9179.34
3316425048,4644837,11/03/2004,243.0,1,6556.47
3364496426,50178880,29/09/2025,101.0,1,16616.72
6783730661,50178879,29/08/2019,101.0,1,12633.4
3860810183,4611639,05/11/2017,212.0,1,7815.14
9741228655,4611640,16/06/2015,179.0,1,9273.36
4790374806,4604787,10/08/2021,165.0,1,10178.47
2670169482,4604788,09/11/2018,165.0,1,9222.28
6880100861,4610735,06/10/2019,105.0,1,17372.69
3425824970,4610738,11/05/2017,110.0,1,11993.89
6367898421,4599373,07/02/2011,150.0,1,11385.99
5912563208,4599374,04/08/2008,160.0,1,8881.53
8638049824,4642657,23/06/2015,230.0,1,6310.76
8551183873,4642658,28/05/2008,128.0,1,9888.74
7142619422,4611001,25/10/2013,330.0,1,6393.94
9977000688,4596904,01/08/2016,100.0,1,9954.74
2371513200,4603462,13/08/2013,111.0,1,14749.25
3738978369,4603463,14/03/2005,75.0,1,14233.11
3830169159,4657710,07/07/2015,197.0,1,8600.98
7142875608,4657711,17/09/2003,160.0,1,12654.12
8007538157,4657712,24/04/2022,176.0,1,7381.5
5754512936,4657746,13/05/2012,176.0,1,8835.45
6232190044,4597516,15/07/2015,162.0,1,12360.89
1588833381,4597517,17/07/2003,157.0,1,12581.25
5788571261,4611196,26/07/2018,180.0,1,8516.02
7760190966,4657748,11/05/2003,80.0,1,18448.71
4917396552,4644743,01/11/2021,148.0,1,10917.73
9697395016,50179462,08/01/2026,82.04,1,9248.81
1992178696,50179442,06/08/2025,83.32,1,10286.24
7265749379,50179443,13/11/2024,82.04,1,10183.88
3059102325,50179454,26/01/2024,83.32,1,8993.53
8074489314,50179448,03/01/2018,83.32,1,6719.66
3327889813,50179461,29/11/2016,83.32,1,8472.56
2806703481,50179450,15/01/2013,83.32,1,6739.91
6184332836,50179458,29/10/2012,82.04,1,7480.56
4659728810,50179479,31/08/2025,55.8,1,8532.95
1758676539,50179472,14/07/2025,55.8,1,10432.64
1831023334,50179473,10/03/2025,55.8,1,7965.14
1453645815,50179470,19/01/2025,55.8,1,10863.63
5741840154,50179488,30/12/2024,55.8,1,10255.64
1752492631,50179481,24/05/2022,55.8,1,9501.92
4362219605,50179469,24/02/2022,55.8,1,10751.22
8574610791,50179482,11/02/2018,55.8,1,7030.53
6362263123,50179476,03/05/2017,55.8,1,9258.45
2232167401,50179487,03/03/2015,55.8,1,10316.11
4645243196,50179477,13/03/2013,55.8,1,7962.31
6884766923,50180093,14/10/2024,68.0,1,8691.26
2583364773,50180107,05/02/2024,66.0,1,9442.51
9098791737,50180112,09/08/2022,39.0,1,14329.33
7768490197,50180092,25/08/2020,68.0,1,12546.81
3224101367,50180113,15/05/2020,83.0,1,9741.91
7478778337,50180082,28/10/2019,39.0,1,12189.44
8463710226,50180117,02/08/2018,83.0,1,7938.27
5310876641,50180100,14/06/2018,68.0,1,7741.85
3584743699,50180116,22/11/2016,68.0,1,7578.4
6377561576,50180091,11/11/2015,68.0,1,6424.74
6159920331,50180105,15/02/2015,66.0,1,8898.04
9515486522,50180089,08/09/2013,35.0,1,17312.02
4706764696,50180094,30/04/2013,68.0,1,9685.12
7619341018,50180142,02/07/2025,56.0,1,8789.59
5689765026,50180133,04/06/2024,56.0,1,8751.66
7966730757,50180143,16/03/2023,55.0,1,8653.1
9923284737,50180125,03/06/2018,55.0,1,8816.08
6228384052,50180140,30/03/2016,55.0,1,8503.73
7905351634,50180139,13/11/2015,56.0,1,8608.51
7686769085,50180131,22/05/2015,55.0,1,11630.73
6990045676,50180137,11/12/2014,55.0,1,8800.0
3771694960,50180141,02/06/2014,53.0,1,7712.9
5002332966,50180128,16/01/2014,55.0,1,9507.35
7559558489,50180132,06/11/2012,53.0,1,8627.11
5579375231,50180145,14/09/2011,56.0,1,3493.41
7411860279,50180167,03/03/2025,68.0,1,9156.32
1566434982,50180153,29/09/2024,83.0,1,10042.24
7654578097,50180158,26/02/2024,66.0,1,9817.21
3872614898,50180173,19/02/2024,68.0,1,9310.26
1066966411,50180174,14/02/2024,68.0,1,10764.99
3254213244,50180151,10/09/2023,83.0,1,10569.6
5727137297,50180185,03/09/2023,83.0,1,9832.19
2826272967,50180170,11/04/2022,66.0,1,8283.68
6639287487,50180159,24/02/2022,68.0,1,9394.14
9215887492,50180156,06/02/2022,68.0,1,8822.32
8121200587,50180183,23/12/2021,83.0,1,10500.85
6170526398,50180152,28/11/2021,68.0,1,9039.94
1691304989,50180162,11/11/2021,66.0,1,9228.72
1441769037,50180163,18/08/2021,68.0,1,8053.62
9060751654,50180165,14/03/2021,68.0,1,8204.73
4075648005,50180182,29/11/2019,66.0,1,9868.77
6249946066,50180168,14/08/2019,66.0,1,9354.64
4566498905,50180177,05/08/2019,68.0,1,7061.84
8512299257,50180154,18/05/2015,68.0,1,8259.99
9949338822,50180172,06/07/2014,35.0,1,15006.64
6010871753,50180180,06/03/2012,66.0,1,8223.13
9520949533,50180171,15/02/2011,35.0,1,10558.43
9595193716,50180184,22/12/2010,66.0,1,5874.3
3956943223,50180216,27/10/2025,68.0,1,4455.25
4222774758,50180211,30/06/2025,66.0,1,8225.91
5990902144,50180191,23/01/2025,35.0,1,16387.13
3321338746,50180224,04/01/2024,83.0,1,9810.65
2828649033,50180214,11/11/2022,68.0,1,8840.63
5721612178,50180208,10/03/2022,68.0,1,10272.06
7668073324,50180198,17/02/2020,35.0,1,17240.88
3061764355,50180201,25/12/2019,66.0,1,11138.72
8832301583,50180192,17/12/2018,83.0,1,8770.04
7885187902,50180202,24/04/2017,68.0,1,8656.57
4942801485,50180197,10/11/2016,68.0,1,6644.08
8086182009,50180200,01/01/2014,68.0,1,6612.22
8058635220,50180212,14/12/2012,35.0,1,12895.69
6688365182,50180196,15/11/2012,83.0,1,7831.9
2822284964,50180213,19/10/2012,35.0,1,14080.68
2895510515,50180220,24/09/2012,39.0,1,13492.98
9541361207,50180219,17/03/2011,68.0,1,7977.42
2074695167,50180237,27/11/2024,90.0,1,7911.8
5333194644,50180239,23/11/2022,90.0,1,9462.75
6736935211,50180240,11/07/2022,90.0,1,9816.19
4236267695,50180235,02/01/2022,90.0,1,10033.96
6999366983,50180250,29/07/2021,90.0,1,8553.72
6784362124,50180247,03/08/2020,90.0,1,10516.67
4547095556,50180253,04/06/2018,90.0,1,7080.85
7018698277,50180234,18/10/2016,90.0,1,7031.4
1444272678,50180231,28/10/2015,90.0,1,11307.84
1919845099,50180249,23/12/2013,90.0,1,9344.7
4445952488,50180243,08/07/2009,90.0,1,8133.5
3400947484,50180263,03/02/2026,68.0,1,9066.22
3098173289,50180281,07/08/2025,68.0,1,9802.85
1836679505,50180265,27/06/2025,66.0,1,7657.67
3279809698,50180274,04/06/2025,68.0,1,8335.45
1330947410,50180275,09/01/2024,66.0,1,9082.92
2702326765,50180264,09/11/2022,35.0,1,17176.08
4979467003,50180288,29/12/2021,83.0,1,9671.84
4520615382,50180285,02/08/2021,68.0,1,9574.86
6932012086,50180272,09/02/2020,68.0,1,8873.98
2438309275,50180284,23/12/2019,68.0,1,7339.65
9208136495,50180276,02/12/2019,68.0,1,7934.76
9997161097,50180256,06/02/2019,39.0,1,10324.21
5390956430,50180283,11/11/2018,68.0,1,8868.54
4865529443,50180261,11/02/2018,68.0,1,8653.75
8848131799,50180262,17/09/2017,83.0,1,8263.15
8232484320,50180292,25/06/2017,83.0,1,7469.27
8320827315,50180257,15/04/2016,35.0,1,11618.02
5406846288,50180273,27/08/2014,66.0,1,7987.64
4801131120,50180311,28/11/2025,68.0,1,9048.11
9805548114,50180301,30/10/2025,83.0,1,9771.87
3895283652,50180297,07/03/2025,83.0,1,9644.87
1091610518,50180314,16/02/2025,66.0,1,8693.12
3960875624,50180324,18/07/2024,68.0,1,9308.15
3187304875,50180325,18/04/2024,39.0,1,14991.83
4989149242,50180307,07/03/2024,68.0,1,9669.31
9861741466,50180320,12/02/2024,68.0,1,10183.1
1457046804,50180308,11/02/2024,66.0,1,8917.93
7757726277,50180296,28/01/2024,35.0,1,16699.6
9416758358,50180304,21/11/2023,66.0,1,6825.39
6901625662,50180322,16/07/2023,68.0,1,7627.41
4430460968,50180302,17/01/2023,68.0,1,9852.94
2402938871,50180319,28/11/2022,68.0,1,9651.02
6684241497,50180300,08/07/2021,68.0,1,7816.95
6027949519,50180312,25/06/2018,66.0,1,9130.94
2730419266,50180330,28/05/2017,68.0,1,5412.11
1524066696,50180310,27/05/2016,35.0,1,11632.83
4818771562,50180298,13/12/2015,68.0,1,7694.88
1383209986,50180316,30/07/2015,66.0,1,8215.24
2283009421,50180328,05/01/2015,68.0,1,8886.53
1151875399,50180329,20/10/2014,83.0,1,6865.54
4162572092,50180295,21/10/2013,39.0,1,10696.75
7548591073,50180305,27/03/2013,68.0,1,10976.75
1608187703,50180306,30/07/2012,66.0,1,9099.06
3620894940,50180318,14/08/2011,35.0,1,13845.07
7060764645,50180607,24/07/2025,81.0,1,10692.75
6870330740,50180605,05/06/2025,81.0,1,9680.1
7846883307,50180603,01/09/2024,68.0,1,8453.4
8366059037,50180598,04/02/2024,74.0,1,9958.99
4433836890,50180608,11/10/2023,81.0,1,7594.36
1239529233,50180600,18/09/2022,68.0,1,9172.49
4714359259,50180604,03/12/2020,81.0,1,8810.27
2940567714,50180601,18/06/2018,81.0,1,7953.13
8218021167,50180609,23/10/2017,68.0,1,5851.24
4716562895,50180599,05/02/2015,74.0,1,8579.55
2108620752,50180606,13/08/2013,68.0,1,10137.25
6860025507,50180616,15/01/2025,83.0,1,8314.75
2782012042,50180614,03/05/2023,83.0,1,10252.08
6251579754,50180619,21/12/2022,91.0,1,9120.88
5407045772,50180618,19/01/2021,68.0,1,9901.83
2010949259,50180620,08/03/2017,91.0,1,7297.17
1090363689,50180623,12/10/2015,91.0,1,5174.49
7965176012,50180629,16/07/2024,81.0,1,9175.83
1564009664,50180635,05/03/2024,81.0,1,9086.7
5109417782,50180628,18/07/2023,68.0,1,8973.43
2152337677,50180627,07/11/2021,74.0,1,9256.34
9142498443,50180636,29/10/2020,81.0,1,7886.01
5026633364,50180634,31/01/2019,68.0,1,8295.64
6183082134,50180637,31/08/2014,68.0,1,8842.93
7286137142,50180630,16/12/2013,81.0,1,10798.32
5011048971,50180631,14/06/2012,68.0,1,8752.88
2391738718,50180641,20/01/2025,83.0,1,7415.86
1648903924,50180649,14/11/2024,68.0,1,7818.72
1455409980,50180645,18/07/2024,83.0,1,10167.94
7646295700,50180640,13/05/2021,68.0,1,10306.8
4410281013,50180648,15/03/2020,91.0,1,8628.58
4259985343,50180650,18/11/2019,91.0,1,7440.89
7586350593,50180646,27/05/2014,68.0,1,10129.23
9146350298,50180647,26/08/2010,91.0,1,6852.88
9978854854,50180658,08/01/2026,81.0,1,10655.6
4763202933,50180663,29/08/2023,81.0,1,7415.65
4995311481,50180661,03/03/2023,81.0,1,8906.12
2562223218,50180660,25/03/2021,81.0,1,8609.91
7043658255,50180662,03/12/2019,68.0,1,10969.8
3387436392,50180657,02/07/2019,81.0,1,7614.95
9212597903,50180655,14/02/2019,74.0,1,10319.4
4612330536,50180659,16/12/2018,68.0,1,9506.02
3300994368,50180665,30/10/2012,68.0,1,6563.69
2592416234,50180654,11/07/2011,74.0,1,9136.54
2976597338,50180664,06/09/2010,81.0,1,7007.89
1431067008,50180674,13/06/2023,68.0,1,10448.45
6527147420,50180678,18/08/2022,91.0,1,6699.43
6713876644,50180677,04/08/2022,68.0,1,4482.71
9961659286,50180679,16/02/2022,91.0,1,10132.92
1358845952,50180676,04/07/2021,91.0,1,8728.28
1110800404,50180668,17/03/2021,68.0,1,9696.5
4765926528,50180675,27/10/2016,91.0,1,6490.53
3671629947,50180671,14/05/2002,68.0,1,14768.41
4772740963,50180682,16/12/2025,74.0,1,10499.52
7678705018,50180685,14/03/2024,81.0,1,9813.63
5222598873,50180689,18/08/2021,81.0,1,11043.07
5548725691,50180683,08/03/2021,74.0,1,9424.36
5806000887,50180692,30/03/2020,81.0,1,6462.56
4762869670,50180693,24/02/2019,68.0,1,8881.85
3023589315,50180688,01/08/2011,81.0,1,7657.52
7634872816,50180697,24/06/2025,74.0,1,8936.2
2326703265,50180702,07/11/2024,81.0,1,8790.89
9393886519,50180699,27/06/2024,81.0,1,9491.03
3969771360,50180703,03/08/2023,81.0,1,9300.99
4777585171,50180701,04/05/2023,68.0,1,10725.92
7414799142,50180698,30/06/2016,68.0,1,5314.71
3521696446,50180707,02/10/2003,80.0,1,10305.35
9890627520,4662670,21/05/2014,170.0,1,11539.15
1791713759,4596928,14/04/2016,155.0,1,9873.1
5407452513,4598815,17/11/2009,100.0,1,7829.41
2716913317,4603140,18/03/2019,180.0,1,7306.41
4891099105,4600297,16/08/2021,296.0,1,6619.45
6558510178,4619459,10/07/2025,201.0,1,10077.92
5315290437,4606392,04/09/2010,200.0,1,6310.64
1302434702,4606391,08/08/2002,179.0,1,9178.99
3356857019,4600083,19/01/2012,150.0,1,13591.82
8271727710,4600082,04/01/2005,289.0,1,6798.12
2491567183,4596068,29/03/2012,200.0,1,7588.48
6211482206,4596069,23/08/2001,205.0,1,8832.22
4964895229,4599840,18/09/2000,150.0,1,12036.29
4349226386,4598198,05/08/2024,266.0,1,5413.5
5026462250,4598199,17/05/2000,266.0,1,9377.25
3441299226,4597105,06/12/2011,164.0,1,10470.06
1425147010,4598548,08/07/2013,196.0,1,9718.89
9556540154,4603152,29/07/2019,180.0,1,9815.68
6129700518,4619711,11/12/2013,239.0,1,8797.32
4964304446,4613199,02/08/2018,172.0,1,9333.22
7075289269,4644133,11/07/2018,170.0,1,10492.47
7319935872,4644134,05/12/2007,100.0,1,17280.09
7839061041,4600279,24/06/2013,163.0,1,12296.35
6501674378,4599955,14/10/2014,170.0,1,12737.59
2623551354,4642889,05/02/2014,150.0,1,11144.49
1839452083,4601068,30/03/2014,149.0,1,11562.66
9221876841,4601069,02/02/1998,147.0,1,14591.6
2946525924,4613202,24/05/2012,150.0,1,12298.65
6920241669,4602487,06/12/2023,127.0,1,14078.11
3774544680,4602486,29/05/2022,123.0,1,12069.75
1318630963,4602489,20/03/2018,123.0,1,12511.53
7207208575,4602488,08/06/2003,124.0,1,13849.69
5761571865,4600169,30/06/2021,207.0,1,10513.86
1877040627,4600178,25/07/2016,178.0,1,8864.54
3426670928,4600280,09/06/2013,156.0,1,11172.27
6267772907,4599946,02/02/2014,150.0,1,12137.56
3212706985,4598948,13/05/2012,190.0,1,9455.29
6901524165,4598992,12/12/2018,287.0,1,6365.19
4498757764,4602030,01/12/2010,163.0,1,8888.27
9579082842,4602008,25/06/2023,243.0,1,8562.69
9084172507,4602768,31/01/2000,130.0,1,14120.31
6539465321,50181363,25/09/2025,105.0,1,17353.73
9371972151,50181371,26/04/2018,150.0,1,8493.63
8331231058,50181375,10/11/2020,56.0,1,17830.73
1540337622,50181378,13/11/2018,145.0,1,9091.85
3083366938,50181382,04/12/2025,124.3,1,13721.09
2129732642,50181381,25/08/2015,56.0,1,17888.84
9086287362,50181385,23/03/2014,170.0,1,8397.02
5174726921,50181576,28/11/2024,62.0,1,10458.89
8266450229,50181578,23/12/2018,62.0,1,8612.75
9301859602,50181574,12/07/2018,62.0,1,8091.47
4659847262,50181575,24/08/2014,62.0,1,7014.95
5271468736,50181585,16/11/2025,62.0,1,9923.73
9938427477,50181589,29/06/2021,62.0,1,9972.36
8029758494,50181586,03/09/2018,62.0,1,7602.46
2534947532,50181587,13/03/2016,62.0,1,10608.23
5072801018,50181584,21/02/2014,62.0,1,9209.95
5450200697,50181582,23/05/2013,62.0,1,9923.22
8538546715,50181605,12/11/2025,62.0,1,9129.83
3941214442,50181601,05/03/2025,62.0,1,9060.83
5205368666,50181602,16/08/2024,62.0,1,9677.35
7089619816,50181595,14/05/2024,62.0,1,9296.01
4618828229,50181600,15/04/2024,62.0,1,8895.96
8513144392,50181604,04/09/2017,62.0,1,8827.45
3397629046,50181596,16/08/2012,62.0,1,10687.09
4998617943,50181606,18/08/1999,62.0,1,12862.09
3044020601,50181614,19/03/2025,62.0,1,10042.42
9236490161,50181615,07/03/2025,62.0,1,9815.9
3614718670,50181620,28/10/2021,77.0,1,13299.23
2368050823,50181613,04/03/2021,62.0,1,9510.03
3840832886,50181619,06/08/2018,77.0,1,8792.52
8513831627,50181617,27/12/2017,62.0,1,7490.12
6251431555,50181616,26/11/2012,62.0,1,7996.76
7689231584,50181612,01/11/2012,62.0,1,10366.17
4624026290,50181622,14/02/2012,77.0,1,8389.97
5220964949,50181623,09/12/2010,77.0,1,7950.18
7725277694,50181660,09/05/2025,62.0,1,9894.09
2436740786,50181658,25/11/2024,81.0,1,9611.37
3880522174,50181655,18/07/2024,81.0,1,9471.82
9872332348,50181661,12/11/2023,63.0,1,11162.4
2318354591,50181628,25/10/2023,81.0,1,9113.23
2310583414,50181639,13/11/2022,63.0,1,10432.88
6073294020,50181638,23/05/2022,63.0,1,10099.18
2947031856,50181654,20/04/2022,81.0,1,10157.91
1821736093,50181666,19/12/2021,62.0,1,9803.32
6993285550,50181632,22/09/2020,81.0,1,7383.6
1566429124,50181665,22/09/2019,63.0,1,8883.97
1857653244,50181648,19/12/2017,81.0,1,8091.87
2831482061,50181651,15/11/2017,81.0,1,9034.05
4937409982,50181627,22/03/2017,81.0,1,8439.68
4251548518,50181634,17/01/2017,81.0,1,7129.06
2750236667,50181635,17/01/2017,63.0,1,5893.98
6260062683,50181643,27/01/2015,81.0,1,9193.77
2811782561,50181659,13/05/2014,63.0,1,10128.09
6378541872,50181633,06/05/2013,81.0,1,8270.23
7819666104,50181664,05/05/2013,62.0,1,9382.99
4658719359,50181678,23/12/2025,77.0,1,9844.34
1452033660,50181677,10/07/2023,77.0,1,9641.58
7496147581,50181675,01/07/2022,77.0,1,9338.87
8834852622,50181679,28/03/2022,77.0,1,9428.57
9791759183,50181669,15/10/2020,62.0,1,8497.06
3707782533,50181676,21/09/2020,77.0,1,8474.84
6554993009,50181721,15/02/2026,78.0,1,9606.25
3518634296,50181707,22/12/2025,83.0,1,9418.1
5924171824,50181724,02/07/2025,63.0,1,4883.11
5089790362,50181701,29/06/2025,78.0,1,10052.41
6701444363,50181729,07/04/2025,66.0,1,8545.45
9231575565,50181705,20/02/2025,78.0,1,9584.0
7791607432,50181719,22/09/2024,83.0,1,8657.1
2295950487,50181717,29/08/2024,78.0,1,10092.24
5024870492,50181702,14/08/2024,83.0,1,10062.58
9259338176,50181711,01/05/2024,83.0,1,9744.95
1880294289,50181697,22/03/2024,78.0,1,11197.61
1866414351,50181716,08/05/2023,78.0,1,11039.14
4060788652,50181699,10/01/2023,83.0,1,9518.07
7396404162,50181725,13/11/2022,66.0,1,7438.63
5007091318,50181713,29/06/2022,78.0,1,10189.74
4732887133,50181714,13/09/2021,83.0,1,11201.47
5758961859,50181720,06/07/2021,78.0,1,11436.29
7725554468,50181700,17/02/2021,78.0,1,10705.14
4029357118,50181685,15/05/2020,65.0,1,9329.75
8167582397,50181686,15/04/2019,66.0,1,9244.81
7186812655,50181722,09/11/2017,83.0,1,9481.74
6428474846,50181727,11/09/2017,66.0,1,7897.57
5113712956,50181712,26/06/2017,78.0,1,10067.55
1401720500,50181696,21/02/2017,78.0,1,8283.21
7485908447,50181723,01/02/2017,64.0,1,6803.26
5219879700,50181728,03/02/2016,65.0,1,8430.25
8472540387,50181730,28/03/2014,65.0,1,9087.49
8619941626,50181698,11/09/2013,83.0,1,9803.19
8080978212,50181747,01/01/2025,63.0,1,8733.88
4681830156,50181756,24/12/2024,81.0,1,11350.33
6174509760,50181746,20/05/2024,63.0,1,11070.39
5815280360,50181742,31/07/2023,63.0,1,10169.89
7380646622,50181736,26/07/2022,62.0,1,10769.83
9584635091,50181751,10/08/2021,81.0,1,10517.21
1972206285,50181752,03/08/2021,81.0,1,10517.21
1237546507,50181743,22/12/2019,63.0,1,8350.39
7989197478,50181753,14/08/2016,81.0,1,7900.59
4796378499,50181755,13/06/2014,81.0,1,7771.94
9081495460,50181737,13/01/2000,62.0,1,12133.29
9845330301,50181763,02/02/2025,77.0,1,8494.91
5590954946,50181759,09/07/2021,77.0,1,9839.16
6701435448,50181762,12/07/2019,77.0,1,8010.54
4989310309,50181760,07/07/2019,77.0,1,8366.56
6087339040,50181775,12/05/2025,62.0,1,9133.0
4326281743,50181795,16/01/2025,81.0,1,10937.91
2560578578,50181788,12/09/2024,63.0,1,8592.06
8212621271,50181779,09/09/2024,62.0,1,8962.43
1182363508,50181774,26/06/2024,63.0,1,9762.2
4932735778,50181777,19/03/2024,62.0,1,10225.17
1482985268,50181786,17/12/2023,63.0,1,8337.53
2517035307,50181789,30/06/2023,81.0,1,11027.07
9214576583,50181784,29/03/2023,63.0,1,10416.97
6288823488,50181787,17/02/2022,63.0,1,3897.17
9533889068,50181773,27/12/2021,62.0,1,12947.78
6127013363,50181796,07/07/2021,81.0,1,11767.02
1635091023,50181785,25/06/2021,63.0,1,10304.78
4152107422,50181783,27/07/2020,63.0,1,11225.48
9046514179,50181793,23/04/2019,81.0,1,8842.13
3025573635,50181790,10/04/2019,81.0,1,11392.74
8229540762,50181791,27/03/2019,81.0,1,9485.51
3771868737,50181794,11/03/2018,81.0,1,7945.03
1164014192,50181778,31/10/2013,63.0,1,10945.12
6722244222,50181792,17/12/2012,81.0,1,11122.14
7143501110,50182159,27/03/2023,90.3,1,13425.75
2211501698,50182162,13/07/2022,74.4,1,11460.2
8195125604,50182163,13/05/2018,71.8,1,8710.35
4496193009,50182166,04/04/2013,65.7,1,9455.24
8064708026,50182165,10/07/2011,67.9,1,11095.33
2999876150,50182172,17/07/2016,94.3,1,10657.73
7163443487,50182188,07/08/2025,72.0,1,11242.16
1592219206,50182183,02/07/2023,96.3,1,14256.85
8520523409,50182182,20/12/2020,109.0,1,12141.87
9995611224,50182185,15/08/2012,90.0,1,10727.81
6397250063,50182190,26/09/2011,73.9,1,11118.42
5022199125,50182184,02/12/1999,90.2,1,13050.0
7689310181,50182194,06/11/2018,122.7,1,10287.04
1273537704,50182195,07/10/2014,122.7,1,9951.79
5754606387,50182243,25/01/2026,65.5,1,10281.08
7246551907,50182220,27/03/2024,51.2,1,10446.15
7165176119,50182223,25/04/2023,65.5,1,12298.08
3295434605,50182227,25/10/2018,65.5,1,12088.66
5805334359,50182222,21/06/2018,64.0,1,11472.71
2213149738,50182219,18/03/2018,47.8,1,11180.42
6754009853,50182236,07/09/2016,77.5,1,10947.19
4237708531,50182234,21/08/2016,64.0,1,9999.18
4188389807,50182237,17/04/2011,66.1,1,9938.68
9658079021,80437954,19/01/2026,73.4,1,10983.59
1744542279,80437974,16/09/2025,73.0,1,13137.29
6639591052,80437955,13/06/2025,72.7,1,10785.26
7912423798,80437950,28/01/2025,72.9,1,10490.16
7425340378,80437959,24/05/2023,84.7,1,11361.9
2680984446,80437978,18/05/2023,72.2,1,10522.89
2104221647,80437934,27/02/2023,90.1,1,13651.5
3063943077,80437943,28/07/2022,77.0,1,11606.88
9651307130,80437973,06/07/2022,72.8,1,13617.05
7692174643,80437958,05/07/2022,89.4,1,12639.86
9712986922,80437960,12/05/2022,85.8,1,12050.16
6105862248,80437961,21/12/2021,86.8,1,11468.04
8071336238,80437957,17/11/2019,90.1,1,10090.57
9485378083,80437965,05/08/2019,76.9,1,11418.59
5048033895,80437944,31/05/2007,84.0,1,9322.7
9111766582,4601875,06/12/2011,60.0,1,9811.94
5891554382,4617062,19/09/2023,80.0,1,10455.92
1698001088,4598437,05/11/2020,115.0,1,11577.05
3843553262,4602671,28/01/2011,99.0,1,9166.67
9806397371,4602669,23/12/2024,81.0,1,11581.97
7842184407,4602668,27/01/2019,60.0,1,14392.77
6441546055,4602670,13/11/2007,60.0,1,11376.07
9460745844,4602672,26/02/2003,60.0,1,15395.53
6786044251,4600250,18/01/2026,60.0,1,15807.76
3908481227,4598903,09/08/2022,106.0,1,13419.93
4811590674,4602742,19/01/2012,66.0,1,12920.54
7665743002,4602741,23/09/1998,60.0,1,16490.29
5347223273,4642906,29/09/2024,61.0,1,15705.78
1815506844,4642905,31/10/2011,60.0,1,10800.59
2699829989,4642904,03/05/2008,60.0,1,10399.43
4849195266,4599424,14/02/2020,60.0,1,11956.87
6718142201,4599425,24/01/2018,80.0,1,8748.15
2945176957,4601850,12/10/2012,140.0,1,10427.67
9283625400,50187989,03/05/2020,144.6,1,9785.7
5104774007,50187987,08/01/2020,111.7,1,12617.14
3446521167,50187998,06/05/2021,79.2,1,11693.69
3631731462,50187999,12/11/2002,91.0,1,14010.18
6650870481,50188006,28/11/2024,131.9,1,12668.47
6398150037,50188004,17/02/2020,126.3,1,9024.65
9031040004,50188010,11/12/2025,161.0,1,10711.07
8167143386,50188013,14/08/2025,77.8,1,17013.69
5992681090,50188011,08/06/2021,130.4,1,12043.31
7424468376,50188016,27/10/2021,157.0,1,11679.92
2180453713,50188025,30/09/2022,137.1,1,12107.4
7742920140,50188024,06/01/2022,111.4,1,13649.21
4542313620,50188022,03/12/2019,137.1,1,10822.76
6905906705,4497758,24/08/2025,117.0,1,10475.05
8662741490,4500016,16/05/2023,104.0,1,12175.52
8069775054,4515271,02/03/2023,117.0,1,14001.44
7840546317,4497759,12/12/2022,120.0,1,11250.0
2109812035,4504247,14/09/2022,116.0,1,13615.89
4617808525,4500017,01/12/2021,100.0,1,13761.65
4239881068,4508183,12/11/2020,111.0,1,11641.47
3936442507,4515270,06/02/2020,117.0,1,8939.72
1573592862,4504248,19/05/2019,100.0,1,10300.05
2301947618,4508182,17/12/2018,111.0,1,9115.06
9002962721,4515268,03/09/2018,163.0,1,9524.7
1761260385,4497647,27/08/2014,100.0,1,13179.61
7166212066,4506990,01/10/2013,117.0,1,11492.37
8710429953,4515269,14/05/2013,159.0,1,9745.65
1026642519,4500014,30/05/2011,75.0,1,11701.65
5354183056,4515267,27/04/2011,163.0,1,8000.54
8475395195,4538769,12/12/2010,120.0,1,10882.91
5731510456,4500013,26/05/2009,75.0,1,11611.51
3720224840,4500015,07/07/2003,70.0,1,13865.33
6163182026,4497646,17/01/2000,110.0,1,14760.11
8499378865,4504246,18/02/1998,80.0,1,13462.13
5872365268,4501026,04/09/2025,149.0,1,11263.68
1789746950,4499353,22/07/2024,149.0,1,10941.86
8436769074,4499976,31/05/2024,149.0,1,10966.01
5074690829,4501027,06/03/2024,149.0,1,11855.39
2296600850,4500996,30/01/2024,148.0,1,11813.94
2983779967,4500573,20/12/2022,148.0,1,12500.0
3813805273,4500305,14/11/2022,149.0,1,11229.77
2344303690,4503941,18/10/2022,151.0,1,11026.34
9512243956,4497391,01/03/2022,148.0,1,11148.65
5279233938,4499979,30/01/2022,106.0,1,15760.9
6319848085,4500995,22/12/2021,149.0,1,11545.0
1050981218,4538199,04/03/2021,120.0,1,13948.05
9523610072,4500306,10/02/2021,150.0,1,11133.35
8853784981,4499563,07/01/2021,149.0,1,11297.39
9349561322,4652860,13/12/2020,120.0,1,12434.5
5489303869,4497989,17/05/2020,147.0,1,11001.06
9973088552,4500371,13/10/2019,167.0,1,9922.56
4088359667,4538231,28/11/2018,149.0,1,9883.15
9114316597,4501434,09/10/2018,120.0,1,13663.94
2307894832,4501342,13/09/2018,138.0,1,11645.46
6773018118,4501447,05/08/2018,140.0,1,10120.46
7574869617,4503388,13/06/2018,158.0,1,10390.38
4977568163,4497389,23/02/2018,148.0,1,10886.8
5370710968,4499980,08/01/2018,106.0,1,12399.27
1937736743,4501239,02/11/2017,149.0,1,8228.45
4585388409,4503389,26/04/2017,150.0,1,8741.36
3883554922,4497991,24/04/2017,170.0,1,8779.65
3318907895,4500368,28/12/2016,160.0,1,8839.53
3976394854,4500037,06/04/2016,142.0,1,9237.41
9215254353,4501433,13/03/2016,152.0,1,8942.55
2911004849,4500994,15/07/2015,250.0,1,5976.59
7980676617,4500387,09/07/2015,154.0,1,9002.09
6422410471,4499567,15/02/2015,130.0,1,12087.27
8975767124,4501379,08/12/2014,135.0,1,10385.09
8758531406,4538197,21/10/2014,127.0,1,11524.99
6018523975,4496618,25/08/2014,145.0,1,10225.56
6007980200,4499566,12/08/2014,180.0,1,7770.48
4583251253,4497390,30/01/2014,148.0,1,10003.05
4229101494,4499354,08/01/2014,148.0,1,10239.35
6038280217,4501237,31/12/2013,149.0,1,9922.95
6272361729,4538230,17/01/2012,150.0,1,10978.01
6565419526,4499352,09/02/2011,150.0,1,9521.61
3571636252,4499569,20/01/2011,130.0,1,10083.33
3403889177,4499977,13/05/2010,147.0,1,10883.07
7006716897,4499983,17/07/2009,147.0,1,9787.68
1414103216,4500369,28/04/2009,110.0,1,15449.18
7948699680,4503942,17/02/2009,130.0,1,10371.49
8553057405,4500372,12/02/2009,120.0,1,11441.74
7061109729,4501238,11/09/2008,149.0,1,9373.23
2454788406,4538229,13/07/2008,180.0,1,6610.58
2176005480,4499981,27/03/2008,149.0,1,9159.46
8652803810,4496617,15/03/2007,140.0,1,11674.39
9427145443,4501378,21/07/2005,120.0,1,12683.71
3349972462,4501236,20/05/2004,127.0,1,13677.33
3867821555,4499982,24/07/2001,100.0,1,17641.93
5364444041,4500992,18/01/2001,110.0,1,18421.21
7064507755,4500993,07/02/1999,136.0,1,14788.9
1955742199,4501025,07/06/1998,100.0,1,16363.96
9086367221,4499978,26/02/1998,120.0,1,15631.02
3681405302,50176081,27/07/2016,73.79,3,1459.29
2401435231,50176089,14/10/2015,54.6,3,4172.98
5905280570,50176087,14/12/2004,54.6,3,6116.63
9895428502,4516204,10/07/2025,201.0,1,10077.92
2847461495,4497835,01/09/2021,223.0,1,5414.49
8742760375,4500653,03/01/2019,200.0,1,8357.09
8051785642,4511752,21/11/2017,146.0,1,7376.21
8536725667,4498131,20/11/2017,274.0,1,7054.54
9179404943,4540488,11/01/2017,124.0,1,11374.64
6804766234,4495141,14/04/2016,155.0,1,9873.1
8187111424,4540750,23/12/2015,137.0,1,10857.88
7922028042,4497378,05/06/2014,120.0,1,15860.81
9991320550,4556645,21/05/2014,170.0,1,11539.15
9000928252,4511755,27/03/2014,150.0,1,8958.75
2366343258,4495517,08/12/2013,187.0,1,9444.65
7547911835,4497836,21/11/2013,220.0,1,6653.54
9624823863,4500698,28/10/2012,350.0,1,4569.58
9302362923,4494379,29/03/2012,200.0,1,7588.48
7006133337,4511754,29/08/2011,129.0,1,8865.14
4887516546,4536408,25/08/2011,274.0,1,6225.23
8241546564,4537876,24/03/2011,175.0,1,10990.19
8441861195,4500652,14/03/2011,80.0,1,10356.14
9638719428,4515017,14/09/2010,280.0,1,7143.98
9667734994,4496812,17/11/2009,100.0,1,7829.41
1635671253,4540751,24/08/2009,138.0,1,10659.35
3348144695,4498130,23/02/2006,180.0,1,10987.92
1396072568,4494380,23/08/2001,205.0,1,8832.22
9412941003,4497824,18/09/2000,150.0,1,12036.29
3134592650,4511757,01/10/1998,130.0,1,13247.98
4259750222,4501172,25/02/2025,129.0,1,11517.51
4032501426,4540765,28/11/2023,100.0,1,15695.3
7335667095,4557606,25/04/2023,122.0,1,10729.32
2439679261,4540767,13/10/2021,100.0,1,16670.44
3987681962,4510020,14/09/2021,80.0,1,17054.96
9873434068,4540798,24/01/2019,155.0,1,9884.73
9864855519,4510021,16/01/2019,80.0,1,14363.75
5981612363,4501173,27/03/2018,110.0,1,12463.96
8080130986,50184145,12/02/2017,110.75,1,10526.16
8185168402,50183804,01/07/2015,111.95,1,10732.28
5564937860,50183802,10/04/2014,110.75,1,10916.09
9098155003,4510022,27/10/2010,90.0,1,11300.37
8661223805,50184142,16/09/2010,110.75,1,10821.59
9911807495,4540766,26/08/2004,75.0,1,12944.02
3178609712,4540799,01/05/2003,80.0,1,12917.97
5574653310,4540770,20/03/2002,60.0,1,20050.32
7923776478,4540769,03/05/1999,60.0,1,17467.48
5533533459,4504819,16/05/2025,78.0,1,13067.22
4779849341,4500385,05/05/2024,80.0,1,8475.77
6899200635,4500386,11/01/2024,80.0,1,8742.31
1154026971,4495929,05/04/2022,177.0,1,8440.76
6118913672,4497601,31/03/2022,85.0,1,14235.29
5987888699,4500648,10/06/2021,255.0,1,3976.43
2621731951,4497053,23/07/2019,60.0,1,14849.16
6091375796,4504820,04/02/2018,60.0,1,12843.27
6893320539,4516570,15/08/2017,65.0,1,12201.38
5806908517,4504250,12/09/2016,100.0,1,9834.77
5652485109,4516572,24/12/2015,60.0,1,14177.63
5804390964,4539565,16/01/2015,60.0,1,16028.75
1410454043,4536717,20/01/2013,67.0,1,13969.38
2685151057,4501323,08/01/2013,67.0,1,13836.34
9792605374,4538227,30/10/2012,60.0,1,14009.83
1088350388,4555246,05/03/2012,60.0,1,14537.32
9603231319,4497602,28/02/2012,60.0,1,13377.34
6743375147,4555215,11/11/2011,60.0,1,17153.14
9708470892,4539564,14/09/2010,75.0,1,9899.04
3618418107,4538228,04/12/2009,70.0,1,9311.5
8349371781,4497054,22/06/2009,75.0,1,9452.55
2141326951,4536716,04/03/2009,60.0,1,12418.02
3967151224,4504249,11/04/2008,100.0,1,12571.26
8477249563,4504818,22/05/2007,60.0,1,6210.12
5710910844,4516573,30/06/2004,60.0,1,14374.96
9993339560,4495930,22/06/2000,100.0,1,14071.83
5802414398,4500384,02/04/2000,60.0,1,17198.39
6563803427,4536718,29/02/2000,60.0,1,16041.76
4644331972,4555245,16/02/2000,60.0,1,18144.8
7250356446,50175136,05/10/2025,54.9,1,12166.42
4193849930,50177694,18/09/2025,44.0,1,10244.1
8509072928,50177349,05/08/2025,63.0,1,8283.3
2260288560,50177244,28/07/2025,63.0,1,8969.89
2973662077,50177347,21/07/2025,63.0,1,6761.22
3316706425,50175641,17/07/2025,62.2,1,6087.27
2390919400,50179418,06/05/2025,130.9,3,8651.59
6533710715,50175637,24/04/2025,32.9,1,9857.14
5534146811,50175688,17/03/2025,52.5,1,11592.11
8893958870,50179289,31/12/2024,35.4,3,18550.78
9064067139,50177673,24/12/2024,44.0,1,11300.31
8095500100,50177226,10/12/2024,63.0,1,9828.13
6556530646,50175676,08/12/2024,62.2,1,8747.92
7662211249,50177236,03/12/2024,63.0,1,9158.03
3010570433,50177343,25/11/2024,63.0,1,8589.95
9163239340,50175118,31/10/2024,43.7,1,11451.91
8938426275,50177675,27/10/2024,44.0,1,11482.15
5480425375,50177674,15/08/2024,44.0,1,11454.46
4365786762,50175115,30/07/2024,43.7,1,12070.07
3548973974,50177646,14/07/2024,71.2,1,9563.28
2332306380,50177623,31/05/2024,58.7,1,9818.61
5002396819,50177225,27/05/2024,63.0,1,9840.35
7008263390,50177645,03/04/2024,106.8,1,7299.39
8694281129,50177627,02/04/2024,58.7,1,8466.42
3299608210,50177664,03/03/2024,44.0,1,12267.04
2616936626,50177690,22/02/2024,44.0,1,11241.09
8121618731,50177229,11/01/2024,63.0,1,8088.13
1820111619,50175500,04/01/2024,98.0,3,8665.85
4979968973,50175622,11/12/2023,62.2,1,9841.4
4702311858,50175505,29/11/2023,50.8,3,11034.38
9281594075,50175642,23/11/2023,52.5,1,13394.88
1057000572,50177648,27/08/2023,71.2,1,8293.36
7963004121,50175628,23/08/2023,62.2,1,9493.36
6859975175,50177927,12/07/2023,77.0,1,10566.11
1712780076,50177637,22/06/2023,71.4,1,9737.67
4234688537,50175645,31/05/2023,62.2,1,10830.34
3037143912,50177930,25/04/2023,77.0,1,9022.92
4504487828,50177667,10/01/2023,44.0,1,9090.91
6070459790,50175380,26/12/2022,52.5,1,5700.0
7673975567,50177628,21/11/2022,58.7,1,9046.46
7926437741,50177346,10/10/2022,63.0,1,9393.16
8301490512,50179286,13/09/2022,35.4,3,17051.09
3289681746,50175658,10/08/2022,42.6,1,7155.49
3838005573,50177240,30/06/2022,63.0,1,9876.9
9224263758,50175495,18/05/2022,36.9,3,9339.69
6287301174,50177340,08/05/2022,63.0,1,10015.02
4748290042,50177693,14/04/2022,44.0,1,11072.24
5420601808,50177925,11/04/2022,61.0,1,11802.33
1079104767,50175155,03/03/2022,54.9,1,8816.03
9632641590,50175634,21/02/2022,42.6,1,8345.23
9147098972,50177339,16/02/2022,63.0,1,8817.14
2376263766,50175696,13/02/2022,62.2,1,9823.59
9605843208,50175698,31/01/2022,62.2,1,9981.54
3926678904,50175625,26/12/2021,63.3,1,10870.18
2239928280,50175672,22/12/2021,63.3,1,8696.14
5496677970,50175629,15/12/2021,62.2,1,9587.43
9876903724,50177691,12/12/2021,44.0,1,11207.4
4741254634,50179303,23/11/2021,417.3,3,6172.9
9054156808,50175694,14/11/2021,98.1,1,8056.56
7635929921,50175664,28/10/2021,97.2,1,8575.33
1265759238,50177625,01/09/2021,58.7,1,10799.0
1364948578,50177250,17/08/2021,63.0,1,10624.53
6429502278,50177238,17/08/2021,63.0,1,11588.46
9008371398,50177653,12/08/2021,58.7,1,10988.17
9041249008,50175644,15/06/2021,80.9,1,7184.05
2675460415,50175670,18/05/2021,77.3,1,7609.63
6902903803,50177248,02/05/2021,63.0,1,7946.29
5562084998,50177924,14/03/2021,61.0,1,10185.61
7521311234,50175498,31/01/2021,36.9,3,12580.09
3172357235,50177671,25/12/2020,44.0,1,11648.13
2187082478,50177632,30/11/2020,58.7,1,8004.98
8121089100,50177921,22/11/2020,61.0,1,13266.54
6695412893,50179378,22/10/2020,46.7,3,19741.57
4548796459,50175111,19/08/2020,43.7,1,11897.22
2083423749,50177688,02/08/2020,44.0,1,10301.22
4491714634,50175566,12/07/2020,32.0,1,10841.59
4494791688,50177666,10/07/2020,44.0,1,12130.46
7423807976,50175110,10/06/2020,43.7,1,10687.01
1432667402,50175137,13/05/2020,53.9,1,10000.97
4421393941,50175665,23/04/2020,52.5,1,7724.54
5574212059,50177235,04/03/2020,63.0,1,7989.42
7688713578,50175429,03/03/2020,92.6,1,6522.68
7737481220,50179304,02/01/2020,78.1,3,10311.57
1743574692,50177636,16/12/2019,65.8,1,8200.05
6753342768,50177695,01/12/2019,44.0,1,9197.11
4198625007,50175667,07/11/2019,82.3,1,6265.41
1329738712,50177644,26/06/2019,58.7,1,11592.17
8685140682,50177940,13/06/2019,61.0,1,11718.48
5300689072,50177344,30/04/2019,63.0,1,7323.9
1542378784,50175673,26/03/2019,62.2,1,6677.04
3397841811,50177935,24/01/2019,77.0,1,10582.03
6816001117,50175141,31/12/2018,53.9,1,11732.05
1361845331,50175146,09/12/2018,53.9,1,10884.73
4513579966,50175139,29/11/2018,53.9,1,12489.49
4731492960,50175674,29/11/2018,62.2,1,7553.47
7133661344,50179337,11/11/2018,30.8,3,7740.88
9556312511,50175623,17/10/2018,83.4,1,7813.72
2050298714,50177230,08/05/2018,63.0,1,8537.25
1647677650,50175643,27/04/2018,52.5,1,9467.0
5847924917,50177630,15/04/2018,58.7,1,7155.28
2956128703,50175650,11/04/2018,62.2,1,9003.53
6776780487,50177640,11/02/2018,58.7,1,8353.99
3618982415,50177634,01/02/2018,65.8,1,7346.11
2684181353,50177658,12/01/2018,44.0,1,11006.77
7762650567,50175679,16/11/2017,32.9,1,10701.28
2829145376,50175699,01/11/2017,62.2,1,7769.07
5128188259,50175693,19/10/2017,63.3,1,5635.45
8435924378,50177660,21/08/2017,44.0,1,10410.86
6883032172,50177227,20/07/2017,63.0,1,7625.98
7779539601,50177670,23/06/2017,44.0,1,9080.06
3419344062,50175627,09/04/2017,62.2,1,8409.76
9751936686,50177635,29/03/2017,71.4,1,13509.93
5106303244,50177938,21/02/2017,77.0,1,8573.19
1155898573,50175668,07/02/2017,62.2,1,7677.57
8388187544,50175661,11/09/2016,42.6,1,7266.08
6782566187,50175142,23/08/2016,53.9,1,9234.45
7587138623,50177242,20/07/2016,63.0,1,7064.79
9087591094,4536943,19/04/2016,290.0,1,2161.06
4131392467,50175144,04/04/2016,53.9,1,9261.21
1391098103,50177246,29/03/2016,63.0,1,6031.91
1897535231,50175591,17/03/2016,32.0,1,11098.86
2248950116,50175133,01/02/2016,53.9,1,6869.15
5830889753,50175609,27/11/2015,57.1,1,7915.01
6436369018,50179395,11/11/2015,92.4,3,8461.78
4804706016,50175703,28/07/2015,42.6,1,7412.52
9779373196,50179305,31/03/2015,78.7,3,9769.16
8139487969,50177692,01/01/2015,44.0,1,10928.69
7307783470,50175584,02/12/2014,56.4,1,8438.53
8970029695,50175652,18/11/2014,62.2,1,7830.22
5221345053,50175559,23/09/2014,55.0,1,7430.3
7768160660,50177624,04/09/2014,58.7,1,10582.16
6852686525,50179332,26/08/2014,38.9,3,16940.37
2646396080,50175156,06/04/2014,80.0,3,19400.5
6588087365,50177942,16/01/2014,77.0,1,9948.55
5580857944,50175654,14/01/2014,42.6,1,9108.33
3463889555,50179389,12/01/2014,42.2,3,11049.38
5354926123,50175541,22/12/2013,62.1,1,6771.52
1475860934,50175621,19/12/2013,74.5,1,7450.68
7571479189,50175117,30/10/2013,43.7,1,11242.54
7351559259,50177946,11/09/2013,77.0,1,11691.24
8945776798,50175575,28/08/2013,42.4,1,10974.06
8439414972,50177662,18/07/2013,44.0,1,11531.74
3710061174,50175107,30/06/2013,43.7,1,11167.16
6783001381,50177685,24/05/2013,44.0,1,8814.32
8505850356,50177936,11/04/2013,61.0,1,11526.03
4971233577,50175572,19/03/2013,56.4,1,10335.42
3341732571,50179392,11/03/2013,21.0,3,12694.2
6300375215,50175138,27/02/2013,53.9,1,9900.86
7192907738,50177629,06/01/2013,58.7,1,11389.0
8236470871,50175707,24/12/2012,42.6,1,7628.44
1434586187,50177245,17/12/2012,63.0,1,8597.13
8065708550,50175580,26/11/2012,56.4,1,8953.56
2155767772,50175647,21/10/2012,99.5,1,5700.63
4691641010,50175706,19/10/2012,32.9,1,10739.98
7728296735,50175588,14/10/2012,32.0,1,15400.74
2055190558,50175542,08/08/2012,62.1,1,8002.41
5836460298,50179329,30/07/2012,47.8,3,13959.51
6429254038,50175563,22/07/2012,32.0,1,11319.67
9028967743,50175697,13/06/2012,62.2,1,6574.87
3915694884,50175154,08/05/2012,53.9,1,9676.55
4912068470,50179280,04/11/2011,34.2,3,17196.13
5263674651,50177243,25/08/2011,63.0,1,5538.03
1471594830,50177672,23/08/2011,44.0,1,11013.12
9327377291,50177654,11/08/2011,58.7,1,7759.84
9133977736,50177922,30/06/2011,77.0,1,9552.66
9184262530,50175561,14/06/2011,49.3,1,8441.57
5314732158,50177941,15/03/2011,61.0,1,6952.6
2695047114,50175587,27/02/2011,49.3,1,9116.57
5470040241,50175562,08/02/2011,55.0,1,9079.73
3954467577,50175592,30/12/2010,55.0,1,8904.2
8900805833,50175599,30/11/2010,57.1,1,9442.38
1169262241,50177641,29/11/2010,106.8,1,6189.5
7355710576,50177228,04/11/2010,63.0,1,8525.3
4828287229,50177650,04/10/2010,58.7,1,10181.23
7149722839,50177649,04/10/2010,58.7,1,8930.9
1935094454,50177348,04/08/2010,63.0,1,7432.4
5209854535,50175603,29/07/2010,57.1,1,8498.05
9299149077,50175646,27/07/2010,63.3,1,8517.45
7444001406,50175504,09/07/2010,50.8,3,6367.96
7974893654,50175569,17/06/2010,42.4,1,9017.4
7602224507,50179292,11/06/2010,29.9,3,30090.14
6107644922,50175143,08/06/2010,53.9,1,8917.5
5679340182,50175678,13/04/2010,100.0,1,6924.47
9171451559,50175624,03/03/2010,63.3,1,8587.05
1733550103,50177680,19/01/2010,44.0,1,6276.81
8978431425,50175638,31/03/2009,90.0,1,6412.21
1650718947,50177341,03/03/2009,63.0,1,6880.98
3538109304,50175147,02/12/2008,53.9,1,4245.26
7698582031,50175684,04/02/2008,82.0,1,8502.85
2337698890,50175114,30/01/2008,43.7,1,10885.74
7068259815,50175503,21/06/2007,97.0,3,6722.14
6177547859,50175135,22/11/2006,53.9,1,11385.09
2712503810,50175499,04/05/2006,36.9,3,20532.61
4312734898,50175435,09/12/2005,62.2,1,8164.43
2297024036,50175651,26/10/2005,62.2,1,6713.64
9081615373,50175631,06/07/2005,42.6,1,5247.89
4082531471,50175145,07/01/2005,53.9,1,7771.48
9479766035,50175431,30/04/2004,63.3,1,8845.54
6889504237,50175620,13/04/2003,81.2,1,12357.28
4365167819,50175127,10/04/2003,43.7,1,10351.83
1160594617,50175660,25/12/2002,82.0,1,11080.77
5777479389,50175626,14/10/2001,81.4,1,14310.25
9762160724,50175657,19/06/2000,42.6,1,19551.93
9753486293,50175424,14/12/1999,62.2,1,7597.2
2995601832,50175502,12/10/1999,97.0,3,12233.97
2230125741,50178174,18/11/2025,60.8,1,9419.01
3562919745,50178205,24/10/2025,60.8,1,9416.39
5405103783,50178210,28/08/2025,60.8,1,7283.04
6796985326,50178226,04/05/2025,60.8,1,9856.53
4154167854,50178229,12/02/2025,60.8,1,8606.68
1666352995,50178208,06/11/2024,60.8,1,12492.31
2246280538,50178201,30/09/2024,60.8,1,9454.47
3920248390,50178142,18/08/2024,60.8,1,8920.99
5810546292,50178163,21/05/2024,60.8,1,8762.54
5374688988,50178186,13/05/2024,60.8,1,9559.14
3236678587,50178157,21/02/2024,60.8,1,9517.95
9830039883,50178219,02/01/2024,60.8,1,10681.4
1382180312,50178180,18/10/2023,60.8,1,8937.12
5601608213,50178162,20/08/2023,60.8,1,9209.61
1120420039,50178284,08/08/2023,48.2,1,5635.35
2685531100,50178161,18/06/2023,60.8,1,8430.44
5540615497,50178193,16/05/2023,60.8,1,8997.07
7446569900,4508425,30/01/2023,103.0,1,11650.49
2939535743,50178154,12/12/2022,60.8,1,10526.32
5247725812,50178211,08/12/2022,60.8,1,9703.95
5277709524,50178285,01/08/2022,60.8,1,10862.7
8342400526,50178214,26/05/2022,60.8,1,9243.74
7361428987,50178182,02/05/2022,48.2,1,4065.65
1780820932,50178167,14/04/2022,60.8,1,7478.62
9081016212,50178168,10/01/2022,60.8,1,9840.05
9220754734,50178151,22/11/2021,58.1,1,12595.6
2414653724,50178164,21/11/2021,60.8,1,10591.91
4383925985,50178199,21/11/2021,48.2,1,10688.6
2631318467,50178270,05/09/2021,60.8,1,8837.28
9534893381,50178172,10/08/2021,60.8,1,10408.48
2283892662,50178204,04/08/2021,60.8,1,11809.62
5667945270,50178141,09/07/2021,60.8,1,8843.13
7536213185,50178148,10/02/2021,60.8,1,9296.57
9811007516,50178178,26/01/2021,60.8,1,7879.87
4604020444,50178169,07/01/2021,48.2,1,8059.26
5455398377,50178213,07/12/2020,60.8,1,7255.83
9295534866,50178223,27/11/2020,60.8,1,10734.01
3327686758,50178233,25/08/2020,60.8,1,21487.45
9350699371,50178173,03/08/2020,60.8,1,10305.21
5912415445,50178190,17/01/2020,60.8,1,11038.02
4057997196,50178144,15/01/2020,60.8,1,8830.42
4977201363,50178153,15/11/2019,60.8,1,6025.95
3017832014,50178216,17/07/2019,60.8,1,7890.5
5588285817,50178177,17/06/2019,60.8,1,8591.67
5277970825,50178176,12/06/2019,60.8,1,9835.2
3438480778,50178212,16/04/2019,60.8,1,8155.25
3551428249,50178217,18/11/2018,58.1,1,7483.04
3196616103,50178137,11/07/2018,60.8,1,8021.97
3594851981,50178191,25/04/2018,60.8,1,7483.82
1456582241,4498865,10/12/2017,110.0,1,9254.78
6942647706,50178200,16/01/2017,60.8,1,8127.52
3434536783,50178181,24/11/2016,60.8,1,6966.45
8966078767,50178138,05/10/2016,60.8,1,8557.96
9805638098,50178222,09/08/2016,60.8,1,8186.46
9974313923,50178146,27/07/2016,60.8,1,6612.0
9484733655,50178139,23/06/2016,60.8,1,8321.72
3134568717,50178194,21/04/2016,60.8,1,7191.4
2908763116,50178228,14/04/2016,60.8,1,7023.6
4809714107,4505408,13/07/2015,74.0,1,9367.04
3496452064,50178207,21/10/2014,60.8,1,6962.33
6343710386,50178230,10/12/2013,60.8,1,8852.88
3374653000,50178220,01/03/2012,60.8,1,6376.02
7219156000,50178170,01/08/2010,60.8,1,6353.6
6928801043,50178227,04/06/2009,60.8,1,5512.11
4195593234,4540808,26/10/2005,100.0,1,11825.35
7225743043,50181839,01/01/2026,61.0,1,10106.6
3455582125,50181832,24/04/2025,61.0,1,9245.9
2914018786,50181885,24/11/2024,61.0,1,9338.52
9659294386,50181810,17/11/2024,62.0,1,8958.2
9894684607,50181845,25/09/2024,61.0,1,8638.18
2695676342,50181833,15/09/2024,61.0,1,9580.53
9105268494,50181849,16/11/2023,61.0,1,10024.68
2269578164,50181835,01/11/2023,61.0,1,8688.05
8715458796,50181803,18/05/2023,62.0,1,8986.32
1534115116,50181886,07/05/2023,61.0,1,9133.64
1145786686,50181865,09/02/2023,62.0,1,9032.26
6557778415,50181883,12/12/2022,61.0,1,4383.18
8875395467,50181787,17/02/2022,63.0,1,3898.94
9085496120,50181826,09/02/2022,62.0,1,10572.03
5885480747,50181898,19/01/2022,61.0,1,10918.1
6296248825,50181811,13/01/2022,62.0,1,10377.87
1941963402,50181855,05/09/2021,61.0,1,12272.25
7350487877,50181818,13/06/2021,62.0,1,7778.44
2108766698,50181831,17/03/2021,61.0,1,8106.91
8210219160,50181804,08/02/2021,62.0,1,6630.28
7856643960,50181836,21/10/2020,61.0,1,7772.72
4838474039,50181800,14/10/2020,62.0,1,13276.66
7430619823,50181827,11/10/2020,62.0,1,9559.2
7871376459,50181840,01/12/2019,61.0,1,8403.04
7514987083,50181895,18/11/2019,61.0,1,11122.59
1939388124,50181834,18/09/2019,61.0,1,7944.43
6111270117,50181844,10/10/2018,61.0,1,9373.49
8769657954,50181805,24/07/2018,62.0,1,8990.52
7598185344,50181824,05/06/2018,62.0,1,10055.2
6807235995,50181878,13/12/2017,61.0,1,8230.17
1050252661,50181846,13/12/2017,61.0,1,8687.4
7701369313,50181857,13/09/2017,61.0,1,8882.21
5619194151,50181812,04/04/2017,62.0,1,7874.43
8135730864,50181949,28/08/2016,62.0,1,6560.04
5719172438,50181868,21/02/2016,62.0,1,6807.77
1214366687,50181900,21/02/2016,61.0,1,7526.34
2304718984,50181828,10/02/2016,62.0,1,5971.73
8376902675,50181852,25/05/2015,61.0,1,8952.08
5928019080,50181871,03/11/2014,77.0,1,7168.55
7726731191,50181873,14/07/2014,77.0,1,7633.76
1681011105,50181851,18/05/2014,61.0,1,10057.84
4291610935,50181819,02/03/2014,62.0,1,8336.3
3675714738,50181945,11/10/2013,62.0,1,9620.23
4287849415,50181792,17/12/2012,81.0,1,11144.42
5239118965,50181946,26/11/2012,62.0,1,9921.91
5791213902,50181825,04/01/2012,62.0,1,10750.35
5572777139,50181837,22/09/2011,61.0,1,8017.67
7067471132,50181801,15/12/2005,62.0,1,8554.33
3564950207,4508559,29/04/2025,217.0,1,10612.9
8983331792,4515750,03/09/2024,194.0,1,10864.51
1169253717,4517572,22/07/2024,272.0,1,9819.4
9280111757,4506509,04/08/2023,386.0,1,5802.53
5399622722,4516064,13/03/2023,170.0,1,11198.13
4463620237,4495995,01/05/2022,249.0,1,9369.12
3604278773,4508427,09/02/2022,188.0,1,9159.5
7935819749,4540377,09/03/2021,225.0,1,9016.92
1884622026,4505357,04/02/2019,218.0,1,8152.24
5607785834,4495996,27/08/2018,148.0,1,11318.31
1577414561,4508618,26/07/2018,180.0,1,8516.02
9912018684,4536519,12/01/2017,328.0,1,5161.06
1274431131,4536667,25/09/2015,172.0,1,10062.56
8625449392,4495703,15/07/2015,162.0,1,12360.89
1981681247,4508184,24/11/2014,235.0,1,8635.46
6047343722,4536574,02/07/2013,249.0,1,6607.0
7145394275,4498193,30/11/2012,205.0,1,8052.82
7632487136,4536446,20/11/2012,180.0,1,9691.55
1190055280,4503744,02/10/2012,120.0,1,17047.36
8944405276,4496464,27/06/2012,240.0,1,8799.94
2072727318,4497055,12/01/2012,160.0,1,11517.11
8220535792,4506288,20/12/2010,160.0,1,10202.73
7434366587,4509109,12/12/2010,220.0,1,6835.83
1370344478,4495062,07/06/2010,170.0,1,7711.01
8593730939,4503742,06/06/2010,182.0,1,9603.46
8092928492,4494967,16/06/2008,100.0,1,11635.81
8106986953,4503743,25/03/2007,150.0,1,10938.58
5462507129,4506290,05/07/2005,200.0,1,8850.53
6882657823,4504196,01/09/2003,164.0,1,12156.71
2180002345,4495773,28/08/2003,80.0,1,17934.39
5974601121,4495702,17/07/2003,157.0,1,12581.25
4884048883,4551404,11/05/2003,80.0,1,18448.71
8095911941,4495712,12/05/2002,120.0,1,17959.94
8607798237,4505358,19/04/1999,217.0,1,7539.46
4730229476,4501441,11/11/1998,327.0,1,7496.02
2838487433,4495994,08/01/1998,145.0,1,14633.36
7926822519,4508326,15/10/2025,176.0,1,10572.04
8449054672,4501201,12/01/2025,159.0,1,10851.02
6385735487,4500984,03/10/2022,162.0,1,10649.12
5754499986,4536561,14/04/2022,154.0,1,12513.39
2655988134,4497129,21/01/2021,148.0,1,11898.66
5040090893,4501065,16/06/2020,165.0,1,9704.36
6676492170,4508327,31/05/2020,135.0,1,12078.76
5832353238,4496235,04/11/2018,179.0,1,9049.43
3781041596,4503851,14/10/2018,145.0,1,11114.78
1695535798,4505340,19/07/2017,180.0,1,7999.66
5644066083,4504128,17/07/2017,175.0,1,8392.94
9959345440,4497130,17/07/2017,180.0,1,8380.95
3922681414,4503937,04/07/2017,180.0,1,8998.66
6658210215,4537135,26/10/2014,169.0,1,9152.12
8678240033,4536700,26/04/2013,175.0,1,9255.84
3142973012,4508328,18/11/2012,176.0,1,10110.05
9221566535,4505338,08/07/2012,150.0,1,10993.98
1808959160,4503928,16/05/2011,253.0,1,6513.76
7191941773,4501202,29/08/2010,160.0,1,10242.77
3405868240,4500985,31/05/2010,120.0,1,13697.01
5056070690,4505339,26/09/2007,148.0,1,9413.35
7994310105,4497131,26/05/2006,120.0,1,14416.88
2044833137,4504129,24/08/2003,120.0,1,15142.9
7722505407,4503120,03/06/2001,150.0,1,12066.12
9138239504,4536560,10/10/1999,148.0,1,13228.82
4372753793,4503936,09/10/1998,250.0,1,8124.29
5706960762,4555254,04/09/2025,60.0,1,17759.49
8448390369,4508330,02/07/2024,101.0,1,11394.32
6097215097,4495402,30/08/2023,65.0,1,15819.41
4195208701,4498284,04/10/2021,80.0,1,9674.81
5066871994,4495401,06/12/2016,90.0,1,9193.11
5036522190,4554103,01/08/2011,60.0,1,12922.06
9377501461,4555200,29/07/2008,88.0,1,11122.11
4791293320,4498285,26/12/2007,60.0,1,9874.34
5743108401,4508329,30/10/2005,96.0,1,10970.29
3143194196,4554102,18/07/2003,60.0,1,16279.58
4961418543,4555201,31/03/2003,60.0,1,15411.11
6270208582,50176183,01/01/2018,109.46,3,3836.21
4406905535,4536748,13/07/2025,151.0,1,13477.67
9704020536,4499787,13/01/2025,171.0,1,9816.85
5586681345,4551385,17/11/2023,147.0,1,11093.07
3566373481,4551379,25/08/2021,136.0,1,10961.87
7078391669,4551382,05/08/2021,163.0,1,10378.02
7717190647,4536750,31/12/2020,133.0,1,15365.29
4795411370,4551384,10/10/2019,128.0,1,12521.38
2396546149,4551377,01/09/2019,128.0,1,11731.31
2433397465,4551383,31/08/2019,128.0,1,11790.75
1385768413,4551386,01/04/2019,156.0,1,8829.05
2936498834,4551387,28/01/2019,152.0,1,9163.48
9607204016,4551378,31/12/2018,116.0,1,11387.28
5633860252,4551389,02/08/2015,136.0,1,10992.33
5790532047,4551390,05/12/2012,146.0,1,10696.36
2946953580,4551391,21/10/2012,136.0,1,11896.69
3363215857,4501367,26/05/2011,143.0,1,12274.45
2375839374,4536749,24/05/2011,133.0,1,13930.53
4493577477,4551393,31/07/2009,136.0,1,6533.2
6037232015,4551392,31/07/2009,136.0,1,6997.2
2268428691,4499788,18/08/2008,200.0,1,10573.25
7697484179,4495158,30/06/2004,150.0,1,13247.32
7536887471,4551394,26/11/2003,136.0,1,13740.26
2989099004,50182611,18/09/2025,102.2,1,10932.1
6814907940,50182612,06/08/2025,86.3,1,10482.77
9535887591,50182604,06/11/2024,83.5,1,9948.97
4488960913,50182584,18/09/2024,86.7,1,10497.69
8720380089,50182599,12/09/2024,101.7,1,11021.84
3884133629,50182594,29/11/2022,87.0,1,10767.95
2399218857,50182583,02/09/2021,101.5,1,15464.63
8144103697,50182602,16/08/2021,87.0,1,9092.46
8973989560,50182585,28/10/2019,66.2,1,12925.96
2089915377,50182613,24/10/2019,66.2,1,13336.31
1628401051,50182586,06/10/2019,87.0,1,10147.86
4347742321,50182856,20/06/2018,83.9,1,11558.62
1467094478,50182609,16/05/2018,63.7,1,11454.27
4706912989,50182860,28/03/2018,105.0,1,9726.49
9386612908,50182591,26/05/2017,101.7,1,9285.76
2234374849,50182597,15/11/2016,63.7,1,10860.51
9651819900,50182618,03/08/2016,89.8,1,8710.0
1472507467,50182615,24/02/2013,102.2,1,9747.15
3329181192,50182610,14/10/2012,89.8,1,11907.96
9035962922,50182606,11/05/2012,84.5,1,10287.3
4480903655,50182590,09/03/2012,87.0,1,9580.15
9383256919,50182619,02/01/2012,120.0,1,6534.53
4865337691,50182603,18/05/2011,100.1,1,6624.31
4347275781,50182601,24/02/2011,63.7,1,10975.5
1957120859,50182582,30/12/2001,92.0,1,11228.18
2732115580,50180569,20/10/2025,102.0,1,9916.14
4952424907,50180573,07/09/2025,102.0,1,8932.07
5274211015,4503090,09/07/2025,132.0,1,11473.59
8717472413,4496787,21/05/2025,124.0,1,11987.07
6268437009,50180593,08/05/2025,102.0,1,8604.72
1963615682,50180589,06/03/2025,102.0,1,9271.07
1848646589,50178923,02/03/2025,156.0,1,10803.3
5249149497,50180641,20/01/2025,83.0,1,11123.79
5215522555,4503092,30/10/2024,140.0,1,11234.56
4131471620,50180572,01/10/2024,81.0,1,10003.08
7144416676,50180587,01/08/2024,81.0,1,9599.93
6759464388,50180586,26/05/2024,100.0,1,11381.75
9633159947,50180564,13/08/2023,81.0,1,8546.85
1786219362,50180567,02/02/2023,81.0,1,10123.46
8734316743,50178911,30/08/2022,94.0,1,13511.7
7726386096,50180677,04/08/2022,68.0,1,8965.41
5996448794,50180591,03/05/2022,81.0,1,11258.72
5091121745,4496784,14/04/2022,127.0,1,13468.81
1540458045,50178910,08/03/2022,94.0,1,21063.83
7421223477,50180566,14/11/2021,100.0,1,11240.52
5896768537,50178918,08/07/2021,156.0,1,10574.65
3530409468,4503091,14/12/2020,141.0,1,11677.62
8116813417,50180584,13/12/2020,81.0,1,9931.58
5684612025,50180578,22/10/2020,100.0,1,10549.53
6767571310,4496786,11/09/2019,157.0,1,9042.69
9119109220,50178951,14/08/2019,147.0,1,11013.45
2565286598,50178931,22/07/2019,112.0,1,13706.92
5676061344,50178927,04/07/2019,147.0,1,10117.01
7105211647,50180592,17/02/2019,81.0,1,9770.42
5133873945,4496785,19/12/2018,150.0,1,8853.0
7999854612,50180565,02/08/2018,102.0,1,8211.33
5751305181,50178930,22/05/2018,154.0,1,8573.35
3369673605,50180579,23/04/2018,81.0,1,10197.89
1861069299,4497540,28/03/2018,128.0,1,9508.94
7146646080,4496080,10/01/2018,175.0,1,7198.48
5603543953,50178914,06/04/2017,94.0,1,10387.54
4040383098,50178946,23/03/2017,118.0,1,8885.49
9013519407,50178943,23/01/2017,114.0,1,9845.91
3811172664,4503089,04/06/2016,132.0,1,9308.8
4585293502,4536965,11/01/2016,160.0,1,7921.39
4474112203,50178955,02/03/2015,94.0,1,12079.87
7355984565,50178915,07/09/2014,153.0,1,10133.86
3197050698,4497539,23/07/2014,160.0,1,8458.88
2716556944,50178954,29/05/2014,156.0,1,10802.3
5773572974,50178926,08/03/2014,147.0,1,9264.36
1593919742,50180588,10/02/2014,81.0,1,9808.13
3603643151,50180594,29/07/2013,100.0,1,10026.71
2842992693,4536966,05/07/2013,160.0,1,9188.99
3976267662,50180595,03/12/2012,81.0,1,11367.31
4500507239,50180583,14/11/2012,81.0,1,9974.93
4269204379,50180568,23/04/2012,81.0,1,10009.55
9911915119,50180575,15/02/2012,81.0,1,8096.49
4987809496,4496782,02/02/2011,171.0,1,7768.22
7295224094,50180576,21/10/2010,81.0,1,9061.01
9140307375,50178947,11/10/2010,147.0,1,11126.81
7322702115,50180664,06/09/2010,81.0,1,6939.81
9641989630,50178934,14/10/2009,147.0,1,7456.77
2471747918,4503094,14/07/2009,132.0,1,9465.71
7937140443,4497960,24/06/2009,160.0,1,7250.54
1259748202,4496783,24/08/2003,176.0,1,8412.72
9492773444,4503093,11/05/2003,100.0,1,13242.85
5233464853,4497541,17/03/2003,137.0,1,11668.06
5073981624,4497961,03/06/2002,120.0,1,11681.04
8460474466,4515802,17/05/1999,100.0,1,16128.15
5933558476,4497542,06/05/1998,127.0,1,12804.07
2405947168,50178743,23/11/2025,59.6,1,16676.17
3279983025,50178747,05/08/2025,82.0,1,10335.69
5478810958,50178705,08/04/2025,72.6,1,15537.19
8751793166,50178741,30/03/2025,64.4,1,14538.6
8415202111,50178725,12/10/2023,59.6,1,18578.15
3161314732,50178731,07/09/2023,79.8,1,16106.68
3611589130,50178745,21/12/2022,72.2,1,15927.98
3013153990,4540264,22/07/2021,180.0,1,9504.13
7431465962,50178727,08/03/2021,119.5,1,5659.14
5971061801,50178740,10/09/2020,85.6,1,15992.06
6581406025,50178708,23/06/2020,93.1,1,12182.57
5663723157,50178700,26/11/2018,166.0,1,8026.16
3157518013,50178715,21/11/2018,92.6,1,11207.61
5344860967,50178726,22/03/2017,103.65,1,11194.66
1868538198,50178701,15/12/2016,100.7,1,11376.4
5563676784,50178723,30/03/2016,64.5,1,17788.2
4692459654,50178711,02/10/2014,64.4,1,17823.29
3062849484,50178732,04/03/2014,64.4,1,11465.19
1904454407,50178742,19/09/2011,116.9,1,9204.21
8760543410,4501144,13/03/2011,100.0,1,10849.29
1147145880,50178716,07/11/2010,64.4,1,9623.04
6806414202,4516016,14/10/2010,90.0,1,12814.86
8405704703,50178728,12/10/2010,97.5,1,11829.1
8673566601,50178736,30/06/2010,100.0,1,11360.89
4849192047,4540265,15/02/2004,120.0,1,12202.64
1306137043,4540263,01/06/2003,90.0,1,14041.98
1775557562,4501143,06/02/2001,100.0,1,11470.59
8000218184,4536663,23/07/2025,90.0,1,12305.43
4112933039,50183821,21/01/2025,111.95,1,12912.29
3443373586,4537350,03/03/2024,60.0,1,14720.45
7880246769,4500598,12/11/2023,101.0,1,13219.01
5289741590,50183814,26/12/2022,110.75,1,13769.75
8549860116,4537129,27/10/2022,60.0,1,18388.3
8365741043,50183823,19/07/2020,110.75,1,12530.24
1854715368,50183818,23/06/2020,110.75,1,12650.72
1891942430,4551360,05/12/2019,60.0,1,15062.82
3976482909,50183822,29/05/2019,110.75,1,11408.33
6715563815,4537128,14/05/2019,60.0,1,15083.85
8459482625,4501242,19/02/2018,60.0,1,12843.27
3195522268,4540318,29/06/2017,102.0,1,10129.89
9993410566,50183809,12/06/2017,110.75,1,10635.7
9508975080,4499494,05/01/2017,128.0,1,8769.02
9392591256,4501241,03/02/2016,60.0,1,13205.49
9281409943,4537127,29/09/2013,80.0,1,11469.22
4753875195,4500719,25/11/2012,64.0,1,17071.79
4158334309,4500599,01/07/2012,101.0,1,10570.53
4742836967,4536980,02/05/2011,130.0,1,10051.41
9773585837,4500720,25/07/2010,70.0,1,11091.18
7681784321,50183811,05/05/2008,111.95,1,11545.33
8909614229,4540748,11/04/2003,80.0,1,18425.82
5469577668,4500600,03/10/1999,95.0,1,12136.8
1991315894,4500721,28/06/1999,60.0,1,18189.31
9439949080,4540747,20/06/1999,60.0,1,16389.32
8869100310,50181345,04/03/2021,127.0,1,12979.57
1821888537,50181411,14/09/2020,112.7,1,8844.6
3677601777,50181283,20/03/2016,70.0,1,13989.39
4266714857,50181372,15/07/2015,184.0,1,5441.48
8919529349,50181284,18/11/2013,56.0,1,16829.57
7301414450,50181356,05/12/2010,88.0,1,14724.39
4107694799,4538221,05/05/2025,226.0,1,11066.02
9695413651,4536309,19/07/2021,251.0,1,11197.24
7444951102,4504155,05/07/2021,253.0,1,11350.22
5852726312,4496865,26/11/2019,170.0,1,11653.85
6052787589,4500288,07/02/2019,219.0,1,11411.73
1213306752,4497319,24/07/2017,222.0,1,10140.5
6694428469,4497481,29/12/2015,100.0,1,9702.58
2994302661,4497316,16/09/2015,195.0,1,9810.39
7831891198,4538058,12/10/2014,206.0,1,10669.67
6951536258,4496864,14/08/2014,209.0,1,11508.51
6286261341,4497315,21/05/2014,195.0,1,10898.78
2302963573,4500921,07/05/2013,160.0,1,13552.02
4553344044,4568352,24/08/2012,167.0,1,13603.42
3405830949,4497496,23/04/2012,87.0,1,15532.07
7996697187,4536310,27/03/2012,165.0,1,13215.75
8662901454,4500920,03/02/2008,160.0,1,12618.41
1849027800,4495101,07/05/2007,100.0,1,9441.49
2148546349,4497465,11/07/2001,100.0,1,20546.58
2974519167,4504241,10/07/2025,72.0,1,15271.35
2524735923,4498211,19/12/2024,78.0,1,15395.11
2061377480,4498174,04/01/2024,130.0,1,12604.3
1604191356,50184137,18/08/2021,104.8,1,10683.51
3429183785,4536790,10/11/2019,75.0,1,14293.26
8655428704,4540716,01/08/2018,120.0,1,11632.71
5384740114,4498116,16/01/2018,125.0,1,10301.83
1756446071,4498175,19/11/2017,130.0,1,10195.75
5111651486,4496299,24/07/2017,60.0,1,15557.0
5855788577,50184138,04/07/2016,105.3,1,11248.74
3264472415,4498115,31/03/2014,125.0,1,10960.52
7359525298,4496298,25/09/2001,60.0,1,19685.38
9546052989,50184133,26/06/2001,105.3,1,15123.29
5774832423,4536585,02/07/2025,281.0,1,9937.31
2767681764,4497888,07/08/2019,123.0,1,13608.6
3371006728,4496995,03/02/2015,182.0,1,10465.17
4219742216,4499845,28/06/2013,130.0,1,12736.39
6049522150,4496772,30/10/2012,200.0,1,11204.77
5641959597,4536584,23/09/2012,208.0,1,11565.41
7285629951,4500951,22/12/2010,280.0,1,6194.51
6263870414,4496773,24/03/2008,140.0,1,10519.58
5847617577,4496774,10/11/2004,110.0,1,17682.32
2052353104,4496771,07/01/2002,189.0,1,10045.48
3160810053,50176259,13/02/2025,37.99,3,1844.77
4297250271,4502704,06/03/2024,26.0,3,3019.58
6535702968,4502719,01/11/2023,21.0,3,7279.83
8946342827,4502709,24/11/2021,22.0,3,5854.44
2889662522,4502712,19/07/2021,22.0,3,11108.72
4137631664,50176241,05/03/2020,38.77,3,4846.82
3867912171,50176132,16/06/2019,300.0,4,3665.78
7481558185,50176281,21/02/2019,38.48,3,6494.72
1170782879,4502715,12/12/2017,21.0,3,3652.41
7803353371,4502716,30/10/2016,24.0,3,2929.75
5836876455,50176265,07/09/2016,38.85,3,9053.9
1080693395,50176239,17/04/2012,38.57,3,4754.71
1343786054,50176097,14/07/2011,54.9,3,3870.49
2272570057,50176276,02/06/2011,38.41,3,5039.5
1538796977,50176284,04/03/2011,38.71,3,4728.94
7376821026,4507685,19/09/2022,205.0,1,7361.08
3260781769,50178625,21/07/2021,116.0,1,12114.25
7020874590,4501310,27/11/2020,119.0,1,12504.13
4981750910,50178633,14/06/2020,94.4,1,10177.25
1719443238,50178596,20/02/2020,56.6,1,17650.41
1925537349,50178597,18/06/2017,107.0,1,10235.92
6745978546,50178645,02/06/2016,170.0,1,7993.33
4361866812,50178644,27/12/2012,152.6,1,7335.16
9598583893,80856016,10/01/2001,195.0,1,6611.31
6709169228,4494355,01/11/2021,148.0,1,9889.25
5848529686,4537105,27/01/2021,207.0,1,9564.41
1205735754,4495164,28/12/2017,175.0,1,10758.0
3874188507,4500035,13/11/2016,173.0,1,11262.29
3967530142,4500352,28/03/2013,175.0,1,11170.89
5125345012,4496221,17/07/2011,200.0,1,9658.63
5103778778,4537104,21/09/2004,170.0,1,10233.96
3089027909,4537107,21/10/2001,100.0,1,19303.93
8273622267,4495165,28/02/2000,169.0,1,9532.68
4785753255,4500351,27/02/2000,100.0,1,22272.62
6466705357,4515762,22/06/2025,129.0,1,12449.33
5149132693,4537373,03/11/2024,183.0,1,10376.13
2774857850,4536727,09/08/2022,285.0,1,8912.98
6096621270,4537374,08/03/2022,183.0,1,12743.17
2398940610,4499908,30/01/2022,219.0,1,4819.4
4632111665,4496436,09/03/2021,200.0,1,10144.04
4274623864,4501308,14/02/2021,192.0,1,11842.56
3562606771,4551401,28/07/2019,162.0,1,10212.5
8377230768,4497717,26/07/2018,100.0,1,17196.17
1214436178,4496437,20/07/2018,200.0,1,9057.95
4943066950,4516450,11/07/2018,180.0,1,4141.88
4128518912,4503993,23/09/2014,232.0,1,8455.16
1399162248,4505148,08/05/2014,234.0,1,8390.13
3417126558,4536725,21/11/2012,160.0,1,12337.59
8776807595,4551452,05/07/2012,180.0,1,10061.92
4928634476,4497943,07/03/2011,150.0,1,10520.52
8596511342,4496438,03/01/2008,180.0,1,9514.14
8117298950,4536726,30/01/2002,100.0,1,16290.43
7981501809,4496238,05/08/2024,266.0,1,5413.5
5001162298,4497881,15/03/2023,150.0,1,13192.18
5627614617,4551351,15/06/2022,302.0,1,7618.33
5521100343,4498272,16/08/2021,296.0,1,6619.45
4525341087,4499785,19/05/2021,220.0,1,8817.67
8616953678,4499784,16/01/2017,180.0,1,9404.6
2204758561,4503987,23/02/2015,170.0,1,10363.6
5026314855,4497880,02/01/2013,157.0,1,10208.28
9006824607,4495315,06/12/2011,164.0,1,10470.06
5384166457,4498270,06/07/2010,225.0,1,6134.38
2716384865,4495286,30/03/2008,225.0,1,5732.33
5410400304,4536313,29/08/2005,120.0,1,11017.16
1243403558,4503985,29/08/2001,160.0,1,11885.89
6222147364,4496237,17/05/2000,266.0,1,9377.25
1068579470,50179912,18/12/2025,85.0,1,8360.45
1514870325,50179840,29/10/2025,82.0,1,9367.4
3058995838,50179797,08/08/2025,82.0,3,11148.61
4885893317,50179785,16/01/2025,82.0,3,9780.94
1094536943,50179855,07/11/2024,79.1,1,9602.18
7949111244,50179842,20/03/2024,82.0,1,9394.76
6836093682,50179795,23/01/2024,82.0,3,5068.71
3391760638,50179787,26/12/2023,82.0,3,10717.17
6463494766,50179911,05/09/2023,85.0,1,9000.79
8072386532,50179826,24/05/2023,82.0,1,10500.64
8968638242,50179825,09/01/2023,82.0,1,9756.1
2506023070,50179813,12/07/2022,82.0,3,10398.04
4876516107,50179913,08/07/2022,85.0,1,10127.73
4278994719,50179848,28/04/2022,82.0,1,10034.03
3108265188,50179806,15/03/2022,82.0,3,11201.22
1788422427,50179843,23/12/2021,82.0,1,11747.75
5912851134,50179883,22/11/2021,79.1,1,11101.97
2073118167,50179893,22/08/2021,85.0,1,11597.21
5254965561,50179909,04/03/2021,85.0,1,9696.5
3593265406,50179870,18/02/2021,80.4,1,10657.21
5407339991,50179873,08/01/2021,78.6,1,10708.08
8212825464,50179828,02/03/2020,82.0,1,10475.89
3133308913,50179815,09/02/2020,82.0,3,9484.82
6044991061,50179907,07/10/2019,85.0,1,10306.73
2994706039,50179872,16/04/2019,79.8,1,11046.26
9184159767,50179790,10/03/2019,82.0,3,9623.07
7701757670,50179804,20/02/2019,82.0,3,8635.34
9156741342,50179878,01/11/2018,80.4,1,6349.53
6648847842,50179884,12/02/2018,79.8,1,9656.59
3104159644,50179877,21/08/2017,78.6,1,8674.09
7349397068,50179903,14/05/2017,85.0,1,8169.22
9797198389,50179830,07/03/2017,82.0,1,9461.97
3398739394,50179895,21/03/2016,85.0,1,9715.19
3951341754,50179792,14/03/2016,82.0,3,9179.42
8809314796,50179798,30/11/2015,82.0,3,9002.2
4272496843,50179898,12/07/2015,85.0,1,10057.63
9291259116,50179894,10/02/2015,85.0,1,10737.06
2733403133,50179823,18/08/2014,82.0,1,9442.71
5389366252,50179905,30/03/2014,85.0,1,9651.74
4738625756,50179786,26/03/2014,82.0,3,10605.15
6833227794,50179791,10/12/2013,82.0,3,10666.64
7570093218,50179838,31/07/2013,82.0,1,10559.33
8750621980,50179814,19/02/2013,82.0,3,10195.88
8267158594,50179789,03/02/2013,82.0,3,10195.88
9228128886,50179827,21/11/2012,82.0,1,8957.53
5820215571,50179835,21/10/2012,82.0,1,9978.94
7594138194,50179904,16/09/2012,85.0,1,10170.76
1085541265,50179896,05/03/2012,85.0,1,10261.64
8755316896,50179801,22/02/2012,82.0,3,9310.82
4708268076,50179899,12/02/2012,85.0,1,9673.14
1948438747,50179809,22/12/2011,82.0,3,9213.65
3919237811,50179849,06/06/2011,82.0,1,10622.58
1479665189,50179829,27/01/2011,82.0,1,9345.53
2274621745,50179889,22/12/2010,85.0,1,8402.25
1561145789,50179845,22/12/2010,82.0,1,8709.64
3544532406,50179803,11/10/2010,82.0,3,8081.03
8132768462,50179871,24/08/2010,79.1,1,9915.34
3122698996,50179900,05/07/2010,85.0,1,7611.59
5209031573,50179887,14/04/2008,85.0,1,8134.35
8276889675,50179832,16/03/2003,82.0,1,13229.52
3413345500,50175524,02/12/2025,73.7,1,11037.23
3620333199,50177367,26/11/2025,63.0,1,9916.46
7460132298,50180010,24/11/2025,53.0,1,9019.22
5638668939,50179933,24/11/2025,85.0,1,9465.71
9551716188,50176933,27/10/2025,72.1,1,8999.34
6739946648,50177455,21/09/2025,58.7,1,9149.07
4406163770,50179994,11/09/2025,55.0,1,11159.53
6098682200,50177415,03/09/2025,79.5,1,9409.27
5772836466,50177208,01/09/2025,63.0,1,9666.33
9257949776,50179918,31/08/2025,85.0,1,10082.94
3843520841,50177968,28/08/2025,64.5,1,7381.99
2670794331,50177013,26/08/2025,59.5,1,8562.49
1839664591,50177969,26/08/2025,63.3,1,8274.13
7556037331,50177025,11/08/2025,59.5,1,8962.61
1364625204,50180034,23/07/2025,68.0,1,9465.71
8618481994,50180033,22/07/2025,66.0,1,9537.42
5754907515,50177012,21/07/2025,59.5,1,7158.94
1704644828,50179920,14/07/2025,85.0,1,10356.6
1913986480,50176923,22/06/2025,72.1,1,9237.21
6313318572,50176919,12/06/2025,72.1,1,9957.84
9883246544,50175187,11/06/2025,73.7,1,11952.76
1701742713,50177959,06/06/2025,64.5,1,9080.69
9506194199,50177710,01/06/2025,44.0,1,11550.91
7054087202,50180052,29/05/2025,68.0,1,8049.58
7227311466,50177409,23/05/2025,64.6,1,7742.79
6573129138,50175491,27/04/2025,53.0,1,10641.46
2762534220,50175982,21/04/2025,41.6,1,12427.88
1462662013,50175911,21/04/2025,48.1,1,7817.05
2743979833,50177718,08/04/2025,44.0,1,11322.73
5345244461,50176032,06/04/2025,42.4,1,8646.23
9237829063,50177993,03/04/2025,64.5,1,10201.55
7553125806,50177557,01/04/2025,53.5,1,14231.78
5645074782,50176978,31/03/2025,71.5,1,11327.09
9767020565,50176966,27/03/2025,71.5,1,10475.93
2085590828,50177960,19/03/2025,64.5,1,8419.31
4771916712,50180008,13/03/2025,56.0,1,9697.25
6549133587,50177466,09/03/2025,75.0,1,7615.12
4778135241,50176932,14/02/2025,72.1,1,9331.44
8353630924,50177713,13/02/2025,44.0,1,8813.47
8087596668,50177976,12/02/2025,63.3,1,8857.25
4849648377,50175995,12/02/2025,48.1,1,10102.05
3467334225,50175074,26/01/2025,43.7,1,11097.31
1020096610,50176898,23/01/2025,75.3,1,9536.56
9812765117,50177971,21/01/2025,62.9,1,9340.84
4839907777,50177444,16/01/2025,79.5,1,8798.12
9527859303,50177519,08/01/2025,44.0,1,10216.22
4261930973,50175992,03/01/2025,41.6,1,11433.33
9692004065,50177709,08/12/2024,44.0,1,11513.53
3285921738,50175067,24/11/2024,43.7,1,9559.33
1100300676,50177512,17/11/2024,44.0,1,11867.7
6687501835,50178001,13/11/2024,64.5,1,6918.22
4701804758,50175048,15/10/2024,43.7,1,11451.91
5234604088,50176991,19/09/2024,59.5,1,9661.03
2417249936,50177004,15/09/2024,59.5,1,9500.02
2819194136,50177040,12/09/2024,59.5,1,9097.47
5988878807,50175029,10/09/2024,64.5,1,11585.75
6630068558,50177727,03/09/2024,44.0,1,12084.53
2646952322,50177467,21/08/2024,71.4,1,8268.85
5511804163,50180058,19/08/2024,53.0,1,11501.81
5890991661,50177388,01/08/2024,63.0,1,9599.93
8472248575,50177005,21/07/2024,59.5,1,9267.86
9654024806,50177472,15/07/2024,65.8,1,16032.28
1027603652,50175967,27/06/2024,41.6,1,8778.06
7887367265,50175525,09/06/2024,73.0,1,11847.53
9407127959,50175949,06/06/2024,41.6,1,11053.43
5572710294,50177955,04/06/2024,64.5,1,10056.63
5696275781,50177972,16/05/2024,62.9,1,9671.2
5749381298,50177982,21/04/2024,64.5,1,8082.8
2032701102,50180009,14/04/2024,55.0,1,11516.45
7214911891,50177702,09/04/2024,44.0,1,6976.31
7841457822,50178004,08/04/2024,63.3,1,8159.06
8385109383,50177723,04/04/2024,44.0,1,11073.51
8403957434,50179925,04/03/2024,85.0,1,8255.0
6996894155,50177988,27/02/2024,63.3,1,6719.79
2819534865,50176938,22/02/2024,72.1,1,9604.03
9318291905,50175075,25/01/2024,43.7,1,11888.86
9483050508,50175523,23/01/2024,73.7,1,10845.28
8497825834,50176976,20/12/2023,71.5,1,10313.16
9560119689,50175062,26/11/2023,43.7,1,12593.93
2329602849,50177983,23/11/2023,64.5,1,9954.74
4570328528,50175282,19/10/2023,62.2,1,4940.27
1692725834,50180011,26/09/2023,56.0,1,9472.26
7504554485,50175083,11/09/2023,43.7,1,14589.38
6832916375,50177478,18/08/2023,58.7,1,10232.84
9691742930,50175094,14/08/2023,48.7,1,8362.06
4971070809,50180042,08/08/2023,68.0,1,10779.68
1270928726,50175357,30/07/2023,97.5,1,7744.76
3022506147,50177563,30/07/2023,53.5,1,8364.02
2168171751,50176878,27/07/2023,71.5,1,11521.13
5288739174,50175968,18/07/2023,48.1,1,8457.29
8797439792,50175105,05/07/2023,48.7,1,10441.36
6716093784,50175999,21/06/2023,39.7,1,13294.61
9425677956,50180021,20/06/2023,66.0,1,7996.91
6969025142,50175977,08/06/2023,48.1,1,10128.82
2745957028,50180039,01/06/2023,66.0,1,13071.87
4598448396,50180059,29/05/2023,56.0,1,8682.88
6636143080,50175064,18/05/2023,43.7,1,11010.9
5178820644,50180055,20/04/2023,53.0,1,9214.13
2073206540,50177474,28/03/2023,58.7,1,9387.83
5802547313,50175061,24/03/2023,43.7,1,10775.99
9908267444,50177385,15/03/2023,63.0,1,8588.04
2158899908,50177020,08/03/2023,59.5,1,10103.58
3872299859,50176947,15/02/2023,72.1,1,9708.74
6715462064,50175997,08/02/2023,41.6,1,9014.42
8350120400,50175945,06/02/2023,41.6,1,6726.44
7443824750,50176034,06/02/2023,42.4,1,11320.75
7541764870,50175093,30/01/2023,48.7,1,10061.6
5622336269,50180007,25/01/2023,53.0,1,12264.15
4236437150,50177953,17/01/2023,62.9,1,11049.28
1988176540,50175513,11/01/2023,73.0,1,11506.85
8342828882,50175991,11/01/2023,48.1,1,9667.36
4167430664,50179940,08/01/2023,85.0,1,8235.29
5093135112,50175471,06/12/2022,36.8,1,4585.6
2827386397,50177431,05/12/2022,79.5,1,7924.53
8767874177,50176934,02/12/2022,72.1,1,7489.6
1369836883,50177223,20/11/2022,63.0,1,8524.42
6051190950,50176993,15/11/2022,59.5,1,9261.61
7071656122,50177058,14/11/2022,71.5,1,7903.4
7320825064,50177515,14/11/2022,44.0,1,12524.22
5404849708,50177435,13/11/2022,81.7,1,9442.99
2008340789,50177428,06/09/2022,79.5,1,9870.33
4591088084,50177987,15/08/2022,64.5,1,7876.59
4418685053,50177389,10/08/2022,63.0,1,9999.52
6474068670,50177432,26/06/2022,40.9,1,12784.71
1462166684,50177516,19/06/2022,44.0,1,12359.32
2695886993,50177728,17/06/2022,44.0,1,8556.45
5174896689,50176902,31/05/2022,75.3,1,10899.87
1033696776,50177957,18/05/2022,63.3,1,10637.64
8571737400,50179998,16/05/2022,53.0,1,8803.44
7780570021,50177471,16/05/2022,71.4,1,8836.78
6078583170,50177527,08/05/2022,44.0,1,10363.14
2453697260,50177354,27/04/2022,63.0,1,10087.26
7603530432,50175508,27/04/2022,73.7,1,10282.68
5533521323,50175464,14/04/2022,35.5,1,6551.53
8896460184,50175996,13/04/2022,41.6,1,7807.35
1433563733,50175030,25/03/2022,64.5,1,9209.3
9444898286,50177209,24/03/2022,63.0,1,11349.21
5083500697,50177965,23/03/2022,63.3,1,11295.42
3446120692,50175529,23/03/2022,73.0,1,12205.48
3445986537,50179938,16/03/2022,85.0,1,9705.88
9179250578,50176904,07/03/2022,77.6,1,10631.44
3004193884,50177559,28/02/2022,53.5,1,11213.42
5502388846,50175063,27/02/2022,43.7,1,13600.99
2433098478,50176989,16/02/2022,59.5,1,9709.22
1347145359,50176018,10/02/2022,40.5,1,11246.75
3620825127,50180062,31/01/2022,56.0,1,11590.57
3928409357,50180047,20/01/2022,83.0,1,10268.19
2077718016,50180017,18/01/2022,66.0,1,9919.94
6474678396,50176922,06/01/2022,72.1,1,11507.4
8061282630,50177382,19/12/2021,63.0,1,8191.46
2029446366,50177215,14/12/2021,63.0,1,10830.92
3272776995,50177561,25/11/2021,53.5,1,12037.16
8468345202,50177380,18/11/2021,63.0,1,10779.6
2536929477,50175104,17/11/2021,48.7,1,8415.0
9927104454,50180162,11/11/2021,66.0,1,9136.47
4505158977,50177395,04/11/2021,63.0,1,10222.03
6884892632,50178005,30/10/2021,64.4,1,9244.92
4535781057,50177452,27/10/2021,58.7,1,11968.31
5956298301,50177392,20/10/2021,63.0,1,11850.75
6101476865,50177473,20/10/2021,58.7,1,11562.6
1059855306,50177374,19/10/2021,63.0,1,11529.44
3771461852,50175970,01/10/2021,41.6,1,9875.17
7529744216,50179922,14/09/2021,85.0,1,7528.69
7931439057,50177019,12/09/2021,59.5,1,10450.87
1156364044,50177217,13/08/2021,63.0,1,6761.06
6293085431,50177352,25/07/2021,63.0,1,12025.63
3320604362,50176992,25/07/2021,59.5,1,8317.54
9872971086,50177375,14/07/2021,63.0,1,9601.11
5135652984,50180000,12/07/2021,55.0,1,11108.72
4258289657,50177379,08/07/2021,63.0,1,11249.79
8498646796,50176965,10/06/2021,71.5,1,11068.63
5202890332,50179931,27/05/2021,85.0,1,10748.52
2192656652,50177523,25/05/2021,44.0,1,11662.08
5921298422,50175072,09/05/2021,43.7,1,11455.75
2288621254,50176985,19/04/2021,59.5,1,10570.65
9903736159,50177376,14/04/2021,63.0,1,6988.38
4007822913,50180066,06/04/2021,55.0,1,6792.7
3494186236,50177115,06/04/2021,44.4,1,8499.38
6205013553,50175101,31/03/2021,48.7,1,10414.82
4297597487,50176023,23/03/2021,53.0,1,8253.99
2381294490,50177698,09/03/2021,44.0,1,12247.77
5282367230,50177222,03/03/2021,63.0,1,8050.82
4319095242,50176024,24/02/2021,42.4,1,10301.18
8293417536,50180064,31/01/2021,53.0,1,8795.24
2101784618,50177966,20/01/2021,63.3,1,8693.73
6075319158,50175994,17/01/2021,48.1,1,7268.41
3557789451,50176959,07/01/2021,71.5,1,10322.61
6570028742,50180051,05/01/2021,83.0,1,7020.29
1354357519,50175940,11/12/2020,48.1,1,9441.36
8805545915,50176967,01/12/2020,71.5,1,9617.93
7729260114,50177391,30/11/2020,63.0,1,9841.22
2189565219,50177038,09/11/2020,59.5,1,7348.92
1608346530,50179919,03/11/2020,85.0,1,10288.49
8985572742,50179943,11/10/2020,85.0,1,9761.63
2687958882,50175034,11/10/2020,64.5,1,9597.07
6108045297,50177985,17/09/2020,63.3,1,11967.74
5899380664,50176006,17/09/2020,41.6,1,9584.49
8123672954,50180068,15/09/2020,56.0,1,12412.37
7313209334,50177460,10/09/2020,58.7,1,7924.48
8452831911,50177524,18/08/2020,44.0,1,10452.71
7122653634,50180037,06/08/2020,66.0,1,9089.31
7900518261,50176001,05/08/2020,41.6,1,12177.35
3882937772,50176996,16/06/2020,59.5,1,6727.82
3546283159,50175050,04/06/2020,43.7,1,10992.36
7026969637,50176014,02/06/2020,43.8,1,8530.09
9815034836,50180028,27/05/2020,68.0,1,9909.05
7225445993,50175089,17/05/2020,48.7,1,9408.51
4944831856,50177956,19/03/2020,64.5,1,8219.82
7253819202,50176867,01/03/2020,71.5,1,12202.03
9339305301,50177353,25/02/2020,63.0,1,9578.27
3376270534,50177041,20/02/2020,59.5,1,10840.34
9385783043,50177360,12/02/2020,63.0,1,9578.27
4273459632,50177707,26/01/2020,44.0,1,11591.93
2823240268,50177716,10/12/2019,44.0,1,11802.95
7665137151,50175319,21/11/2019,32.9,1,10723.66
3534415967,50175099,10/11/2019,48.7,1,10588.15
5283010327,50177724,19/09/2019,44.0,1,9927.99
5419398227,50177024,18/09/2019,59.5,1,9177.13
6112349767,50175019,21/08/2019,64.9,1,9936.01
4323697314,50180022,28/07/2019,83.0,1,7431.46
4789544767,50177462,10/07/2019,58.7,1,9293.62
8171086310,50176970,07/07/2019,71.5,1,9872.81
3346913439,50175025,27/06/2019,64.9,1,8260.71
1574202174,50175927,30/05/2019,48.1,1,10992.43
4988879913,50175527,03/04/2019,73.7,1,8970.41
3776112508,50179993,25/03/2019,56.0,1,11866.05
4459246889,50177450,13/03/2019,58.7,1,9669.38
5009424148,50176857,18/02/2019,71.5,1,10291.84
1326074250,50180002,17/02/2019,56.0,1,12148.74
4973138113,50176975,21/01/2019,71.5,1,10909.02
2515824189,50179996,10/01/2019,56.0,1,10322.0
7165808963,50177153,01/01/2019,28.8,1,11969.79
6631645139,50175084,01/01/2019,43.7,1,10996.17
2017232050,50177984,20/12/2018,63.3,1,7703.28
8588312531,50175989,18/12/2018,41.6,1,5235.19
7130241793,50180067,04/12/2018,53.0,1,11082.82
1512908423,50177427,28/11/2018,79.5,1,8114.9
8332919335,50176883,20/11/2018,71.5,1,10788.2
9392047233,50177366,14/11/2018,63.0,1,10017.61
1672031506,50176984,08/11/2018,59.5,1,9428.34
7712906488,50177044,06/09/2018,59.5,1,8580.09
8276622868,50177083,03/09/2018,59.5,1,9990.54
3132393878,50175040,28/08/2018,64.9,1,9141.27
1273316607,50176013,20/08/2018,53.0,1,8428.23
8865561977,4496631,12/08/2018,260.0,3,7978.25
4065789857,50176931,10/08/2018,72.1,1,9293.26
5057119410,50177437,09/08/2018,81.7,1,7688.7
3484227582,50180076,03/08/2018,53.0,1,7901.46
6630443526,50177461,30/07/2018,58.7,1,8190.26
1970135422,50176890,12/07/2018,75.3,1,9808.39
6253398940,50176891,10/07/2018,77.6,1,9876.83
4560381696,50176952,05/07/2018,71.5,1,4580.14
5911290610,50175531,04/06/2018,73.7,1,11278.56
6038347778,50177006,16/05/2018,59.5,1,9109.51
5136027802,50179929,10/05/2018,85.0,1,8910.97
5108509506,50176872,30/04/2018,71.5,1,9203.12
1844180589,50177442,12/04/2018,79.5,1,9157.55
7250831907,50175535,29/03/2018,73.7,1,10250.59
2743512804,50177206,22/03/2018,63.0,1,7772.31
3814711418,50180030,15/03/2018,68.0,1,6789.34
7148931491,50179999,04/03/2018,56.0,1,9493.32
6524552727,50177992,26/02/2018,63.3,1,9517.63
9675795243,50180048,25/02/2018,68.0,1,7608.09
6570145169,50177177,04/02/2018,71.5,1,8720.03
8163776788,50176870,22/01/2018,71.5,1,9788.14
9650123876,50175091,03/01/2018,48.7,1,9915.77
2899014268,50175263,16/11/2017,63.3,1,7590.44
7963120388,50177097,15/11/2017,59.5,1,5801.16
3243920381,50176036,15/11/2017,42.4,1,10420.19
8159991799,50176742,26/10/2017,68.3,1,7372.32
2693162703,50175085,20/10/2017,43.7,1,9732.83
4068457167,50176927,17/10/2017,72.1,1,7611.73
2056550587,50177396,27/09/2017,63.0,1,9144.56
5263132146,50177363,05/09/2017,63.0,1,8643.78
5700233344,50176998,22/08/2017,59.5,1,8847.86
4413758196,50177986,21/08/2017,64.5,1,7737.98
4147911010,50176002,09/08/2017,48.1,1,9097.02
3574597872,50177556,27/07/2017,53.5,1,10776.15
9582996566,50175026,19/07/2017,64.5,1,7661.45
7677833000,50175980,16/07/2017,48.1,1,8846.77
3367472027,50175528,10/07/2017,73.7,1,10616.36
8550110182,50176941,07/07/2017,72.1,1,6473.09
7984781985,50177726,18/06/2017,44.0,1,7514.53
7955632462,50177377,11/06/2017,63.0,1,7894.24
3234143650,50175024,01/06/2017,64.5,1,8543.66
2582679316,50177981,29/05/2017,63.3,1,5484.86
7242748378,50177998,07/05/2017,64.5,1,8504.85
8809540632,50176020,30/04/2017,42.4,1,8224.64
3657640010,50177717,27/04/2017,44.0,1,6086.83
6738813290,50177383,04/04/2017,63.0,1,7727.29
9327160722,50175077,23/03/2017,43.7,1,8957.34
4722105672,50175283,23/03/2017,52.5,1,10251.88
2851907018,50177520,14/03/2017,44.0,1,8896.26
1335133301,50176004,05/03/2017,41.6,1,8569.37
5235446498,50177358,05/03/2017,63.0,1,8876.09
4590060888,50177994,01/03/2017,64.5,1,9590.82
2889489962,50175964,22/02/2017,41.6,1,9453.66
8172296550,50179939,18/01/2017,85.0,1,8471.2
3309990642,50177560,09/01/2017,53.5,1,8708.71
3636021850,50179941,08/01/2017,85.0,1,8803.41
7849296483,50177522,26/12/2016,44.0,1,9643.12
3497897585,50180069,25/12/2016,55.0,1,9514.55
7342801810,50179944,22/12/2016,85.0,1,7487.6
9299508629,50175477,13/12/2016,53.0,1,8005.61
9654522313,50177373,06/11/2016,63.0,1,6947.28
2903012410,50177219,04/11/2016,63.0,1,7171.39
6426694265,50177952,02/11/2016,62.9,1,6711.42
4743877442,50177562,31/10/2016,53.5,1,5257.12
6711923334,50177470,31/10/2016,65.8,1,6411.62
8013456263,50179936,14/10/2016,85.0,1,8603.13
2334043525,50176879,22/09/2016,71.5,1,11610.02
2656298468,50176957,08/09/2016,71.5,1,8756.71
8587674538,50175975,28/08/2016,41.6,1,8204.45
5052562914,50180031,05/07/2016,35.0,1,14029.31
7697788889,50175244,01/07/2016,62.2,1,4616.55
1296774511,50179937,28/06/2016,85.0,1,7568.15
4678632327,50175021,01/06/2016,64.9,1,9577.95
2618616495,50176884,25/04/2016,71.5,1,8968.97
3224849507,50180257,15/04/2016,35.0,1,11659.66
9509526343,50177553,13/03/2016,53.5,1,8387.0
9740627634,50180074,01/03/2016,56.0,1,15659.76
7255831021,50177035,15/02/2016,59.5,1,9956.23
3818833070,50176746,25/01/2016,68.3,1,6745.91
1229758934,50180038,18/01/2016,35.0,1,12035.19
1518155758,50176900,22/11/2015,77.6,1,10677.44
2389211760,50177706,22/11/2015,44.0,1,8867.75
1659811543,50180036,17/11/2015,68.0,1,9194.02
4467203469,50177995,08/11/2015,63.3,1,7139.76
9028797625,50177211,30/08/2015,63.0,1,7339.01
7067184521,50177221,27/08/2015,63.0,1,8562.18
4880485530,50180001,25/08/2015,53.0,1,11631.64
3381193577,50175520,20/08/2015,73.7,1,11187.76
6035621450,50177434,16/08/2015,48.7,1,7753.43
9161532814,50177714,04/08/2015,44.0,1,10683.27
8158611726,50180073,23/06/2015,53.0,1,9760.01
5736859913,50180023,22/06/2015,35.0,1,13014.74
8837354099,50175223,17/06/2015,42.6,1,7793.1
8613753958,50175096,14/06/2015,48.7,1,10146.18
6538804211,50177441,20/05/2015,64.6,1,7728.64
7172412964,50177447,20/05/2015,79.5,1,6967.02
7297840253,50176988,19/05/2015,59.5,1,9046.65
9174269348,50180004,19/04/2015,53.0,1,12466.61
9380092445,50177701,31/03/2015,44.0,1,9677.62
1251518672,50176901,03/03/2015,75.3,1,9843.75
9945211568,50175227,18/02/2015,42.6,1,6967.36
2855545986,50179934,12/02/2015,85.0,1,8029.45
2196467082,50177722,04/02/2015,44.0,1,10821.94
4798373323,50175041,07/01/2015,64.5,1,6461.2
2625026557,50180040,04/12/2014,68.0,1,8778.43
1126575984,50179991,30/11/2014,55.0,1,11364.26
8722854604,50177026,26/11/2014,59.5,1,9686.22
2891749779,50177016,25/11/2014,59.5,1,8185.54
4489514075,50177414,04/11/2014,79.5,1,5717.87
5760144401,50175049,28/10/2014,43.7,1,13039.81
1150391970,50177514,20/10/2014,44.0,1,10915.76
2551061896,50175925,23/09/2014,41.6,1,8644.86
5660131802,50177036,10/08/2014,59.5,1,9690.89
1927640823,50175934,07/08/2014,41.6,1,8395.66
7192957926,50177364,30/07/2014,63.0,1,10192.6
4489783406,50177477,28/07/2014,58.7,1,6451.35
6798684474,50177092,02/07/2014,59.5,1,7194.78
9616071581,50175971,26/06/2014,39.7,1,8237.46
4667153044,50175973,11/06/2014,48.1,1,9518.46
2146537444,50176012,23/04/2014,43.8,1,8336.48
7596970098,50176748,08/04/2014,68.3,1,6458.36
9794217401,50177357,23/03/2014,63.0,1,9115.54
1077079097,50177009,06/03/2014,59.5,1,11719.97
4243474800,50177979,03/02/2014,64.5,1,7056.72
5742999959,50176889,19/01/2014,75.3,1,9067.37
1940623965,50176858,29/12/2013,71.5,1,11762.56
6060829892,50175059,05/12/2013,43.7,1,9622.69
7162269425,50176936,26/11/2013,72.1,1,9185.39
3654759873,50176974,07/11/2013,71.5,1,10806.21
1900014051,50175088,15/10/2013,48.7,1,12920.07
8991496801,50176874,09/10/2013,71.5,1,11090.54
7481048450,50175160,08/10/2013,73.0,1,13460.24
6007316744,50175038,19/08/2013,64.9,1,7435.03
4577238030,50175020,07/08/2013,64.5,1,10286.56
2190728626,50177429,21/07/2013,79.5,1,9802.24
6300056558,50177410,01/07/2013,79.5,1,7613.08
3701354317,50177372,11/06/2013,63.0,1,9820.96
4960938974,50176960,02/05/2013,71.5,1,10232.01
6463798029,50176880,22/04/2013,71.5,1,10455.76
5125790058,50176871,07/04/2013,71.5,1,9957.87
7341713349,50176869,13/03/2013,71.5,1,8202.4
4687086795,50175047,07/03/2013,43.7,1,12769.72
9959943361,50177164,07/01/2013,71.5,1,6283.29
7651770012,50177974,14/12/2012,64.5,1,8313.22
9746243784,50176903,06/12/2012,77.6,1,10795.16
4097041007,50176734,29/11/2012,67.1,1,7115.29
5641859665,50176726,14/11/2012,68.3,1,7124.71
4169294494,50177430,08/11/2012,79.5,1,6236.47
9889932823,50180132,06/11/2012,53.0,1,8661.76
4948381548,50175031,01/11/2012,64.5,1,5978.63
1823146484,50176886,21/10/2012,75.3,1,10619.87
8877761792,50176921,10/09/2012,72.1,1,10426.51
3603144645,50177963,03/08/2012,64.5,1,9245.58
3730064502,50177704,24/07/2012,44.0,1,9965.64
8563698048,50175103,01/07/2012,48.7,1,5089.14
1487827796,50177978,19/06/2012,64.5,1,8930.17
9485925365,50180077,10/06/2012,56.0,1,8399.94
9999849735,50177975,03/06/2012,64.5,1,10120.86
8935455628,50177355,03/06/2012,63.0,1,9447.55
4532090421,50177218,20/05/2012,63.0,1,7358.95
8774928262,50177425,17/05/2012,64.6,1,6728.15
4785069041,50176753,16/05/2012,67.1,1,7053.25
1564610465,50176982,16/04/2012,59.5,1,8110.98
2735418436,50176973,28/03/2012,71.5,1,10030.41
9738030972,50179989,15/03/2012,53.0,1,10971.56
9888513052,50176911,26/01/2012,77.6,1,9726.01
8044327828,50175998,17/01/2012,48.1,1,5909.6
9510682218,4498200,11/01/2012,883.0,3,5106.26
3973253441,50176930,15/12/2011,72.1,1,8981.8
2817849161,50177408,24/11/2011,64.6,1,7131.34
1089356131,50177387,23/11/2011,63.0,1,7779.2
2143161768,50176003,20/11/2011,41.6,1,10838.52
9845420154,50177426,13/11/2011,79.5,1,10110.02
1344793085,50177996,24/10/2011,63.3,1,8003.88
6349394961,50175098,21/09/2011,48.7,1,7833.28
4758896489,50175053,19/09/2011,43.7,1,8953.37
9162521856,50177991,28/08/2011,62.9,1,8320.25
7131947563,50176914,27/07/2011,75.3,1,7567.85
6776969778,50180045,09/06/2011,35.0,1,13826.22
1704722049,50177381,31/05/2011,63.0,1,7739.18
2207571074,50176005,26/05/2011,48.1,1,3649.16
1947106266,50176912,25/05/2011,77.6,1,10304.28
8661427918,50177475,11/04/2011,58.7,1,6347.47
3707489798,50177152,06/04/2011,44.4,1,8060.56
8003779950,50177413,13/03/2011,79.5,1,6947.51
5701153626,50175518,09/02/2011,73.0,1,10507.61
9196415114,50177412,27/01/2011,79.5,1,5073.38
1475787160,50177030,20/12/2010,59.5,1,8402.25
7646490971,50177212,13/12/2010,63.0,1,7773.51
4145775032,50179990,01/12/2010,56.0,1,10020.54
1173994974,50180135,30/11/2010,53.0,1,5612.59
6943172863,50176948,03/11/2010,72.1,1,6589.76
2303002288,50175976,03/11/2010,48.1,1,7515.71
3616721641,50175533,07/10/2010,73.0,1,8330.45
4762142483,50177962,13/08/2010,63.3,1,7733.41
5994218674,50177027,25/07/2010,59.5,1,7792.82
1028023127,50176916,13/07/2010,77.6,1,8198.48
6574129861,50179997,07/07/2010,55.0,1,8704.89
2736064715,50177394,10/06/2010,63.0,1,7282.62
8836688620,50177445,10/06/2010,79.5,1,6320.77
8463058316,50177386,09/06/2010,63.0,1,7282.62
5982043470,50177465,17/05/2010,58.7,1,5600.14
6387216882,50175966,16/05/2010,41.6,1,9292.9
4205965076,4373041,08/03/2010,55.0,1,7412.19
7833871528,50175330,11/12/2009,81.3,1,7164.13
6843382280,50175095,16/09/2009,48.7,1,9567.69
7804598474,50176000,03/08/2009,41.6,1,8989.92
7377167102,50177046,02/04/2009,59.5,1,8995.75
3098473276,50177721,04/02/2009,44.0,1,7801.18
1647572941,50175961,22/12/2008,39.7,1,8434.7
8250049934,50175037,26/11/2008,64.5,1,4782.43
6953797084,50175180,20/12/2007,73.0,1,5833.51
7354586628,50177997,12/03/2006,64.5,1,7189.08
1134765795,50175022,09/02/2005,64.5,1,8831.05
9896883605,50175159,30/12/2004,73.0,1,7373.05
9272580356,50175054,28/12/2004,43.7,1,15430.15
5281470240,50175039,16/06/2004,64.5,1,10009.15
6684831365,50176025,04/03/2004,41.8,1,8241.15
6983824821,50175303,17/12/2003,62.2,1,8083.46
3267778199,50176913,30/01/2003,75.3,1,11703.19
3104393437,50175984,17/01/2003,48.1,1,17143.76
6752490117,50175184,28/10/2002,73.0,1,7878.48
6834323596,50176877,14/01/2002,71.5,1,11951.46
5819399285,50175317,10/09/2001,42.6,1,16911.37
3944614082,50175510,08/05/2001,73.0,1,14610.23
1118043188,50175023,17/01/2001,64.9,1,9172.69
6948033549,50175972,17/08/2000,39.7,1,12010.34
4311774279,50175983,14/04/2000,41.6,1,12870.25
3931169215,4373058,25/01/2000,59.0,1,13734.81
6233950739,50175172,28/10/1998,73.0,1,11338.78
2085782324,50175315,08/02/1998,62.2,1,12899.4
5330663549,50185614,22/01/2024,99.9,1,11651.42
9226157494,50185633,17/12/2023,82.3,1,13869.26
5124402589,50185602,05/09/2023,81.5,1,14519.07
3692839967,50185600,28/10/2022,99.9,1,12851.23
9652420136,50185631,01/08/2022,126.7,1,6415.66
8618022860,50185644,16/03/2022,102.4,1,13696.29
4345156564,50185642,24/03/2021,72.7,1,13778.87
8766117460,50185613,13/06/2019,82.3,1,11525.16
9310729555,50185624,28/01/2019,99.9,1,11851.06
1571879394,50185632,03/06/2018,81.5,1,10879.09
5241012400,50185616,03/05/2017,126.7,1,10741.84
9583462795,50185627,01/09/2016,81.5,1,10789.7
1941865416,50185609,10/06/2015,99.9,1,12983.61
6264389742,50185636,26/01/2015,126.7,1,11891.89
2515302769,50185638,02/05/2014,82.3,1,12225.84
7142530462,50185611,12/06/2013,126.7,1,12311.55
3756332266,50185596,05/04/2012,99.9,1,12946.72
2714057313,50185623,11/09/2011,82.3,1,13549.19
2459327266,50185595,04/05/2011,82.3,1,13033.43
1350347021,50185617,16/02/2011,81.5,1,12254.85
9121423964,50185635,23/01/2011,110.4,1,12421.5
9689750486,4498987,04/08/2021,120.0,1,8113.27
7016462743,4538751,09/07/2020,126.0,1,13025.8
2960579011,4537818,27/06/2019,124.0,1,11751.19
4939901248,4537820,20/10/2014,100.0,1,15141.45
7924949491,4510860,08/02/2012,150.0,1,10767.13
7785943826,4537819,02/02/2009,120.0,1,12585.91
8223912019,50183900,05/03/2024,60.0,1,9322.95
4237538092,4501003,18/02/2024,60.0,1,8325.9
3269151497,4515728,10/01/2024,60.0,1,7709.89
8692198482,4536318,09/12/2015,180.0,1,11378.65
8454100244,4496666,04/09/2014,227.0,1,10326.47
7780350215,4497306,22/03/2011,200.0,1,10553.4
1998020133,4537215,24/05/2010,248.0,1,10604.14
1932832781,4501263,09/03/2005,200.0,1,13405.96
2563077319,4499048,16/12/2025,60.0,1,16581.56
9943816533,4500206,18/11/2024,68.0,1,12565.8
6648280658,4500451,28/01/2021,110.0,1,13949.11
8489896501,4501189,20/01/2019,95.0,1,10922.86
9914723556,4500207,19/05/2016,70.0,1,12442.97
7190477630,4500209,07/09/2011,60.0,1,14020.24
4752094080,4496990,16/06/2008,60.0,1,10084.36
5011673576,4505486,29/02/2024,166.0,1,9772.97
4720110766,4498918,20/10/2022,152.0,1,9898.01
8123817615,4495161,02/09/2022,122.0,1,10719.83
1350301439,4508011,15/12/2021,180.0,1,11722.88
2149446831,4502617,10/08/2021,165.0,1,10178.47
4266509110,4502569,20/11/2019,99.0,1,16859.14
3695720612,4508169,06/10/2019,105.0,1,17372.69
8834321866,4507193,16/06/2019,160.0,1,12887.51
8718168380,4502616,09/11/2018,165.0,1,9222.28
2251302249,4509029,05/11/2017,212.0,1,7815.14
2681273734,4508344,11/06/2017,162.0,1,8971.83
8031219741,4508173,11/05/2017,110.0,1,11993.89
5912484128,4498126,09/04/2017,131.0,1,10648.08
3980542582,4495117,01/08/2016,100.0,1,9954.74
9488847603,4496185,03/12/2015,129.0,1,9850.81
7016099638,4507192,19/08/2015,151.0,1,13013.38
2579572760,4536565,23/06/2015,230.0,1,6310.76
8007132365,4509028,16/06/2015,179.0,1,9273.36
5993047810,4500299,10/11/2014,177.0,1,11465.15
6512493095,4500707,17/11/2013,278.0,1,7299.47
2036888696,4508431,25/10/2013,330.0,1,6393.94
7485389866,4501398,13/08/2013,111.0,1,14749.25
2697840436,4506294,08/05/2012,148.0,1,12791.16
3091533388,4502568,04/04/2012,90.0,1,14692.6
3637905620,4508106,26/12/2011,120.0,1,12264.92
2127953268,4494968,20/11/2011,101.0,1,13528.41
4624230642,4497365,07/02/2011,150.0,1,11385.99
2976297636,4508105,16/11/2010,180.0,1,7057.97
4103347999,4497341,04/11/2008,186.0,1,9573.62
8921061054,4497366,04/08/2008,160.0,1,8881.53
3073210089,4536566,28/05/2008,128.0,1,9888.74
1116075015,4507623,31/01/2007,100.0,1,10760.04
7661346538,4496186,30/06/2006,140.0,1,7690.46
9590120228,4501397,14/03/2005,75.0,1,14233.11
5402610372,4500706,31/07/2003,250.0,1,6784.71
4674056181,4516081,09/02/2003,116.0,1,12211.94
1006513297,4538062,31/05/2020,66.0,1,14905.61
2086402300,4500374,11/05/2017,60.0,1,11897.1
4932043766,4501312,30/03/2011,100.0,1,11835.59
5210329943,4503959,12/10/2010,60.0,1,11009.13
9109517640,4538063,16/12/2009,76.0,1,7657.49
1866476510,4538061,17/12/2000,60.0,1,17192.08
6448489442,4499965,25/06/2023,243.0,1,8562.69
4467156947,4514650,24/04/2023,182.0,1,12282.03
3341738355,4501089,29/07/2019,180.0,1,9815.68
2442850910,4537392,03/01/2019,180.0,1,8627.92
8004823150,4496988,12/12/2018,287.0,1,6365.19
2018930146,4510519,02/08/2018,172.0,1,9333.22
9384399770,4538001,11/07/2018,170.0,1,10492.47
7438821648,4498095,26/04/2018,160.0,1,9354.08
6800417173,4514652,14/02/2018,182.0,1,9499.66
6546230040,4496894,01/04/2015,178.0,1,9712.98
8060290589,4497936,14/10/2014,170.0,1,12737.59
1167552680,4497927,02/02/2014,150.0,1,12137.56
1766102530,4516448,11/12/2013,239.0,1,8797.32
5613715911,4496559,08/07/2013,196.0,1,9718.89
8359263540,4498254,24/06/2013,163.0,1,12296.35
9832558952,4496944,13/05/2012,190.0,1,9455.29
8429042189,4537391,27/06/2011,260.0,1,6700.4
9055590575,4499988,01/12/2010,163.0,1,8888.27
6551451970,4498094,17/11/2008,160.0,1,8132.3
2683274190,4538002,05/12/2007,100.0,1,17280.09
1367372047,4514651,05/07/2001,162.0,1,13834.37
7996499674,4500711,31/01/2000,130.0,1,14120.31
5574316839,50181269,14/11/2024,135.0,1,11357.82
9340367731,4536568,08/10/2024,99.0,1,11072.93
5971097653,50178545,10/07/2024,66.2,1,6736.33
3322869292,50181279,21/03/2024,89.6,1,18619.62
9129193277,4499585,31/05/2023,133.0,1,9520.71
5068473264,50181264,21/03/2023,110.0,1,15848.84
5124179128,4498143,10/10/2021,124.0,1,12003.48
6469264301,50181280,21/03/2021,56.0,1,20378.64
2816474352,4499584,24/01/2021,133.0,1,9735.75
6001397941,50178538,01/04/2020,54.5,1,6242.79
7950562982,50181248,19/02/2020,96.0,1,13828.62
1259801991,4501381,18/07/2019,120.0,1,9811.87
2581603039,50178337,10/07/2019,27.9,3,27659.48
7315681499,50178338,10/07/2019,59.4,3,5445.85
8587434375,50181518,19/06/2019,164.1,1,9340.37
5409518901,50178340,14/11/2018,40.2,3,10466.16
1606436995,4501363,09/11/2018,285.0,1,4133.58
2575869613,4505336,24/08/2017,100.0,1,9913.62
3241313285,50178549,27/07/2017,66.2,1,7050.0
6566250568,4536569,07/12/2016,60.0,1,12964.64
9127132354,50181249,05/09/2016,81.0,1,14243.47
8987512719,50178386,16/08/2016,66.1,1,9036.07
3456159299,4536567,05/08/2016,70.0,1,11580.0
1358595059,50178403,16/11/2015,66.1,1,8204.79
1247533120,50181273,13/05/2015,181.0,1,5818.5
7688103884,50181253,30/01/2015,145.0,1,9119.81
1723892444,4497167,26/01/2015,100.0,1,10402.66
4924590969,50181275,13/11/2014,70.0,1,15075.04
4293081800,50181257,05/02/2014,86.0,1,14145.52
5783140418,50181265,18/02/2013,83.0,1,14788.07
8448990276,50178531,10/02/2013,22.3,1,9580.29
4820850487,50181252,22/07/2012,104.0,1,11915.44
1485110680,4499583,05/10/2011,155.0,1,7981.67
8794965927,4512608,14/09/2011,90.0,1,13694.19
6626960418,4499582,24/08/2011,62.0,1,14068.38
4077812018,4500311,26/03/2008,140.0,1,7070.19
3415298890,4512610,10/10/2007,117.0,1,7512.69
9361116994,4499867,05/07/2004,100.0,1,13154.23
8443808995,4536570,23/06/2002,60.0,1,16448.82
4396854142,4512609,14/01/1999,97.0,1,12264.49
5245864826,50178823,01/10/2024,113.5,1,13857.6
2174266684,50178821,03/04/2024,106.5,1,11894.92
4255875534,4507433,20/11/2023,147.0,1,12479.7
1543722590,50178805,26/10/2022,106.5,1,12949.51
4344063068,4506281,09/07/2022,208.0,1,7803.35
2836687597,50178826,03/01/2022,128.5,1,13001.21
2971908176,4508096,04/08/2021,128.0,1,14261.62
3017151530,4495022,15/06/2021,206.0,1,9304.31
2682920177,50178814,28/10/2020,106.5,1,11624.62
1947065854,4538059,16/08/2020,175.0,1,9179.34
6543675535,4496680,25/12/2019,150.0,1,10627.6
3555496949,50178813,17/11/2019,113.5,1,11357.78
7595709442,4501012,15/07/2018,120.0,1,9406.33
4157943431,4497658,31/08/2017,180.0,1,7976.48
9765919330,4514011,01/02/2016,100.0,1,17771.88
7421761524,4508956,18/12/2013,105.0,1,7208.77
1373531256,4495114,24/05/2012,157.0,1,12919.18
8666926587,50178825,08/05/2012,106.5,1,9069.13
2207956986,4496853,01/05/2011,144.0,1,11173.45
4494835237,4496236,21/03/2011,150.0,1,11835.59
9291216637,4497298,03/11/2010,133.0,1,15143.63
6579766017,4495115,08/12/2008,170.0,1,11490.22
8398598918,4538611,11/03/2004,243.0,1,6556.47
5729652001,50186389,02/09/2011,90.3,1,16465.09
9878642898,50186375,28/10/2010,96.4,1,11964.08
3656212559,50186142,19/11/2025,79.9,1,13623.99
4191533822,50186134,15/09/2025,79.9,1,12482.89
3743367268,50186127,29/06/2025,83.6,1,14125.07
3446475647,50186229,26/03/2025,102.5,1,13245.02
6134536611,50186217,12/12/2024,57.0,1,13002.28
2488188398,50186158,27/11/2024,79.9,1,11644.9
6239626560,50186275,10/10/2024,52.1,1,13356.27
9811224057,50186143,20/08/2024,83.6,1,10449.69
5754455883,50186242,20/08/2024,75.7,1,14710.6
5693984378,50186281,02/07/2024,100.2,1,11485.29
1965952940,50186230,22/02/2024,91.2,1,15619.19
5723125524,50186213,19/09/2023,74.3,1,12974.22
5120229059,50186160,18/07/2023,70.9,1,10901.43
3286040833,50186268,12/07/2023,98.3,1,13035.66
4598970211,50186249,07/05/2023,89.5,1,11092.1
6228631214,50186261,03/04/2023,100.2,1,12862.66
7888076270,50186205,02/04/2023,81.5,1,16678.8
3328114965,50186159,28/03/2023,83.6,1,11984.9
3510631818,50186279,08/03/2023,52.1,1,15000.22
9097813278,50186146,14/04/2022,79.9,1,15175.64
9812660468,50186226,24/10/2021,109.6,1,8691.57
1643734683,50186163,17/10/2021,98.5,1,15715.42
5977237163,50186148,02/09/2021,80.8,1,13598.54
2573292532,50186141,07/07/2021,82.3,1,11506.91
4324967987,50186241,31/05/2021,80.0,1,14392.72
6804080928,50186162,09/07/2020,66.5,1,14607.62
7076512438,50186210,09/12/2019,78.6,1,12013.18
7693968270,50186154,08/07/2019,79.9,1,14238.73
3837677080,50186256,21/01/2019,98.3,1,12043.96
4071264404,50186223,25/12/2018,79.0,1,14408.14
8860106411,50186130,24/09/2018,79.9,1,14004.22
5584642159,50186207,05/01/2018,97.2,1,11664.21
8013871906,50186273,05/11/2017,100.2,1,11298.94
8107097677,50186153,29/10/2017,67.3,1,13047.39
1781239661,50186156,21/05/2017,70.9,1,10773.23
5935245411,50186257,11/12/2016,100.2,1,11150.86
4694246173,50186129,20/03/2016,82.3,1,11951.91
4715246407,50186244,13/03/2016,105.1,1,10429.91
5827462956,50186144,08/03/2016,86.4,1,11503.16
5284575306,50186137,13/07/2015,82.3,1,13101.46
4477209438,50186274,09/03/2015,68.7,1,12625.93
4987674964,50186152,29/05/2013,70.9,1,13675.25
5291104043,50186258,18/07/2011,68.7,1,14059.14
7847796553,50186265,03/03/2011,100.2,1,12796.29
6058064556,50186282,21/08/2009,68.7,1,14516.48
9192599296,50186243,27/04/2007,111.2,1,16008.94
9269504755,50186139,13/11/2000,83.6,1,15457.25
4185753801,4516385,25/02/2019,60.0,1,7011.56
8942092704,4508811,30/06/2025,60.0,1,15744.74
1366479261,4497334,27/08/2024,67.0,1,15761.08
2372852899,4537476,07/03/2024,64.0,1,7666.9
1334940453,4496425,04/07/2023,117.0,1,12777.55
5336277247,4506292,26/03/2023,66.0,1,13966.41
9352219119,4540761,05/02/2023,108.0,1,13148.15
1365534177,4537871,02/08/2022,100.0,1,7112.56
7041595429,4539749,28/06/2022,108.0,1,13169.19
9377858333,4537285,05/04/2022,100.0,1,14940.15
6560297449,4539751,06/02/2022,69.0,1,17710.94
8394822499,4504079,02/08/2021,80.0,1,12626.28
8273075406,4508810,27/12/2020,60.0,1,16218.91
4755047970,4501318,12/01/2020,65.0,1,14041.72
1460170252,4504142,08/01/2020,70.0,1,12463.5
1168258082,4496423,06/10/2019,150.0,1,8810.53
2260165444,4503180,05/05/2019,67.0,1,12298.57
2022185257,4499631,08/03/2019,69.0,1,12038.02
8617902015,4500294,11/11/2018,150.0,1,10284.75
2352834728,4540726,30/04/2018,72.0,1,11667.08
4732382411,4495247,15/08/2017,71.0,1,10977.69
7691296915,4540738,28/05/2017,142.0,1,6112.53
5478577008,4540763,16/02/2017,120.0,1,8474.08
6729338383,4498080,15/10/2015,60.0,1,14936.48
5823124214,4497333,06/08/2015,67.0,1,12766.59
3892410800,4505325,21/07/2015,65.0,1,12536.14
1140399436,4504076,22/02/2015,80.0,1,10316.91
2595523838,4540764,05/02/2014,108.0,1,11570.53
4503735907,4540728,16/06/2013,60.0,1,17690.18
3951539133,4537477,09/06/2013,71.0,1,13992.09
5498000118,4498079,04/04/2013,60.0,1,14239.75
3402449130,4537284,16/08/2012,100.0,1,14198.57
9458888573,4540737,10/07/2012,120.0,1,13901.34
7007356228,4536827,09/07/2012,60.0,1,14775.14
6789009780,4536491,06/03/2012,60.0,1,15991.05
4937268558,4497331,11/05/2011,60.0,1,15277.15
9431940921,4495248,21/04/2011,60.0,1,13073.56
6897813148,4540730,03/08/2009,60.0,1,13297.09
8840787709,4500293,19/05/2009,145.0,1,11283.91
8047682192,4536830,23/02/2009,60.0,1,10892.53
9141919954,4540729,30/11/2008,70.0,1,11417.27
5657936541,4497335,12/06/2006,60.0,1,14621.38
1587309173,4498078,18/01/2004,60.0,1,11717.72
9907875505,4506293,15/01/2003,60.0,1,17625.0
3719723126,4497332,06/12/2002,60.0,1,16353.81
9941403552,4652861,24/10/2002,60.0,1,15683.57
4796205567,4536829,30/06/2002,60.0,1,17497.73
5673189573,4505324,21/04/2002,60.0,1,14943.32
3951069713,4501319,27/12/2001,60.0,1,17567.38
5603442772,4500295,27/11/2001,128.0,1,11896.08
5747835176,4537283,15/10/2001,60.0,1,15933.41
4864257575,4536828,29/04/2001,60.0,1,16086.61
8321249542,4539750,06/02/2001,60.0,1,18715.18
6208125082,4540739,29/01/2001,60.0,1,16433.8
2012588545,4497336,31/10/2000,60.0,1,15887.68
5980036607,4496424,17/09/2000,60.0,1,16210.33
4240110476,4504078,27/04/2000,60.0,1,15132.67
1280830177,4540762,02/03/2000,80.0,1,16216.15
4983456933,4495246,06/01/2000,60.0,1,17669.01
2153565503,4506291,07/01/1998,60.0,1,17309.99
4256296785,4501275,11/03/2025,107.0,1,13125.5
6995276660,4538075,15/11/2024,68.0,1,12984.66
1421123135,4499993,06/05/2024,81.0,1,12915.46
9445914129,4500373,14/04/2024,107.0,1,12567.92
2184389658,4498030,29/08/2021,70.0,1,13821.54
3951336062,4505400,28/01/2021,60.0,1,17264.72
9768935327,4503259,26/01/2021,125.0,1,12327.01
4248656170,4568351,20/11/2020,140.0,1,13705.19
4880525437,4499651,17/11/2020,138.0,1,11066.3
5520108585,4516057,07/11/2019,60.0,1,13456.47
4975298743,4500880,21/05/2019,107.0,1,9626.21
8767911665,4505401,14/04/2019,60.0,1,13543.76
9956756774,4499995,13/03/2019,66.0,1,14472.98
5513418494,4537117,06/03/2018,60.0,1,13990.16
4929183953,4499994,29/01/2017,60.0,1,13883.36
9836082967,4498034,01/01/2015,60.0,1,12288.71
2544298461,4499992,05/02/2014,60.0,1,14758.17
5795966060,4497184,10/03/2013,73.0,1,11929.07
6052146615,4517758,26/12/2012,107.0,1,12317.19
6247164104,4498035,07/11/2011,60.0,1,11598.79
4967208745,4499650,08/02/2011,138.0,1,9553.46
1383874374,4503258,22/10/2008,60.0,1,15377.83
9404725805,4503260,14/11/2004,75.0,1,13954.8
1611090424,4503261,30/04/2002,60.0,1,16935.76
7272628505,4498033,27/12/1999,60.0,1,16309.35
5532540183,4551322,10/01/2021,183.0,1,8490.85
1587911197,4551326,03/12/2020,100.0,1,15440.41
6802755209,4551371,22/02/2018,160.0,1,7618.39
2387121319,4551327,20/01/2016,184.0,1,7495.95
3117635819,4551325,22/01/2015,179.0,1,8506.88
5688021496,4551342,31/12/2014,177.0,1,8722.94
9788533980,4551375,11/12/2014,180.0,1,8514.81
1652707894,4551343,30/10/2014,177.0,1,8738.46
9567005638,4551370,28/10/2012,184.0,1,8338.38
9985111181,4551324,06/03/2012,160.0,1,10054.98
7388328998,4551369,28/10/2004,130.0,1,11825.88
2797081081,4551323,29/07/2002,100.0,1,17808.07
9350156193,4551372,23/09/2001,178.0,1,9296.55
3799607283,4497463,24/12/2024,70.0,1,12731.89
8132659567,4506416,03/01/2021,148.0,1,10717.54
9012634353,4496624,31/03/2020,60.0,1,15636.9
6582180184,4500033,28/12/2018,80.0,1,11417.56
1121082976,4497462,24/08/2018,60.0,1,14284.97
4396207910,4500034,01/12/2017,80.0,1,9744.46
3140387141,4537291,31/03/2016,60.0,1,11936.22
4696977285,4499102,29/11/2015,80.0,1,17889.57
5139955546,4497276,05/03/2014,60.0,1,14685.13
7225941602,4537293,26/12/2013,60.0,1,13989.02
6577702854,4537292,17/11/2013,60.0,1,14292.5
3341279712,4499101,09/01/2013,60.0,1,16341.95
9167245948,4499100,22/07/2012,93.0,1,9204.36
4537754111,4537295,13/05/2012,60.0,1,13522.08
5035049058,4536938,01/05/2012,60.0,1,11590.35
5520671096,4509289,13/12/2011,100.0,1,12755.52
3567947713,4496714,02/08/2011,70.0,1,10106.9
1499467828,4499598,28/05/2010,150.0,1,9934.9
5069127005,4537294,29/07/2005,60.0,1,12658.19
4295304964,4506417,17/07/2005,120.0,1,10335.82
7457600206,4499599,30/03/2005,161.0,1,8472.09
4460852232,4536939,02/01/2005,120.0,1,11410.09
3356612354,4500032,26/12/2004,60.0,1,14896.04
5340713901,4496715,10/10/2003,60.0,1,17162.63
5053343054,4516103,28/10/2025,167.0,1,13712.98
6848566104,4495055,04/11/2024,161.0,1,13857.93
1754479203,4495986,04/04/2021,227.0,1,8533.82
8706297810,4497953,15/04/2019,120.0,1,12051.65
7888668378,4498006,09/08/2018,106.0,1,9863.66
3590601597,4537427,30/10/2014,146.0,1,11151.46
8359190615,4516316,10/07/2012,200.0,1,9341.7
9123695759,4497404,08/02/2012,240.0,1,8564.76
4824107604,4516317,07/07/2010,150.0,1,14377.45
2164518540,4555202,12/12/2022,138.0,1,10289.86
1062647399,4536738,22/11/2020,64.0,1,13868.34
3977695212,4536737,28/07/2020,67.0,1,13542.66
5578278095,4514992,16/02/2020,70.0,1,11493.92
6980523722,4555204,17/06/2019,138.0,1,8955.26
3397353037,4514993,06/05/2018,70.0,1,9728.49
1338291532,4500087,05/07/2016,60.0,1,12682.45
5752459442,4496992,27/03/2014,69.0,1,14624.49
5947863713,4496474,22/07/2013,60.0,1,5772.43
6429052464,4496475,21/08/2011,60.0,1,12275.96
3361488341,4536736,23/05/2011,60.0,1,12416.75
9054035213,4536739,23/05/2011,60.0,1,12416.75
9682145150,4496993,29/05/2008,60.0,1,13865.9
8982297120,4555203,25/10/2007,120.0,1,11207.31
4071447422,4514994,21/06/2007,60.0,1,13767.99
3837616742,4496994,14/10/2004,60.0,1,15571.55
6675801970,4500085,30/05/2002,60.0,1,17865.91
5573518620,4500086,16/12/1998,60.0,1,16562.73
2439594691,4554101,12/09/2024,120.0,1,7584.58
6076404776,4556540,19/09/2012,203.0,1,14137.0
5375551389,4554100,18/01/2012,120.0,1,15519.5
6342142568,4537408,27/05/2025,200.0,1,10617.12
7382575238,4497830,28/12/2022,165.0,1,10909.09
3235038622,4497720,07/07/2021,170.0,1,11500.8
4635866741,4496663,21/10/2020,150.0,1,12292.42
3257815226,4495331,06/07/2018,140.0,1,7963.03
9506688050,4497375,26/12/2014,80.0,1,19158.33
6156310641,4541045,20/07/2011,227.0,1,8722.55
8882501921,4551398,13/09/2010,140.0,1,14394.02
8222428288,4496664,14/07/1999,257.0,1,10709.41
5702442874,4500677,25/06/2023,157.0,1,3503.99
2347833344,4496351,27/02/2020,210.0,1,9782.6
4376741603,4537316,27/01/2020,233.0,1,8640.92
4692809854,4514593,10/09/2019,286.0,1,8591.53
7459855430,4537317,05/01/2017,233.0,1,7634.99
4987361208,4515201,11/12/2016,232.0,1,8534.72
2034968593,4496352,30/04/2014,211.0,1,9639.76
7930720723,4498128,16/08/2013,160.0,1,12914.23
9678940682,4501165,13/04/2011,100.0,1,10491.53
6313367632,4537318,05/05/2008,231.0,1,9106.73
7699874804,4500676,18/02/1999,156.0,1,11673.53
6212323779,50182433,27/10/2025,82.6,3,10974.39
5564079565,50182386,04/08/2025,126.0,1,7557.76
2512933165,50182392,29/01/2025,65.65,1,12074.8
8270241630,50182453,19/12/2024,86.8,1,11780.78
8292255132,50182344,11/12/2024,65.65,1,12146.51
3996256253,50182321,05/06/2024,83.0,1,10651.68
2408890988,50181564,04/04/2023,62.0,1,9825.44
2672460166,50182467,06/10/2022,140.0,1,8597.13
2360429832,50182320,30/09/2022,100.0,1,13581.2
3032022056,4494944,26/05/2022,325.0,3,1138.72
6685316456,50182342,10/04/2022,83.0,1,11739.25
6666135870,50182383,11/11/2021,65.65,1,13019.77
1991745016,50182349,12/09/2021,100.0,1,15092.89
4466181191,50181532,06/05/2021,62.0,1,10294.93
6342088474,50181552,19/04/2021,62.0,1,9535.75
8589796688,50182436,19/05/2020,66.6,3,9206.78
6072567850,50182432,03/04/2020,64.55,3,11099.17
5422071738,50182389,27/08/2019,100.0,1,11113.32
7209051291,50182340,02/04/2019,100.0,1,12395.98
2480598812,50182426,20/01/2019,88.75,1,9416.44
9185852492,50182459,11/12/2018,86.8,1,4856.81
6530727196,50182420,03/12/2018,100.0,1,11944.53
7217553405,50182431,02/10/2018,83.4,3,8401.85
5897962511,50181549,14/08/2018,62.0,1,8780.82
8137413017,50182468,20/03/2018,118.0,1,6995.08
1789987929,50182391,31/12/2017,83.0,1,10081.13
9794048463,50181531,07/11/2017,62.0,1,9130.27
9693216811,50182381,26/05/2017,83.0,1,9704.64
2419485845,50182422,12/04/2017,83.0,1,8403.0
3850303324,50182382,05/03/2017,83.0,1,14990.43
8329254792,50182341,07/11/2016,83.0,1,9270.69
6677199041,50182393,04/09/2016,65.65,1,10179.95
1453239766,50182465,04/08/2016,79.8,1,8607.48
5448548637,50181563,11/11/2015,62.0,1,6074.56
7843938286,50182352,29/06/2015,65.65,1,11054.64
2782539824,50182452,31/05/2015,106.2,1,9035.17
2092854450,50182326,14/12/2014,88.75,1,9543.66
8210068511,50182385,22/07/2014,88.75,1,10973.55
7764182027,50181535,26/06/2014,62.0,1,10549.26
1353117225,50182351,24/10/2013,83.0,1,10903.91
6790753688,50181565,23/06/2013,62.0,1,11750.35
8576103977,50182429,22/04/2013,69.55,3,11516.69
4034992219,50182166,04/04/2013,65.7,1,9482.33
4206813048,50182451,10/01/2013,63.0,1,8574.22
7390399457,50182324,19/06/2012,65.65,1,10820.94
8493805736,50182463,01/06/2012,79.8,1,9623.99
7821819953,50182424,01/04/2012,65.65,1,11026.74
7055691379,50182322,06/02/2012,83.0,1,11651.61
5374881896,4495714,14/09/2022,183.0,1,12478.98
2300695052,4501332,10/10/2021,252.0,1,11340.43
7218224560,4515779,09/08/2021,250.0,1,9735.93
3245283506,4514851,08/11/2020,226.0,1,9136.79
5074998650,4497142,03/08/2020,172.0,1,12013.39
3133939729,4499068,31/07/2020,190.0,1,11377.09
5495602749,4505366,10/11/2019,167.0,1,10969.4
8942922535,4536752,17/03/2019,260.0,1,8785.44
2471736999,4500681,30/10/2018,170.0,1,11211.43
4325916719,4497802,27/04/2017,175.0,1,9724.43
2006290580,4498100,28/03/2017,219.0,1,8164.48
9116372932,4497937,05/05/2016,191.0,1,8526.68
4254257857,4497187,18/09/2015,230.0,1,8657.13
3773026706,4495189,15/03/2015,164.0,1,11058.89
1821565696,4498101,12/12/2014,160.0,1,11898.33
7470071578,4499040,30/03/2014,149.0,1,11562.66
2572127758,4536795,05/02/2014,150.0,1,11144.49
1633139259,4537332,07/01/2014,160.0,1,10199.96
4652112268,4496354,28/10/2013,194.0,1,9108.0
3564783376,4536407,28/11/2012,166.0,1,10508.91
2007713464,4496255,20/02/2012,167.0,1,14653.14
7347131692,4496846,31/01/2012,140.0,1,15402.82
9390465219,4498014,02/12/2010,242.0,1,6829.92
5039327225,4497189,31/03/2010,236.0,1,9404.82
8862694794,4499839,08/07/2009,120.0,1,17879.68
9635745248,4536813,13/08/2008,260.0,1,10302.14
4610309386,4496844,23/03/2007,125.0,1,15267.29
3692609776,4499840,24/07/2005,150.0,1,14066.93
6865746261,4496355,11/05/2003,150.0,1,14067.95
6107521598,4499070,02/01/2002,164.0,1,11648.27
3665292587,4505365,14/09/2001,170.0,1,11448.66
8938105134,4498951,17/06/2001,140.0,1,15509.2
9018854221,4536406,07/09/2000,120.0,1,14400.92
5706890777,4499039,02/02/1998,147.0,1,14591.6
7244013660,4502913,30/12/2024,230.0,1,10482.69
9356747549,50180814,19/09/2021,192.0,1,14464.02
1431520014,4502971,23/01/2019,288.0,1,9672.56
3256942911,4504771,22/10/2015,160.0,1,7879.62
4940482823,4514850,23/06/2015,235.0,1,8213.41
8211383437,4499789,27/07/2014,200.0,1,12348.73
4510448376,4514935,17/01/2014,190.0,1,9378.27
1855285670,4497761,24/12/2013,259.0,1,8442.71
8394784101,4499825,07/08/2013,265.0,1,8447.58
3260874671,4502970,03/06/2013,282.0,1,7478.29
2136195088,4497029,25/05/2011,239.0,1,4129.03
9394587414,4551366,24/04/2022,176.0,1,7381.5
4815108384,4551368,07/07/2015,197.0,1,8600.98
4536561684,4551402,13/05/2012,176.0,1,8835.45
6199603622,4551367,17/09/2003,160.0,1,12654.12
8016454095,4498038,28/06/2018,115.0,1,7529.26
9484429149,4501062,21/07/2024,204.0,1,4865.63
6258300826,4497766,04/04/2024,270.0,1,8661.95
3837321030,4495094,13/05/2022,152.0,1,10673.9
4924556639,4495095,07/06/2020,152.0,1,11061.06
7598197517,4499850,26/06/2019,188.0,1,8884.16
5912795827,4496839,21/05/2019,154.0,1,4904.78
5918840520,4501077,18/03/2019,180.0,1,7306.41
2674088114,4495092,18/03/2018,163.0,1,9441.21
5724501603,4505332,08/03/2018,290.0,1,7718.71
9870888829,4536480,23/11/2016,170.0,1,10298.32
8385170647,4537383,29/06/2015,208.0,1,8277.38
3513596910,4503097,21/06/2015,147.0,1,10084.06
7879754710,4500462,19/10/2014,222.0,1,7700.54
3546558644,4500991,30/07/2014,280.0,1,6174.36
8245480877,4495093,22/07/2012,152.0,1,11288.31
6554670989,4503098,15/11/2011,150.0,1,11762.15
9661240572,4501063,08/07/2010,200.0,1,9704.78
8103020127,4500491,08/12/2009,266.0,1,7701.24
8142479065,4541047,22/06/2005,180.0,1,10452.04
4708316764,4496840,12/08/2001,160.0,1,9607.45
9158264482,4497765,14/06/2001,210.0,1,5906.19
3395654663,4499554,21/02/2021,212.0,1,12724.98
9138267797,4503156,23/10/2020,165.0,1,9578.51
9197493717,4501396,23/09/2016,164.0,1,11581.82
9706004301,4497752,16/08/2016,171.0,1,7692.68
6167485090,4495270,12/07/2016,291.0,1,8954.93
5089732846,4497343,25/05/2015,135.0,1,13290.76
6601131251,4514673,15/01/2015,236.0,1,9168.99
2078386501,4499555,27/03/2014,212.0,1,10448.47
3473765046,4498210,05/12/2012,169.0,1,12819.39
3985110517,4496966,04/09/2012,210.0,1,16108.96
7831654119,4501395,24/02/2011,165.0,1,12711.63
5178619558,4494362,03/06/2008,251.0,1,8112.61
4456434282,50181342,13/12/2023,140.0,1,11832.89
4742127171,50181322,02/01/2022,95.0,1,9505.86
8715128207,50181339,21/10/2021,182.0,1,9355.86
1851234253,50181287,23/07/2017,96.5,1,12446.55
9868065101,50181327,09/04/2014,101.0,1,11322.85
1212986076,50181295,19/01/2011,105.8,1,12637.52
2957247605,50181296,15/11/2010,73.8,1,12036.19
5499617115,50181335,31/01/2010,70.0,1,10817.04
9687911551,4503892,09/05/2023,100.0,1,11396.29
6230084613,4538520,01/11/2021,148.0,1,10917.73
1724446439,4537544,01/03/2020,142.0,1,10101.65
5259936490,4496456,26/11/2014,300.0,1,8117.33
9239741612,4494429,12/06/2012,100.0,1,17663.88
1657436090,4504072,12/06/2012,300.0,1,5663.96
3458404531,4536575,28/06/2011,215.0,1,9318.23
6154152913,4515804,25/11/2010,200.0,1,7436.69
4525907640,4536576,23/05/2008,300.0,1,5932.62
1437037225,4510091,05/08/2024,172.0,1,12278.98
4231527608,4499820,17/02/2025,96.0,1,12653.87
5274017029,50178456,31/07/2024,54.5,1,7214.63
4409553476,50178458,20/09/2023,54.5,1,4438.79
9652701441,50178449,27/11/2022,66.2,1,8906.96
4813597826,4555236,04/04/2022,123.0,1,12630.56
8747770511,4500970,31/10/2021,77.0,1,12495.09
8753009929,4501393,04/01/2018,122.0,1,9752.04
2937814496,4499821,12/12/2016,120.0,1,8827.74
8515100733,4501394,30/01/2014,123.0,1,9341.93
9523180934,50182890,02/09/2025,101.9,1,11293.68
3874223804,50182111,10/08/2025,74.0,1,11195.69
7880056854,50182908,07/08/2025,90.0,1,14284.16
7260737048,50182132,10/07/2025,62.0,1,10381.75
2975069829,50182125,29/05/2025,62.0,1,10122.41
5153422392,50182081,25/05/2025,74.0,1,11477.96
8545803482,50182035,12/01/2025,77.0,1,6136.59
5046951568,50182072,25/12/2024,74.0,1,10015.27
5135709708,50182897,16/12/2024,92.4,1,13198.93
1507222982,50182071,10/11/2024,62.0,1,10412.95
4113061118,50182887,22/09/2024,127.7,1,12904.08
8212335579,50182087,19/06/2024,62.0,1,10849.62
2153378913,50182904,28/05/2024,160.0,1,8475.77
7443544223,50182023,02/04/2024,62.0,1,10216.21
8972351622,50182094,02/04/2024,62.0,1,5269.68
6220998353,50182105,21/12/2023,62.0,1,11078.78
1639914822,50182913,29/10/2023,89.0,1,10252.39
7627243435,50182034,22/08/2023,62.0,1,9031.36
3565167935,50182096,28/07/2023,74.0,1,5840.81
8061651750,50181963,26/05/2023,62.0,1,12352.1
4607226841,50182947,14/04/2023,76.8,1,9177.52
2968955870,50181971,24/03/2023,62.0,1,12120.22
8723176192,50182935,19/03/2023,72.8,1,10322.16
7804435648,50181982,16/03/2023,62.0,1,11797.01
1014469064,50182914,27/02/2023,76.5,1,11372.55
4424164705,50182101,23/02/2023,62.0,1,11451.61
4345163276,50182875,12/01/2023,87.9,1,12741.75
7248479818,50182118,10/11/2022,74.0,1,10560.97
4649151798,50182918,24/10/2022,84.8,1,11827.81
9496406221,50182106,21/07/2022,74.0,1,10411.58
7812232396,50182022,15/06/2022,62.0,1,9951.86
6627926297,50182115,07/01/2022,74.0,1,11745.84
9827237289,50182932,05/12/2021,83.3,1,11702.08
4503915705,50182030,29/11/2021,62.0,1,11520.02
6321911164,50182869,24/10/2021,178.5,1,9038.99
2121180499,50182029,10/10/2021,62.0,1,11331.29
2708930529,50182130,23/08/2021,74.0,1,9291.89
9686778487,50182928,04/08/2021,76.4,1,11787.61
2357044114,50182941,08/07/2021,85.6,1,11562.94
3540159037,50181966,14/03/2021,62.0,1,8160.22
6203653162,50182859,10/03/2021,89.6,1,11321.47
3226733819,50182079,26/01/2021,62.0,1,8182.64
5129446357,50182900,08/01/2021,96.8,1,7892.19
1345036475,50182131,13/12/2020,74.0,1,9994.36
5848174090,50182872,26/05/2020,92.4,1,12688.73
8254950466,50182868,19/02/2020,150.0,1,9118.51
8911675390,50181979,24/02/2019,62.0,1,11376.15
8608380119,50181987,08/01/2019,62.0,1,11008.0
2080888877,50182040,05/11/2018,62.0,1,7283.78
8695650640,50182070,07/10/2018,62.0,1,10171.66
7265523189,50181961,17/09/2018,74.0,1,11340.58
2600772990,50182888,12/07/2018,101.5,1,10983.5
5022537410,50182033,11/04/2018,77.0,1,9454.88
4042591772,50182955,20/02/2018,73.0,1,11899.62
9259917250,50182946,11/02/2018,99.2,1,8333.06
8894039833,50182039,30/01/2018,62.0,1,7630.65
7705116253,50182028,04/12/2017,62.0,1,10121.78
6872300521,50181975,18/10/2017,62.0,1,11341.25
2220129334,50182076,14/09/2017,74.0,1,9638.86
5030037411,50182893,30/08/2017,101.2,1,9728.51
4712893284,50182089,29/08/2017,74.0,1,10163.08
6946748268,50182919,07/08/2017,81.2,1,10019.71
4946065254,50181976,18/06/2017,74.0,1,10611.74
8663147036,50182871,04/06/2017,82.1,1,12585.24
2349985785,50182858,30/05/2017,103.3,1,9948.57
7560061890,50182925,29/05/2017,71.6,1,12413.56
2870839810,50182864,24/05/2017,86.2,1,10713.8
9287626919,50182885,17/05/2017,90.9,1,9472.34
3534532469,50181977,08/03/2017,74.0,1,10390.42
9404535243,50181974,07/03/2017,62.0,1,10710.36
9557155597,50181959,01/03/2017,62.0,1,10823.1
2108648175,50182956,23/02/2017,76.4,1,10478.93
7214527108,50182107,13/02/2017,74.0,1,10249.38
5223930950,50182112,04/01/2017,62.0,1,9564.26
6284299196,50182879,20/12/2016,159.9,1,7341.4
1623595068,50182958,15/12/2016,72.6,1,8347.63
1486264822,50182103,18/11/2016,74.0,1,10207.42
3977268955,50182881,31/10/2016,127.9,1,9345.89
3362466939,50182912,26/10/2016,85.0,1,9926.69
5142033155,50182855,29/09/2016,102.4,1,10030.21
2428916498,50182954,23/09/2016,72.5,1,9994.39
5362309546,50182944,20/09/2016,76.1,1,12202.43
5397333831,50182894,06/09/2016,124.2,1,9459.14
1049281359,50182878,29/08/2016,127.5,1,8923.02
4910643535,50182922,23/08/2016,138.5,1,9138.44
9864888175,50181968,11/03/2016,74.0,1,10369.3
3984184525,50182041,27/01/2016,62.0,1,6373.19
1821781143,50182097,17/12/2015,74.0,1,8545.77
5258495856,50181986,29/11/2015,62.0,1,10448.24
9700283616,50182019,02/11/2015,62.0,1,6560.52
1353710909,50182862,11/09/2015,167.3,1,6774.76
2468019402,50182020,10/12/2014,62.0,1,7286.02
4410500552,50182909,26/08/2014,89.7,1,11938.05
7852015608,50181972,19/06/2014,74.0,1,11711.1
2255766270,50182126,05/03/2014,74.0,1,11086.46
1382053825,50181969,24/10/2013,74.0,1,12928.92
7886119092,50182957,15/08/2013,76.9,1,12101.43
3799992651,50182895,21/04/2013,135.1,1,8168.62
3673631342,50182114,31/01/2013,74.0,1,10720.64
3130761777,50182031,08/01/2013,62.0,1,7044.77
1374151036,50182044,25/12/2012,62.0,1,7279.83
9093094146,50182024,25/12/2012,62.0,1,7279.83
9908294155,50181967,07/11/2012,62.0,1,11847.05
8597611893,50182043,22/10/2012,62.0,1,7498.84
4833322534,50182873,02/07/2012,102.2,1,12311.84
1019971536,50182102,19/06/2012,74.0,1,11883.16
5990962120,50182889,02/12/2011,92.6,1,11443.73
1496059465,50182042,01/02/2011,62.0,1,8860.06
7072108895,50182959,05/10/2010,67.0,1,10328.39
8427840230,50182127,07/09/2010,74.0,1,9459.51
2651633946,50181983,07/06/2007,62.0,1,10142.04
2609425920,50182027,10/04/2003,62.0,1,16114.56
9179296341,50182021,08/02/2001,62.0,1,13088.94
1554390995,50181984,14/06/2000,74.0,1,12913.55
5262495011,4501156,09/09/2025,190.0,1,11407.31
7852086344,4500437,06/12/2023,127.0,1,14078.11
4169338397,4500438,29/05/2022,123.0,1,12069.75
5177833387,4498145,30/06/2021,207.0,1,10513.86
5463441833,4503183,22/02/2021,207.0,1,9308.82
5767215514,4497997,03/03/2019,163.0,1,11210.86
3125994574,4500436,20/03/2018,123.0,1,12511.53
5909208506,4498155,25/07/2016,178.0,1,8864.54
7453639487,4498074,22/12/2015,158.0,1,8657.78
5734004416,4497906,01/02/2015,154.0,1,10306.61
4136739061,4497946,24/07/2013,202.0,1,9430.21
7288370001,4510522,24/05/2012,150.0,1,12298.65
5357087044,4500312,19/02/2012,157.0,1,11471.63
2722333126,4500439,08/06/2003,124.0,1,13849.69
9309327130,4495145,20/12/1999,100.0,1,20677.42
4653424900,4502947,10/07/2025,267.0,1,9572.07
2677158091,4551349,06/12/2022,249.0,1,8433.73
2888030635,4496969,11/10/2020,108.0,1,15670.4
8709279444,4551348,05/02/2020,221.0,1,9708.29
7120801279,4495333,28/01/2020,176.0,1,10676.78
2246970688,4502948,28/10/2015,240.0,1,8854.29
8798828415,4495314,24/02/2014,202.0,1,9832.41
4271050954,4497771,19/09/2002,100.0,1,21496.45
2312851216,4499655,06/02/2025,65.0,1,15813.59
3250389157,4497231,01/04/2024,107.0,1,12021.48
4997392829,4495303,24/01/2024,105.0,1,12941.0
7148138935,4497233,17/07/2023,97.0,1,13210.37
6710395769,4495977,03/03/2022,110.0,1,12950.0
3810246166,4497049,09/02/2022,86.0,1,12530.59
7956251064,4510669,02/03/2020,60.0,1,12303.71
8400231950,4537541,31/10/2018,66.0,1,12740.27
4138856907,4499657,05/04/2017,100.0,1,7909.07
2064493770,4510670,12/06/2015,62.0,1,11805.06
8582608812,4507848,07/07/2011,60.0,1,12878.17
8880375234,4495301,25/10/2009,96.0,1,10493.73
5652314646,4495975,15/11/2006,100.0,1,11361.38
8274463077,4507847,29/08/2004,60.0,1,12607.15
2459847845,4510668,11/10/2001,60.0,1,16086.61
1452687634,4507849,24/09/2001,60.0,1,16092.42
1048225731,4537444,27/08/2001,60.0,1,15290.9
3940832619,4497232,23/01/2001,100.0,1,12845.5
2562210794,4499656,09/08/1998,60.0,1,15631.81
1560377039,4497234,11/06/1998,80.0,1,12302.89
6340274200,4497990,25/11/2025,103.0,1,12406.52
5297759711,4507548,19/02/2025,65.0,1,12507.12
6937536875,4500901,06/09/2022,120.0,1,12826.68
3974340974,4500674,11/04/2022,100.0,1,12991.43
6582079557,4498849,10/02/2022,100.0,1,9443.15
8239600202,4499896,13/01/2022,65.0,1,13024.86
5123583713,4507546,27/07/2021,65.0,1,14287.53
5611973811,4499897,14/04/2021,64.0,1,14741.1
4811672863,4507545,21/01/2019,65.0,1,12857.06
4167547504,4505793,08/04/2018,100.0,1,9800.34
3610996695,4498846,30/05/2014,100.0,1,11943.35
4408859764,4500902,08/05/2014,62.0,1,11320.59
4958357641,4507547,01/06/2012,60.0,1,13919.9
1236628153,4495482,12/08/2009,60.0,1,9017.09
1096976918,4500675,25/02/2009,120.0,1,7322.71
1632763110,4507544,01/08/2005,60.0,1,9918.0
2144041998,4495501,11/12/2003,60.0,1,14437.2
9589001179,4500899,27/06/2003,60.0,1,15640.81
1684723595,4495500,28/08/2001,60.0,1,15442.8
9333858788,4498848,25/04/1999,60.0,1,13400.4
5675086811,4540965,06/12/2022,180.0,1,9166.67
8354010493,4497871,09/06/2020,170.0,1,8791.01
2324576443,4497872,19/12/2013,146.0,1,9677.53
8381975866,4537338,15/07/2012,176.0,1,10561.41
3978442608,4497868,12/06/2009,110.0,1,12374.25
5197219605,4499679,29/01/2024,190.0,1,12620.48
1026338306,4499634,16/06/2020,182.0,1,9897.65
9786431072,4495064,29/01/2012,200.0,1,9801.79
4617172552,4536312,05/03/2008,194.0,1,10328.08
7301151930,4537233,27/03/2025,106.0,1,10952.78
2326507080,4497345,11/12/2024,97.0,1,12089.42
5812392794,4536540,11/06/2014,156.0,1,8909.39
7552490879,4501244,04/09/2012,60.0,1,15661.49
7013041615,4537230,28/02/2012,100.0,1,12431.14
6541322933,4502915,14/02/2012,60.0,1,13051.06
3558842372,4499327,18/01/2012,120.0,1,10046.84
8968024963,4537229,22/11/2011,60.0,1,10781.97
3381842156,4499326,16/10/2011,60.0,1,12306.12
9573291918,4499325,11/08/2009,140.0,1,11575.59
4822609222,4502917,01/01/2007,60.0,1,11129.26
6739137202,4537231,20/10/2005,76.0,1,10452.3
3429843052,4497344,12/07/2005,76.0,1,10217.68
5000931114,4501243,08/06/2005,60.0,1,14809.9
7726359536,4537232,09/04/2000,60.0,1,16237.59
3789360516,4502916,27/09/1999,60.0,1,17516.33
7657036372,4499595,05/06/2024,149.0,1,13866.3
2667850677,4499959,06/02/2019,267.0,1,9256.18
5594182383,4499596,24/07/2016,150.0,1,10528.82
3515233331,4499823,20/06/2013,244.0,1,8571.51
9600334140,4499772,27/10/2025,189.0,1,10097.3
4601125325,4500871,15/02/2022,239.0,1,11620.91
9046354191,4496240,21/07/2020,233.0,1,8584.51
8264262373,4500870,28/06/2020,245.0,1,7733.78
7183389206,4551455,19/10/2015,155.0,1,10279.95
4329010417,4511932,20/09/2015,216.0,1,8509.14
8833039228,4500869,24/03/2013,200.0,1,9854.5
3645893041,4498059,19/01/2012,150.0,1,13591.82
5267506166,4551456,27/11/2011,155.0,1,11066.54
3639007579,4511933,20/11/2011,215.0,1,9117.95
6783424966,4497755,27/05/2011,200.0,1,8288.67
5797835913,4504102,04/09/2010,200.0,1,6310.64
4993255355,4551454,28/06/2007,125.0,1,11984.31
9770090306,4499770,17/07/2005,156.0,1,10679.37
6412757011,4498060,04/01/2005,289.0,1,6798.12
5051780648,4504101,08/08/2002,179.0,1,9178.99
2714390710,4499771,15/10/2001,120.0,1,13967.26
6971602723,4494941,04/03/2024,255.0,1,12122.72
1328717572,4496347,13/12/2021,126.0,1,8145.95
3411357387,50178906,13/10/2020,123.0,1,20344.6
8601189753,4498026,10/05/2015,116.0,1,13450.17
9089263180,4496368,05/11/2014,265.0,1,7351.54
2003763519,50178907,22/06/2014,155.0,1,10021.8
3912064895,4496975,21/10/2012,120.0,1,11623.2
7082604874,4494984,21/07/2011,304.0,1,5274.12
9114624853,80410966,19/09/2023,108.5,1,14102.62
5345973710,4555209,01/06/2023,69.0,1,17652.03
8254875152,80410969,18/01/2021,107.6,1,13237.36
4429033369,4577339,03/03/2020,131.0,1,11260.33
1338235404,4516108,01/01/2020,68.0,1,5921.57
9151228423,4556567,01/02/2018,156.0,1,8972.33
5017144024,4539526,17/04/2008,142.0,1,10223.11
2240180060,4516107,07/02/2000,60.0,1,18584.97
5658455787,4497452,01/10/2024,62.0,1,13376.04
7330113545,4499798,04/02/2022,60.0,1,18053.09
2358463035,4499796,15/08/2021,60.0,1,14705.31
9921893168,4499626,22/07/2021,110.0,1,13108.29
4817873707,4537404,08/11/2020,60.0,1,15227.99
9425905657,4537403,24/01/2019,60.0,1,14253.48
5109063786,4499794,14/03/2016,90.0,1,10231.05
7542983550,4497278,07/05/2015,60.0,1,13911.96
3281682384,4499795,25/12/2012,68.0,1,10885.48
1899496721,4503262,18/01/2011,60.0,1,12705.0
3296763770,4497279,02/07/2009,80.0,1,6310.47
1798525319,4497277,02/04/2008,60.0,1,9977.19
3460919987,4499799,04/01/2006,60.0,1,12641.14
7313950678,4499627,13/06/2001,76.0,1,12370.75
5026374681,4537402,08/12/2000,60.0,1,17696.25
1856077726,4537405,30/06/1998,60.0,1,16453.71
2100445895,50181617,27/12/2017,62.0,1,7505.41
2039254451,4540724,14/08/2025,110.0,1,13851.31
7209131514,4501036,02/04/2025,109.0,1,12935.78
4541934001,4501088,22/02/2023,108.0,1,11018.52
8256287691,4500021,27/12/2020,80.0,1,12975.13
6489809187,4501085,27/07/2020,108.0,1,11613.79
6114495184,4501084,25/10/2019,90.0,1,12963.76
4693658105,4501086,30/05/2019,108.0,1,10770.54
2047243934,4500020,04/04/2019,80.0,1,9469.15
9039860642,4501038,21/01/2018,109.0,1,7897.42
2590593828,4501087,15/06/2017,108.0,1,8801.75
4971861372,50178506,13/07/2016,28.7,1,10005.22
1360668878,4540725,20/03/2016,127.0,1,8401.2
9910532449,4540743,09/12/2013,104.0,1,7278.09
9039300514,4500019,27/09/2012,100.0,1,11652.15
7899115141,4537879,02/02/2011,130.0,1,8912.11
6438851883,4537878,08/01/2007,132.0,1,9542.11
7663949807,4501037,11/11/2002,90.0,1,16067.75
3504215695,4497939,21/01/2002,100.0,1,10928.65
9239040623,4500071,23/07/2025,109.0,1,13460.42
3648343345,4505269,11/01/2022,66.0,1,19497.82
5528836516,4505268,04/07/2019,60.0,1,17590.54
1123139994,4500069,21/12/2017,109.0,1,10874.98
5579186449,4500070,13/07/2017,109.0,1,9684.3
4219058114,4505267,18/09/2013,61.0,1,19014.85
1021772664,4500380,12/06/2013,302.0,1,4126.34
1947866176,4500381,17/05/2012,164.0,1,3945.9
5051765743,4499564,06/10/2011,60.0,1,12437.04
1057360499,4505266,12/06/2011,60.0,1,14517.53
4440511161,4499565,09/05/2006,61.0,1,12018.26
8955851182,4500382,18/11/2002,165.0,1,10016.26
9211825835,4500073,22/04/2001,97.0,1,15731.24
9403907901,4497017,01/04/2025,117.0,1,11649.57
4426317683,4503902,18/03/2024,165.0,1,8862.01
4718167955,4503755,07/11/2021,106.0,1,16016.86
3557825462,4497018,25/02/2020,115.0,1,7579.32
4983247994,4500559,18/08/2019,89.0,1,12332.71
4064893132,4500561,03/10/2017,124.0,1,9128.32
2974003504,4497020,13/01/2017,77.0,1,16080.61
5813934140,4503756,04/08/2016,106.0,1,9391.26
8954536412,4505398,10/09/2014,118.0,1,11068.62
4504379757,4500560,25/04/2013,89.0,1,11979.79
8000651477,4497016,05/12/2012,122.0,1,10802.78
9756951305,4501424,04/02/2010,96.0,1,14307.36
8964056853,4500558,15/08/2008,120.0,1,8928.52
8964567028,4505399,17/07/2003,100.0,1,15845.46
6446129954,4499751,29/03/2001,120.0,1,10961.85
3559489897,80410951,08/09/2024,107.5,1,13813.78
9654029348,4499239,22/06/2023,149.0,1,10899.24
8600229481,4537250,19/07/2021,256.0,1,5059.68
9035702452,80410950,06/12/2020,108.4,1,13765.13
5114213674,80410947,04/07/2019,110.4,1,13408.94
7983913917,4500692,04/12/2018,92.0,1,12677.69
4429035574,80410952,08/11/2018,108.3,1,12302.33
4150288051,80410948,22/03/2017,108.0,1,11390.98
1449465613,4499229,27/06/2012,60.0,1,17759.88
1908357535,4499230,07/06/2001,60.0,1,19650.83
3301270115,4499238,12/04/2001,120.0,1,13328.91
4977050530,50178656,30/04/2025,96.0,1,13218.75
5705906170,4540791,26/01/2023,97.0,1,10824.74
8144116500,50178636,03/10/2022,51.7,1,21340.39
6679969560,50178614,18/09/2022,90.0,1,12854.63
9839163516,50178613,13/07/2022,138.2,1,11893.21
4458495146,4500566,25/10/2020,130.0,1,12157.34
7653524059,50178653,02/08/2020,85.4,1,14049.05
9098191166,50178638,30/05/2018,60.2,1,16160.29
8671195616,4538068,10/05/2018,113.0,1,10441.84
8834363162,4494265,13/07/2017,100.0,1,9608.74
3707919166,4497749,03/01/2016,72.0,1,14496.66
5007433384,4497312,02/12/2015,103.0,1,11901.98
3197668782,50178610,12/05/2014,72.7,1,13952.78
4377456637,50178622,14/01/2014,181.0,1,7682.46
9103789714,4497313,05/12/2012,103.0,1,13321.37
1167654775,4503896,05/11/2012,107.0,1,12013.13
9603685345,4494267,19/09/2010,100.0,1,10606.12
9495504439,4497311,29/08/2010,90.0,1,10878.33
4987736976,4497314,25/07/2007,90.0,1,12138.74
9247633225,4497310,14/06/2007,100.0,1,9740.34
4211250685,4494266,22/02/2007,107.0,1,8902.62
1125238232,4538070,22/06/2006,140.0,1,6835.97
5160910337,4501313,21/09/2005,100.0,1,11094.36
2100866358,4494263,25/02/1999,107.0,1,10797.22
6412475248,4500703,29/09/2019,67.0,1,11613.52
7976291352,4540717,05/04/2016,60.0,1,12509.85
6674896865,4500704,08/06/2014,60.0,1,15670.05
1421057265,4540718,11/06/2013,60.0,1,14088.24
7590278447,4540723,10/05/2013,257.0,1,5487.52
2309806174,4500702,14/09/2011,60.0,1,13205.11
1716317007,4540719,06/03/2008,100.0,1,7198.73
9342278627,4540722,25/02/2008,120.0,1,9119.61
8899108954,4500705,24/06/2003,60.0,1,17048.49
4513655043,50181431,09/06/2025,99.7,1,12791.61
5011598144,50181312,25/07/2023,82.0,1,16495.06
2246044173,50181445,26/12/2019,99.8,1,11759.03
1665454023,50181315,08/12/2019,90.0,1,17236.06
2115999058,50181300,16/07/2015,89.0,1,14538.21
9762995940,50181304,14/07/2014,99.0,1,10311.39
4122760543,50181433,09/04/2014,103.1,1,11884.52
8297532843,50181305,30/07/2013,85.0,1,13650.1
6315768792,50181419,12/06/2013,94.3,1,12752.74
5819459620,50181446,18/01/2011,149.1,1,9062.15
4449917092,50182263,20/07/2025,70.1,1,11612.71
8008161397,50182298,22/05/2025,62.9,1,9152.36
8512243740,50183025,21/05/2025,75.7,3,9599.51
3683337048,50182243,07/01/2025,65.5,1,9397.2
7943877312,50183011,09/12/2024,73.3,3,12286.68
6792970842,50182292,01/08/2024,70.1,1,11503.49
4203634844,50182278,31/03/2023,72.2,1,11379.35
9641628150,50183014,16/11/2022,73.3,3,10866.86
4161223789,50182297,04/10/2022,62.9,1,10045.93
6031148041,50183003,21/07/2022,108.3,3,11951.69
7132754824,50183010,27/06/2022,75.7,3,12433.42
7123710349,50182261,03/04/2022,62.9,1,14629.99
6709044335,50183016,31/03/2022,95.5,3,10942.41
3990093524,50183007,15/03/2022,73.3,3,13393.59
5551733041,50183038,14/03/2022,91.8,1,13899.78
1075381159,50183028,14/10/2021,94.0,3,12414.15
2401120193,50182282,12/10/2021,62.9,1,12778.27
6589761649,50182300,08/08/2021,62.9,1,9674.02
7774760160,50183050,24/01/2021,140.3,1,11075.02
6242550929,50182303,08/11/2020,94.0,1,10622.56
8617220006,50183062,21/09/2020,74.7,1,10230.3
4319151763,50183082,09/08/2020,116.7,1,9801.19
8274712435,50183073,25/06/2019,116.7,1,10424.86
5239265160,50183033,23/01/2019,121.8,3,9948.92
2994218683,50183048,21/11/2018,95.7,1,12456.6
5870655795,50182286,16/10/2018,84.8,1,11568.4
7656589818,50182281,28/01/2018,62.9,1,19137.46
3496545573,50182271,01/02/2017,94.0,1,9712.27
9220404680,50182269,01/02/2017,84.8,1,9937.81
3603011698,50182293,19/12/2016,84.8,1,9173.1
5091030100,50183054,15/09/2016,70.5,1,12373.41
7920084485,50183027,16/05/2016,73.3,3,9026.16
9274431145,50183053,04/02/2016,70.5,1,9558.16
7539177497,50183070,10/06/2015,70.5,1,13141.46
9150740424,50183080,17/04/2015,73.5,1,13484.29
7204767549,50183055,11/09/2014,73.5,1,11008.97
1721697291,50182279,13/04/2014,94.1,1,11111.42
5060217745,50182302,31/03/2014,84.8,1,10641.96
7577671462,50182294,25/04/2013,94.0,1,10414.71
8978498026,50182276,05/12/2012,72.2,1,12502.75
2482424677,50182288,21/11/2010,62.9,1,12151.45
3380064815,50182277,27/07/2010,72.2,1,13142.82
9653255544,50183074,04/02/2001,100.0,1,13855.27
4727756379,50183081,29/12/1999,120.0,1,11818.37
7679450878,50183749,07/08/2024,117.87,1,12094.6
3693577898,4504713,28/12/2022,65.0,1,15000.0
9799055322,4551429,14/04/2022,90.0,1,15878.42
2928384999,4504715,11/11/2021,108.0,1,13660.35
9303882759,4497849,24/09/2020,113.0,1,14113.79
7936715387,4503141,13/02/2019,138.0,1,10061.07
9742543615,4540714,07/06/2018,65.0,1,13853.84
5028460187,4551357,16/11/2017,60.0,1,13116.41
3900020164,50183752,16/08/2017,117.87,1,11252.86
5650925897,4540713,11/04/2011,100.0,1,11374.0
4862482022,4504714,27/03/2011,72.0,1,9589.02
7161883492,4497850,15/12/2010,100.0,1,9386.51
5069744729,4540712,25/10/2010,60.0,1,6290.93
3624911561,4540715,04/04/2008,130.0,1,7598.02
1300000555,50183753,18/04/1999,112.55,1,13565.57
7691188418,4512056,12/12/2022,106.0,1,13018.87
7083842125,4540749,25/10/2022,120.0,1,10029.98
9062961746,4512055,23/03/2017,236.0,1,4738.93
9914996713,4494937,27/01/2014,68.0,1,11020.37
5298746934,4512054,09/08/2001,90.0,1,12556.77
1946812349,4511069,23/10/2022,160.0,1,8713.55
9759304908,4496658,23/06/2017,160.0,1,12226.77
8642659139,4499486,27/08/2012,90.0,1,16827.93
5790285810,4516552,11/10/2011,180.0,1,9600.52
2490305867,4496659,04/06/2004,165.0,1,10750.05
1910169850,4499485,11/06/2003,155.0,1,11564.11
1238444502,4499487,24/05/2000,100.0,1,17586.88
5707811569,4536972,09/04/2025,250.0,1,8272.0
5414728952,4515161,04/03/2024,187.0,1,11020.66
3065984652,4515163,12/05/2021,183.0,1,12105.06
3264106609,4499901,03/01/2021,266.0,1,8956.89
6355672795,4497763,30/10/2016,180.0,1,10312.73
7393066544,4499902,27/11/2013,260.0,1,3918.74
6876793194,4496890,23/07/2012,124.0,1,14606.02
3903885954,4499903,27/02/2012,200.0,1,11745.96
1536285179,4497762,24/01/2012,180.0,1,11979.97
8716081540,4499904,05/10/2008,200.0,1,11183.87
4689160455,4537811,14/01/2007,132.0,1,12155.4
9084015069,4537809,23/08/2004,120.0,1,16205.55
7404069569,4499900,30/03/1999,284.0,1,9203.2
9320256411,50182739,12/12/2025,86.8,1,9606.17
2355290275,50182762,15/09/2025,87.2,1,10668.02
1515267626,50182793,11/08/2025,86.8,1,10422.39
1365863543,50182758,03/03/2025,87.2,1,9234.01
1243415473,50182766,11/02/2025,87.2,1,10662.47
8290377263,50182795,15/09/2024,83.3,1,10926.17
5745244829,50182783,01/09/2024,83.3,1,10351.11
6442864464,50182749,07/07/2024,83.3,1,10706.97
2841662256,50182751,23/06/2024,86.8,1,11071.04
3541447469,50182742,01/01/2024,87.2,1,10082.88
7858862290,50182791,21/12/2023,83.3,1,10913.71
8783219950,50182740,09/12/2023,67.5,1,11597.71
4865156406,50182977,22/11/2023,119.5,1,13645.87
9781825260,50182743,13/11/2023,86.8,1,10919.74
9556952357,50182808,06/08/2023,87.2,1,9340.19
4324571426,50182752,23/04/2023,67.5,1,10889.49
9898440633,50182764,03/05/2022,67.5,1,10996.89
4553068207,50182774,04/07/2021,86.8,1,11966.19
4122692251,50182797,03/05/2021,86.8,1,10453.54
7783950202,50182753,28/04/2021,83.3,1,11023.68
9470578282,50182971,18/11/2020,131.2,1,9948.6
3502777978,50182784,13/11/2020,87.2,1,10328.29
2306646418,50182767,24/09/2020,86.8,1,9186.97
2249824764,50182786,23/06/2020,67.5,1,12651.62
3666789733,50182794,23/06/2020,67.5,1,11465.53
7085160812,50182806,19/01/2020,67.5,1,12328.57
8399430343,50182738,16/12/2019,87.2,1,8817.41
5156136556,50182799,12/12/2019,83.3,1,10687.63
1664562690,50182761,10/12/2019,83.3,1,9877.96
4663506785,50182975,09/09/2019,83.9,1,13016.43
6317536953,50182787,07/02/2019,83.3,1,11417.44
5893222688,50182775,24/10/2018,67.5,1,10692.39
8685989953,50182802,09/10/2017,67.5,1,9553.29
1662206170,50182778,27/03/2017,67.5,1,10148.33
5714624526,50182805,20/09/2016,86.8,1,9239.36
8691645245,50182970,11/09/2016,83.9,1,10481.05
3882440494,50182811,31/08/2016,83.3,1,10584.7
3324944773,50182810,22/05/2016,67.5,1,9263.18
1217833008,50182770,18/12/2015,87.2,1,9086.61
4308473868,50182746,07/12/2015,87.2,1,10115.29
4519822704,50182798,02/07/2015,67.5,1,10040.85
1200290447,50182789,15/03/2015,86.8,1,4996.55
6499056098,50182744,26/10/2014,67.5,1,11577.7
3171709298,50182781,08/04/2014,86.8,1,11104.82
2306969988,50182981,18/03/2014,83.9,1,12320.64
1439056026,50182748,02/01/2014,67.5,1,11595.42
4525403646,50182768,01/01/2014,67.5,1,8634.89
3148503145,50182777,07/04/2013,86.8,1,10560.87
6968332990,50182982,01/01/2013,83.9,1,13280.38
9610529628,50182755,11/07/2012,86.8,1,11421.25
4824059670,50182963,10/12/2011,83.9,1,11694.8
8192995006,50182782,07/05/2009,67.5,1,10946.88
9196362162,50182780,04/03/2001,87.2,1,13619.29
4578405568,4499539,28/09/2008,140.0,1,8519.33
6276116741,50182821,10/08/2025,83.3,1,10288.71
2383989474,50182643,28/07/2025,86.7,1,11463.67
5531061479,50182638,02/07/2025,101.7,1,9772.83
8400414333,50182849,10/06/2025,83.3,1,10320.08
7772309417,50182816,04/06/2025,67.5,1,11686.1
1391867127,50182822,28/04/2025,87.2,1,10240.83
3235569417,50182832,10/04/2025,67.5,1,12115.56
2603849384,50182840,20/03/2025,67.5,1,11790.27
6391870537,50182813,11/02/2025,67.5,1,12043.89
5926027644,50182681,28/12/2024,110.0,1,6652.26
3337452856,50182639,28/10/2024,86.7,1,10060.09
3585946702,50182705,05/01/2023,82.4,1,13956.31
3940293410,50182812,03/05/2022,86.8,1,10017.74
6353708952,50182652,14/03/2022,66.2,1,12462.24
1243502053,50182819,20/12/2021,86.8,1,11507.67
7771111651,50182655,10/10/2021,86.3,1,10003.37
7519821887,50182631,04/08/2021,86.7,1,10948.71
9863444819,50182848,05/07/2021,67.5,1,9956.71
2365256531,50182682,20/06/2021,174.6,1,9561.13
5161558983,50182656,05/05/2021,66.5,1,11668.5
1972569712,50182702,08/03/2021,130.1,1,9551.46
9679602118,50182815,13/01/2021,86.8,1,9994.84
5889743007,50182833,30/09/2020,83.3,1,10865.33
5534154602,50182729,20/05/2020,90.6,1,8924.7
6260704661,50182634,15/01/2020,99.8,1,10288.59
6997182392,50182625,01/01/2020,84.6,1,10788.56
9534072356,50182688,29/05/2019,109.4,1,9101.2
2344146481,50182731,20/03/2019,131.4,1,11589.11
1831404240,50182644,06/02/2019,63.7,1,12423.92
4205031424,50182666,31/01/2019,137.0,1,10370.11
9027554516,50182830,22/11/2018,87.2,1,10936.66
4864269884,50182814,18/11/2018,87.2,1,11419.16
5314901465,50182658,04/09/2018,103.9,1,9423.2
6713583418,50182657,11/01/2018,89.8,1,8884.54
9397155931,50182646,21/11/2017,100.1,1,9655.07
1557217155,50182710,07/08/2017,106.4,1,7183.97
6948786012,50182680,01/06/2017,128.8,1,8022.12
8032287112,50182679,08/03/2017,126.4,1,8295.0
6967019575,50182720,03/02/2017,73.9,1,9122.89
4706789997,50182715,16/09/2016,111.4,1,5683.48
3768175291,50182641,31/07/2016,84.6,1,10437.18
6040875171,50182635,30/05/2016,86.7,1,10566.15
2085922663,50182829,18/11/2015,83.3,1,9675.54
2089644205,50182636,24/09/2015,66.5,1,11631.29
7172042136,50182626,11/05/2015,101.7,1,8744.59
1835256555,50182725,14/09/2014,107.6,1,12153.64
7590932102,50182674,07/09/2014,80.0,1,10625.32
3823989687,50182654,10/04/2014,102.2,1,9591.35
6990771885,50182716,16/12/2013,102.3,1,10358.65
5060408271,50182818,13/12/2013,87.2,1,11573.72
9826746535,50182627,26/11/2013,86.7,1,9773.49
8302454466,50182664,10/10/2013,100.6,1,12851.81
7251177641,50182687,02/07/2013,81.8,1,14184.09
8947351439,50182667,28/05/2013,102.3,1,4480.4
2012612424,50182648,14/04/2013,66.2,1,10755.1
1448125267,50182698,19/11/2012,81.3,1,13551.98
4335310220,50182709,28/12/2011,88.2,1,10457.17
8911375391,50182630,06/11/2011,99.8,1,9625.01
3647991268,50182668,31/08/2011,91.1,1,10638.36
9655247099,50182642,28/08/2011,100.1,1,9430.14
1443730886,50182836,10/03/2009,70.2,1,11076.83
7659399778,50182696,15/05/2000,86.5,1,15813.51
8330408049,50176757,16/12/2025,64.8,1,10235.53
2419565700,50176805,04/12/2025,64.8,1,9650.64
2019422779,50176819,21/11/2025,64.8,1,10517.46
6574141743,50176796,20/11/2025,64.8,1,9202.78
6506146703,50176810,19/11/2025,64.8,1,8180.25
6474645240,50176788,11/11/2025,64.8,1,10517.46
6330710821,50180216,27/10/2025,68.0,1,8910.49
8231265802,50179653,21/09/2025,72.0,1,9790.02
3587248712,50176330,21/09/2025,64.2,1,9485.65
7294856171,50176738,01/09/2025,67.1,1,9004.23
2252271450,50179504,28/08/2025,72.5,1,12740.81
7984108286,50176684,28/08/2025,69.0,1,11040.9
3875400859,50176367,21/08/2025,64.2,1,8899.79
7771487694,50176371,20/08/2025,66.2,1,7767.82
7713817302,50176317,05/08/2025,56.4,1,9624.08
5991832823,50179584,29/07/2025,72.5,1,9792.12
6234840042,50176352,23/07/2025,56.4,1,8895.08
3122580607,50179973,07/07/2025,35.0,1,15415.59
2691964798,50176672,06/07/2025,37.5,1,10096.76
1746191621,50180211,30/06/2025,66.0,1,5429.54
3364911781,50176756,06/06/2025,68.3,1,6915.7
9407612022,50176828,03/06/2025,61.9,1,10072.56
6309024057,50179967,19/05/2025,68.0,1,8743.51
7910524711,50176316,15/05/2025,37.4,1,11229.04
1022548360,50176767,08/05/2025,64.8,1,8811.19
9249764817,50176842,07/05/2025,61.9,1,9757.61
2752922946,50176321,04/05/2025,56.4,1,10223.89
5796198934,50179507,02/05/2025,72.5,1,8721.49
8612991600,50180297,07/03/2025,83.0,1,9644.84
1814838769,50176326,06/03/2025,66.2,1,8415.26
8961450588,50179521,21/01/2025,67.4,1,8302.08
9792816474,50179508,23/09/2024,72.5,1,8457.29
5371714084,50176707,23/09/2024,68.3,1,7953.38
4538080068,50176669,09/09/2024,69.0,1,9719.37
8192695463,50176670,30/08/2024,69.0,1,8556.46
8174471617,50176681,15/08/2024,69.0,1,9182.54
4077726126,50179719,22/07/2024,80.4,1,8349.69
4955368229,50176662,15/07/2024,69.0,1,8825.78
6082823932,50176362,04/07/2024,56.4,1,9182.12
8190504642,50176849,07/04/2024,66.1,1,10909.33
5016622921,50176713,31/03/2024,68.3,1,8621.05
8721108616,50176630,18/03/2024,69.0,1,8391.37
4126182627,50176336,24/01/2024,64.2,1,9181.96
5388140380,50176701,10/01/2024,68.3,1,9874.19
9298039318,50176310,29/12/2023,56.4,1,10746.0
9711294320,50176704,22/12/2023,67.1,1,10387.27
2726314085,50180304,21/11/2023,66.0,1,9110.81
7552815646,50176628,16/11/2023,69.0,1,8714.69
4609030450,50176636,25/10/2023,69.0,1,11143.9
4624678732,50179534,12/09/2023,93.0,1,12614.01
7362553986,50176633,04/09/2023,69.0,1,8722.51
4035164565,50176357,27/08/2023,66.2,1,8612.16
7449618492,50176815,11/08/2023,64.8,1,9740.9
8895242003,50176687,03/08/2023,69.0,1,9590.62
5437908058,50179657,20/07/2023,72.0,1,13277.35
3356687761,50179606,18/07/2023,67.4,1,7921.65
4547545179,50176724,13/07/2023,68.3,1,7891.71
1602547243,50176328,26/06/2023,56.4,1,8818.19
7573338593,50179737,31/05/2023,79.8,1,10409.31
4170133459,50176718,16/04/2023,68.3,1,8845.43
7032744754,50176329,27/03/2023,56.4,1,8527.13
8245572279,50176355,27/03/2023,56.4,1,9060.08
6629602819,50176813,20/03/2023,64.8,1,7267.14
8201064271,50179964,14/03/2023,66.0,1,8729.01
4053523883,50176727,13/03/2023,67.1,1,8959.21
4335066619,50176659,05/03/2023,69.0,1,9765.27
4396627638,50176793,09/02/2023,64.8,1,9104.94
8344347439,50179514,25/01/2023,72.5,1,8965.52
9569996921,50176353,02/01/2023,64.2,1,6697.82
6375727909,50179978,25/12/2022,68.0,1,8020.59
4663071143,50176736,23/12/2022,67.1,1,9388.97
8243964574,50179727,13/12/2022,80.4,1,9203.98
4574107165,50176798,08/12/2022,61.7,1,8914.1
3613807245,50179981,30/11/2022,83.0,1,9657.23
4024378169,50179706,13/11/2022,78.6,1,10389.05
2145616199,50176626,29/09/2022,69.0,1,8747.95
7042115226,50176779,15/09/2022,64.8,1,10246.44
4962899892,50176777,06/09/2022,64.8,1,8693.95
8983595983,50176741,23/08/2022,68.3,1,8851.65
7691973349,50176369,17/08/2022,56.4,1,9187.96
8527911761,50179505,15/07/2022,72.5,1,8784.98
4160546930,50179516,14/07/2022,72.5,1,8501.59
4736290050,50176638,22/05/2022,69.0,1,10757.82
7650706693,50176785,20/05/2022,64.8,1,8182.21
6268335242,50176322,17/05/2022,64.2,1,8589.02
6090488918,50176820,26/04/2022,61.7,1,9738.31
7038638285,50176799,23/03/2022,64.8,1,9166.67
7210533182,50176364,27/02/2022,64.2,1,8133.19
3521957869,50176311,04/01/2022,64.2,1,10461.81
5614426655,50176365,28/12/2021,66.2,1,10220.76
7381197862,50179590,26/12/2021,72.5,1,10914.41
4105109410,50176366,24/12/2021,56.4,1,10980.04
6972763249,50176315,26/11/2021,66.2,1,6632.67
1157968245,50176705,26/11/2021,68.3,1,11143.14
9315605540,50176363,25/11/2021,56.4,1,10172.6
2441162960,50176731,24/11/2021,67.1,1,9073.94
3180822112,50176737,22/11/2021,68.3,1,11057.43
2543645664,50176712,18/11/2021,68.3,1,10285.98
7955166995,50176640,15/11/2021,69.0,1,11199.79
2085964379,50176722,27/10/2021,68.3,1,9850.24
1961870337,50176809,19/09/2021,61.7,1,11545.94
2048864429,50179975,12/09/2021,68.0,1,9979.06
7436027261,50176624,23/08/2021,37.5,1,16226.55
9453694242,50176631,09/08/2021,69.0,1,10212.14
1302563750,50176845,01/08/2021,62.0,1,7851.56
7255569852,50176721,19/07/2021,68.3,1,9482.26
7703384316,50176641,08/07/2021,69.0,1,10625.74
4160899787,50176841,08/07/2021,69.6,1,10358.57
2819572718,50176763,04/07/2021,64.8,1,9428.7
5475085262,50179715,11/05/2021,80.4,1,10585.17
3477504071,50176314,02/05/2021,64.2,1,8187.65
8527742556,50179654,22/04/2021,61.0,1,11341.79
5562295290,50176649,20/04/2021,69.0,1,9388.73
6813019734,50179968,02/03/2021,66.0,1,8933.67
8371074390,50179954,26/01/2021,68.0,1,6855.11
2747563340,50176732,21/01/2021,68.3,1,7583.33
2868684128,50176749,07/01/2021,67.1,1,10034.64
6821602827,50176685,27/12/2020,69.0,1,10342.5
9741477740,50176354,10/12/2020,66.2,1,7055.96
7343675477,50176331,26/11/2020,66.2,1,7098.07
8267270703,50176345,05/11/2020,64.2,1,7725.81
7610584761,50176725,28/10/2020,67.1,1,10893.59
7677872874,50179982,14/10/2020,66.0,1,7982.09
3197653012,50179956,14/10/2020,68.0,1,7069.43
4677888897,50176356,04/09/2020,64.2,1,7659.63
1665189392,50176660,03/08/2020,69.0,1,7921.31
6169844392,50179532,05/06/2020,93.0,1,12195.67
7938940279,50176677,01/06/2020,69.0,1,8702.28
4662794889,50176680,16/03/2020,69.0,1,8364.58
5167975134,50176846,12/03/2020,62.0,1,9741.94
6124454313,50176651,01/03/2020,69.0,1,8364.58
2142270339,50176678,20/01/2020,69.0,1,8559.1
2919498689,50176675,01/12/2019,69.0,1,9383.71
8363824944,50179966,23/09/2019,66.0,1,8273.32
9994616691,50176683,19/09/2019,69.0,1,8704.98
7776062502,50176319,19/09/2019,64.2,1,6166.33
8549381943,50176829,10/09/2019,66.1,1,10326.01
7311680448,50179674,10/09/2019,43.0,1,11270.0
2228489742,50176637,02/09/2019,69.0,1,8704.98
5149749028,50176323,19/07/2019,66.2,1,7246.86
8414003838,50176320,01/07/2019,66.2,1,7660.97
7799421395,50176764,07/06/2019,64.8,1,9122.02
6544348034,50176744,12/05/2019,68.3,1,7439.76
6052209604,50176782,05/04/2019,64.8,1,8502.04
4765280534,50176803,28/03/2019,61.7,1,9647.97
2821624979,50179720,12/03/2019,79.1,1,10325.91
3331901174,50176663,17/02/2019,37.5,1,9626.43
5444253763,50179587,28/01/2019,67.4,1,7852.85
5433928323,50176343,16/01/2019,66.2,1,6732.8
4538279082,50176844,31/12/2018,69.6,1,6864.67
1196472967,50176766,24/11/2018,64.8,1,8224.34
2255385883,50176654,12/11/2018,37.5,1,11219.73
1332282148,50176778,26/10/2018,64.8,1,9948.42
1099964387,50179510,16/09/2018,72.5,1,7330.97
3212560240,50176790,04/09/2018,64.8,1,10144.69
2364097198,50176665,14/08/2018,69.0,1,9811.94
2672564428,50176719,07/08/2018,68.3,1,8379.64
8002869417,50176754,19/06/2018,68.3,1,7099.33
3426714669,50179969,31/05/2018,68.0,1,8175.21
3237079537,50176313,08/05/2018,56.4,1,8131.72
9788580666,50176643,03/05/2018,37.5,1,7968.1
1768829939,50179711,01/05/2018,80.4,1,10544.39
9881119661,50176797,19/03/2018,64.8,1,8204.11
2584489722,50176661,04/01/2018,69.0,1,7404.23
1711331685,50176706,31/12/2017,67.1,1,8521.13
1135844179,50179958,25/12/2017,35.0,1,11953.34
2736814078,50179962,20/12/2017,66.0,1,7395.37
9138334821,50179960,31/10/2017,66.0,1,6236.43
2068655816,50176370,18/10/2017,64.2,1,6731.85
1358126103,50176770,29/08/2017,61.7,1,8421.56
1825153575,50176775,31/07/2017,64.8,1,9087.63
5479156888,50176843,20/07/2017,69.6,1,6606.99
3923503790,50176832,20/06/2017,66.1,1,7607.38
8311180386,50176852,12/06/2017,66.1,1,7920.01
6995705679,50180330,28/05/2017,68.0,1,5424.36
7727974955,50179955,17/05/2017,83.0,1,7696.78
8613697141,50176759,14/05/2017,61.7,1,9003.35
7163530931,50180202,24/04/2017,68.0,1,8666.83
8014875570,50176324,02/04/2017,56.4,1,6677.7
5812640147,50179983,31/03/2017,83.0,1,9432.18
9072165603,50176341,28/03/2017,56.4,1,8675.43
4686730695,50179604,27/03/2017,72.5,1,6556.06
8878395738,50179680,23/03/2017,43.0,1,9103.15
3852253072,50179733,03/01/2017,79.8,1,9819.38
6299016537,50179972,10/11/2016,35.0,1,10084.76
9585006020,50179724,09/10/2016,79.1,1,8000.33
7692401579,50179965,28/09/2016,35.0,1,11657.81
8380584239,50176789,14/09/2016,64.8,1,7273.72
9442896484,50176348,03/07/2016,64.2,1,6150.01
3327286004,50176728,29/06/2016,68.3,1,5926.34
2683698520,50176340,28/06/2016,56.4,1,7022.96
3954209490,50176359,21/03/2016,64.2,1,5919.16
4901352690,50176740,11/02/2016,67.1,1,5738.56
8712062949,50176826,27/12/2015,66.1,1,4975.81
5373662879,50176657,20/07/2015,69.0,1,10045.81
6674141540,50179605,18/06/2015,72.5,1,7241.4
7558476100,50179676,21/05/2015,43.0,1,9978.15
3186591458,50176642,17/05/2015,69.0,1,10401.46
6267897636,50179963,17/05/2015,68.0,1,6309.71
1905047486,50179961,28/01/2015,68.0,1,7778.66
9095458291,50179529,20/01/2015,97.0,1,10245.18
8188809785,50176787,07/01/2015,61.7,1,7403.88
2650464026,50180328,05/01/2015,68.0,1,8910.1
1670599008,50176349,02/01/2015,66.2,1,6852.17
8692810211,50176812,28/12/2014,64.8,1,8838.48
5808542961,50176307,03/07/2014,56.4,1,7590.23
5670130720,50176346,09/03/2014,66.2,1,6692.07
1487265115,50176839,09/02/2014,61.9,1,10829.15
9732840407,50176360,01/01/2014,66.2,1,6792.01
3036259107,50176648,11/12/2013,69.0,1,5972.48
6598285011,50176658,08/12/2013,69.0,1,8532.12
1633816459,50176632,28/11/2013,69.0,1,6152.6
4606706497,50180295,21/10/2013,39.0,1,10718.85
3250633129,50179502,09/07/2013,67.4,1,6551.8
8488176882,50176784,26/06/2013,61.7,1,7909.32
6614710700,50179985,11/06/2013,83.0,1,6929.5
3201697820,50179667,08/05/2013,61.0,1,8149.63
6695400180,50176308,05/05/2013,64.2,1,5546.71
9576086608,50179970,27/12/2012,66.0,1,7659.26
9751529767,50176772,23/09/2012,64.8,1,7540.72
6859993587,50179957,12/09/2012,83.0,1,7472.23
4722497099,50179522,29/08/2012,72.5,1,7311.45
9675483849,50179683,08/08/2012,43.0,1,9465.71
2373256516,50180306,30/07/2012,66.0,1,9113.5
1986951971,50179603,10/05/2012,72.5,1,8233.15
8650595599,50179663,22/04/2012,61.0,1,8702.69
9415123023,50179497,08/03/2012,72.5,1,7218.53
9225071842,50176814,18/08/2011,61.7,1,5654.71
5937192881,50176682,16/08/2011,37.5,1,10596.09
2751471194,50176835,30/06/2011,62.0,1,7961.23
8089387727,50176711,03/06/2011,68.3,1,3259.18
3528702059,50179613,27/04/2011,72.5,1,6356.46
5210522110,50179495,11/04/2011,72.5,1,5815.48
4256270196,50176327,12/09/2010,37.4,1,9358.34
9015460177,50176823,03/09/2010,62.0,1,6842.66
6364528615,50179523,26/08/2010,67.4,1,6947.2
8506817434,50179665,21/07/2010,61.0,1,7601.19
3587625505,50176690,06/08/2009,69.0,1,6720.81
3861357963,50176850,18/06/2009,61.9,1,6663.57
2756360214,50176342,10/08/2008,64.2,1,6763.37
5402891508,50176337,19/05/2008,77.0,1,4900.66
1347926122,50176830,19/02/2007,66.1,1,7564.68
5508514524,50179716,13/06/2005,79.1,1,10575.27
7541405354,50176664,12/07/2001,69.0,1,11177.25
6418922204,50179668,10/01/2001,43.0,1,14095.13
3209324438,50179671,27/03/2000,43.0,1,13892.99
6326011708,50182053,11/12/2025,77.0,1,10582.66
1720815205,50182061,21/09/2025,62.0,1,9744.9
1166078164,50182058,20/05/2025,62.0,1,8828.57
6369376412,50182055,12/05/2025,77.0,1,10172.82
7712915425,50181996,26/02/2025,62.0,1,7535.8
3745179979,50181940,31/07/2024,77.0,1,9403.4
7688689228,50182013,24/06/2024,77.0,1,10358.47
5935010349,50181994,11/01/2024,62.0,1,9507.77
3517268454,50182014,10/01/2024,62.0,1,8863.18
9708349730,50182018,23/08/2023,62.0,1,9523.98
1985233503,50182057,30/05/2023,77.0,1,9669.58
1134603632,50182011,05/03/2023,62.0,1,8484.15
6144825303,50182062,05/12/2022,62.0,1,9274.19
2547214346,50182052,29/04/2022,62.0,1,3621.54
3687104502,50182007,18/11/2021,62.0,1,5476.73
9608063595,50181914,09/07/2021,61.0,1,10176.32
9788553733,50182008,18/03/2021,62.0,1,6135.51
4985501804,50181995,04/03/2021,62.0,1,7771.64
8711048772,50182054,08/12/2020,62.0,1,8203.63
9143509288,50181921,15/10/2020,61.0,1,6909.09
6388333255,50181933,12/08/2020,61.0,1,7648.93
8085032956,50182048,23/05/2019,62.0,1,9081.76
4998222555,50182004,05/12/2018,62.0,1,7819.47
8002369097,50181928,02/09/2018,61.0,1,7337.3
8811389054,50182012,06/02/2018,62.0,1,4745.61
5052487238,50182060,22/10/2017,62.0,1,9250.03
7684572433,50182050,29/03/2015,62.0,1,8902.95
5154064065,50181997,05/06/2014,62.0,1,7120.75
5056874853,50181942,15/03/2013,77.0,1,7108.75
3502065460,50182002,12/02/2013,62.0,1,8435.22
3586596494,50181906,28/02/2012,61.0,1,8985.98
5027321764,50181912,26/07/2011,61.0,1,8708.6
3661186291,50182000,11/04/2002,62.0,1,13084.01
5726057561,50181559,03/08/2023,62.0,1,8210.3
7520742667,50181540,04/12/2022,62.0,1,9193.55
4524265596,50181541,26/07/2021,62.0,1,10544.33
5298898981,50181604,04/09/2017,62.0,1,8849.57
3221529295,50181539,16/12/2016,62.0,1,7904.25
5082943128,50181557,22/12/2015,62.0,1,9162.94
8359278120,50181542,17/03/2015,62.0,1,7478.48
4384196135,50181582,23/05/2013,62.0,1,9951.65
9016915072,50181606,18/08/1999,62.0,1,12900.76
1336358458,50186179,10/08/2025,79.9,1,12514.28
3277002578,50186199,20/07/2025,108.0,1,11832.14
2102248589,50186117,27/05/2025,83.5,1,14240.92
5811326331,50186171,06/04/2025,105.0,1,11459.05
6894718267,50186105,10/03/2025,103.8,1,15153.76
8837693727,50186196,02/01/2025,81.5,1,14646.98
2251224924,50186107,28/03/2024,83.1,1,14053.22
1707495898,50186390,05/03/2024,99.8,1,13569.95
9348840936,50186101,03/03/2024,83.1,1,14407.5
2421972054,50186191,25/06/2023,104.2,1,12906.57
5490368800,50186189,21/03/2023,110.1,1,14560.41
7677183829,50186181,05/03/2023,110.1,1,14105.39
7384321503,50186124,02/11/2022,104.5,1,13135.45
5562284659,50186100,22/06/2022,83.5,1,14152.59
1542726172,50186098,11/04/2022,103.8,1,14810.4
9386077742,50186178,10/03/2022,108.2,1,11894.64
3712214676,50186122,18/01/2022,112.6,1,13734.32
3650517585,50186115,24/11/2021,104.1,1,15521.85
9238812858,50186392,18/10/2021,98.9,1,12039.89
7499554947,50186177,16/06/2021,108.2,1,11942.87
5784363481,50186180,07/06/2021,79.9,1,14083.62
6464293049,50186123,11/04/2021,105.2,1,11957.3
7058226854,50186197,12/11/2020,115.9,1,11261.91
1131844943,50186113,14/09/2020,104.1,1,14426.75
8700603764,50186119,18/02/2020,86.5,1,12866.99
8300856181,50186168,01/10/2018,110.1,1,10819.39
4990377076,50186175,14/12/2017,116.1,1,11050.75
4104149819,50186112,19/01/2017,105.2,1,11005.05
8907203404,50186373,28/10/2016,101.7,1,11753.58
3918374940,50186184,21/08/2016,105.0,1,11241.41
3739049417,50186193,08/06/2016,104.2,1,10127.54
6099960965,50186192,30/03/2015,107.3,1,13228.19
1868586489,50186121,18/11/2014,113.3,1,12179.57
6705930575,50186096,25/05/2014,98.2,1,13328.52
5286733839,50186109,27/07/2013,87.8,1,14989.91
2985080861,50186099,30/06/2013,104.1,1,13393.85
5489710063,50186186,28/02/2002,104.2,1,14144.1
6869472976,50186198,28/12/1999,118.2,1,13942.08
1151478258,50179641,16/11/2025,43.2,1,7997.65
5235774335,50179473,10/03/2025,55.8,1,7886.28
3043306236,50179577,26/01/2025,55.8,1,7855.24
2938604167,50179768,19/12/2024,61.7,1,10035.2
7996018746,50179544,14/11/2024,117.0,1,11603.97
8346929160,50179566,08/11/2024,55.8,1,9698.33
6467103082,50179541,06/11/2024,96.0,1,13647.85
5783121034,50179644,21/10/2024,43.2,1,11915.44
9999967444,50179639,02/06/2024,43.2,1,10899.85
7833743298,50179632,29/05/2024,43.2,1,7623.71
5443866279,50179542,10/04/2024,84.0,1,13920.98
9409178772,50179565,15/03/2023,55.8,1,11312.2
5993287658,50179568,24/07/2022,55.8,1,11045.98
5031293119,50179638,27/12/2021,43.2,1,19909.79
2007979416,50179557,24/11/2021,55.8,1,11541.0
4200174445,50179576,15/08/2021,55.8,1,7851.56
5796225787,50179636,16/07/2021,43.2,1,12445.88
1449974023,50179649,08/04/2021,43.2,1,11356.11
6695931168,50179776,04/02/2021,61.2,1,11124.95
3261441723,50179572,11/12/2019,55.8,1,9669.6
4820583820,50179770,01/12/2019,61.7,1,6995.96
4698511941,50179562,15/09/2019,55.8,1,10030.29
3078611349,50179778,24/06/2019,61.2,1,9883.23
4841731065,50179556,29/03/2019,55.8,1,11164.29
2753978974,50179637,17/02/2019,43.2,1,12052.32
6758904733,50179699,10/05/2018,88.0,1,6712.03
8464057894,50179694,22/02/2018,106.0,1,9913.33
6802321470,50179567,17/09/2017,55.8,1,9709.95
3378502918,50179645,27/06/2017,43.2,1,10523.83
6117991407,50179648,05/01/2017,43.2,1,7516.88
7699034313,50179547,13/04/2016,84.0,1,10583.92
3604333181,50179543,07/05/2014,96.0,1,9714.2
1596985916,50179552,17/09/2013,93.0,1,10238.29
6580051077,50179627,10/03/2013,43.2,1,9461.88
1458572939,50179570,19/07/2012,55.8,1,5808.24
2511614699,50179550,08/11/2010,93.0,1,11106.16
3023887605,50175724,20/08/2025,54.0,1,9699.12
5549551485,50175795,06/07/2025,65.0,1,10921.98
5378767439,50175726,22/05/2025,54.0,1,9612.21
1766423747,50175729,18/05/2025,54.0,1,10223.89
8507685832,50175718,03/06/2024,54.0,1,8008.05
8198351873,50175771,22/01/2024,65.5,1,11897.94
2558503050,50175735,05/12/2023,54.0,1,9540.06
7780210823,50175773,13/09/2023,65.5,1,9344.33
7075643313,50175776,07/08/2023,65.0,1,7831.39
4572302275,50175796,26/03/2023,65.5,1,9942.9
5702863176,50175720,26/12/2022,54.0,1,11203.7
8059002878,50175731,05/12/2022,54.0,1,10185.19
2045506366,50175759,17/08/2022,54.0,1,9219.99
4825361666,50175761,13/07/2022,54.0,1,9131.34
3807126147,50175741,10/07/2022,54.0,1,10082.52
9520334312,50175753,19/06/2022,54.0,1,9489.57
6421992195,50175762,28/02/2022,54.0,1,11623.92
3185613365,50175797,31/01/2022,65.0,1,11982.87
9940952584,50175738,20/01/2022,54.0,1,9615.88
7077204537,50175778,23/12/2021,65.0,1,11291.61
4593330194,50175716,19/10/2021,54.0,1,11025.42
8259282272,50175754,17/10/2021,54.0,1,9261.35
5744473590,50175733,02/08/2021,54.0,1,8451.33
2475285239,50175780,29/07/2021,65.0,1,11091.63
8739581735,50175757,27/07/2021,54.0,1,11314.44
2413529093,50175793,07/07/2021,65.0,1,7143.76
5241247596,50175737,16/06/2021,54.0,1,8587.31
9515297395,50175727,05/01/2021,54.0,1,8392.57
1611090919,50175788,30/12/2019,65.0,1,8716.03
1934623909,50175732,27/11/2019,54.0,1,8795.08
3395354745,50175774,26/11/2019,65.0,1,7306.68
2946864482,50175786,04/09/2019,65.0,1,7980.58
6899547781,50175777,02/07/2019,65.0,1,9594.84
5121421484,50175725,17/03/2019,54.0,1,10254.61
1744715034,50175766,31/10/2018,54.0,1,8434.53
4590157982,50175765,09/01/2018,54.0,1,10083.06
6079172596,50175742,07/01/2018,54.0,1,8683.35
2019082622,50175790,10/08/2017,65.0,1,8204.38
9780575687,50175752,21/06/2017,54.0,1,8419.06
8280454412,50175747,23/05/2017,58.4,1,6182.87
2210661977,50175721,12/02/2017,54.0,1,7803.02
1093082713,50175772,05/12/2016,65.0,1,7615.6
4008188027,50175781,12/09/2016,65.0,1,5844.36
6598545750,50175789,03/07/2016,65.0,1,6736.97
6986154119,50175775,01/07/2016,65.0,1,9586.38
4561096330,50175883,22/03/2016,41.6,1,8080.84
3891049177,50175728,06/02/2014,54.0,1,7662.6
7123979694,50175760,10/11/2013,54.0,1,10220.16
6885945508,50175794,11/09/2013,65.5,1,11365.15
4626544800,50175751,06/08/2013,54.0,1,7978.4
1931320959,50175713,24/12/2012,54.0,1,8358.32
3739160224,50175755,22/11/2012,54.0,1,11561.85
7716875771,50175715,20/08/2012,54.0,1,8624.32
3868361453,50175750,10/07/2012,54.0,1,9984.25
6245856851,50175769,29/02/2012,65.5,1,8368.62
2457408740,50175730,07/12/2011,54.0,1,8358.32
4466479651,50175722,23/11/2011,54.0,1,8531.19
9157419358,50175748,27/09/2011,61.0,1,7376.26
1330773772,50175717,17/08/2011,54.0,1,6819.98
1554016640,50175736,20/06/2011,54.0,1,6810.69
5658452238,50175746,11/05/2011,61.0,1,7353.49
5694948262,50175749,25/07/2010,54.0,1,7588.1
1175585308,50175779,17/10/2007,65.0,1,6307.47
4426515824,4501162,30/10/2003,76.0,1,10274.65
2332615498,4537396,28/10/2024,223.0,1,10686.49
3666124991,4498099,16/04/2023,120.0,1,17620.84
4538741134,4496486,01/11/2021,210.0,1,11151.31
8934235153,4498283,11/07/2021,120.0,1,17922.07
7941826796,4497907,06/09/2018,120.0,1,12354.94
9471632914,4498282,23/04/2018,238.0,1,8523.83
4922451327,4505413,13/02/2017,169.0,1,9349.78
1136606327,4504770,27/07/2014,120.0,1,14406.85
1698295016,4496720,28/04/2014,120.0,1,14295.1
6033851247,4538064,31/12/2013,252.0,1,8076.49
4286107506,4497280,15/10/2013,188.0,1,11461.81
1019563548,4498255,09/06/2013,156.0,1,11172.27
1827275980,4495474,11/10/2012,100.0,1,15900.54
8707792599,4495398,06/03/2012,174.0,1,10582.72
3269358727,4498297,02/09/2010,195.0,1,10007.82
9862730038,4551457,26/07/2010,140.0,1,11553.31
1281509594,4496241,17/09/2008,120.0,1,16293.8
1123635236,4495397,09/12/2007,150.0,1,10121.19
2291060141,4498281,14/04/1998,233.0,1,9233.31
4341306343,4500298,18/03/2021,143.0,1,15960.9
8207084102,4501442,29/12/2020,179.0,1,11960.32
6307325917,4500296,18/03/2010,180.0,1,10393.07
1443930824,4500297,11/12/2002,180.0,1,12654.15
7606107390,50181450,07/12/2025,47.0,1,10624.29
6130216525,50181401,07/11/2025,70.1,1,12152.84
9124494652,50181404,19/09/2025,90.3,1,11470.03
6803594518,50181449,11/04/2025,46.0,1,10370.65
4735550368,50181493,07/04/2025,45.5,1,10742.86
5497641740,50181477,27/03/2025,47.0,1,8765.23
8221260702,50181508,29/08/2024,45.5,1,9494.44
9641926100,50181489,10/03/2024,45.5,1,10137.16
1889285916,50181486,15/11/2023,46.4,1,8346.7
9203210770,50181512,07/06/2023,45.5,1,9369.16
5883720813,50181465,28/09/2022,46.0,1,9404.05
8535999003,50181480,30/06/2022,46.0,1,5201.66
8310290191,50181492,15/02/2022,45.5,1,10010.84
7483761615,50181513,02/08/2021,46.4,1,8786.47
3799715712,50178592,20/07/2021,70.1,1,13771.01
3529207238,50181426,14/08/2019,91.9,1,14033.66
8716689132,50181479,04/07/2019,47.0,1,9186.55
6202227739,50181476,16/06/2019,46.0,1,5824.59
8305212031,50178593,04/06/2019,100.1,1,8857.75
8496443471,50181501,31/03/2019,45.5,1,10953.27
5834608834,50178578,30/12/2018,70.1,1,16036.96
8854755025,50181509,06/12/2018,46.4,1,8479.89
2124451862,50181484,15/04/2018,46.4,1,8448.57
5641470674,50181471,16/11/2017,46.0,1,8704.25
7851474583,50181454,01/10/2017,47.0,1,8465.62
1905044156,50181427,19/04/2017,80.0,1,16041.33
6109578291,50178589,25/12/2016,70.3,1,13479.34
5812200698,50181494,06/04/2016,45.5,1,8168.17
2325018515,50181483,31/08/2015,45.5,1,9822.98
9404728192,50181438,01/03/2015,56.2,1,17959.79
3628698257,50181403,26/10/2014,90.3,1,11088.48
7152906041,50181456,03/12/2013,47.0,1,7515.53
4064190926,50181459,17/07/2013,46.0,1,9449.22
1992496804,50181422,30/07/2012,116.1,1,11823.07
1680864756,50181408,10/01/2012,121.8,1,10300.73
5646908917,4497144,06/11/2024,120.0,1,9810.63
2812795477,4497146,26/06/2016,126.0,1,8031.12
7507454571,4497145,03/09/2006,126.0,1,10040.92
8758201798,4508738,18/12/2018,112.0,1,14742.46
6513990443,50175581,01/01/2020,42.4,1,9813.42
6374275745,50175574,07/03/2021,56.4,1,9442.59
2400821421,50175565,08/08/2022,55.0,1,9052.35
4063841797,50175564,09/07/2023,49.3,1,8973.43
3604231456,50175594,13/06/2018,32.0,1,11689.17
5930232802,50175586,14/04/2019,56.4,1,8791.47
6608118015,50175576,14/06/2022,56.4,1,8381.15
1759045580,50175567,15/02/2022,49.3,1,11041.99
1681591174,50175577,16/06/2022,42.4,1,11839.12
7715742893,50175583,23/09/2020,42.4,1,9403.65
2586422872,50175589,24/12/2020,55.0,1,10085.22
4308428682,50175582,25/02/2022,56.4,1,10833.82
2851853010,50177532,05/01/2012,53.5,1,9343.76
3177235333,50177541,06/05/2025,53.5,1,10584.04
1867076912,50177549,09/03/2014,53.5,1,9507.42
4055844997,50177543,09/06/2025,53.5,1,8828.83
5425255834,50177540,13/04/2022,53.5,1,9814.4
6592339312,50177544,14/09/2022,53.5,1,9590.04
3611211334,50177546,16/11/2021,53.5,1,9848.59
2998092794,50177528,18/11/2019,53.5,1,10018.64
9362300543,50177531,20/07/2025,53.5,1,9642.64
2630572650,50177537,21/10/2021,53.5,1,12797.73
9224371416,50177534,22/03/2011,53.5,1,7927.26
7442805180,50177533,22/11/2020,53.5,1,8539.06
8051017120,50177545,25/05/2022,53.5,1,9068.03
9334046698,50177551,26/03/2025,53.5,1,7700.29
8533298529,50177538,28/10/2020,53.5,1,10339.42
4800768833,4504199,10/03/2006,140.0,1,11560.33
3939951358,4606489,10/03/2006,140.0,1,11560.33
2920058094,4504198,10/03/2021,120.0,1,15585.89
3752730094,4606488,10/03/2021,120.0,1,15585.89
6546547143,50179743,01/11/2019,61.0,1,12012.39
8829240206,50179751,04/06/2024,61.0,1,9452.13
7170057468,50179742,04/09/2025,60.0,1,10229.57
1958814257,50179747,06/03/2017,61.0,1,9396.29
5194349959,50179753,16/10/2013,61.0,1,9325.78
8459580115,50179754,20/05/2021,60.0,1,9386.55
2212458662,50179755,20/08/2019,61.0,1,9446.66
1301862317,50179748,22/05/2025,60.0,1,9122.86
2389141746,50179759,22/10/2019,60.0,1,10300.08
3111167392,50179750,25/09/2016,60.0,1,8348.06
4894596518,50179749,28/02/2022,61.0,1,11655.95
3704404586,50179741,28/11/2024,61.0,1,9182.87
3024230877,50179760,30/01/2012,61.0,1,8355.63
5286084997,50177617,01/11/2020,58.7,1,7782.62
4657929817,50177594,02/03/2017,71.4,1,7440.25
4677921308,50177589,02/05/2024,58.7,1,10726.21
9149876190,50177615,04/11/2019,58.7,1,9824.63
2254874672,50177580,04/12/2022,58.7,1,10221.47
5084824745,50177609,05/02/2015,58.7,1,10220.92
6155723768,50177616,10/06/2020,58.7,1,10229.26
5663470629,50177595,12/07/2020,65.8,1,7097.61
2627396846,50177584,13/07/2023,58.7,1,7016.7
6060117464,50177612,14/04/2024,58.7,1,11952.6
1553070268,50177611,14/06/2016,58.7,1,8988.84
5514703112,50177607,15/01/2019,118.3,1,4317.08
5709531758,50177603,17/01/2017,58.7,1,7889.14
3455868539,50177606,21/06/2021,58.7,1,8321.06
8128755643,50177585,25/01/2017,58.7,1,8658.81
8978000535,50177599,26/10/2010,58.7,1,9466.76
6567392964,50177619,28/10/2021,58.7,1,11866.88
2993769603,50177613,29/05/2025,58.7,1,8521.03
7901061544,50177605,30/05/2021,58.7,1,12152.95
5802502777,50177579,31/03/2022,58.7,1,11056.22
2254055728,50177569,06/03/2014,53.5,1,11347.56
9333583913,50177578,08/07/2020,53.5,1,10101.15
1026716707,50177572,11/12/2012,53.5,1,8065.23
3055797579,50177575,14/08/2022,53.5,1,11395.29
6282578649,50177576,17/11/2021,53.5,1,9192.01
6375948250,50177573,19/07/2023,53.5,1,11975.75
7744867060,50177567,20/11/2022,53.5,1,7678.4
3323350186,50177570,26/09/2019,53.5,1,10206.34
4130200168,50177577,27/07/2011,53.5,1,8665.68
7651862532,50181768,08/09/2019,62.0,1,8807.09
4987406806,50181769,17/05/2019,62.0,1,9635.53
7783541024,50181766,23/11/2023,62.0,1,9369.84
5107319053,50181770,24/11/2019,62.0,1,8535.69
1019660293,50177496,04/01/2022,79.5,1,10791.24
3888779326,50177506,04/08/2024,79.5,1,10867.85
7530747942,50177491,12/09/2022,71.4,1,9721.99
9620618488,50177502,13/04/2022,79.5,1,12208.41
6081298121,50177486,14/02/2023,58.7,1,8688.25
1748868081,50177490,19/01/2025,65.8,1,9070.89
5532516898,50177488,19/08/2019,65.8,1,12302.26
4634001893,50177500,21/08/2022,79.5,1,10224.7
5307201963,50177509,22/10/2021,79.5,1,10469.57
5488148948,50177501,23/04/2017,79.5,1,7544.73
8099773004,50177508,23/08/2010,79.5,1,8031.58
1716787742,50177495,24/07/2014,79.5,1,7870.05
6475822113,50177503,24/08/2025,79.5,1,8624.4
6651481915,50177493,30/08/2023,52.7,1,8693.29
4493894966,50175545,02/01/2020,57.1,1,5876.63
9947158665,50175556,05/01/2020,62.1,1,7435.18
7357598702,50175557,06/02/2020,62.1,1,10580.82
7796454269,50175607,06/03/2022,57.1,1,11269.7
3286768752,50175610,06/06/2021,57.1,1,8121.1
8295438301,50175558,08/08/2017,62.1,1,8587.51
6647057387,50175552,10/02/2022,57.1,1,9922.75
9884814044,50175548,10/05/2023,57.1,1,9846.18
7311130383,50175544,11/01/2022,57.1,1,8303.06
1825022308,50175601,12/09/2021,57.1,1,10995.87
2048195965,50175608,13/11/2024,57.1,1,10142.6
7500403764,50175543,17/09/2019,62.1,1,11430.78
5695216680,50175602,20/09/2021,57.1,1,12053.16
2917620719,50175550,21/11/2021,57.1,1,9227.66
6497150817,50175553,22/12/2020,57.1,1,4544.7
2439824380,50175546,24/08/2023,57.1,1,8023.4
2031996349,50175555,24/11/2022,57.1,1,8422.6
5680039930,50175606,24/11/2024,57.1,1,10308.89
6667152568,50175551,26/09/2020,57.1,1,9193.95
4721982317,50175554,28/03/2024,57.1,1,8851.17
6742442536,50175613,30/06/2025,62.1,1,9583.75
3705382861,99000001,11/02/2025,42.6,1,7238.62
9155104652,99000002,16/09/2025,62.2,1,11101.22
7408293341,99000003,09/12/2025,76.1,1,9338.21
4136971423,99000004,17/04/2024,52.5,1,10579.95
6285979874,99000005,05/06/2025,62.2,1,10479.62
6079868891,99000006,01/04/2025,62.2,1,10125.4
5072770452,99000007,17/01/2024,80.2,1,11834.98
5393344240,99000008,01/12/2025,42.4,1,11173.56
6729352650,99000009,15/01/2026,41.6,1,9233.86
9300665593,99000010,04/01/2026,48.1,1,11535.39
2892048143,99000011,02/09/2025,71.5,1,9389.03
4651319024,99000012,18/12/2025,59.5,1,8492.62
5781385247,99000013,16/02/2026,44.4,1,9612.83
3174381084,99000014,02/12/2025,71.5,1,10601.59
9920011128,99000015,27/04/2025,44.0,1,11109.09
7467738051,99000016,06/02/2026,53.5,1,12587.11
7018882129,99000017,14/08/2025,53.5,1,5339.87
8218198245,99000018,26/10/2005,100.0,1,11825.35
2309370351,99000019,30/01/2023,103.0,1,11650.49
5701503906,99000020,10/12/2017,110.0,1,9254.78
9352290795,99000021,08/02/2012,110.0,1,11212.05
4205725849,99000022,13/07/2015,74.0,1,9367.04
6876540660,99000023,08/10/2024,99.0,1,11072.93
1621686996,99000024,12/11/2020,111.0,1,11641.47
5971064035,99000025,01/10/2013,117.0,1,11492.37
1280526027,99000026,02/03/2023,117.0,1,14001.44
7441057095,99000027,22/07/2021,180.0,1,9504.13
8073984384,99000028,10/09/2014,118.0,1,11068.62
6915507120,99000029,30/12/2012,142.4,1,8621.28
2790552810,99000030,06/08/2025,71.8,1,15915.5
5664635813,99000031,22/10/2025,66.1,1,7506.52
8472245498,99000032,30/12/2025,66.1,1,7669.01
2142005047,99000033,16/02/2026,66.2,1,8811.27
7967663322,99000034,20/03/2024,34.6,1,11345.24
1494907658,99000035,22/05/2025,34.6,1,12546.88
1522015297,99000036,04/07/2025,66.2,1,9151.14
6006719474,99000037,02/02/2026,66.2,1,7163.64
3791386650,99000038,25/10/2020,130.0,1,12157.34
8152662889,99000039,11/07/2016,92.7,1,12855.14
9525021854,99000040,30/04/2025,96.0,1,7138.12
8964499832,99000041,14/08/2011,100.1,1,11521.42
4440419742,99000042,26/04/2021,173.0,1,9816.04
7822100168,99000043,04/03/2020,101.8,1,13184.9
9513219389,99000044,06/08/2020,76.4,1,14831.6
6037715505,99000045,25/12/2012,140.6,1,10914.56
5264273451,99000046,23/08/2021,104.4,1,11074.15
3571716892,99000047,21/08/2011,101.1,1,11503.32
3425315180,99000048,09/01/2018,98.7,1,12054.19
8047146912,99000049,14/09/2022,116.0,1,13615.89
9182926170,99000050,14/02/2023,93.3,1,16613.08
8183997410,99000051,12/12/2010,120.0,1,10882.91
2555015648,99000052,26/01/2015,100.0,1,10402.66
1331827483,99000053,17/09/2010,80.0,3,26515.29
6245691928,99000054,14/10/2021,106.5,1,11739.74
4267800121,99000055,01/10/2020,106.5,1,12490.29
9498170684,99000056,26/10/2022,106.5,1,6470.04
3241554657,99000057,13/12/2022,106.5,1,13145.54
9582559430,99000058,21/03/2011,150.0,1,11835.59
2529296220,99000059,16/08/2020,175.0,1,9179.34
6396006922,99000060,29/09/2025,101.0,1,16616.72
6352364587,99000061,05/11/2017,212.0,1,7815.14
4800573931,99000062,10/08/2021,165.0,1,10178.47
2419166465,99000063,06/10/2019,105.0,1,17372.69
9167444882,99000064,07/02/2011,150.0,1,11385.99
3760589720,99000065,23/06/2015,230.0,1,6310.76
5508260259,99000066,25/10/2013,330.0,1,6393.94
8770887605,99000067,01/08/2016,100.0,1,9954.74
8468596433,99000068,13/08/2013,111.0,1,14749.25
9406294455,99000069,07/07/2015,197.0,1,8600.98
2239941838,99000070,24/04/2022,176.0,1,7381.5
4650992139,99000071,13/05/2012,176.0,1,8835.45
4915938183,99000072,15/07/2015,162.0,1,12360.89
6747178036,99000073,01/11/2021,148.0,1,10917.73
4227884411,99000074,08/01/2026,82.04,1,9248.81
1382474162,99000075,31/08/2025,55.8,1,8532.95
6278980324,99000076,02/07/2025,56.0,1,8789.59
7295687625,99000077,03/03/2025,68.0,1,9156.32
7792912370,99000078,27/10/2025,68.0,1,4455.25
3592010227,99000079,27/11/2024,90.0,1,7911.8
5472976796,99000080,03/02/2026,68.0,1,9066.22
3643702940,99000081,28/11/2025,68.0,1,9048.11
1267571112,99000082,24/07/2025,81.0,1,10692.75
3076676038,99000083,15/01/2025,83.0,1,8314.75
6667412134,99000084,16/07/2024,81.0,1,9175.83
6114176988,99000085,20/01/2025,83.0,1,7415.86
6902550957,99000086,08/01/2026,81.0,1,10655.6
9580308770,99000087,13/06/2023,68.0,1,10448.45
7789206073,99000088,16/12/2025,74.0,1,10499.52
8407820436,99000089,24/06/2025,74.0,1,8936.2
3937175829,99000090,21/05/2014,170.0,1,11539.15
2090897915,99000091,14/04/2016,155.0,1,9873.1
6547363210,99000092,17/11/2009,100.0,1,7829.41
7701386998,99000093,18/03/2019,180.0,1,7306.41
7199905421,99000094,16/08/2021,296.0,1,6619.45
7603162300,99000095,10/07/2025,201.0,1,10077.92
2253588810,99000096,04/09/2010,200.0,1,6310.64
1704067760,99000097,19/01/2012,150.0,1,13591.82
7087175092,99000098,29/03/2012,200.0,1,7588.48
6200325103,99000099,18/09/2000,150.0,1,12036.29
4888015344,99000100,05/08/2024,266.0,1,5413.5
2468123945,99000101,06/12/2011,164.0,1,10470.06
3553266196,99000102,08/07/2013,196.0,1,9718.89
9161934285,99000103,29/07/2019,180.0,1,9815.68
6091308657,99000104,02/08/2018,172.0,1,9333.22
9936686636,99000105,11/07/2018,170.0,1,10492.47
3975594120,99000106,24/06/2013,163.0,1,12296.35
3756569580,99000107,14/10/2014,170.0,1,12737.59
6811111867,99000108,30/03/2014,149.0,1,11562.66
8623686743,99000109,24/05/2012,150.0,1,12298.65
6639853683,99000110,06/12/2023,127.0,1,14078.11
9547347640,99000111,30/06/2021,207.0,1,10513.86
2243619244,99000112,25/07/2016,178.0,1,8864.54
6421007890,99000113,10/03/2021,120.0,1,15585.89
5608974718,99000114,09/06/2013,156.0,1,11172.27
3984620954,99000115,13/05/2012,190.0,1,9455.29
2696082497,99000116,12/12/2018,287.0,1,6365.19
3577454203,99000117,01/12/2010,163.0,1,8888.27
9288106921,99000118,25/06/2023,243.0,1,8562.69
1867398045,99000119,25/09/2025,105.0,1,17353.73
3108025142,99000120,26/04/2018,150.0,1,8493.63
5358414241,99000121,10/11/2020,56.0,1,17830.73
4380786262,99000122,13/11/2018,145.0,1,9091.85
9312103102,99000123,04/12/2025,124.3,1,13721.09
4553503592,99000124,23/03/2014,170.0,1,8397.02
3373487934,99000125,28/11/2024,62.0,1,10458.89
3854365377,99000126,16/11/2025,62.0,1,9923.73
6920980387,99000127,12/11/2025,62.0,1,9129.83
7827656654,99000128,19/03/2025,62.0,1,10042.42
4393094105,99000129,09/05/2025,62.0,1,9894.09
4185343784,99000130,23/12/2025,77.0,1,9844.34
3434885002,99000131,15/02/2026,78.0,1,9606.25
8269715880,99000132,01/01/2025,63.0,1,8733.88
4721541335,99000133,02/02/2025,77.0,1,8494.91
8505714040,99000134,12/05/2025,62.0,1,9133.0
1433598573,99000135,27/03/2023,90.3,1,13425.75
6744456699,99000136,17/07/2016,94.3,1,10657.73
8012570750,99000137,07/08/2025,72.0,1,11242.16
5523658402,99000138,06/11/2018,122.7,1,10287.04
4560699640,99000139,25/01/2026,65.5,1,10281.08
9902060641,99000140,19/01/2026,73.4,1,10983.59
1945934402,99000141,06/12/2011,60.0,1,9811.94
8644865492,99000142,19/09/2023,80.0,1,10455.92
2787926481,99000143,05/11/2020,115.0,1,11577.05
3396077264,99000144,28/01/2011,99.0,1,9166.67
6868139564,99000145,23/12/2024,81.0,1,11581.97
3802957975,99000146,18/01/2026,60.0,1,15807.76
3058948511,99000147,09/08/2022,106.0,1,13419.93
1791940008,99000148,19/01/2012,66.0,1,12920.54
1898199343,99000149,29/09/2024,61.0,1,15705.78
5226423958,99000150,14/02/2020,60.0,1,11956.87
6485035493,99000151,28/11/2024,131.9,1,12668.47
9374297030,99000152,11/12/2025,161.0,1,10711.07
8072384277,99000153,27/10/2021,157.0,1,11679.92
1916837753,99000154,30/09/2022,137.1,1,12107.4
