AssetId,bldgID,BuildingYear,AssetFloor
4368341,38243-118,,
4373041,53063193,,3.0
4373054,53410555,,2.0
4373055,53410555,,
4373058,52841789,,3.0
4373060,53410555,,1.0
4494263,52747354,1972.0,
4494265,52747354,1972.0,1.0
4494266,52747354,1972.0,
4494267,52747354,1972.0,1.0
4494355,52750702,1996.0,1.0
4494362,52751125,2002.0,1.0
4494379,52752618,1982.0,1.0
4494380,52752618,1982.0,
4494429,52754309,1990.0,
4494937,52777585,1970.0,1.0
4494941,52777652,1970.0,1.0
4494944,52777685,1992.0,1.0
4494967,52778229,1990.0,
4494968,52778260,1979.0,
4494984,52779146,1978.0,
4495022,52779713,1970.0,1.0
4495055,52780869,1991.0,1.0
4495062,52781032,1977.0,
4495064,52781078,1999.0,
4495092,52781664,1980.0,
4495093,52781664,1980.0,1.0
4495094,52781664,1980.0,1.0
4495095,52781664,1980.0,1.0
4495101,52781747,2007.0,
4495114,52782035,1980.0,1.0
4495115,52782035,1980.0,1.0
4495117,52782245,1970.0,
4495141,52782905,1970.0,
4495145,52782948,1980.0,
4495158,52783132,2000.0,
4495161,52783198,1960.0,1.0
4495164,52783258,1970.0,
4495165,52783258,1970.0,
4495189,52783507,1987.0,1.0
4495246,52785195,1985.0,1.0
4495247,52785195,1985.0,
4495248,52785195,1985.0,1.0
4495270,52786003,2004.0,1.0
4495286,52786489,1970.0,1.0
4495301,52787213,1991.0,1.0
4495303,52787213,1991.0,1.0
4495314,52787429,1990.0,1.0
4495315,52787460,1980.0,
4495331,52787922,1985.0,
4495333,52787930,1900.0,
4495397,52789404,1993.0,1.0
4495398,52789404,1993.0,1.0
4495401,52789430,1996.0,1.0
4495402,52789430,1996.0,1.0
4495474,52832457,1950.0,1.0
4495482,52790858,1990.0,
4495500,52791786,1990.0,
4495501,52791786,1990.0,
4495517,52792195,1982.0,1.0
4495702,52796451,1998.0,
4495703,52796451,1998.0,1.0
4495712,52796711,1973.0,
4495714,52796718,2019.0,1.0
4495773,52797676,1976.0,
4495929,52800047,1980.0,1.0
4495930,52800047,1980.0,
4495975,52800757,1991.0,1.0
4495977,52800757,1991.0,1.0
4495986,52800803,1984.0,1.0
4495994,52800905,1970.0,
4495995,52800905,1970.0,1.0
4495996,52800905,1970.0,
4496080,52802213,1989.0,
4496185,52804292,1970.0,1.0
4496186,52804292,1970.0,1.0
4496221,52805196,1999.0,
4496235,52805366,1995.0,
4496236,52805373,1995.0,
4496237,52805399,1982.0,1.0
4496238,52805399,1982.0,1.0
4496240,52805410,1992.0,
4496241,52805428,1980.0,
4496255,52805462,2010.0,
4496298,52806001,1970.0,1.0
4496299,52806001,1970.0,1.0
4496347,52806748,1970.0,1.0
4496351,52806819,1996.0,
4496352,52806819,1996.0,2.0
4496354,52806837,1984.0,1.0
4496355,52806837,1984.0,
4496368,52806890,1975.0,1.0
4496423,52808081,1970.0,
4496424,52808081,1970.0,
4496425,52808081,1970.0,1.0
4496436,52808155,1988.0,1.0
4496437,52808155,1988.0,1.0
4496438,52808155,1988.0,1.0
4496456,52808634,1995.0,1.0
4496464,52809000,1979.0,
4496474,52809403,1990.0,1.0
4496475,52809403,1990.0,1.0
4496486,52809463,1990.0,1.0
4496559,52810510,1982.0,1.0
4496617,52812065,1990.0,1.0
4496618,52812065,1990.0,1.0
4496624,52812359,2000.0,
4496631,52812604,2014.0,1.0
4496658,52813383,1980.0,1.0
4496659,52813383,1980.0,
4496663,52813557,1970.0,1.0
4496664,52813557,1970.0,
4496666,52813669,2009.0,1.0
4496680,52814242,1960.0,
4496714,52816148,1993.0,1.0
4496715,52816148,1993.0,
4496720,52816581,1983.0,1.0
4496771,52820324,1980.0,
4496772,52820324,1980.0,1.0
4496773,52820324,1980.0,1.0
4496774,52820324,1980.0,
4496782,52820387,1983.0,
4496783,52820387,1983.0,
4496784,52820387,1983.0,1.0
4496785,52820388,1980.0,
4496786,52820388,1980.0,
4496787,52820388,1980.0,
4496812,52821425,1990.0,
4496839,52822476,1980.0,
4496840,52822476,1980.0,
4496844,52822544,1950.0,1.0
4496846,52822544,1950.0,
4496853,52822634,1970.0,
4496864,52822741,1900.0,1.0
4496865,52822756,2010.0,
4496890,52823217,1980.0,
4496894,52823226,1980.0,1.0
4496944,52823884,1985.0,1.0
4496966,52824275,2005.0,1.0
4496969,52824302,1994.0,1.0
4496975,52824357,1900.0,1.0
4496988,52824433,1980.0,
4496990,52824482,1995.0,
4496992,52824509,1980.0,1.0
4496993,52824509,1980.0,1.0
4496994,52824509,1980.0,1.0
4496995,52824512,1985.0,1.0
4497016,52824767,1980.0,1.0
4497017,52824767,1980.0,
4497018,52824767,1980.0,
4497020,52824767,1980.0,1.0
4497029,52824891,1980.0,
4497049,52825194,1990.0,1.0
4497053,52825250,1980.0,
4497054,52825250,1980.0,
4497055,52825319,1993.0,
4497129,52825949,1995.0,1.0
4497130,52825949,1995.0,
4497131,52825949,1995.0,
4497142,52826078,2005.0,
4497144,52826161,1990.0,1.0
4497145,52826161,1990.0,1.0
4497146,52826161,1990.0,1.0
4497167,52826559,1900.0,1.0
4497184,52826792,1992.0,1.0
4497187,52826812,1982.0,1.0
4497189,52826812,1982.0,1.0
4497231,52827555,1992.0,1.0
4497232,52827555,1992.0,
4497233,52827555,1992.0,1.0
4497234,52827555,1992.0,
4497276,52828404,1980.0,1.0
4497277,52828450,1992.0,1.0
4497278,52828450,1992.0,1.0
4497279,52828450,1992.0,
4497280,52828469,1988.0,1.0
4497298,52828959,1970.0,
4497306,52829173,1999.0,
4497310,52829212,1970.0,
4497311,52829212,1970.0,1.0
4497312,52829212,1970.0,1.0
4497313,52829212,1970.0,1.0
4497314,52829212,1970.0,1.0
4497315,52829214,1980.0,1.0
4497316,52829214,1980.0,1.0
4497319,52829234,1999.0,1.0
4497331,52829378,1991.0,1.0
4497332,52829378,1991.0,1.0
4497333,52829378,1991.0,1.0
4497334,52829378,1991.0,1.0
4497335,52829378,1991.0,1.0
4497336,52829378,1991.0,1.0
4497341,52829470,1950.0,1.0
4497343,52829556,2007.0,1.0
4497344,52829580,1992.0,
4497345,52829580,1992.0,1.0
4497365,52830105,1980.0,
4497366,52830105,1980.0,
4497375,52830567,1980.0,2.0
4497378,52830595,1970.0,1.0
4497389,52830714,2000.0,
4497390,52830714,2000.0,2.0
4497391,52830714,2000.0,1.0
4497404,52831137,1983.0,
4497452,52832005,1990.0,1.0
4497462,52832149,1970.0,
4497463,52832149,1970.0,1.0
4497465,52832155,2001.0,
4497481,52832451,2000.0,1.0
4497496,52832607,2000.0,
4497539,52833854,1980.0,1.0
4497540,52833854,1980.0,
4497541,52833854,1980.0,
4497542,52833854,1980.0,
4497601,52834837,1980.0,1.0
4497602,52834837,1980.0,1.0
4497646,52835766,1973.0,
4497647,52835766,1973.0,1.0
4497658,52836049,1988.0,1.0
4497717,52836594,1998.0,
4497720,52836644,1980.0,1.0
4497749,52836935,1970.0,
4497752,52837038,2004.0,1.0
4497755,52837085,1993.0,
4497758,52837091,1970.0,
4497759,52837091,1970.0,1.0
4497761,52837098,1990.0,1.0
4497762,52837108,1999.0,1.0
4497763,52837108,1999.0,1.0
4497765,52837111,1980.0,
4497766,52837111,1980.0,1.0
4497771,52837143,1996.0,
4497802,52837485,1985.0,
4497824,52837939,1998.0,
4497830,52837982,1980.0,1.0
4497835,52838044,1970.0,1.0
4497836,52838044,1970.0,1.0
4497849,52838144,1991.0,1.0
4497850,52838144,1991.0,
4497868,52838457,1992.0,
4497871,52838457,1992.0,
4497872,52838457,1992.0,1.0
4497880,52838545,1980.0,1.0
4497881,52838545,1980.0,1.0
4497888,52838717,1981.0,
4497906,52838959,1900.0,1.0
4497907,52838965,1980.0,
4497927,52839333,1980.0,1.0
4497936,52839661,1990.0,1.0
4497937,52839691,1998.0,1.0
4497939,52839717,1971.0,
4497943,52839746,1984.0,1.0
4497946,52839771,1990.0,1.0
4497953,52839816,2000.0,
4497960,52839847,1986.0,
4497961,52839847,1986.0,
4497989,52839966,1997.0,
4497990,52839970,1991.0,
4497991,52839975,1980.0,1.0
4497997,52840126,1986.0,
4498006,52840233,1984.0,
4498014,52840298,1983.0,1.0
4498026,52840482,1972.0,1.0
4498030,52840512,1991.0,1.0
4498033,52840606,1990.0,1.0
4498034,52840606,1990.0,1.0
4498035,52840606,1990.0,1.0
4498038,52840626,1996.0,
4498059,52840765,1980.0,
4498060,52840765,1980.0,1.0
4498074,52840926,1986.0,
4498078,52841081,1980.0,1.0
4498079,52841081,1980.0,1.0
4498080,52841081,1980.0,1.0
4498094,52841219,1980.0,
4498095,52841219,1980.0,
4498099,52841297,1980.0,1.0
4498100,52841306,1992.0,1.0
4498101,52841306,1992.0,1.0
4498115,52841553,1970.0,1.0
4498116,52841553,1970.0,1.0
4498126,52841676,1960.0,1.0
4498128,52841765,1999.0,1.0
4498130,52841781,1980.0,1.0
4498131,52841781,1980.0,
4498143,52842109,1970.0,1.0
4498145,52842112,1982.0,1.0
4498155,52842214,1970.0,
4498174,52842521,1991.0,1.0
4498175,52842521,1991.0,1.0
4498193,52842717,1975.0,1.0
4498200,52842741,1980.0,
4498210,52842993,2004.0,1.0
4498211,52843001,1990.0,1.0
4498254,52843625,1989.0,1.0
4498255,52843644,1987.0,1.0
4498270,52843887,1995.0,1.0
4498272,52843945,1980.0,1.0
4498281,52844545,1980.0,
4498282,52844545,1980.0,
4498283,52844545,1980.0,1.0
4498284,52844549,1991.0,1.0
4498285,52844549,1991.0,1.0
4498297,52844589,1980.0,1.0
4498846,52882108,1990.0,1.0
4498848,52882108,1990.0,
4498849,52882108,1990.0,1.0
4498853,52882167,1970.0,1.0
4498857,52882167,1970.0,1.0
4498865,52882568,1970.0,
4498918,52883392,1970.0,1.0
4498951,52884491,1987.0,
4498987,52885405,1970.0,1.0
4499039,52889512,1988.0,
4499040,52889512,1988.0,1.0
4499048,52889628,1990.0,
4499068,52890054,1980.0,
4499070,52890054,1980.0,
4499100,52891135,1983.0,1.0
4499101,52891135,1983.0,1.0
4499102,52891135,1983.0,1.0
4499229,52900981,1990.0,
4499230,52900981,1990.0,
4499238,52901586,1990.0,
4499239,52901586,1990.0,2.0
4499325,52904784,1993.0,
4499326,52904784,1993.0,1.0
4499327,52904784,1993.0,1.0
4499352,52905848,1993.0,1.0
4499353,52905848,1993.0,1.0
4499354,52905848,1993.0,1.0
4499485,52917355,1964.0,
4499486,52917355,1964.0,1.0
4499487,52917355,1964.0,
4499494,52918049,1992.0,1.0
4499539,52919881,1800.0,1.0
4499554,52920384,2008.0,1.0
4499555,52920384,2008.0,1.0
4499563,52920686,1995.0,1.0
4499564,52920694,1992.0,
4499565,52920694,1992.0,
4499566,52920700,2013.0,1.0
4499567,52920700,2013.0,1.0
4499569,52920700,1800.0,1.0
4499582,52920882,1990.0,
4499583,52920882,1990.0,
4499584,52920882,1990.0,1.0
4499585,52920882,1990.0,1.0
4499595,52921169,1970.0,1.0
4499596,52921169,1970.0,1.0
4499598,52921199,1980.0,
4499599,52921199,1980.0,1.0
4499626,52921643,1991.0,1.0
4499627,52921643,1991.0,
4499631,52921712,1985.0,
4499634,52921904,1996.0,
4499650,52922121,1980.0,1.0
4499651,52922121,1980.0,1.0
4499655,52922182,1991.0,1.0
4499656,52922182,1991.0,
4499657,52922182,1991.0,
4499679,52922677,2009.0,1.0
4499751,52926623,1980.0,
4499770,52927431,1981.0,1.0
4499771,52927431,1981.0,
4499772,52927431,1981.0,
4499784,52927699,1995.0,1.0
4499785,52927699,1995.0,1.0
4499787,52927746,1999.0,1.0
4499788,52927746,1999.0,1.0
4499789,52927753,1800.0,1.0
4499794,52927794,1992.0,1.0
4499795,52927794,1992.0,1.0
4499796,52927794,1992.0,1.0
4499798,52927794,1992.0,1.0
4499799,52927794,1992.0,1.0
4499820,52928028,1970.0,
4499821,52928028,1970.0,1.0
4499823,52928060,1993.0,1.0
4499825,52928174,1993.0,1.0
4499839,52928236,1990.0,
4499840,52928236,1990.0,1.0
4499845,52928403,1970.0,1.0
4499850,52928654,1982.0,
4499867,52928824,1973.0,
4499896,52929535,1990.0,1.0
4499897,52929535,1990.0,1.0
4499900,52929573,1999.0,
4499901,52929573,1999.0,1.0
4499902,52929573,1999.0,1.0
4499903,52929573,1999.0,
4499904,52929573,1999.0,
4499908,52929786,2015.0,2.0
4499959,52931129,2009.0,
4499965,52931303,1991.0,1.0
4499976,52931637,1995.0,2.0
4499977,52931637,1995.0,
4499978,52931637,1995.0,
4499979,52931637,1995.0,1.0
4499980,52931637,1995.0,1.0
4499981,52931637,1995.0,2.0
4499982,52931637,1995.0,
4499983,52931637,1995.0,
4499988,52931874,1800.0,1.0
4499992,52932083,1999.0,1.0
4499993,52932083,1999.0,1.0
4499994,52932083,1999.0,1.0
4499995,52932083,1999.0,
4500013,52932202,1970.0,
4500014,52932202,1970.0,
4500015,52932202,1970.0,
4500016,52932202,1970.0,1.0
4500017,52932202,1970.0,1.0
4500019,52932250,1970.0,1.0
4500020,52932250,1970.0,1.0
4500021,52932250,1970.0,1.0
4500032,52932468,1990.0,
4500033,52932468,1990.0,
4500034,52932468,1990.0,
4500035,52932492,1998.0,
4500037,52932533,1970.0,
4500069,52933058,1992.0,
4500070,52933058,1992.0,
4500071,52933058,1992.0,
4500073,52933058,1992.0,
4500085,52933404,1990.0,1.0
4500086,52933404,1990.0,1.0
4500087,52933404,1990.0,1.0
4500206,52933637,1970.0,1.0
4500207,52933637,1970.0,
4500209,52933637,1970.0,1.0
4500288,52933830,2007.0,
4500293,52933997,1980.0,1.0
4500294,52933997,1980.0,
4500295,52933997,1980.0,
4500296,52934024,1991.0,
4500297,52934024,1991.0,
4500298,52934024,1991.0,1.0
4500299,52934046,1970.0,1.0
4500305,52934139,1991.0,1.0
4500306,52934247,1990.0,1.0
4500311,52934351,1800.0,1.0
4500312,52934370,1980.0,
4500351,52935131,1997.0,2.0
4500352,52935131,1997.0,1.0
4500368,52935471,1993.0,1.0
4500369,52935471,1993.0,
4500371,52935471,1993.0,
4500372,52935471,1993.0,
4500373,52935472,1999.0,1.0
4500374,52935473,1970.0,1.0
4500380,52935553,1990.0,1.0
4500381,52935553,1990.0,
4500382,52935553,1990.0,
4500384,52935560,1991.0,
4500385,52935560,1991.0,1.0
4500386,52935560,1991.0,1.0
4500387,52935568,1995.0,1.0
4500436,52936889,1983.0,1.0
4500437,52936889,1983.0,1.0
4500438,52936889,1983.0,1.0
4500439,52936889,1983.0,
4500451,52937393,1992.0,1.0
4500462,52937857,1980.0,1.0
4500491,52938754,1990.0,1.0
4500558,52940721,1970.0,1.0
4500559,52940721,1970.0,1.0
4500560,52940721,1970.0,1.0
4500561,52940721,1970.0,
4500566,52940744,1990.0,1.0
4500573,52940839,2000.0,1.0
4500598,52941278,1991.0,1.0
4500599,52941278,1991.0,1.0
4500600,52941278,1991.0,
4500648,52942169,1990.0,1.0
4500652,52942421,1990.0,1.0
4500653,52942421,1990.0,
4500674,52942849,1993.0,1.0
4500675,52942849,1993.0,1.0
4500676,52942877,1993.0,1.0
4500677,52942877,1993.0,1.0
4500681,52942892,1990.0,
4500692,52943084,1991.0,
4500698,52943315,1990.0,1.0
4500702,52943650,1980.0,1.0
4500703,52943650,1980.0,
4500704,52943650,1980.0,1.0
4500705,52943650,1980.0,1.0
4500706,52943723,1980.0,
4500707,52943723,1980.0,1.0
4500711,52943819,1970.0,
4500719,52944248,1992.0,1.0
4500720,52944248,1992.0,1.0
4500721,52944248,1992.0,
4500869,52948134,1979.0,1.0
4500870,52948134,1979.0,1.0
4500871,52948134,1979.0,1.0
4500880,52948274,1993.0,
4500899,52948624,1970.0,
4500901,52948624,1970.0,1.0
4500902,52948624,1970.0,1.0
4500920,52948762,2008.0,1.0
4500921,52948762,2008.0,1.0
4500951,52949433,1986.0,
4500970,52949636,1970.0,1.0
4500984,52949792,1997.0,1.0
4500985,52949792,1997.0,1.0
4500991,52949857,1979.0,
4500992,52949914,1995.0,
4500993,52949914,1995.0,
4500994,52949914,1995.0,1.0
4500995,52949914,1995.0,1.0
4500996,52949914,1995.0,1.0
4501003,52950070,1992.0,1.0
4501012,52950272,1990.0,
4501025,52950433,1991.0,
4501026,52950433,1991.0,1.0
4501027,52950433,1991.0,1.0
4501036,52950717,1980.0,
4501037,52950717,1980.0,
4501038,52950717,1980.0,
4501062,52951177,2000.0,1.0
4501063,52951177,2000.0,1.0
4501065,52951198,1997.0,
4501077,52951370,1970.0,
4501084,52951652,1970.0,
4501085,52951652,1970.0,1.0
4501086,52951652,1970.0,1.0
4501087,52951652,1970.0,1.0
4501088,52951652,1970.0,1.0
4501089,52951680,1980.0,
4501143,52952350,2000.0,
4501144,52952350,2000.0,
4501156,52952624,1980.0,
4501162,52952679,1975.0,1.0
4501165,52952692,1800.0,1.0
4501172,52952778,1992.0,
4501173,52952778,1992.0,
4501189,52953159,1970.0,
4501201,52953676,1995.0,1.0
4501202,52953676,1995.0,1.0
4501236,52954096,1980.0,
4501237,52954096,1980.0,1.0
4501238,52954096,1980.0,1.0
4501239,52954096,1980.0,1.0
4501241,52954102,1994.0,1.0
4501242,52954102,1994.0,
4501243,52954126,1993.0,1.0
4501244,52954126,1993.0,1.0
4501263,52954572,1990.0,1.0
4501275,52954671,1990.0,
4501308,52955033,1970.0,1.0
4501310,52955123,1994.0,1.0
4501312,52955145,1991.0,
4501313,52955151,1970.0,
4501318,52955182,1990.0,
4501319,52955182,1990.0,
4501323,52955249,1900.0,1.0
4501332,52955476,1989.0,1.0
4501342,52955571,1995.0,
4501363,52955797,1950.0,
4501367,52955903,2001.0,
4501378,52956006,1990.0,
4501379,52956006,1990.0,1.0
4501381,52956176,1960.0,
4501393,52956310,1990.0,
4501394,52956310,1990.0,1.0
4501395,52956338,1800.0,
4501396,52956338,2010.0,1.0
4501397,52956349,1995.0,1.0
4501398,52956349,1995.0,1.0
4501424,52957033,1970.0,1.0
4501433,52957269,1990.0,
4501434,52957269,1990.0,
4501441,52957333,1967.0,
4501442,52957335,1992.0,1.0
4501447,52957469,2000.0,
4502568,52973035,1970.0,1.0
4502569,52973035,1970.0,
4502616,52973231,1970.0,1.0
4502617,52973231,1970.0,1.0
4502704,52976775,1970.0,1.0
4502709,52976775,1970.0,1.0
4502712,52976775,1970.0,1.0
4502715,52976775,1970.0,1.0
4502716,52976775,1970.0,1.0
4502719,52976775,1970.0,1.0
4502913,52981365,1970.0,1.0
4502915,52981373,1990.0,
4502916,52981373,1990.0,
4502917,52981373,1990.0,
4502947,52981816,1990.0,
4502948,52981816,1990.0,
4502970,52982084,1982.0,
4502971,52982084,1982.0,
4503089,52982571,1980.0,1.0
4503090,52982571,1980.0,1.0
4503091,52982571,1980.0,1.0
4503092,52982571,1980.0,1.0
4503093,52982571,1980.0,
4503094,52982571,1980.0,1.0
4503097,52982742,1970.0,1.0
4503098,52982742,1970.0,
4503120,52983005,1980.0,
4503141,52983742,1992.0,
4503156,52984307,2006.0,1.0
4503180,52984703,2001.0,
4503183,52984720,1991.0,1.0
4503258,52985908,1980.0,
4503259,52985908,1980.0,1.0
4503260,52985908,1980.0,
4503261,52985908,1980.0,
4503262,52985950,1980.0,1.0
4503388,52988433,1970.0,
4503389,52988433,1970.0,
4503742,52993221,1970.0,
4503743,52993221,1970.0,1.0
4503744,52993221,1970.0,
4503755,52993515,1970.0,1.0
4503756,52993515,1970.0,1.0
4503851,52994951,1990.0,
4503892,52995245,1980.0,1.0
4503896,52995306,1900.0,1.0
4503902,52995451,1970.0,1.0
4503928,52995790,1999.0,
4503936,52995839,1997.0,
4503937,52995839,1997.0,
4503941,52995882,2000.0,1.0
4503942,52995882,2000.0,
4503959,52996439,1993.0,1.0
4503985,52997112,1995.0,
4503987,52997112,1995.0,1.0
4503993,52997139,1995.0,1.0
4504070,52998542,1964.0,1.0
4504071,52998542,1964.0,
4504072,52998575,1977.0,
4504076,52998701,1980.0,2.0
4504078,52998701,1980.0,
4504079,52998701,1980.0,1.0
4504101,52998983,1980.0,
4504102,52998983,1980.0,1.0
4504128,52999594,1996.0,
4504129,52999594,1996.0,
4504142,52999938,1995.0,
4504155,53000118,2006.0,1.0
4504196,53000350,1983.0,
4504198,53000366,1985.0,1.0
4504199,53000366,1985.0,
4504241,53001058,1991.0,
4504246,53001090,1970.0,
4504247,53001090,1970.0,1.0
4504248,53001090,1970.0,
4504249,53001150,1970.0,
4504250,53001150,1970.0,
4504713,53008075,1950.0,1.0
4504714,53008075,1950.0,
4504715,53008075,1950.0,1.0
4504770,53008715,1991.0,1.0
4504771,53008722,1980.0,1.0
4504818,53009821,1970.0,1.0
4504819,53009821,1970.0,
4504820,53009821,1970.0,1.0
4505148,53012055,1990.0,1.0
4505266,53013599,1990.0,
4505267,53013599,1990.0,1.0
4505268,53013599,1990.0,
4505269,53013599,1990.0,1.0
4505324,53013923,1960.0,
4505325,53013923,1960.0,1.0
4505332,53013992,1970.0,
4505336,53014066,1970.0,
4505338,53014070,2000.0,1.0
4505339,53014070,2000.0,
4505340,53014070,2000.0,3.0
4505357,53014163,1970.0,
4505358,53014163,1970.0,
4505365,53014384,1980.0,
4505366,53014384,1980.0,
4505398,53014920,1980.0,1.0
4505399,53014920,1980.0,
4505400,53014946,1995.0,1.0
4505401,53014946,1995.0,1.0
4505408,53015119,1900.0,1.0
4505413,53015267,1980.0,1.0
4505486,53016075,1970.0,1.0
4505793,53017903,1992.0,
4506281,53023905,1970.0,1.0
4506288,53024578,1980.0,1.0
4506290,53024578,1980.0,1.0
4506291,53024584,1993.0,
4506292,53024584,1993.0,1.0
4506293,53024584,1993.0,
4506294,53024589,1900.0,1.0
4506416,53026649,1995.0,1.0
4506417,53026649,1995.0,
4506509,53028301,1980.0,
4506537,53028795,1976.0,7.0
4506990,53035266,1991.0,1.0
4507192,53040316,1970.0,1.0
4507193,53040316,1970.0,
4507433,53042989,1960.0,1.0
4507544,53044445,1992.0,1.0
4507545,53044445,1992.0,1.0
4507546,53044445,1992.0,1.0
4507547,53044445,1992.0,1.0
4507548,53044445,1992.0,1.0
4507623,53045252,1970.0,1.0
4507685,53046422,1991.0,1.0
4507847,53049860,1990.0,
4507848,53049860,1990.0,
4507849,53049860,1990.0,
4508011,53051465,1970.0,1.0
4508096,53053163,1999.0,1.0
4508105,53053306,1978.0,
4508106,53053306,1978.0,
4508169,53054557,1990.0,
4508173,53054557,1990.0,
4508182,53054643,1970.0,1.0
4508183,53054643,1970.0,1.0
4508184,53054656,1970.0,1.0
4508326,53056422,1995.0,1.0
4508327,53056422,1995.0,
4508328,53056422,1995.0,1.0
4508329,53056423,1985.0,
4508330,53056423,1985.0,1.0
4508344,53056844,1970.0,
4508425,53057738,1970.0,1.0
4508427,53057838,1970.0,1.0
4508431,53057904,1980.0,1.0
4508559,53059393,1980.0,
4508618,53059671,1980.0,
4508738,53062505,1985.0,
4508810,53063816,1991.0,1.0
4508811,53063816,1991.0,1.0
4508956,53065832,1983.0,1.0
4509028,53066743,1970.0,1.0
4509029,53066743,1970.0,1.0
4509109,53067667,1995.0,
4509289,53070097,1991.0,
4510020,53079473,1990.0,1.0
4510021,53079473,1990.0,1.0
4510022,53079473,1990.0,
4510091,53080312,1991.0,1.0
4510200,53081613,1979.0,
4510519,53087251,1983.0,
4510522,53087253,1984.0,1.0
4510576,53088117,1980.0,1.0
4510668,53089158,1992.0,
4510669,53089158,1992.0,
4510670,53089158,1992.0,1.0
4510860,53091634,1980.0,
4511069,53094198,1970.0,1.0
4511752,53102170,1980.0,
4511754,53102170,1980.0,
4511755,53102170,1980.0,1.0
4511757,53102170,1980.0,
4511932,53104102,1967.0,
4511933,53104102,1967.0,
4512054,53105900,1980.0,
4512055,53105900,1980.0,1.0
4512056,53105900,1980.0,1.0
4512608,53111738,1972.0,1.0
4512609,53111738,1972.0,
4512610,53111738,1972.0,
4514011,53129308,1978.0,
4514593,53134849,1980.0,
4514650,53135233,1985.0,1.0
4514651,53135233,1985.0,
4514652,53135233,1985.0,1.0
4514662,53135403,1982.0,
4514663,53135403,1982.0,
4514673,53135622,1900.0,1.0
4514850,53137806,1900.0,1.0
4514851,53137807,1986.0,1.0
4514935,53139602,1970.0,1.0
4514992,53140609,1990.0,
4514993,53140609,1990.0,
4514994,53140609,1990.0,1.0
4515017,53140825,1980.0,
4515161,53143345,2007.0,1.0
4515163,53143345,2007.0,1.0
4515201,53144278,2004.0,
4515267,53145586,1970.0,1.0
4515268,53145586,1970.0,1.0
4515269,53145586,1970.0,1.0
4515270,53145586,1970.0,1.0
4515271,53145586,1970.0,1.0
4515728,53151791,1992.0,1.0
4515750,53152122,1970.0,
4515762,53152251,1995.0,
4515779,53152319,1980.0,1.0
4515802,53152812,1983.0,
4515804,53152826,1900.0,
4516016,53155946,1800.0,1.0
4516057,53156382,1993.0,
4516064,53156628,1982.0,1.0
4516081,53156781,1968.0,
4516103,53157800,1988.0,
4516107,53157839,1991.0,
4516108,53157839,1991.0,
4516204,53159195,1980.0,
4516316,53159669,1800.0,1.0
4516317,53159669,1800.0,
4516385,53160280,1992.0,
4516448,53161627,1970.0,1.0
4516450,53161630,1988.0,
4516552,53164749,1800.0,1.0
4516570,53165194,1992.0,1.0
4516572,53165194,1992.0,1.0
4516573,53165194,1992.0,1.0
4517572,53178435,1970.0,1.0
4517758,53182393,1994.0,1.0
4536309,53383753,2005.0,1.0
4536310,53383753,2005.0,
4536312,53383840,1980.0,1.0
4536313,53383842,1980.0,
4536318,53384027,2005.0,1.0
4536406,53386997,1983.0,
4536407,53386997,1983.0,1.0
4536408,53387005,1900.0,1.0
4536446,53387359,1900.0,1.0
4536480,53387686,1970.0,1.0
4536491,53387893,1993.0,1.0
4536519,53388113,1990.0,1.0
4536540,53388647,1980.0,1.0
4536560,53389229,1990.0,
4536561,53389229,1990.0,1.0
4536565,53389448,1973.0,1.0
4536566,53389448,1973.0,
4536567,53389514,1980.0,1.0
4536568,53389514,1980.0,1.0
4536569,53389514,1980.0,1.0
4536570,53389514,1980.0,1.0
4536574,53390418,1970.0,1.0
4536575,53390437,1800.0,1.0
4536576,53390437,1800.0,
4536584,53390484,1970.0,1.0
4536585,53390484,1970.0,
4536663,53391212,1950.0,
4536667,53391238,1980.0,
4536700,53391706,1800.0,1.0
4536716,53392246,1992.0,
4536717,53392246,1992.0,1.0
4536718,53392246,1992.0,
4536725,53392565,2000.0,1.0
4536726,53392565,2000.0,
4536727,53392565,2000.0,1.0
4536736,53392784,1993.0,1.0
4536737,53392784,1993.0,
4536738,53392784,1993.0,1.0
4536739,53392784,1993.0,1.0
4536748,53392948,2000.0,
4536749,53392948,2000.0,1.0
4536750,53392948,2000.0,1.0
4536752,53403271,1999.0,
4536790,53393933,1980.0,
4536795,53393998,1983.0,1.0
4536813,53394294,2005.0,1.0
4536827,53394463,1950.0,
4536828,53394463,1950.0,
4536829,53394463,1950.0,
4536830,53394463,1950.0,
4536938,53402268,1992.0,1.0
4536939,53402268,1992.0,1.0
4536943,53402290,1980.0,1.0
4536965,53403217,1980.0,1.0
4536966,53403217,1980.0,1.0
4536972,53403273,1992.0,
4536980,53403590,1900.0,1.0
4537104,53408500,1970.0,
4537105,53408500,1970.0,1.0
4537107,53408500,1970.0,
4537117,53408815,1998.0,
4537121,53408840,1950.0,
4537127,53409001,1970.0,1.0
4537128,53409001,1970.0,1.0
4537129,53409001,1970.0,1.0
4537135,53409406,1993.0,1.0
4537215,53410041,2000.0,
4537229,53410158,1990.0,1.0
4537230,53410158,1990.0,1.0
4537231,53410158,1990.0,1.0
4537232,53410158,1990.0,1.0
4537233,53410158,1990.0,
4537250,53410320,1996.0,1.0
4537283,53411099,1992.0,
4537284,53411099,1992.0,1.0
4537285,53411099,1992.0,1.0
4537291,53411129,1992.0,1.0
4537292,53411129,1992.0,1.0
4537293,53411129,1992.0,1.0
4537294,53411129,1992.0,1.0
4537295,53411129,1992.0,1.0
4537316,53411568,2008.0,1.0
4537317,53411568,2008.0,1.0
4537318,53411568,2008.0,
4537332,53411878,1985.0,1.0
4537338,53412085,1996.0,1.0
4537350,53412498,1992.0,1.0
4537373,53412800,1990.0,1.0
4537374,53412800,1990.0,1.0
4537383,53412928,1985.0,1.0
4537391,53413045,1980.0,
4537392,53413045,1980.0,
4537396,53413103,1983.0,1.0
4537402,53413191,1991.0,1.0
4537403,53413191,1991.0,1.0
4537404,53413191,1991.0,1.0
4537405,53413191,1991.0,1.0
4537408,53413228,1970.0,
4537427,53413561,1900.0,1.0
4537444,53413840,1994.0,
4537476,53414232,1995.0,1.0
4537477,53414232,1995.0,1.0
4537541,53414998,1991.0,
4537544,53415125,1970.0,
4537809,53418820,1998.0,
4537811,53418820,1998.0,
4537818,53418917,1975.0,
4537819,53418917,1975.0,
4537820,53418917,1975.0,
4537871,53419991,2010.0,1.0
4537876,53420190,1989.0,
4537878,53420223,1970.0,
4537879,53420223,1970.0,1.0
4538001,53422162,1995.0,
4538002,53422162,1995.0,1.0
4538058,53422669,2000.0,1.0
4538059,53422735,1987.0,1.0
4538061,53422821,1992.0,
4538062,53422821,1992.0,
4538063,53422821,1992.0,
4538064,53422900,1970.0,1.0
4538068,53422910,1970.0,
4538070,53422910,1970.0,
4538075,53423031,2002.0,1.0
4538197,53425178,1970.0,1.0
4538199,53425178,1970.0,2.0
4538221,53425529,1999.0,
4538227,53425583,1992.0,1.0
4538228,53425583,1992.0,
4538229,53425591,1990.0,
4538230,53425591,1990.0,1.0
4538231,53425591,1990.0,
4538520,53428703,1970.0,1.0
4538611,53430318,1960.0,
4538751,53432599,1970.0,
4538769,53433065,1990.0,
4539526,53441884,1991.0,1.0
4539564,53442669,1980.0,
4539565,53442669,1980.0,1.0
4539749,53444060,1992.0,1.0
4539750,53444060,1992.0,
4539751,53444060,1992.0,1.0
4540263,53447268,1980.0,
4540264,53447268,1980.0,1.0
4540265,53447268,1980.0,
4540318,53448394,1990.0,1.0
4540377,53449549,1970.0,1.0
4540488,53451973,1990.0,1.0
4540712,61062620,1800.0,
4540713,61062655,1991.0,
4540714,61062655,1991.0,
4540715,61062655,1991.0,1.0
4540716,61062703,1985.0,
4540717,61062801,1980.0,1.0
4540718,61062801,1980.0,1.0
4540719,61062801,1980.0,1.0
4540722,61062891,1800.0,
4540723,61062891,1900.0,1.0
4540724,61063055,1970.0,
4540725,61063055,1970.0,
4540726,61063056,1990.0,
4540728,61063056,1990.0,1.0
4540729,61063056,1990.0,
4540730,61063056,1990.0,1.0
4540737,61063134,1990.0,
4540738,61063134,1990.0,
4540739,61063134,1990.0,
4540743,61063139,1990.0,1.0
4540747,61063168,1992.0,
4540748,61063168,1992.0,
4540749,61063188,1980.0,1.0
4540750,61063199,1981.0,
4540751,61063199,1981.0,
4540761,61063249,1991.0,1.0
4540762,61063249,1991.0,
4540763,61063249,1991.0,
4540764,61063249,1991.0,1.0
4540765,61063256,1990.0,1.0
4540766,61063256,1990.0,
4540767,61063256,1990.0,1.0
4540769,61063258,1970.0,
4540770,61063258,1970.0,
4540791,61063365,1970.0,1.0
4540798,61063409,1991.0,
4540799,61063409,1991.0,
4540808,61063553,1970.0,
4540965,61063870,1900.0,1.0
4541045,61068197,1800.0,
4541047,61068886,1985.0,1.0
4551322,64806668,1980.0,1.0
4551323,64806675,1982.0,1.0
4551324,64806675,1982.0,
4551325,64806675,1982.0,1.0
4551326,64806675,1982.0,1.0
4551327,64806675,1982.0,1.0
4551342,64807079,1982.0,1.0
4551343,64807079,1982.0,1.0
4551348,64807242,1970.0,
4551349,64807242,1970.0,1.0
4551351,64807288,1970.0,1.0
4551357,64807440,1991.0,
4551360,64807474,1993.0,
4551366,64807568,1981.0,1.0
4551367,64807568,1981.0,
4551368,64807568,1981.0,1.0
4551369,64807579,1978.0,
4551370,64807579,1978.0,1.0
4551371,64807579,1978.0,
4551372,64807579,1978.0,
4551375,64807579,1978.0,1.0
4551377,64807609,2009.0,
4551378,64807609,2009.0,
4551379,64807609,2009.0,1.0
4551382,64807609,2009.0,1.0
4551383,64807609,2009.0,
4551384,64807609,2009.0,
4551385,64807609,2009.0,1.0
4551386,64807609,2009.0,
4551387,64807609,2009.0,1.0
4551389,64807609,2009.0,1.0
4551390,64807609,2009.0,1.0
4551391,64807609,2009.0,1.0
4551392,64807609,2009.0,1.0
4551393,64807609,2009.0,1.0
4551394,64807609,2009.0,1.0
4551398,64807678,1800.0,1.0
4551401,64807922,1980.0,
4551402,64807944,1982.0,1.0
4551404,64808051,1970.0,
4551429,64808564,1990.0,1.0
4551452,64808906,1900.0,1.0
4551454,64808918,1981.0,1.0
4551455,64808918,1981.0,1.0
4551456,64808918,1981.0,1.0
4551457,64808919,1800.0,1.0
4554100,64909308,2000.0,
4554101,64909308,2000.0,
4554102,64909529,1992.0,1.0
4554103,64909529,1992.0,1.0
4555200,64914245,1990.0,1.0
4555201,64914245,1990.0,
4555202,64914247,1990.0,1.0
4555203,64914247,1990.0,
4555204,64914247,1990.0,1.0
4555209,64914332,1990.0,1.0
4555215,64914409,1990.0,
4555236,64914563,1970.0,1.0
4555245,64914634,1994.0,1.0
4555246,64914634,1994.0,1.0
4555254,64914853,1990.0,
4556540,64916926,2010.0,1.0
4556567,64917040,1970.0,
4556645,64917503,1980.0,1.0
4557606,64922416,1991.0,1.0
4568351,65003797,2012.0,1.0
4568352,65003809,2009.0,
4577339,65059530,1993.0,
4596068,52752618,1982.0,1.0
4596069,52752618,1982.0,
4596904,52782245,1970.0,
4596928,52782905,1970.0,
4597105,52787460,1980.0,
4597516,52796451,1998.0,1.0
4597517,52796451,1998.0,
4598197,52805373,1995.0,
4598198,52805399,1982.0,1.0
4598199,52805399,1982.0,1.0
4598437,52808557,1991.0,1.0
4598548,52810510,1982.0,1.0
4598815,52821425,1990.0,
4598855,52822634,1970.0,
4598903,52823272,1992.0,1.0
4598948,52823884,1985.0,1.0
4598992,52824433,1980.0,
4599173,52826559,1900.0,1.0
4599305,52828959,1970.0,
4599373,52830105,1980.0,
4599374,52830105,1980.0,
4599424,52831228,1980.0,
4599425,52831228,1980.0,2.0
4599840,52837939,1998.0,
4599946,52839333,1980.0,1.0
4599955,52839661,1990.0,1.0
4600082,52840765,1980.0,1.0
4600083,52840765,1980.0,
4600169,52842112,1982.0,1.0
4600178,52842214,1970.0,
4600250,52843222,1970.0,
4600279,52843625,1989.0,1.0
4600280,52843644,1987.0,1.0
4600297,52843945,1980.0,1.0
4600880,52882167,1970.0,1.0
4600881,52882167,1970.0,1.0
4600894,52882568,1970.0,
4601068,52889512,1988.0,1.0
4601069,52889512,1988.0,
4601850,52927881,1990.0,1.0
4601875,52928213,1990.0,
4602008,52931303,1991.0,1.0
4602030,52931874,1800.0,1.0
4602486,52936889,1983.0,1.0
4602487,52936889,1983.0,1.0
4602488,52936889,1983.0,
4602489,52936889,1983.0,1.0
4602617,52940744,1990.0,1.0
4602668,52941549,1990.0,
4602669,52941549,1990.0,1.0
4602670,52941549,1990.0,
4602671,52941549,1990.0,1.0
4602672,52941549,1990.0,
4602741,52942923,1993.0,
4602742,52942923,1993.0,
4602768,52943819,1970.0,
4603140,52951370,1970.0,
4603152,52951680,1980.0,
4603462,52956349,1995.0,1.0
4603463,52956349,1995.0,1.0
4604787,52973231,1970.0,1.0
4604788,52973231,1970.0,1.0
4604881,52976775,1970.0,1.0
4604884,52976775,1970.0,1.0
4604890,52976775,1970.0,1.0
4604893,52976775,1970.0,1.0
4604896,52976775,1970.0,1.0
4604898,52976775,1970.0,1.0
4606391,52998983,1980.0,
4606392,52998983,1980.0,1.0
4606488,53000366,1985.0,1.0
4606489,53000366,1985.0,
4606535,53001090,1970.0,
4606536,53001090,1970.0,1.0
4606538,53001090,1970.0,
4607811,53014920,1980.0,
4607812,53014920,1980.0,1.0
4607825,53015119,1900.0,1.0
4609525,53035266,1991.0,1.0
4610735,53054557,1990.0,
4610738,53054557,1990.0,
4610748,53054643,1970.0,1.0
4610749,53054643,1970.0,1.0
4610995,53057738,1970.0,1.0
4611001,53057904,1980.0,1.0
4611196,53059671,1980.0,
4611639,53066743,1970.0,1.0
4611640,53066743,1970.0,1.0
4613199,53087251,1983.0,
4613202,53087253,1984.0,1.0
4613257,53088117,1980.0,1.0
4617062,53128701,1991.0,2.0
4618476,53145586,1970.0,1.0
4618477,53145586,1970.0,1.0
4618478,53145586,1970.0,1.0
4618479,53145586,1970.0,1.0
4618480,53145586,1970.0,1.0
4619459,53159195,1980.0,
4619711,53161627,1970.0,1.0
4642657,53389448,1973.0,1.0
4642658,53389448,1973.0,
4642659,53389514,1980.0,1.0
4642660,53389514,1980.0,1.0
4642661,53389514,1980.0,1.0
4642662,53389514,1980.0,1.0
4642889,53393998,1983.0,1.0
4642904,53394283,1992.0,1.0
4642905,53394283,1992.0,1.0
4642906,53394283,1992.0,1.0
4644133,53422162,1995.0,
4644134,53422162,1995.0,1.0
4644204,53422735,1987.0,1.0
4644743,53428703,1970.0,1.0
4644837,53430318,1960.0,
4645008,53433065,1990.0,
4646727,53447268,1980.0,
4646728,53447268,1980.0,1.0
4646729,53447268,1980.0,
4647270,61063553,1970.0,
4652860,68394668,1999.0,1.0
4652861,68394831,1992.0,
4657710,64807568,1981.0,1.0
4657711,64807568,1981.0,
4657712,64807568,1981.0,1.0
4657746,64807944,1982.0,1.0
4657748,64808051,1970.0,
4662670,64917503,1980.0,1.0
50175019,52825917,1970.0,1.0
50175020,52825917,1970.0,1.0
50175021,52825917,1970.0,2.0
50175022,52825917,1970.0,2.0
50175023,52825917,1970.0,3.0
50175024,52825917,1970.0,3.0
50175025,52825917,1970.0,4.0
50175026,52825917,1970.0,4.0
50175029,52825917,1970.0,2.0
50175030,52825917,1970.0,2.0
50175031,52825917,1970.0,3.0
50175034,52825917,1970.0,4.0
50175037,52825917,1970.0,2.0
50175038,52825917,1970.0,2.0
50175039,52825917,1970.0,3.0
50175040,52825917,1970.0,3.0
50175041,52825917,1970.0,4.0
50175047,52779189,1970.0,2.0
50175048,52779189,1970.0,3.0
50175049,52779189,1970.0,3.0
50175050,52779189,1970.0,1.0
50175053,52779189,1970.0,2.0
50175054,52779189,1970.0,3.0
50175059,52779189,1970.0,2.0
50175061,52779189,1970.0,3.0
50175062,52779189,1970.0,1.0
50175063,52779189,1970.0,1.0
50175064,52779189,1970.0,2.0
50175067,52779189,1970.0,3.0
50175072,52779189,1970.0,3.0
50175074,52779189,1970.0,1.0
50175075,52779189,1970.0,1.0
50175077,52779189,1970.0,2.0
50175083,52779189,1970.0,2.0
50175084,52779189,1970.0,3.0
50175085,52779189,1970.0,3.0
50175088,52834336,1970.0,1.0
50175089,52834336,1970.0,1.0
50175091,52834336,1970.0,2.0
50175093,52834336,1970.0,3.0
50175094,52834336,1970.0,1.0
50175095,52834336,1970.0,1.0
50175096,52834336,1970.0,2.0
50175098,52834336,1970.0,3.0
50175099,52834336,1970.0,3.0
50175101,52834336,1970.0,1.0
50175103,52834336,1970.0,2.0
50175104,52834336,1970.0,3.0
50175105,52834336,1970.0,3.0
50175107,53043783,1970.0,1.0
50175110,53043783,1970.0,2.0
50175111,53043783,1970.0,3.0
50175114,53043783,1970.0,4.0
50175115,53043783,1970.0,1.0
50175117,53043783,1970.0,2.0
50175118,53043783,1970.0,2.0
50175127,53043783,1970.0,3.0
50175133,64806569,1970.0,1.0
50175135,64806569,1970.0,2.0
50175136,64806569,1970.0,3.0
50175137,64806569,1970.0,3.0
50175138,64806569,1970.0,1.0
50175139,64806569,1970.0,1.0
50175141,64806569,1970.0,2.0
50175142,64806569,1970.0,3.0
50175143,64806569,1970.0,3.0
50175144,64806569,1970.0,1.0
50175145,64806569,1970.0,1.0
50175146,64806569,1970.0,2.0
50175147,64806569,1970.0,2.0
50175154,64806569,1970.0,3.0
50175155,64806569,1970.0,3.0
50175156,52823477,1980.0,7.0
50175159,52783585,1970.0,1.0
50175160,52783585,1970.0,1.0
50175162,52783585,1970.0,2.0
50175163,52783585,1970.0,2.0
50175164,52783585,1970.0,2.0
50175165,52783585,1970.0,2.0
50175166,52783585,1970.0,3.0
50175170,52783585,1970.0,4.0
50175172,52783585,1970.0,4.0
50175173,52783585,1970.0,4.0
50175174,52783585,1970.0,5.0
50175176,52783585,1970.0,5.0
50175177,52783585,1970.0,5.0
50175179,52783585,1970.0,6.0
50175180,52783585,1970.0,6.0
50175181,52783585,1970.0,3.0
50175184,52799755,1970.0,1.0
50175186,52799755,1970.0,1.0
50175187,52799755,1970.0,2.0
50175188,52799755,1970.0,2.0
50175189,52799755,1970.0,2.0
50175190,52799755,1970.0,2.0
50175191,52799755,1970.0,3.0
50175192,52799755,1970.0,3.0
50175193,52799755,1970.0,3.0
50175195,52799755,1970.0,4.0
50175197,52799755,1970.0,4.0
50175198,52799755,1970.0,4.0
50175200,52799755,1970.0,5.0
50175201,52799755,1970.0,5.0
50175202,52799755,1970.0,5.0
50175203,52799755,1970.0,6.0
50175204,52799755,1970.0,6.0
50175206,52799755,1970.0,6.0
50175208,52784827,1970.0,1.0
50175209,52784827,1970.0,1.0
50175210,52784827,1970.0,1.0
50175211,52784827,1970.0,1.0
50175212,52784827,1970.0,1.0
50175214,52784827,1970.0,1.0
50175215,52784827,1970.0,2.0
50175216,52784827,1970.0,2.0
50175217,52784827,1970.0,2.0
50175218,52784827,1970.0,2.0
50175219,52784827,1970.0,3.0
50175220,52784827,1970.0,3.0
50175221,52784827,1970.0,3.0
50175223,52784827,1970.0,4.0
50175224,52784827,1970.0,4.0
50175226,52784827,1970.0,4.0
50175227,52784827,1970.0,4.0
50175230,52784827,1970.0,4.0
50175235,52784827,1970.0,1.0
50175237,52784827,1970.0,2.0
50175240,52784827,1970.0,2.0
50175241,52784827,1970.0,3.0
50175243,52784827,1970.0,3.0
50175244,52784827,1970.0,3.0
50175245,52784827,1970.0,4.0
50175247,52784827,1970.0,4.0
50175248,52784827,1970.0,4.0
50175249,52784827,1970.0,4.0
50175250,52784827,1970.0,4.0
50175252,52784827,1970.0,
50175254,52813472,1970.0,1.0
50175255,52813472,1970.0,1.0
50175256,52813472,1970.0,1.0
50175259,52813472,1970.0,1.0
50175260,52813472,1970.0,1.0
50175261,52813472,1970.0,1.0
50175262,52813472,1970.0,2.0
50175263,52813472,1970.0,2.0
50175265,52813472,1970.0,2.0
50175266,52813472,1970.0,3.0
50175269,52813472,1970.0,3.0
50175277,52813472,1970.0,4.0
50175279,52813472,1970.0,1.0
50175280,52813472,1970.0,1.0
50175281,52813472,1970.0,1.0
50175282,52813472,1970.0,1.0
50175283,52813472,1970.0,1.0
50175286,52813472,1970.0,2.0
50175288,52813472,1970.0,3.0
50175289,52813472,1970.0,3.0
50175290,52813472,1970.0,3.0
50175291,52813472,1970.0,3.0
50175292,52813472,1970.0,4.0
50175294,52813472,1970.0,4.0
50175295,52813472,1970.0,4.0
50175296,52813472,1970.0,4.0
50175298,52813472,1970.0,4.0
50175299,52813472,1970.0,4.0
50175301,52957336,1970.0,1.0
50175302,52957336,1970.0,1.0
50175303,52957336,1970.0,1.0
50175307,52957336,1970.0,1.0
50175308,52957336,1970.0,1.0
50175309,52957336,1970.0,2.0
50175310,52957336,1970.0,2.0
50175311,52957336,1970.0,2.0
50175314,52957336,1970.0,3.0
50175315,52957336,1970.0,3.0
50175317,52957336,1970.0,4.0
50175318,52957336,1970.0,4.0
50175319,52957336,1970.0,4.0
50175320,52957336,1970.0,4.0
50175321,52957336,1970.0,4.0
50175322,52957336,1970.0,4.0
50175324,52957336,1970.0,4.0
50175326,52957336,1970.0,1.0
50175327,52957336,1970.0,1.0
50175330,52957336,1970.0,1.0
50175332,52957336,1970.0,2.0
50175334,52957336,1970.0,2.0
50175336,52957336,1970.0,3.0
50175337,52957336,1970.0,3.0
50175339,52957336,1970.0,4.0
50175340,52957336,1970.0,4.0
50175344,52957336,1970.0,4.0
50175346,52957336,1970.0,4.0
50175348,52776337,1970.0,1.0
50175349,52776337,1970.0,1.0
50175350,52776337,1970.0,1.0
50175351,52776337,1970.0,1.0
50175355,52776337,1970.0,1.0
50175357,52776337,1970.0,2.0
50175359,52776337,1970.0,2.0
50175360,52776337,1970.0,3.0
50175362,52776337,1970.0,3.0
50175363,52776337,1970.0,3.0
50175366,52776337,1970.0,4.0
50175377,53141351,1970.0,1.0
50175379,53141351,1970.0,1.0
50175380,53141351,1970.0,1.0
50175381,53141351,1970.0,1.0
50175382,53141351,1970.0,1.0
50175383,53141351,1970.0,2.0
50175384,53141351,1970.0,2.0
50175387,53141351,1970.0,3.0
50175389,53141351,1970.0,3.0
50175390,53141351,1970.0,3.0
50175393,53141351,1970.0,4.0
50175394,53141351,1970.0,4.0
50175396,53141351,1970.0,4.0
50175397,53141351,1970.0,4.0
50175400,52825952,1970.0,1.0
50175401,52825952,1970.0,1.0
50175402,52825952,1970.0,1.0
50175403,52825952,1970.0,1.0
50175404,52825952,1970.0,1.0
50175405,52825952,1970.0,1.0
50175406,52825952,1970.0,2.0
50175409,52825952,1970.0,2.0
50175410,52825952,1970.0,3.0
50175412,52825952,1970.0,3.0
50175413,52825952,1970.0,3.0
50175417,52825952,1970.0,4.0
50175418,52825952,1970.0,4.0
50175419,52825952,1970.0,4.0
50175421,52825952,1970.0,4.0
50175423,52827500,1970.0,1.0
50175424,52827500,1970.0,1.0
50175427,52827500,1970.0,1.0
50175428,52827500,1970.0,1.0
50175429,52827500,1970.0,2.0
50175430,52827500,1970.0,2.0
50175431,52827500,1970.0,2.0
50175432,52827500,1970.0,2.0
50175433,52827500,1970.0,3.0
50175434,52827500,1970.0,3.0
50175435,52827500,1970.0,3.0
50175436,52827500,1970.0,3.0
50175442,52827500,1970.0,4.0
50175443,52827500,1970.0,4.0
50175444,52827500,1970.0,4.0
50175449,52955433,1970.0,1.0
50175451,52955433,1970.0,2.0
50175454,52955433,1970.0,3.0
50175455,52955433,1970.0,0.0
50175456,52955433,1970.0,0.0
50175457,52955433,1970.0,1.0
50175458,52955433,1970.0,1.0
50175464,52955433,1970.0,0.0
50175465,52955433,1970.0,1.0
50175467,52955433,1970.0,2.0
50175468,52955433,1970.0,2.0
50175471,52955433,1970.0,0.0
50175473,52955433,1970.0,1.0
50175476,52955433,1970.0,2.0
50175477,52955433,1970.0,3.0
50175481,52955433,1970.0,1.0
50175483,52955433,1970.0,2.0
50175484,52955433,1970.0,2.0
50175485,52955433,1970.0,3.0
50175486,52955433,1970.0,3.0
50175489,52955433,1970.0,2.0
50175491,52955433,1970.0,3.0
50175492,52955433,1970.0,3.0
50175495,52790400,1970.0,1.0
50175498,52790400,1970.0,1.0
50175499,52790400,1970.0,1.0
50175500,52790400,1970.0,2.0
50175502,52790400,1970.0,2.0
50175503,52790400,1970.0,2.0
50175504,52790400,1970.0,2.0
50175505,52790400,1970.0,2.0
50175508,64808939,1970.0,1.0
50175510,64808939,1970.0,1.0
50175513,64808939,1970.0,2.0
50175518,64808939,1970.0,3.0
50175520,64808939,1970.0,4.0
50175523,64808939,1970.0,4.0
50175524,64808939,1970.0,5.0
50175525,64808939,1970.0,5.0
50175527,64808939,1970.0,5.0
50175528,64808939,1970.0,6.0
50175529,64808939,1970.0,6.0
50175531,64808939,1970.0,6.0
50175533,64808939,1970.0,7.0
50175535,64808939,1970.0,7.0
50175541,53147121,1970.0,1.0
50175542,53147121,1970.0,2.0
50175543,53029843,1970.0,3.0
50175544,53029843,1970.0,1.0
50175545,53029843,1970.0,1.0
50175546,53029843,1970.0,2.0
50175548,53029843,1970.0,3.0
50175550,53029843,1970.0,1.0
50175551,53029843,1970.0,1.0
50175552,53029843,1970.0,2.0
50175553,53029843,1970.0,2.0
50175554,53029843,1970.0,3.0
50175555,53029843,1970.0,3.0
50175556,53029843,1970.0,1.0
50175557,53029843,1970.0,2.0
50175558,53029843,1970.0,3.0
50175559,53147121,1970.0,1.0
50175561,53147121,1970.0,1.0
50175562,53147121,1970.0,2.0
50175563,53147121,1970.0,2.0
50175564,52840429,1970.0,2.0
50175565,52840429,1970.0,3.0
50175566,53147121,1970.0,3.0
50175567,52840429,1970.0,3.0
50175569,53147121,1970.0,1.0
50175572,53147121,1970.0,2.0
50175574,52840429,1970.0,3.0
50175575,53147121,1970.0,1.0
50175576,52840429,1970.0,1.0
50175577,52840429,1970.0,2.0
50175580,53147121,1970.0,3.0
50175581,52840429,1970.0,1.0
50175582,52840429,1970.0,1.0
50175583,52840429,1970.0,2.0
50175584,53147121,1970.0,2.0
50175586,52840429,1970.0,3.0
50175587,53147121,1970.0,1.0
50175588,53147121,1970.0,1.0
50175589,52840429,1970.0,1.0
50175591,53147121,1970.0,2.0
50175592,53147121,1970.0,2.0
50175594,52840429,1970.0,3.0
50175599,53147121,1970.0,1.0
50175601,53029843,1970.0,2.0
50175602,53029843,1970.0,2.0
50175603,53147121,1970.0,3.0
50175606,53029843,1970.0,1.0
50175607,53029843,1970.0,2.0
50175608,53029843,1970.0,2.0
50175609,53147121,1970.0,3.0
50175610,53029843,1970.0,3.0
50175613,53029843,1970.0,3.0
50175620,53091769,1970.0,1.0
50175621,53091769,1970.0,1.0
50175622,53091769,1970.0,1.0
50175623,53091769,1970.0,2.0
50175624,53091769,1970.0,2.0
50175625,53091769,1970.0,2.0
50175626,53091769,1970.0,2.0
50175627,53091769,1970.0,3.0
50175628,53091769,1970.0,3.0
50175629,53091769,1970.0,3.0
50175631,53091769,1970.0,4.0
50175634,53091769,1970.0,4.0
50175637,53091769,1970.0,4.0
50175638,53091769,1970.0,
50175641,53433341,1970.0,1.0
50175642,53433341,1970.0,1.0
50175643,53433341,1970.0,1.0
50175644,53433341,1970.0,1.0
50175645,53433341,1970.0,1.0
50175646,53433341,1970.0,2.0
50175647,53433341,1970.0,2.0
50175650,53433341,1970.0,3.0
50175651,53433341,1970.0,3.0
50175652,53433341,1970.0,3.0
50175654,53433341,1970.0,4.0
50175657,53433341,1970.0,4.0
50175658,53433341,1970.0,4.0
50175660,53433341,1970.0,4.0
50175661,53433341,1970.0,4.0
50175664,53387003,1970.0,1.0
50175665,53387003,1970.0,1.0
50175667,53387003,1970.0,1.0
50175668,53387003,1970.0,1.0
50175670,53387003,1970.0,2.0
50175672,53387003,1970.0,2.0
50175673,53387003,1970.0,3.0
50175674,53387003,1970.0,3.0
50175676,53387003,1970.0,3.0
50175678,53387003,1970.0,4.0
50175679,53387003,1970.0,4.0
50175684,53387003,1970.0,
50175688,53408041,1970.0,1.0
50175693,53408041,1970.0,2.0
50175694,53408041,1970.0,2.0
50175696,53408041,1970.0,3.0
50175697,53408041,1970.0,3.0
50175698,53408041,1970.0,3.0
50175699,53408041,1970.0,3.0
50175703,53408041,1970.0,4.0
50175706,53408041,1970.0,4.0
50175707,53408041,1970.0,4.0
50175713,52800256,1970.0,1.0
50175715,52800256,1970.0,2.0
50175716,52800256,1970.0,2.0
50175717,52800256,1970.0,3.0
50175718,52800256,1970.0,3.0
50175720,52800256,1970.0,1.0
50175721,52800256,1970.0,2.0
50175722,52800256,1970.0,2.0
50175724,52800256,1970.0,3.0
50175725,52800256,1970.0,1.0
50175726,52800256,1970.0,1.0
50175727,52800256,1970.0,2.0
50175728,52800256,1970.0,2.0
50175729,52800256,1970.0,3.0
50175730,52800256,1970.0,3.0
50175731,52800256,1970.0,1.0
50175732,52800256,1970.0,1.0
50175733,52800256,1970.0,2.0
50175735,52800256,1970.0,3.0
50175736,52800256,1970.0,3.0
50175737,52800256,1970.0,1.0
50175738,52800256,1970.0,1.0
50175741,52800256,1970.0,3.0
50175742,52800256,1970.0,3.0
50175746,52800256,1970.0,2.0
50175747,52800256,1970.0,3.0
50175748,52800256,1970.0,3.0
50175749,52800256,1970.0,1.0
50175750,52800256,1970.0,1.0
50175751,52800256,1970.0,2.0
50175752,52800256,1970.0,2.0
50175753,52800256,1970.0,3.0
50175754,52800256,1970.0,3.0
50175755,52800256,1970.0,1.0
50175757,52800256,1970.0,2.0
50175759,52800256,1970.0,3.0
50175760,52800256,1970.0,3.0
50175761,52800256,1970.0,1.0
50175762,52800256,1970.0,1.0
50175765,52800256,1970.0,3.0
50175766,52800256,1970.0,3.0
50175769,52828550,1970.0,1.0
50175771,52828550,1970.0,2.0
50175772,52828550,1970.0,2.0
50175773,52828550,1970.0,3.0
50175774,52828550,1970.0,3.0
50175775,52828550,1970.0,1.0
50175776,52828550,1970.0,1.0
50175777,52828550,1970.0,2.0
50175778,52828550,1970.0,2.0
50175779,52828550,1970.0,3.0
50175780,52828550,1970.0,3.0
50175781,52828550,1970.0,1.0
50175786,52828550,1970.0,3.0
50175788,52828550,1970.0,1.0
50175789,52828550,1970.0,2.0
50175790,52828550,1970.0,2.0
50175793,52828550,1970.0,1.0
50175794,52828550,1970.0,1.0
50175795,52828550,1970.0,2.0
50175796,52828550,1970.0,2.0
50175797,52828550,1970.0,3.0
50175840,52793630,1970.0,0.0
50175842,52793630,1970.0,1.0
50175843,52793630,1970.0,1.0
50175845,52793630,1970.0,2.0
50175848,52793630,1970.0,3.0
50175850,52793630,1970.0,3.0
50175851,52793630,1970.0,0.0
50175853,52793630,1970.0,1.0
50175854,52793630,1970.0,1.0
50175855,52793630,1970.0,1.0
50175857,52793630,1970.0,2.0
50175859,52793630,1970.0,2.0
50175863,52793630,1970.0,3.0
50175864,52793630,1970.0,3.0
50175869,52793630,1970.0,1.0
50175870,52793630,1970.0,1.0
50175871,52793630,1970.0,2.0
50175873,52793630,1970.0,2.0
50175874,52793630,1970.0,2.0
50175875,52793630,1970.0,3.0
50175876,52793630,1970.0,3.0
50175877,52793630,1970.0,3.0
50175878,52793630,1970.0,3.0
50175881,52793630,1970.0,1.0
50175883,52793630,1970.0,1.0
50175884,52793630,1970.0,2.0
50175886,52793630,1970.0,2.0
50175889,52793630,1970.0,3.0
50175904,64806964,1970.0,1.0
50175907,64806964,1970.0,2.0
50175908,64806964,1970.0,2.0
50175910,64806964,1970.0,3.0
50175911,64806964,1970.0,3.0
50175912,64806964,1970.0,1.0
50175914,64806964,1970.0,1.0
50175916,64806964,1970.0,2.0
50175918,64806964,1970.0,2.0
50175921,64806964,1970.0,3.0
50175922,64806964,1970.0,3.0
50175924,64806964,1970.0,1.0
50175925,64806964,1970.0,1.0
50175927,64806964,1970.0,1.0
50175930,64806964,1970.0,2.0
50175931,64806964,1970.0,2.0
50175932,64806964,1970.0,3.0
50175934,64806964,1970.0,3.0
50175936,64806964,1970.0,1.0
50175937,64806964,1970.0,1.0
50175939,64806964,1970.0,1.0
50175940,64806964,1970.0,2.0
50175941,64806964,1970.0,2.0
50175942,64806964,1970.0,2.0
50175943,64806964,1970.0,2.0
50175944,64806964,1970.0,3.0
50175945,64806964,1970.0,3.0
50175947,64806964,1970.0,3.0
50175948,64806964,1970.0,1.0
50175949,64806964,1970.0,1.0
50175952,64806964,1970.0,2.0
50175953,64806964,1970.0,2.0
50175954,64806964,1970.0,3.0
50175961,64808958,1970.0,0.0
50175964,64808958,1970.0,1.0
50175966,64808958,1970.0,2.0
50175967,64808958,1970.0,2.0
50175968,64808958,1970.0,3.0
50175970,64808958,1970.0,3.0
50175971,64808958,1970.0,0.0
50175972,64808958,1970.0,0.0
50175973,64808958,1970.0,1.0
50175975,64808958,1970.0,1.0
50175976,64808958,1970.0,1.0
50175977,64808958,1970.0,2.0
50175980,64808958,1970.0,2.0
50175982,64808958,1970.0,3.0
50175983,64808958,1970.0,3.0
50175984,64808958,1970.0,3.0
50175989,64808958,1970.0,1.0
50175991,64808958,1970.0,2.0
50175992,64808958,1970.0,2.0
50175994,64808958,1970.0,2.0
50175995,64808958,1970.0,3.0
50175996,64808958,1970.0,3.0
50175997,64808958,1970.0,3.0
50175998,64808958,1970.0,3.0
50175999,64808958,1970.0,0.0
50176000,64808958,1970.0,1.0
50176001,64808958,1970.0,1.0
50176002,64808958,1970.0,1.0
50176003,64808958,1970.0,2.0
50176004,64808958,1970.0,2.0
50176005,64808958,1970.0,2.0
50176006,64808958,1970.0,3.0
50176012,52952268,1970.0,1.0
50176013,52952268,1970.0,2.0
50176014,52952268,1970.0,2.0
50176018,52952268,1970.0,0.0
50176020,52952268,1970.0,1.0
50176023,52952268,1970.0,3.0
50176024,52952268,1970.0,3.0
50176025,52952268,1970.0,0.0
50176032,52952268,1970.0,3.0
50176034,52952268,1970.0,1.0
50176036,52952268,1970.0,2.0
50176081,64915436,1980.0,0.0
50176087,64915436,1980.0,0.0
50176089,64915436,1980.0,0.0
50176097,64915436,1980.0,0.0
50176132,52749734,1984.0,
50176183,52843188,1980.0,0.0
50176239,53064064,1980.0,0.0
50176241,53064064,1980.0,0.0
50176259,53064064,1980.0,1.0
50176265,53064064,1980.0,0.0
50176276,53064064,1980.0,0.0
50176281,53064064,1980.0,0.0
50176284,53064064,1980.0,1.0
50176307,52835624,1970.0,1.0
50176308,52835624,1970.0,1.0
50176310,52835624,1970.0,2.0
50176311,52835624,1970.0,2.0
50176313,52835624,1970.0,3.0
50176314,52835624,1970.0,3.0
50176315,52835624,1970.0,3.0
50176316,52835624,1970.0,0.0
50176317,52835624,1970.0,0.0
50176319,52835624,1970.0,1.0
50176320,52835624,1970.0,1.0
50176321,52835624,1970.0,2.0
50176322,52835624,1970.0,2.0
50176323,52835624,1970.0,2.0
50176324,52835624,1970.0,3.0
50176326,52835624,1970.0,3.0
50176327,52835624,1970.0,0.0
50176328,52835624,1970.0,0.0
50176329,52835624,1970.0,1.0
50176330,52835624,1970.0,1.0
50176331,52835624,1970.0,1.0
50176336,52835624,1970.0,3.0
50176337,52835624,1970.0,
50176340,53138579,1970.0,0.0
50176341,53138579,1970.0,1.0
50176342,53138579,1970.0,1.0
50176343,53138579,1970.0,1.0
50176345,53138579,1970.0,2.0
50176346,53138579,1970.0,2.0
50176348,53138579,1970.0,3.0
50176349,53138579,1970.0,3.0
50176352,53138579,1970.0,1.0
50176353,53138579,1970.0,1.0
50176354,53138579,1970.0,1.0
50176355,53138579,1970.0,2.0
50176356,53138579,1970.0,2.0
50176357,53138579,1970.0,2.0
50176359,53138579,1970.0,3.0
50176360,53138579,1970.0,3.0
50176362,53138579,1970.0,0.0
50176363,53138579,1970.0,1.0
50176364,53138579,1970.0,1.0
50176365,53138579,1970.0,1.0
50176366,53138579,1970.0,2.0
50176367,53138579,1970.0,2.0
50176369,53138579,1970.0,3.0
50176370,53138579,1970.0,3.0
50176371,53138579,1970.0,3.0
50176624,52806333,1970.0,0.0
50176626,52806333,1970.0,1.0
50176628,52806333,1970.0,2.0
50176630,52806333,1970.0,3.0
50176631,52806333,1970.0,3.0
50176632,52806333,1970.0,4.0
50176633,52806333,1970.0,4.0
50176636,52806333,1970.0,1.0
50176637,52806333,1970.0,2.0
50176638,52806333,1970.0,2.0
50176640,52806333,1970.0,3.0
50176641,52806333,1970.0,4.0
50176642,52806333,1970.0,4.0
50176643,53141303,1970.0,0.0
50176648,53141303,1970.0,2.0
50176649,53141303,1970.0,3.0
50176651,53141303,1970.0,4.0
50176654,53141303,1970.0,0.0
50176657,53141303,1970.0,2.0
50176658,53141303,1970.0,2.0
50176659,53141303,1970.0,3.0
50176660,53141303,1970.0,3.0
50176661,53141303,1970.0,4.0
50176662,53141303,1970.0,4.0
50176663,53141303,1970.0,0.0
50176664,53141303,1970.0,1.0
50176665,53141303,1970.0,1.0
50176669,53141303,1970.0,3.0
50176670,53141303,1970.0,4.0
50176672,52783216,1970.0,0.0
50176675,52783216,1970.0,1.0
50176677,52783216,1970.0,2.0
50176678,52783216,1970.0,3.0
50176680,52783216,1970.0,4.0
50176681,52783216,1970.0,4.0
50176682,52783216,1970.0,0.0
50176683,52783216,1970.0,1.0
50176684,52783216,1970.0,1.0
50176685,52783216,1970.0,2.0
50176687,52783216,1970.0,3.0
50176690,52783216,1970.0,4.0
50176698,53089322,1970.0,0.0
50176699,53089322,1970.0,0.0
50176701,64806839,1970.0,1.0
50176704,64806839,1970.0,2.0
50176705,64806839,1970.0,3.0
50176706,64806839,1970.0,3.0
50176707,64806839,1970.0,4.0
50176711,64806839,1970.0,2.0
50176712,64806839,1970.0,2.0
50176713,64806839,1970.0,3.0
50176718,64806839,1970.0,1.0
50176719,64806839,1970.0,2.0
50176721,64806839,1970.0,3.0
50176722,64806839,1970.0,3.0
50176724,64806839,1970.0,4.0
50176725,64806839,1970.0,1.0
50176726,52947006,1970.0,1.0
50176727,64806839,1970.0,2.0
50176728,64806839,1970.0,2.0
50176731,64806839,1970.0,4.0
50176732,64806839,1970.0,4.0
50176734,52985285,1970.0,1.0
50176736,61067092,1970.0,2.0
50176737,61067092,1970.0,3.0
50176738,61067092,1970.0,3.0
50176740,61067092,1970.0,4.0
50176741,61067092,1970.0,1.0
50176742,52985285,1970.0,1.0
50176744,61067092,1970.0,2.0
50176746,52985285,1970.0,3.0
50176748,52985285,1970.0,4.0
50176749,61067092,1970.0,1.0
50176753,52985285,1970.0,3.0
50176754,61067092,1970.0,3.0
50176756,61067092,1970.0,4.0
50176757,53024594,1970.0,0.0
50176759,53024594,1970.0,1.0
50176763,53024594,1970.0,2.0
50176764,53024594,1970.0,2.0
50176766,53024594,1970.0,3.0
50176767,53024594,1970.0,3.0
50176770,53024594,1970.0,1.0
50176772,53024594,1970.0,1.0
50176775,53024594,1970.0,2.0
50176777,53024594,1970.0,3.0
50176778,53024594,1970.0,3.0
50176779,53024594,1970.0,0.0
50176782,53024594,1970.0,1.0
50176784,53024594,1970.0,2.0
50176785,53024594,1970.0,2.0
50176787,53024594,1970.0,3.0
50176788,53024594,1970.0,3.0
50176789,53024594,1970.0,3.0
50176790,61067092,1970.0,0.0
50176793,61067092,1970.0,1.0
50176796,61067092,1970.0,2.0
50176797,61067092,1970.0,2.0
50176798,61067092,1970.0,3.0
50176799,61067092,1970.0,3.0
50176803,61067092,1970.0,1.0
50176805,61067092,1970.0,1.0
50176809,61067092,1970.0,3.0
50176810,61067092,1970.0,3.0
50176812,61067092,1970.0,0.0
50176813,61067092,1970.0,0.0
50176814,61067092,1970.0,1.0
50176815,61067092,1970.0,1.0
50176819,61067092,1970.0,2.0
50176820,61067092,1970.0,3.0
50176823,61062717,1970.0,0.0
50176826,61062717,1970.0,1.0
50176828,61062717,1970.0,2.0
50176829,61062717,1970.0,2.0
50176830,61062717,1970.0,2.0
50176832,61062717,1970.0,3.0
50176835,61062717,1970.0,0.0
50176839,61062717,1970.0,2.0
50176841,61062717,1970.0,2.0
50176842,61062717,1970.0,3.0
50176843,61062717,1970.0,3.0
50176844,61062717,1970.0,3.0
50176845,61062717,1970.0,0.0
50176846,61062717,1970.0,0.0
50176849,61062717,1970.0,1.0
50176850,61062717,1970.0,2.0
50176852,61062717,1970.0,2.0
50176857,53422778,1970.0,1.0
50176858,53422778,1970.0,1.0
50176867,53422778,1970.0,3.0
50176869,53422778,1970.0,4.0
50176870,53422778,1970.0,4.0
50176871,53422778,1970.0,4.0
50176872,53422778,1970.0,4.0
50176874,53422778,1970.0,5.0
50176877,53422778,1970.0,6.0
50176878,53422778,1970.0,6.0
50176879,53422778,1970.0,6.0
50176880,53422778,1970.0,6.0
50176883,53422778,1970.0,7.0
50176884,53422778,1970.0,7.0
50176886,52794581,1980.0,1.0
50176889,52794581,1980.0,1.0
50176890,52794581,1980.0,2.0
50176891,52794581,1980.0,2.0
50176898,52794581,1980.0,4.0
50176900,52794581,1980.0,4.0
50176901,52794581,1980.0,4.0
50176902,52794581,1980.0,5.0
50176903,52794581,1980.0,5.0
50176904,52794581,1980.0,5.0
50176911,52794581,1980.0,7.0
50176912,52794581,1980.0,7.0
50176913,52794581,1980.0,7.0
50176914,52794581,1980.0,8.0
50176916,52794581,1980.0,8.0
50176919,52806280,1970.0,1.0
50176921,52806280,1970.0,1.0
50176922,52806280,1970.0,1.0
50176923,52806280,1970.0,2.0
50176927,52806280,1970.0,3.0
50176930,52806280,1970.0,3.0
50176931,52806280,1970.0,4.0
50176932,52806280,1970.0,4.0
50176933,52806280,1970.0,4.0
50176934,52806280,1970.0,4.0
50176936,52806280,1970.0,1.0
50176938,52806280,1970.0,1.0
50176941,52806280,1970.0,2.0
50176947,52806280,1970.0,4.0
50176948,52806280,1970.0,4.0
50176952,53157743,1970.0,1.0
50176957,53157743,1970.0,2.0
50176959,53157743,1970.0,2.0
50176960,53157743,1970.0,3.0
50176965,53157743,1970.0,4.0
50176966,53157743,1970.0,4.0
50176967,53157743,1970.0,4.0
50176970,53157743,1970.0,5.0
50176973,53157743,1970.0,6.0
50176974,53157743,1970.0,6.0
50176975,53157743,1970.0,6.0
50176976,53157743,1970.0,7.0
50176978,53157743,1970.0,7.0
50176982,52966770,1970.0,1.0
50176984,52966770,1970.0,1.0
50176985,52966770,1970.0,1.0
50176988,52966770,1970.0,2.0
50176989,52966770,1970.0,2.0
50176991,52966770,1970.0,3.0
50176992,52966770,1970.0,3.0
50176993,52966770,1970.0,3.0
50176996,52966770,1970.0,4.0
50176998,52966770,1970.0,1.0
50177004,52966770,1970.0,2.0
50177005,52966770,1970.0,2.0
50177006,52966770,1970.0,3.0
50177009,52966770,1970.0,3.0
50177012,52966770,1970.0,4.0
50177013,52966770,1970.0,4.0
50177016,53140950,1970.0,1.0
50177019,53140950,1970.0,2.0
50177020,53140950,1970.0,2.0
50177024,53140950,1970.0,3.0
50177025,53140950,1970.0,3.0
50177026,53140950,1970.0,3.0
50177027,53140950,1970.0,4.0
50177030,53140950,1970.0,4.0
50177035,53140950,1970.0,2.0
50177036,53140950,1970.0,2.0
50177038,53140950,1970.0,2.0
50177040,53140950,1970.0,3.0
50177041,53140950,1970.0,3.0
50177044,53140950,1970.0,4.0
50177046,53140950,1970.0,4.0
50177049,53088508,1980.0,1.0
50177052,53088508,1980.0,2.0
50177053,53088508,1980.0,2.0
50177054,53088508,1980.0,2.0
50177056,53088508,1980.0,3.0
50177058,53088508,1980.0,3.0
50177059,53088508,1980.0,3.0
50177060,53088508,1980.0,4.0
50177061,53088508,1980.0,4.0
50177062,53088508,1980.0,4.0
50177063,53088508,1980.0,4.0
50177064,53088508,1980.0,5.0
50177065,53088508,1980.0,5.0
50177066,53088508,1980.0,5.0
50177075,53088508,1980.0,7.0
50177077,64808278,1970.0,1.0
50177079,64808278,1970.0,1.0
50177080,64808278,1970.0,1.0
50177081,64808278,1970.0,2.0
50177082,64808278,1970.0,2.0
50177083,64808278,1970.0,2.0
50177085,64808278,1970.0,3.0
50177086,64808278,1970.0,3.0
50177089,64808278,1970.0,4.0
50177090,64808278,1970.0,4.0
50177092,64808278,1970.0,4.0
50177093,64808278,1970.0,1.0
50177094,64808278,1970.0,1.0
50177095,64808278,1970.0,1.0
50177096,64808278,1970.0,1.0
50177097,64808278,1970.0,2.0
50177098,64808278,1970.0,2.0
50177099,64808278,1970.0,2.0
50177100,64808278,1970.0,2.0
50177101,64808278,1970.0,3.0
50177102,64808278,1970.0,3.0
50177104,64808278,1970.0,3.0
50177105,64808278,1970.0,4.0
50177106,64808278,1970.0,4.0
50177108,64808278,1970.0,4.0
50177111,64808982,1970.0,1.0
50177113,64808982,1970.0,1.0
50177115,64808982,1970.0,1.0
50177116,64808982,1970.0,2.0
50177118,64808982,1970.0,2.0
50177121,64808982,1970.0,2.0
50177125,64808982,1970.0,3.0
50177127,64808982,1970.0,3.0
50177128,64808982,1970.0,4.0
50177130,64808982,1970.0,4.0
50177131,64808982,1970.0,4.0
50177132,64808982,1970.0,4.0
50177139,64808982,1970.0,1.0
50177140,64808982,1970.0,2.0
50177141,64808982,1970.0,2.0
50177143,64808982,1970.0,2.0
50177144,64808982,1970.0,2.0
50177149,64808982,1970.0,3.0
50177150,64808982,1970.0,3.0
50177152,64808982,1970.0,4.0
50177153,64808982,1970.0,4.0
50177155,64808982,1970.0,4.0
50177161,53058893,1980.0,1.0
50177163,53058893,1980.0,2.0
50177164,53058893,1980.0,2.0
50177165,53058893,1980.0,2.0
50177167,53058893,1980.0,3.0
50177169,53058893,1980.0,3.0
50177172,53058893,1980.0,4.0
50177174,53058893,1980.0,4.0
50177175,53058893,1980.0,5.0
50177176,53058893,1980.0,5.0
50177177,53058893,1980.0,5.0
50177178,53058893,1980.0,5.0
50177179,53058893,1980.0,6.0
50177184,53058893,1980.0,7.0
50177185,53058893,1980.0,7.0
50177186,53058893,1980.0,7.0
50177206,53388620,1970.0,1.0
50177208,53388620,1970.0,2.0
50177209,53388620,1970.0,2.0
50177211,53388620,1970.0,3.0
50177212,53388620,1970.0,1.0
50177215,53388620,1970.0,2.0
50177217,53388620,1970.0,3.0
50177218,53388620,1970.0,1.0
50177219,53388620,1970.0,1.0
50177221,53388620,1970.0,2.0
50177222,53388620,1970.0,3.0
50177223,53388620,1970.0,3.0
50177225,53451137,1970.0,1.0
50177226,53451137,1970.0,1.0
50177227,53451137,1970.0,2.0
50177228,53451137,1970.0,2.0
50177229,53451137,1970.0,3.0
50177230,53451137,1970.0,3.0
50177235,53025065,1960.0,2.0
50177236,53025065,1960.0,2.0
50177238,53025065,1960.0,3.0
50177240,53087458,1970.0,1.0
50177242,53087458,1970.0,2.0
50177243,53087458,1970.0,2.0
50177244,53087458,1970.0,3.0
50177245,53087458,1970.0,3.0
50177246,53087458,1970.0,1.0
50177248,53087458,1970.0,2.0
50177250,53087458,1970.0,3.0
50177253,52801626,1995.0,2.0
50177339,53023384,1970.0,1.0
50177340,53023384,1970.0,1.0
50177341,53023384,1970.0,2.0
50177343,53023384,1970.0,3.0
50177344,53023384,1970.0,3.0
50177346,53023384,1970.0,1.0
50177347,53023384,1970.0,2.0
50177348,53023384,1970.0,2.0
50177349,53023384,1970.0,3.0
50177352,53056904,1970.0,1.0
50177353,53056904,1970.0,1.0
50177354,53056904,1970.0,2.0
50177355,53056904,1970.0,2.0
50177357,53056904,1970.0,3.0
50177358,53056904,1970.0,1.0
50177360,53056904,1970.0,2.0
50177363,53056904,1970.0,3.0
50177364,53056904,1970.0,1.0
50177366,53056904,1970.0,2.0
50177367,53056904,1970.0,2.0
50177372,53058871,1980.0,1.0
50177373,53058871,1980.0,1.0
50177374,53058871,1980.0,2.0
50177375,53058871,1980.0,2.0
50177376,53058871,1980.0,3.0
50177377,53058871,1980.0,3.0
50177379,53058871,1980.0,1.0
50177380,53058871,1980.0,2.0
50177381,53058871,1980.0,2.0
50177382,53058871,1980.0,3.0
50177383,53058871,1980.0,3.0
50177385,53060995,1970.0,1.0
50177386,53060995,1970.0,1.0
50177387,53060995,1970.0,2.0
50177388,53060995,1970.0,2.0
50177389,53060995,1970.0,3.0
50177391,53060995,1970.0,1.0
50177392,53060995,1970.0,1.0
50177394,53060995,1970.0,2.0
50177395,53060995,1970.0,3.0
50177396,53060995,1970.0,3.0
50177408,61062719,1970.0,1.0
50177409,61062719,1970.0,1.0
50177410,61062719,1970.0,2.0
50177412,61062719,1970.0,3.0
50177413,61062719,1970.0,3.0
50177414,61062719,1970.0,4.0
50177415,61062719,1970.0,4.0
50177425,61062719,1970.0,1.0
50177426,61062719,1970.0,2.0
50177427,61062719,1970.0,2.0
50177428,61062719,1970.0,3.0
50177429,61062719,1970.0,3.0
50177430,61062719,1970.0,4.0
50177431,61062719,1970.0,4.0
50177432,61062719,1970.0,1.0
50177434,61062719,1970.0,2.0
50177435,61062719,1970.0,2.0
50177437,61062719,1970.0,3.0
50177441,61062719,1970.0,1.0
50177442,61062719,1970.0,2.0
50177444,61062719,1970.0,3.0
50177445,61062719,1970.0,3.0
50177447,61062719,1970.0,4.0
50177450,61062719,1970.0,2.0
50177452,61062719,1970.0,3.0
50177455,61062719,1970.0,4.0
50177460,61062719,1970.0,4.0
50177461,61062719,1970.0,4.0
50177462,61062719,1970.0,2.0
50177465,61062719,1970.0,3.0
50177466,61062719,1970.0,4.0
50177467,61062719,1970.0,2.0
50177470,61062719,1970.0,3.0
50177471,61062719,1970.0,4.0
50177472,61062719,1970.0,4.0
50177473,61062719,1970.0,2.0
50177474,61062719,1970.0,2.0
50177475,61062719,1970.0,3.0
50177477,61062719,1970.0,4.0
50177478,61062719,1970.0,4.0
50177486,52804447,1970.0,2.0
50177488,52804447,1970.0,1.0
50177490,52804447,1970.0,2.0
50177491,52804447,1970.0,2.0
50177493,52804447,1970.0,0.0
50177495,52804447,1970.0,1.0
50177496,52804447,1970.0,2.0
50177500,52804447,1970.0,1.0
50177501,52804447,1970.0,1.0
50177502,52804447,1970.0,2.0
50177503,52804447,1970.0,2.0
50177506,52804447,1970.0,1.0
50177508,52804447,1970.0,2.0
50177509,52804447,1970.0,2.0
50177512,52753856,1970.0,0.0
50177514,52753856,1970.0,1.0
50177515,52753856,1970.0,1.0
50177516,52753856,1970.0,2.0
50177519,52753856,1970.0,3.0
50177520,52753856,1970.0,0.0
50177522,52753856,1970.0,1.0
50177523,52753856,1970.0,1.0
50177524,52753856,1970.0,2.0
50177527,52753856,1970.0,3.0
50177528,53424829,1970.0,1.0
50177531,53424829,1970.0,2.0
50177532,53424829,1970.0,3.0
50177533,53424829,1970.0,3.0
50177534,53424829,1970.0,1.0
50177537,53424829,1970.0,2.0
50177538,53424829,1970.0,3.0
50177540,53424829,1970.0,1.0
50177541,53424829,1970.0,1.0
50177543,53424829,1970.0,2.0
50177544,53424829,1970.0,3.0
50177545,53424829,1970.0,3.0
50177546,53424829,1970.0,1.0
50177549,53424829,1970.0,2.0
50177551,53424829,1970.0,3.0
50177553,53144707,1970.0,1.0
50177556,53144707,1970.0,2.0
50177557,53144707,1970.0,3.0
50177559,53144707,1970.0,1.0
50177560,53144707,1970.0,1.0
50177561,53144707,1970.0,2.0
50177562,53144707,1970.0,2.0
50177563,53144707,1970.0,3.0
50177567,52841853,1970.0,1.0
50177569,52841853,1970.0,2.0
50177570,52841853,1970.0,2.0
50177572,52841853,1970.0,3.0
50177573,52841853,1970.0,1.0
50177575,52841853,1970.0,2.0
50177576,52841853,1970.0,2.0
50177577,52841853,1970.0,3.0
50177578,52841853,1970.0,3.0
50177579,52841853,1970.0,1.0
50177580,52841853,1970.0,1.0
50177584,52841853,1970.0,3.0
50177585,52841853,1970.0,1.0
50177589,52841853,1970.0,3.0
50177594,52841853,1970.0,2.0
50177595,52841853,1970.0,3.0
50177599,52841853,1970.0,2.0
50177603,52841853,1970.0,1.0
50177605,52841853,1970.0,2.0
50177606,52841853,1970.0,2.0
50177607,52841853,1970.0,3.0
50177609,52841853,1970.0,1.0
50177611,52841853,1970.0,2.0
50177612,52841853,1970.0,3.0
50177613,52841853,1970.0,3.0
50177615,52841853,1970.0,1.0
50177616,52841853,1970.0,2.0
50177617,52841853,1970.0,2.0
50177619,52841853,1970.0,3.0
50177623,52974662,1970.0,1.0
50177624,52974662,1970.0,2.0
50177625,52974662,1970.0,2.0
50177627,52974662,1970.0,3.0
50177628,52974662,1970.0,1.0
50177629,52974662,1970.0,1.0
50177630,52974662,1970.0,2.0
50177632,52974662,1970.0,3.0
50177634,52974662,1970.0,1.0
50177635,52974662,1970.0,1.0
50177636,52974662,1970.0,2.0
50177637,52974662,1970.0,2.0
50177640,52974662,1970.0,1.0
50177641,52974662,1970.0,1.0
50177644,52974662,1970.0,3.0
50177645,52974662,1970.0,3.0
50177646,52974662,1970.0,1.0
50177648,52974662,1970.0,3.0
50177649,52974662,1970.0,1.0
50177650,52974662,1970.0,1.0
50177653,52974662,1970.0,3.0
50177654,52974662,1970.0,3.0
50177658,53155890,1970.0,1.0
50177660,53155890,1970.0,2.0
50177662,53155890,1970.0,3.0
50177664,53155890,1970.0,0.0
50177666,53155890,1970.0,1.0
50177667,53155890,1970.0,1.0
50177670,53155890,1970.0,3.0
50177671,53155890,1970.0,3.0
50177672,53155890,1970.0,0.0
50177673,53155890,1970.0,0.0
50177674,53155890,1970.0,1.0
50177675,53155890,1970.0,1.0
50177680,53155890,1970.0,0.0
50177685,53155890,1970.0,2.0
50177688,53155890,1970.0,0.0
50177690,53155890,1970.0,1.0
50177691,53155890,1970.0,1.0
50177692,53155890,1970.0,2.0
50177693,53155890,1970.0,2.0
50177694,53155890,1970.0,3.0
50177695,53155890,1970.0,3.0
50177698,52777261,1970.0,0.0
50177701,52777261,1970.0,1.0
50177702,52777261,1970.0,2.0
50177704,52777261,1970.0,3.0
50177706,52777261,1970.0,0.0
50177707,52777261,1970.0,0.0
50177709,52777261,1970.0,1.0
50177710,52777261,1970.0,2.0
50177713,52777261,1970.0,3.0
50177714,52777261,1970.0,0.0
50177716,52777261,1970.0,1.0
50177717,52777261,1970.0,1.0
50177718,52777261,1970.0,2.0
50177721,52777261,1970.0,3.0
50177722,52777261,1970.0,0.0
50177723,52777261,1970.0,0.0
50177724,52777261,1970.0,1.0
50177726,52777261,1970.0,2.0
50177727,52777261,1970.0,2.0
50177728,52777261,1970.0,3.0
50177799,52827241,1970.0,2.0
50177802,52827241,1970.0,0.0
50177806,52827241,1970.0,2.0
50177807,52827241,1970.0,2.0
50177809,52827241,1970.0,3.0
50177811,52827241,1970.0,0.0
50177815,52827241,1970.0,2.0
50177821,52827241,1970.0,1.0
50177826,52827241,1970.0,0.0
50177827,52827241,1970.0,0.0
50177828,52827241,1970.0,1.0
50177829,52827241,1970.0,1.0
50177830,52827241,1970.0,2.0
50177832,52827241,1970.0,3.0
50177833,52827241,1970.0,3.0
50177834,52827241,1970.0,0.0
50177838,52827241,1970.0,2.0
50177839,52827241,1970.0,2.0
50177840,52827241,1970.0,3.0
50177846,52778822,1970.0,1.0
50177847,52778822,1970.0,2.0
50177848,52778822,1970.0,2.0
50177849,52778822,1970.0,3.0
50177850,52778822,1970.0,3.0
50177852,52778822,1970.0,1.0
50177853,52778822,1970.0,2.0
50177854,52778822,1970.0,2.0
50177857,52778822,1970.0,1.0
50177860,52778822,1970.0,2.0
50177861,52778822,1970.0,3.0
50177862,52778822,1970.0,3.0
50177864,52778822,1970.0,1.0
50177865,52778822,1970.0,2.0
50177866,52778822,1970.0,2.0
50177868,52778822,1970.0,3.0
50177872,52802145,1970.0,1.0
50177873,52802145,1970.0,2.0
50177875,52802145,1970.0,3.0
50177876,52802145,1970.0,3.0
50177878,52802145,1970.0,1.0
50177880,52802145,1970.0,2.0
50177882,52802145,1970.0,3.0
50177884,52885209,1970.0,1.0
50177888,52885209,1970.0,3.0
50177889,52885209,1970.0,1.0
50177890,52885209,1970.0,1.0
50177891,52885209,1970.0,2.0
50177893,52885209,1970.0,3.0
50177894,52885209,1970.0,3.0
50177921,53053671,1980.0,1.0
50177922,53053671,1980.0,1.0
50177924,53053671,1980.0,2.0
50177925,53053671,1980.0,2.0
50177927,53053671,1980.0,2.0
50177930,53053671,1980.0,3.0
50177935,53053671,1980.0,4.0
50177936,53053671,1980.0,5.0
50177938,53053671,1980.0,5.0
50177940,53053671,1980.0,6.0
50177941,53053671,1980.0,6.0
50177942,53053671,1980.0,6.0
50177946,53053671,1980.0,7.0
50177952,52797761,1970.0,0.0
50177953,52797761,1970.0,0.0
50177955,52797761,1970.0,1.0
50177956,52797761,1970.0,1.0
50177957,52797761,1970.0,1.0
50177959,52797761,1970.0,2.0
50177960,52797761,1970.0,2.0
50177962,52797761,1970.0,3.0
50177963,52797761,1970.0,3.0
50177965,52797761,1970.0,3.0
50177966,52797761,1970.0,4.0
50177968,52797761,1970.0,4.0
50177969,52797761,1970.0,4.0
50177971,52782775,1970.0,0.0
50177972,52782775,1970.0,0.0
50177974,52782775,1970.0,1.0
50177975,52782775,1970.0,1.0
50177976,52782775,1970.0,1.0
50177978,52782775,1970.0,2.0
50177979,52782775,1970.0,2.0
50177981,52782775,1970.0,3.0
50177982,52782775,1970.0,3.0
50177983,52782775,1970.0,3.0
50177984,52782775,1970.0,3.0
50177985,52782775,1970.0,4.0
50177986,52782775,1970.0,4.0
50177987,52782775,1970.0,4.0
50177988,52782775,1970.0,4.0
50177991,53057348,1970.0,0.0
50177992,53057348,1970.0,1.0
50177993,53057348,1970.0,1.0
50177994,53057348,1970.0,1.0
50177995,53057348,1970.0,1.0
50177996,53057348,1970.0,2.0
50177997,53057348,1970.0,2.0
50177998,53057348,1970.0,2.0
50178001,53057348,1970.0,3.0
50178004,53057348,1970.0,4.0
50178005,53057348,1970.0,4.0
50178137,64808687,1970.0,2.0
50178138,64808687,1970.0,2.0
50178139,64808687,1970.0,2.0
50178141,64808687,1970.0,3.0
50178142,64808687,1970.0,3.0
50178144,64808687,1970.0,3.0
50178146,64808687,1970.0,4.0
50178148,64808687,1970.0,4.0
50178151,64808687,1970.0,1.0
50178153,64808687,1970.0,2.0
50178154,64808687,1970.0,2.0
50178157,64808687,1970.0,3.0
50178161,64808687,1970.0,4.0
50178162,64808687,1970.0,4.0
50178163,64808687,1970.0,4.0
50178164,64808687,1970.0,4.0
50178167,61063420,1970.0,1.0
50178168,61063420,1970.0,1.0
50178169,61063420,1970.0,1.0
50178170,61063420,1970.0,2.0
50178172,61063420,1970.0,2.0
50178173,61063420,1970.0,2.0
50178174,61063420,1970.0,3.0
50178176,61063420,1970.0,3.0
50178177,61063420,1970.0,3.0
50178178,61063420,1970.0,4.0
50178180,61063420,1970.0,4.0
50178181,61063420,1970.0,4.0
50178182,61063420,1970.0,1.0
50178186,61063420,1970.0,2.0
50178190,61063420,1970.0,3.0
50178191,61063420,1970.0,3.0
50178193,61063420,1970.0,3.0
50178194,61063420,1970.0,4.0
50178199,64807594,1970.0,1.0
50178200,64807594,1970.0,1.0
50178201,64807594,1970.0,1.0
50178204,64807594,1970.0,2.0
50178205,64807594,1970.0,2.0
50178207,64807594,1970.0,3.0
50178208,64807594,1970.0,3.0
50178210,64807594,1970.0,3.0
50178211,64807594,1970.0,4.0
50178212,64807594,1970.0,4.0
50178213,64807594,1970.0,4.0
50178214,64807594,1970.0,4.0
50178216,64807594,1970.0,1.0
50178217,64807594,1970.0,1.0
50178219,64807594,1970.0,2.0
50178220,64807594,1970.0,2.0
50178222,64807594,1970.0,2.0
50178223,64807594,1970.0,3.0
50178226,64807594,1970.0,3.0
50178227,64807594,1970.0,4.0
50178228,64807594,1970.0,4.0
50178229,64807594,1970.0,4.0
50178230,64807594,1970.0,4.0
50178233,64808994,1970.0,1.0
50178235,64808994,1970.0,1.0
50178236,64808994,1970.0,2.0
50178237,64808994,1970.0,2.0
50178240,64808994,1970.0,3.0
50178243,64808994,1970.0,3.0
50178244,64808994,1970.0,4.0
50178245,64808994,1970.0,4.0
50178246,64808994,1970.0,4.0
50178247,64808994,1970.0,4.0
50178255,64808994,1970.0,2.0
50178257,64808994,1970.0,3.0
50178258,64808994,1970.0,3.0
50178260,64808994,1970.0,4.0
50178261,64808994,1970.0,4.0
50178262,64808994,1970.0,4.0
50178263,64808994,1970.0,4.0
50178266,64806674,1970.0,1.0
50178268,64806674,1970.0,1.0
50178270,64806674,1970.0,2.0
50178271,64806674,1970.0,2.0
50178272,64806674,1970.0,2.0
50178274,64806674,1970.0,3.0
50178275,64806674,1970.0,3.0
50178277,64806674,1970.0,4.0
50178278,64806674,1970.0,4.0
50178281,64806674,1970.0,1.0
50178283,64806674,1970.0,1.0
50178284,64806674,1970.0,1.0
50178285,64806674,1970.0,2.0
50178287,64806674,1970.0,2.0
50178288,64806674,1970.0,2.0
50178289,64806674,1970.0,3.0
50178291,64806674,1970.0,3.0
50178292,64806674,1970.0,3.0
50178294,64806674,1970.0,4.0
50178295,64806674,1970.0,4.0
50178296,64806674,1970.0,4.0
50178298,64806674,1970.0,1.0
50178299,64806674,1970.0,1.0
50178302,64806674,1970.0,2.0
50178303,64806674,1970.0,2.0
50178306,64806674,1970.0,3.0
50178308,64806674,1970.0,3.0
50178310,64806674,1970.0,4.0
50178311,64806674,1970.0,4.0
50178316,53063349,1900.0,1.0
50178337,64807068,1980.0,0.0
50178338,64807068,1980.0,0.0
50178340,64807068,1980.0,0.0
50178369,52932882,1950.0,0.0
50178373,52928679,1991.0,0.0
50178377,52939101,1970.0,1.0
50178378,52939101,1970.0,1.0
50178380,52939101,1970.0,2.0
50178381,52939101,1970.0,2.0
50178382,52939101,1970.0,2.0
50178383,52939101,1970.0,2.0
50178385,52939101,1970.0,3.0
50178386,52939101,1970.0,3.0
50178391,52939101,1970.0,4.0
50178396,52939101,1970.0,2.0
50178397,52939101,1970.0,2.0
50178398,52939101,1970.0,2.0
50178399,52939101,1970.0,2.0
50178402,52939101,1970.0,3.0
50178403,52939101,1970.0,3.0
50178404,52939101,1970.0,4.0
50178405,52939101,1970.0,4.0
50178407,52939101,1970.0,4.0
50178409,52957154,1970.0,1.0
50178411,52957154,1970.0,1.0
50178412,52957154,1970.0,1.0
50178413,52957154,1970.0,2.0
50178414,52957154,1970.0,2.0
50178415,52957154,1970.0,2.0
50178421,52957154,1970.0,4.0
50178422,52957154,1970.0,4.0
50178423,52957154,1970.0,4.0
50178425,52957154,1970.0,1.0
50178428,52957154,1970.0,1.0
50178430,52957154,1970.0,2.0
50178433,52957154,1970.0,3.0
50178434,52957154,1970.0,3.0
50178435,52957154,1970.0,3.0
50178437,52957154,1970.0,4.0
50178439,52957154,1970.0,4.0
50178443,52994773,1970.0,1.0
50178444,52994773,1970.0,1.0
50178445,52994773,1970.0,1.0
50178447,52994773,1970.0,1.0
50178448,52994773,1970.0,2.0
50178449,52994773,1970.0,2.0
50178451,52994773,1970.0,2.0
50178453,52994773,1970.0,2.0
50178455,52994773,1970.0,3.0
50178456,52994773,1970.0,3.0
50178458,52994773,1970.0,4.0
50178459,52994773,1970.0,4.0
50178460,52994773,1970.0,4.0
50178464,52931479,1970.0,1.0
50178469,52931479,1970.0,1.0
50178471,52931479,1970.0,2.0
50178476,52931479,1970.0,3.0
50178480,52931479,1970.0,3.0
50178484,52931479,1970.0,4.0
50178485,52931479,1970.0,4.0
50178489,52826325,1970.0,1.0
50178490,52826325,1970.0,1.0
50178492,52826325,1970.0,1.0
50178496,52826325,1970.0,2.0
50178497,52826325,1970.0,2.0
50178498,52826325,1970.0,2.0
50178499,52826325,1970.0,2.0
50178500,52826325,1970.0,2.0
50178502,52826325,1970.0,3.0
50178504,52826325,1970.0,3.0
50178505,52826325,1970.0,3.0
50178506,52826325,1970.0,3.0
50178508,52826325,1970.0,4.0
50178509,52826325,1970.0,4.0
50178511,52826325,1970.0,4.0
50178514,52927916,1970.0,1.0
50178515,52927916,1970.0,1.0
50178517,52927916,1970.0,1.0
50178519,52927916,1970.0,2.0
50178523,52927916,1970.0,2.0
50178524,52927916,1970.0,3.0
50178525,52927916,1970.0,3.0
50178526,52927916,1970.0,3.0
50178528,52927916,1970.0,3.0
50178531,52927916,1970.0,4.0
50178532,52927916,1970.0,4.0
50178533,52927916,1970.0,4.0
50178538,52954185,1970.0,1.0
50178539,52954185,1970.0,1.0
50178542,52954185,1970.0,2.0
50178543,52954185,1970.0,2.0
50178545,52954185,1970.0,3.0
50178548,52954185,1970.0,3.0
50178549,52954185,1970.0,3.0
50178553,52954185,1970.0,4.0
50178554,52954185,1970.0,4.0
50178578,52843723,1989.0,0.0
50178589,52941168,1970.0,0.0
50178592,52839686,1950.0,0.0
50178593,52839686,1950.0,0.0
50178596,52931521,1970.0,0.0
50178597,52931521,1970.0,0.0
50178610,61063252,1970.0,0.0
50178613,61063252,1970.0,0.0
50178614,61063252,1970.0,0.0
50178622,61062974,1970.0,0.0
50178625,52827529,1972.0,0.0
50178633,52922271,2009.0,0.0
50178636,52829206,1980.0,0.0
50178638,52829206,1980.0,0.0
50178644,52831296,1990.0,0.0
50178645,52831296,1990.0,0.0
50178647,52935596,1900.0,0.0
50178650,52919754,1970.0,0.0
50178651,52919754,1970.0,0.0
50178653,52919754,1970.0,0.0
50178656,52919754,1970.0,0.0
50178657,52919754,1970.0,0.0
50178659,52839749,1976.0,0.0
50178663,52813738,1970.0,0.0
50178664,52813738,1970.0,0.0
50178667,53018284,1980.0,0.0
50178669,53065752,1970.0,0.0
50178671,53065752,1970.0,0.0
50178672,53065752,1970.0,0.0
50178674,53065752,1970.0,0.0
50178675,53065752,1970.0,0.0
50178676,53065752,1970.0,0.0
50178680,52836830,1979.0,0.0
50178682,52824419,1970.0,0.0
50178687,53023848,1975.0,0.0
50178691,52882134,1970.0,0.0
50178695,65059878,1970.0,0.0
50178700,53054180,1970.0,0.0
50178701,53054180,1970.0,0.0
50178705,53388663,1987.0,0.0
50178708,53388663,1987.0,0.0
50178711,52931604,1998.0,0.0
50178715,52952364,1970.0,0.0
50178716,52952364,1970.0,0.0
50178723,61062819,1970.0,0.0
50178725,52826977,1970.0,0.0
50178726,52826977,1970.0,0.0
50178727,52826977,1970.0,0.0
50178728,52826977,1970.0,0.0
50178731,64914978,1970.0,0.0
50178732,64914978,1970.0,0.0
50178736,52782907,1980.0,0.0
50178740,52951496,1980.0,0.0
50178741,52951496,1980.0,0.0
50178742,52951496,1980.0,0.0
50178743,52951496,1980.0,0.0
50178745,52821416,1990.0,0.0
50178747,52821416,1990.0,0.0
50178782,52808139,1978.0,0.0
50178794,53041397,1970.0,0.0
50178795,53041397,1970.0,0.0
50178796,53041397,1970.0,0.0
50178799,53421701,1970.0,0.0
50178800,53421701,1970.0,0.0
50178801,53421701,1970.0,0.0
50178803,53048278,1980.0,0.0
50178804,53048278,1980.0,0.0
50178805,53048278,1980.0,0.0
50178809,53151283,1980.0,0.0
50178811,53151283,1980.0,0.0
50178813,52778147,1970.0,0.0
50178814,52778147,1970.0,0.0
50178821,53058899,1970.0,0.0
50178823,52974665,1950.0,0.0
50178825,52974665,1950.0,0.0
50178826,52974665,1950.0,0.0
50178879,52830554,1970.0,0.0
50178880,52830554,1970.0,0.0
50178906,52822295,1970.0,0.0
50178907,52822295,1970.0,0.0
50178910,53155519,1980.0,0.0
50178911,53155519,1980.0,0.0
50178914,52890127,1969.0,0.0
50178915,52890127,1969.0,0.0
50178918,52802245,1989.0,0.0
50178923,52800692,1970.0,0.0
50178926,52824493,1960.0,0.0
50178927,52824493,1960.0,0.0
50178930,52838015,1960.0,0.0
50178931,52838015,1960.0,0.0
50178934,52927417,1970.0,0.0
50178943,53043425,1970.0,0.0
50178946,53043391,1960.0,0.0
50178947,53043391,1960.0,0.0
50178951,52828870,1969.0,0.0
50178954,52777242,1970.0,0.0
50178955,52777242,1970.0,0.0
50179280,53419156,1970.0,0.0
50179286,53419156,1970.0,0.0
50179289,53419156,1970.0,0.0
50179292,53419156,1970.0,0.0
50179303,53419156,1970.0,2.0
50179304,53419156,1970.0,1.0
50179305,53419156,1970.0,1.0
50179329,52801668,1970.0,0.0
50179332,52801668,1970.0,0.0
50179337,52801668,1970.0,1.0
50179378,53418898,1980.0,0.0
50179389,53418898,1980.0,1.0
50179392,53418898,1980.0,1.0
50179395,53418898,1980.0,1.0
50179418,53418898,1980.0,-1.0
50179442,64807372,1970.0,1.0
50179443,64807372,1970.0,1.0
50179448,64807372,1970.0,4.0
50179450,64807372,1970.0,1.0
50179454,64807372,1970.0,3.0
50179458,64807372,1970.0,1.0
50179461,64807372,1970.0,2.0
50179462,64807372,1970.0,3.0
50179469,53000151,1970.0,1.0
50179470,53000151,1970.0,2.0
50179472,53000151,1970.0,3.0
50179473,53000151,1970.0,3.0
50179476,53000151,1970.0,1.0
50179477,53000151,1970.0,1.0
50179479,53000151,1970.0,2.0
50179481,53000151,1970.0,3.0
50179482,53000151,1970.0,4.0
50179487,53000151,1970.0,2.0
50179488,53000151,1970.0,3.0
50179495,53389028,1970.0,1.0
50179497,53389028,1970.0,2.0
50179502,53389028,1970.0,4.0
50179504,53389028,1970.0,1.0
50179505,53389028,1970.0,2.0
50179507,53389028,1970.0,3.0
50179508,53389028,1970.0,3.0
50179510,53389028,1970.0,4.0
50179514,53389028,1970.0,2.0
50179516,53389028,1970.0,3.0
50179521,53389028,1970.0,2.0
50179522,53389028,1970.0,2.0
50179523,53389028,1970.0,3.0
50179529,53394588,1970.0,0.0
50179532,53394588,1970.0,0.0
50179534,53394588,1970.0,0.0
50179541,53089308,1970.0,0.0
50179542,53089308,1970.0,0.0
50179543,53089308,1970.0,0.0
50179544,53089308,1970.0,0.0
50179547,53063350,1975.0,0.0
50179550,53063350,1975.0,0.0
50179552,53063350,1975.0,0.0
50179556,53447394,1970.0,1.0
50179557,53447394,1970.0,2.0
50179562,53447394,1970.0,4.0
50179565,53447394,1970.0,2.0
50179566,53447394,1970.0,2.0
50179567,53447394,1970.0,3.0
50179568,53447394,1970.0,3.0
50179570,53447394,1970.0,4.0
50179572,53447394,1970.0,1.0
50179576,53447394,1970.0,3.0
50179577,53447394,1970.0,4.0
50179584,53001962,1980.0,2.0
50179587,53001962,1980.0,3.0
50179590,53001962,1980.0,1.0
50179603,53001962,1980.0,3.0
50179604,53001962,1980.0,4.0
50179605,53001962,1980.0,4.0
50179606,53001962,1980.0,1.0
50179613,53001962,1980.0,4.0
50179627,52937819,1970.0,1.0
50179632,52937819,1970.0,4.0
50179636,52937819,1970.0,2.0
50179637,52937819,1970.0,2.0
50179638,52937819,1970.0,3.0
50179639,52937819,1970.0,3.0
50179641,52937819,1970.0,4.0
50179644,52937819,1970.0,2.0
50179645,52937819,1970.0,2.0
50179648,52937819,1970.0,4.0
50179649,52937819,1970.0,4.0
50179653,52928390,1970.0,1.0
50179654,52928390,1970.0,2.0
50179657,52928390,1970.0,3.0
50179663,52928390,1970.0,2.0
50179665,52928390,1970.0,3.0
50179667,52928390,1970.0,4.0
50179668,52928390,1970.0,1.0
50179671,52928390,1970.0,2.0
50179674,52928390,1970.0,4.0
50179676,52928390,1970.0,1.0
50179680,52928390,1970.0,3.0
50179683,52928390,1970.0,4.0
50179694,53409451,1970.0,0.0
50179699,52840724,1970.0,0.0
50179706,53042563,1980.0,1.0
50179711,53042563,1980.0,2.0
50179715,53042563,1980.0,3.0
50179716,53042563,1980.0,3.0
50179719,53042563,1980.0,4.0
50179720,53042563,1980.0,4.0
50179724,53042563,1980.0,5.0
50179727,53042563,1980.0,6.0
50179733,53042563,1980.0,7.0
50179737,53042563,1980.0,8.0
50179741,52890205,1970.0,1.0
50179742,52890205,1970.0,2.0
50179743,52890205,1970.0,2.0
50179747,52890205,1970.0,4.0
50179748,52890205,1970.0,1.0
50179749,52890205,1970.0,1.0
50179750,52890205,1970.0,2.0
50179751,52890205,1970.0,2.0
50179753,52890205,1970.0,3.0
50179754,52890205,1970.0,4.0
50179755,52890205,1970.0,4.0
50179759,52890205,1970.0,2.0
50179760,52890205,1970.0,3.0
50179768,52790882,1970.0,1.0
50179770,52790882,1970.0,2.0
50179776,52790882,1970.0,1.0
50179778,52790882,1970.0,2.0
50179785,64808938,1980.0,1.0
50179786,64808938,1980.0,1.0
50179787,64808938,1980.0,1.0
50179789,64808938,1980.0,2.0
50179790,64808938,1980.0,2.0
50179791,64808938,1980.0,2.0
50179792,64808938,1980.0,2.0
50179795,64808938,1980.0,3.0
50179797,64808938,1980.0,4.0
50179798,64808938,1980.0,4.0
50179801,64808938,1980.0,5.0
50179803,64808938,1980.0,5.0
50179804,64808938,1980.0,5.0
50179806,64808938,1980.0,6.0
50179809,64808938,1980.0,7.0
50179813,64808938,1980.0,8.0
50179814,64808938,1980.0,8.0
50179815,64808938,1980.0,8.0
50179823,52825115,1980.0,2.0
50179825,52825115,1980.0,2.0
50179826,52825115,1980.0,2.0
50179827,52825115,1980.0,3.0
50179828,52825115,1980.0,3.0
50179829,52825115,1980.0,3.0
50179830,52825115,1980.0,3.0
50179832,52825115,1980.0,4.0
50179835,52825115,1980.0,5.0
50179838,52825115,1980.0,5.0
50179840,52825115,1980.0,6.0
50179842,52825115,1980.0,6.0
50179843,52825115,1980.0,7.0
50179845,52825115,1980.0,7.0
50179848,52825115,1980.0,8.0
50179849,52825115,1980.0,8.0
50179855,52801174,1980.0,1.0
50179870,52801174,1980.0,5.0
50179871,52801174,1980.0,5.0
50179872,52801174,1980.0,5.0
50179873,52801174,1980.0,6.0
50179877,52801174,1980.0,7.0
50179878,52801174,1980.0,7.0
50179883,52801174,1980.0,8.0
50179884,52801174,1980.0,8.0
50179887,52801336,1980.0,1.0
50179889,52801336,1980.0,1.0
50179893,52801336,1980.0,2.0
50179894,52801336,1980.0,2.0
50179895,52801336,1980.0,3.0
50179896,52801336,1980.0,3.0
50179898,52801336,1980.0,3.0
50179899,52801336,1980.0,4.0
50179900,52801336,1980.0,4.0
50179903,52801336,1980.0,5.0
50179904,52801336,1980.0,5.0
50179905,52801336,1980.0,5.0
50179907,52801336,1980.0,6.0
50179909,52801336,1980.0,6.0
50179911,52801336,1980.0,7.0
50179912,52801336,1980.0,7.0
50179913,52801336,1980.0,7.0
50179918,53143318,1970.0,1.0
50179919,53143318,1970.0,1.0
50179920,53143318,1970.0,1.0
50179922,53143318,1970.0,2.0
50179925,53143318,1970.0,2.0
50179929,53143318,1970.0,3.0
50179931,53143318,1970.0,4.0
50179933,53143318,1970.0,4.0
50179934,53143318,1970.0,5.0
50179936,53143318,1970.0,5.0
50179937,53143318,1970.0,5.0
50179938,53143318,1970.0,6.0
50179939,53143318,1970.0,6.0
50179940,53143318,1970.0,6.0
50179941,53143318,1970.0,6.0
50179943,53143318,1970.0,7.0
50179944,53143318,1970.0,7.0
50179954,52983910,1970.0,2.0
50179955,52983910,1970.0,2.0
50179956,52983910,1970.0,3.0
50179957,52983910,1970.0,3.0
50179958,52983910,1970.0,0.0
50179960,52983910,1970.0,1.0
50179961,52983910,1970.0,2.0
50179962,52983910,1970.0,2.0
50179963,52983910,1970.0,3.0
50179964,52983910,1970.0,3.0
50179965,52983910,1970.0,0.0
50179966,52983910,1970.0,1.0
50179967,52983910,1970.0,1.0
50179968,52983910,1970.0,2.0
50179969,52983910,1970.0,2.0
50179970,52983910,1970.0,3.0
50179972,52983910,1970.0,0.0
50179973,52983910,1970.0,0.0
50179975,52983910,1970.0,1.0
50179978,52983910,1970.0,3.0
50179981,52983910,1970.0,1.0
50179982,52983910,1970.0,1.0
50179983,52983910,1970.0,2.0
50179985,52983910,1970.0,3.0
50179989,52822636,1970.0,1.0
50179990,52822636,1970.0,1.0
50179991,52822636,1970.0,1.0
50179993,52822636,1970.0,2.0
50179994,52822636,1970.0,2.0
50179996,52822636,1970.0,3.0
50179997,52822636,1970.0,3.0
50179998,52822636,1970.0,4.0
50179999,52822636,1970.0,4.0
50180000,52822636,1970.0,4.0
50180001,52822636,1970.0,1.0
50180002,52822636,1970.0,1.0
50180004,52822636,1970.0,2.0
50180007,52822636,1970.0,3.0
50180008,52822636,1970.0,3.0
50180009,52822636,1970.0,3.0
50180010,52822636,1970.0,4.0
50180011,52822636,1970.0,4.0
50180017,52841289,1970.0,1.0
50180021,52841289,1970.0,3.0
50180022,52841289,1970.0,3.0
50180023,52841289,1970.0,0.0
50180028,52841289,1970.0,2.0
50180030,52841289,1970.0,3.0
50180031,52841289,1970.0,0.0
50180033,52841289,1970.0,1.0
50180034,52841289,1970.0,2.0
50180036,52841289,1970.0,3.0
50180037,52841289,1970.0,3.0
50180038,52841289,1970.0,0.0
50180039,52841289,1970.0,1.0
50180040,52841289,1970.0,1.0
50180042,52841289,1970.0,2.0
50180045,52841289,1970.0,0.0
50180047,52841289,1970.0,1.0
50180048,52841289,1970.0,1.0
50180051,52841289,1970.0,3.0
50180052,52841289,1970.0,3.0
50180055,52776233,1970.0,1.0
50180058,52776233,1970.0,2.0
50180059,52776233,1970.0,2.0
50180062,52776233,1970.0,3.0
50180064,52776233,1970.0,4.0
50180066,52776233,1970.0,4.0
50180067,52776233,1970.0,1.0
50180068,52776233,1970.0,1.0
50180069,52776233,1970.0,1.0
50180073,52776233,1970.0,3.0
50180074,52776233,1970.0,3.0
50180076,52776233,1970.0,4.0
50180077,52776233,1970.0,4.0
50180082,53030194,1970.0,0.0
50180089,53030194,1970.0,0.0
50180091,53030194,1970.0,1.0
50180092,53030194,1970.0,1.0
50180093,53030194,1970.0,2.0
50180094,53030194,1970.0,2.0
50180100,53030194,1970.0,2.0
50180105,53030194,1970.0,1.0
50180107,53030194,1970.0,2.0
50180112,53030194,1970.0,0.0
50180113,53030194,1970.0,1.0
50180116,53030194,1970.0,2.0
50180117,53030194,1970.0,3.0
50180125,53161595,1970.0,1.0
50180128,53161595,1970.0,2.0
50180131,53161595,1970.0,3.0
50180132,53161595,1970.0,4.0
50180133,53161595,1970.0,4.0
50180135,53161595,1970.0,1.0
50180137,53161595,1970.0,1.0
50180139,53161595,1970.0,2.0
50180140,53161595,1970.0,2.0
50180141,53161595,1970.0,3.0
50180142,53161595,1970.0,3.0
50180143,53161595,1970.0,3.0
50180145,53161595,1970.0,4.0
50180151,52952144,1970.0,1.0
50180152,52952144,1970.0,1.0
50180153,52952144,1970.0,2.0
50180154,52952144,1970.0,2.0
50180156,52952144,1970.0,3.0
50180158,52952144,1970.0,1.0
50180159,52952144,1970.0,1.0
50180162,52952144,1970.0,3.0
50180163,52952144,1970.0,3.0
50180165,52952144,1970.0,1.0
50180167,52952144,1970.0,2.0
50180168,52952144,1970.0,2.0
50180170,52952144,1970.0,3.0
50180171,52952144,1970.0,0.0
50180172,52952144,1970.0,0.0
50180173,52952144,1970.0,1.0
50180174,52952144,1970.0,1.0
50180177,52952144,1970.0,3.0
50180180,52952144,1970.0,1.0
50180182,52952144,1970.0,2.0
50180183,52952144,1970.0,2.0
50180184,52952144,1970.0,3.0
50180185,52952144,1970.0,3.0
50180191,53024354,1970.0,0.0
50180192,53024354,1970.0,1.0
50180196,53024354,1970.0,3.0
50180197,53024354,1970.0,3.0
50180198,53024354,1970.0,0.0
50180200,53024354,1970.0,1.0
50180201,53024354,1970.0,2.0
50180202,53024354,1970.0,2.0
50180208,53024354,1970.0,2.0
50180211,53024354,1970.0,3.0
50180212,53024354,1970.0,0.0
50180213,53024354,1970.0,0.0
50180214,53024354,1970.0,1.0
50180216,53024354,1970.0,2.0
50180219,53024354,1970.0,3.0
50180220,53024354,1970.0,0.0
50180224,53024354,1970.0,2.0
50180231,52827977,1970.0,1.0
50180234,52827977,1970.0,3.0
50180235,52827977,1970.0,3.0
50180237,52827977,1970.0,4.0
50180239,52827977,1970.0,1.0
50180240,52827977,1970.0,2.0
50180243,52827977,1970.0,3.0
50180247,52827977,1970.0,1.0
50180249,52827977,1970.0,2.0
50180250,52827977,1970.0,3.0
50180253,52827977,1970.0,4.0
50180256,53382821,1970.0,0.0
50180257,53382821,1970.0,0.0
50180261,53382821,1970.0,2.0
50180262,53382821,1970.0,3.0
50180263,53382821,1970.0,3.0
50180264,53382821,1970.0,0.0
50180265,53382821,1970.0,1.0
50180272,53382821,1970.0,1.0
50180273,53382821,1970.0,1.0
50180274,53382821,1970.0,2.0
50180275,53382821,1970.0,2.0
50180276,53382821,1970.0,3.0
50180281,53382821,1970.0,1.0
50180283,53382821,1970.0,2.0
50180284,53382821,1970.0,3.0
50180285,53382821,1970.0,3.0
50180288,53382821,1970.0,1.0
50180292,53382821,1970.0,3.0
50180295,52919777,1970.0,0.0
50180296,52919777,1970.0,0.0
50180297,52919777,1970.0,1.0
50180298,52919777,1970.0,1.0
50180300,52919777,1970.0,2.0
50180301,52919777,1970.0,3.0
50180302,52919777,1970.0,3.0
50180304,52919777,1970.0,1.0
50180305,52919777,1970.0,1.0
50180306,52919777,1970.0,2.0
50180307,52919777,1970.0,2.0
50180308,52919777,1970.0,3.0
50180310,52919777,1970.0,0.0
50180311,52919777,1970.0,1.0
50180312,52919777,1970.0,1.0
50180314,52919777,1970.0,2.0
50180316,52919777,1970.0,3.0
50180318,52919777,1970.0,0.0
50180319,52919777,1970.0,1.0
50180320,52919777,1970.0,1.0
50180322,52919777,1970.0,2.0
50180324,52919777,1970.0,3.0
50180325,52919777,1970.0,0.0
50180328,52919777,1970.0,2.0
50180329,52919777,1970.0,2.0
50180330,52919777,1970.0,3.0
50180564,53139466,1980.0,1.0
50180565,53139466,1980.0,1.0
50180566,53139466,1980.0,1.0
50180567,53139466,1980.0,1.0
50180568,53139466,1980.0,2.0
50180569,53139466,1980.0,2.0
50180572,53139466,1980.0,3.0
50180573,53139466,1980.0,3.0
50180575,53139466,1980.0,3.0
50180576,53139466,1980.0,4.0
50180578,53139466,1980.0,4.0
50180579,53139466,1980.0,4.0
50180583,53139466,1980.0,5.0
50180584,53139466,1980.0,6.0
50180586,53139466,1980.0,6.0
50180587,53139466,1980.0,6.0
50180588,53139466,1980.0,7.0
50180589,53139466,1980.0,7.0
50180591,53139466,1980.0,7.0
50180592,53139466,1980.0,8.0
50180593,53139466,1980.0,8.0
50180594,53139466,1980.0,8.0
50180595,53139466,1980.0,8.0
50180598,52840424,1970.0,1.0
50180599,52840424,1970.0,1.0
50180600,52840424,1970.0,1.0
50180601,52840424,1970.0,2.0
50180603,52840424,1970.0,2.0
50180604,52840424,1970.0,3.0
50180605,52840424,1970.0,3.0
50180606,52840424,1970.0,3.0
50180607,52840424,1970.0,4.0
50180608,52840424,1970.0,4.0
50180609,52840424,1970.0,4.0
50180614,52996245,1970.0,1.0
50180616,52996245,1970.0,2.0
50180618,52996245,1970.0,3.0
50180619,52996245,1970.0,3.0
50180620,52996245,1970.0,3.0
50180623,52996245,1970.0,4.0
50180627,53391534,1970.0,1.0
50180628,53391534,1970.0,1.0
50180629,53391534,1970.0,2.0
50180630,53391534,1970.0,2.0
50180631,53391534,1970.0,2.0
50180634,53391534,1970.0,3.0
50180635,53391534,1970.0,4.0
50180636,53391534,1970.0,4.0
50180637,53391534,1970.0,4.0
50180640,52800321,1970.0,1.0
50180641,52800321,1970.0,1.0
50180645,52800321,1970.0,2.0
50180646,52800321,1970.0,3.0
50180647,52800321,1970.0,3.0
50180648,52800321,1970.0,3.0
50180649,52800321,1970.0,4.0
50180650,52800321,1970.0,4.0
50180654,53386622,1970.0,1.0
50180655,53386622,1970.0,1.0
50180657,53386622,1970.0,2.0
50180658,53386622,1970.0,2.0
50180659,53386622,1970.0,2.0
50180660,53386622,1970.0,3.0
50180661,53386622,1970.0,3.0
50180662,53386622,1970.0,3.0
50180663,53386622,1970.0,4.0
50180664,53386622,1970.0,4.0
50180665,53386622,1970.0,4.0
50180668,52927825,1970.0,1.0
50180671,52927825,1970.0,2.0
50180674,52927825,1970.0,3.0
50180675,52927825,1970.0,3.0
50180676,52927825,1970.0,3.0
50180677,52927825,1970.0,4.0
50180678,52927825,1970.0,4.0
50180679,52927825,1970.0,4.0
50180682,52953648,1980.0,1.0
50180683,52953648,1980.0,1.0
50180685,52953648,1980.0,2.0
50180688,52953648,1980.0,3.0
50180689,52953648,1980.0,3.0
50180692,52953648,1980.0,4.0
50180693,52953648,1980.0,4.0
50180697,52995257,1970.0,1.0
50180698,52995257,1970.0,1.0
50180699,52995257,1970.0,2.0
50180701,52995257,1970.0,2.0
50180702,52995257,1970.0,3.0
50180703,52995257,1970.0,3.0
50180707,52995257,1970.0,8.0
50180814,52947694,1994.0,1.0
50181248,52951499,1970.0,0.0
50181249,52951499,1970.0,0.0
50181252,52836581,1989.0,0.0
50181253,52836581,1989.0,0.0
50181257,52935070,1980.0,0.0
50181264,52928382,1970.0,0.0
50181265,52928382,1970.0,0.0
50181269,53394428,1980.0,0.0
50181273,53001450,1978.0,0.0
50181275,52826287,1980.0,0.0
50181279,53015958,1980.0,0.0
50181280,53015958,1980.0,0.0
50181283,52934320,1970.0,0.0
50181284,52934320,1970.0,0.0
50181287,52936430,1970.0,0.0
50181295,53393022,1980.0,0.0
50181296,53393022,1980.0,0.0
50181300,52954485,1970.0,0.0
50181304,52927732,1970.0,0.0
50181305,52927732,1970.0,0.0
50181312,52830314,1980.0,0.0
50181315,52994945,1970.0,0.0
50181322,52953181,1990.0,0.0
50181327,52953262,1978.0,0.0
50181335,52781692,1800.0,0.0
50181339,52953731,1970.0,0.0
50181342,53414885,1980.0,0.0
50181345,52951255,1970.0,0.0
50181356,52951617,1980.0,0.0
50181363,61063268,1970.0,0.0
50181371,52954642,1979.0,0.0
50181372,52954642,1979.0,0.0
50181375,53393725,1988.0,0.0
50181378,53391227,1980.0,0.0
50181381,52929708,1970.0,0.0
50181382,52929708,1970.0,0.0
50181385,53139856,1980.0,0.0
50181401,53014473,1991.0,0.0
50181403,52840274,1980.0,0.0
50181404,52840274,1980.0,0.0
50181408,52941195,1978.0,0.0
50181411,52933020,1980.0,0.0
50181419,53414148,1987.0,0.0
50181422,52935088,1980.0,0.0
50181426,53394168,1970.0,0.0
50181427,53394168,1970.0,0.0
50181431,52955072,1970.0,0.0
50181433,52935027,1977.0,0.0
50181438,52943865,1996.0,0.0
50181445,53052067,2003.0,0.0
50181446,53052067,2003.0,0.0
50181449,52999509,1970.0,1.0
50181450,52999509,1970.0,1.0
50181454,52999509,1970.0,3.0
50181456,52999509,1970.0,4.0
50181459,52999509,1970.0,2.0
50181465,52999509,1970.0,1.0
50181471,52999509,1970.0,4.0
50181476,52999509,1970.0,2.0
50181477,52999509,1970.0,3.0
50181479,52999509,1970.0,4.0
50181480,52999509,1970.0,4.0
50181483,52985423,1970.0,1.0
50181484,52985423,1970.0,1.0
50181486,52985423,1970.0,2.0
50181489,52985423,1970.0,4.0
50181492,52985423,1970.0,1.0
50181493,52985423,1970.0,2.0
50181494,52985423,1970.0,2.0
50181501,52985423,1970.0,2.0
50181508,52985423,1970.0,1.0
50181509,52985423,1970.0,2.0
50181512,52985423,1970.0,3.0
50181513,52985423,1970.0,4.0
50181518,52784041,1970.0,0.0
50181531,53052959,1980.0,1.0
50181532,53052959,1980.0,1.0
50181535,53052959,1980.0,3.0
50181539,53060140,1970.0,1.0
50181540,53060140,1970.0,1.0
50181541,53060140,1970.0,2.0
50181542,53060140,1970.0,2.0
50181549,52991440,1970.0,2.0
50181552,52991440,1970.0,3.0
50181557,53394577,1980.0,2.0
50181559,53394577,1980.0,3.0
50181563,53433254,1970.0,1.0
50181564,53433254,1970.0,1.0
50181565,53433254,1970.0,2.0
50181570,53160430,1991.0,9.0
50181574,52842189,1970.0,1.0
50181575,52842189,1970.0,2.0
50181576,52842189,1970.0,2.0
50181578,52842189,1970.0,3.0
50181582,53030323,1980.0,1.0
50181584,53030323,1980.0,2.0
50181585,53030323,1980.0,3.0
50181586,53030323,1980.0,3.0
50181587,53433142,1980.0,1.0
50181589,53433142,1980.0,2.0
50181595,52747659,1970.0,1.0
50181596,52747659,1970.0,1.0
50181600,52747659,1970.0,3.0
50181601,52747659,1970.0,1.0
50181602,52747659,1970.0,1.0
50181604,52747659,1970.0,2.0
50181605,52747659,1970.0,3.0
50181606,52747659,1970.0,3.0
50181612,53420889,1970.0,1.0
50181613,53420889,1970.0,1.0
50181614,53420889,1970.0,2.0
50181615,53420889,1970.0,2.0
50181616,53420889,1970.0,3.0
50181617,53420889,1970.0,3.0
50181619,53389458,1970.0,1.0
50181620,53389458,1970.0,2.0
50181622,53389458,1970.0,3.0
50181623,53389458,1970.0,3.0
50181627,64808959,1980.0,1.0
50181628,64808959,1980.0,1.0
50181632,64808959,1980.0,3.0
50181633,64808959,1980.0,4.0
50181634,64808959,1980.0,4.0
50181635,64808959,1980.0,1.0
50181638,64808959,1980.0,2.0
50181639,64808959,1980.0,3.0
50181643,64808959,1980.0,1.0
50181648,64808959,1980.0,3.0
50181651,52813547,1970.0,1.0
50181654,52813547,1970.0,2.0
50181655,52813547,1970.0,3.0
50181658,52813547,1970.0,4.0
50181659,52813547,1970.0,1.0
50181660,52813547,1970.0,1.0
50181661,52813547,1970.0,2.0
50181664,52813547,1970.0,3.0
50181665,52813547,1970.0,4.0
50181666,52813547,1970.0,4.0
50181669,52956442,1980.0,1.0
50181675,53025950,1980.0,1.0
50181676,53025950,1980.0,1.0
50181677,53025950,1980.0,2.0
50181678,53025950,1980.0,2.0
50181679,53025950,1980.0,3.0
50181685,53054751,1970.0,1.0
50181686,53054751,1970.0,1.0
50181696,53054751,1970.0,2.0
50181697,53054751,1970.0,2.0
50181698,53054751,1970.0,2.0
50181699,53054751,1970.0,3.0
50181700,53054751,1970.0,3.0
50181701,53054751,1970.0,3.0
50181702,53054751,1970.0,3.0
50181705,53054751,1970.0,4.0
50181707,53054751,1970.0,5.0
50181711,53054751,1970.0,6.0
50181712,53054751,1970.0,6.0
50181713,53054751,1970.0,6.0
50181714,53054751,1970.0,6.0
50181716,53054751,1970.0,7.0
50181717,53054751,1970.0,7.0
50181719,53054751,1970.0,8.0
50181720,53054751,1970.0,8.0
50181721,53054751,1970.0,8.0
50181722,53054751,1970.0,8.0
50181723,53054751,1970.0,0.0
50181724,53054751,1970.0,0.0
50181725,53054751,1970.0,1.0
50181727,53054751,1970.0,2.0
50181728,53054751,1970.0,2.0
50181729,53054751,1970.0,3.0
50181730,53054751,1970.0,3.0
50181736,53055506,1980.0,2.0
50181737,53055506,1980.0,3.0
50181742,53055506,1980.0,1.0
50181743,53055506,1980.0,2.0
50181746,53055506,1980.0,3.0
50181747,53055506,1980.0,4.0
50181751,53055506,1980.0,2.0
50181752,53055506,1980.0,2.0
50181753,53055506,1980.0,3.0
50181755,53055506,1980.0,4.0
50181756,53055506,1980.0,4.0
50181759,52784467,1980.0,1.0
50181760,52784467,1980.0,1.0
50181762,52784467,1980.0,2.0
50181763,52784467,1980.0,3.0
50181766,52783501,1970.0,1.0
50181768,52783501,1970.0,2.0
50181769,52783501,1970.0,3.0
50181770,52783501,1970.0,3.0
50181773,64808037,1980.0,1.0
50181774,64808037,1980.0,1.0
50181775,64808037,1980.0,2.0
50181777,64808037,1980.0,3.0
50181778,64808037,1980.0,3.0
50181779,64808037,1980.0,4.0
50181783,64808037,1980.0,2.0
50181784,64808037,1980.0,2.0
50181785,64808037,1980.0,3.0
50181786,64808037,1980.0,3.0
50181787,64808037,1980.0,4.0
50181788,64808037,1980.0,4.0
50181789,64808037,1980.0,1.0
50181790,64808037,1980.0,1.0
50181791,64808037,1980.0,2.0
50181792,64808037,1980.0,2.0
50181793,64808037,1980.0,3.0
50181794,64808037,1980.0,3.0
50181795,64808037,1980.0,4.0
50181796,64808037,1980.0,4.0
50181800,52883955,1980.0,1.0
50181801,52883955,1980.0,1.0
50181803,52883955,1980.0,2.0
50181804,52883955,1980.0,3.0
50181805,52883955,1980.0,3.0
50181810,52955469,1980.0,2.0
50181811,52955469,1980.0,2.0
50181812,52955469,1980.0,3.0
50181818,52831840,2008.0,1.0
50181819,52831840,1982.0,2.0
50181824,52946031,2000.0,1.0
50181825,52946031,1989.0,2.0
50181826,52946031,1989.0,2.0
50181827,52946031,1970.0,3.0
50181828,52946031,1983.0,3.0
50181831,53160028,1980.0,1.0
50181832,53160028,1980.0,1.0
50181833,53160028,1980.0,2.0
50181834,53160028,1980.0,2.0
50181835,53160028,1980.0,3.0
50181836,53160028,1980.0,3.0
50181837,53160028,1980.0,1.0
50181839,53160028,1980.0,2.0
50181840,53160028,1980.0,2.0
50181844,53160028,1980.0,1.0
50181845,53160028,1980.0,2.0
50181846,53160028,1980.0,2.0
50181849,53160028,1980.0,1.0
50181851,53160028,1980.0,2.0
50181852,53160028,1980.0,2.0
50181855,53160028,1980.0,1.0
50181857,53160028,1980.0,2.0
50181865,53391620,1980.0,2.0
50181868,53391620,1982.0,3.0
50181871,53030396,1983.0,2.0
50181873,53030396,1900.0,3.0
50181878,64807795,1970.0,1.0
50181883,64807795,1970.0,1.0
50181885,64807795,1970.0,2.0
50181886,64807795,1970.0,2.0
50181895,64807795,1970.0,1.0
50181898,64807795,1970.0,2.0
50181900,64807795,1970.0,3.0
50181906,52943068,1970.0,2.0
50181912,52943068,1970.0,2.0
50181914,52943068,1970.0,3.0
50181921,52943068,1970.0,3.0
50181928,52943068,1970.0,1.0
50181933,52943068,1970.0,3.0
50181940,64807910,1970.0,2.0
50181942,64807910,1970.0,3.0
50181945,53028396,1982.0,1.0
50181946,53028396,1982.0,1.0
50181949,53028396,1982.0,3.0
50181959,52982310,1992.0,1.0
50181961,52982310,1992.0,1.0
50181963,52982310,1992.0,2.0
50181966,52982310,1992.0,2.0
50181967,52982310,1992.0,3.0
50181968,52982310,1992.0,3.0
50181969,52982310,1992.0,3.0
50181971,52982310,1992.0,4.0
50181972,52982310,1992.0,4.0
50181974,52982310,1992.0,4.0
50181975,52982310,1992.0,5.0
50181976,52982310,1992.0,5.0
50181977,52982310,1992.0,5.0
50181979,52982310,1992.0,6.0
50181982,52982310,1992.0,6.0
50181983,52982310,1992.0,7.0
50181984,52982310,1992.0,7.0
50181986,52982310,1992.0,7.0
50181987,52982310,1992.0,8.0
50181994,52929335,1970.0,1.0
50181995,52929335,1970.0,2.0
50181996,52929335,1970.0,2.0
50181997,52929335,1970.0,3.0
50182000,52929335,1970.0,1.0
50182002,52929335,1970.0,2.0
50182004,52929335,1970.0,3.0
50182007,52943349,1980.0,1.0
50182008,52943349,1980.0,1.0
50182011,52943349,1980.0,3.0
50182012,52943349,1980.0,3.0
50182013,52943349,1980.0,1.0
50182014,52943349,1980.0,1.0
50182018,52943349,1980.0,3.0
50182019,53440312,1970.0,1.0
50182020,53440312,1970.0,1.0
50182021,53440312,1970.0,2.0
50182022,53440312,1970.0,2.0
50182023,53440312,1970.0,3.0
50182024,53440312,1970.0,3.0
50182027,52928851,1970.0,1.0
50182028,52928851,1970.0,1.0
50182029,52928851,1970.0,2.0
50182030,52928851,1970.0,2.0
50182031,52928851,1970.0,3.0
50182033,52928851,1970.0,1.0
50182034,52928851,1970.0,1.0
50182035,52928851,1970.0,2.0
50182039,52824396,1970.0,1.0
50182040,52824396,1970.0,1.0
50182041,52824396,1970.0,2.0
50182042,52824396,1970.0,2.0
50182043,52824396,1970.0,3.0
50182044,52824396,1970.0,3.0
50182048,53422885,1960.0,1.0
50182050,53422885,1960.0,2.0
50182052,53422885,1960.0,3.0
50182053,53422885,1960.0,1.0
50182054,53422885,1960.0,1.0
50182055,53422885,1960.0,2.0
50182057,53422885,1960.0,3.0
50182058,53422885,1960.0,3.0
50182060,53056419,1980.0,1.0
50182061,53056419,1980.0,2.0
50182062,53056419,1980.0,2.0
50182070,53088911,1990.0,1.0
50182071,53088911,1990.0,2.0
50182072,53088911,1990.0,2.0
50182076,53088911,1990.0,3.0
50182079,53088911,1990.0,4.0
50182081,53088911,1990.0,4.0
50182087,53088911,1990.0,6.0
50182089,53088911,1990.0,6.0
50182094,53088911,1990.0,7.0
50182096,53088911,1990.0,8.0
50182097,53088911,1990.0,8.0
50182101,52800314,1980.0,1.0
50182102,52800314,1980.0,1.0
50182103,52800314,1980.0,1.0
50182105,52800314,1980.0,2.0
50182106,52800314,1980.0,2.0
50182107,52800314,1980.0,2.0
50182111,52800314,1980.0,3.0
50182112,52800314,1980.0,3.0
50182114,52800314,1980.0,4.0
50182115,52800314,1980.0,4.0
50182118,52800314,1980.0,5.0
50182125,52800314,1980.0,7.0
50182126,52800314,1980.0,7.0
50182127,52800314,1980.0,7.0
50182130,52800314,1980.0,8.0
50182131,52800314,1980.0,8.0
50182132,52800314,1980.0,8.0
50182159,52799767,1997.0,1.0
50182162,52799767,1997.0,2.0
50182163,52799767,1997.0,3.0
50182165,52799767,1997.0,4.0
50182166,52799767,1997.0,4.0
50182172,53428073,1997.0,1.0
50182182,52802121,1997.0,0.0
50182183,52802121,1997.0,0.0
50182184,52802121,1997.0,1.0
50182185,52802121,1997.0,1.0
50182188,52802121,1997.0,3.0
50182190,52802121,1997.0,4.0
50182194,53043431,1997.0,0.0
50182195,53043431,1997.0,0.0
50182219,53038616,1993.0,0.0
50182220,53038616,1993.0,0.0
50182222,53038616,1993.0,1.0
50182223,53038616,1993.0,1.0
50182227,53038616,1993.0,2.0
50182234,53038616,1993.0,4.0
50182236,53038616,1993.0,4.0
50182237,53038616,1993.0,5.0
50182243,53038616,1993.0,6.0
50182261,52813352,1970.0,1.0
50182263,52813352,1970.0,1.0
50182269,52813352,1970.0,3.0
50182271,52813352,1970.0,3.0
50182276,52996668,1993.0,1.0
50182277,52996668,1993.0,2.0
50182278,52996668,1993.0,2.0
50182279,52996668,1993.0,3.0
50182281,53389324,1992.0,0.0
50182282,53389324,1992.0,1.0
50182286,53389324,1992.0,3.0
50182288,53389324,1992.0,0.0
50182292,53389324,1992.0,2.0
50182293,53389324,1992.0,3.0
50182294,53389324,1992.0,3.0
50182297,53044053,1993.0,0.0
50182298,53044053,1993.0,1.0
50182300,53044053,1993.0,2.0
50182302,53044053,1993.0,3.0
50182303,53044053,1993.0,3.0
50182320,52825331,1980.0,0.0
50182321,52825331,1980.0,1.0
50182322,52825331,1980.0,1.0
50182324,52825331,1980.0,2.0
50182326,52825331,1980.0,3.0
50182340,53056856,1970.0,0.0
50182341,53056856,1970.0,1.0
50182342,53056856,1970.0,1.0
50182344,53056856,1970.0,2.0
50182349,52955474,1980.0,0.0
50182351,52955474,1980.0,1.0
50182352,52955474,1980.0,2.0
50182381,53060289,1992.0,1.0
50182382,53060289,1992.0,1.0
50182383,53060289,1992.0,2.0
50182385,53060289,1992.0,3.0
50182386,53060289,1992.0,4.0
50182389,52777252,1992.0,0.0
50182391,52777252,1992.0,1.0
50182392,52777252,1992.0,2.0
50182393,52777252,1992.0,2.0
50182420,52954056,1998.0,0.0
50182422,52954056,1998.0,1.0
50182424,52954056,1998.0,2.0
50182426,52954056,1998.0,3.0
50182429,53427002,1993.0,0.0
50182431,53427002,1993.0,1.0
50182432,53427002,1993.0,2.0
50182433,53427002,1993.0,2.0
50182436,53427002,1993.0,4.0
50182451,52837845,1980.0,2.0
50182452,52837845,1980.0,3.0
50182453,52837845,1980.0,3.0
50182459,53158933,1960.0,3.0
50182463,52954564,1990.0,1.0
50182465,52954564,1990.0,2.0
50182467,52954564,1990.0,3.0
50182468,52954564,1990.0,3.0
50182582,52787461,1995.0,2.0
50182583,52787461,1995.0,0.0
50182584,52787461,1995.0,1.0
50182585,52787461,1995.0,1.0
50182586,52787461,1995.0,1.0
50182590,52787461,1995.0,2.0
50182591,52787461,1995.0,2.0
50182594,52787461,1995.0,3.0
50182597,52787461,1995.0,4.0
50182599,52787461,1995.0,4.0
50182601,52787461,1995.0,5.0
50182602,52787461,1995.0,5.0
50182603,52787461,1995.0,5.0
50182604,52787461,1995.0,6.0
50182606,52787461,1995.0,6.0
50182609,52787461,1995.0,7.0
50182610,52787461,1995.0,7.0
50182611,52787461,1995.0,7.0
50182612,52787461,1995.0,8.0
50182613,52787461,1995.0,8.0
50182615,52787461,1995.0,8.0
50182618,52787461,1995.0,9.0
50182619,52787461,1995.0,
50182625,52825273,1996.0,1.0
50182626,52825273,1996.0,1.0
50182627,52825273,1996.0,2.0
50182630,52825273,1996.0,2.0
50182631,52825273,1996.0,3.0
50182634,52825273,1996.0,3.0
50182635,52825273,1996.0,4.0
50182636,52825273,1996.0,4.0
50182638,52825273,1996.0,4.0
50182639,52825273,1996.0,5.0
50182641,52825273,1996.0,5.0
50182642,52825273,1996.0,5.0
50182643,52825273,1996.0,6.0
50182644,52825273,1996.0,6.0
50182646,52825273,1996.0,6.0
50182648,52825273,1996.0,7.0
50182652,52825273,1996.0,8.0
50182654,52825273,1996.0,8.0
50182655,52825273,1996.0,9.0
50182656,52825273,1996.0,9.0
50182657,52825273,1996.0,9.0
50182658,52825273,1996.0,9.0
50182664,52803993,1990.0,1.0
50182666,52803993,1990.0,2.0
50182667,52803993,1990.0,0.0
50182668,52803993,1990.0,0.0
50182674,52803993,1990.0,2.0
50182679,52803993,1990.0,1.0
50182680,52803993,1990.0,1.0
50182681,52803993,1990.0,1.0
50182682,52803993,1990.0,2.0
50182687,52803993,1990.0,0.0
50182688,52803993,1990.0,1.0
50182696,52796129,1996.0,0.0
50182698,52796129,1995.0,0.0
50182702,52796129,1994.0,2.0
50182705,64807643,2000.0,0.0
50182709,64807643,1994.0,1.0
50182710,64807643,1994.0,1.0
50182715,64807643,1980.0,0.0
50182716,64807643,1985.0,0.0
50182720,64807643,1985.0,1.0
50182725,52955539,2006.0,0.0
50182729,52955539,1990.0,1.0
50182731,52955539,1960.0,2.0
50182738,52982827,1990.0,1.0
50182739,52982827,1990.0,1.0
50182740,52982827,1990.0,1.0
50182742,52982827,1990.0,2.0
50182743,52982827,1990.0,2.0
50182744,52982827,1990.0,2.0
50182746,52982827,1990.0,3.0
50182748,52982827,1990.0,3.0
50182749,52982827,1990.0,3.0
50182751,52982827,1990.0,4.0
50182752,52982827,1990.0,4.0
50182753,52982827,1990.0,4.0
50182755,52982827,1990.0,5.0
50182758,52982827,1990.0,6.0
50182761,52982827,1990.0,6.0
50182762,52982827,1990.0,7.0
50182764,52982827,1990.0,7.0
50182766,52982827,1990.0,8.0
50182767,52982827,1990.0,8.0
50182768,52982827,1990.0,8.0
50182770,52982827,1990.0,9.0
50182774,53152165,1996.0,0.0
50182775,53152165,1996.0,0.0
50182777,53152165,1996.0,1.0
50182778,53152165,1996.0,1.0
50182780,53152165,1996.0,2.0
50182781,53152165,1996.0,2.0
50182782,53152165,1996.0,2.0
50182783,53152165,1996.0,2.0
50182784,53152165,1996.0,3.0
50182786,53152165,1996.0,3.0
50182787,53152165,1996.0,3.0
50182789,53152165,1996.0,4.0
50182791,53152165,1996.0,4.0
50182793,53152165,1996.0,5.0
50182794,53152165,1996.0,5.0
50182795,53152165,1996.0,5.0
50182797,53152165,1996.0,6.0
50182798,53152165,1996.0,6.0
50182799,53152165,1996.0,6.0
50182802,53152165,1996.0,7.0
50182805,53152165,1996.0,8.0
50182806,53152165,1996.0,8.0
50182808,53152165,1996.0,9.0
50182810,53152165,1996.0,9.0
50182811,53152165,1996.0,9.0
50182812,52947662,1996.0,0.0
50182813,52947662,1996.0,0.0
50182814,52947662,1996.0,1.0
50182815,52947662,1996.0,1.0
50182816,52947662,1996.0,1.0
50182818,52947662,1996.0,2.0
50182819,52947662,1996.0,2.0
50182821,52947662,1996.0,2.0
50182822,52947662,1996.0,3.0
50182829,52947662,1996.0,4.0
50182830,52947662,1996.0,5.0
50182832,52947662,1996.0,5.0
50182833,52947662,1996.0,5.0
50182836,52947662,1996.0,6.0
50182840,52947662,1996.0,7.0
50182848,52947662,1996.0,9.0
50182849,52947662,1996.0,9.0
50182855,52823247,1996.0,0.0
50182856,52782845,1996.0,0.0
50182858,52823247,1996.0,1.0
50182859,52823247,1996.0,1.0
50182860,52782845,1996.0,1.0
50182862,52823247,1996.0,2.0
50182864,52823247,1996.0,0.0
50182868,52823247,1996.0,2.0
50182869,52823247,1996.0,2.0
50182871,52823247,1996.0,0.0
50182872,52823247,1996.0,0.0
50182873,52823247,1996.0,0.0
50182875,52823247,1996.0,1.0
50182878,53141945,1996.0,2.0
50182879,52823247,1996.0,2.0
50182881,52823247,1996.0,2.0
50182885,52834338,1996.0,1.0
50182887,52834338,1996.0,2.0
50182888,52824209,1996.0,0.0
50182889,53141945,1996.0,0.0
50182890,52824209,1996.0,0.0
50182893,53141945,1996.0,1.0
50182894,53141945,1996.0,2.0
50182895,53141945,1996.0,2.0
50182897,53141945,1996.0,0.0
50182900,53141945,1996.0,1.0
50182904,53141945,1996.0,2.0
50182908,52805934,1996.0,0.0
50182909,52805934,1996.0,0.0
50182912,52805934,1996.0,1.0
50182913,52805934,1996.0,1.0
50182914,52805934,1996.0,2.0
50182918,52805934,1996.0,3.0
50182919,52805934,1996.0,3.0
50182922,52805934,1996.0,4.0
50182925,52805934,1996.0,0.0
50182928,52805934,1996.0,1.0
50182932,53421333,1996.0,0.0
50182935,53421333,1996.0,2.0
50182941,53421333,1996.0,1.0
50182944,53421333,1996.0,2.0
50182946,53421333,1996.0,3.0
50182947,53421333,1996.0,3.0
50182954,53421333,1996.0,0.0
50182955,53421333,1996.0,0.0
50182956,53421333,1996.0,1.0
50182957,53421333,1996.0,1.0
50182958,53421333,1996.0,2.0
50182959,53421333,1996.0,
50182963,52816561,1980.0,0.0
50182970,53044785,1990.0,0.0
50182971,53044785,1990.0,1.0
50182975,53388623,1995.0,0.0
50182977,53388623,1995.0,1.0
50182981,52800317,1980.0,0.0
50182982,52800317,1980.0,0.0
50183003,53066289,1999.0,0.0
50183007,53066289,1999.0,1.0
50183010,53066289,1999.0,2.0
50183011,53066289,1999.0,2.0
50183014,53066289,1999.0,3.0
50183016,53066289,1999.0,4.0
50183025,53066289,1999.0,6.0
50183027,53066289,1999.0,6.0
50183028,53066289,1999.0,7.0
50183033,53066289,1999.0,8.0
50183038,52945431,1970.0,0.0
50183048,52957441,1997.0,1.0
50183050,52957441,1997.0,2.0
50183053,52979261,1970.0,0.0
50183054,52979261,1970.0,0.0
50183055,52979261,1970.0,1.0
50183062,53039498,1970.0,0.0
50183070,53429046,1997.0,0.0
50183073,53429046,1997.0,2.0
50183074,53429046,1997.0,2.0
50183080,52780143,1997.0,1.0
50183081,52780143,1997.0,2.0
50183082,52780143,1997.0,2.0
50183749,64806861,1999.0,0.0
50183752,64806861,1999.0,0.0
50183753,64806861,1999.0,0.0
50183802,53412658,1999.0,0.0
50183804,53412658,1999.0,0.0
50183809,53413486,1999.0,0.0
50183811,53413486,1999.0,0.0
50183814,53413486,1999.0,0.0
50183818,52806080,1999.0,0.0
50183821,52806080,1999.0,0.0
50183822,52806080,1999.0,0.0
50183823,52806080,1999.0,0.0
50183900,52980436,1992.0,1.0
50184133,64914919,2000.0,0.0
50184137,64914919,2000.0,0.0
50184138,64914919,2000.0,0.0
50184142,52941145,1997.0,0.0
50184145,52941145,1997.0,0.0
50185595,52813562,2002.0,1.0
50185596,52813562,2002.0,1.0
50185600,52813562,2002.0,2.0
50185602,52813562,2002.0,3.0
50185609,52813562,2002.0,4.0
50185611,52813562,2002.0,5.0
50185613,52813562,2002.0,5.0
50185614,52813562,2002.0,5.0
50185616,52813562,2002.0,6.0
50185617,52813562,2002.0,6.0
50185623,52813562,2002.0,7.0
50185624,52813562,2002.0,7.0
50185627,52813562,2002.0,8.0
50185631,52813562,2002.0,9.0
50185632,52813562,2002.0,9.0
50185633,52813562,2002.0,9.0
50185635,52813562,2002.0,9.0
50185636,52813562,2002.0,10.0
50185638,52813562,2002.0,10.0
50185642,52813562,2002.0,11.0
50185644,52813562,2002.0,11.0
50186096,53141077,1998.0,0.0
50186098,53141077,1998.0,1.0
50186099,53141077,1998.0,1.0
50186100,53141077,1998.0,2.0
50186101,53141077,1998.0,2.0
50186105,53141077,1998.0,1.0
50186107,53141077,1998.0,2.0
50186109,53141077,1998.0,1.0
50186112,53141077,1998.0,2.0
50186113,53141077,1998.0,0.0
50186115,53141077,1998.0,1.0
50186117,53141077,1998.0,2.0
50186119,53141077,1998.0,0.0
50186121,53141077,1998.0,1.0
50186122,53141077,1998.0,1.0
50186123,53141077,1998.0,2.0
50186124,53141077,1998.0,2.0
50186127,52927856,2000.0,0.0
50186129,52927856,2000.0,1.0
50186130,52927856,2000.0,1.0
50186134,52927856,2000.0,2.0
50186137,52927856,2000.0,3.0
50186139,52927856,2000.0,3.0
50186141,52927856,2000.0,4.0
50186142,52927856,2000.0,4.0
50186143,52927856,2000.0,4.0
50186144,52927856,2000.0,4.0
50186146,52927856,2000.0,5.0
50186148,52927856,2000.0,5.0
50186152,52927856,2000.0,6.0
50186153,52927856,2000.0,7.0
50186154,52927856,2000.0,7.0
50186156,52927856,2000.0,7.0
50186158,52927856,2000.0,8.0
50186159,52927856,2000.0,8.0
50186160,52927856,2000.0,8.0
50186162,52927856,2000.0,9.0
50186163,52927856,2000.0,9.0
50186168,53042894,2000.0,0.0
50186171,53042894,2000.0,2.0
50186175,53042894,2000.0,1.0
50186177,53042894,2000.0,2.0
50186178,53042894,2000.0,2.0
50186179,53042894,2000.0,3.0
50186180,53042894,2000.0,3.0
50186181,53042894,2000.0,0.0
50186184,53042894,2000.0,1.0
50186186,53042894,2000.0,2.0
50186189,52842648,2000.0,0.0
50186191,52842648,2000.0,1.0
50186192,52842648,2000.0,1.0
50186193,52842648,2000.0,2.0
50186196,52842648,2000.0,0.0
50186197,52842648,2000.0,1.0
50186198,52842648,2000.0,1.0
50186199,52842648,2000.0,2.0
50186205,52800679,1999.0,0.0
50186207,52800679,1999.0,1.0
50186210,52800679,1999.0,2.0
50186213,52800679,1999.0,1.0
50186217,52800679,1999.0,0.0
50186223,52800679,1999.0,0.0
50186226,52800679,1999.0,1.0
50186229,52800679,1999.0,0.0
50186230,52800679,1999.0,0.0
50186241,52800679,1999.0,0.0
50186242,52800679,1999.0,0.0
50186243,52800679,1999.0,1.0
50186244,52800679,1999.0,1.0
50186249,52800679,1999.0,1.0
50186256,52800679,1999.0,3.0
50186257,52800679,1999.0,3.0
50186258,52800679,1999.0,4.0
50186261,52800679,1999.0,4.0
50186265,52800679,1999.0,5.0
50186268,52800679,1999.0,6.0
50186273,52800679,1999.0,7.0
50186274,52800679,1999.0,8.0
50186275,52800679,1999.0,8.0
50186279,52800679,1999.0,9.0
50186281,52800679,1999.0,9.0
50186282,52800679,1999.0,9.0
50186373,61068100,2010.0,2.0
50186375,52966787,2010.0,2.0
50186389,53419990,1900.0,1.0
50186390,61237044,2010.0,2.0
50186392,61237044,2010.0,2.0
50187987,52929702,1990.0,0.0
50187989,52929702,1990.0,0.0
50187998,52838757,1990.0,0.0
50187999,52838757,1990.0,0.0
50188004,52933991,1990.0,0.0
50188006,52933991,1990.0,0.0
50188010,52928863,1991.0,0.0
50188011,52928863,1991.0,0.0
50188013,52928863,1991.0,0.0
50188016,52983905,1991.0,0.0
50188022,52980931,1988.0,0.0
50188024,52980931,1988.0,0.0
50188025,52980931,1988.0,0.0
80410947,52940699,1997.0,0.0
80410948,52940699,1997.0,0.0
80410950,52934668,1980.0,0.0
80410951,52934668,1980.0,0.0
80410952,53414056,1991.0,0.0
80410966,52939381,1999.0,0.0
80410969,52990174,1997.0,0.0
80437934,61063883,1999.0,0.0
80437943,61063883,1999.0,3.0
80437944,61063883,1999.0,3.0
80437950,61063883,1999.0,0.0
80437954,61063883,1999.0,2.0
80437955,61063883,1999.0,2.0
80437957,61062618,1998.0,0.0
80437958,61062618,1998.0,0.0
80437959,61062618,1998.0,1.0
80437960,61062618,1998.0,1.0
80437961,61062618,1998.0,1.0
80437965,61062618,1998.0,3.0
80437973,61062618,1998.0,0.0
80437974,61062618,1998.0,0.0
80437978,61062618,1998.0,2.0
80856016,52932194,1993.0,
99000001,52784827,1970.0,4.0
99000002,52813472,1970.0,
99000003,52957336,1970.0,1.0
99000004,52776337,1970.0,1.0
99000005,53141351,1970.0,
99000006,52825952,1970.0,
99000007,52827500,1970.0,1.0
99000008,52955433,1970.0,
99000009,52793630,1970.0,
99000010,64806964,1970.0,
99000011,53088508,1980.0,
99000012,64808278,1970.0,
99000013,64808982,1970.0,
99000014,53058893,1980.0,
99000015,52827241,1970.0,
99000016,52778822,1970.0,
99000017,52885209,1970.0,
99000018,61063553,1970.0,
99000019,53057738,1970.0,1.0
99000020,52882568,1970.0,
99000021,53063349,1900.0,1.0
99000022,53015119,1900.0,1.0
99000023,53389514,1980.0,1.0
99000024,53054643,1970.0,1.0
99000025,53035266,1991.0,1.0
99000026,53145586,1970.0,1.0
99000027,53447268,1980.0,1.0
99000028,53014920,1980.0,1.0
99000029,52932882,1950.0,
99000030,52928679,1991.0,0.0
99000031,52939101,1970.0,
99000032,52957154,1970.0,
99000033,52994773,1970.0,
99000034,52931479,1970.0,
99000035,52826325,1970.0,
99000036,52927916,1970.0,
99000037,52954185,1970.0,
99000038,52940744,1990.0,1.0
99000039,52935596,1900.0,0.0
99000040,52919754,1970.0,0.0
99000041,52839749,1976.0,0.0
99000042,52813738,1970.0,0.0
99000043,53018284,1980.0,0.0
99000044,53065752,1970.0,0.0
99000045,52836830,1979.0,0.0
99000046,52824419,1970.0,0.0
99000047,53023848,1975.0,0.0
99000048,52882134,1970.0,0.0
99000049,53001090,1970.0,1.0
99000050,65059878,1970.0,0.0
99000051,53433065,1990.0,
99000052,52826559,1900.0,1.0
99000053,52808139,1978.0,0.0
99000054,53041397,1970.0,0.0
99000055,53421701,1970.0,0.0
99000056,53048278,1980.0,0.0
99000057,53151283,1980.0,0.0
99000058,52805373,1995.0,
99000059,53422735,1987.0,1.0
99000060,52830554,1970.0,0.0
99000061,53066743,1970.0,1.0
99000062,52973231,1970.0,1.0
99000063,53054557,1990.0,
99000064,52830105,1980.0,
99000065,53389448,1973.0,1.0
99000066,53057904,1980.0,1.0
99000067,52782245,1970.0,
99000068,52956349,1995.0,1.0
99000069,64807568,1981.0,1.0
99000070,64807568,1981.0,1.0
99000071,64807944,1982.0,1.0
99000072,52796451,1998.0,1.0
99000073,53428703,1970.0,1.0
99000074,64807372,1970.0,
99000075,53000151,1970.0,
99000076,53161595,1970.0,
99000077,52952144,1970.0,
99000078,53024354,1970.0,
99000079,52827977,1970.0,
99000080,53382821,1970.0,
99000081,52919777,1970.0,
99000082,52840424,1970.0,
99000083,52996245,1970.0,
99000084,53391534,1970.0,
99000085,52800321,1970.0,
99000086,53386622,1970.0,
99000087,52927825,1970.0,
99000088,52953648,1980.0,1.0
99000089,52995257,1970.0,1.0
99000090,64917503,1980.0,1.0
99000091,52782905,1970.0,
99000092,52821425,1990.0,
99000093,52951370,1970.0,
99000094,52843945,1980.0,1.0
99000095,53159195,1980.0,
99000096,52998983,1980.0,1.0
99000097,52840765,1980.0,
99000098,52752618,1982.0,1.0
99000099,52837939,1998.0,
99000100,52805399,1982.0,1.0
99000101,52787460,1980.0,
99000102,52810510,1982.0,1.0
99000103,52951680,1980.0,
99000104,53087251,1983.0,
99000105,53422162,1995.0,
99000106,52843625,1989.0,1.0
99000107,52839661,1990.0,1.0
99000108,52889512,1988.0,1.0
99000109,53087253,1984.0,1.0
99000110,52936889,1983.0,1.0
99000111,52842112,1982.0,1.0
99000112,52842214,1970.0,
99000113,53000366,1985.0,1.0
99000114,52843644,1987.0,1.0
99000115,52823884,1985.0,1.0
99000116,52824433,1980.0,
99000117,52931874,1800.0,1.0
99000118,52931303,1991.0,1.0
99000119,61063268,1970.0,0.0
99000120,52954642,1979.0,0.0
99000121,53393725,1988.0,0.0
99000122,53391227,1980.0,0.0
99000123,52929708,1970.0,0.0
99000124,53139856,1980.0,0.0
99000125,52842189,1970.0,
99000126,53030323,1980.0,
99000127,52747659,1970.0,
99000128,53420889,1970.0,
99000129,52813547,1970.0,
99000130,53025950,1980.0,
99000131,53054751,1970.0,
99000132,53055506,1980.0,
99000133,52784467,1980.0,
99000134,64808037,1980.0,
99000135,52799767,1997.0,1.0
99000136,53428073,1997.0,1.0
99000137,52802121,1997.0,3.0
99000138,53043431,1997.0,0.0
99000139,53038616,1993.0,
99000140,61063883,1999.0,2.0
99000141,52928213,1990.0,
99000142,53128701,1991.0,2.0
99000143,52808557,1991.0,1.0
99000144,52941549,1990.0,1.0
99000145,52941549,1990.0,1.0
99000146,52843222,1970.0,
99000147,52823272,1992.0,1.0
99000148,52942923,1993.0,
99000149,53394283,1992.0,1.0
99000150,52831228,1980.0,
99000151,52933991,1990.0,
99000152,52928863,1991.0,
99000153,52983905,1991.0,
99000154,52980931,1988.0,
