BLDG_ID_x,Height,Usage,SAID,X,Y,Area,travel_time,travel_distance
51663476,9.32998,,25600006,220523.1303,574467.6005,1919.765856,172,1294
52747220,3.11,,25600007,220930.8918,574188.7892,239.6955,200,1477
52747230,3.07,,25600003,219072.5423,573664.2311,169.1532,233,1598
53377687,0,5521,25600001,219428.256,574249.6486,375.5775574,272,1454
52748226,2.35,,25600005,220546.1071,573720.7829,148.8697666,154,975
52748351,8.48,7300,25600004,219303.5002,573078.6323,2559.487586,195,1559
52747808,4.04,,25600005,221270.8295,572797.9209,190.9107605,329,2697
52749236,6.28,7300,25600004,219326.3433,572688.2147,1346.7618,202,1695
52749332,0,7300,25600004,219629.7799,572758.0506,3125.387392,170,1447
52750167,6.91,,25600005,221411.6965,572640.7931,152.5286735,357,2894
52749734,4.08,7300,25600004,218912.8498,572801.2266,130.2735,177,1814
52750702,3.14,,25600006,219985.7029,575327.7092,161.9443194,317,2355
52752405,6.33,,25600006,221449.4282,574949.7701,174.1899175,370,3006
52752618,6.6,,25600006,221579.2871,574777.7516,228.4050097,320,2699
52753856,11.4,,25600003,219789.7975,573959.9395,547.707,82,574
52753935,0,,25600007,220978.101,573906.5375,149.4560195,217,1576
52754125,3.69,,25600007,221266.7865,574177.2746,150.7174812,259,1876
52776994,2.9,,25600005,220718.3275,573533.1246,296.906785,214,1345
61062578,13.45,,25600002,219617.8044,574130.8807,168.9348194,122,899
52776233,13.53,,25600002,220273.0196,574294.1503,367.198668,182,1025
52776249,2.41,,25600006,220899.0155,574946.7961,173.5110934,344,2650
52776311,4.89,5000,25600005,220234.5126,573801.7824,211.17315,123,571
52776330,3.91,5202,25600001,219457.3717,574256.3811,243.2303982,286,1503
52776337,11.7,,25600003,220329.247,574256.1676,487.7965,183,1073
64806674,11.47,,25600005,220490.6568,573628.0917,843.1510403,147,1030
52776370,0,6512,25600004,219878.6575,573589.3735,3479.639052,121,458
53382821,11.16,,25600002,220031.1853,574184.7199,816.0526,164,1171
52777585,5.39,,25600006,220197.7167,575424.2789,137.7895007,330,2587
53383055,10.2,5300,25600003,219727.2315,573795.9686,414.0285235,76,455
52777685,3.32,5740,25600001,219517.6864,574144.364,349.941394,175,1189
64806675,6.59,,25600007,221324.3613,574206.0081,264.904375,326,2372
52777761,2.92,5305,25600006,221355.3257,574579.4061,307.66725,282,2332
52777252,11.2125,,25600001,219374.7849,574094.1349,207.2035114,176,1182
52777261,11.65,,25600003,219797.4584,573921.049,421.6392,120,733
52777273,15.03,,25600001,219347.5006,574141.6095,170.07265,262,1456
52778743,4.1,,25600003,219324.6192,573718.9128,167.59295,139,1019
52778693,8.91,6512,25600002,219951.5706,574136.7774,1041.42495,130,767
52778822,10.89,,25600003,219873.05,573770.94,235.14,65,379
64806668,6.58,,25600007,221296.0026,574197.3973,263.1815161,332,2403
52778205,2.53,5300,25600003,219738.6287,573826.0747,209.342016,77,428
52778260,2.52,,25600007,221053.8568,573854.3077,142.0228036,236,1660
52778229,3.6725,,25600007,221189.3905,574081.8527,244.2458117,238,1773
52779151,4.74,,25600007,221086.347,573807.1713,109.9286695,242,1717
52779189,11.13,,25600003,220117.4467,574131.5358,694.0175,210,1319
52780600,6.26,6520,25600001,219740.0404,574332.6237,173.961256,197,1456
52780642,10.86,,25600003,219862.6362,573976.1987,253.84455,73,501
53383719,5.21,,25600007,220894.9344,574120.6948,147.5385392,184,1349
53383753,3.68,,25600005,221414.9864,572949.4567,192.8149636,326,2653
52781529,5.84,7300,25600004,218559.4303,572962.2483,750.1175,306,2540
52781664,3.36,,25600006,221654.2324,574955.8564,182.2647135,390,3270
53383787,6.7,,25600005,221389.9415,573020.205,172.702972,335,2711
52781739,5.33,5600,25600004,218518.995,572923.3378,517.7975,288,2434
52781741,0,7300,25600004,219540.4442,573084.011,916.1803922,159,1123
64806569,11.43,,25600003,220132.1237,574052.5332,613.356084,127,658
52781039,3.25,,25600007,221247.0428,573986.087,161.0424213,261,1942
52781078,5.5,,25600006,220077.5495,575297.6189,208.9504275,306,2360
52781153,3.3,,25600006,221026.3534,574678.9251,210.617603,277,2274
52782173,9.84,,25600006,221240.8026,575140.5065,171.4099318,380,2822
52782556,2.85,5337,25600005,220555.99,573108.3694,60.90869999,223,1647
53383959,2.92,,25600005,220941.4366,573212.3257,52.34997809,269,1926
53383840,8.27,,25600006,220099.4663,575299.488,141.9202636,307,2367
53383842,8.5,,25600006,221712.5298,574913.6771,158.8479913,353,2861
53383859,4.72,,25600006,219998.9013,575190.0929,195.3376035,278,2175
52782775,14.49,,25600003,219467.7998,573801.6928,296.90335,152,986
52782845,8.33,,25600001,219453.7492,574550.3731,706.44125,180,1198
52783490,3.3,,25600006,221432.0906,574791.4872,150.0688235,342,2682
52783507,2.88,,25600006,220976.6175,574745.499,154.0097775,292,2357
52783509,0,,25600006,220334.635,574850.51,200.2695436,301,2128
52782948,2.6,,25600006,221047.2875,574759.8254,147.71545,293,2355
52782952,2.37,,25600006,221063.7791,574762.821,25.57794343,292,2340
52783002,8.1,,25600006,220901.7186,574775.9536,190.0831101,308,2428
52783158,2.63,6520,25600003,220260.6021,574127.2156,59.50359935,183,962
52783198,2.41,,25600007,220873.7437,574082.7224,98.7607985,187,1371
52783216,14.84,,25600002,219675.3991,574079.6558,291.55155,171,1029
52783406,2.91,,25600003,219106.0023,573335.3065,236.6720443,213,1447
52783477,5,,25600006,219940.5022,575340.1447,193.237,318,2330
52783969,7.53,,25600007,221311.0975,574271.2438,165.4081,295,2268
52784192,10.62,,25600003,220267.5687,574183.4177,483.0221,180,938
52785195,2.62,,25600003,218938.1701,573452.7297,181.5124123,208,1572
52784827,14.4875,,25600003,220252.4382,574208.9163,534.8423338,192,1163
52786102,2.83,5521,25600006,220278.6603,575083.6483,106.26202,289,2137
52786150,7.25,7300,25600004,219296.0157,571981.788,172.7141278,274,2808
52785786,3.58,,25600003,218986.6387,573529.8826,139.9657563,217,1579
64806645,5.35,,25600006,220363.2977,575256.308,146.3469566,296,2347
52786489,7.67,,25600006,221492.2908,574918.1626,154.50755,380,2895
52786781,3.51,5000,25600005,220277.4743,573744.3513,100.682252,151,820
52787802,4.82,,25600003,218827.2562,573631.2423,196.0404559,207,1554
52787460,5.42,,25600006,221699.7871,574831.1699,159.2186912,345,2811
52787461,30.56,,25600001,219406.4026,574608.4697,436.8197,190,1247
52789324,5.87,,25600006,221656.1956,574618.2638,141.3511223,317,2648
52788436,4.79,,25600006,220698.044,575244.9586,178.2976951,309,2471
52790818,7.06,,25600006,221078.8715,574976.6531,58.35020575,334,2609
52790882,15.22,,25600002,220317.5411,574546.4485,249.4271,234,1616
52790911,5.81,,25600006,221832.6981,574979.4766,103.695616,362,3096
52790400,5.89,6520,25600003,220424.8963,574228.4996,427.0891,207,1235
52790425,5.72,,25600007,221342.9049,573797.7546,126.2899971,285,2184
61062655,3.99,,25600006,220239.557,575208.7147,241.636601,288,2280
53385609,4.62,,25600006,221578.8181,574499.5304,190.5092153,319,2442
52793630,12.11,,25600003,220504.0603,574210.8524,799.8205015,132,924
52793644,6.61,7300,25600004,219601.8675,572832.1982,769.385649,159,1366
52794581,25.27,,25600002,219642.6303,573989.1271,345.8046,109,733
52796711,6.35,,25600007,221418.9415,573743.2822,140.350823,294,2275
52797761,14.29,,25600003,219506.5197,573824.4267,273.7714905,146,944
52799214,6.51,,25600003,220370.5773,574126.1671,223.4595895,113,768
52798823,2.98,,25600007,220981.6299,574341.5977,159.208404,238,1668
52798824,3.44,6520,25600003,220086.6961,573892.6544,1177.3713,101,509
52798870,3.89,,25600003,219258.4512,573655.3571,463.83885,134,1062
52800037,2.48,5521,25600006,220180.9894,575246.2792,102.4066,297,2351
52800256,12.02,,25600003,220440.7908,574201.8835,1269.514963,207,1235
52800314,24.84,,25600001,219427.7702,574344.4523,362.556766,220,1354
52800321,15.22,,25600007,220655.2866,574448.2384,289.1387416,255,2028
52799767,15.58,,25600001,219329.9675,574232.8849,211.139134,240,1365
52799799,0,,25600007,220821.8543,573989.147,151.2556032,217,1513
52801216,9.33,,25600001,219386.009,574548.2499,263.498,214,1281
52801320,5.94,,25600006,220087.0197,575330.2325,196.16095,329,2442
52801351,6.18,,25600006,219932.4871,575210.4243,210.25295,277,2209
52800679,32.67,,25600001,220157.8466,574568.304,411.0652135,196,1354
52800729,5.73,5000,25600004,219771.4392,573183.6164,402.2948901,132,1006
52800692,5.16,,25600007,221054.0064,574460.6043,162.887,248,1843
52800735,5.78,,25600006,220957.0041,575198.8132,165.125016,366,2789
52800757,2.45,,25600003,219072.3561,573274.9905,186.5557,223,1466
61062685,2.61,,25600006,220565.7682,575052.2729,204.9532545,278,2221
52800784,8.15,7300,25600004,219662.8885,572782.7387,2994.325149,189,1598
52800803,6.8,,25600006,220925.8719,575051.8329,129.228367,341,2654
52800905,5.05,,25600007,221267.4275,574160.0379,167.6589769,257,1859
52802121,15.15,,25600001,219283.1317,574193.9064,226.51565,226,1318
52802145,10.74,,25600003,219907.6016,573820.405,258.29315,83,348
53387452,27.94,,25600007,220602.2148,574281.1048,509.93335,186,1405
52802213,8.22,,25600006,221640.7483,574449.3781,202.37359,361,2708
52802217,15.26,,25600006,220514.9,574517.2529,2016.3791,216,1390
52802242,0,,25600006,220195.2054,574950.3706,229.4634926,280,2027
52802245,0,,25600007,221076.6757,574453.5673,202.7815324,249,1841
52802255,13.39,,25600002,219409.8468,573985.0141,241.91295,183,1208
52801626,2.69,5305,25600003,219591.0247,573761.5956,247.9301,101,652
53387359,2.97,,25600007,221424.8658,573718.1001,153.874993,296,2297
52801671,6.56,,25600007,221365.6832,574351.4337,198.4087,276,2180
52801731,9.49,,25600006,220478.1361,574562.2498,1094.6167,293,1874
64909063,0,7300,25600004,219219.8669,571963.1306,501.6448885,279,2782
52802568,1.97,,25600003,219041.6117,573603.6447,165.4775834,249,1775
52803993,11.83,,25600001,219355.9055,574549.852,723.12995,243,1746
52804292,2.45,,25600007,221073.9572,573821.3848,107.2036449,240,1699
52804315,0,5521,25600002,219581.1188,574052.9971,106.4983692,160,977
52804331,4.01,,25600007,221052.4498,573765.4848,76.25467952,244,1736
52804358,4.18,,25600007,221382.9192,573759.4398,208.6672513,291,2239
53387686,7.44,,25600006,221705.2327,574997.6713,200.0685367,374,3218
61062694,0,,25600006,220189.0612,575461.7583,327.3082852,328,2569
52804832,3.43,5000,25600005,220284.6332,573764.5672,108.9416745,151,820
52804871,3.43,,25600003,218938.6588,573526.7665,143.834894,223,1612
64806861,4.43,,25600006,220357.4576,575240.8882,164.3036055,296,2341
52804447,8.93,,25600003,219814.4174,573890.2857,915.8655,122,739
52804452,8.34,,25600006,221389.6456,574614.9435,116.650036,287,2372
52804464,3.5,5000,25600005,220250.3089,573782.5071,268.0756,124,575
53386997,3.75,,25600006,220965.6372,574760.7268,157.9055308,293,2376
53387003,11.3,,25600003,220304.7229,574122.5373,480.26268,140,754
52804544,5.35,,25600007,221028.516,574086.5132,125.591642,213,1605
53387005,8.31,,25600006,221612.417,574969.9031,197.9956004,339,2884
61062703,7.27,,25600006,220364.9959,575413.6537,199.9427642,334,2569
52804692,3.92,,25600006,220724.3605,575206.9726,197.137583,305,2442
64806839,14.25,,25600002,219696.9049,574053.9536,648.9986119,118,722
52805868,6.99,,25600006,221608.3727,574772.9458,214.135592,319,2688
52805887,5.82,,25600006,221120.1863,574766.4326,138.5665287,277,2291
52805938,14.63,5380,25600006,220323.1462,574756.3876,952.917075,247,1850
52806001,3.92,,25600006,220295.2262,575449.941,194.3141855,318,2501
52806004,0,,25600006,220312.1092,575447.5282,180.4240588,322,2518
52806080,7.4,,25600006,220398.4468,575281.7603,540.0779245,310,2450
52806280,13.57,,25600002,219597.7338,573960.0077,707.5833,118,774
52805366,0,,25600003,218839.5902,573648.3595,186.9132202,205,1534
52805373,3.75,,25600007,220926.7042,574314.8894,169.442008,236,1798
52805462,2.98,,25600006,221149.9592,574669.5491,163.4183529,267,2205
53388039,6.57,,25600006,221313.9685,574497.4369,349.71365,305,2152
52806751,3.89,,25600003,218803.6465,573597.9306,206.7250875,217,1589
52806788,0,5305,25600005,220573.7923,573690.7022,69.62632829,153,999
52806837,4.82,,25600006,221079.6216,574828.7582,186.9089669,289,2365
52806890,6.18,,25600007,220850.1062,574178.9022,151.1083006,179,1335
52806931,6.45,,25600006,219896.013,575292.8407,164.017539,314,2300
52806991,3.67,,25600006,220057.3869,575242.9428,192.2065,300,2322
52806306,0,,25600007,221030.0395,573968.5131,191.5670295,231,1723
52806313,7.08,5310,25600002,219547.2548,574030.4354,750.3652365,161,1124
52806333,14.33,,25600002,219758.5072,574129.6451,286.21005,149,857
52806362,5.09,,25600007,221267.7863,574247.3947,144.804214,314,2338
52807662,6.86,,25600007,221320.6531,573813.8917,65.9675695,282,2155
52807673,3.17,,25600005,220628.4598,573985.4269,103.841935,182,1083
52807696,2.54,,25600007,221450.1026,573697.3938,140.085,300,2334
52808155,6.01,,25600006,221173.0143,574998.6591,130.9595,334,2602
61062717,13.44,,25600002,219751.9275,574089.7772,151.4105177,153,872
53388620,10.61,,25600003,219546.8344,573846.2353,434.2535615,108,842
53388623,12.07,,25600001,219312.2308,574355.2251,134.2956614,244,1697
61062719,14.15,,25600003,219736.8453,573895.1572,1226.827134,108,682
52809507,6.29,,25600007,221383.7762,573697.3935,148.4785513,295,2283
52809525,3.75,,25600006,220044.455,575136,240.53,272,2125
52809807,0,5305,25600007,220708.47,574409.4296,224.3172492,222,1521
52809403,3.6725,,25600003,218920.2616,573476.4712,162.6283146,231,1654
53387893,3.13,,25600003,219040.7911,573638.6063,140.9014045,216,1543
52809463,4.97,,25600006,221159.7514,574942.5106,155.0788522,316,2526
52810448,4.8,,25600006,221411.7774,574798.0836,186.548804,369,2862
52810458,22.8,,25600003,219449.8317,573690.3138,421.0923,130,792
52810513,7.41,,25600006,221350.1673,574897.8415,115.7391074,359,2847
52810912,7.09,5601,25600004,218429.4418,572998.4149,1636.248,306,2564
53389028,14.29,,25600002,220011.4701,574285.8206,635.0861,267,1965
52810957,5.64,5601,25600004,218459.651,572951.9375,792.70395,286,2447
52810986,7.47,7300,25600004,219251.3515,572946.442,764.1964,193,1674
52811836,1.94,,25600006,220099.6678,575188.1381,223.6481374,291,2268
52811176,7.63,,25600006,219988.3761,575217.7275,179.2040906,289,2243
52811372,4.73,6512,25600006,220262.3297,575163.9909,485.328311,285,2261
53389281,3.39,,25600003,218836.8372,573372.5711,189.665213,244,1879
52812604,9.23,6520,25600003,220001.2302,574065.8031,288.1567719,125,785
53389330,2.76,,25600005,220869.577,573377.089,306.79245,215,1569
52812799,5.68,6520,25600004,218639.6744,572849.1775,820.2987449,255,2287
53389229,3.6725,,25600003,218773.5053,573540.6914,205.4135787,233,1653
53388647,8.23,,25600003,218976.7218,573201.9072,205.1172928,252,1553
52813740,3.43,,25600005,221159.0639,572867.6293,220.6491527,311,2565
52813759,7.83,,25600007,221293.5624,574337.0199,198.148676,296,2265
52813239,3.82,,25600007,221246.4898,573966.3728,192.1640655,263,1962
53389458,10.79,,25600001,219595.0422,574253.9266,172.4523,178,1028
52813472,11.15,,25600003,220277.1447,574225.6622,493.04815,189,1133
52813547,13.41,,25600001,219640.124,574229.505,349.768,181,1048
52814242,3.28,,25600007,220981.6416,574080.6906,171.2944876,212,1597
53388767,3.23,,25600007,220993.1878,573969.9811,125.2349273,212,1530
52814368,4,,25600005,220724.1092,573210.3973,54.98646685,196,1567
52814558,2.98,5000,25600005,220301.8742,573768.077,85.72292999,151,820
52815194,7.45,,25600006,220845.5725,574825.0311,161.0824955,338,2576
52816148,3.69,,25600003,218815.545,573535.345,114.76,231,1641
52816151,4.36,,25600006,220014.1263,575298.6088,233.0677,319,2371
52816561,8.69,,25600001,219358.1599,574382.7036,164.6501813,256,1752
52816564,10.56,,25600001,220311.8893,574616.887,361.1515,188,1454
52816567,4.84,1000,25600005,220372.2373,573769.4857,238.6171125,115,776
52816581,5.21,,25600006,221133.2008,574776.1933,135.268,287,2345
52817977,15.12,,25600007,220563.3118,574180.8826,395.5559205,152,996
52818915,10.54,,25600001,220229.2099,574565.9678,491.88545,177,1357
52818952,30.32,,25600001,220259.5977,574620.6119,392.93625,205,1449
52818953,7.71,,25600006,221677.5751,574625.1985,202.6410226,319,2667
52822295,3.21,,25600007,221117.0335,574415.8325,290.6911192,256,2026
52822328,8.54,,25600006,221599.8585,574627.104,143.4491,313,2604
52822337,6.11,5300,25600002,220167.6769,574457.4444,427.4771255,182,1312
52821612,5.36,,25600006,221581.777,574635.9831,167.1998242,312,2592
52822940,8.12,,25600007,221406.4709,574069.4867,185.1120803,343,2478
52823217,2.9,,25600006,220094.4142,575153.9441,134.423481,279,2178
52823235,0,7300,25600004,218694.7972,572881.1119,847.9375188,243,2243
52823247,13.56,,25600001,219457.8903,574523.8337,466.8475,202,1237
52823280,6,5521,25600002,220360.2518,574413.6681,425.1952395,182,1152
52822456,4.72,,25600006,220130.4116,575172.5389,202.44535,285,2218
52822462,3.76,,25600006,220460.9885,574889.6343,177.717522,282,2184
52822476,2.4,,25600006,221601.5341,575045.0085,244.3118338,391,3338
52822489,3.26,,25600006,220912.4987,575177.5541,56.96253049,366,2786
52822501,0,,25600006,220267.8891,574847.5295,164.0285594,284,2073
53390484,4.19,,25600006,221410.2671,574506.101,194.0956705,297,2290
52823880,3.38,,25600003,220115.0031,574018.099,139.4225,119,634
52823884,4.71,,25600006,221001.9895,574995.9946,157.4768902,342,2635
52823915,3.13,,25600003,219171.3049,573293.9951,181.6017299,199,1378
52823946,3.92,,25600003,219315.0334,573644.6515,427.3127,145,1052
52824054,9.89,7300,25600004,219481.884,573158.6611,2805.995991,157,1161
52824000,3.29,,25600006,221013.3165,574694.5875,143.172712,279,2294
52824026,0,,25600003,218971.2232,573513.942,175.9579086,221,1599
52824086,0,,25600003,218814.2298,573615.2564,213.720372,215,1571
52824189,3.37,,25600003,219167.6362,573351.6893,139.9275712,222,1644
52824209,11.36,,25600001,219421.9655,574568.4698,340.2322,188,1237
52823355,2.3,,25600006,220660.7583,575028.5074,148.6614174,301,2341
52823477,10.22,5740,25600003,220183.0469,574085.0317,426.56425,173,926
53390418,5.01,,25600007,221267.5349,574194.8329,148.9354918,285,2288
52823483,0,,25600003,218979.7897,573600.3594,192.1519673,207,1519
52824767,3.6725,,25600005,220633.8466,573253.7105,269.016775,214,1427
52824876,0,,25600006,220970.4646,575180.8768,136.9281294,366,2787
52824877,3.3,,25600006,220107.4251,575119.2665,187.7264646,264,2052
52824981,3.13,,25600006,220632.9674,575119.3711,246.98351,292,2322
53391549,10.4,,25600001,219480.3867,574394.953,145.5156306,210,1302
52824962,5.56,,25600006,220871.489,574776.6587,188.030304,327,2512
53391555,8.15,,25600006,221227.6971,575156.8146,164.9492188,378,2808
52825115,24.74,,25600002,220378.1242,574525.0549,375.08735,186,1380
52825194,3.54,,25600003,219051.0148,573309.4167,221.692,241,1669
52824302,3.27,,25600006,221378.8127,574651.3388,99.822064,373,2816
52824357,2.59,,25600007,220903.6333,574199.8173,131.589,185,1383
64806783,13.54,,25600002,219671.9606,574132.8717,324.091461,181,1056
52824380,6.49,,25600006,221529.3687,574986.4431,105.4002953,358,2932
52824396,10.47,,25600001,219500.8809,574411.4035,177.4095415,198,1275
53391445,3.68,5305,25600001,219386.003,574256.0791,305.5396,263,1417
52824426,7.71,5740,25600002,220209.1978,574352.8113,363.8056,190,1049
52824433,5.81,,25600006,221034.9841,574980.2214,195.0566454,342,2624
52824493,7.3575,,25600007,221032.1563,574470.4869,180.1281352,245,1825
52824506,4.48,,25600006,220521.8249,575021.9992,218.053143,271,2166
52824525,3.08,5300,25600003,219682.4179,573804.2108,212.838,103,661
52825590,4.1,,25600003,218882.3527,573351.8862,124.194,199,1623
52825837,0,,25600005,221294.8939,572870.6928,185.6201249,308,2531
53391706,6.84,,25600003,218941.7795,573721.6678,171.7950298,180,1414
52825917,14.01,,25600003,220079.3547,574080.171,471.4024,120,764
52825250,3.46,,25600003,219328.3379,573445.7062,159.018505,191,1438
52825259,7.01,,25600005,221214.5356,572923.6013,139.59317,296,2438
52825273,30.06,,25600001,219375.4382,574591.2133,430.5594,176,1358
52825316,3.23,5501,25600005,220584.3669,574024.7454,183.066182,172,1020
52825331,11.99,,25600001,219336.3136,574192.5126,185.94495,235,1348
52826559,3.6725,,25600005,220627.5298,573576.9079,293.049725,177,1189
52826792,3.52,,25600003,218820.3138,573301.3249,128.5676,206,1703
52826812,4.4,,25600006,221023.788,574832.9903,214.8434534,293,2402
52826977,3.6725,,25600005,220462.2185,573396.359,400.4199105,157,1181
52827003,3.35,,25600003,219040.9744,573401.3319,148.1041086,182,1459
53391934,2.87,5705,25600005,220248.4735,573893.4519,713.5168,134,738
53391936,10.78,,25600003,219651.051,573726.2021,614.04455,91,600
52826232,0,,25600005,220741.5486,573482.927,408.2515143,227,1400
52826253,0,5305,25600002,219559.3141,573979.1021,671.0880442,163,1235
52826325,15.11,,25600005,220631.2483,573396.9381,281.4793,207,1369
53392015,10.29,6512,25600004,219821.5864,573522.2323,3345.9438,123,832
52827526,0,,25600007,220995.3079,574330.6237,174.4800693,235,1651
52827555,2.63,,25600003,219085.1589,573322.5249,231.744,243,1677
52827600,3.3,,25600003,219149.2899,573327.0343,216.2177551,207,1417
52827893,3.9,7300,25600004,219943.6024,573481.9577,332.79755,68,491
52827920,3.36,,25600003,219207.7201,573441.1978,213.621,195,1475
52827945,2.8,5202,25600003,219023.3606,573543.58,129.3175079,237,1706
52828011,3.27,,25600003,218990.5742,573489.3488,156.838304,224,1637
53391227,3.48,,25600005,220939.4249,573066.08,270.4267042,270,1923
52827217,0,,25600005,221284.197,573085.3548,224.4578361,305,2513
52827241,11.68,,25600003,219846.0424,573795.2124,411.2817,69,388
53392005,5.85,,25600007,221467.2169,573715.3215,154.844959,300,2337
53391238,5.84,,25600007,221390.3544,573662.4594,131.7864553,297,2307
52828081,3.49,,25600007,220894.7677,574035.0298,152.58465,203,1431
52828173,2.9,,25600007,221064.5817,573768.2608,161.0125,244,1740
53391283,3.53,,25600005,221335.0734,573008.293,100.114,329,2597
52828404,3.48,,25600003,218947.6918,573630.9422,176.5833574,208,1520
52828469,3.81,,25600006,221147.1799,574787.4041,174.801736,289,2363
52828513,3.64,5305,25600003,219070.4794,573489.1569,155.6459375,175,1397
52828550,12.39,,25600003,220530.6286,574265.6537,892.5617566,144,1035
52828572,0,,25600003,218973.9342,573580.69,148.3249963,211,1541
52829378,3.6725,,25600003,218917.3408,573408.6171,164.4823821,216,1612
52829470,2.84,,25600007,220967.6556,573919.3553,216.123639,215,1560
52829580,2.8,,25600003,218964.4726,573283.3537,148.7000287,252,1693
52829546,5.58,7300,25600004,218513.4522,572955.0953,555.86895,299,2493
52829833,6.47,,25600005,221076.6396,573194.8924,65.76943147,321,2228
52828953,2.78,5337,25600005,220582.0572,573098.4494,682.5036,222,1628
64807079,5.46,,25600007,221298.6745,574163.8639,363.9007187,333,2408
52828925,7.39,7300,25600004,219453.6162,573052.9318,520.5856028,173,1304
52829061,8.8,,25600005,221169.434,572951.8473,158.6223885,290,2385
52829206,0,,25600005,220759.5032,573450.4922,777.0327163,236,1437
52829213,5.43,6520,25600004,218428.5788,572946.4176,734.502,289,2512
52829214,3.65,,25600005,221409.4923,573008.1658,180.8312685,333,2696
64807068,0,6512,25600005,220636.7262,573451.6814,370.9464318,199,1331
53392538,13.69,,25600001,219417.2132,574110.4846,189.5873377,154,1113
64909308,3.24,,25600006,221123.17,574540.7639,250.75516,277,2122
52830567,2.89,,25600006,221407.6758,574776.8152,171.1654,336,2656
67186961,7.47,,25600007,220979.2363,574427.6822,354.8554124,253,1742
52830617,9.1,7300,25600004,219351.0695,572974.3596,2531.81195,163,1413
53392472,3.22,5000,25600005,220268.1864,573757.2135,105.432447,151,820
52831228,3.6725,,25600006,220199.1288,574871.7921,181.2696281,269,2004
52831232,12.24,5337,25600005,220653.6637,573083.1299,630.7249,204,1567
52831298,15.68,7300,25600004,219762.2382,573355.4182,3923.33965,133,904
52831508,6.45,,25600005,221288.5093,572933.6766,131.040304,303,2496
53392733,3.21,,25600006,220084.7915,575226.0826,150.1796,291,2268
52831753,3.04,,25600005,220943.3847,573297.2355,225.2041,225,1835
52830883,3.27,,25600005,221285.812,572788.0879,167.2888062,331,2715
52830907,9.93,,25600005,221412.5809,572681.1978,233.6063428,353,2867
52831137,5.59,,25600006,220926.0635,575015.1702,157.375129,335,2623
52832149,3.43,,25600003,218878.0696,573527.4213,127.2225,231,1630
52832155,3.68,,25600005,221250.3055,572899.9589,196.309167,301,2481
52832188,0,7300,25600004,218574.6885,572899.4429,547.5697943,291,2310
52832457,6.47,,25600006,221085.4473,574983.671,65.0159499,334,2609
52832458,5.93,,25600006,221435.0039,574884.8672,132.2184261,385,2939
52832607,2.98,,25600005,221320.9929,573016.8501,90.68957306,328,2581
53392784,3.87,,25600003,218797.3641,573474.3946,133.05865,248,1712
52831840,10.24,,25600001,219553.4509,574307.24,149.3723822,158,1031
52831943,5.95,5900,25600007,220938.5872,574298.3146,271.4319691,238,1818
52832005,2.5,,25600003,219056.2126,573247.4136,245.200804,231,1499
52833185,0,,25600003,219261.8237,573466.8733,246.775632,155,1124
53392206,8.5,7300,25600004,218625.4478,572815.0475,478.2772914,261,2180
52832970,13.94,7300,25600004,219228.8515,572617.2833,7138.37605,227,1850
52834336,10.6,,25600003,220172.3509,574130.0027,338.1048,164,895
52834338,9.42,,25600001,219415.5449,574541.2751,518.0337,214,1281
52834437,3.78,,25600006,220200.0503,575237.2452,192.0745113,297,2351
52835422,3.36,,25600003,218962.4198,573677.1037,132.4410995,192,1429
52834853,8.35,6520,25600004,220017.2847,573552.4033,605.8749317,82,462
52835624,13.57,,25600002,219400.1105,573930.4425,712.82935,192,1245
52835768,4.61,,25600005,220915.2914,573415.4322,130.4409047,234,1617
52837008,3.52,6535,25600003,220008.3977,574048.6058,453.7652155,131,645
52837038,5.04,,25600005,221188.879,572849.9192,197.6462674,315,2600
52837081,3.62,,25600006,220346.5469,574898.4059,200.564144,301,2236
52837085,3.58,,25600006,221390.0388,574798.6687,218.4077474,365,2839
52837111,10.39,,25600006,221723.936,574950.5961,144.977771,372,3191
52837108,4.64,,25600006,220027.1431,575130.2537,263.03635,269,2107
52837147,3.38,,25600006,220243.6338,575007.8101,203.9470565,295,2092
64806964,11.36,,25600003,220459.8159,574285.4785,996.3693706,198,1199
52837304,0,,25600006,220676.4957,575188.015,202.6561428,300,2408
52837345,5.42,,25600007,220824.8969,574107.2706,100.4109,170,1264
52836533,5.75,,25600007,220647.1079,574168.4215,123.4855,173,1083
52836632,5.34,,25600006,221441.0423,574694.0753,153.6951817,314,2566
52836644,7.42,,25600006,221511.3082,574697.1953,106.223,309,2523
52836739,4.04,,25600005,221337.0183,572705.5426,132.3967856,344,2803
52837942,4.13,5521,25600006,221151.2299,574639.8408,355.5923539,270,2137
52837982,3.6725,,25600006,221437.6909,574742.7205,175.0833,334,2646
52838013,3.73,,25600003,219298.2173,573691.7042,450.648676,141,1029
53393035,5.53,,25600006,221068.0345,574843.2288,188.0020812,291,2384
64806966,2.81,5202,25600006,220363.9927,574908.08,186.808859,298,2215
52837471,5.18,,25600006,221502.6284,574997.1552,167.2583087,361,2953
52837473,4.01,,25600006,221101.8529,574896.6938,172.3018129,323,2527
53392948,4.23,,25600005,220963.4269,573050.4584,129.72492,343,2340
52837560,2.86,,25600006,220859.9921,574791.2112,152.903006,330,2530
52837605,5.39,,25600007,221103.6707,573700.0743,209.0889528,252,1818
52838941,4.34,,25600006,220683.4508,575123.4919,198.6165908,295,2355
52838965,0,,25600006,221172.3442,574643.5324,116.8619174,273,2158
52839002,6.24,7300,25600004,219180.9802,571937.2404,225.3352976,258,2685
52839033,5.69,,25600006,220903.9025,574992.7143,271.2229581,339,2625
52838457,6.92,,25600006,220143.2788,575078.6526,126.6223428,247,2005
52838479,9.1,,25600001,219210.5382,574144.6154,321.812911,218,1568
53393998,2.66,,25600006,220943.8778,574720.1768,153.0906212,291,2356
52838717,2.98,,25600006,221456.0475,574458.1817,154.765577,303,2333
52838724,8.38,5000,25600007,220690.6991,574378.9579,865.141,216,1494
53394032,3.46,,25600003,219117.5164,573318.9968,161.4664576,209,1428
52838773,3.72,,25600006,221033.4685,575008.2057,159.2018903,346,2675
52839759,5.53,,25600006,221035.8369,575054.9482,159.2429962,349,2694
52839770,3.29,,25600006,221123.4214,574958.4785,182.5515,321,2567
52839784,6.75,,25600006,221675.3206,574720.4265,130.2023578,329,2763
52839816,3.69,,25600006,220967.2765,574961.7302,145.7657985,324,2568
52839847,6.73,,25600006,221607.8917,574436.4228,148.506064,297,2410
61062867,3.72,,25600006,220201.5101,575608.2756,299.5134549,439,2912
53394274,3.64,,25600003,218918.8859,573289.6578,129.51785,249,1694
52840122,0,,25600003,218912.4864,573599.3653,240.3952536,216,1556
52840126,2.84,,25600006,221003.9021,574819.2293,153.5895034,327,2471
52840233,7.91,,25600006,220925.3317,575191.6497,60.345,366,2789
53394294,5.41,,25600006,221040.3033,574616.1587,156.8639584,272,2223
52840203,3.6,,25600003,218877.8601,573435.5207,175.7970605,223,1645
52840214,2.89,,25600006,221404.6096,574758.218,198.0897625,332,2639
52840280,0,,25600006,220718.8088,575187.7618,243.9928036,302,2424
52839661,3.18,,25600006,220862.378,574911.79,174.2845973,358,2686
52839685,6.01,,25600007,221221.2086,574184.4683,153.298213,286,2299
52839691,6.05,,25600006,220892.7205,574912.3093,82.725605,320,2548
52840678,5.94,,25600003,218759.311,573480.442,209.82895,246,1937
52840713,0,,25600003,219384.1785,573483.389,172.6931781,178,1207
52840724,3.21,,25600002,220286.981,574514.2414,468.5341131,223,1582
52840765,6.3,,25600006,221558.9047,574754.0498,216.085879,390,3010
52840926,3.85,,25600006,221083.057,574717.6351,182.02005,310,2415
52841085,3.76,6520,25600004,218521.6712,572891.1118,669.9787995,287,2431
52841053,15.79,,25600001,219286.2925,574132.9831,286.5012508,212,1274
52841081,3.29,,25600003,218835.075,573400.0315,136.2600158,231,1687
61062876,10.67,,25600001,219543.8743,574401.0916,188.007814,164,1042
53394460,6.09,,25600006,221165.588,574912.6679,82.09153504,310,2479
52841101,3.59,,25600006,220481.028,574860.6072,189.8593205,289,2219
53394463,3.6,,25600003,218918.4721,573442.9173,130.452051,214,1601
52841146,5.51,,25600006,220254.2845,574759.2937,119.69675,219,1710
52841191,4.34,,25600006,220731.7581,575370.1778,173.4397236,330,2601
52841219,8.39,,25600006,220876.561,574979.8913,112.8307977,344,2651
53394488,0,,25600006,220750.0487,575417.6567,179.0831139,340,2647
52840429,11.8,,25600003,220161.6852,573953.3928,664.814175,133,723
52840512,3.15,,25600003,218913.357,573378.2983,130.675447,195,1581
52840586,3.41,5521,25600003,220220.1853,574065.9326,512.3253115,175,931
53394369,3.32,5312,25600001,219248.5738,574340.2916,1013.551849,236,1663
52840606,3.6725,,25600003,219021.1034,573433.7356,180.222022,182,1465
52840623,0,,25600007,220907.189,574021.5181,136.8203272,198,1440
52841627,0,,25600006,220773.2863,575411.536,177.8639062,345,2650
52841676,2.48,,25600007,220880.5222,574136.0198,153.8212735,181,1331
52841765,6.62,,25600006,220032.4499,575163.0711,127.177568,281,2196
53394577,10.25,,25600001,219507.5703,574194.486,136.4669362,192,1084
53394588,3.91,,25600002,220045.7789,574342.1364,1024.51512,274,1978
52841789,0,,25600003,220294.378,574198.0342,521.6360566,189,1133
53394593,4.76,,25600006,220983.0802,574885.1313,208.0681558,305,2471
52841820,3.65,6520,25600007,221275.2365,574094.2032,272.2081575,250,1845
52841834,0,,25600006,220387.4777,574884.4509,244.5465639,297,2210
52841853,11.34,,25600003,219876.0507,573945.0241,978.05235,58,391
52842109,3.06,,25600005,220673.7579,573479.1823,220.2377394,190,1317
52842112,7.69,,25600006,221030.6588,574709.3019,147.0085,306,2390
53393774,0,,25600003,219031.1067,573481.8844,160.3168157,228,1658
52841265,8.26,,25600007,221277.5078,574361.0432,157.30755,262,2113
52841278,7.88,,25600006,220078.9917,575081.7796,139.2672845,264,2052
52841289,11.36,,25600002,220303.5507,574339.6451,895.5520318,144,1038
52841330,4.04,,25600006,220458.4624,574780.6214,192.9398742,308,2335
52842648,12.2,,25600001,220133.0635,574522.9854,605.9425,182,1309
52842741,9.43,6520,25600003,219937.3543,574023.3799,453.99175,141,863
52842745,5.85,,25600006,221025.7503,574789.4008,143.5128977,317,2434
52842931,2.8,5305,25600002,220127.1534,574293.9654,206.3610846,154,874
52842993,4.87,,25600005,221395.555,572604.3336,201.5161199,362,2928
61062891,3.6725,,25600006,220137.5779,575491.5064,328.2590345,346,2651
52842214,0,,25600006,221042.1738,574689.7855,109.3730027,310,2413
52842271,10.3,,25600003,220353.25,574075.94,784.966,108,721
52842274,5.11,,25600006,221865.2016,574923.0624,173.501127,358,3054
53393844,0,,25600006,219998.3283,575290.5546,219.2099349,317,2354
52843188,5.86,6520,25600004,219638.953,573114.385,986.0395896,139,1089
52843887,5.3,,25600006,221744.819,574902.0611,131.6718,356,2884
52843894,5.79,,25600005,221400.1423,573037.8831,187.4584,336,2714
52843902,3.83,,25600006,221380.4318,574852.1996,205.167,355,2815
52843436,5.82,6512,25600001,219498.2014,574271.1096,463.5347064,179,1126
52843625,3.49,,25600006,220853.5833,574895.7915,175.7887615,354,2664
52844589,5.82,,25600006,221160.0676,574802.0504,166.9977428,291,2376
52878808,7.94,,25600006,220024.3398,575274.427,188.097948,298,2302
52882696,4.3,5202,25600005,220727.0654,573699.3588,240.361108,197,1300
53401849,7.13,,25600005,220845.1508,573661.1287,181.6862067,215,1407
52883496,0,,25600007,220943.7499,574151.7627,222.3709263,204,1517
52882931,3.7,5000,25600005,220292.2829,573751.1199,120.334376,151,820
52883089,0,,25600003,219196.2856,573366.2117,164.1987797,221,1640
53402268,4.24,,25600003,218949.3359,573606.3687,133.558074,212,1539
52884556,3.24,,25600007,220735.2593,574098.8608,154.7779216,162,1184
53402290,4.18,,25600003,219470.376,573746.5452,325.6532,137,832
52883946,2.14,7300,25600004,219036.1254,572393.6523,235.5852574,245,2670
52883955,10.62,,25600001,219593.832,574320.0412,140.1747095,154,1004
52884080,3.16,,25600003,219127.9479,573362.0559,146.7782472,215,1458
52885209,11.19,,25600003,219923.4995,573844.1472,231.44,82,342
52885405,2.84,,25600007,220857.3056,573982.0002,100.0755,216,1508
52885742,3.35,,25600006,220048.0887,575312.2272,193.0613479,324,2408
52889118,5.74,,25600006,220574.0859,574992.928,136.8031521,283,2206
52889283,5.57,7300,25600004,218467.5981,572903.0608,731.478,276,2396
52890034,0,,25600006,221476.8207,574506.7043,151.9622092,307,2357
53403273,4.16,,25600006,220011.9436,575122.3088,204.539944,261,2096
52890054,3.8,,25600006,221090.6868,574814.2621,167.017779,287,2347
52890127,2.74,,25600007,221101.4752,574448.6693,219.222461,247,1817
52890199,3.66,,25600006,220111.1005,575163.6329,224.0781854,282,2197
52889512,2.93,,25600006,221038.8962,574660.9429,156.034,274,2248
52889628,2.74,,25600003,219217.8988,573328.7898,229.35745,212,1597
52889713,4.15,,25600006,220964.6132,575027.2417,137.4219175,337,2634
52891036,4.06,,25600006,220595.1881,575076.1465,179.7743513,283,2261
52891135,2.52,,25600003,218944.9929,573650.9286,241.3373754,205,1504
52890586,4.87,5300,25600001,220006.0535,574696.6375,1084.6063,200,1430
52890688,8.92,,25600006,221206.8793,574644.5941,152.33865,277,2186
52894408,5.3,,25600006,220303.2945,575563.2535,91.96631568,370,2767
52899243,4.09,,25600006,220282.283,575589.4216,145.27905,369,2759
52905378,5.52,,25600007,221344.7159,573733.3741,153.3517349,290,2230
53408041,14.4875,,25600003,220330.3513,574136.7923,516.5829441,142,760
52920332,3.4,,25600003,219284.0914,573598.1207,408.1673922,128,962
52919754,3.73,,25600005,220731.2994,573509.3332,378.0235295,221,1372
52919777,12.29,,25600002,220008.3441,574234.3114,770.25415,156,1115
52919784,4.52,,25600003,219003.4207,573384.1396,204.1589688,203,1550
52921199,6.23,,25600003,218834.9972,573567.753,215.4570796,233,1645
52921214,6.54,,25600003,218777.6751,573294.9726,225.3094992,219,1759
52920652,5.09,6520,25600004,218435.7197,572898.227,748.82895,278,2464
52920694,3.24,,25600003,219220.2179,573380.1668,158.363591,181,1261
53408815,3.48,,25600003,219095.8787,573424.6913,140.4626441,175,1399
52920927,3.36,,25600003,218835.1885,573434.2676,147.73485,232,1691
53409066,8.45,7300,25600004,219328.6313,573147.8826,1511.2358,192,1531
52922118,3.69,,25600003,219007.3024,573211.2325,156.64374,246,1537
52922134,2.61,5305,25600003,219561.5996,573737.6589,326.8849917,110,680
52922182,3.1,,25600003,219062.545,573293,129.175,246,1689
61063063,4.91,,25600006,219922.3775,575334.444,225.7361406,318,2330
52921652,0,,25600006,220307.8062,574879.1378,209.1456043,293,2102
52921904,6.78,,25600006,220071.7957,575252.9737,103.357418,303,2339
52923034,22.8,,25600003,219417.9284,573736.6968,399.49,136,827
52923049,3.41,6520,25600005,220547.7802,574019.6493,317.8241413,158,937
52923093,8.38,7300,25600004,219301.1982,572952.4268,2554.17015,195,1582
52922677,3.47,,25600006,220023.5803,575227.4288,233.0913114,295,2285
52926548,2.8,,25600003,219300.9554,573475.1137,179.8334507,160,1123
61063078,4.24,,25600006,220139.2806,575454.7291,196.2983194,343,2593
52927746,3.52,,25600005,220941.3645,573036.9146,164.5245,345,2363
52927774,8,6520,25600004,218966.7643,573004.6807,2697.227728,255,2017
52927794,2.59,,25600003,218999.5262,573281.3772,149.24065,243,1661
52927816,2.98,5337,25600005,220556.2697,573092.135,61.99454399,223,1643
52927845,0,,25600006,220353.6844,574856.0544,211.1680846,303,2252
52927856,30.09,,25600001,220037.2907,574529.246,389.787666,189,1252
52927881,7.28,,25600006,220180.4249,574875.7324,262.189017,262,1981
53410103,10.73,,25600003,219683.8815,573701.9998,247.1923,113,595
52927916,13.94,,25600005,220668.0086,573395.1813,288.1379,215,1396
52928028,2.64,,25600005,220589.7295,573277.8704,200.7776,210,1408
52928148,3.57,,25600003,218807.8014,573507.1554,127.857,248,1713
53410158,2.97,,25600003,218977.5975,573267.7826,222.2093192,258,1714
52928236,7.22,,25600006,220878.7546,574806.8967,149.7575,310,2462
52927317,3.62,,25600006,221057.605,574649.88,156.795,271,2216
52927352,0,,25600006,220921.4775,574748.9067,189.9005117,295,2392
52927417,2.58,,25600007,220985.5364,574485.5441,173.7521862,238,1776
52927487,5.87,7300,25600004,218382.9958,572802.6211,2095.587237,248,2387
53410041,5.28,,25600005,221473.999,572947.6886,213.7115995,353,2762
52928657,4.04,,25600006,220451.696,574906.1942,155.0607342,278,2165
52928679,2.96,,25600005,220730.6253,573265.943,217.695,200,1599
52928685,5.8,,25600006,221550.8708,575101.5193,172.8062255,399,3388
52928710,0,,25600006,221199.4388,574955.2428,209.9284232,314,2516
52928736,5.65,,25600006,221456.7181,574757.3431,188.0752216,339,2669
53410259,3.23,,25600006,220963.8107,574896.4225,179.4987395,309,2502
53410260,3.67,,25600006,220408.0184,574855.0165,153.1119696,296,2246
52928802,1.06,,25600006,221616.8066,574733.2497,74.49114575,315,2643
52928851,10.53,,25600001,219487.2694,574424.6111,140.9763429,198,1273
53409406,5.52,,25600003,218782.4522,573559.0874,183.029277,231,1635
53409408,5.24,,25600006,220976.9937,574673.1672,136.5183409,280,2298
52928921,0,5340,25600005,220510.1006,573470.0701,325.0712846,152,1130
52929054,0,7300,25600004,219503.9879,572984.0587,513.2495722,173,1279
64909529,2.46,,25600006,220556.88,574958.488,204.1316736,285,2223
53409449,9.21,,25600001,220280.9484,574593.095,177.88015,206,1453
52929179,4.95,,25600006,220880.3839,574760.1955,124.41765,311,2455
53409464,7.27,,25600006,219960.8917,575146.0118,251.5573858,266,2139
52928362,4,,25600007,221069.2061,573748.4936,179.7856975,246,1759
52928390,13.39,,25600002,220250.4601,574452.7462,513.12475,201,1381
52928391,11.69,5521,25600006,220380.5506,574690.0431,1484.48625,201,1560
52928393,5.2,,25600006,221722.0878,574675.8877,160.497364,325,2719
52928399,5.53,,25600005,221032.1875,572891.6738,202.8080508,303,2448
52928436,10.4,,25600003,219885.9107,573796.6142,302.145,67,400
52928543,11.93,7300,25600004,218761.401,572346.5761,1504.04545,220,2400
52929573,5.8,,25600006,220061.1102,575141.9455,179.6889124,274,2143
52929702,8.26,,25600006,221692.8912,574436.7402,804.3603607,358,2671
52929863,2.32,5600,25600003,219015.3219,573705.5303,70.25524411,170,1348
52929337,4.48,,25600006,220436.7857,574872.9015,239.6773187,296,2247
52929378,3.6,,25600006,221017.9817,574728.7087,162.584888,306,2390
52930925,4.36,,25600006,220580.5753,575063.79,189.623914,280,2239
52931050,11.64,,25600001,220186.9083,574541.1407,537.28455,195,1352
53410555,2.8,5305,25600007,221016.6352,574251.1564,176.6615,206,1518
52930450,0,7300,25600004,219214.486,572041.4928,792.1690695,225,2456
52931479,15.19,,25600005,220607.4322,573385.823,277.9536,203,1343
52931521,3.02,,25600005,220843.574,573332.1879,213.9858835,213,1730
52931534,0,,25600003,218938.9876,573211.6395,222.8656462,271,1794
52931647,5.02,,25600006,220068.5316,575217.1387,126.081043,289,2250
52931874,6.79,,25600006,221050.9678,574969.5863,134.933225,339,2605
53410843,5.29,,25600006,220691.8124,575225.2278,184.1575721,306,2451
52931164,1.32,,25600006,220001.2779,575333.899,210.0144155,319,2372
53410723,8.21,,25600006,220742.7251,575280.9129,142.9702,315,2518
52932468,0,,25600003,218922.2073,573547.683,190.1577935,223,1592
52932492,3.75,,25600006,220031.4724,575305.5044,213.7041467,322,2390
68394831,0,,25600003,218817.3312,573400.8745,288.5880057,235,1703
52932557,6.47,,25600005,221156.823,572815.5109,141.564347,327,2633
52932722,5.47,,25600006,221058.1793,574613.9504,214.6798847,270,2210
52932743,3.3,,25600005,220644.9033,573538.3177,218.0780332,181,1255
53411004,0,7300,25600004,219564.7335,573114.1671,613.126697,140,1089
52932083,2.41,,25600003,218964.8611,573367.807,186.51613,191,1544
52932194,8.4,,25600005,220800.2652,573520.7624,171.0233749,198,1409
52932202,3.6725,,25600005,220575.2855,573522.5588,241.4979942,166,1181
52932270,2.7,5305,25600002,220380.2592,574440.8861,201.6989,235,1652
52932336,4.95,,25600006,220791.5429,575406.8756,162.229728,347,2668
52933445,0,,25600003,219205.8124,573347.2632,157.0953514,217,1619
52933392,6.53,7300,25600004,218634.3851,572879.8475,891.3231139,255,2288
52933404,3.46,,25600003,218829.6885,573499.575,142.068328,251,1741
61063139,3.1,,25600005,220548.7035,573406.1818,291.3527347,182,1296
52933430,4.21,,25600005,221291.3484,573032.7818,150.4318398,323,2584
52933481,3.74,,25600003,218953.8624,573543.3036,133.4236463,219,1588
52933504,0,,25600003,219308.3769,573438.3083,272.3711035,152,1126
53411129,3.27,,25600003,218856.8222,573525.1539,147.9667307,234,1647
52933591,3.4,,25600003,219340.3171,573478.7575,143.7097877,195,1454
52933637,3.33,,25600003,219155.538,573370.8062,135.75747,201,1376
52933664,4.14,,25600006,219911.4977,575260.3877,203.198959,298,2264
52933683,6.25,7300,25600004,218525.3419,572853.9817,625.2654193,274,2359
52933829,0,,25600003,218956.9889,573500.0962,192.5178347,224,1618
52933058,2.81,,25600003,219232.0933,573357.6941,190.6665079,175,1231
64909530,9.73,6512,25600004,219030.7629,572875.0497,2111.251265,202,2120
64807490,4.52,,25600006,219973.4254,575209.7599,245.4168135,276,2194
52933334,2.86,,25600003,219149.2958,573263.6875,319.9494772,221,1657
52933989,6.61,,25600006,221187.6921,574650.9582,114.472832,274,2166
52933991,7.8,,25600006,221735.5566,574472.1351,381.948,355,2630
52933997,3.2,,25600003,219043.0651,573498.6451,249.3122,231,1676
52934668,7,,25600006,220322.976,575525.6678,151.1998,342,2654
52934247,5.64,,25600003,218909.7219,573126.0539,123.7649,260,1899
52934307,2.17,,25600006,220090.1834,575044.8587,151.598992,246,1979
52934381,2.51,5600,25600006,220662.7332,575165.8537,94.63153624,298,2380
52934629,3.19,,25600006,220017.2293,575467.5953,150.3576,428,2924
52934660,8.63,5337,25600005,220598.9571,573025.2345,383.3039,221,1617
52935165,6.96,7300,25600004,219668.65,572991.19,2941.606,135,1134
52935168,6.91,6535,25600004,218855.3853,572975.5949,569.6672117,236,1953
52935467,0,,25600006,220187.005,575649.0765,204.5195436,436,2899
52935473,3.6725,,25600003,218895.9905,573219.186,211.9106208,269,1765
52935502,0,,25600003,219140.5959,573346.7656,238.88212,211,1439
52935527,5.29,7300,25600004,219485.0645,573058.9526,875.610042,172,1296
52935553,3.85,,25600003,219255.9259,573386.316,218.0199739,161,1187
53411390,3.2,5521,25600003,218981.9097,573343.0496,174.2554465,226,1613
52936400,3.2,,25600003,219009.5673,573264.6478,135.613487,248,1681
52936571,3.36,,25600006,220141.3991,575396.0189,319.200771,327,2544
52936600,3.52,,25600003,218897.6416,573365.1597,133.8892205,197,1602
53411677,9.67,,25600006,219903.5079,575276.3384,174.6615,300,2282
53411568,4.65,,25600006,220103.1653,575236.02,166.575432,294,2289
52937393,2.77,,25600003,219183.6845,573386.4344,196.0558773,200,1373
52936889,3.6725,,25600006,220997.0564,574759.8619,130.6739766,315,2427
52938331,5.99,,25600007,220961.7945,574491.6515,213.2483,235,1754
52937819,13.49,,25600002,220212.5785,574488.6578,307.4071,193,1342
52937902,6.01,,25600007,220665.227,574351.8494,404.97765,203,1452
52939101,14.95,,25600005,220673.3524,573322.5524,602.34305,227,1494
52939485,2.52,,25600005,221295.302,573103.6412,134.2119535,305,2512
52938864,4.04,,25600005,220575.038,573746.1395,154.2823125,154,975
52938867,0,7300,25600004,219288.7765,572741.7853,202.2627068,206,1732
52938910,6.73,,25600003,218854.6659,573662.3529,146.4629588,197,1513
52939958,2.88,6520,25600002,220125.7381,574314.4346,113.9366268,253,1849
52940311,9.14,7300,25600004,219401.2197,572995.9199,2519.59935,163,1413
52940368,3.89,,25600003,219007.3556,573660.0517,240.4870192,197,1461
52941130,6.01,,25600006,220684.9645,575206.5018,195.2801298,303,2428
52941145,7.45,,25600006,220393.8639,575387.1701,466.5268231,328,2520
53412498,3.73,,25600006,220219.4457,575275.0726,190.8722252,304,2403
52941278,3.58,,25600006,220178.8702,575307.0473,209.7055434,309,2438
52940647,3.56,5600,25600006,220040.2046,575593.943,150.00795,409,2804
52940699,7.86,,25600006,220337.9784,575513.4327,225.1869,344,2669
68394837,6.77,,25600003,219198.7311,573297.6128,239.9705868,206,1590
52940721,2.78,,25600005,220654.0253,573263.0111,210.6739439,219,1450
52940744,3.6725,,25600005,220668.6579,573545.9913,220.9502833,188,1277
53412414,5.52,7300,25600004,218565.0701,572931.1544,593.62,292,2314
52941844,3.15,,25600003,218852.1653,573496.358,137.225368,246,1717
53412658,3.6725,,25600006,220395.907,575350.6643,467.4368415,328,2521
52942169,3.6725,,25600003,219227.5877,573446.2935,186.9673567,192,1455
52942200,6.21,7300,25600004,219607.291,573058.7477,720.651914,146,1138
52942210,0,,25600005,220788.5942,573544.8365,277.2533412,196,1382
53412546,2.8,,25600006,220501.2342,574830.5741,205.4732691,297,2257
61063199,4.75,,25600006,221548.0374,575001.6591,198.1572626,344,2937
52942877,3.8,,25600006,220000.0569,575149.149,177.188766,264,2127
53412800,3.86,,25600006,221202.9744,575095.3902,155.3251205,389,2873
52942941,7.01,,25600006,221331.9819,574853.0872,157.9592,353,2801
52943068,11.02,,25600001,219577.9413,574437.0187,747.8702921,135,1007
52943315,12.3,,25600006,221567.3621,575049.4313,125.3713099,347,2965
52943375,0,7300,25600004,219016.5332,572790.6084,7291.763226,188,1813
52942450,2.96,,25600006,221355.4485,574922.2054,74.89227913,362,2870
52942489,2.56,,25600006,220680.2752,575050.2395,186.8959642,301,2341
52943819,0,,25600006,221083.5523,574950.284,181.6456239,329,2559
52943827,3.71,,25600006,221433.9933,574448.3452,256.1189928,300,2310
61063206,1.42,,25600006,220692.2332,575140.682,217.4344809,297,2372
52943879,2.57,5305,25600003,219848.125,573870.5,224.8685,87,473
52943889,5.41,,25600006,220145.1757,575132.8598,221.937,285,2218
53413191,3.6725,,25600003,219069.0772,573230.0749,203.369537,241,1745
64807288,4.41,,25600006,221395.1268,574895.8939,197.8109134,361,2865
52946031,10.91,,25600001,219534.7232,574305.1111,145.7123118,172,1079
52946148,10.5,,25600001,219525.1922,574246.6874,155.0419223,185,1063
52945301,4.25,,25600006,220926.1693,575032.8878,194.4686554,338,2640
53413228,3.03,,25600006,221419.4017,574708.0142,188.940912,318,2597
52945431,12.11,,25600001,219205.7969,574173.9576,258.3390326,227,1622
53413461,6.12,,25600003,219020.8885,573745.2115,176.66131,167,1332
52946649,8.26,,25600006,220111.0755,575035.0074,185.9425642,244,1956
53413472,8.47,5600,25600006,220433.8089,574593.065,849.0077835,290,1860
52946717,4.27,,25600006,220986.323,574930.6921,149.151,307,2491
52947006,13.27,,25600002,219811.5584,574041.6224,745.00675,110,740
53413548,0,,25600007,220834.3913,574505.4463,208.7473099,221,1632
52947110,0,,25600006,221530.8819,574622.0807,108.8822583,300,2503
52947166,11.82,7300,25600004,219798.901,573442.5627,6498.3467,124,843
53413561,8.09,,25600006,220925.7504,575143.4466,118.4317,361,2751
52946236,6.23,,25600006,221422.6813,574992.7979,104.71945,380,3027
52947691,6.08,,25600006,221720.9213,574889.1738,158.2951124,353,2860
52947694,5.7,,25600006,221426.6731,574937.4375,97.81613413,376,3044
52947662,29.62,,25600001,219272.1776,574446.1286,392.572263,221,1606
53413669,3.86,,25600006,220149.8182,575506.463,179.3009965,344,2634
52947815,0,,25600003,218927.8505,573342.5108,166.2747368,196,1595
52948087,8.66,,25600006,220968.7732,574938.8823,131.0098713,320,2545
52947374,5.63,,25600006,220737.086,575389.6924,168.275504,341,2652
53412928,3.98,,25600006,221649.5563,574661.2929,211.9691423,318,2656
52948597,4.27,,25600006,219947.0938,575177.2655,204.0860139,273,2173
52948762,3.47,,25600005,221307.508,573070.3832,175.8768791,308,2542
52948276,3.4,,25600006,219980.7601,575521.5545,165.5172704,432,2917
52949092,0,7300,25600004,219133.0042,572808.7548,1052.96062,168,1686
52949161,5.26,,25600006,221361.5681,574659.6717,255.3311491,371,2797
52949204,6.44,,25600006,220868.5435,574860.9539,148.599576,315,2506
53414056,7.86,,25600006,220341.3933,575527.3382,151.9091115,345,2672
52949433,6.43,,25600006,221499.8113,574512.1002,158.0348256,310,2377
52949477,5.89,,25600006,220966.1525,575003.0768,127.94105,333,2609
53413103,3.34,,25600006,221050.4922,574999.5734,200.9573938,343,2656
52949741,3.8,,25600003,219024.7172,573299.2308,152.7237815,243,1660
52949792,5.09,,25600003,218793.3252,573579.9403,195.5850163,220,1610
53414148,3.32,,25600005,221015.1925,573241.2816,209.591768,262,1922
52950477,9.04,7300,25600004,219393.3672,573118.6097,2567.175671,169,1425
52950734,4.18,,25600006,221606.8094,574747.4843,168.7422945,316,2661
52950070,5.5,,25600006,219992.75,575614.5,114.8134,427,2877
52951260,0,5151,25600004,219732.4455,573071.0556,327.9268085,119,961
52951737,5.38,,25600006,221411.9228,574632.5783,211.5424765,379,2865
52951775,0,5900,25600003,220003.1369,573849.3711,1244.053473,103,392
52950950,3.86,,25600005,221364.3422,572683.4171,225.2939848,351,2850
53414246,6.48,,25600006,220206.6194,575653.977,148.1012,441,2919
52951198,6.19,,25600003,218752.571,573419.403,203.205,238,1880
52951205,4.65,,25600007,221124.1455,573664.2484,101.502386,256,1860
52951216,13.74,,25600002,219470.5442,574019.9936,254.04195,163,1132
52952184,5.82,,25600006,221066.7606,574733.3875,183.942189,293,2356
52952268,12.4,,25600003,220386.721,574296.7137,453.8001,195,1164
52952350,0,,25600005,220486.8242,573479.9307,294.7743241,151,1115
52952364,2.83,,25600005,220447.6935,573451.9,312.915966,153,1133
52952574,5.93,5601,25600004,218513.65,572987.595,676.042,300,2498
52952692,3.29,,25600006,220052.6657,575166.6015,112.532346,284,2216
52952656,3.22,,25600006,220536.4561,575031.1157,196.9609621,275,2185
52952679,9.97,,25600003,220283.3152,574018.4923,1311.69035,97,627
52952680,6.42,,25600007,221276.5836,573975.0165,123.0157125,359,2610
52952718,3.05,,25600003,219244.6872,573454.954,227.6468974,163,1145
52952125,2.64,5337,25600005,220553.3756,573084.0078,70.16593076,223,1643
52952144,11.91,,25600002,220149.234,574245.2274,867.3298,154,872
61063252,0,,25600005,220800.5759,573368.4562,724.9978991,253,1526
52953159,3.74,,25600003,219176.2858,573333.6039,226.4478035,218,1624
52953229,0,,25600003,218755.9719,573374.7343,217.6871355,231,1836
52953551,6.45,,25600006,221489.0705,574854.3918,180.7099657,377,2871
53413840,3.36,,25600003,219083.8175,573259.2842,130.676595,218,1446
52953588,7.22,7300,25600004,219608.0875,573188.965,1066.1209,137,1075
52953664,3.07,,25600005,220829.5154,573461.8196,296.4014959,205,1475
61063256,3.6725,,25600006,220310.9103,575381.4166,222.0089665,309,2437
53414612,4.28,,25600006,220708.2955,575172.9683,135.7844891,300,2406
52953110,9.2,7300,25600004,219222.5655,573066.5416,2665.16395,215,1622
52954126,3.58,,25600003,218984.6926,573249.2868,140.8280405,263,1733
61063258,0,,25600006,220332.9237,575345.8643,271.0965225,314,2458
52954185,14.43,,25600005,220679.1665,573372.5303,291.1122,219,1421
52954196,2.57,3600,25600006,220240.7867,575379.3239,98.34402601,306,2445
52954474,13.69,,25600001,220204.3543,574599.0129,588.0224,200,1454
53413986,8.18,,25600006,219996.6434,575078.1151,204.1830848,257,2068
52954544,8.16,,25600005,221276.271,573113.7006,179.592376,304,2495
52954548,2.73,5521,25600005,220525.4102,573467.6057,176.3989,153,1136
52954572,7.39,,25600005,221500.5024,572981.9117,186.1276745,358,2785
52954596,0,,25600006,220730.7811,575422.8216,195.4217469,343,2666
52954597,6.99,,25600006,220703.612,575263.8108,164.9885181,311,2491
52954636,0,,25600006,220217.4229,575308.7382,204.6944008,304,2404
52953832,6.05,,25600006,221412.9656,574445.3786,138.415264,297,2290
52953932,4.91,,25600007,220967.8315,574446.613,202.1168841,238,1772
52953986,6.16,,25600006,220076.4299,575599.3539,165.7274824,406,2784
64807372,15.09,,25600002,219949.1484,574293.7288,554.8812858,145,1036
52955033,4.8,,25600006,221184.1639,575031.7374,140.1275,340,2637
52955050,8.65,,25600005,221183.2247,573169.4888,126.4895,320,2537
53414984,4.97,,25600005,221345.8839,573046.2534,164.82,328,2587
52955182,2.74,,25600003,218815.258,573437.5383,205.9266795,236,1711
52955186,0,7300,25600004,219602.2533,573110.8932,924.8202792,137,1077
53414998,3.21,,25600003,219113.6975,573269.5467,147.9911605,216,1439
52955249,3.6725,,25600003,219320.6868,573476.633,155.4192999,190,1434
52955433,11.44,,25600003,220424.8152,574275.6316,679.2654,196,1188
52955469,10.52,,25600001,219574.0742,574309.2471,158.4971,157,1024
52955603,0,,25600003,219159.5067,573310.2211,214.6099521,203,1398
53414926,5.16,7300,25600004,218475.0951,572854.2697,762.0666,267,2349
52954939,17.51,5337,25600005,220653.5997,573045.7616,495.0695977,205,1581
53414955,14.41,,25600001,219418.0588,574134.055,178.7069441,268,1497
52954979,6.02,,25600003,218923.7393,573712.8199,170.829838,182,1431
52954994,3.41,5305,25600003,219514.9,573766.8417,306.4584384,148,958
52954995,5.82,,25600007,221206.4644,574030.3742,185.8328377,254,1901
52955013,12.4,,25600002,219764.8075,574179.1149,1196.6207,94,671
53415156,3.84,,25600006,219917.6125,575368.1593,229.6007702,322,2365
52956173,3.99,,25600003,219016.7533,573523.1765,143.613,233,1683
52956176,3.06,,25600005,220697.7724,573426.9439,284.9851417,213,1379
52956185,3.35,,25600005,220904.3524,573349.5328,134.1365445,220,1786
52956376,0,,25600003,218897.1969,573501.3767,219.7934686,234,1668
52956338,2.95,,25600005,221128.5131,572885.8955,184.8807228,308,2530
52956390,2.8,5521,25600007,221021.3246,573917.5153,115.4778731,240,1805
52956442,10.81,,25600001,219618.9202,574257.7021,140.5721,180,1043
52956496,6.84,7300,25600004,219556.9168,573037.4035,721.84465,154,1194
52956523,0,,25600005,221319.0655,573085.4721,174.1189744,308,2544
52956558,3.57,,25600003,218851.686,573327.1279,127.3,202,1662
52955839,0,7300,25600004,219630.3331,572952.5065,3070.863859,135,1135
52955924,4.47,6535,25600005,220242.3714,573918.0176,107.8029,153,1034
52957154,14.91,,25600005,220632.3404,573303.5897,630.7478,218,1449
52957267,0,7300,25600004,219976.3068,573510.4202,629.4227998,65,450
52957333,5.84,,25600007,221208.3365,573916.2391,202.805,268,2009
52957336,10.54,,25600003,220303.0325,574240.9559,488.35965,186,1103
52957349,5.43,,25600005,221204.41,572982.7433,148.537558,292,2398
52957441,11.76,,25600001,219220.9238,574192.8875,284.7898247,234,1661
52957402,3.14,,25600003,219129.0484,573407.4082,229.656,197,1270
53415390,10.35,,25600005,221197.3092,573090.6571,228.694627,293,2440
52957433,7.41,,25600005,221264.274,573099.5846,171.2404595,303,2491
52965496,3.78,,25600006,220508.0698,575008.2814,133.296,268,2147
52966770,13.21,,25600002,219519.722,573953.813,535.5478,164,1244
52966787,15.23,,25600001,220019.1817,574764.6564,345.51195,236,1718
52967402,2.53,,25600003,219014.2157,573316.5625,136.9248926,238,1640
52970077,0,7300,25600004,218581.1835,572865.2326,676.2307145,286,2415
52973231,3.34,,25600007,221181.4989,573653.3161,154.7329464,260,1899
52974662,11.2,,25600003,219897.7682,573898.1688,884.76085,87,371
64807579,3.6725,,25600007,221331.9915,574173.252,389.3640516,327,2374
52974665,5.08,,25600007,220900.5867,574252.8827,278.6979375,196,1461
52974943,11.07,,25600003,219599.6856,573714.9237,133.716,105,654
64807568,5.83,,25600007,221314.2928,574234.788,249.360875,309,2308
52976775,3.61,6512,25600004,219941.5766,573580.7131,631.68925,195,2091
52979169,9.4,7300,25600004,219550.1779,573196.2072,2183.90315,141,1103
52979261,11.77,,25600001,219242.0347,574208.4854,208.8137984,240,1690
52980478,4.78,,25600006,221186.9757,575050.1451,156.3248998,343,2655
52980931,0,,25600006,221796.1618,574416.4128,574.6450794,361,2629
61063334,2.78,,25600006,220629.3197,575055.592,213.7427953,295,2299
53419156,10.59,6512,25600003,219998.1507,573926.984,1263.770279,97,376
52981870,0,,25600006,220369.1342,574865.5348,203.1803084,300,2235
53418898,14.4875,6512,25600003,219989.752,573992.2303,4498.199693,125,669
52982310,25.3,,25600001,219516.4499,574507.3903,385.1955,146,1104
52982740,7.64,,25600006,220016.8935,575197.3075,160.5201115,281,2195
52982827,29.36,,25600001,219271.9062,574413.0565,364.3625875,227,1625
52983005,5.84,,25600003,218767.1526,573520.5383,161.7030967,235,1673
52983015,2.76,,25600006,220672.9377,575106.824,203.8893271,293,2335
52982571,6.73,,25600006,221590.1322,574430.2377,132.1957,295,2393
53419990,15.45,,25600001,220050.9799,574749.5838,305.11785,208,1535
53419991,4.11,,25600003,219061.3585,573535.1059,322.2298663,238,1710
52983905,8.27,,25600006,221804.0392,574443.4781,365.9429,361,2628
52983910,11.2125,,25600002,220327.1412,574396.5705,811.4786804,189,1181
52984307,4.96,,25600005,221087.8782,572856.2507,169.1619195,308,2526
52984257,3.09,5305,25600006,220570.8286,575011.7828,147.292984,276,2200
52984422,10.84,,25600003,219617.0195,573702.091,146.9685,89,586
53420190,6.96,,25600006,221595.9711,575012.6431,160.7183135,343,2924
52985285,12.3,,25600002,219759.7947,574035.904,726.07845,115,706
52985423,14.09,,25600005,220802.7998,573259.4443,459.1445,206,1659
52985908,3.6725,,25600003,219115.4909,573433.6174,175.7071143,173,1380
52985950,3.7,,25600003,219045.5195,573265.386,138.2789432,253,1700
53420889,11.41,,25600001,219576.4248,574241.6494,140.58015,178,1028
52991440,10.5,,25600001,219490.1919,574204.0527,159.545505,293,1517
52992627,0,,25600006,221423.6475,574576.1465,147.6514587,287,2376
52993533,0,,25600003,219023.6137,573391.579,305.5746124,184,1479
52993638,7.11,,25600005,220513.6936,573708.3656,379.9514033,151,988
64807594,11.17,,25600005,220588.67,573645.1434,580.1813377,162,1130
52994520,3.08,,25600005,220757.3882,573355.4469,228.1068718,258,1554
52994773,13.58,,25600005,220589.8645,573365.0083,295.9474,206,1364
61063365,3.2,,25600005,220741.1725,573396.3962,283.8856431,244,1480
53421773,7.6,,25600007,221273.0698,574342.4827,150.228,265,2136
52995379,4.2,,25600006,220585.6241,574980.3378,187.05267,285,2223
52995790,6.58,,25600003,218999.9238,573743.4945,142.5357739,170,1348
52994951,3.03,,25600003,218781.1566,573273.2005,235.09055,211,1751
52996200,5.47,7300,25600004,218472.9523,572794.7164,847.14682,238,2292
52996234,0,,25600006,221615.109,575025.1472,117.474189,389,3311
53422164,2.9,5000,25600005,220275.3729,573793.6239,169.6325,151,820
52996363,11.12,5337,25600005,220587.6032,573137.4628,170.0597,222,1636
52996367,7,,25600003,218752.0825,573397.6282,219.10695,233,1849
52996439,3.6725,,25600003,218952.3524,573189.8135,148.8115592,274,1820
53421372,0,,25600006,220429.7023,574826.0309,152.0696308,301,2282
52996142,7.22,5521,25600001,219239.2037,574150.0814,377.3335661,216,1559
52997131,5.39,,25600007,221440.4151,573733.4402,156.0540355,296,2297
52997112,5.74,,25600006,221732.2789,574922.9959,183.7898961,370,3178
52997113,8.39,,25600006,221472.4897,574921.986,153.9175,382,2915
52997360,4.16,,25600006,220368.5905,575458.1224,144.139138,335,2574
52997454,6.65,,25600003,218980.368,573737.2991,150.6297802,173,1374
53421442,2.09,5305,25600005,220588.3492,573680.4379,134.068659,163,1136
52997098,8.63,,25600006,221004.6925,574923.2803,139.03242,306,2481
52998079,2.91,5202,25600005,220735.3592,573677.035,306.0889031,187,1286
52998575,8.42,,25600007,221352.8023,574270.8203,126.1783297,295,2269
53422580,2.32,5305,25600002,219603.7157,574058.5075,275.0016086,161,983
52999509,14.2,,25600005,220850.4738,573282.4735,440.426594,211,1712
64807643,8.96,,25600001,219323.0589,574468.8538,829.0224582,250,1753
53422746,4.7,,25600007,221267.3412,574212.4072,148.9615896,283,2270
52998701,3.29,,25600003,218855.7874,573398.522,138.7195031,228,1668
53000118,6.54,,25600005,221353.3258,572872.1597,166.3256441,314,2572
53000151,13.6,,25600002,219961.2006,574335.8406,393.223711,247,1930
53000216,5.33,,25600007,221123.7507,573759.8649,263.5723224,248,1777
53000441,0,,25600003,218815.7485,573375.4043,190.8930864,242,1858
52999594,6.3,,25600003,218752.6805,573439.8449,209.12625,239,1891
53422778,22.47,,25600002,219690.52,573982.1484,333.7455,112,752
52999880,10.64,,25600001,219514.7988,574469.9621,182.483,188,1210
52999902,3.75,,25600006,220997.1711,574869.3972,216.0063404,302,2448
53422821,2.75,,25600003,218919.4337,573245.0827,172.876819,268,1755
53001105,0,,25600006,220261.6018,575327.7856,243.0126275,291,2370
53001150,2.84,,25600003,218887.0984,573265.8909,204.3420625,256,1735
53000531,2.75,,25600007,221016.3118,574007.9427,135.299175,226,1678
53001962,14.22,,25600002,220073.9766,574321.9975,627.982032,259,1875
53008075,3.35,,25600006,220221.1608,575205.3434,130.142871,289,2289
53009821,4,,25600003,219075.2124,573380.3808,139.783608,238,1669
64807678,7.86,,25600006,221475.4333,574657.2687,187.0223073,308,2514
53013522,3.84,,25600007,220878.2415,574063.1744,172.9434447,203,1429
53013599,4.07,,25600003,219238.5517,573409.1558,134.88755,210,1567
61063420,11.28,,25600005,220632.9241,573654.2724,575.3495279,171,1176
53013036,5.09,,25600006,221477.9495,574871.6208,203.3669788,380,2893
53425170,8.77,6512,25600004,218944.3592,572870.5126,1181.856585,286,2015
53014070,5.52,,25600003,218763.1246,573500.477,229.3708,237,1689
53014163,5.42,,25600007,221206.6371,573937.5058,150.222648,265,1988
53014509,6.89,,25600003,218754.5049,573460.5089,221.24135,244,1918
53014464,3.41,,25600003,219036.6825,573283.4784,228.5632734,248,1680
53013840,6.06,,25600006,220954.7235,574774.3257,157.0299,309,2432
53013923,3.43,,25600003,218936.1838,573413.4328,131.909165,213,1594
53013992,5.9,,25600006,221669.7551,574675.7619,295.0954857,322,2696
53425342,3.83,,25600003,219094.1385,573242.2337,137.3992324,238,1717
53014010,2.49,5337,25600005,220552.8236,573100.3146,52.72404,223,1643
53014012,3.23,,25600003,218855.0606,573369.4827,114.26915,246,1888
53425529,6.91,,25600005,221195.6655,573140.1271,185.1819605,315,2511
53015108,0,,25600007,221012.8932,573933.5579,227.3865724,217,1571
53015318,9.74,,25600006,221722.8793,574836.3461,192.1637276,340,2870
53425583,3.6725,,25600003,218964.4446,573328.8748,166.1034743,235,1635
53015542,5.47,,25600007,221093.6235,573716.7578,144.0563524,250,1799
53425482,2.82,,25600006,221384.2613,574875.6132,161.033809,358,2838
53014827,6.97,,25600006,221419.9299,575020.975,209.1980849,386,3056
53014880,3.5,,25600003,219137.4642,573283.9099,268.0013565,201,1387
53425497,3.31,,25600003,219004.4451,573505.8767,131.2275,229,1660
64807922,4.77,,25600006,221165.8644,574982.202,174.429375,318,2548
61063437,2.02,,25600003,219058.8245,573372.4933,224.7336658,236,1651
53015967,6.59,5001,25600005,220254.4365,573818.0391,222.27535,122,704
53424829,11.53,,25600003,219763.8209,573933.1114,213.31155,102,658
53016075,3.87,,25600007,221042.5484,573801.6487,167.9957649,240,1700
64807910,10.79,,25600001,219551.1195,574426.7862,192.221522,164,1042
53427002,14.89,5740,25600001,219446.1312,574116.1627,160.0768865,316,1622
53023361,6.47,,25600005,220484.9435,573730.5199,199.340864,169,1035
53023384,11,,25600003,219633.3387,573828.6812,294.7118,127,886
53023642,3.14,5000,25600005,220269.8488,573728.7789,88.74072221,151,820
53023663,5.48,,25600007,221390.5645,574167.8489,151.1466387,329,2387
53023803,4.43,,25600007,221176.6061,573674.9911,165.1070946,258,1878
53024354,11.56,,25600002,220064.1514,574248.3796,774.3296,154,874
53023848,0,,25600005,220704.3576,573622.0474,285.4434146,179,1238
53024578,8.34,,25600007,221243.1287,573839.0044,106.6992231,275,2087
53024584,2.47,,25600003,219077.5725,573616.1694,183.8282,219,1560
53024589,5.42,,25600007,221095.5581,573788.6524,173.594192,244,1738
53024594,12.24,,25600002,219810.7121,574099.6831,666.04565,83,580
53024618,3.12,,25600003,219375.2849,573672.0824,242.411586,106,819
53024086,3.03,5000,25600005,220291.306,573779.3426,97.64234999,151,820
53025541,4.56,,25600007,221212.2804,573895.4585,142.864272,269,2028
53025557,3.64,,25600003,218933.2925,573669.5683,152.1606367,200,1485
53025065,10.59,,25600003,219572.3058,573788.2945,139.7167,130,901
53025103,5.44,,25600003,218870.7483,573675.1258,210.5266,195,1493
53026649,2.93,,25600003,218943.9353,573584.6922,224.9414516,216,1558
53426605,5.91,,25600007,220865.0969,574215.6061,153.076435,184,1374
53025950,10.2,,25600001,219636.0948,574267.5989,163.92765,183,1063
53426632,12.33,,25600003,219792.3069,573774.5204,1591.4182,69,388
53027225,3.81,,25600003,219299.7773,573622.6154,403.32755,126,949
53027471,0,5340,25600003,219207.2548,573742.1279,979.0028825,132,1049
53027511,3.51,,25600007,221267.3637,574229.9493,145.9003042,314,2338
53026977,3.27,,25600003,219694.1874,573638.2806,515.7198265,221,739
53028250,12.26,3601,25600005,220209.1855,573874.0702,174.0282705,139,757
53028301,8.2,,25600007,221223.3117,574290.7453,233.4028282,273,2191
53028396,10.68,,25600001,219556.2872,574386.6007,141.8445105,162,1033
53029258,4.72,,25600007,220963.5965,574116.1149,133.1743604,208,1557
53428073,15.21,,25600001,219304.2046,574216.7252,232.04335,232,1339
53028789,24.53,,25600001,219389.3015,574167.2373,353.038,262,1459
53028795,2.74,5305,25600003,220188.9313,574054.8717,103.7701,152,759
64807890,13.61,,25600002,219623.2158,574103.6466,330.7876655,157,968
53030194,11.45,,25600002,220224.0292,574315.4941,828.4793485,169,994
53030326,3.53,,25600007,221323.8304,574005.8418,188.1639161,363,2571
53030396,10.51,,25600001,219548.6102,574364.2709,179.78705,161,1021
53029843,10.87,,25600003,220194.6977,573948.9642,414.1989,82,510
53029860,22.82,,25600003,219499.2941,573668.2034,384.45,123,752
53428637,6.1,,25600005,220818.002,573389.2516,166.5877355,211,1536
53032483,7.73,7300,25600004,219482.9199,572748.3673,423.0375,184,1536
53427640,6.88,,25600006,221153.3335,574877.6509,147.888363,302,2441
53034349,4.2,,25600007,221355.93,573719.724,97.00159301,291,2248
53429046,9.21,,25600001,219283.6732,574230.8174,232.342639,248,1737
53037996,5.29,,25600006,219983.0736,575184.2066,202.45745,273,2166
64807795,11.87,,25600001,219613.3493,574391.7269,607.4572363,143,955
53038917,5.9,,25600003,220233.3534,574044.0931,296.4329563,133,734
53038616,25.67,,25600001,219234.0497,574100.2008,362.1641747,209,1527
53039478,10.93,,25600003,220172.9688,573985.6386,425.89,145,730
53039498,8.78,,25600001,219262.0654,574219.5602,210.0138431,244,1713
53040437,3.66,,25600003,219278.1659,573675.6211,462.2776665,130,1034
53041364,0,,25600003,218914.4951,573623.0411,193.7803095,209,1523
53040913,6.89,,25600005,220829.4409,573672.7015,209.897998,211,1387
53042405,8.01,,25600007,221323.3223,574363.3332,151.5186473,276,2181
53430431,4.16,,25600006,220066.5187,575175.3065,221.843905,286,2232
53430438,2.97,5600,25600005,220458.1631,573761.7993,140.8154828,166,1017
53042669,3.56,,25600003,219039.0463,573363.9799,149.099821,224,1629
53043431,15.16,,25600001,219273.2727,574162.8692,274.0996684,219,1296
53042955,2.85,5521,25600006,220437.5714,575184.106,106.97438,298,2345
53043845,12,,25600003,219609.7504,573675.5918,306.3296,162,1380
53043783,13.61,,25600003,220158.6608,574094.4873,321.458,131,672
53045252,2.22,,25600007,220902.3403,574102.0568,130.029179,187,1369
53045367,6.34,5300,25600003,220383.1267,574167.049,352.4478365,194,1136
53045585,6.96,5330,25600003,219342.645,573725.315,335.5843,112,878
53044716,7.18,5900,25600007,220923.7631,574208.4492,150.19755,198,1457
53044785,8.78,,25600001,219334.1611,574370.1538,156.0017971,251,1725
68394634,3.87,5370,25600003,219631.0802,573784.6531,421.1065404,103,661
53048109,6.38,,25600006,221298.5783,574671.4179,226.0861598,366,2755
53049070,7.59,5310,25600003,219487.2769,573760.7211,283.8231,153,990
53050119,6.62,,25600003,218960.7431,573730.4253,161.765393,175,1395
53432009,8.37,,25600007,221281.5911,574380.3675,158.6266,259,2093
53052959,10.49,,25600001,219472.1534,574234.2448,143.8175127,285,1499
53052321,11.66,5305,25600003,219850.1182,573829.6338,195.44885,86,471
53053163,3.71,,25600007,221071.8393,573999.4606,214.1106726,230,1708
53053274,10.07,5700,25600005,220286.6298,573823.8954,704.6740766,124,698
53053671,22.65,,25600003,219503.2495,573722.6017,395.4874664,122,748
53054262,3.66,,25600005,220570.0273,573724.8867,555.4270114,154,975
53054625,4.92,,25600007,220958.028,574268.6642,161.0779274,198,1470
53054751,25.77,,25600001,219677.5972,574268.3521,630.9152813,162,1040
64807947,6.36,5301,25600003,219688.3449,573773.645,424.5155728,78,498
53054108,2.94,,25600007,220950.8843,574370.8531,108.5654746,245,1703
53054225,6.94,,25600007,221355.7245,573783.6387,186.3355421,287,2203
53055506,14.94,,25600001,219653.1157,574308.2309,551.9344275,154,992
53054976,3.32,6520,25600004,219838.2516,573572.1665,166.1619,173,567
53431770,0,,25600003,218937.7227,573563.8414,240.57362,220,1577
53056420,3.18,,25600007,220937.9744,574270.6096,180.49515,196,1463
53056422,4.81,,25600003,218886.1155,573688.8788,167.614554,193,1475
53056423,3.6725,,25600006,220599.1528,574964.186,226.0360288,288,2243
53055977,7.22,,25600005,220871.9817,573635.9135,146.023506,221,1438
53057348,14.49,,25600003,219430.4511,573779.0231,305.372586,142,857
53433065,2.68,,25600005,220648.5369,573583.5216,238.7100441,186,1265
53056787,3.96,,25600006,220123.5687,575127.8007,182.3884,282,2196
53056788,6.93,,25600006,221623.3586,574441.8726,198.03717,299,2426
53056844,3.28,,25600007,221115.6022,573683.4754,152.5648305,254,1839
53056845,0,,25600003,219030.3838,573683.1097,155.7850901,239,1628
53056904,10.92,,25600003,219604.5265,573852.3323,436.2851,120,852
53058138,5.19,,25600003,218903.295,573700.3361,175.859224,187,1455
53433254,10.43,,25600001,219507.6276,574174.5082,151.7313155,193,1086
53057904,5.93,,25600007,220936.3936,574052.6471,130.4659,196,1430
53433165,3.14,,25600007,221210.7893,574054.0656,130.025,252,1877
53059369,14.54,,25600001,219339.5054,574166.4215,161.28,259,1438
53059393,3.92,,25600007,221268.2066,574282.3704,156.7303928,275,2201
53059526,4.77,7300,25600004,218938.3974,572803.9624,134.3403155,174,1788
53058893,23.02,,25600002,219352.591,573836.9553,348.70145,155,1127
53058871,10.71,,25600003,219618.017,573885.0768,299.24075,100,762
53433341,14.4875,,25600003,220279.5384,574106.4845,526.5419602,138,748
53060140,10.66,,25600001,219489.2727,574224.4301,147.1233063,287,1506
53060289,12.25,,25600001,219347.5171,574110.2403,234.7019075,185,1221
64808037,14.06,,25600001,219626.7857,574338.1169,495.464913,146,968
53060995,11.14,,25600003,219651.6413,573890.996,286.2371,97,728
53061182,4.99,,25600007,221302.8095,574004.4248,141.9643359,355,2583
53433656,3.35,5000,25600005,220286.8599,573730.0126,88.66503002,151,820
53061599,2.9,5305,25600005,220574.3224,573679.1526,69.452425,153,999
53061752,0,5000,25600005,220259.0077,573741.2524,126.6640577,151,820
53063193,10.05,,25600003,220318.8807,574214.6454,466.74815,194,1136
53063344,3.73,5305,25600002,220279.1872,574385.1698,306.56185,190,1049
53062622,8.09,,25600007,221316.0461,574340.3383,163.1065,279,2202
53063816,3.6725,,25600003,219057.8542,573702.6558,237.7520286,241,1637
53064064,8.26,6520,25600004,220022.3778,573574.614,731.3112399,108,569
53064814,8.15,,25600007,221301.8045,574370.9296,144.957,344,2659
64807972,13.55,,25600002,219717.6816,574160.3819,337.4362495,143,834
53065832,3.6725,,25600007,220997.1824,574159.8045,170.0153322,206,1531
53434481,3.16,6520,25600007,220542.7318,574369.8744,276.27885,174,1305
53065347,5.71,,25600007,220759.3223,574056.7587,143.301579,173,1189
53066710,2.89,,25600007,221142.2334,573723.7219,166.335627,252,1818
53066743,4.38,,25600007,221207.2473,573619.4412,272.1709774,264,1941
53070097,2.88,,25600003,218856.2726,573563.0702,236.3044948,235,1651
53071451,2.64,5740,25600002,219578.5391,574103.0871,119.2467,128,947
53437224,22.74,,25600003,219556.3578,573676.7616,404.2870718,115,709
53082141,23.47,,25600001,219383.7461,574207.0379,378.4627342,261,1408
53082214,14.94,,25600007,220542.0829,574159.1933,366.077407,150,981
53081613,2.7,5305,25600003,220358.4416,574156.2837,184.4517539,194,1136
53087338,3.31,,25600003,218975.76,573475.4588,124.737617,221,1616
53087458,10.62,,25600003,219548.4631,573773.6988,286.027935,143,922
53087251,4.88,,25600006,220845.1227,574861.0669,118.83045,346,2621
53088508,22.17,,25600002,219483.5272,573892.4429,342.3075,141,1133
64808278,13.53,,25600002,219437.796,573885.7389,521.8084395,154,1096
53088117,2.83,5305,25600003,220285.6174,574150.945,366.7350762,184,965
53089158,3.6725,,25600003,219091.1244,573304.0178,163.9706138,248,1695
53089308,3.35,,25600002,220026.6691,574352.8906,769.9636719,271,1967
53088911,25.02,,25600001,219463.0768,574359.8956,358.832284,214,1324
53090029,8.37,,25600007,221311.8119,574295.8542,162.374676,292,2243
53091634,5.87,,25600007,220809.9543,573951.4734,139.052256,223,1551
53091702,4.64,,25600006,221546.9104,574493.0695,140.208789,315,2415
53091769,10.65,,25600003,220253.1692,574091.9156,508.228211,182,958
53093097,6.51,5000,25600005,220244.9002,573758.34,371.09235,128,589
53093206,2.58,5305,25600003,219673.625,573841.155,289.4672,110,735
53094198,3.31,,25600007,221032.7638,574366.5074,167.3076875,233,1641
53094244,0,5202,25600003,219072.3456,573783.3085,671.4499566,188,1551
53097351,3.16,,25600003,219018.0851,573467.647,178.74835,225,1641
53102672,0,,25600007,220861.5672,574098.2938,141.5950324,184,1352
53440312,10.47,,25600001,219495.4383,574454.5757,151.1860708,193,1242
53102170,3.6725,,25600006,221534.0164,574677.1099,158.8304765,302,2520
53440469,0,7300,25600004,219179.605,572747.4233,409.789539,210,1840
53104102,5.28,,25600006,221537.6611,574704.3218,218.645,394,3035
53104988,0,,25600007,221082.9361,573953.3206,244.380376,233,1745
53106828,7.04,7300,25600004,219653.4736,573208.1416,552.0738556,116,982
53106875,7.81,,25600007,221290.7443,574296.3924,155.045,297,2268
53109836,0,,25600003,218901.1059,573579.6331,261.4772433,222,1582
53111088,5.3,,25600007,221438.1725,573647.3478,126.2064235,302,2355
53111991,6.6,5501,25600005,220498.6621,574123.6149,254.2412337,134,930
53112043,2.2,5305,25600005,220608.8957,573334.8602,202.8981,203,1367
53113550,0,,25600003,219124.2573,573299.341,251.8342008,205,1407
53115078,3.21,,25600007,221045.5348,573781.4552,188.1640585,242,1718
53117391,13.64,,25600002,219349.2996,573948.6049,269.82895,191,1279
53443045,3.32,,25600006,221137.0773,575030.2791,165.454141,337,2618
53118172,7.98,,25600006,221605.9233,574992.5692,168.8305103,341,2901
53444060,2.88,,25600003,219074.9569,573574.978,216.21895,245,1752
53445169,11,,25600003,219717.7008,573729.9995,569.2879,78,498
53123921,0,,25600003,219000.2751,573679.1265,152.2103764,194,1443
53129308,3.79,,25600007,221059.9069,574014.7726,145.2674565,228,1690
53132256,3.64,,25600006,221492.5314,574707.1739,278.6109229,311,2538
53132477,9.84,,25600001,220295.8914,574642.8704,309.8557,199,1545
53135403,6.08,5305,25600006,220935.1222,574800.6286,173.4376,309,2433
53134849,4.61,,25600006,220120.8542,575194.9927,208.7510345,294,2290
53135622,3.62,,25600005,221256.0286,572806.9884,188.4779152,328,2680
53447268,2.64,,25600005,220490.0304,573455.2161,239.868656,153,1140
53137747,5.43,,25600006,221729.1546,574992.9243,146.3384031,372,3193
53138752,12.41,5337,25600005,220581.8376,573053.2364,660.82025,221,1617
53447394,13.63,,25600002,220060.8523,574396.1608,396.70815,235,1814
53138579,13.3,,25600002,219460.5087,573966.6966,698.2138,174,1177
53139466,26.88,,25600007,220555.6365,574391.0957,433.03695,271,2153
53139602,2.64,,25600006,221364.2659,574789.6873,184.0176336,345,2748
53139856,0,,25600005,220886.7377,573037.6308,283.5920366,254,1868
53140950,13.35,,25600002,219478.2067,573931.7545,563.7208,171,1278
53141077,11.68,,25600001,220013.3449,574450.417,1352.282374,177,1161
53141303,14.35,,25600002,219717.1765,574104.2273,411.47605,159,894
53141351,14.4875,,25600003,220314.1809,574164.2232,564.8323075,194,1136
53140609,3.56,,25600003,218817.8009,573467.3782,124.69335,252,1746
53140825,9.32,,25600006,221449.2502,575074.6528,147.1753921,358,3077
53141632,3.54,,25600003,219171.1593,573423.251,137.14885,182,1225
53141945,13.28,,25600001,219431.1601,574523.6506,313.91575,209,1262
53142212,0,,25600005,220939.0098,573115.9336,290.3126069,274,1950
53142849,5.04,,25600006,220176.9472,575104.7432,154.4548961,250,2042
53142666,2.88,,25600007,221013.111,574372.0444,144.9802413,236,1660
53143345,5.59,,25600006,220075.9534,575150.5438,145.1261717,277,2160
53144704,7.48,,25600007,220935.4788,574384.3664,96.32124101,249,1721
53144707,10.63,,25600003,219834.7656,573971.0606,250.9596,76,529
53145555,6.28,,25600006,221303.6983,574769.4743,198.6630738,347,2718
53145862,0,,25600006,221150.5896,574922.5515,133.7509666,317,2491
53146652,10.8,6512,25600002,219892.1942,574230.0452,7446.815875,180,1047
53147121,13.87,,25600003,220194.3881,574001.3542,1261.953,146,737
53149795,2.43,,25600003,218977.7769,573631.8318,133.312048,200,1483
53150698,4.46,,25600007,220848.2066,573940.7299,97.59764851,223,1552
53150774,8.91,,25600006,221543.3171,574770.5969,194.9002367,388,2987
53152122,3.32,,25600007,221267.8852,574266.0045,167.6903031,277,2218
53152165,29.43,,25600001,219306.2189,574407.4384,360.9010235,248,1714
68394650,5.51,7300,25600004,219189.0625,572025.3395,206.80815,227,2476
53151511,3.19,,25600006,220368.0624,575389.4653,221.9819677,322,2495
53151705,3.8,5900,25600006,222379.6673,574279.4171,209.8921685,362,3196
53152429,3.5,5501,25600002,219318.6942,573919.7707,186.93045,192,1284
53449937,5.53,,25600006,221018.3037,574989.1628,145.6596542,344,2649
53154484,7.17,,25600007,221364.6361,574330.9638,209.585752,279,2203
53154491,4.65,,25600006,220315.6496,574844.9416,146.188719,299,2114
53155519,0,,25600007,221127.3107,574439.4242,281.1711241,244,1789
53155522,3.38,,25600006,220990.3195,574839.0508,163.0539087,328,2489
53155579,5.93,,25600006,221568.8414,575151.7673,234.4491289,388,3353
53155890,11.63,,25600003,219877,573864.905,524.3839,83,348
53156054,3.91,,25600006,221510.3744,574735.3742,261.0893107,388,2991
53155175,3.85,,25600006,221066.1894,574669.9198,156.1099,313,2428
53450245,5.98,,25600005,220506.281,573772.9936,134.1868913,158,976
53449549,5.02,,25600007,221372.1889,573772.9236,146.6628554,289,2222
53156382,0,,25600003,218943.3474,573354.9878,166.3086648,193,1567
53157604,2.71,,25600007,220900.2549,574391.2801,136.3843,226,1719
53157662,0,,25600007,221250.8382,573946.786,176.9919484,265,1989
53157743,22.11,,25600002,219562.2321,573942.7824,314.2827,162,1230
53157800,3.73,,25600006,220924.1634,575107.9982,158.0827521,357,2716
53157839,2.98,,25600006,220208.3843,575580.0643,157.9835895,358,2685
53158690,0,5201,25600002,219498.0798,574049.7213,681.7088092,157,1110
61063915,4.13,,25600006,220243.5649,575583.3015,261.2138707,363,2720
64808687,11.52,,25600005,220679.8198,573664.2185,567.582437,177,1223
53159679,0,6520,25600003,219740.953,573660.9618,1019.584773,215,759
53159778,9.91,,25600006,221773.913,574914.4277,166.546748,361,2913
53160296,8.02,,25600006,219975.4864,575109.9466,189.9338264,262,2104
53451137,10.75,,25600003,219577.5565,573806.7794,160.8416525,127,885
53160028,12.39,,25600001,219506.9595,574334.5045,711.49125,163,1056
53161517,0,,25600006,220164.3562,574886.3975,315.0985364,260,1967
53161595,13.52,,25600002,220209.3475,574255.3451,373.816972,132,912
53161615,6.37,,25600006,220974.6622,574788.2409,175.70211,315,2456
53162924,7.28,7300,25600004,219471.048,573012.7188,767.5889,167,1266
53163796,3.32,,25600003,219033.1654,573561.1222,139.095029,241,1728
53165194,3.6725,,25600003,219189.6261,573431.7617,217.0068404,179,1204
53164437,2.44,5600,25600006,220312.5549,575085.1759,106.7665118,282,2320
53164537,7.46,,25600006,221536.1386,575084.7625,171.3538323,351,3010
53164749,3.6725,,25600007,220920.2627,574425.0229,191.2842003,256,1759
53168329,2.61,5202,25600006,220213.6748,574902.4436,189.7175785,270,2005
53173327,0,5305,25600003,219328.6657,573404.5607,186.610152,155,1146
53178435,8.55,,25600007,221269.2075,573808.1713,85.82999999,279,2126
53453622,3.38,,25600005,220536.5889,573756.89,59.296525,151,961
53182274,3.23,5600,25600006,220030.0902,575605.1916,145.1903783,423,2852
53182393,3.6725,,25600003,219042.1954,573443.7814,249.3094946,180,1441
61067092,13.5,,25600002,219767.4479,574098.8874,151.7661707,151,863
61067854,13.6,,25600002,219736.8172,574079.7698,144.5656777,118,722
64808852,4.28,,25600006,220276.0734,575448.1723,187.1134528,308,2483
64808878,2.33,,25600006,220370.1826,575241.4406,180.7169865,297,2354
64808907,5.08,,25600006,220926.7983,574996.5698,161.074073,336,2607
64808918,4.32,,25600006,221369.5613,574813.1254,261.5302827,361,2816
64808919,2.92,,25600006,221101.4904,574800.2311,126.2913935,285,2336
64808920,5.86,,25600006,221516.269,574670.0147,244.9944752,306,2504
64808938,24.79,6520,25600002,220355.2675,574549.4116,403.302826,236,1629
61068192,13.53,6535,25600002,219681.5496,574169.2511,465.0633596,166,919
61068194,13.24,,25600002,219648.1284,574149.3079,145.0291923,184,1074
61068213,13.34,6535,25600002,219633.713,574140.4837,161.9978979,184,1074
64808959,13.59,,25600001,219599.4805,574213.0207,529.9506335,173,1005
64808981,4.09,5501,25600005,220564.5375,574015.8034,259.8199727,214,1358
61068253,13.9,,25600003,219701.5598,573901.5721,183.7441063,110,733
64808982,14.92,,25600002,219396.9696,573864.3298,617.0356445,149,1088
64808983,0,5305,25600002,219327.302,573889.5481,257.0925277,178,1369
64808994,11.17,,25600005,220544.0523,573635.8038,585.9652878,156,1084
64808995,14.21,,25600002,219370.75,573981.81,491.5103029,154,1186
64808996,13.81,,25600002,219431.2718,574016.9112,492.7281427,147,1118
61068886,4.7,,25600006,221621.8101,574668.1399,222.4423911,309,2594
51664981,6.359973,,25600002,220183.364,574392.1034,579.7547379,193,1353
52747347,0,7300,25600004,219529.3706,573008.6791,753.5650774,171,1268
52747354,3.12,,25600005,220695.7175,573487.9052,252.5246412,222,1378
52747659,10.4,,25600001,219506.8303,574247.6278,137.7927111,180,1133
61062560,0,7300,25600004,218994.3514,572285.6146,4472.292938,241,2624
52748285,7.1,,25600006,220012.8872,575542.2701,116.841419,416,2849
64915436,0,6520,25600004,218564.8154,572815.5999,2809.757752,279,2383
53377899,4.1,,25600006,220513.1387,575263.8133,237.6304047,322,2459
52750624,3.88,,25600006,220339.2365,575249.714,244.4667517,293,2323
52751125,3.51,,25600005,221366.2613,572640.3207,238.1063497,360,2912
52752045,0,,25600006,220301.4964,575521.743,246.4592728,339,2633
52751929,3.76,,25600006,220873.4778,574880.7609,172.7179263,317,2519
52752699,2.28,,25600006,221403.8542,574849.5012,172.2221625,365,2839
52754261,2.26,,25600005,220784.4538,573665.6045,180.7280236,205,1355
52754309,0,,25600007,221359.1744,574256.1713,185.0480479,297,2284
52754313,7.44,5330,25600001,219224.0201,574375.5258,743.4852766,229,1635
52777620,4.15,,25600007,220803.6347,574139.333,163.9657976,170,1262
52777652,6.43,,25600007,220776.4829,574068.7434,150.0661019,164,1202
52777710,4.22,,25600007,221295.9309,574140.6761,165.284558,253,1873
52777242,0,,25600007,220859.0185,574502.1211,304.5463968,224,1654
52778364,4.04,5900,25600006,222332.8769,574260.2902,185.6096703,358,3149
52778147,6.44,,25600007,220876.2338,574306.835,310.343401,234,1786
53383153,0,5300,25600005,220676.5629,573723.1014,640.6172663,202,1328
52779475,5.12,,25600006,220034.7302,575646.0619,136.6376671,422,2847
52779623,3.1,,25600007,221004.4579,574022.0271,199.275534,225,1660
52779713,3.74,,25600007,221051.0744,574032.3342,143.050713,226,1670
52779146,7.2,,25600007,220852.7548,574198.8789,113.7571105,181,1353
52779251,3.36,,25600003,219035.4457,573659.7827,165.4386412,234,1602
52780143,11.92,,25600001,219304.3894,574242.32,236.1665786,252,1761
52781223,3.39,,25600005,221027.9699,573152.9435,244.8684757,271,2059
52781624,6.05,5900,25600006,221568.8048,574961.6498,207.4687589,340,2892
53383781,0,,25600003,218985.8789,573154.055,173.1407675,248,1558
52781692,4.38,,25600005,220949.5055,573153.2565,227.6368573,278,1968
52781747,6.75,,25600005,221373.7472,572973.5106,170.399581,329,2676
52781781,3.01,,25600007,221016.0244,574298.5138,187.1328619,209,1537
52781783,3.34,,25600005,220982.5535,573062.9721,186.8094257,336,2314
52780869,6.35,,25600006,220963.9609,575144.2447,187.1416323,361,2751
52781032,5.87,,25600007,221215.7229,574101.2539,121.1665801,239,1789
52781188,10.15,,25600006,219895.0212,575492.3616,111.0864552,337,2488
53383691,6.05,,25600006,220141.8119,575610.8326,129.9003938,422,2843
52782220,7.74,,25600005,221316.3172,572869.0131,215.4138005,311,2546
52782245,3.23,,25600007,220933.9257,574074.7178,124.4887517,192,1407
52782490,0,,25600006,220916.7516,574955.3821,195.7999895,339,2626
52782529,3.11,,25600006,220152.6543,575012.0021,189.9943263,268,2000
61062605,4.31,,25600006,221474.0852,574456.7769,157.9701565,306,2351
52781954,3.63,,25600005,221314.9163,572915.3624,238.8552569,308,2531
52782008,7.22,,25600006,220014.9303,575343.2822,141.7961351,322,2387
52782016,5.78,,25600006,220998.6932,574715.1863,170.5920869,288,2320
52782032,3.98,,25600006,220126.372,574964.8026,181.1284729,260,1946
52782035,3,,25600007,221033.2874,574070.1837,162.9865144,221,1628
52782798,4.02,1000,25600004,219986.7898,573540.2257,240.2655301,77,439
52782855,4.17,,25600007,220814.3981,573972.3491,169.0141747,220,1529
52783501,10.33,,25600001,219624.8455,574291.7609,172.130022,154,991
52783585,19.49,,25600003,220193.2083,574172.2045,411.38599,159,872
52782905,2.88,,25600006,221406.3585,574567.4526,154.6390157,284,2348
52782907,0,,25600005,220489.1997,573328.1117,428.6271748,164,1260
52782966,5.76,,25600006,221683.1177,574811.7393,236.4037471,336,2836
52783017,0,,25600006,221496.5072,574815.3929,166.837672,380,2929
53384027,3.87,,25600005,221523.0355,572979.915,161.6332922,362,2808
52783102,3.09,,25600005,220918.9419,573024.6117,127.1667063,345,2370
52783132,3.1,,25600005,221087.3661,573213.0444,176.8159552,325,2247
52783181,6.61,,25600005,221169.1023,573111.5496,185.5690891,329,2561
52783258,3.54,,25600006,219967.5961,575322.2716,185.6200295,315,2336
52783373,3.82,,25600006,220168.9775,574964.6618,186.7273583,263,1966
52783978,3.19,,25600007,220954.7388,574133.197,179.0997316,206,1538
61062618,10.73,,25600001,219392.0011,574407.0758,510.7805934,272,1794
52784041,3.27,,25600005,220758.6351,573202.3092,252.9629355,215,1673
53384235,3.79,,25600006,220429.2784,574996.4182,134.5131196,280,2179
52784350,3.78,,25600006,220125.2789,575237.7046,177.3935124,295,2296
52784467,10.48,,25600001,219611.5704,574308.9651,147.5729545,151,991
52783768,4.23,,25600006,220206.1073,575067.7708,215.2963549,279,2070
61062620,2.13,,25600006,220201.7435,575209.672,224.6914324,297,2351
52785187,3.28,,25600006,221176.6894,575128.0087,136.9941003,369,2759
52785320,3.12,,25600005,220825.6922,573369.4148,249.0153657,213,1557
52784757,6.28,,25600007,221363.1295,574236.7597,119.184093,310,2312
52786003,7.14,,25600005,221371.2199,572661.765,284.4148465,355,2881
52786110,9.1,,25600006,221242.7097,575082.3336,141.9760267,387,2862
52787121,2.84,5900,25600006,222263.5414,574349.253,292.3641946,353,3081
52787213,2.55,,25600003,219040.5883,573325.9534,158.8110587,236,1650
52787922,3,,25600006,221371.1184,574723.3872,135.5572339,330,2652
52787930,0,,25600006,221308.224,574722.0957,217.4928099,362,2724
53384929,7.58,,25600006,221456.3926,575000.3347,144.2931938,381,3030
52788192,6.26,,25600006,219962.3141,575503.3379,144.2782176,432,2919
52787429,7.28,,25600006,221324.5208,574667.343,154.5967738,367,2765
52789873,0,,25600006,220111.2006,575587.2841,132.8728323,396,2753
52789901,3.97,,25600006,220266.0687,574975.9409,171.3962695,299,2109
52789938,0,6520,25600004,219441.58,572871.353,4499.598107,149,1377
52789950,9.05,,25600006,221792.2323,574981.506,176.5994184,365,3129
53384414,6.09,,25600006,221135.849,574882.2937,113.2220951,316,2491
52789956,0,,25600007,221009.8728,574142.2523,371.0110186,208,1552
52789404,6.3,,25600006,221186.1773,574970.9936,165.8718694,316,2531
53384318,0,,25600005,220525.2655,573398.2859,221.8254207,179,1274
52789427,3.67,,25600006,221046.9214,574921.9731,180.738774,334,2585
52789430,4.39,,25600006,220548.0052,574973.2019,176.7435161,283,2206
52789443,4.1,,25600007,221212.8519,574081.3451,196.2920625,249,1850
52790852,4.1,,25600006,220364.867,574973.7079,160.6051044,302,2264
52790858,3.94,,25600006,220433.0574,575165.6573,203.0240479,296,2332
53385439,0,,25600003,219015.6374,573641.7562,361.8037882,212,1518
52790323,6.43,,25600006,220708.5306,575283.5729,170.222448,314,2512
52790330,4.07,,25600007,221333.7859,573982.9937,107.9637167,366,2595
52790372,6.92,,25600006,221415.8784,574888.0051,152.4360778,387,2959
52790388,5.1,,25600007,221393.5373,573742.9857,177.215715,292,2258
52790393,0,,25600006,220471.7794,574875.9416,165.9258803,286,2201
53384492,3.62,,25600006,220400.0721,574976.7127,159.6155547,280,2178
52790398,4.37,,25600006,220318.8813,574973.2357,240.1487321,307,2292
52791786,3.47,,25600006,220398.6802,575124.4392,186.9408923,287,2278
52791847,4.68,,25600007,221313.3983,574144.1226,166.0273678,255,1891
52792195,4.65,,25600006,221386.9482,574502.039,168.5885031,293,2267
52793608,8.5,,25600006,221744.0309,574724.5439,187.2788386,328,2752
52796451,9.27,,25600007,221263.581,573885.1396,190.4625271,273,2059
52796660,0,,25600007,220811.2721,574501.2795,303.146332,209,1583
52796718,3.6725,,25600006,221094.1932,574616.3633,163.7251779,265,2180
52796129,11.73,,25600001,219313.4733,574504.4296,295.9536948,247,1736
53386622,15.6,,25600007,220684.8577,574455.5143,271.8033842,221,1518
52797676,6.79,,25600007,221306.8418,573768.6614,123.0538631,284,2178
52796960,5.02,,25600007,221134.3057,573647.6276,144.2192393,258,1879
52799559,3.58,,25600006,220139.0532,575204.0632,195.5533377,295,2296
52799031,4.15,,25600006,220165.7607,575371.4504,174.0049712,323,2511
52800020,4.24,,25600003,219077.3391,573417.5511,151.2852259,177,1419
52800047,2.51,,25600003,219151.9786,573413.7005,220.1060778,185,1246
52800062,4.77,,25600005,221185.3245,572944.5439,198.0293093,292,2403
52800228,4.31,5305,25600001,219522.0438,574283.7736,537.4040377,174,1097
52800317,13.95,,25600001,219287.6471,574342.5662,168.2902297,239,1677
52799755,19.62,,25600003,220224.3262,574190.2253,405.436428,196,1197
52799769,13.82,,25600007,220574.3954,574134.1115,329.7884839,165,1024
52799814,4.55,,25600005,221309.0698,572720.5308,188.83062,339,2770
52799835,6.63,,25600005,221212.9914,572780.365,137.1394619,326,2657
52799842,5.58,,25600006,221459.3635,574674.3742,124.2711055,311,2539
52801174,24.65,,25600002,220393.9522,574494.3471,369.8861643,181,1346
52801181,0,,25600006,221456.4792,574507.1168,164.9690286,304,2338
52801245,9.41,,25600006,221517.6449,575096.096,218.3866429,353,3027
52801262,4.13,,25600006,220383.6237,575055.3788,137.6619744,291,2252
52801336,22.72,,25600002,220423.203,574446.3013,400.3194498,173,1288
64806851,0,,25600006,221026.2813,574900.1668,254.8511422,303,2453
52800719,4.19,,25600006,220263.5029,575008.7249,221.3551251,300,2111
64806853,3.85,,25600006,221555.0243,574684.0841,267.0104872,397,3063
52802220,3.5,,25600006,220164.8421,575144.4824,201.9916544,286,2225
52801691,7.58,5305,25600005,220637.1033,573717.433,612.3671695,208,1360
52801668,3.38,6520,25600003,220072.929,573963.3681,978.4099144,92,527
52803431,4.09,,25600007,221031.04,573820.3273,187.8074644,238,1678
52802567,2.82,5900,25600006,222242.2115,574348.9787,271.4882411,351,3059
52805196,6.17,,25600006,220073.2704,575364.9552,251.3436904,329,2442
52804466,5.34,,25600006,221395.8465,574717.772,142.7341861,321,2618
52804512,5.85,,25600006,220988.5409,574657.359,154.4989405,278,2279
61062702,0,7300,25600004,219983.3314,573467.718,767.063712,88,564
52804698,3.69,,25600006,220720.1128,575330.4369,264.6827695,323,2560
52805830,0,,25600007,220786.2696,574127.8893,195.7438117,168,1243
53388113,6.26,,25600007,221216.6438,574132.3874,129.0102752,239,1784
52805892,7.52,,25600006,221628.4644,574619.9953,199.0584048,315,2629
52805934,21,,25600001,219437.2515,574458.3356,646.8143716,282,1850
52806067,3.87,,25600006,219934.503,575365.999,156.6641908,322,2360
52805351,3.42,,25600006,220954.8661,574877.7006,147.4743084,333,2525
52805399,6.87,,25600006,221816.0592,574865.5198,284.0081384,351,2986
52805463,11.37,5340,25600003,219241.4359,573865.9507,1112.223142,139,1054
52805410,5.82,,25600006,221481.5375,574765.7335,184.2236827,382,2948
52805467,2.87,,25600002,220252.0746,574493.5598,563.2843675,213,1599
52805426,5.15,,25600006,220703.1295,575154.9326,219.1855329,299,2390
52805428,3.38,,25600006,221115.3309,574818.2921,159.0053169,288,2359
52805504,2.36,,25600006,220110.2594,575485.0279,239.5714802,356,2632
52806748,5.61,,25600007,220878.9991,574230.8825,98.92091096,186,1391
52806819,5.13,,25600006,220083.4307,575181.3486,144.4151798,289,2250
52806854,0,,25600006,220913.7739,574720.0239,165.5372953,328,2511
52806946,4.28,,25600006,220063.662,575455.6787,235.6979232,371,2676
52807723,28.38,,25600007,220605.6236,574241.8825,496.0324138,189,1431
52807765,0,,25600007,221047.8853,574348.2174,242.9477951,228,1618
52807782,4.1,5900,25600006,222379.2471,574243.1052,177.7590961,362,3196
52808060,5.5,,25600007,221356.5899,573987.1063,158.0350239,366,2597
52808081,3.07,,25600003,219077.5556,573641.9388,186.6400218,227,1569
52808117,3.67,,25600006,220347.5093,574939.8349,158.2924346,298,2245
52808139,7.19,6520,25600005,220425.3068,573628.196,368.5172949,161,1045
52808143,4.14,,25600007,221331.3363,574148.8485,171.546102,257,1910
53388532,11.97,,25600001,219345.5145,574031.2929,207.1736417,192,1503
52808557,8.58,,25600006,220458.5164,574845.3948,295.4800918,301,2282
52808634,7.58,,25600007,221415.0565,574095.8729,215.170941,341,2458
52809000,9.08,,25600007,221314.2992,573752.7055,134.4110946,286,2195
52809063,3.54,,25600007,220972.0117,574097.3042,207.2823515,210,1578
52809518,0,,25600003,219037.479,573580.855,191.335393,245,1749
52810510,6.58,,25600006,220934.8505,574692.2146,115.0024255,335,2546
52810933,5.89,,25600006,220883.1866,574897.0188,118.9919004,319,2536
52810896,3.98,,25600006,220225.1797,574997.5164,158.436813,293,2081
52811426,6.54,,25600007,220875.1268,574015.0855,141.828917,209,1463
52811687,6.85,5340,25600003,219147.6084,573729.1108,1226.278478,177,1316
52812359,3.6725,,25600003,218833.7677,573528.8954,243.9229055,235,1654
53389324,12.34,,25600001,219290.2464,574011.0494,188.5835205,240,1690
52812065,3,,25600003,218802.5364,573220.58,195.7429631,280,2035
52813669,4.81,,25600005,221552.4702,572977.7204,162.001109,368,2837
52813738,4.3,,25600005,220750.0236,573533.7829,272.848472,195,1376
52813739,4.94,,25600006,220460.9488,575137.6297,257.1274451,295,2328
53388663,3.15,,25600005,220434.5561,573529.7275,496.494226,146,1057
53389448,3.6725,,25600007,220947.2843,574033.4638,191.296029,202,1451
52813352,12.26,,25600001,219274.7978,574084.2689,196.851854,191,1247
52813383,3.6725,,25600007,220999.8862,574387.6816,215.3501689,240,1680
52813557,4.29,,25600006,221346.8691,574726.5584,201.7782018,333,2678
52813562,0,,25600006,220692.4633,574609.9331,734.5100572,241,1725
53388761,4.28,,25600006,221478.1733,574725.886,234.4414476,313,2561
53389514,2.67,,25600005,220585.2349,573594.0377,156.4768507,173,1164
52819458,7.92,,25600006,220920.5141,575159.6506,111.7041048,363,2768
52820324,3.6725,,25600006,221557.4361,574516.1362,199.1771819,315,2412
52820387,4.88,,25600006,221467.4806,574413.0938,427.9261907,279,2268
52820388,2.99,,25600006,221388.7172,574411.072,405.1000321,268,2182
52821272,5.48,,25600006,221148.306,575157.557,169.4645882,368,2755
52821416,3.28,,25600005,220517.5805,573275.8345,423.6457911,170,1319
52821425,6.36,,25600006,221506.2798,574620.2793,125.1161904,298,2480
52821583,3.84,,25600006,220186.4779,574996.2291,194.7458973,269,2002
52822741,3.52,,25600005,221361.6459,572989.1028,183.6679216,336,2712
52822756,0,,25600005,221266.8132,572895.2658,96.85646751,304,2497
52822890,0,,25600003,219060.0081,573451.3345,194.7429068,178,1422
52822928,2.23,,25600006,220160.2898,575091.8605,202.4716008,248,2023
52823009,3.59,,25600006,220420.8555,574946.7071,155.7936995,274,2146
52823017,4.56,,25600006,220174.7955,575042.653,278.075559,273,2033
52823034,8.36,,25600006,221775.5422,574800.7363,114.6784348,344,2914
52823226,4.28,,25600006,220983.8774,574958.0225,184.9457351,340,2627
52823272,4.4,,25600006,220415.363,574903.1582,232.1198682,278,2177
52823273,4.4,,25600006,220190.9721,575056.4607,207.1876674,276,2053
52822544,3.6725,,25600006,221084.9342,574748.6005,194.0644916,291,2332
52822634,5.26,,25600007,220906.9903,574349.3068,140.2356306,231,1760
52822636,13.69,,25600002,220357.3872,574344.7652,396.3486314,190,1182
52822639,2.83,,25600007,221060.8575,574357.9973,127.9874169,218,1621
52823864,3.66,,25600006,219939.0287,575194.6484,196.784733,275,2192
52823868,9.37,,25600006,221854.0278,574943.0314,153.3092017,360,3071
52823889,3.77,,25600006,220090.4403,575112.5148,171.123774,264,2052
52823975,3.03,,25600006,220440.052,574982.1427,190.428933,278,2161
52823938,7.14,,25600006,221751.916,574990.2661,263.5071709,369,3169
52824043,3.77,,25600003,218796.1984,573380.0107,176.3007156,231,1836
52824153,2.52,,25600006,220069.9311,575055.8318,209.5052232,249,2003
64914625,2.19,,25600006,221676.0618,574696.2198,332.1367604,326,2736
52823427,5.81,,25600005,221281.0843,572884.1524,165.5533095,306,2513
52823522,5.14,,25600006,221298.5451,574641.9523,199.1511329,312,2455
52823575,3.63,,25600006,221166.6896,575167.2155,135.3545711,370,2768
53390437,6.98,,25600007,221383.4889,574185.8736,138.670187,326,2366
64914653,10.56,,25600006,221646.5481,574985.0774,257.8554407,384,3267
52824871,4.8,,25600006,220215.4902,575030.4117,205.3868109,277,2055
53391534,14.4875,,25600007,220630.1465,574432.9701,277.8337073,210,1459
52824891,5.69,,25600006,221312.4324,574786.082,139.5069646,344,2732
52824918,5.78,,25600003,218947.7608,573141.7322,180.9241891,259,1911
52824955,4.05,,25600006,220661.7711,575093.88,186.0428351,292,2318
52824965,3.39,,25600006,220211.8968,574981.567,298.8804783,288,2062
52824966,3.84,,25600006,221210.4424,575116.3868,199.4674019,382,2830
64806755,4.09,,25600006,220259.9373,575210.2746,235.0825005,285,2260
52824275,6.46,,25600005,221317.7264,572769.964,161.0394223,337,2751
53391429,5.52,,25600006,221792.8529,574937.8551,130.9799151,364,3117
52824301,3.85,,25600006,220348.3461,575074.3281,157.7580816,296,2286
52824349,7.73,,25600006,221706.1928,574884.0123,134.5234126,350,2845
52824359,3.59,,25600006,220177.6254,574981.0458,173.3982401,266,1984
52824398,3.41,,25600007,221148.011,573611.4349,199.8815044,262,1917
52824407,6.16,,25600007,221220.94,574203.1625,159.8240507,284,2280
52824419,0,,25600005,220716.9702,573597.6297,294.0595813,188,1304
53391450,4.44,,25600006,220924.8354,575088.538,162.8751046,354,2696
52824482,3.47,,25600003,219188.1339,573317.1454,234.8707143,214,1604
52824509,3.6725,,25600003,218839.8695,573465.4054,211.5282632,248,1727
52824512,2.9,,25600006,221499.9831,574455.4133,205.0491236,311,2386
61062762,6.44,,25600006,220226.321,575580.8948,237.4181747,361,2703
52825914,4.99,,25600006,220016.3153,575157.6676,167.2999513,279,2179
52825949,3.88,,25600003,218760.5027,573354.4193,274.9406159,228,1817
52825952,10.73,,25600003,220341.3587,574177.8962,554.5695721,194,1136
52826035,7.18,,25600006,220227.3257,575620.4104,233.9061987,446,2938
52826078,5.22,,25600006,221156.5355,574684.4956,139.9392939,269,2217
52826136,3.14,,25600006,220911.8978,574832.7003,177.8724953,311,2471
52825319,10.61,,25600007,221199.7984,573975.9407,220.27742,262,1954
52825351,31.01,1000,25600001,219226.2644,574250.2483,433.8480846,241,1699
53391620,10.57,,25600001,219559.6479,574349.1604,152.4145244,157,1022
52825354,0,,25600006,220330.4269,574886.1063,230.767802,304,2259
52825430,6.34,,25600007,221365.6541,574307.6822,155.8036608,283,2223
52825540,6.9,,25600006,221108.9977,574716.5631,189.9803976,273,2253
52826514,0,,25600006,220396.2965,574870.0044,240.4912784,294,2227
53391928,6.22,,25600005,220812.023,573646.8623,122.5993434,211,1389
52826162,3.64,,25600003,219368.153,573449.7638,194.124872,174,1186
52826287,3.6725,,25600005,220837.3378,573123.0792,228.8898337,236,1781
52827490,3.75,,25600006,220165.191,575644.7261,202.9286748,430,2878
52827500,11.06,,25600003,220367.6453,574193.6204,554.3885882,194,1136
52827529,2.86,,25600005,220805.7834,573409.3936,231.9913434,209,1512
52827906,0,,25600006,220240.423,575241.4135,307.9343742,293,2323
52827907,3.03,,25600005,220528.2764,573513.437,246.5433477,160,1133
53391212,6.64,,25600006,220372.1812,575319.6331,168.3870298,307,2426
52827977,13.62,,25600002,220102.7378,574191.557,621.9755333,118,788
52827115,3.21,,25600003,219267.8072,573322.4095,205.7115657,194,1528
52828789,6.56,,25600005,220813.783,573494.9736,187.2961451,215,1472
52828178,3.68,,25600005,220842.617,573492.3937,185.7781455,219,1491
53392246,2.33,,25600003,219346.6946,573451.7016,240.1894764,195,1457
52828870,3.11,,25600007,220884.7865,574503.6999,259.0383495,226,1678
52828414,3.34,,25600006,220039.6328,575236.2702,240.1515012,298,2303
52828450,4.05,,25600003,219029.3132,573229.2105,274.7891436,231,1499
52828502,2.77,,25600003,218902.6292,573277.5548,169.9849643,253,1714
53391321,3.07,,25600003,218996.532,573234.0537,191.9371432,268,1752
52828546,4.38,,25600003,219057.5226,573409.9797,197.2679205,180,1440
52828651,0,,25600003,218900.8481,573466.0586,189.6901442,236,1675
61062801,3.98,,25600006,220175.3232,575477.3798,213.6873837,344,2633
52829344,9.77,,25600006,219889.4002,575316.7623,222.2118107,317,2322
52829556,3.6725,,25600005,221113.5706,572895.4805,201.943315,303,2499
52829572,4.86,,25600005,221265.8718,573049.3407,253.4942173,306,2518
52828959,4.95,,25600007,220919.2505,574333.4126,199.1550494,234,1780
64807059,3.11,,25600005,220853.6726,573411.0132,277.8445826,224,1565
52829173,6.29,,25600005,221475.3347,573006.1792,198.2121851,352,2758
52829180,0,,25600006,220184.8756,575350.9335,252.9719634,312,2491
52829194,3.5,,25600003,218914.0764,573327.9157,148.5927793,198,1614
52829212,3.6725,,25600005,220688.1529,573508.7823,214.0213541,217,1356
52829218,6.86,,25600006,220376.5179,575279.8678,283.9923581,307,2428
52829234,6.44,,25600005,221155.0466,572961.4418,165.8126248,289,2368
52830314,4.21,,25600005,220915.8461,573241.3835,269.7031496,245,1829
52830554,2.82,,25600007,220866.5999,574427.9577,300.3961078,221,1674
53392565,6.02,,25600006,221209.2519,575166.4162,253.3528204,376,2795
52830595,3.94,,25600006,221501.3701,575044.2694,168.1260643,351,3006
52830616,6.19,,25600005,221231.2943,572965.7479,120.8230903,295,2430
52830714,0,,25600003,218806.9269,573149.3333,151.3015979,271,1978
52829993,0,7300,25600004,219221.9092,572082.5261,602.1783026,222,2415
52830105,4.85,,25600007,220962.4321,574020.2804,212.7401847,205,1470
52831296,3.19,,25600005,220777.6269,573468.865,262.3927401,202,1446
52831354,6.74,,25600006,220043.2574,575438.3125,142.3929436,374,2699
52831563,11.46,,25600001,219448.3043,574143.4363,178.8415145,309,1584
52831036,8.62,,25600007,221377.1713,574204.3547,171.6165611,314,2348
64914735,9.05,6512,25600004,218999.0538,572952.3707,3538.761346,296,2027
61062819,3.6725,,25600005,220453.0838,573423.4578,464.7910296,155,1162
52832451,3.49,,25600005,221420.7642,573024.2474,129.2558656,333,2699
52832455,4.35,,25600006,220727.9676,575224.4238,240.3472015,307,2460
52831820,0,,25600005,220617.9993,573490.8058,229.9205759,186,1287
53392157,3.08,,25600005,220797.8316,573431.5921,190.0029419,206,1489
52833222,5.51,,25600005,221281.9982,572737.0423,230.4902973,344,2743
68394668,3.13,,25600003,219211.5499,573256.3673,244.0502966,182,1320
52833427,5.84,,25600006,220103.4133,575623.741,134.9762847,415,2817
52833773,5.58,,25600006,221456.7698,574734.2853,152.3950576,316,2582
52833854,4.84,,25600006,221441.0173,574410.6854,452.3038857,275,2239
52833932,3.51,,25600005,220807.5741,573082.2541,247.9994666,239,1805
52835026,17.26,7300,25600004,219294.8236,572015.1105,571.7818925,225,2449
52835327,6.6,,25600005,221220.3157,573126.1046,199.1070405,309,2484
52834837,2.63,,25600003,218934.012,573302.2698,169.2750425,241,1673
52836049,4.66,,25600007,221044.1263,574051.0035,141.3537024,224,1650
52836122,5.58,,25600007,220988.4444,573884.6815,225.9014184,220,1600
52836251,5.04,,25600005,220901.1805,573470.2228,159.65396,243,1664
52835766,3.68,,25600005,220506.2032,573507.0595,343.5572575,156,1110
52835827,2.61,5305,25600003,218959.6884,573462.7399,120.4961893,217,1594
52835847,2.66,,25600003,219078.8247,573461.0208,214.2425854,175,1401
52836935,2.63,,25600005,220676.9998,573530.6239,168.3164003,211,1331
52836951,5.26,5900,25600007,221021.128,574108.1558,226.0423684,212,1589
52836967,5.42,,25600007,221219.9866,574163.8301,209.2118602,257,1861
53393725,3.28,,25600005,220964.9442,573084.722,176.1201684,274,1952
52837091,3.6725,,25600005,220549.095,573517.3499,250.0312787,162,1150
52837098,5.43,,25600006,221285.7384,574754.6407,158.9677881,351,2736
52837129,3.01,,25600006,220487.4349,574799.2748,268.4345766,308,2337
52837143,7.74,,25600006,221307.701,574698.5219,168.4472409,365,2748
52837273,4.71,,25600005,221415.4852,572661.2428,194.2530448,355,2882
53392914,4.08,,25600007,220835.1597,574160.0986,228.5041396,174,1300
52837452,3.55,,25600003,219061.0475,573181.8865,200.3052985,228,1478
52836581,3.6,,25600005,220781.9597,573146.5619,270.0362615,230,1738
52836575,4.04,,25600006,221137.6588,574853.6259,147.8831259,295,2412
52836576,0,,25600006,221007.1081,574745.6475,131.8735557,311,2410
52836594,5.7,,25600006,221137.8795,575137.2806,127.7704667,364,2739
52836830,3.01,,25600005,220728.0694,573573.6956,276.6407288,191,1330
52837845,14.89,,25600001,219460.9307,574165.8988,225.7029478,298,1545
52837932,2.83,,25600003,218798.6018,573175.7382,206.1008454,275,2002
53393022,3.16,,25600005,220839.8117,573176.9964,255.9244767,297,2017
52837939,3.55,,25600006,221592.0723,574800.1574,171.9962122,341,2762
52837940,5.59,,25600006,220117.4948,574949.3509,233.9133178,245,1897
52837967,4.09,,25600007,221200.8737,573639.1406,249.3989504,262,1921
53393031,3.24,,25600006,221657.6333,574802.1849,132.0664905,338,2765
52838015,0,,25600007,221009.2853,574480.0824,224.8165716,242,1799
52838044,3.6725,,25600006,221636.8894,574688.8051,187.0757165,311,2612
52838057,12.33,,25600001,219371.4751,574524.6334,425.5550748,250,1753
52838144,6.45,,25600006,220319.9095,575244.3068,184.4485485,290,2304
52837485,4.42,,25600006,221008.5896,574852.8271,112.7970818,299,2426
52837492,4.54,,25600006,221243.3954,574643.98,196.4191754,282,2222
52837555,3.18,,25600006,221339.3061,574637.6618,162.2419468,307,2413
52838904,4.63,,25600006,220967.2123,575090.8835,139.8068582,354,2697
52838916,3.81,,25600006,220491.6471,574846.2164,190.4188243,293,2237
53394070,0,,25600006,220449.7101,574795.3863,215.6868451,306,2319
64914853,1.74,,25600006,220568.8159,574942.077,283.5648876,288,2244
52838959,5.43,,25600006,221092.8672,574689.5293,149.8049017,313,2428
52839333,5.31,,25600006,220982.6858,574999.4227,157.8004384,338,2616
52838545,5.93,,25600006,221792.3418,574919.3681,142.7886494,364,2932
53394007,6.6,5740,25600004,218826.842,572935.626,932.3257793,261,2020
52838661,3.55,,25600006,221382.7872,574769.0404,252.1492433,330,2650
52839730,6.84,,25600006,221513.0736,574908.565,223.1541964,378,2878
52838755,3.1,,25600006,220419.3431,575011.6789,187.3159314,283,2197
53394039,3.94,,25600006,220469.0733,575153.5007,174.0027887,298,2345
52838757,5.42,,25600006,221697.588,574465.7442,451.4541786,358,2668
52839746,5.05,,25600006,221209.266,575056.9491,166.019465,392,2890
52839749,3.15,,25600005,220756.7045,573514.127,255.7366459,197,1396
52839757,4.78,,25600006,220476.9216,574813.6954,247.7763623,306,2319
53394215,6.5,,25600006,221490.448,575157.6423,108.4012558,375,3105
52839771,6.31,,25600006,220954.2559,574814.7671,136.6383677,315,2457
52839823,6.56,,25600006,221753.8338,574861.9264,172.9982218,355,2875
52839890,6.22,,25600006,220125.0133,575599.3363,132.2995375,415,2817
52839975,3.6725,,25600003,219179.2912,573228.2461,162.8327672,211,1636
52839947,6.05,,25600003,219292.0758,573354.6424,205.1346638,162,1200
52839966,2.98,,25600003,218928.0169,573135.5261,204.4839559,248,1885
52839970,0,,25600006,220490.2062,575234.3868,258.6660446,314,2422
52840017,4.71,,25600006,220467.1754,574766.2264,248.8403956,310,2350
53394283,3.99,,25600006,220216.0968,574865.6574,219.8122617,271,2013
53394287,5.38,,25600006,221386.2664,574525.2619,158.8716899,278,2288
64806904,3.98,5253,25600006,220449.6223,574967.3011,165.1440085,262,2113
52840212,4.34,,25600006,221436.6222,575139.1663,144.0498846,373,3203
52840274,3.25,,25600005,221006.738,573310.6727,272.6517544,230,1887
52840281,5.07,,25600006,221775.3807,574858.0314,244.0001087,358,2895
52840298,4.85,,25600006,220925.4681,574816.2396,154.5257866,308,2446
52840310,3.04,,25600006,219991.1903,575639.6789,137.1407779,426,2871
53394168,3.17,,25600005,220998.1632,573271.8682,295.7233545,231,1896
52839471,3.96,,25600003,218919.7409,573179.6112,176.2339042,273,1811
52839654,3.47,,25600006,220375.0982,574958.2523,143.6956041,298,2246
52839686,3.05,,25600005,220822.0217,573316.1873,240.7015529,211,1703
52839711,0,,25600006,220314.2451,575011.4837,182.1616435,313,2319
52839717,3.02,,25600005,220612.17,573435.8752,270.5455419,207,1369
52840731,4.46,,25600006,220160.9476,575028.2979,301.0861065,271,2016
53394428,3.14,,25600005,220816.1419,573177.4274,363.9259063,228,1722
52840964,6.6,,25600006,221440.4619,574665.7289,163.7333427,379,2865
52841037,0,5600,25600002,219914.195,574104.2447,2945.037503,156,1018
52841105,7.8,,25600006,221586.4745,574708.5592,221.448407,397,3059
52841177,0,,25600007,220983.8439,574178.351,177.3260067,203,1509
52841160,7.12,,25600006,221604.6764,574472.5747,155.5928615,315,2417
52841240,0,,25600006,220329.9953,575449.1485,228.9248942,326,2535
52841249,6.67,,25600006,220968.82,575162.288,147.2233053,363,2769
52840482,3.6725,,25600007,220808.8405,574092.2252,130.6170107,168,1241
52840486,3.91,,25600006,220259.387,575038.1074,219.1936181,286,2115
52840424,14.4875,,25600007,220589.5764,574393.6972,270.4281597,194,1410
52840626,4.49,,25600006,221458.7916,575151.7966,179.0905151,376,3236
52841617,2.64,,25600006,221061.1112,574910.9803,289.1429053,329,2559
52841781,7.96,,25600006,221625.6087,574928.994,95.29581476,335,2841
52841822,4.13,,25600006,220272.9549,574880.9211,314.8024292,284,2070
52841833,7.57,,25600006,221045.4395,574881.1304,219.3383692,300,2429
61062880,6.32,,25600006,220009.9291,575489.7668,137.0619365,427,2916
61062885,4.79,,25600006,220027.5127,575449.9551,289.7896632,377,2717
52842110,5.96,,25600006,221386.0397,574697.5913,179.1173004,373,2813
52842189,10.34,,25600001,219535.6011,574202.2562,154.744034,189,1063
52841297,3.6725,,25600006,221130.8188,574834.3231,187.7423794,292,2387
52841306,6.11,,25600006,220866.1749,574842.8181,137.6897095,314,2493
52841308,0,,25600006,221406.1079,574691.2264,104.5750353,374,2828
52841332,5.81,,25600006,220966.0874,574691.0815,127.0178483,288,2319
52841469,5.31,,25600006,221523.6992,574718.6542,173.9789802,391,3012
65059530,3.41,,25600006,220287.8769,575547.2874,253.7984029,369,2763
52841505,5.82,,25600007,220812.1177,574424.9201,146.5976778,218,1647
52841553,6.28,,25600006,220309.2381,575416.3208,155.2761473,321,2513
52842681,9.64,,25600006,221528.3018,574784.061,145.637508,385,2969
52842717,4.53,,25600007,221422.8956,573663.1547,190.3771381,300,2333
52842724,3.4,,25600006,220416.3054,574839.2296,212.727092,298,2263
52842768,0,,25600006,220933.978,574735.5639,142.6858439,293,2374
52843001,3.43,,25600006,220326.8446,575417.2523,157.6960277,325,2530
53393933,0,,25600006,220348.2458,575452.0051,209.7555696,330,2553
52843047,0,,25600006,220095.3034,575450.1334,179.9916034,368,2656
52843068,3.03,,25600006,220036.7803,575485.2147,144.6819594,380,2732
53393956,0,7300,25600004,219334.4882,572644.3784,2890.808467,227,1851
52842259,3.44,,25600002,220162.43,574317.1713,464.2261503,178,1027
52842459,10.03,,25600006,219860.6238,575452.1881,198.0114919,333,2459
52842521,6.59,,25600006,220291.9846,575415.1921,153.4550058,301,2453
52843222,3.41,,25600006,220426.1426,574887.7438,168.9328882,294,2229
52843234,2.54,5337,25600005,220541.7899,573091.4576,67.74604659,223,1644
52843945,6.78,,25600006,221532.4442,574899.2088,252.0741995,363,2872
52843495,7.29,,25600006,219975.1742,575487.4141,151.0174207,422,2897
52843644,3.35,,25600006,220982.5118,575025.7179,150.443951,355,2734
53394926,4.98,,25600006,221496.2521,574750.3485,171.6533727,385,2969
52843723,2.99,,25600005,220761.9611,573287.6872,305.8570135,218,1639
52844509,6.55,,25600005,221454.2332,572949.5488,164.7733124,349,2742
52844545,4.87,,25600006,221142.1152,574950.5257,189.3352476,319,2549
52844549,3.6725,,25600006,220607.944,574945.2467,265.3343617,290,2264
52878148,3.78,,25600007,221414.4892,574124.8788,232.0990029,339,2435
52879608,10.18,,25600006,219880.7834,575354.5143,201.2253899,321,2359
52881518,0,7300,25600004,219548.2165,572773.8001,814.6247907,161,1389
52881738,6.2,5310,25600005,220637.2835,573766.1072,327.3963687,148,1035
52881052,0,7300,25600004,219010.4604,572454.7126,9772.905462,243,2651
52882568,2.62,,25600005,220516.8466,573580.9798,240.3040221,150,1048
52882108,3.72,,25600006,220501.5811,575249.146,178.5609698,318,2440
52882134,2.74,,25600005,220674.6297,573615.6265,206.4453868,175,1208
52883392,3.6725,,25600007,220978.1658,573983.1758,151.4221728,209,1510
52883033,25.85,5900,25600006,222299.3323,574350.9461,799.3006197,356,3115
52883143,2.6,,25600005,220566.2066,573320.115,254.4103209,201,1361
52884267,2.68,5305,25600001,219570.273,574278.1237,424.5428953,186,1067
52884491,3.78,,25600006,220916.1241,574877.3358,164.7515275,319,2539
52884492,3.51,,25600006,221326.2819,574833.785,174.0286982,348,2781
52884512,14.65,,25600007,220609.9274,574201.7952,315.7467584,177,1104
52883970,4.9,6512,25600004,219805.0323,573584.1928,267.8278955,159,578
61062967,3.69,,25600006,220244.5999,575514.416,245.2410445,332,2578
52884876,5.85,,25600006,220335.7934,575280.3992,177.4523765,302,2388
52884861,7.5,,25600006,220318.5004,575564.1343,81.72209406,370,2767
52884893,5.84,,25600007,220820.3782,574149.6313,152.107553,172,1282
53403047,4.17,,25600003,219103.2159,573286.7215,237.4030719,221,1459
52889093,11.96,,25600006,221651.0078,574715.8478,276.8932964,314,2638
52889213,5.44,6520,25600004,218445.1103,572848.1608,803.2865125,267,2413
61062974,3.6725,,25600005,220779.8905,573406.0948,717.4011036,245,1486
52890006,7.31,,25600006,221147.1726,575047.8512,217.4803737,340,2638
53403271,3.95,,25600006,221056.3565,574857.4186,228.1844561,293,2402
52890176,0,,25600006,221140.4135,575080.5775,180.2325176,357,2699
52890205,13.75,,25600002,220351.036,574457.439,424.0479971,234,1648
64914634,3.45,,25600003,218865.1032,573250.447,381.3129774,244,1820
52889660,3.92,,25600006,220327.8533,575077.8173,145.8625034,298,2305
53403217,4.03,,25600006,221519.4848,574423.1627,441.2209228,287,2325
52891128,0,,25600006,220354.7561,574987.9921,141.7632549,305,2282
52894444,3.84,,25600006,220121.8291,575471.882,163.2127042,354,2617
53403590,7.06,,25600006,220351.8355,575316.5749,252.9698721,304,2406
52899242,8.15,,25600006,220726.0145,575351.6575,182.8468478,327,2582
52901586,6.66,,25600006,220281.7627,575515.3076,144.6152177,337,2613
52900981,5.8,,25600006,220263.643,575514.8727,150.4904933,334,2596
52901961,4.39,,25600006,220074.3975,575553.925,177.6446969,381,2709
53405630,3.6,,25600006,220300.0182,575280.5986,190.8316879,284,2320
52904784,2.8,,25600003,218952.9773,573242.2234,246.2761525,260,1722
52904788,0,,25600003,218965.2475,573560.4935,130.8930548,215,1565
52905848,2.91,,25600003,218796.6767,573198.3268,196.5247404,277,2019
52907300,3.28,5305,25600006,220242.1551,575430.5479,159.6031583,308,2488
52906865,0,,25600006,220021.8297,575504.6392,241.2225772,418,2869
52917355,3.65,,25600007,220932.3596,574406.208,171.4595147,252,1738
52918049,4.05,,25600006,220316.2869,575313.785,150.5048968,299,2370
52918050,3,,25600006,220114.7051,575265.6568,159.3792596,307,2367
53408500,3.65,,25600006,220067.2384,575316.3043,149.3104555,327,2427
52920384,6.09,,25600005,221225.1004,572769.894,110.3536446,327,2673
52919881,5.39,,25600005,220862.3144,573444.9462,107.9315564,224,1515
52921169,4.09,,25600005,220875.0005,573418.4956,162.0175659,229,1588
52921258,2.98,,25600006,220095.7774,575256.9632,206.6524347,306,2362
52921264,6.94,,25600006,220759.9208,575340.6684,192.8682585,326,2581
61063055,2.72,,25600005,220569.964,573416.7877,294.7078564,200,1322
61063056,3.6725,,25600003,218896.6357,573402.1793,184.9274177,221,1632
52921331,3.78,,25600003,218974.6608,573651.6039,198.463127,197,1461
52921396,3.58,,25600005,221173.4192,572857.8488,167.7914803,313,2583
52920686,3.44,,25600003,219279.253,573338.9269,224.4214978,165,1217
52920700,6.62,,25600003,219160.5453,573217.0523,152.0294829,222,1666
52920727,0,,25600006,221356.0203,574631.5488,203.8971434,306,2402
52920745,4.27,,25600005,220781.7017,573293.0769,231.3165814,206,1657
53408840,2.56,5305,25600003,220486.1289,574295.7726,250.5700378,163,1116
52920846,4.31,,25600007,221268.0484,574301.2102,154.5175065,300,2287
52920882,3.19,,25600005,220598.4621,573529.4431,212.9879641,169,1205
52922063,4.54,,25600005,221334.6604,572913.0481,177.5910384,313,2564
52922121,4.19,,25600003,218865.0838,573340.927,178.6083033,201,1643
52922143,3.69,,25600006,220261.1284,575260.0871,264.1684644,282,2303
52922271,2.8,,25600005,220787.3367,573449.6516,266.3050855,204,1468
52922365,0,,25600003,219207.3422,573398.1792,259.1687335,212,1574
52921643,3.62,,25600003,218987.963,573297.5917,165.9841932,238,1641
52921712,2.73,,25600003,219074.1555,573594.3239,274.6879115,248,1769
53409001,4.2,,25600006,220179.6347,575278.1595,245.9781877,309,2438
53409241,3.09,,25600007,221356.3847,574011.8311,171.9243146,363,2573
53409871,2.57,,25600006,220220.2177,575242.6149,279.6636196,296,2343
52926623,4.13,,25600005,220770.2785,573317.9883,190.4558851,259,1557
52927699,8.25,,25600006,221671.4049,574858.4735,150.5345441,344,2802
52927732,3,,25600005,220858.2255,573227.5366,205.8528414,233,1750
52927753,3.6725,,25600006,221481.0124,575001.4762,274.7987076,364,2969
52927760,3.51,,25600006,220410.3051,575137.9143,160.87297,290,2296
52927770,3.16,,25600006,221365.908,574702.43,209.1754535,370,2792
64914662,0,,25600006,221144.1955,574553.4235,267.4133798,251,2068
52927789,7.48,,25600006,221131.613,575119.3808,162.3492344,362,2726
52927791,4.19,,25600006,220265.4437,575074.61,263.4653942,287,2123
52927825,15.26,,25600007,220709.9398,574471.3233,302.2380009,249,1977
52927939,2.52,,25600006,220162.1802,575613.7179,214.4699434,407,2846
52928060,6.29,,25600005,220924.9752,573431.2991,139.7109105,237,1630
52928166,6.58,,25600005,221365.2018,573036.8853,185.0475274,330,2607
52928174,7.33,,25600006,221313.0206,574811.6908,184.677246,346,2757
52928213,3.91,,25600006,220232.6294,574857.6762,172.4728254,280,2039
53410161,2.91,,25600006,220932.6789,574959.8825,155.1218299,323,2567
52928227,7.15,,25600006,221501.1263,574944.4328,187.4795622,358,2933
52927337,0,,25600006,220052.9787,575070.9144,208.0639202,252,2026
64914693,5.51,,25600006,220106.5026,575435.6375,283.1984058,344,2601
52927365,4,,25600006,220247.1368,575074.6182,133.9207657,284,2106
52927404,0,,25600007,220995.286,574042.1866,272.9186813,222,1638
52927488,4.17,,25600006,220945.3448,574676.528,137.8990034,337,2553
52927431,5.26,,25600006,221466.8889,574778.7314,264.865583,380,2925
52927438,5.59,,25600006,221718.6802,574725.8671,214.0074842,328,2757
52927443,3.06,,25600006,220937.1412,574831.7972,165.710947,331,2511
53410040,5.31,,25600006,221375.7722,574625.0046,192.2108128,303,2384
52928654,5.94,,25600006,221612.5249,575097.0045,119.5767855,395,3374
52928684,0,,25600006,221345.8345,574703.5403,252.8812444,368,2770
52928772,8.34,,25600006,221384.2651,575007.6452,216.4450961,384,3047
52928714,8.49,,25600006,221804.567,574804.9793,153.3899649,346,2939
52928717,4.5,,25600006,220338.059,575004.2647,165.0823146,309,2300
52928718,3.48,,25600006,220410.4573,574961.084,162.1143736,277,2159
64807242,3.91,,25600006,221455.6717,574648.745,156.805574,293,2437
52928746,5.67,,25600006,221601.5595,575117.7935,169.5417075,397,3397
52928824,3.54,,25600005,220655.4544,573519.1166,303.590161,184,1278
53410273,4.27,,25600006,220966.7618,575127.7652,169.5974411,359,2734
52928863,5.48,,25600006,221774.8247,574467.8073,434.9134511,344,2595
52929032,2.94,,25600003,218880.5365,573464.7495,161.4074997,240,1691
53409451,2.78,,25600002,220270.5643,574501.6742,494.1038333,223,1584
52929155,3.89,,25600006,221045.8024,574804.3685,173.678299,289,2366
61063097,3.8,,25600006,220434.3408,574807.5336,303.4186343,303,2300
52928382,3.57,,25600005,220820.0667,573054.3611,279.2375746,255,1848
52928403,6.21,,25600006,221582.0874,574455.3339,118.0243411,315,2414
52928505,7.27,,25600006,219844.9992,575479.3752,177.8772473,338,2501
53410234,6.96,,25600006,221486.1625,575057.0186,177.3126217,353,3031
52929708,0,,25600005,220913.9141,573051.9878,294.5431978,265,1894
52929786,10.59,,25600006,221248.8948,575121.8414,160.9297932,383,2835
52929830,5.83,,25600006,221036.5666,574773.7445,159.4183205,312,2415
52929864,2.86,,25600005,220607.809,573510.8128,225.5203922,182,1261
52929335,10.52,,25600001,219531.5757,574478.1547,143.7973148,141,1071
52929535,2.9,,25600006,220434.3226,575111.3344,176.358929,289,2290
53410621,3.03,,25600003,218880.3026,573566.2137,187.1749507,229,1618
64807240,3.28,,25600006,220168.8378,575572.9867,235.1065717,353,2650
53410657,6.42,,25600006,219926.0043,575227.5064,192.8873782,278,2218
61063118,3.93,,25600006,220197.8246,575013.5033,217.7743282,272,2024
52930430,6.27,,25600006,220042.7284,575278.0982,214.1536498,300,2321
52930480,3.4,,25600006,220056.4488,575622.0843,135.0878175,411,2815
52931604,0,,25600005,220441.9289,573484.8384,509.5541144,150,1101
61063115,0,,25600006,220235.2363,575340.4104,456.9868258,306,2451
52931637,6.36,,25600003,219140.2886,573210.1241,198.8109594,224,1687
53410771,3.86,,25600006,220236.3394,575308.1741,191.8394405,301,2385
52931129,9.31,,25600005,220934.981,573450.6499,142.8631943,240,1647
64914919,8.12,,25600006,220393.5994,575417.608,503.2550525,341,2598
52931184,3,,25600006,220006.7322,575222.3408,181.6879132,293,2267
52931275,3.16,,25600006,220075.1656,575682.2165,137.1705154,429,2897
52931303,6.16,,25600006,221068.4325,574961.0116,167.4685201,335,2586
52931472,4.16,,25600003,219071.7416,573339.4064,218.4237803,238,1655
61063124,2.86,,25600005,220476.0833,573547.4055,268.5050262,154,1090
52932498,2.98,,25600005,220923.0233,573350.6955,126.8594257,221,1798
52932533,3.67,,25600003,219301.0988,573372.175,221.2203284,160,1181
53410948,6.78,,25600006,219999.5123,575530.7069,144.1764927,418,2866
52932882,0,,25600005,220710.3361,573256.872,223.0552858,197,1577
52932107,6.53,,25600006,220226.4955,575608.3826,236.2897337,446,2937
52932125,5.92,,25600006,220007.3657,575266.6301,167.0019991,295,2284
64914978,0,,25600005,220477.3552,573354.2287,609.2295969,162,1234
61063138,0,,25600006,220145.888,575645.5044,163.0033634,426,2859
52932250,3.81,,25600005,220545.3609,573359.0789,217.8160694,179,1276
61063134,0,,25600003,218794.2156,573406.0423,317.9433878,236,1863
53411099,4.47,,25600003,219054.3404,573516.9864,287.1628221,235,1695
52933538,4.29,7300,25600004,219242.1217,572053.4975,404.8342284,224,2434
52933605,3.1,,25600005,221246.8457,572958.3892,249.4700964,311,2486
52933700,0,,25600006,220284.314,574977.3859,218.6280628,304,2129
52933824,4.66,,25600005,221471.324,572986.2562,181.6501439,352,2756
52933830,6.62,,25600005,221274.4777,572940.3663,140.0768902,311,2485
52933020,0,,25600005,221066.7765,573232.5582,363.8660573,239,1978
53410320,5.88,,25600006,220313.1526,575479.1057,153.40415,341,2645
52933056,0,,25600003,218994.5167,573548.1673,235.8844328,215,1563
52933960,2.95,,25600006,221398.945,574644.3227,198.3574228,376,2842
52934024,5.63,,25600006,221262.6361,574642.0648,194.8823194,284,2242
61063154,0,,25600006,219988.9872,575474.0049,167.037026,427,2919
52934046,6.64,,25600007,220928.986,573988.8061,166.7714337,206,1480
52934066,0,,25600006,220332.2508,575484.1561,195.9293215,344,2664
52934139,4.89,,25600003,219254.9396,573306.7951,251.933959,196,1548
52934370,3.18,,25600006,221014.9245,574804.0464,169.6532859,322,2452
52934320,3.46,,25600005,220879.7199,573085.3009,186.9622133,280,1917
53410383,8.98,,25600006,221620.2515,574950.1323,174.4890277,337,2862
52934342,6.91,,25600006,221115.1001,574694.2518,151.9722292,269,2220
52934351,3.6725,,25600005,220706.4412,573406.6762,249.2330365,216,1401
53410390,5.11,,25600006,221535.9236,575117.6163,163.4096446,397,3366
52934383,0,,25600006,221320.2117,574640.1604,195.3753572,310,2433
52934607,5.38,,25600005,220889.2884,573434.3738,119.52339,234,1614
52935471,6.87,,25600003,219310.6835,573390.6304,186.5073034,158,1168
52935472,3.93,,25600003,218833.9584,573315.0221,168.5996597,204,1683
53411469,8.93,,25600005,221255.5713,573128.3882,97.0459054,302,2477
52935523,6.75,,25600005,221191.2568,572991.0105,142.6366834,290,2383
52935560,3.69,,25600003,219093.9011,573387.9023,152.4391577,240,1690
52935568,3.36,,25600003,218844.6456,573121.5734,189.5249074,267,1949
52935596,2.57,,25600005,220766.6533,573492.9369,262.0743941,200,1420
52935597,3.62,,25600005,221199.9598,572932.3726,197.2885695,294,2421
53411486,0,,25600006,220537.4775,575236.9851,165.0446949,321,2453
52935611,2.42,,25600005,220897.8786,573449.851,160.83604,238,1637
52935638,4.08,5501,25600006,220157.3393,575316.4879,150.7706585,309,2438
53411504,3.8,,25600006,220040.3501,575567.0891,123.8866279,410,2812
53411506,5.88,,25600006,220764.6187,575360.776,155.9796264,330,2601
52935088,2.79,,25600005,221024.5476,573255.5106,349.5388599,250,1968
52935027,5.44,,25600005,220961.2832,573266.044,263.2850419,251,1862
52935043,4.87,,25600005,220837.3565,573350.3377,242.9690301,216,1579
52935070,3.27,,25600005,220793.4992,573119.2081,202.0158081,234,1768
52935109,3.48,,25600006,220083.0543,575646.3984,141.8483911,427,2880
52935131,3.56,,25600006,220032.9875,575349.4301,181.0616131,324,2407
64807474,4.51,,25600006,220264.4019,575279.2647,258.6925874,297,2352
53411583,11.16,,25600006,219878.6131,575520.1707,203.3983887,340,2511
52936430,4.49,,25600005,220862.2825,573122.0046,349.5356228,283,1957
61063168,6.02,,25600006,220238.1974,575275.5612,282.8082482,301,2385
52936619,8.34,,25600006,220180.3439,575613.7656,261.0369249,434,2891
52935958,3.61,,25600006,220087.1956,575699.7411,144.4266117,432,2917
52937115,7.53,,25600006,219834.7954,575515.8711,188.58092,340,2511
53411878,3.84,,25600006,221035.193,574818.7619,148.3161256,291,2384
52937857,5.69,,25600006,221624.2765,575080.6225,165.3209843,393,3357
52939320,0,,25600006,220050.1061,575529.0954,325.0957258,413,2831
52939381,8.56,,25600006,220319.7264,575548.3156,160.8197325,342,2650
52939502,2.82,,25600005,221143.8065,572876.3589,216.8959766,310,2548
52938754,9.29,,25600006,221715.0851,574658.0976,137.3140236,323,2703
64914468,3.02,,25600006,220210.8445,575547.4328,200.1260875,358,2685
61063188,6.97,,25600006,220180.1534,575443.7378,215.6273029,330,2587
52939756,0,7300,25600004,219259.9219,572820.5884,7883.962345,146,1466
52939797,0,,25600006,220200.4623,575270.4099,211.2057015,306,2422
52939812,4.61,,25600006,220334.8617,575314.072,174.0212077,302,2388
52941168,2.84,,25600005,220803.2843,573305.0425,172.5485955,208,1681
52941195,3.64,,25600005,221038.2594,573299.7147,283.2453362,233,1920
52941221,4.6,,25600006,220027.2095,575555.4837,164.6722991,413,2829
52941232,3.59,,25600006,220346.1923,575383.1239,221.6904051,317,2473
52941240,3.56,,25600006,219932.7998,575308.1796,171.969704,314,2300
52940745,6.33,,25600005,221371.7186,572878.8461,170.5561645,317,2587
52940752,4.66,,25600003,218873.9368,573499.7881,220.5478132,240,1694
52940776,3.39,,25600006,220120.2357,575425.9271,200.7695587,342,2585
52940839,6.73,,25600003,218868.2047,573117.751,204.0627478,263,1925
64807318,3.88,,25600006,220207.4961,575470.5097,165.2830813,324,2545
52942206,4.76,,25600006,220754.9065,575319.4708,210.9655531,322,2558
61063198,4.37,,25600006,220216.1162,575430.5385,240.4615762,328,2569
52942255,6.68,,25600005,221514.5829,572943.7865,140.3232304,361,2803
53412544,0,,25600006,221524.3963,574455.5981,193.6017596,316,2418
52941503,4.1,,25600006,220233.7068,574950.2692,207.0581634,284,2046
52941512,0,7300,25600004,218938.728,572767.561,1121.458733,188,1819
52941549,4.33,,25600006,220446.4621,574857.5461,206.1265393,299,2265
53412569,10.5,,25600006,219905.1151,575429.8937,198.8995104,330,2428
52941660,6.64,,25600006,220051.6316,575358.4075,247.4937514,327,2427
52942846,6,,25600006,221133.067,575099.5458,152.656524,359,2714
52942849,4.59,,25600006,220456.8535,575193.96,272.5971069,303,2369
52942884,5.56,,25600007,220851.0405,574448.3802,286.2428976,218,1648
52942892,6,,25600006,220908.1577,574854.9287,201.8906009,315,2502
52942903,3.23,,25600006,220386.4877,574944.2677,186.854224,295,2228
52942923,0,,25600006,220158.8216,574949.0956,189.3555799,260,1947
52943084,3.23,,25600006,220292.3376,575482.5485,183.4751488,338,2622
52943349,10.51,,25600001,219525.1229,574449.0123,153.6102448,193,1239
52942421,7.85,,25600006,221629.0819,574906.8341,185.736962,333,2821
52942429,5.53,,25600006,221437.0477,574504.3913,206.4066171,301,2318
53412085,5.77,,25600006,220122.8392,575093.213,244.5167411,261,2032
53412086,3.69,,25600006,220279.98,575038.4061,221.3599898,289,2135
61063204,0,,25600006,220615.3875,575041.5135,242.8619888,282,2253
61063205,4.03,,25600006,220609.9353,575090.136,258.3629426,285,2281
52943877,8.87,,25600006,220036.5494,575091.8072,138.3536656,255,2053
53412089,0,,25600006,220326.4518,575042.8067,162.1895342,298,2301
52943863,4.91,,25600006,221456.7918,574877.5607,209.8960123,382,2915
52943865,3.04,,25600005,220972.6928,573283.9114,232.8182406,228,1869
52944248,3.61,,25600006,220317.9594,575280.754,134.478378,299,2370
52943636,7.44,,25600006,220254.4318,575483.0489,260.5621093,312,2524
52943650,5.54,,25600006,220158.1491,575468.6889,179.7072073,346,2651
53412056,7.81,,25600006,220228.1609,575655.1896,131.0246365,447,2941
52943723,4.68,,25600007,221083.1598,573734.7848,91.74955232,248,1778
52945166,3.19,,25600006,220247.8559,575550.6768,257.3923266,364,2723
52944607,4.82,,25600005,221298.2325,572731.4149,135.9614597,338,2755
53413315,3.45,,25600006,220954.191,574705.2941,128.3851034,290,2338
61063222,3.69,,25600006,220535.5987,574988.8164,194.8023322,269,2159
52946177,4.84,,25600003,219095.29,573351.7868,185.5170728,217,1467
52945331,4.19,,25600006,220367.3329,575067.5372,182.4100123,293,2268
52945346,1.79,,25600006,220913.0208,574927.4998,172.3902644,322,2566
53413486,0,,25600006,220397.8198,575318.8249,435.2814925,311,2451
53413490,0,,25600006,220147.8351,574893.9682,308.6995792,258,1949
52947179,4.25,,25600006,220186.9141,574934.2229,268.1943193,275,2009
64807440,2.89,,25600006,220264.8862,575241.6342,216.4309383,290,2298
52947635,3.48,,25600006,220237.8752,575038.1424,190.3660642,282,2090
52947650,3.18,,25600006,220389.6909,574990.7002,178.1291101,283,2195
52947668,0,,25600006,221066.9656,574991.2443,195.226488,339,2636
52947807,3.77,,25600006,220197.1004,575311.6862,229.2167509,307,2424
53413672,0,,25600006,220315.6056,575348.7031,237.8859801,310,2441
52948101,4.18,,25600006,220348.9576,575036.9073,130.8126745,294,2271
52948134,6.51,,25600006,221445.4639,574842.2191,164.9277507,372,2879
53412937,4.15,,25600006,220642.7252,575035.1691,202.7961268,298,2323
52948618,3.82,,25600006,220225.0447,574935.6374,163.1404714,280,2029
53412938,5.2,,25600006,221343.4338,574663.2464,167.383894,369,2781
52948624,4.95,,25600006,220505.7644,575193.0379,289.7659628,309,2399
52948274,2.79,,25600003,218882.1194,573301.6394,190.817005,202,1655
52949097,7.43,,25600006,221053.5516,575047.1077,216.4097892,346,2674
52949136,3.88,,25600006,220379.3257,575005.3842,184.2445933,285,2214
53413045,3.96,,25600006,221000.2676,574951.928,133.3796421,344,2648
53413048,0,,25600006,220965.8911,575064.4782,164.3943624,348,2673
52949857,6.82,,25600006,221586.1985,575066.2811,195.0533285,394,3368
52949912,6.78,,25600005,221494.9813,572946.329,126.4100198,357,2783
52949914,6.47,,25600003,219004.0117,573162.6783,239.1611944,234,1528
52949467,8.72,,25600005,221300.963,572778.9683,216.3267593,335,2733
52949636,3.37,,25600005,220556.4225,573341.6789,259.8258388,196,1336
52949756,9.86,,25600006,219871.9213,575396.1169,208.4895341,326,2401
52950433,3.35,,25600003,219098.8995,573195.4275,197.196443,213,1438
52950717,0,,25600005,220590.9333,573426.2535,251.2772229,203,1345
52950844,5.88,,25600006,220274.2415,575480.9505,184.4405754,335,2602
61063244,3.47,,25600006,220091.0802,575612.9429,196.3171907,411,2801
52950272,4.72,,25600007,221078.2311,573981.5637,165.0621418,231,1723
52951255,3.37,,25600005,220909.163,573096.3586,300.1511784,279,1915
52951370,0,,25600006,221697.3941,574634.9751,149.7677275,321,2683
52951490,0,,25600006,219985.2113,575658.367,140.5849562,427,2878
52951496,3.45,,25600005,220504.595,573299.6842,405.5913274,168,1292
52951499,4.02,,25600005,220770.6613,573174.7351,266.0481772,226,1708
52951617,3.17,,25600005,220986.6828,573168.9956,303.7284308,272,2067
61063246,3.08,,25600006,220151.1735,575441.9608,276.355091,341,2576
52951652,3.2,,25600005,220523.5843,573348.2524,155.8723388,164,1256
53414368,2.82,,25600005,220906.0401,573216.9173,439.2255262,288,2003
53414373,5.46,,25600006,221225.7529,574644.9688,176.1555977,279,2204
52951680,6.06,,25600006,220924.7907,574705.7117,111.0744231,332,2529
52950892,3.34,,25600005,220905.1211,573399.6362,161.217521,231,1602
53414232,3.31,,25600003,218897.7426,573436.5338,157.5848001,219,1623
52951168,10.48,,25600001,219507.6853,574440.7077,162.1258355,195,1252
52951175,3.59,,25600006,221546.563,574428.7034,474.9024593,314,2409
52951177,5.59,,25600006,221722.6467,574697.5744,176.7425215,326,2733
53414473,4.01,,25600007,221223.7849,573878.232,180.8790597,271,2047
53414476,3.35,,25600005,221208.7206,572835.0449,199.8778668,323,2625
61063249,3.7,,25600003,218876.6169,573396.9358,195.9275155,224,1650
64914409,3.6725,,25600003,219361.3854,573478.8679,329.426169,173,1184
52952622,6.63,,25600005,220874.2897,573461.9227,159.0489054,224,1515
52952624,3.9,,25600006,220929.3786,574859.8428,188.754674,333,2525
52952726,8.21,,25600006,221659.04,574776.5503,151.9184509,320,2690
52951835,5.58,,25600003,218966.443,573148.5811,179.1273934,260,1923
52951907,2.28,,25600006,220745.5624,575301.2405,202.7776079,318,2535
52952099,9.2,,25600006,221736.5735,574848.9617,194.3531028,351,2852
52953181,3.77,,25600005,220937.3672,573202.4029,263.2145517,271,1936
52953195,0,,25600005,220718.2521,573292.7544,213.6722241,222,1663
52953262,0,,25600005,220981.7632,573207.4446,297.0311406,266,1912
52953349,2.83,,25600006,219883.0598,575337.0367,260.4489402,320,2343
52953511,5.6,,25600006,220134.2246,574903.0637,218.9709164,259,1937
52953648,15.06,,25600007,220738.9855,574478.5172,293.2694245,233,1577
52953676,7.31,,25600003,218763.8163,573335.0507,245.7270923,225,1799
52953708,4.06,,25600006,220153.6829,575383.4015,313.9781603,324,2527
52953720,4.06,,25600006,220479.1906,575221.6827,136.4430738,310,2405
52952778,7.33,,25600006,220330.3068,575380.1253,179.5842042,314,2457
53414633,3.73,,25600005,221053.7886,573205.6682,334.8750228,254,2002
64914563,3.4,,25600005,220577.819,573297.7207,404.293476,206,1385
52954096,3.6725,,25600003,219117.7465,573202.6854,223.7810078,210,1417
52954102,4.06,,25600006,220262.2157,575309.4104,267.6786212,297,2352
53413940,5.71,,25600006,220713.1202,575302.394,195.6728561,317,2531
53413949,0,,25600006,220524.9663,575224.6779,184.9933613,317,2436
52954485,3.06,,25600005,220831.6877,573212.7184,280.6729638,228,1720
52954564,13.19,,25600001,219426.4592,574203.9974,184.4079974,274,1465
53414885,0,,25600005,220900.7683,573116.15,186.3252404,281,1936
52954642,3.37,,25600005,220990.8627,573102.8765,252.4214725,279,1981
52953731,5.5,,25600005,220925.8777,573129.9346,320.5541598,283,1997
52954671,3.64,,25600003,218847.6725,573273.4429,199.7265895,206,1700
53413913,3.68,,25600007,220959.9358,574351.8108,207.0797874,242,1689
52954056,14.21,,25600001,219405.9504,574088.5772,189.5751329,167,1141
52955072,4.87,,25600005,220987.8319,573252.4732,305.0987847,255,1887
52955123,3.44,,25600005,220881.2349,573351.6682,296.9337475,220,1771
52955145,3.08,,25600003,218929.394,573226.9391,222.2660156,270,1776
52955151,2.59,,25600005,220722.1361,573438.7162,232.6684728,235,1432
61063268,4.05,,25600005,221041.8963,573178.7181,474.1014763,269,2035
52955229,3.24,,25600006,220005.8625,575677.4314,126.6354549,427,2878
52955236,0,,25600006,220120.4768,575637.4019,144.1571837,420,2837
52955474,14.02,,25600001,219325.7845,574135.777,190.8082348,193,1254
52955476,5.75,,25600006,220890.7053,574790.602,162.32616,308,2443
52955539,11.85,,25600001,219296.9118,574480.6949,374.0742974,228,1655
52955571,5.34,,25600003,218825.3224,573133.7036,223.9516372,269,1963
52954965,3.33,,25600006,220070.0875,575634.4788,138.8214563,425,2863
64914245,3.6725,,25600006,220583.7389,574927.1739,238.6906026,290,2265
52956006,3.34,,25600003,219226.8432,573271.3426,232.5166625,206,1590
52956310,4.11,,25600005,220599.8235,573253.6419,330.5505185,213,1423
52956373,0,,25600006,220183.1053,575407.6116,256.0597521,325,2531
52956349,3.02,,25600007,220920.5038,574088.0442,158.3955079,190,1391
52956405,9.4,,25600007,220937.0519,573971.0263,132.1267956,208,1500
52956541,3.49,,25600005,221449.6531,573008.3219,115.9164531,347,2732
52955697,3.12,,25600005,220951.5871,573342.4489,278.0938513,224,1824
52955797,3.64,,25600005,220624.7567,573602.0955,256.8832491,173,1163
52955903,5.17,,25600005,221061.4761,573166.5466,236.5211642,314,2196
53415125,2.91,,25600007,221413.7353,574151.6974,139.812029,331,2408
65059527,7.08,5300,25600003,219277.2996,573794.158,1023.687515,123,967
52957005,3.23,,25600005,220885.4369,573238.4187,254.2787134,238,1784
52957033,6.15,,25600005,220791.7871,573324.9369,297.7958733,257,1544
53415328,0,6520,25600004,219507.8718,573086.217,645.7817293,161,1152
64914345,0,,25600005,220839.3062,573435.5461,355.3857385,208,1503
53415359,3.3,,25600007,220984.7169,574408.0229,175.0814234,248,1717
52957269,3.94,,25600003,218890.9431,573120.8847,185.4929276,262,1913
52957275,3.06,,25600003,219022.5293,573170.4405,208.8212409,233,1518
53415367,3.41,5305,25600005,220875.3311,573157.596,258.306882,291,1985
52957315,3.22,,25600003,218942.0316,573260.0281,194.0944125,254,1701
52957327,4.48,,25600006,220130.8779,575410.7173,285.544656,340,2566
52957335,3.07,,25600006,221279.6443,574640.9078,181.1849532,315,2474
52957469,6.9,,25600003,218817.1154,573240.1714,226.8624504,224,1757
52960851,9.37,,25600006,219908.9853,575411.5836,199.6901081,328,2410
64914247,2.85,,25600003,218916.3482,573513.5808,262.7735912,228,1641
53416669,8.68,,25600006,219912.7778,575393.0986,199.3310425,325,2391
52964602,3.4,,25600006,220230.5828,575549.419,211.1586298,361,2705
52965058,7.87,,25600006,219984.942,575092.6931,192.2227081,258,2082
52966469,3.34,,25600006,220343.0766,575208.6089,182.1912273,288,2282
52966921,8.91,,25600006,221515.7406,574802.021,263.5972429,382,2948
53417290,2.65,,25600005,220752.3664,573376.7469,196.4512202,249,1503
61063312,3.1,,25600006,220603.1186,575030.177,280.4217105,280,2237
52971473,4.18,,25600005,220868.2538,573484.0475,233.7455966,223,1513
52972779,3.51,,25600005,221501.6728,573001.7319,161.957903,358,2785
52973035,0,,25600007,221040.554,573878.403,134.011152,233,1633
53417382,4.45,,25600006,220526.5362,575277.3611,251.2409261,326,2478
52974018,6.47,,25600006,221187.268,575170.6244,196.9590944,373,2781
52975559,3.1,,25600007,221102.11,574397.579,119.881601,270,2079
53418139,0,,25600006,220350.7777,575350.1569,286.0472219,318,2476
52980436,2.98,,25600006,220048.3157,575658.4619,130.9607704,424,2861
52980439,6.73,,25600006,220223.522,575641.5917,258.9654468,445,2935
53419531,2.47,,25600005,220737.0075,573345.5313,253.6797421,261,1577
64914350,0,6520,25600004,218758.8839,572895.2292,601.1733618,221,2120
52980957,3.28,,25600007,221032.3504,574413.9364,170.0035021,251,1863
52980961,0,,25600006,220203.4176,574965.887,163.4700436,284,2044
52981365,5.85,,25600006,221477.1464,574955.5194,211.6798691,364,2974
52981373,3.02,,25600003,218962.05,573226.2178,202.8564374,265,1741
53419159,5.08,,25600006,221796.12,574863.6469,202.9944775,362,2920
52981816,5.81,,25600006,221424.3241,574678.0777,183.4469516,377,2847
53418820,5.71,,25600006,220057.3147,575096.8755,195.5391035,272,2124
52982084,5.57,,25600006,221542.9022,574925.123,175.1647847,359,2898
52982309,2.74,,25600006,221520.8459,574504.9044,176.7433542,312,2395
52982742,5.51,,25600006,221696.1593,574956.6893,178.0882374,374,3218
53418917,5.08,,25600007,220864.4812,573996.9239,125.9338035,213,1491
52983646,8.59,,25600007,221068.5442,573913.0781,98.83896457,237,1776
52983742,5.65,,25600006,220321.1443,575211.9288,147.8997046,285,2260
68394694,4.34,,25600006,220550.2565,575041.6449,208.3351389,276,2202
52983903,3.71,,25600006,221519.5885,575032.0498,160.8215627,349,2985
52984319,5.43,,25600005,220888.1731,573388.3533,143.235317,228,1585
52984400,3.81,,25600006,220649.5895,575079.1819,173.6516912,290,2301
52984703,4.22,,25600003,218855.103,573431.9584,157.9183014,228,1669
52984720,4.48,,25600006,220977.9909,574861.9813,161.9213731,331,2515
52984245,10.55,,25600006,221770.5783,574983.7508,171.9616724,368,3150
53420223,3.22,,25600005,220506.0017,573389.79,309.4923871,160,1211
52984751,6.52,,25600005,221378.4262,573050.7739,156.4581783,340,2737
52986918,8.12,,25600006,220098.62,575071.186,166.7246967,262,2037
52988433,6.88,,25600003,219042.0413,573175.2713,205.7366512,230,1498
52990174,7.58,,25600006,220304.5634,575547.5759,165.4892945,370,2767
53421333,20.57,,25600001,219418.9355,574480.8583,711.6226212,221,1307
52992636,3.29,,25600006,220467.3106,575208.4645,165.6623365,307,2387
52992267,3.8,,25600006,220034.6656,575518.5616,148.928511,416,2850
52993164,5.15,,25600005,221444.4085,572989.0505,225.693649,346,2729
52993784,9.34,,25600006,221364.8905,574943.4781,249.198294,364,2888
52993221,6.2,,25600007,221468.525,573682.9689,89.34525964,302,2358
52993260,9.94,5305,25600001,219381.0659,574330.2493,839.8471864,224,1377
52993515,2.53,,25600005,220674.3698,573272.4538,206.4183159,223,1473
53421701,0,,25600007,220841.8076,574384.9083,255.2911222,224,1697
52994309,0,,25600007,221138.6593,573628.855,160.1652982,260,1897
52994522,3.9,,25600003,218948.0341,573316.8922,202.3372827,238,1654
52994576,2.29,,25600003,219111.5833,573395.984,210.2082138,201,1290
52994778,0,,25600006,220965.1719,575108.1955,166.2737021,356,2714
52995245,5.45,,25600007,221302.7214,573976.1867,141.7990166,366,2595
52995257,13.63,,25600007,220772.3676,574472.0838,279.5869928,236,1592
52995306,3.6725,,25600005,220730.4103,573417.2122,244.5477535,240,1457
52995451,3.41,,25600005,220750.2518,573308.6017,182.5330653,222,1663
52994945,3.33,,25600005,220944.4244,573227.6478,333.8869797,251,1863
52996181,3.58,,25600006,220227.4747,575072.8227,154.4990304,281,2087
52996245,15.1,,25600007,220601.6937,574424.8514,305.5485326,263,2088
53422162,4.56,,25600006,220847.8955,574878.8091,126.6739911,350,2644
52996351,0,,25600005,220967.9775,573177.7467,318.6128118,272,1943
52996418,7.53,,25600006,219836.958,575496.0932,185.8116599,340,2511
52996668,12.07,,25600001,219259.6468,574017.8453,407.1788253,230,1621
52996692,2.74,,25600006,221406.68,575073.2369,195.7840884,362,3121
52995839,3.59,,25600003,218770.0623,573313.8863,254.0309679,222,1777
52995842,6.52,,25600006,219953.7342,575161.018,139.1810666,267,2147
64807609,7.03,,25600005,221040.1028,573080.0472,437.3328794,272,2266
52995882,3.6725,,25600003,219079.3715,573189.8203,207.5874766,215,1458
52995886,2.89,,25600005,220479.5128,573502.801,146.5732884,149,1090
53421447,3.21,,25600006,221132.9148,574929.2254,172.5169801,320,2510
52997139,7.51,,25600006,221227.5,575066.2482,115.073766,390,2875
53421465,3.92,,25600006,220357.487,574924.9074,181.7427718,294,2227
52997367,3.61,,25600006,220055.1006,575495.6427,140.5272981,379,2689
52998542,2.59,5305,25600007,220854.8648,574050.3876,170.3805434,207,1450
52998595,2.6,,25600007,221073.4329,574374.6392,91.16765278,259,1916
52998036,2.01,,25600006,220670.913,575067.2829,272.0410708,298,2323
53422669,4.33,,25600005,221250.0515,573056.9086,149.471415,304,2498
52999197,0,,25600003,218903.5638,573646.6914,252.2393789,202,1490
52999446,4.15,,25600006,220440.9122,574920.1499,163.1953085,274,2146
53422735,4.9,,25600007,220901.3736,574368.7602,182.2893616,229,1740
52999491,6.71,,25600006,221339.73,574875.6309,98.9548035,356,2825
52998983,7.25,,25600006,221575.9996,574737.9729,200.9557295,393,3030
52999934,9.52,,25600006,221691.9231,574873.2982,98.06268557,347,2827
52999938,3.69,,25600003,219066.795,573556.0706,165.990707,242,1733
53000020,0,5305,25600003,219077.3486,573506.2206,250.7571777,235,1695
53422885,10.38,,25600001,219509.7809,574388.627,149.5347847,163,1056
53000350,5.48,,25600007,221366.9651,573703.0928,196.355119,293,2268
53422900,6.32,,25600006,221018.6285,575060.6436,178.091509,351,2709
53000366,5.21,,25600006,221018.6511,575018.3169,197.3533642,349,2695
53000374,4.39,,25600006,220622.8381,575104.8556,345.2513716,290,2302
53000375,3.98,,25600006,220215.6099,574919.9539,130.5955823,276,2011
53422910,0,,25600005,220704.8253,573468.3866,273.313033,227,1399
53001022,0,,25600003,218987.8389,573439.4367,269.6334788,218,1603
53001058,2.93,,25600006,220345.2461,575418.5027,125.7739238,329,2549
53423031,3.55,,25600003,218897.0461,573316.2039,154.8642052,200,1634
53001090,3.01,,25600005,220670.0702,573586.1303,219.7047068,190,1287
53001450,3.87,,25600005,220827.2427,573149.5506,283.1938049,232,1752
53005920,3.21,7300,25600004,219243.1238,572764.9142,351.0578548,217,1899
53008049,15.32,,25600001,219367.435,574125.6857,183.456876,265,1476
53007180,4.35,,25600007,220962.2093,574217.6139,177.6260358,199,1464
53007473,4.35,,25600005,221552.1434,572997.9915,173.3381087,368,2835
61063409,3.68,,25600006,220296.0256,575348.4188,242.7816825,293,2389
53008233,0,,25600006,220243.3671,574966.6429,189.3837395,289,2065
53008250,0,,25600006,220931.9803,574936.3205,208.8392362,319,2543
53424312,10.29,,25600001,219516.9284,574419.0752,153.3051206,197,1271
53424335,3.12,,25600006,220253.145,574890.5218,202.3287805,281,2046
53008715,5.4,,25600006,220982.2378,575068.8561,200.6135457,357,2743
53008722,5.69,,25600006,221362.9775,574981.3785,190.6987014,378,3064
53009221,3.39,,25600005,220534.668,573330.4462,224.9678233,166,1278
53010176,7.36,,25600007,221367.9525,574219.5729,101.6905107,312,2329
53012055,6.08,,25600006,221131.555,575013.6434,149.7985081,334,2601
53013596,7.95,,25600006,220020.7749,575583.8676,170.2375497,427,2877
53425178,3.25,,25600003,219195.2657,573242.6661,221.120829,210,1628
53014066,4.37,,25600005,220682.5778,573457.8687,252.177544,201,1345
53014362,3.33,,25600006,221032.1298,574932.8953,184.1935053,338,2603
53014384,5.62,,25600006,221067.4328,574775.6257,152.9137356,285,2330
53014409,8.86,,25600006,221757.3458,574926.3909,146.2781283,368,3154
53014473,4.15,,25600005,220977.7721,573328.6871,313.3708283,227,1854
53014520,3.62,,25600003,219003.8665,573452.5817,176.5362669,222,1622
53014559,2.15,,25600006,220054.3756,575578.5347,307.8266334,407,2788
53013682,5.4,,25600007,221202.1854,573999.2898,152.3541085,260,1930
53013915,3.47,,25600006,220586.05,575020.6922,184.6794841,278,2217
53015119,2.83,,25600005,220564.7609,573590.2005,202.3589664,157,1096
53015252,3.98,,25600006,220072.9589,575106.7829,273.1247543,274,2142
53015267,3.6725,,25600006,221000.519,575066.2254,190.7747304,354,2724
53015270,8.97,,25600006,221447.1456,574926.7951,184.2109389,385,2940
53425573,3.94,,25600006,220394.3302,574928.6451,235.5758488,291,2210
53015361,3.33,,25600005,221000.4782,573194.8664,307.6403093,269,2034
53015379,3.8,,25600005,220967.2823,573140.6145,332.5125123,276,2106
53425591,3.6725,,25600003,219241.3206,573287.5603,207.5478132,199,1572
53015462,0,,25600003,218907.0264,573204.3073,278.990709,270,1783
53425477,6.84,6535,25600002,220238.5658,574412.1008,382.2062786,198,1372
53014792,3.62,,25600006,220422.41,575152.3642,240.5711436,293,2315
53014813,7.71,,25600006,221532.1342,575017.6737,218.0679077,347,2964
53014920,3.6725,,25600005,220695.9396,573279.4401,374.3905566,228,1495
53015950,3.73,,25600005,220851.13,573147.4483,195.7840644,291,1986
53014946,1.14,,25600003,218866.7595,573288.3137,221.9746406,204,1675
53015958,3.46,,25600005,220852.9367,573097.403,242.9440913,240,1813
53016026,6.2,,25600005,220858.3153,573649.2429,127.3759629,218,1423
53016027,2.53,,25600007,221052.2847,574393.2147,156.8885577,255,1895
53015611,3.41,,25600006,220011.3597,575625.3181,137.2514753,424,2860
53015623,4.03,,25600005,220796.0386,573657.1653,164.5512749,208,1370
53016937,11.33,,25600006,219887.6301,575504.1944,199.9427634,338,2499
53016938,3.91,,25600005,221350.2741,572697.1942,243.9657355,346,2818
64914332,2.86,,25600006,220267.0369,575546.7738,242.0879224,366,2742
53017903,3.78,,25600006,220480.8603,575165.2884,216.4296897,301,2362
53018284,2.61,,25600005,220736.0588,573553.6387,282.2204834,193,1352
53023905,6.84,,25600007,221037.1727,573946.8621,166.903161,234,1753
53023922,8.69,,25600007,221059.9355,573893.7087,182.8900703,239,1796
53023284,2.68,,25600005,220587.3113,573572.4229,272.1449978,169,1203
53023568,6.28,,25600007,221290.2055,573847.9491,119.7606485,277,2106
53027540,0,,25600003,218993.5589,573699.5535,287.0848316,173,1374
53427889,4,5501,25600005,220555.8237,574039.2054,194.2945405,162,961
53028786,3.1,,25600007,220939.8658,574171.0637,169.5181283,202,1497
53028793,0,,25600007,220769.6183,574117.3628,261.6012193,166,1222
53028820,5.41,,25600007,221193.9833,574105.1935,175.210042,238,1773
53427990,3.51,,25600003,219356.6245,573631.871,348.9988322,138,928
53030193,6.67,,25600007,220916.2644,574004.9455,115.0110991,203,1460
53030323,10.38,,25600001,219521.4352,574224.5545,134.2369773,187,1051
53030325,0,,25600007,220983.0303,574055.588,206.4030366,221,1621
64914554,4.62,,25600007,221394.091,574011.0463,277.0221538,346,2514
53030328,3.1,,25600007,221003.1157,573951.7671,157.5896945,214,1551
53030353,2.1,5000,25600005,220530.0105,574056.7862,125.2687532,162,961
53029783,0,,25600007,220979.5228,574005.415,153.2000225,207,1492
53031962,5.08,,25600006,220143.183,574995.059,282.5545204,265,1980
53032233,12.16,5600,25600003,220054.7451,573923.3454,804.2585321,105,525
53032458,5.56,,25600007,221159.7537,573708.6969,172.5228082,254,1840
53032946,0,,25600006,220337.8431,574954.3489,151.2349303,302,2263
53428703,3.41,,25600007,221267.7165,574001.4739,155.8390903,360,2617
53035266,2.8,,25600005,220545.7132,573560.7055,217.3594815,163,1160
53038216,4.34,,25600005,220814.5188,573683.2704,150.4701633,207,1369
53038408,2.83,,25600007,221020.5002,573836.4007,176.6886832,236,1658
53038594,13.94,,25600001,219317.8731,574044.0259,195.4396389,244,1709
53039386,2.73,,25600007,220855.1255,573959.0484,178.7588098,220,1533
53040316,3.6725,,25600007,221005.5577,573851.3342,151.0849455,234,1638
53040239,3.86,,25600006,220492.2686,575181.1192,189.804965,306,2381
53041397,0,,25600007,220826.6561,574408.0194,299.3114345,220,1669
53041078,12.03,,25600002,220141.139,574399.0803,679.3858941,253,1849
53042300,7.42,,25600007,221219.3756,574264.9993,177.570337,276,2217
53430420,4.54,,25600006,221076.1836,574613.1907,168.3818342,266,2189
53042533,7.35,,25600006,221484.8337,574612.5725,141.3040325,295,2456
53042563,24.76,,25600002,220298.3324,574435.4293,359.7337884,231,1629
53430318,3.6725,,25600007,220882.1941,574407.9526,234.0460653,224,1699
53043391,5.45,,25600007,220907.395,574500.9427,216.1504189,228,1701
53043425,3.26,,25600007,220938.2651,574496.3999,276.2436336,232,1730
53043527,2.69,,25600006,220149.5068,575178.8606,208.4883735,286,2225
53042894,10.15,,25600001,220073.1416,574480.7053,813.1472346,158,1179
53042989,3.22,,25600007,221023.9584,573988.9391,162.4022615,229,1698
53044053,12.18,,25600001,219288.3229,574050.5852,196.1340225,244,1709
53044445,3.76,,25600006,220445.0966,575125.0507,170.7170017,292,2308
64914338,8.18,5900,25600006,222294.2198,574280.1934,1437.48058,355,3110
53430803,10.06,5900,25600006,222293.1514,574257.816,636.9445514,355,3109
53043752,0,,25600007,221024.936,574315.8045,160.1752166,228,1618
53044008,14.3,,25600007,220594.5656,574165.2908,325.7127833,170,1064
53044020,5.71,,25600007,221220.7463,574226.6345,124.3218412,281,2257
53044028,14.95,,25600001,219390.7591,574114.0711,184.3243292,268,1497
53046422,5.04,,25600005,220747.5813,573626.7107,380.3897939,186,1290
53046832,0,,25600006,220281.3384,575010.1713,182.3195463,304,2128
53048278,5.44,,25600007,220855.8886,574359.0956,283.8080659,228,1729
53049860,0,,25600003,219124.0028,573252.7984,131.0047446,209,1413
53052067,3.5,,25600005,220934.9598,573279.6222,245.8283689,246,1835
53051465,3.92,,25600007,220848.0629,574119.4008,132.9145891,173,1290
64807944,8.46,,25600007,221291.6122,574225.889,202.711116,313,2330
53053306,8.97,,25600007,221067.6064,573840.94,130.5483893,238,1679
53054557,2.74,,25600007,221124.8637,573740.1471,116.9874105,250,1795
53054643,2.9,,25600005,220568.0371,573567.7566,247.9308513,166,1183
53054656,6.43,,25600007,221481.5648,573672.3964,209.7685283,304,2375
53054747,6.16,6520,25600003,220037.9562,573885.3641,505.9890607,101,384
53054180,3.15,,25600005,220432.8401,573559.4739,457.9164956,143,1028
53054993,5.69,,25600007,221453.215,573631.3814,127.4672465,304,2376
53056419,10.37,,25600001,219493.1622,574378.9168,159.1999079,210,1303
53055879,3.45,,25600003,219066.635,573683.7959,146.8105591,237,1617
53055999,5.69,,25600006,221178.325,575016.6907,134.780144,338,2621
53057283,4.29,,25600007,221397.2911,573681.8627,158.3567723,297,2301
53057394,4.91,,25600003,219009.3185,573594.2301,222.3240312,207,1519
53056856,12.68,,25600001,219317.5308,574167.0354,206.1546716,222,1304
53432977,4.59,,25600007,220994.2388,574284.5088,194.4948744,204,1509
61063553,3.7,,25600005,220469.8803,573569.9401,299.1292048,142,1020
53057738,3.6725,,25600005,220492.1328,573575.5948,257.1476454,146,1023
53433142,10.69,,25600001,219538.9562,574223.4035,148.9763322,186,1043
53057838,6.74,,25600007,221228.4193,573856.6127,233.7367755,273,2065
53432555,5.32,,25600003,220343.3088,574106.9822,262.4565141,143,764
53058899,5.54,,25600007,220889.2422,574279.2416,276.1585729,238,1817
64808051,2.28,,25600007,221246.381,574005.0762,167.6191538,266,1925
53432599,6.24,,25600007,220826.5739,574011.1117,111.8338714,213,1491
53059671,8.4,,25600007,221252.5978,573904.5144,125.0659632,270,2034
53433813,6.91,,25600007,221226.9629,574321.1233,208.6950674,269,2158
53063004,7.32,,25600007,221290.2784,574266.5141,198.2472876,312,2325
53063349,2.99,,25600005,220541.7644,573583.3883,288.2261759,154,1072
53063350,0,,25600002,220015.6523,574371.0127,607.6646454,271,1966
53064050,10.43,5340,25600003,219171.8149,573697.0776,593.7135926,138,1104
53065752,3.22,,25600005,220705.2931,573559.0216,409.0018518,207,1316
53065283,3.5,5900,25600006,222356.7886,574282.0073,211.9886167,360,3173
53065346,2.92,,25600007,220885.9794,574167.7651,310.4955115,180,1343
53066289,28.45,6840,25600001,219165.1384,574202.1121,381.8647879,229,1633
53067667,6.32,,25600007,221187.4199,574058.0154,144.1720691,252,1877
53080312,3.95,,25600005,220838.8999,573623.0382,195.6480512,218,1426
53079473,3.6725,,25600006,220370.6856,575347.8492,249.0360657,322,2496
53085372,3.77,,25600005,221345.159,572996.4074,120.601582,339,2731
53087253,5.87,,25600006,220986.0046,574774.4886,156.7177212,320,2446
53438525,2.93,,25600007,220959.365,573941.217,214.8902516,213,1537
53090896,5.44,,25600007,221353.1724,574291.4369,135.6391148,292,2248
53090921,4.75,,25600007,221160.6582,573590.7032,211.8769103,264,1942
53091019,5.31,,25600007,221399.8383,574046.4403,322.0277661,344,2495
53092163,4.88,,25600006,220647.1237,575133.2086,170.3964772,294,2342
53093098,3.04,,25600007,221409.0037,573646.3762,147.3733507,300,2332
53093194,3.4,,25600001,219385.388,574481.9977,673.0011661,223,1315
53102729,3.7,,25600006,219966.7999,575125.6046,155.6209937,264,2120
53103211,9.19,6520,25600007,221514.9733,574350.832,268.9587834,320,2458
53441476,3.24,,25600006,220305.9293,575042.5174,151.7684298,293,2163
53104107,7.21,,25600006,220851.8117,574807.9714,154.7772323,334,2554
53105900,3.92,,25600006,220227.0819,575446.2455,345.9471933,326,2554
53107297,3.54,,25600006,220150.6739,575535.4659,192.5906002,341,2629
53441884,6.23,,25600006,220189.1489,575575.9587,233.841442,356,2666
53442669,3.65,,25600003,219019.7609,573356.4314,158.8808962,221,1608
53111738,2.64,,25600005,220717.5437,573385.4933,187.8959582,219,1425
64917503,6.16,,25600006,221395.0895,574547.2748,201.1956741,281,2318
53115431,2.74,,25600007,220977.8494,574196.8271,182.9454744,201,1489
53115479,3.35,,25600003,218858.6539,573462.3832,196.1483879,244,1710
53116462,3.63,,25600006,220210.065,575345.4263,262.6232847,310,2474
53117477,0,,25600003,219341.8722,573671.6459,300.9590644,145,1052
53118562,10.29,,25600006,219876.2756,575372.978,196.760114,324,2377
53118610,3.08,,25600006,221097.5519,574733.3272,160.6762185,276,2277
53118659,0,,25600006,220397.8176,575040.9041,139.0871648,288,2232
53118152,3.65,,25600006,221650.2037,575042.4809,176.3618914,389,3314
64808446,5.83,,25600006,220303.1928,575211.1525,149.3930653,275,2251
53118937,0,,25600003,219003.6011,573570.918,209.1918334,211,1541
53123937,4.86,,25600005,220824.2557,573636.3357,227.0785538,214,1405
53128701,3.6725,,25600006,220249.9835,574852.0935,232.7643644,282,2057
53131846,2.78,,25600006,220770.5774,575379.2035,183.239221,345,2654
53135233,3.69,,25600006,221085.497,574903.3761,215.7006663,326,2543
53137787,5.5,,25600006,221465.7416,574836.6639,149.3766794,376,2900
53137806,5.79,,25600006,221403.0753,574983.1257,144.022454,374,3035
53137807,6.4,,25600006,221056.2103,574789.8335,146.5071696,287,2348
53138498,6.13,,25600006,221424.3747,574844.426,148.8825745,369,2859
53139600,3.07,,25600007,220974.6306,574279.9389,131.8324688,202,1490
53139220,2.77,,25600006,219948.9424,575315.7452,140.8951466,312,2316
53447051,2.41,,25600007,221348.8117,574154.6091,167.2633133,328,2384
64808498,3.25,,25600006,221516.4358,575130.3043,250.9543409,373,3096
53140846,9.7,,25600006,219899.2136,575466.9712,197.8232136,334,2465
53448075,2.62,,25600003,219019.336,573246.1632,173.6991399,253,1702
53142372,6.25,,25600006,221169.2564,575107.671,135.5694326,360,2716
53142471,4.1,,25600005,220683.4971,573194.1001,359.4548141,192,1523
53143788,0,7300,25600004,219456.9004,572665.6194,6788.398394,187,1564
64808564,6.35,,25600006,220301.025,575244.033,224.4815605,279,2284
53143299,3.97,,25600006,221465.4967,575115.5341,147.0536345,358,3078
53143318,22.74,,25600002,220426.9856,574403.4661,388.291816,195,1188
53448394,3.32,,25600006,220352.8059,575281.9974,194.5311207,304,2405
53144711,2.97,5305,25600006,220226.0988,575400.4436,319.0907566,308,2463
53144828,3.23,7300,25600004,219321.5965,571993.6877,339.4945141,283,2867
53144259,9.63,,25600006,219902.0531,575448.6036,196.5866612,332,2447
53144278,6,,25600006,220033.7794,575204.2452,179.8977915,283,2213
53144550,0,,25600006,221390.4231,574451.1714,166.4750032,293,2268
53145586,5.69,,25600005,220497.9307,573551.0561,199.0384576,157,1112
53146198,3.8,,25600005,221239.7035,572816.8135,194.1582597,326,2661
53147144,3.61,,25600006,220135.7865,574980.2879,156.1704983,263,1964
61063870,5.66,,25600006,220114.8405,575060.0608,176.1005132,259,2018
64917461,3.01,,25600006,220738.2075,575259.1945,341.2330329,312,2496
53151283,3.73,,25600007,220868.8807,574332.6536,260.0344822,231,1758
53150710,2.97,,25600006,220096.5315,575658.542,139.5890009,430,2898
53150810,3.12,,25600006,220468.4209,574829.662,200.6363945,303,2301
53150812,2.97,,25600006,220999.7342,575021.3109,137.6630001,352,2714
53150825,0,,25600006,220408.1683,575026.1484,142.8961837,286,2215
53151791,3.15,,25600006,220062.2628,575670.2135,140.5234239,427,2879
53449690,4.07,,25600007,220791.9291,574081.9495,118.3548878,166,1222
53152251,4.46,,25600006,221151.4819,575066.0407,165.4010016,344,2657
53449697,8.88,,25600006,220061.9145,575542.7656,216.7127227,411,2813
53152319,5.57,,25600006,221104.7717,574671.9387,173.7945802,265,2191
53151438,4.94,,25600006,220733.0231,575242.4359,289.1702671,310,2478
61063883,10.88,,25600001,219421.9318,574401.5503,526.6674471,215,1327
53152812,4.74,,25600006,221493.5072,574417.2262,427.2138366,283,2297
53152826,3.29,,25600007,221378.1362,574022.0588,192.4345776,346,2516
53153160,5.03,,25600006,221016.4713,574942.1416,135.5422342,342,2621
53153233,6.09,,25600006,221638.5362,575067.3278,82.78249323,391,3338
53152584,11.8,,25600006,219862.6859,575532.8421,200.0816078,340,2511
53153673,5.55,,25600006,220902.4479,574734.854,128.9075412,311,2453
64808533,3.8,,25600006,220149.48,574934.3837,190.383654,255,1933
53153754,5.13,,25600006,221414.8974,574411.0549,431.2116501,272,2211
53155932,7.42,,25600006,221522.5742,574935.3322,162.2465851,354,2910
53155946,3.85,,25600005,220544.885,573308.8249,316.2662629,168,1302
53156019,5.62,,25600006,221120.0549,574889.4493,155.6989766,320,2508
53156045,25.97,,25600006,220258.8304,574777.8468,902.6234643,219,1705
64917306,4.34,5900,25600006,222300.2931,574381.197,3506.25669,356,3117
64917307,7.14,,25600007,221112.586,573774.6409,265.4063988,246,1759
53156628,5.13,,25600007,221218.8284,574248.2886,136.349535,279,2235
53156781,6.35,,25600007,220947.2575,573954.2443,125.2313607,211,1519
53157527,5.04,,25600006,220512.9286,575210.5979,266.0891811,313,2417
64917319,7.21,,25600007,221304.3978,573829.8469,147.6908192,280,2133
53158315,2.02,,25600006,220387.6924,575109.7243,281.5921742,276,2245
53158768,2.39,,25600006,220367.0609,575021.8919,188.4279569,289,2236
53159195,1.83,,25600006,221598.2921,574728.8928,199.3727412,313,2633
53450997,9.37,5300,25600003,219709.7401,573820.7006,280.7395809,110,735
53159714,4.05,5740,25600002,220111.3501,574354.0149,419.5625662,253,1849
53159669,4.36,,25600006,220925.4067,575125.7303,225.7313779,359,2734
64917313,0,5305,25600006,220099.7441,575502.1211,315.7613601,366,2655
53158933,11.57,,25600001,219449.6121,574190.6953,176.1681699,287,1506
53158953,3.33,,25600007,221165.9116,573690.154,180.7748859,256,1859
53160280,3.71,,25600006,220022.5476,575668.2425,151.2065158,426,2871
53160311,0,,25600007,220837.7976,574030.3509,126.0179085,211,1476
53160430,3.15,5305,25600001,219556.7782,574177.6339,599.8413399,161,962
53159823,0,,25600006,220263.3383,575585.1526,222.8424147,366,2740
53450468,3.65,,25600006,220115.2784,575668.4592,134.5912963,432,2919
53161036,5.54,,25600006,221115.4651,574936.3731,156.2104955,324,2529
53161627,6.19,,25600006,220844.4372,574842.5234,149.1628792,342,2599
53162510,4.48,,25600006,220235.6124,574896.9897,171.9274667,279,2028
53161630,4.73,,25600006,221196.7836,575132.9871,159.188182,376,2795
53162566,9.99,,25600006,219867.9064,575415.3301,195.4173327,329,2421
53163962,2.96,,25600006,220097.596,575574.9082,154.5372144,395,2752
53164981,2.92,,25600005,220726.9776,573365.3113,285.5724335,222,1449
53165098,9.72,,25600006,219864.3208,575433.6101,198.1217673,331,2440
53165181,6.35,,25600006,220873.6687,574823.9468,166.4636647,312,2476
53451973,5.83,,25600006,221477.055,575135.0163,170.043446,373,3095
53169049,5.42,,25600007,220995.8085,573867.294,234.4162962,232,1619
53169995,6.7,,25600007,221077.8883,573931.4955,137.2775741,235,1763
53454275,3.47,,25600006,220163.2625,575426.9252,208.7298716,338,2556
53180646,4.09,5900,25600006,222355.5504,574250.8357,203.5143559,360,3172
65059878,0,,25600005,220648.6369,573607.9099,322.2065003,171,1180
64917040,3.41,,25600006,220191.7072,575547.1668,249.536544,339,2612
64808835,5.84,,25600006,220223.8377,575504.9406,133.2893159,325,2559
64808850,0,,25600006,220187.4076,575492.3105,281.9373297,340,2606
64808851,6.68,,25600006,220166.3611,575516.918,241.0495684,340,2606
64808853,0,,25600006,220258.6786,575346.0764,260.1456608,303,2428
64808861,3.91,,25600006,220076.0635,575472.2419,180.8861806,369,2656
61068002,3.41,,25600006,220058.4898,575286.2525,218.1083244,303,2338
61068006,4.11,,25600006,220051.4267,575209.6823,216.3475039,286,2231
61068057,3.08,,25600006,220561.5705,575005.283,177.1913226,275,2189
64808906,8.09,,25600006,221127.2575,574997.1309,106.132035,332,2585
61068087,6.22,,25600006,221169.2623,574923.1259,70.44852724,312,2494
61068100,17.74,,25600001,220082.4256,574729.3064,357.1834943,195,1513
61068129,5.1,,25600006,220664.1888,574758.4005,135.1667862,259,1822
61068197,3.83,,25600006,221357.26,574767.8206,210.0110569,332,2672
61068148,3.25,5300,25600001,219978.3497,574662.8294,120.8940823,191,1394
61068199,10.92,,25600006,220517.937,574587.1548,2462.255255,293,1874
61068205,3.2,,25600006,221122.1475,574498.1829,211.0712974,281,2141
61068173,0,,25600007,220940.8433,574364.4883,140.6481395,245,1703
64808939,22.39,,25600003,220481.7849,574340.099,367.7886421,208,1383
61068176,8.7,5501,25600001,219271.4026,574307.4797,313.2601974,252,1761
64808958,11.07,,25600003,220382.9105,574249.528,762.736561,188,1109
61068236,2,,25600007,220933.3718,574141.774,63.37285973,205,1521
61068259,4.82,6810,25600003,220140.7542,573847.1881,384.6803718,0,0
61068818,4.32,,25600005,221553.1674,572941.1672,161.5303001,393,2926
61068819,6.51,,25600005,221433.249,572954.8859,164.6626652,345,2721
61068820,3.65,,25600005,221299.6702,572921.5307,212.0648861,306,2514
61068821,2.86,,25600005,221217.8989,572974.2004,166.9059206,293,2414
61068862,2.3,7300,25600004,219083.4809,572174.5994,412.3150599,218,2363
61068863,5.41,7300,25600004,219194.0731,571968.7473,178.188848,230,2516
61068865,6.67,7300,25600004,219204.5011,571929.6693,285.8933546,261,2709
64916924,3.06,5700,25600007,221566.7532,574357.5658,288.2617348,330,2422
64916925,3.54,,25600006,221101.4053,574509.194,311.2567882,277,2123
64916926,3.09,,25600006,221083.8409,574520.3299,262.8236311,275,2112
64917002,3.27,5300,25600001,219967.0013,574680.5678,108.870214,193,1415
65060001,8.15,6520,25600004,218625.576,572953.9787,3182.748822,251,2246
67190141,0,,25600006,221162.3582,574514.3935,369.1509357,244,2008
61237044,14.7,,25600001,220113.0616,574744.1206,381.9438997,199,1551
64922416,5.95,,25600006,220294.1191,575380.011,224.9697885,298,2420
65003767,7.82,,25600006,219918.5683,575244.1673,233.4869183,287,2243
65006031,6.09,,25600006,220516.1395,574968.4711,223.3141784,266,2131
65006032,6.77,,25600006,220530.1536,574953.3618,265.300036,265,2155
65006034,0,5501,25600006,220132.4239,574859.8439,793.9908921,264,1976
65067011,0,,25600006,220093.1197,574912.505,343.5902464,315,2648
65006035,0,,25600006,220076.7418,574884.1903,255.3003971,319,2681
65006036,0,,25600006,220060.9952,574851.9176,357.425211,322,2719
65068205,7.61,,25600006,221066.5792,574549.8918,208.8103344,257,2053
65006484,0,,25600006,221153.8941,574701.4702,157.6050459,270,2227
65006487,7.1,,25600006,221108.5012,574601.6707,141.7586343,267,2129
67190149,9.79,,25600006,221022.5663,574595.8964,321.9780404,253,2007
65006489,6.11,,25600006,221052.7858,574592.6987,290.2331982,256,2038
65068206,6.71,,25600006,220752.3679,574713.5764,316.2262444,243,1744
65006490,8.86,,25600006,220724.4519,574748.561,154.1781499,252,1786
65006491,6.02,,25600006,220650.908,574732.0473,209.7621165,262,1818
65006499,3.98,,25600006,221152.8438,574489.7065,352.118396,240,1973
65002917,0,7300,25600004,219089.2846,571884.9274,988.3908182,243,2640
65003354,3.65,,25600003,219749.5457,573679.0197,113.249323,61,435
65003356,2.77,,25600003,219666.438,573632.9641,122.0653158,204,693
65185761,0,,25600003,219482.7043,573601.828,781.6462508,93,705
65003361,34.28,,25600003,219443.9526,573615.0731,668.5047307,140,852
65003362,33.5,,25600003,219405.469,573640.4517,660.575073,101,781
65003364,3.09,5201,25600003,219254.607,573545.1495,199.1169024,137,1015
65003797,3.96,,25600003,218997.656,573421.6783,162.5451311,185,1491
65003798,1.39,,25600003,218975.7761,573427.1586,184.9442947,203,1547
65067382,0,,25600003,218937.9217,573392.2163,196.607857,192,1556
65003800,3.76,,25600005,221243.3143,573112.0122,221.2981685,302,2475
65003801,6.14,,25600005,221174.6298,573154.4876,178.1162905,320,2537
65067383,6.18,,25600005,221276.6792,573010.7625,248.450612,329,2609
65003806,3.52,,25600005,221375.0893,572954.5664,205.3802844,326,2653
65003809,3.85,,25600005,221351.9257,572917.1754,201.5502541,317,2587
65003810,8.13,,25600005,221178.2519,573000.5982,194.3648114,285,2358
65003811,4.34,,25600005,221225.7282,572827.0912,201.3871941,324,2643
65067384,1.83,,25600005,221104.7344,572850.7869,228.3222475,308,2528
65003812,8.5,7300,25600004,219169.9986,572952.4765,3625.070454,199,1633
65003813,9.14,7300,25600004,219114.5548,572896.1038,1501.975833,219,1650
65003815,5.66,6512,25600004,218764.7675,572943.6811,166.6522436,218,2112
65003817,4.24,,25600005,221323.7709,572713.8407,193.5112732,340,2778
65067385,4.45,,25600005,221252.8361,572755.7071,186.3867743,343,2742
65188054,31.98,,25600006,220748.3998,574604.0382,575.5855797,225,1595
65185377,33.31,,25600003,219526.6902,573597.4943,692.9409433,118,754
65185378,33.19,,25600003,219571.7763,573604.8293,634.0612679,128,805
65189335,9.31,,25600006,220765.1842,574683.319,389.2782142,239,1725
65190341,9.79,,25600006,220799.4743,574656.582,392.680769,232,1765
65187405,4.9,5521,25600003,219145.3301,573803.619,243.9557446,183,1346
65189336,2.99,5305,25600003,219096.5938,573743.1352,428.7867733,170,1285
65189337,3.11,5305,25600003,219113.6871,573646.1799,117.6667885,149,1191
65233959,0,5521,25600002,219692.1686,574133.8557,131.4148529,161,900
51665203,3.21001,5000,25600005,220313.8505,573789.4721,748.0295,147,802
67181327,3.28,5300,25600001,220023.2554,574603.8264,423.1160328,181,1398
67190248,2.97,,25600006,220488.7073,574998.765,237.7277694,292,2391
67185792,2.96,,25600006,220476.5974,575015.8081,216.0902968,289,2368
67183617,0,,25600006,220464.7424,575034.4952,258.2652531,287,2348
67190249,6.25,,25600006,220448.7194,575056.5294,266.9294128,285,2321
67190250,6.27,,25600006,220437.2265,575071.4748,227.3866103,283,2303
67176828,3.13,,25600006,220426.9304,575084.5511,157.7080031,281,2287
67188025,2.84,,25600006,220418.4384,575094.6396,180.9915735,285,2267
67185554,2.83,7300,25600004,219255.0482,572270.4749,328.2686137,209,2234
67185556,3.51,,25600005,221041.4626,572734.3917,205.0192207,323,2683
67181099,4.21,,25600005,221065.4912,572718.2736,228.8436006,326,2712
67183407,7.84,,25600005,221053.3276,572702.3502,183.257368,325,2710
67181100,5.07,,25600005,221109.2058,572738.2863,227.4068498,336,2780
67181101,3.52,,25600005,221059.6669,572874.7536,203.2917702,308,2525
67189992,7.22,,25600005,221026.5545,572821.3082,240.9849765,314,2588
67185557,6.11,,25600005,221116.9681,572841.6812,162.0232726,309,2543
67174280,2.74,,25600005,221128.8426,572832.6007,168.3398589,311,2558
67178856,3.26,,25600005,221142.2968,572823.6785,183.241569,312,2574
67187803,3.44,,25600005,221184.9132,572796.9771,182.8775318,328,2633
67187804,4.3,,25600005,221182.9884,572646.4652,187.368032,368,2857
67174281,12.35,,25600005,221065.3942,573116.2473,443.3533399,258,2167
67187805,4.73,,25600005,221113.5943,573082.2198,165.7376352,291,2340
67189993,6.42,,25600005,221144.7789,573062.4986,195.869541,291,2338
67187806,3.69,5305,25600005,221136.7695,573027.4989,313.8776242,276,2310
67181102,7.76,,25600005,221159.4143,573038.7554,133.265461,287,2380
67178857,6.94,,25600005,221169.7737,573055.9676,152.8536192,289,2399
67189994,7.45,,25600005,221180.8394,573072.6495,158.3529392,291,2418
68394748,3.63,,25600005,221161.4076,573087.3737,184.2487842,297,2368
67176580,4.14,,25600005,221142.8645,573129.2712,178.3212249,329,2558
67174282,3.97,,25600005,221123.0217,573097.7772,189.3884926,295,2358
67187807,4.38,,25600005,221133.7415,573114.5518,178.0858259,299,2376
67181103,7.41,,25600005,221305.627,572993.9368,192.1060801,336,2640
67181104,3.5,,25600005,221277.4117,573040.9481,136.6964728,307,2532
67187808,7.06,,25600005,221243.7144,573032.3121,181.7681612,348,2681
67181107,42.56,,25600006,220801.3081,574580.1511,692.1970109,202,1575
67178859,0,,25600007,221488.3901,574353.352,254.0078601,323,2481
67181109,0,,25600006,221073.1244,574588.3548,178.6833425,258,2060
67183412,7.06,,25600006,221007.2985,574632.5466,330.8731522,275,2250
67183413,7.92,,25600006,221124.3018,574568.716,139.7524412,263,2104
67176584,3.93,,25600006,221103.3242,574556.0536,120.0002934,272,2091
67174286,4.32,,25600006,221156.6639,574535.4284,217.367452,248,2042
67189997,3.16,,25600006,221077.1546,574530.5801,254.3805308,273,2100
67176585,10.21,,25600006,220738.3471,574731.033,147.926456,248,1766
67187810,33.24,,25600003,219616.8831,573618.1181,660.5779241,80,580
67187811,36.94,,25600003,219429.6439,573544.6883,664.4895087,110,830
67185562,36.03,,25600003,219350.2429,573542.8337,630.0824965,144,998
68394749,12.09,5300,25600003,219255.0543,573754.8615,682.7272101,127,1003
67176586,4.66,6512,25600004,219780.596,573571.423,149.2793623,164,604
67190002,5.04,6520,25600004,219101.8987,572963.3688,209.1030489,232,1681
67190003,0,,25600006,220369.0774,575206.6829,209.5876047,289,2291
67176591,10.93,5003,25600001,219813.2536,574560.2742,491.1562911,160,1195
68394751,15.84,,25600001,219734.3118,574663.9303,492.723876,193,1380
68394752,18.52,,25600001,219749.4702,574638.8112,502.3772025,189,1356
67176603,11.45,5300,25600001,219213.2219,574327.4556,818.7996229,235,1659
67176672,4.07,5305,25600001,219253.3296,574128.7325,119.5430834,213,1276
67183491,4.57,5305,25600001,219261.8916,574113.545,115.9991515,210,1267
67190080,3,5305,25600002,219303.3996,573938.8487,326.2995472,163,1269
67187895,5.1,7300,25600004,219222.5537,572760.9728,171.69012,215,1881
68390349,9.21,,25600001,219707.5669,574705.5209,526.8769325,200,1417
68390350,9.18,,25600001,219689.2577,574734.8368,526.8769325,246,1648
68390456,2.99,,25600006,220926.1114,575069.6389,220.4297999,352,2677
68390672,9.01,,25600001,219670.9424,574765.8434,579.988686,193,1462
68390737,6.56,,25600006,221111.916,574560.1431,108.997324,262,2092
68390738,3.75,,25600007,221076.3736,574267.5696,280.6817944,230,1621
68390739,5.18,,25600007,221104.3682,574249.0375,256.2498767,231,1625
68390740,5.47,,25600007,221127.562,574276.345,263.376366,239,1661
68390741,3.21,,25600007,221101.9154,574298.2949,242.0748501,239,1661
68390742,7.9,,25600007,221125.4028,574325.5489,262.8788887,246,1697
68390743,11.07,,25600007,221150.8563,574304.4379,254.1661588,246,1698
68390744,2.61,,25600007,221150.461,574356.3744,291.0950121,255,1737
68389936,8.09,,25600005,221211.8239,573055.494,142.4162279,292,2426
68389937,0,,25600005,221226.8703,573043.7783,148.7902472,352,2701
68389938,3.65,,25600005,221152.7953,573075.4172,188.404744,294,2353
68389940,5.64,,25600005,221228.3489,572916.5731,188.4971191,297,2454
68390480,7.05,,25600005,221084.5393,572706.2908,129.3410724,328,2734
68390481,7.61,,25600005,221018.7953,572749.3192,90.62299045,321,2656
68390482,3.56,,25600005,221238.9912,572765.5236,165.0315102,328,2687
68390537,9.98,5300,25600003,219246.9082,573786.7364,162.0216971,124,979
72311700,0,,25600006,221571.3982,574808.1512,284.3931015,342,2775
72766069,0,,25600006,220961.678,574602.8612,429.0585456,247,1945
72766070,0,,25600006,220916.0439,574606.5938,367.8950358,243,1898
72766071,0,,25600006,220872.5929,574623.1399,329.7888824,239,1846
72766072,0,,25600006,220829.8511,574642.6096,333.6457548,235,1799
72766073,0,,25600006,220674.8925,574766.5261,172.7161711,258,1817
72766075,0,,25600001,219848.0869,574801.4046,390.4286668,257,1761
72766076,0,,25600001,219876.6732,574773.6094,320.0633842,247,1716
72766077,0,,25600001,219917.2007,574761.4153,473.4484254,237,1672
72766078,0,5300,25600001,220044.7701,574704.0901,484.3904696,204,1509
72921615,0,,25600005,220775.9056,573571.6946,250.8641968,193,1352
72921616,0,,25600005,221102.7273,573066.2365,185.3458471,287,2321
72921617,0,,25600005,221090.4947,573049.3182,178.8702812,268,2252
72921618,0,,25600005,221334.0801,572976.5013,126.4997567,340,2674
72921619,0,,25600005,221319.9285,572985.9715,94.77715839,338,2657
72921620,0,,25600005,221313.2319,572571.982,163.5293478,362,2928
72921621,0,,25600005,221295.0804,572576.128,200.8394971,373,2901
72921622,0,,25600005,221228.5031,572594.6922,221.589202,368,2857
72921623,0,,25600005,221129.1591,572657.1173,183.3179479,330,2756
72921624,0,,25600005,221117.9439,572686.2551,214.6179191,330,2756
72921625,0,,25600005,221074.3566,572688.9899,188.2761354,328,2735
72921626,0,,25600005,221045.812,572884.8438,205.1663014,294,2451
72921587,0,,25600005,220955.9925,572829.7149,207.0747415,327,2583
72921588,0,,25600005,221098.9086,573166.5189,355.7041437,250,2100
72974111,0,,25600005,221137.3268,572674.3994,197.6292518,330,2756
72974112,0,,25600005,220723.1374,573803.0562,90.78504452,162,1126
72974179,0,,25600005,220720.4581,573785.8793,125.3520242,189,1235
72971501,0,,25600007,221059.4608,574283.241,214.0197686,212,1562
72971502,0,,25600007,221085.7076,574315.2027,233.5134759,217,1604
72971503,0,,25600007,221109.4143,574342.5078,229.2155269,220,1640
72971504,0,,25600007,221173.0202,574332.3478,246.3962437,254,1733
72971505,0,,25600007,221155.8055,574397.5335,289.4282446,255,2015
72971506,0,,25600007,221132.2302,574370.182,263.1730796,259,2051
72971069,0,5900,25600006,222256.3031,574258.5153,215.0442385,352,3070
72971070,0,5900,25600006,222278.7076,574246.4368,176.9550125,354,3094
72969957,0,,25600005,221260.6898,573021.7944,220.0577777,344,2661
72969965,0,,25600007,220748.8806,574112.0785,398.3313002,163,1201
72969980,0,5300,25600005,220678.2383,573748.2606,190.5590334,194,1268
72970905,0,,25600006,220287.6515,574841.0599,209.074515,286,2089
72970908,0,5300,25600001,220060.3577,574647.9429,1068.272655,187,1444
72972801,0,7300,25600004,219780.0433,573037.3139,390.2436351,123,992
72972803,0,7300,25600004,219694.2596,572812.6361,1015.036842,194,1641
72972687,0,6512,25600004,218905.2866,572879.1501,166.5536776,298,2049
72974610,0,,25600005,221307.9859,572879.2822,48.73474099,309,2536
72983993,0,,25600005,220666.6505,573497.2171,347.7371146,188,1303
