BLDG_ID,Height,Usage,SAID,X,Y,Area,travel_time,travel_distance
51663420,4.7,5312,71000313,159056.8995,618319.7003,1779.31935,329,1515
53183781,6.49,9200,71000223,161491.9366,619679.0112,2331.702,600,3877
51663713,7.47999908,5330,71000111,158926.5065,619882.4458,1507.9426,280,1082
52408514,3.3,9200,71000425,159764.2505,621028.6465,266.5275,550,3330
52407206,13.61,9200,71000221,160937.1573,620289.598,507.0422,559,3133
52408155,3.24,9200,71000111,158750.5863,620111.2008,61.59017447,326,1532
52408163,3.86,9200,71000122,158342.4126,620403.577,368.6214725,553,2993
52407254,7.43,9200,71000425,159827.3471,620897.3604,267.7925,572,3605
52405885,10.71,9200,71000122,158209.6455,620405.1004,150.478007,442,2768
53316543,4.61,9200,71000123,158913.875,620483.6058,236.94345,460,2258
52405458,10.32,9200,71000112,158236.4938,620306.1419,594.8261,402,2149
52405460,7,9200,71000111,158830.9442,620197.0438,233.96355,367,1714
52405461,13.4,9200,71000221,160760.7506,620093.5711,548.85105,656,3400
52405462,6.04,9200,71000112,158288.8518,619867.8706,200.6625,345,1603
52405946,8.61,9200,71000221,160920.5943,620095.356,650.787,541,3033
52405947,11.2,9200,71000221,161013.5436,619863.3993,318.58735,502,2876
53315425,14.01,9200,71000221,160955.6709,620234.4074,559.7431,536,3078
53316155,8.5,9200,71000112,158238.4953,620196.0946,329.3416,396,2127
52405356,8.22,9200,71000112,158079.742,620220.8591,595.5703,379,2056
52412628,10.81,9200,71000111,158740.319,620258.1686,152.282514,409,1982
52407884,19.78,9200,71000123,159771.6784,620527.6569,433.85735,462,2659
52403567,15.31,9200,71000123,159387.0806,620306.7279,1036.16445,343,1787
52404445,5,9200,71000231,160518.7162,620440.8947,71.59465,607,3066
53316374,27.44,9200,71000114,158058.0741,619858.1579,648.10995,436,2384
52406274,8.96,9200,71000112,158374.969,620298.7138,358.854,398,1922
52406315,6,9200,71000213,160514.9222,620173.8125,773.079661,482,2707
52408107,7.71,9200,71000111,158739.5604,620205.0427,273.68715,345,1644
53316148,14.74,9200,71000213,160385.9915,620180.9447,363.093,464,2655
52408115,9,9200,71000112,158242.5,620102.75,347.824,364,1846
52408116,14.1,9200,71000221,161056.3516,619852.242,473.4788,518,2985
52406919,18.95,9200,71000414,160020.48,622843.7591,401.0265,792,4761
52407280,7.57,9200,71000112,158355.1026,620244.4497,207.508,384,1870
53316869,13.31,9200,71000213,160650.7597,620145.6668,287.46895,490,2756
52404418,13.2,9200,71000213,160404.4641,620226.4727,308.9758,469,2689
52405384,5.4,9200,71000122,158666.1463,620707.5416,255.8154463,456,2373
53315428,19.94,9200,71000214,160071.7585,620151.602,438.6523425,383,2234
53317018,4.98,9200,71000112,158235.7929,619864.5819,179.6296,355,1640
52406397,7.96,9200,71000414,160036.8971,622770.6282,504.9141,771,4632
52408670,5.7,9200,71000232,160545.0843,620901.4825,77.56744999,620,3519
52408674,5.7,9200,71000123,159622.8858,620913.3257,222.9756,472,2662
52410941,5.7,5900,71000121,157547.9795,620108.2618,233.844,467,2633
52410942,9.79,6520,71000224,162013.7223,619784.4242,1310.47755,602,3913
52406802,26.9,9200,71000415,160090.7281,622694.6019,956.0772,812,4929
53316688,8.6,9200,71000111,158911.544,620200.3293,534.6913,366,1690
52410528,9.6,9200,71000231,160547.1012,620345.3937,351.85465,651,3217
52410530,14.01,9200,71000213,160335.895,619952.655,283.2,434,2424
53317199,8,9200,71000425,159777.7834,620896.057,316.6689531,570,3578
52416466,5.56,9200,71000112,158312.5442,620201.4507,244.2865,385,1854
52416351,6.41,9200,71000111,158794.6572,620158.6333,243.6866,321,1567
52426103,12.11,9200,71000231,160473.9534,620360.5697,766.655376,622,3097
52426142,21.51,9200,71000215,160099.124,619736.9668,358.6635,356,2017
53320430,7,9200,71000123,159223.7057,620883.772,202.8375,463,2517
52426637,7.7,7600,71000123,158845.3054,620793.5615,407.06325,464,2416
52426644,18.51,9200,71000231,160101.5889,620535.3259,936.8301,545,2773
53319720,6.79,9200,71000123,159474.8666,620621.5791,211.4153,431,2314
52428069,10.29,9200,71000123,159138.4199,620712.978,142.8835,417,2284
52428101,5.9,9200,71000231,160539.0992,620455.9529,148.43005,636,3165
52428108,6.01,9200,71000123,159263.8381,620998.2497,260.3039,471,2579
52427639,4.89,9200,71000232,160443.6642,620899.8685,82.03010001,606,3230
52427641,5.9,9200,71000123,158886.343,620898.9593,279.8071,511,2702
52428126,3.61,9200,71000232,160915.7996,620801.3436,111.2269,682,3996
53319655,7.4,9200,71000123,158885.2272,620807.6887,410.5134872,470,2440
52427702,6.04,9200,71000112,158331.8314,619727.3384,222.0615,376,1614
52426571,7.5,9200,71000111,158523.6504,620214.9888,202.3953,453,2012
52427111,7.01,9200,71000232,160747.1422,620642.8524,199.855092,696,3572
52427113,7.11,9200,71000123,159606.6053,620814.2771,156.7440005,486,2667
52426729,6,9200,71000122,158680.0803,620552.4081,261.10435,401,2085
52426731,5.31,9200,71000231,160270.2843,620622.8982,241.691179,554,2872
52426710,4.38,9200,71000122,158634.9701,620891.5134,190.923894,512,2692
52426711,14.35,9200,71000425,160025.3087,620889.9079,206.593814,542,3047
52428077,5.19,9200,71000231,161043.0427,620699.1605,113.00745,688,3637
52428079,5.06,9200,71000123,159066.25,620902.905,351.6684,511,2731
52428082,8.61,9200,71000123,158970.9348,620696.6721,452.4864,478,2488
53319726,12.01,6520,71000224,162893.446,620484.6954,3404.62055,853,6175
52427654,4.91,9200,71000232,160909.9036,620909.3466,82.43955,672,3893
52427657,5.99,9200,71000123,159547.0779,620691.2465,182.03135,457,2398
53315976,4.6,9200,71000231,161018.4967,620682.062,121.71355,692,3617
52402275,6.81,9200,71000122,158797.4766,621092.3368,213.9555,498,2778
52402312,5.945,9200,71000232,160629.4924,620596.5721,128.6263381,673,3407
52402278,8.21,9200,71000223,161382.1127,619882.7951,498.722,589,3403
52396242,5.72,9200,71000122,158515.2605,621000.6657,149.08205,627,4482
52396246,4.35,9200,71000111,158491.9102,619964.9878,215.70115,353,1607
53315275,7.01,9200,71000111,158419.0099,620257.3342,202.9814765,388,1890
52403235,10.21,9200,71000111,158707.0066,620257.2472,252.1399,352,1680
52403346,6.5,9200,71000111,158406.5326,620100.7449,377.066981,400,1828
52403367,14.91,9200,71000221,160808.9802,620101.3295,489.2865,506,2882
52404222,10.31,7600,71000213,160243.4579,620037.0823,159.2904,420,2385
53315188,4.08,9200,71000232,161120.4717,620978.4406,125.6371,655,4007
52396231,6.56,9200,71000232,160945.9259,621049.118,129.9832759,663,3747
52396232,6.65,9200,71000121,158038.4519,621037.5017,190.0259,550,3323
52432256,4.24,9200,71000122,158525.6985,620348.6079,234.87815,566,3076
52432829,3.31,5900,71000121,157309.3719,619729.7217,158.7965,480,2694
53320703,5.48,9200,71000232,160676.1961,620833.9332,267.1926818,673,3509
52432343,5.41,9200,71000111,158666.9654,619888.6745,449.2549,321,1396
52432354,9.3,9200,71000122,158774.4589,621051.3428,220.38065,478,2676
52432380,6.23,9200,71000232,160521.7803,620841.5077,164.63056,603,3195
53322062,14.59,9200,71000213,160156.7511,620119.9614,327.7362,405,2320
52436876,5.8,9200,71000231,160945.5578,620679.3448,174.09745,701,4151
52436814,5.2,9200,71000231,160430.2551,620517.6407,130.1312,628,3185
64906914,5.51,9200,71000231,160669.59,620421.7605,131.8411969,654,3236
52436574,5.3,9200,71000122,158690.642,620675.9775,168.1048,461,2393
52436168,6.9,9200,71000123,159650.2133,620883.3568,221.7063,475,2693
52434044,21.51,9200,71000221,160849.9894,620207.8349,330.12635,572,3196
52434045,4.4,9200,71000112,158271.2176,619792.1226,204.9135,410,1836
52434050,4.09,9200,71000232,161114.9145,620936.4243,220.323875,663,4041
52434057,5.71,9200,71000231,160222.18,620500.9167,89.945,530,2719
52434496,4.4,9200,71000111,158679.3819,619798.0687,329.4301865,315,1318
53321737,7.9,9200,71000123,159466.5782,620664.2982,187.5866,430,2308
52434093,6.99,9200,71000122,158663.6276,620934.2619,229.0496,520,2738
53321607,6.91,9200,71000425,159913.3656,621079.4187,161.22935,593,3268
52433252,6.8,9200,71000123,158785.0649,620309.6907,179.535,382,1953
52433255,5.46,9200,71000111,158846.9046,619803.4643,278.671,283,1196
52433256,7.8,9200,71000111,158652.5505,620117.1254,244.6418,353,1665
52433820,6.45,6520,71000222,160997.4127,619811.6321,126.17295,570,3355
52433862,5.81,9200,71000232,160462.4519,620897.485,188.6274,600,3202
52436098,7.8,9200,71000112,158300.375,620030.5608,452.9860145,351,1678
52436100,4.13636364,9200,71000122,158800.1286,620869.4808,321.9153116,469,2461
52436104,7.7,9200,71000123,159035.0737,620901.343,136.4008175,505,2701
52436114,7.52,9200,71000232,160629.9554,620765.3785,143.4598105,679,3472
52435475,5.9,9200,71000111,158739.8533,619964.7485,203.2966,338,1559
52434464,5.9,9200,71000123,158868.2284,620698.4552,107.6140975,481,2482
53321730,4.86,9200,71000231,160602.9478,620411.6556,141.47245,641,3188
52434471,4.39,9200,71000123,159569.8275,620683.9971,169.16315,461,2415
52434477,3.42,9200,71000111,158657.0467,619964.6551,242.69935,355,1633
52433823,7.37,9200,71000425,159986.2274,620933.8928,212.9957,530,3374
52433343,4.5,9200,71000123,159189.7748,620752.6067,245.47215,429,2335
52433299,30.5,9200,71000425,159976.5972,620646.5997,538.8684,602,3265
52433303,5.71,9200,71000112,158496.6696,619717.0281,116.08835,293,1255
52433305,5.1,9200,71000231,160610.0052,620518.9069,92.102701,666,3461
52435883,3.8,9200,71000232,160970.2039,620936.6395,143.94315,682,3907
52435891,6.4,9200,71000232,160614.3887,620820.2051,221.475732,683,3523
53321985,5.2,9200,71000123,159064.52,620923.655,337.8075,514,2743
53321987,6.9,9200,71000123,159612.2905,620870.5243,287.9878503,475,2690
52435906,6.12,9200,71000112,158427.0627,619779.4991,287.9181113,303,1345
52434980,6.42,9200,71000122,158641.4735,620513.7741,234.77655,465,2312
52434985,6.6,5202,71000212,160638.1743,619699.6882,104.63235,425,2431
53321824,8.36,9200,71000112,158516.1844,619685.2992,179.03045,290,1209
52434995,7,9200,71000123,159290.7961,620899.7399,301.84635,471,2558
52434999,3.3,9200,71000232,160934.2613,620769.2767,55.50700001,701,4143
52435459,3.86,9200,71000112,158712.5351,619707.8594,212.6335,296,1246
52435043,9.6,9200,71000123,159094.5507,620683.743,326.8357955,424,2290
52434165,5.9,9200,71000231,160470.8019,620547.9643,66.27390001,607,3266
52434697,4.69,9200,71000122,158589.8187,620696.4375,199.4197346,472,2463
52433314,14.26,6520,71000224,162111.1883,619706.0426,2440.593,569,3911
64906922,4.91,9200,71000231,160578.7803,620506.2666,154.1301895,625,3160
52433385,7.32,9200,71000122,158797.5,621035.5,145.6942,474,2649
52435909,6.9,9200,71000223,161233.0952,619787.8405,278.35525,696,4059
52435910,9.8,9200,71000122,158219.9844,620420.1084,190.8453496,422,2712
53321988,23.69,9200,71000215,159982.5931,619780.3066,328.889,348,1888
52435491,7.2,9200,71000122,158681.6709,620644.8403,142.54215,470,2432
52434240,6.91,9200,71000111,158830.7382,620126.3602,131.71765,326,1542
52434326,14.79,9200,71000114,158232.9137,619756.8282,512.48105,300,1465
52434247,8,6520,71000213,160060.5335,619888.3149,192.70545,412,2276
52434249,4.59,9200,71000122,158637.5117,621089.3235,266.82465,518,2895
52434283,5.41,9200,71000232,160679.5658,620668.3608,144.666812,661,3380
53321700,7.96,9200,71000122,158637.3966,620857.6934,305.859,497,2611
52437962,9.41,9200,71000123,159130.3969,620695.3577,173.76545,419,2267
52438522,4.1,9200,71000232,161013.4272,620783.6581,64.29815,718,3788
52435121,4.34,6520,71000123,159412.1784,621053.2912,354.513443,453,2967
52435654,4.94,9200,71000122,158727.2757,620938.1534,143.8435,524,2851
52435732,7.1,9200,71000123,159233.0313,621086.2303,241.95675,520,2946
53321943,5.7,9200,71000231,160370.4633,620506.5989,143.62245,621,3122
52435660,7.2,9200,71000111,158810.0228,620120.6824,247.198,321,1520
52435661,24.99,9200,71000111,159188.0114,620204.7575,516.81465,335,1332
52435662,7.95,9200,71000111,158755.6155,619789.9821,279.89065,304,1304
52435665,8.81,9200,71000122,158659.1341,620819.7281,114.24915,493,2591
52435666,14.8,7600,71000213,160302.7485,619963.4555,173.2865,440,2450
52435699,3.53,9200,71000122,158766.4672,620882.6657,431.54415,479,2507
53322366,5.5,9200,71000231,160998.2367,620683.7445,161.4375906,718,3780
53320745,6.89,9200,71000232,160779.1615,620602.8163,131.04965,672,3401
52433088,7.21,9200,71000111,158920.0179,620136.9099,226.09145,448,2358
52435171,6.21,9200,71000232,160673.1027,620867.5729,224.1727805,654,3765
52435172,11.1,9200,71000123,159297.1064,620600.132,252.21915,385,2098
52435176,7.6,9200,71000123,159204.0865,621041.207,272.98085,532,2947
52435720,7.51,9200,71000123,159027.6171,620982.0951,257.5074,509,2748
52435406,24.111,9200,71000111,159180.5578,620032.9065,443.8201933,345,1412
52435407,7.5,6520,71000222,160873.5444,619699.4514,611.07345,516,2784
53321901,10.39,9200,71000123,159050.5365,621005.7425,289.20285,509,2743
52439474,7.47,9200,71000231,160260.5806,620607.7687,236.4235,536,2808
52439482,6,9200,71000123,159170.4565,620678.8583,325.3187099,414,2258
52438085,7.5,9200,71000111,158701.3804,620210.4988,155.3932,345,1643
52434005,7.64,9200,71000214,159878.8857,619976.6692,563.9203,364,2056
52434009,7.3,9200,71000232,160797.9915,621048.4689,117.31185,666,3774
53321656,5.9,9200,71000425,159816.0742,621042.3343,182.6812305,554,3363
52432262,9.02,9200,71000112,158101.8562,620212.1059,528.4796,378,2051
52432279,24.5,9200,71000425,160041.1642,620713.9335,473.7578803,571,3158
52432787,7.51,9200,71000123,159614.2612,620793.9045,160.8548493,479,2629
52432788,3.87,9200,71000123,159249.7186,620883.3467,122.4095185,464,2515
53320782,4.22,9200,71000122,158742.5986,620695.4102,272.4765975,427,2294
52436776,6.03,9200,71000122,158567.1709,620863.3276,171.513175,510,2782
52435409,20.02,9200,71000214,160008.1509,620030.0913,390.3888,366,2095
52435421,5.95,9200,71000232,160546.3334,620865.7689,224.1265129,618,3507
53321904,27,9200,71000122,158428.8547,620592.1462,863.72,501,2729
52435422,7.1,9200,71000123,159429.9495,620814.2417,179.5265,471,2620
52434013,17.47,9200,71000114,158125.004,619924.8939,472.37795,342,1732
52434016,27.38,9200,71000215,159923.2898,619690.8271,898.8728,344,1936
52433532,11.1,9200,71000122,158766.0839,620775.9435,452.7651245,430,2329
52433535,5.88,9200,71000123,158927.997,620687.6462,131.954647,473,2460
52433599,6.7,9200,71000123,158762.3551,620407.1178,419.79095,415,1992
53321579,4.7,9200,71000232,160653.3476,620779.6743,245.4425647,678,3502
52433603,5.945,9200,71000232,160670.2391,620611.4884,183.7400774,655,3350
52433607,11.55,9200,71000123,159573.4282,620591.835,155.8167819,427,2383
53321582,6.41,9200,71000123,159590.1658,620887.8401,202.77645,470,2646
52433621,8.8,9200,71000123,159546.769,620514.7307,170.6393,379,2095
52434061,5.7,9200,71000123,159084.7461,620407.7338,248.16385,394,2108
52434063,37.55,9200,71000112,159007.1459,619716.4588,579.5432126,237,908
53321663,3.54,9200,71000122,158734.1471,620678.8309,247.92785,416,2218
52433679,6.17,9200,71000122,158527.9471,620363.1418,191.5334,564,3066
65058195,5.5,9200,71000232,161101.2109,620937.4788,112.41175,679,4099
66707969,3.4,9200,71000231,160599.8,620501,129.57,354,2086
52436836,3.61,9200,71000231,160497.5931,620498.0008,55.37200001,613,3110
52436842,5.81,9200,71000231,160350.0379,620603.2273,141.6783,567,2989
52436871,8.6,9200,71000123,159141.4464,620593.9768,342.40005,412,2177
52436586,8.29,9200,71000232,160713.1762,620774.5776,172.2556535,674,3485
52436588,3.92,9200,71000111,158848.692,619829.7722,376.61005,285,1217
52436589,4.05,9200,71000123,159224.7016,620618.58,57.3575,410,2168
52436590,4.4,5521,71000221,161211.1258,619881.0675,107.3284507,546,3244
52439658,9.65,9200,71000213,160315.7322,620166.4994,138.7069,428,2459
53322743,7.52,9200,71000122,158636.4315,620490.2542,217.945,477,2373
52434494,3.32,9200,71000111,159053.303,620048.4101,160.15705,286,1090
65058208,5.4,9200,71000232,160914.921,621090.1014,149.7114823,663,3716
52434953,5.9,9200,71000123,159265.4471,620672.9103,356.182534,415,2218
52434959,7.11,9200,71000231,160894.838,620605.935,118.71655,690,3471
52434070,3.58,9200,71000123,159245.9719,620872.6996,144.5909285,462,2503
52434076,8.6,9200,71000122,158764.6284,620926.5903,276.4379,486,2552
52433759,6.45,9200,71000122,158780.0712,620816.876,285.559,435,2371
52433760,6.3,9200,71000123,159522.3738,620809.3261,250.5407,509,2796
52433782,5.955,9200,71000111,158496.5576,620038.9388,352.4888789,414,1870
53321610,4.3,9200,71000232,161093.148,620838.251,134.8867,669,4145
53321612,5.6,5900,71000121,157405.0967,619856.3835,1192.969,508,2858
52433773,8.7,9200,71000123,159517.328,620925.5253,168.726,462,2567
53321621,4.81,9200,71000232,161103.8502,620876.2257,139.4198,667,4104
52436077,5.72,9200,71000223,161264.9023,619824.5205,667.40665,709,4077
52436086,8.6,9200,71000123,158967.1633,620878.836,208.3805,505,2589
52436089,7.01,9200,71000123,159467.1002,620774.2995,164.633108,474,2644
52436090,31.36,9200,71000215,160047.1526,619792.1054,523.3325,365,2025
52436092,8.01,9200,71000112,158375.5278,619876.4481,154.86555,318,1450
53322021,11.85,9200,71000212,160128.172,619679.6846,849.93355,372,2105
52436593,9.3,9200,71000123,158837.4283,620773.5969,102.70835,444,2361
52436133,3.46,9200,71000123,159180.6977,620892.7008,352.6972062,485,2703
52441140,6.52,9200,71000123,159623.7877,620633.9477,160.3698,445,2450
52434485,5.87,9200,71000111,158787.6837,619783.8487,216.7274,278,1162
52435431,9.91,9200,71000123,159584.8548,620495.5735,182.385,390,2167
52435433,6.06,9200,71000231,161000.1675,620614.1466,239.6044697,684,3565
52435434,6.65,9200,71000123,159352.991,620598.3676,222.9213,400,2168
52434547,6.7,9200,71000123,159463.7734,620595.8329,118.016,418,2279
52433357,6.67,5900,71000121,158342.5764,620731.3707,1984.8974,435,2777
52436230,5.2,9200,71000232,161027.1414,620764.657,135.441446,689,4273
53322031,6.89,9200,71000232,160372.8946,620784.0969,248.5668981,581,3060
52435446,5.75,9200,71000122,158833.1369,620922.7761,377.4548,474,2500
52435449,5.04,9200,71000122,158564.6791,621034.812,310.503,567,3144
52435455,24.62,5370,71000112,159388.5372,619820.395,1352.70285,377,2220
52435911,5.35,9200,71000232,160428.15,620937,183.08,614,3265
52435914,11.66,6520,71000224,162238.9009,619775.0461,1530.3479,608,4288
52435919,4.51,9200,71000112,158399.0367,619720.2283,200.9253,369,1566
52435924,6.4,9200,71000232,160520.6341,621028.6164,196.0759,606,3362
52435028,9.8,9200,71000122,158822.045,620893.095,268.9429,474,2500
52435029,4.3,9200,71000231,160966.5062,620693.156,123.9833085,718,3777
52434708,9.11,9200,71000111,158896.25,619827.845,351.216,307,1331
52434709,5.4,5370,71000112,159469.9504,619767.2754,74.01065,253,1186
53321775,4.27,9200,71000123,159056.4578,620873.948,547.18855,512,2646
52434762,7.6,9200,71000232,160417.4662,620977.8366,177.83145,607,3413
52435931,5.72,9200,71000112,158687.152,619709.3398,220.56545,323,1375
52435936,3.35,9200,71000425,159930.6074,620971.1953,375.0149,601,3582
52435497,6.605,9200,71000231,160860.5296,620671.9233,373.7216349,689,3464
52435579,14.23,9200,71000114,158247.171,619715.9972,481.31,300,1411
52434212,6.32,9200,71000112,158371.1944,619835.8893,192.295711,394,1787
52434213,3.32,9200,71000232,160958.3481,620775.5876,173.7109595,717,3772
52434253,6.4,9200,71000232,160497.9141,620864.4533,341.5660921,585,3171
53321693,7.11,9200,71000123,159444.0333,620864.3243,169.222597,464,2572
52434263,3.39,9200,71000232,161001.7197,620879.7694,73.649,686,3955
52438446,8.3,7600,71000123,159327.6329,620677.7136,311.6002707,399,2182
66709832,3.96,5202,71000231,160874.6916,620539.084,94.8746488,395,2331
52435641,6.58,9200,71000232,160978.1356,621044.4301,146.6970729,664,3775
52435677,23.05,9200,71000212,160007.4405,619680.1484,1190.07225,360,2041
53321948,6.15,9200,71000223,161412.6978,619735.8591,173.02565,602,3482
52435686,6.23,9200,71000111,158799.4872,619874.3803,201.1854,290,1260
52439668,5.205,9200,71000232,160711.7359,620604.131,159.5396617,671,3443
53322609,3.8,9200,71000123,159196.945,620608.81,200.0499,411,2188
53322361,8.8,9200,71000111,158945.7363,620213.1755,251.568,377,1726
52432628,5.15,9200,71000112,158380.705,619815.81,183.4171,386,1765
52435154,4.65,9200,71000111,158853.5652,619880.2303,279.77255,298,1292
52432753,5.9,9200,71000231,160920.4901,620709.0032,123.70815,699,4112
52435186,7.01,9200,71000123,159559.1168,620928.3968,111.2891162,466,2605
52435190,3.8,9200,71000123,159266.6282,620836.1189,361.32195,450,2471
52438803,4.06,9200,71000123,158730.1087,620396.924,271.12165,412,1982
52436379,6.8,9200,71000123,159488.9137,620815.2505,232.336282,509,2796
52433584,5.71,9200,71000232,160983.2531,620865.6969,168.9705,688,3973
52434017,5.3,9200,71000232,161066.8751,620989.4197,232.4434125,664,4063
52434022,26.02,9200,71000215,159840.7944,619709.0334,216.1521,373,2082
52434041,14.8,9200,71000123,159348.8443,621034.0464,339.48255,464,2564
52434043,6.29,9200,71000123,159085.6955,620996.7934,194.4772,526,2920
52432650,4.83,9200,71000232,161031.4336,621075.4285,120.811564,644,3849
52432700,4.71,9200,71000231,160428.792,620544.1703,137.727,629,3193
52432758,6.61,9200,71000232,160723.6343,620690.8596,159.436,667,3413
52432775,6.09,9200,71000232,160980.5664,620790.1012,271.9713525,718,3789
53320780,5.8,9200,71000231,160275.9539,620530.6967,146.00654,553,2831
53320788,24.65,9200,71000425,159930.3936,620711.3447,473.2782,594,3228
52436788,12.92,9200,71000122,158462.3347,620752.6367,587.025,501,2759
52436789,7.3,9200,71000232,160563.6228,621091.9227,196.521429,569,3294
52436790,21.6,9200,71000121,158043.0546,620986.2223,833.9460785,544,3300
52436794,12.53,9200,71000212,160067.448,619686.1545,893.0735,353,1998
52436381,6.5,9200,71000232,160396.3053,620925.3369,109.306586,614,3265
52436394,5.51,9200,71000425,159862.6652,620934.6309,412.1323547,583,3505
52436400,25.94,9200,71000114,158106.5794,619765.4413,677.4704,467,2542
52436401,5.31,9200,71000123,159323.8125,620758.8031,316.7842401,426,2343
53323680,8.21,9200,71000123,159274.2812,620549.63,248.67575,374,2042
52444891,6.7,9200,71000111,158762.8983,619980.6117,290.836,318,1418
52444936,2.24695652,9200,71000122,158633.3931,620625.7413,357.9538,440,2245
52445432,20.4,9200,71000114,158137.9552,619984.0948,268.95825,342,1731
53323697,5.43,6520,71000222,160699.6108,619686.9487,93.3455,462,2521
52446147,4,9200,71000232,160976.6182,620751.2779,169.914032,716,3751
52444754,7.7,9200,71000123,158916,620586.5,217.668,470,2285
52445768,11.4,9200,71000112,158224.0585,620331.5914,483.26215,399,2136
53323770,6.11,9200,71000123,159073.9243,620446.0777,311.47819,397,2126
52445835,21.1,9200,71000221,160809.3091,620149.0206,298.11725,512,2922
52446891,4.48,9200,71000123,158731.6082,620349.3062,163.6621,437,2163
52445491,4.94,9200,71000111,158938.6074,620251.0148,326.3193,401,2112
52446273,8.12,9200,71000231,160287.1858,620543.3079,63.86404931,553,2831
52445846,7.4,9200,71000123,159162.8053,621074.644,191.5275,510,2888
52446614,8.2,9200,71000111,158725.5667,620153.1778,190.90515,335,1579
52446834,5.945,9200,71000232,160639.4106,620607.4945,195.6484313,641,3277
52446835,4.66,9200,71000111,158855.4247,619908.4016,309.4605,304,1347
53323077,3.3,5900,71000121,157296.8457,619738.4289,163.6845,480,2694
52446839,14.25,9200,71000123,159330.2865,620506.7527,1466.6022,370,2021
52446840,9.47,5312,71000214,159894.2301,619887.4945,1231.87845,314,1743
52439798,16.43,9200,71000123,159416.8868,620341.7185,238.875,346,1856
52441064,6.21,9200,71000232,160758.7379,620918.5267,169.2816,655,3766
52447767,5.21,9200,71000123,158789.5698,620406.9474,194.69,426,2051
52447768,16.3,9200,71000123,159449.75,620310.285,194.2279,309,1738
53324115,6.71,9200,71000111,158657.6258,620213.3295,179.045,423,2074
53323872,8.21,9200,71000111,158783.8769,620258.3467,274.3067,404,1959
53322968,6,9200,71000231,160915.961,620607.5741,153.1750613,695,3521
52441083,5.96,6520,71000112,158276.86,619956.537,956.7140595,344,1739
52444945,7.01,9200,71000111,158436.9974,620233.0523,263.43035,443,1953
53324116,4.17,9200,71000123,159406.7627,620785.2749,167.4586881,415,2302
52440779,7.16,9200,71000213,160489.9514,619989.6472,486.4065264,445,2516
52440841,9.39,9200,71000111,158854.8,620135.5,222.54,330,1567
52445969,7.3,1000,71000111,159321.0005,620255.4251,389.0902,310,1751
52445318,7.3,5900,71000121,158141.0679,620446.0346,81.86734402,368,2299
52446130,6.1,9200,71000123,158758.933,620584.6869,202.2221,454,2312
53323678,10.82,7600,71000123,159491.0926,620344.2307,177.089,317,1797
52445810,5.9,9200,71000425,159708.4284,621058.8614,299.3930535,555,3391
52444498,29.89,7600,71000215,160180.211,619815.2226,675.2205,392,2159
52445657,4.71,9200,71000231,160308.4499,620661.5431,116.9221,547,2887
52446229,4.5,5305,71000111,158818.4941,620152.949,85.107,374,1738
52445818,4.83,9200,71000123,158820.5264,620447.3758,210.4236,431,2091
52445374,4.74,9200,71000123,158986.2807,620354.146,323.43805,404,2158
52445397,23.25,5253,71000121,158180.9192,620532.3848,1030.193,495,2910
52447059,7.2,9200,71000223,161386.1264,619905.2485,462.1425,605,3479
52446844,2.38,9200,71000111,158410.2602,620234.7376,186.08445,379,1829
52446853,8.09,9200,71000123,159433.4618,620424.0651,165.69975,357,2035
53323147,11.8,9200,71000231,160520.4104,620349.6884,389.7585,629,3142
52447240,6.6,9200,71000123,159272.8389,620530.9695,136.6485,371,2024
52446337,4.47,9200,71000123,158962.1985,620411.3256,307.1874,402,2147
52439894,7.46,9200,71000112,158292.2384,619909.4828,193.26255,341,1576
52447722,9.7,9200,71000123,159566.0513,620505.2506,167.5542,387,2145
52441102,6.52,9200,71000112,158265.2335,620047.9578,234.21105,355,1706
52444902,6.6,9200,71000111,158968,620154.62,215.2,431,2307
52444906,8.72,9200,71000122,158933.2393,621064.5204,246.0093281,500,2722
52444923,9.05,9200,71000231,160978.4344,620529.4945,198.094431,665,3429
52444939,3.3,9200,71000213,160292.0739,620220.2867,582.0820655,433,2489
52444969,8.61,9200,71000111,158877.9269,620143.1777,215.4054125,335,1590
52444970,6.1,9200,71000111,158769.4986,620058.0216,238.9558,316,1463
52444971,5.2,9200,71000111,158660.3759,619822.8664,133.07,315,1362
52444984,11.5,9200,71000112,158222.8981,620144.7495,345.8853,371,1890
52444448,3.64,9200,71000123,159249.9251,620540.6062,238.4295,378,2056
52444819,7.41,9200,71000122,158434.2569,620353.6103,205.4678,559,3022
52444871,6.3,9200,71000123,158788.7263,620456.8543,205.5349,434,2101
53323600,6.69,6840,71000123,159318.3114,620426.4744,349.329,482,2130
52444934,4.2,9200,71000123,158848.0618,620440.927,269.82365,436,2124
53324189,8.2,9200,71000123,159413.1152,620887.3689,184.564671,435,2445
52448173,4.92,9200,71000231,160316.6569,620608.7646,181.1077,560,2902
52448631,4.3,9200,71000231,161035.7549,620682.8694,111.5974,686,3619
52447272,2.57,5900,71000121,157575.922,620169.7898,130.38455,458,2562
52451362,5.41,9200,71000123,159272.2816,620699.8866,348.7672245,420,2246
52451363,5.2,9200,71000231,161022.3467,620699.6449,142.9911,709,3693
52451405,4.7,9200,71000232,160434.7086,620727.2322,244.7255257,581,3061
52451960,14.3,9200,71000231,160375.8821,620422.6513,654.4418,642,3171
53323995,6.35,9200,71000213,160389.7219,620081.8596,635.3051645,448,2565
52451971,4.24,9200,71000213,160434.2685,620062.0132,423.9005935,455,2622
52449015,3.31,9200,71000123,159165.1455,620835.9928,315.6669492,462,2517
52449019,6.73,9200,71000112,158359.78,619805.7932,128.2554,386,1766
52449020,5.115,9200,71000232,160392.6377,620837.7645,232.3305848,598,3161
52449024,9.91,9200,71000122,158668.006,620448.6423,209.365,384,1989
52449025,5.7,9200,71000111,158609.8052,620163.742,167.12795,380,1752
52448525,12.91,9200,71000232,160763.1879,620538.7652,389.9329,680,3454
66708153,4.11,9200,71000123,159237.0894,621043.5708,106.2809897,313,1845
52449061,4.85,9200,71000123,159437.1434,620373.5313,190.9783,364,2072
52449065,5.16,9200,71000123,159211.1867,620843.6247,156.21385,465,2536
53324349,8,9200,71000123,158854.6424,620823.4346,324.8721,472,2447
52449073,7.71,9200,71000123,159466.1048,620823.9187,129.035662,469,2604
52449079,4.87,9200,71000232,160732.7797,620893.5106,221.2099405,660,3786
52449081,7.705,9200,71000123,159519.8282,620608.254,282.155714,424,2347
52449082,7.01,9200,71000123,159187.1983,620509.9646,277.2061,403,2145
52448642,2.62,9200,71000111,158788.0658,619990.8332,356.4257956,319,1422
52448650,6.67,9200,71000122,158559.2572,620892.4039,212.4748,500,2738
52448655,8.02,9200,71000123,158865.3704,620605.2493,304.3646,458,2318
52448690,10.5,9200,71000123,158871.496,620313.4476,234.59105,392,2038
52452259,5.6,9200,71000231,160409.1277,620549.9426,215.265489,633,3210
53324055,6.68,9200,71000123,158805.0888,620548.4701,273.76155,450,2203
52452306,4.6,9200,71000232,161022.8242,620903.4552,120.27105,711,4008
52452372,8.11,9200,71000223,161319,619884.94,568.6452,581,3380
52452314,9,5521,71000223,161477.9023,619726.6404,114.3145,624,3957
52452007,14.8,7600,71000213,160231.9947,619971.646,166.5187,394,2194
53324003,7.62,9200,71000123,158836.2838,620540.4066,285.395,451,2208
52452012,8.51,9200,71000231,160478.2197,620558.3183,154.73955,606,3254
52452017,5.32,9200,71000231,160241.3336,620534.7634,276.7324012,538,2743
52452069,5.11,9200,71000232,160723.1762,620712.8256,189.6515158,671,3451
53324241,7.3,9200,71000232,160725.6161,620752.344,82.07656227,670,3448
52448536,7.7,9200,71000231,160389.0406,620624.344,169.46195,567,2989
52449542,4.5,9200,71000232,160921.0524,620837.8176,193.8617995,682,3998
52449534,3.9,9200,71000123,159043.1778,620745.5052,215.3011,431,2322
52449554,3.58,9200,71000123,159161.4809,620811.9049,226.68975,450,2493
52449555,6.35,9200,71000122,158578.1395,620833.6766,189.1934,469,2551
52449558,8.02,5900,71000121,158129.6253,620469.8672,74.84244475,369,2312
52449136,13.36,9200,71000122,158483.2393,620714.2109,685.3404,544,2923
52449142,5.34,9200,71000232,160435.7869,620959.4675,203.1621,604,3401
53324442,6.8,9200,71000122,158636.4434,620470.0179,203.9617,477,2374
52452715,6.3,9200,71000123,159538.171,620832.3778,207.7179775,503,2753
53325085,7.42,9200,71000425,159962.3865,620928.5567,181.08685,535,3379
53324059,44.79,9200,71000114,157979.1586,619881.728,920.5706,429,2372
52452321,8.19,9200,71000112,158296.5492,619800.4556,273.88145,409,1834
52452472,6.82,9200,71000123,158872.0474,620632.9591,185.6785,462,2346
52449562,5.61,9200,71000231,160474.7953,620470.8967,138.55395,605,3048
52450000,4.91,9200,71000425,160008.5017,620944.7363,140.50005,530,3374
52450051,3.6,9200,71000231,161005.75,620565.405,63.4377,677,3497
52450052,8.2,9200,71000123,159560.5432,620834.0306,211.64895,497,2722
52449667,14.89,9200,71000232,160320.1226,620809.495,851.65045,586,3093
53325095,18.14,9200,71000114,158110.3097,619878.8134,202.59815,349,1768
52453287,6.32,9200,71000232,160535.6631,620927.1898,203.72795,604,3418
52453298,5.25,9200,71000123,158917.038,620712.0073,970.590728,472,2451
52453299,3.3,9200,71000231,160548.1999,620468.4464,103.8299249,642,3196
52453344,7.39,9200,71000231,160342.7498,620653.7101,75.056,559,2950
53325113,4.17,9200,71000123,158974.8267,620379.5126,258.3169179,402,2148
52449486,9.39,7600,71000123,159445.8224,620442.1481,179.8754,354,2013
52450002,7.039999235,5601,71000222,160826.6924,619779.1565,1759.475509,530,2773
52450480,6,9200,71000123,159052.6042,620456.6425,274.85185,396,2117
52453695,7.93,9200,71000123,159159.0808,621045.0472,262.3328,525,2912
53325084,7.18,9200,71000123,159002.0629,620933.1915,336.84,499,2677
53325183,7.12,5900,71000121,158097.2665,620467.0154,70.32961599,440,2709
52453750,4.4,9200,71000231,160649.6569,620463.3244,137.5295,646,3240
52453751,3.96,5340,71000122,158360.8128,620362.5753,196.72245,549,2973
52453372,6.1,9200,71000123,159253.8025,620727.7024,404.4341512,436,2315
52452839,5.13,9200,71000232,160779.3919,620796.8276,148.6665,703,3590
52452841,4.74,9200,71000123,159050.799,621042.3481,185.387,507,2856
52452844,6.6,9200,71000123,158731.2407,620468.5683,274.9021522,427,2054
52452847,10.41,9200,71000232,160405.6369,620715.9003,499.675425,580,3056
52452850,5.63,9200,71000122,158524.6723,620828.363,479.8572,471,2565
52452851,6.3,9200,71000123,159164.1315,620569.1537,284.4174,397,2140
52453421,5.7,9200,71000232,161058.2403,620954.4847,162.12755,681,4152
52450491,9.42,9200,71000122,158469.2025,620366.6248,159.25,557,3009
52452853,5.39,9200,71000231,160989.3775,620640.0193,153.6893625,692,3620
52454233,4.8,9200,71000123,159519.7257,620637.722,234.8083,443,2352
52454234,6.8,9200,71000123,158845.2733,620634.5142,124.57685,459,2336
52450867,5.9,9200,71000123,158827.8502,620349.8741,414.6777,427,2084
52454686,8.21,9200,71000123,159237.9991,620563.6267,138.05,400,2133
52454690,7.07,9200,71000122,158632.072,620944.8922,325.5228,510,2726
52451552,8.98,9200,71000123,158789.4795,620431.5196,217.1473,427,2075
53323976,5,9200,71000232,160698.6124,620638.5527,182.674564,659,3368
52451863,4.51,9200,71000232,160754.9567,620800.239,160.684699,683,3524
53323978,22.59,7600,71000215,159936.2746,619810.7944,1364.0787,423,2397
52451896,3.9,9200,71000123,159251.3295,621067.1922,113.47045,527,2977
53323979,6.1,9200,71000231,160448.3101,620539.3693,131.7155,625,3172
53325854,6.31,9200,71000232,160539.1096,620792.9763,211.2967053,614,3245
66708083,6.01,6840,71000123,159891.9515,620603.6547,337.22145,284,1672
52449029,4.61,9200,71000232,160780.374,620820.934,192.6261143,695,4011
52447295,8.01,9200,71000123,158766.6826,620606.4086,222.8355,447,2289
52451383,7.5,5601,71000123,159432.3508,620788.6105,152.72645,474,2644
52451384,3.69,9200,71000232,161018.8803,620804.7988,214.9553371,719,3813
53323991,19.99,9200,71000214,160115.198,620241.1281,449.51787,397,2333
52458016,5.8,9200,71000123,159293.6566,620804.2171,301.433777,437,2385
52458024,7.31,9200,71000232,161111.1895,621015.5765,151.9666023,657,4024
52448965,5.105,9200,71000232,160444.197,620836.7506,214.006779,579,3122
52449544,3.71,9200,71000123,158908.8054,620358.8502,223.6454,429,2109
53324270,7.41,9200,71000231,161017.7265,620608.593,183.709,682,3546
52448630,3.81,9200,71000232,161030.0378,620779.9549,62.57565,691,4264
52449099,10.3,9200,71000232,160887.8358,620946.2046,222.1234,654,3823
52449101,4.8,9200,71000231,160707.4399,620473.6254,143.0973337,651,3292
53324356,7.3,9200,71000123,159005.7435,620456.9231,208.5042,399,2133
52448757,5.6,9200,71000123,159304.2372,620683.0844,323.0258875,418,2239
52452377,6.02,9200,71000231,160266.6494,620553.6406,69.39205,553,2831
52452335,5.32,9200,71000122,158637.4258,620556.588,129.67455,449,2261
52451958,6.605,7600,71000111,158721.6538,620074.5947,301.7796621,326,1545
52452030,8.58,9200,71000123,159105.3597,621016.68,366.96565,506,2850
52452034,6,9200,71000123,159436.7177,620893.3743,143.07715,440,2484
52448483,3.31,9200,71000232,160689.2646,621058.0745,173.229421,668,3812
52449545,5.12,9200,71000123,159315.434,620938.3913,257.655,477,2590
52448565,4.65,6520,71000121,157841.0852,620583.5459,496.3219,457,2831
52448566,7.78,5900,71000121,157658.0581,620111.3107,1074.45875,433,2439
52448567,8.8,9200,71000232,160798.802,621064.3361,246.8739765,668,3790
52449112,6.01,9200,71000232,160533.5194,620951.006,217.68585,604,3418
52449115,4.61,9200,71000232,161034.2549,620741.0679,103.722267,689,4273
52449157,12.4,9200,71000213,160476,620264.13,308.445,478,2762
52449160,4.51,9200,71000231,160230.2027,620563.6421,133.34145,526,2750
52453214,9.04,5900,71000121,157858.1134,620495.4108,1147.942701,408,2445
52453221,10.4,9200,71000112,158321.8265,620058.8504,377.18045,342,1636
52452337,4.06,9200,71000122,158538.8886,620812.4452,399.5137765,469,2545
52452380,7.51,9200,71000231,161006.7306,620633.7579,236.7704,692,3620
52452338,9.4,9200,71000122,158667.1801,620468.1864,177.40255,477,2380
52452339,8.3,9200,71000122,158236.9146,620458.2312,210.4637568,433,2676
53324064,16.49,9200,71000425,160020.4701,620819.3005,375.4870454,557,3080
53324011,5.18,9200,71000231,160973.1777,620711.8144,186.88815,717,3757
52452399,6.63,9200,71000232,160719.7295,620635.1956,165.6795,662,3388
52452404,7.9,9200,71000123,158909.3425,620799.3454,337.1202,481,2493
52452409,5.4,9200,71000123,158967.1787,620780.4605,175.7896295,487,2534
52452445,6.51,9200,71000123,159104.3495,620557.5113,290.90035,418,2228
52448516,6.66,9200,71000425,159978.9244,621041.0494,193.2143875,593,3565
52449535,6.5,9200,71000232,160547.6936,621045.8755,177.4925,603,3325
52449588,6.4,9200,71000122,158652.557,620649.0933,144.943,467,2417
52450009,6.62,9200,71000112,158439.5388,619721.9047,172.11025,355,1562
52450039,5.31,9200,71000232,161072.2111,621067.1925,148.3924421,644,3846
52453673,7.91,9200,71000122,158592.0358,620942.4404,147.4128032,507,2705
52453647,7.8,9200,71000232,160768.9532,620946.5855,91.25055,684,3937
52453648,6.6,9200,71000232,160959.0448,621044.8305,127.88985,664,3761
52453705,12.09,9200,71000231,160309.5051,620715.5895,701.9964,552,2918
52453337,7.61,9200,71000123,159497.9461,620924.7076,216.23225,452,2548
52453301,3.77,9200,71000122,158583.229,620930.148,154.4913,506,2691
52453308,8.91,9200,71000123,159368.1814,620634.3438,178.6301034,399,2164
52453316,8.3,5900,71000121,158113.4929,620467.5212,83.33439999,440,2709
52452453,6,9200,71000231,160908.1127,620661.6294,168.88535,690,3463
52450493,5.67,9200,71000425,159746.1732,620943.7442,266.027,564,3501
52453715,4.6,9200,71000232,160715.6802,620828.026,159.8209645,672,3501
52453343,6,9200,71000123,159316.2986,620651.6958,173.6571805,413,2159
52453759,6,9200,71000123,159252.75,620642.345,194.2009,415,2206
52450464,7.51,9200,71000231,160958.0627,620657.7154,134.7645,719,3812
52450926,6.5,9200,71000111,158558.1791,620061.0269,210.7172,354,1587
52454172,6.7,9200,71000123,158915.7088,620823.7604,232.4544,486,2518
53325264,7.81,9200,71000232,160637.0088,620832.7554,241.646425,662,3801
52454178,6.6,9200,71000123,159540.8841,620934.0262,231.9596,464,2590
52454179,4.6,9200,71000232,161068.1729,621048.4987,154.908458,660,3946
52452882,6.97,9200,71000123,159409.7025,620560.5504,132.84605,413,2235
52454257,13.06,9200,71000123,159375.75,620366.69,521.979,351,1880
53325281,9.16,9200,71000123,159582.105,620466,172.2959,357,1982
53324694,7.22,5900,71000121,157353.3165,619882.224,722.73915,508,2857
52454261,11.31,6520,71000224,162241.0401,619721.6626,1500.62235,602,4225
52454264,4.32,9200,71000425,159963.2429,621031.4972,155.0511415,597,3587
52451516,7.92,9200,71000112,158192.9026,619976.148,352.13865,325,1660
52451518,4.27,9200,71000123,159126.7693,620412.153,225.54975,384,2064
53323918,18.75,9200,71000111,159185.1776,619982.9449,1266.1512,292,1158
53325858,5.51,9200,71000232,160799.8216,621012.1768,262.0986,666,3779
52457541,5.31,9200,71000232,160784.1698,620902.7912,163.2495,686,3981
52457548,4.815,9200,71000232,160733.3117,620802.7343,236.176725,678,3503
52427602,5.61,9200,71000232,161040.1132,620818.6487,133.76385,684,4222
53319640,5.88,9200,71000122,158641.521,620791.4379,394.44955,485,2555
52431309,4.97,9200,71000122,158582.1817,620632.2443,147.6076,446,2278
52431826,28.45,9200,71000121,158075.3043,620960.3207,2830.7167,439,2948
52431834,3.31,9200,71000232,161035.9734,620799.7451,168.1487,691,4264
52431945,6.7,9200,71000232,160666.8232,621043.8366,179.39545,668,3811
52434398,5.67,9200,71000111,158864.7152,619989.2267,328.61515,341,1530
52434939,5.22,9200,71000123,159453.4022,620889.781,154.24295,462,2545
52435014,3.39,9200,71000232,161052.8443,621088.8093,98.982751,643,3830
52426266,12.11,9200,71000232,160825.7072,620997.6705,393.1412,669,3794
52429078,25.85,9200,71000122,158446.1193,620618.5899,837.1751,493,2675
52427741,5.2,9200,71000123,159023.4755,620474.8274,242.1996,459,2263
52429141,6.81,9200,71000221,160840.805,619881.75,486.9852,474,2710
53320683,5.71,7600,71000123,158972.5,620293.845,63.871,397,2154
52431313,6.3,9200,71000123,159170.868,620624.534,356.0559,411,2188
52431352,14.71,9200,71000223,161572.4104,619816.235,300.9035,633,3607
52434427,2.76,9200,71000123,159294.4463,620865.5552,105.97145,443,2438
52426217,7.6,5900,71000121,158088.4548,620453.3813,53.3491,363,2276
52425839,7.9,9200,71000123,159499.9078,620835.2504,143.273238,507,2777
52428634,5.8,9200,71000232,161118.5761,621053.8618,145.5777,650,3894
52428708,10.3,9200,71000123,159143.8578,620742.2195,323.8924495,426,2313
53321078,5.4,9200,71000232,160638.0493,620815.3576,216.08355,680,3513
52429035,5.905,9200,71000232,160693.451,620697.9923,213.5435982,662,3382
52435852,7.41,9200,71000425,159760.1991,620922.2567,302.685397,569,3558
52425795,5,9200,71000123,159033.9555,620438.3125,251.47065,395,2110
53320187,17.81,9200,71000123,159796.6709,620543.8606,372.3854,458,2628
53320461,5.46,9200,71000425,159953.1099,620986.1778,277.7125,604,3616
53321183,28.25,9200,71000111,159017.8127,620204.6004,399.35095,410,2228
53320529,15.85,9200,71000231,160265.5324,620752.5846,836.243,578,3054
52430147,3.38,9200,71000232,160707.4677,620695.383,82.38659999,664,3396
53319808,5.59,9200,71000231,160959.901,620541.5664,169.1089802,673,3465
52428553,5.2,9200,71000232,160652.0212,620624.7756,167.974475,651,3327
52428555,4.73,9200,71000123,159156.2837,620789.9113,282.7552165,431,2361
52427267,6.01,9200,71000112,158228.7116,619887.0258,131.8876,308,1555
53320465,7.1,9200,71000232,160767.4443,620879.1339,161.00505,683,3969
52426871,35.53,9200,71000111,159186.8223,619903.3015,526.44935,259,1050
52427417,6.3,9200,71000232,160531.1558,620778.5843,201.2596872,611,3236
52426946,3.62,5900,71000121,157390.5936,619863.6382,723.0255,508,2858
52427442,6.61,9200,71000231,160892.6192,620622.7966,176.83665,688,3454
52427004,4.9,9200,71000232,160676.5764,620812.5051,242.312357,676,3486
52430155,6.41,9200,71000232,160980.0998,620772.3904,189.727508,717,3772
53321204,4.21,9200,71000232,160673.5436,620778.3755,206.0775,674,3482
52429680,7.3,9200,71000122,158668.3613,620511.8142,281.81705,395,2049
53321215,5.17,9200,71000123,158746.5602,620560.6719,304.2295,435,2145
52430327,8.25,9200,71000213,160624.955,620192.13,703.47,520,2835
52429965,9.1,9200,71000123,159673.9535,620695.5257,161.846648,457,2518
52432520,18.62,9200,71000114,158143.9427,619890.9552,441.46455,337,1618
53320363,5.9,9200,71000232,160438.9068,620914.0923,180.7901319,610,3243
52426887,10,9200,71000112,158157.1599,620330.8042,749.22905,386,2077
52427510,5.2,9200,71000231,160963.8529,620673.0723,234.5187475,719,3797
52431001,8.32,9200,71000232,160613.6136,620841.0665,212.6165,665,3813
52430537,6.21,9200,71000123,159348.2992,620827.5547,267.9729473,420,2348
52428209,22.24,9200,71000111,159098.3008,620111.8616,462.8375,315,1218
52427888,9.6,9200,71000123,158864.1478,620843.3136,251.7646275,477,2468
52428425,3.38,9200,71000425,159775.2055,620969.8466,165.3911515,564,3420
53319709,2.42,9200,71000123,158759.5718,620352.2907,456.5221,410,1977
53320605,14.32,9200,71000122,158505.5056,620744.1406,618.3675,476,2560
52431244,7.4,9200,71000123,159384.7324,620679.1168,215.7409377,402,2202
52430943,7.81,9200,71000123,158877.8096,620714.0798,98.52235,476,2464
53321545,14.5,9200,71000221,160809.0347,620047.1213,297.185,496,2831
52428273,12.06,9200,71000111,159046.5034,620163.7821,279.95255,334,1286
52431783,7.91,9200,71000231,160957.0649,620585.7357,151.472926,664,3446
52431793,3.85,9200,71000123,159231.7811,620775.1931,342.24215,444,2433
52431802,5.4,9200,71000231,160530.7053,620536.7691,67.43999999,618,3134
53320579,6,9200,71000231,160860.5246,620708.5693,379.3281357,693,3494
52430417,6.33,9200,71000122,158597.9728,620549.3588,180.63715,460,2279
52427584,6.79,5900,71000121,158231.3499,620699.922,321.0722,545,2998
52427585,4.34,9200,71000231,160303.9666,620626.5142,213.077624,557,2888
52427587,7.005,9200,71000232,160809.0306,620611.215,358.1989181,674,3412
52427745,3.95,9200,71000231,160355.2478,620661.8886,154.4362,568,2984
52427747,5.33,9200,71000425,159915.1319,621038.0452,399.508722,598,3301
52432201,4.5,9200,71000123,159308.1493,620707.5254,273.75295,423,2263
52431852,6.4,9200,71000232,160548.0555,620809.0089,263.5847557,609,3225
52429057,5.7,9200,71000123,159178.5347,620702.134,273.4015,416,2279
52429058,9.11,9200,71000123,159464.0584,620800.6828,239.3788,473,2633
52429070,4.71,9200,71000232,161074.3071,620787.4614,154.328852,684,4229
52429123,7.23,9200,71000111,158410.1215,619889.1172,246.5195,318,1448
52429188,5.96,9200,71000122,158683.455,621061.285,167.1979,597,4098
52428816,8.205,9200,71000232,160803.0645,620547.7232,478.7559081,675,3417
53321063,8.3,9200,71000112,158253.95,620074.785,271.22,358,1735
52435473,22.42,9200,71000111,159149.5017,619886.4983,609.8942,256,1034
66700332,4.29,9200,71000231,160425.676,620499.3132,84.655,331,1950
52435474,5.7,9200,71000111,158630.8186,620039.4067,194.32445,345,1642
52435856,6.1,9200,71000112,158190.9504,620119.2909,236.012,369,1883
52426243,7.07,9200,71000112,158315.8726,619815.3063,169.02515,355,1669
52426312,14.7,9200,71000223,161624.357,619796.9338,251.646,671,3800
52430036,5.9,9200,71000123,159290.0311,620749.9529,231.0583,439,2394
52428921,5.44,9200,71000122,158780.5016,620956.7105,402.006,486,2552
52428923,19.72,9200,71000112,158780.7872,619724.0492,881.3057615,271,1125
53321083,9.31,9200,71000232,160491.298,620843.5404,253.3365484,597,3167
52429004,7.16,9200,71000122,158538.0555,621010.0078,318.7604,571,3167
52429010,7.6,9200,71000232,160516.5933,621000.5758,237.48255,606,3359
52429016,4.85,9200,71000122,158820.4017,620961.9365,288.48,467,2587
52435871,6,9200,71000123,159601.4938,620924.0736,124.64245,469,2644
52435876,5.7,9200,71000232,160519.6744,620923.5798,108.87165,604,3418
52435383,26.04,9200,71000221,161181.7962,620049.168,315.61465,604,3723
52425870,5.31,9200,71000122,158499.455,621048.465,149.11,638,4437
53320204,10.8,9200,71000232,160700.4597,620550.4299,316.9904,678,3444
52430060,7.52,9200,71000123,158919.7312,620937.857,290.10205,472,2599
53320514,18.62,7600,71000213,160178.9179,619871.8957,681.5564606,363,2022
52429368,4.29,9200,71000425,159740.8079,621060.3484,361.974426,546,3292
52429370,20.65,9200,71000215,160139.3314,619733.1814,793.90475,360,2057
52428519,6.9,9200,71000122,158784.3294,620910.2561,280.14615,483,2538
52435400,6.9,9200,71000111,158515.5874,620115.9938,252.3652916,469,2095
52435401,15.5,9200,71000223,161529.1235,619798.6017,274.1911,609,3548
52435402,6.2,9200,71000232,161136.9096,621046.4359,233.9430247,656,3928
52427277,6.65,9200,71000112,158328.5008,619790.2094,159.3834,358,1699
52427278,5.6,9200,71000123,159402.4704,620925.7652,143.4846359,436,2455
52427290,3.9,9200,71000111,158719.3702,619893.8871,266.1261,327,1455
52427407,7.69,9200,71000232,160723.3979,621073.5425,76.70759999,674,3847
52426888,5.3,9200,71000123,159443.5859,620596.1003,161.86735,416,2253
52426996,5.38,6520,71000222,160695.1422,619701.0467,159.51,460,2507
52426973,6.7,9200,71000123,159581.5138,620929.655,225.5807,468,2627
52426976,9,9200,71000122,158491.9663,620367.0273,111.385,563,3064
52429592,4.29,9200,71000111,158706.3441,619794.4967,247.121,318,1344
52429609,4.805,9200,71000231,160668.6312,620482.9669,94.25570563,647,3253
52429650,5.01,9200,71000232,160440.3394,620868.7592,242.608654,604,3217
66703114,4.5,5305,71000231,160278.8591,620603.8292,130.79265,325,1916
52429724,4.965,9200,71000123,159185.5965,620731.5119,407.0247231,426,2313
52429978,3.48,9200,71000123,158770.8215,620533.1939,368.040757,431,2127
52429985,5.6,9200,71000111,158475.0175,620147.2559,272.0328,465,2097
52426861,4.41,9200,71000231,160994.893,620666.6602,165.3670095,719,3797
53320458,3.7,9200,71000123,159504.0348,620602.5882,168.45765,423,2328
52431023,11.58,5900,71000121,157423.9178,619962.2798,728.39615,400,2383
52431032,7.57,9200,71000122,158625.2956,620898.7015,147.5221687,514,2704
52431079,8.7,9200,71000425,159792.3478,620875.6466,330.9092064,572,3603
52430726,7.22,9200,71000123,159641.6633,620645.2638,151.0931,448,2469
52431131,7.21,9200,71000123,158846.9141,620563.3728,282.857961,460,2338
52429545,4.66,9200,71000112,158412.7864,619802.953,230.60495,307,1372
52429557,5.7,9200,71000123,159316.1198,620733.2445,312.510375,440,2403
53319748,9,9200,71000111,158678.0499,620126.1781,185.3275,348,1637
52428219,5.59,9200,71000232,160445.6944,620743.4872,240.978479,589,3116
52428230,5.01,9200,71000232,160649.4639,620758.433,282.0936575,675,3451
52428234,7.6,9200,71000231,160444.1612,620485.9879,218.0510317,609,3075
53320333,6.05,9200,71000122,158595.662,621033.8433,180.1844,511,2826
52428013,7.71,9200,71000123,159429.5083,620836.1349,172.68905,472,2607
53320845,7,9200,71000232,160778.8755,620647.4094,210.8139275,680,3448
52431703,5.85,9200,71000231,160997.8969,620548.7295,124.5587,672,3456
52430849,7.9,9200,71000232,160601.7229,620881.7667,208.5643,627,3568
52430366,5.9,9200,71000232,160502.637,620903.3396,188.199,608,3440
52430367,6.4,9200,71000232,160742.1451,620709.2694,192.7610072,686,3506
52430369,5.35,9200,71000122,158602.8074,620712.8349,183.785658,467,2443
52430904,3.8,9200,71000232,161004.4433,620907.6261,132.29955,684,3927
52434034,14.8,9200,71000213,160402.3357,619974.3536,300.12485,434,2437
52428423,8.4,9200,71000122,158491.6624,620351.9331,114.684777,566,3076
52428424,8.91,9200,71000112,158146.4061,620141.7732,255.80295,385,1951
52427518,7.6,9200,71000123,159103.6937,620586.7931,98.60995001,427,2282
52428022,7.9,9200,71000122,158846.3442,620948.257,352.72535,460,2558
52428032,4.39,9200,71000122,158933.0464,621033.4351,506.1356,466,2622
52431998,7.6,9200,71000232,160496.5629,621002.6745,269.83965,597,3339
52431697,17.6,9200,71000221,161224.3973,619982.2452,334.9369372,556,3348
52431698,4,9200,71000111,158581.6428,619989.9685,332.8302122,338,1515
52432149,22.6,9200,71000121,158070.398,621038.3309,1516.00036,474,3112
52431754,7.6,9200,71000123,158996.9769,620288.4056,126.077377,394,2129
52430380,4.89,9200,71000231,160539.8597,620546.5811,168.7425525,620,3148
52430397,5.81,9200,71000123,159081.2969,620813.4337,206.30155,524,2656
52431818,22.92,9200,71000114,157980.6573,619957.655,477.8648,386,2058
52430443,6.31,5305,71000123,159435.9251,620625.3313,214.4145,424,2278
52465958,8.7,9200,71000123,159524.9111,620890.3012,147.754,462,2569
52465600,5.25,9200,71000112,158283.1018,619765.9057,178.51315,399,1806
52464713,8.3,9200,71000122,158857.1447,620997.0036,138.86585,465,2578
52464229,8,9200,71000123,159534.4675,620868.5842,155.3601,501,2743
52464231,4,9200,71000232,160748.9087,620985.7366,159.4593,638,3740
53327055,5.11,9200,71000232,160513.5902,620979.004,209.5878987,601,3401
52464240,5.085,9200,71000122,158579.0012,620679.7673,243.5563694,475,2478
53327149,5.8,9200,71000123,159398.569,620852.9973,143.593,476,2631
52464762,6.9,9200,71000122,158678.9948,620953.7026,367.68395,510,2822
52465926,7.48,9200,71000232,160745.4563,620689.0571,168.56688,691,3527
52465927,7.6,9200,71000232,160373.5798,620891.3877,182.05015,607,3199
52465459,8.22,9200,71000122,158592.9221,620353.9937,676.02155,408,1981
52465474,15.51,9200,71000221,161135.4445,620114.4415,558.4481,553,3151
53327273,6.895,9200,71000123,159507.6191,620676.5905,200.7512031,447,2364
52466003,6.66,9200,71000111,158467.0597,620229.3605,255.04255,448,1979
52466004,6.9,9200,71000123,159500.2366,620882.6318,214.0515856,451,2545
52465602,7.3,9200,71000123,159275.0295,620954.8326,275.238881,481,2618
52465606,5.9,9200,71000122,158531.6995,621090.2406,168.3686,572,3140
52465607,4.5,9200,71000232,160502.0692,620763.2062,78.238055,609,3214
52465610,5.21,9200,71000111,158737.8132,619820.8169,221.5647,303,1296
52465611,31.96,9200,71000111,159103.7178,619940.7068,417.62685,273,1033
52464254,12.9,9200,71000213,160191.4806,620010.0601,308.7014167,400,2334
52464301,6.79,9200,71000316,158708.9244,618730.3609,472.80385,231,900
52464314,6.01,6520,71000224,161768.091,619171.4285,691.753245,493,3187
53326990,5.7,9200,71000123,159585.225,620671.4952,160.74275,464,2430
52463896,6.34,9200,71000325,157780.4493,618900.8614,159.01735,414,2222
53326741,13.46,9200,71000213,160527.059,620255.8457,307.5766,486,2718
52463004,7.96,5521,71000221,160998.2211,619985.4433,202.3608,525,2988
52463041,11.3,1000,71000111,159327.9112,620230.5713,348.7042,313,1763
52465161,3.41,5900,71000121,157561.204,620086.5544,111.11745,459,2581
52465171,10.35,9200,71000122,158684.0428,620862.6185,273.4906965,501,2640
53327230,8.2,9200,71000123,158904.1975,620865.8617,342.993427,489,2505
52462521,13.3,9200,71000221,160894.3378,620221.5463,544.3516,526,3018
52463159,8.09,9200,71000123,159305.8531,620618.9405,179.2666,412,2154
52466650,4.69,9200,71000123,159000.9957,620322.8125,275.014,395,2139
52466677,5.44,9200,71000111,158839.9952,619974.4987,264.7955477,300,1359
53326614,13.4,9200,71000114,158193.9487,619736.8797,413.45165,309,1514
66705385,5.3,5305,71000232,161017.5556,621079.6814,129.27945,471,2778
52466729,5.3,9200,71000111,158585.489,620154.3492,160.107,387,1778
52466888,5.9,7600,71000123,159389.2354,620618.3872,221.192333,403,2191
52464560,9.51,9200,71000112,158115.805,620198.5554,520.78505,355,1913
52463669,5.4,9200,71000425,159893.337,621066.0828,152.0421,599,3307
52463761,6.56,9200,71000111,158929.1119,620010.3028,316.3908171,338,1535
52464406,19.31,9200,71000214,160092.4729,620198.4985,424.054657,390,2285
52465829,6.91,9200,71000232,160457.5778,620999.9905,209.7045095,596,3349
52463603,8.8,9200,71000123,159555.5183,620413.3753,201.71,332,1900
52464562,8.92,9200,71000112,158281.6337,620228.1693,406.7187637,388,1869
53326939,16.3,9200,71000221,161223.6505,620045.5325,362.8268,563,3414
52464563,6,9200,71000111,158901.2644,620223.2354,71.91224999,355,1669
53327338,16.9,9200,71000221,161193.5324,620133.2222,556.9736,572,3512
52464515,5.055,9200,71000231,160923.88,620525.6343,191.3098023,657,3406
52464516,11.13,9200,71000213,160211.7601,620047.3512,311.94185,417,2369
52465039,3.6,9200,71000123,158847.7935,620413.445,345.94345,435,2095
52465054,9.29,6520,71000123,159111.8598,620314.307,565.6215,351,1983
53327125,4.26,9200,71000316,158750.6299,619058.6561,399.0746,172,579
52464672,5.26,9200,71000111,158481.1238,619999.5501,339.6509907,353,1608
53327216,7.89,9200,71000232,160489.035,620769.8998,124.6532,606,3200
52464726,6.8,9200,71000232,161086.1063,620990.7303,56.67395,663,4038
52463379,30.47,9200,71000122,158400.92,620653.746,609.16755,500,2735
52463385,6.31,9200,71000232,161062.9,620757.25,180.914,693,3697
53327356,9,9200,71000232,160615.0953,620800.038,191.4016375,687,3538
52465939,9.29,7600,71000123,159577.791,620434.361,164.46685,329,1922
52464275,6.1,9200,71000231,160553.4335,620485.4769,93.588631,622,3141
52464777,9.18,9200,71000325,157839.4345,618892.8047,243.03545,429,2264
52464778,8.71,9200,71000243,160760.9,618746.75,302.87,497,2450
52464819,26.63,9200,71000111,159130.8753,620151.1846,377.8702,332,1277
52462472,5.63,7300,71000242,161070.328,618329.1177,962.4066416,514,2893
52462475,4.51,9200,71000212,160092.2248,619413.1152,168.51835,330,1597
52465997,4.51,9200,71000111,158372.887,620052.0103,231.652,397,1787
52465490,10.3,9200,71000122,158257.8974,620428.5753,131.748395,443,2712
53327366,8.71,9200,71000243,160293.1367,618834.8395,229.6611,367,1713
66703146,6.89,6520,71000222,161138.8933,619415.6378,1740.118285,372,2195
52465650,5.76,9200,71000112,158638.4015,619744.1826,185.8859,308,1285
53327066,7.71,9200,71000112,158171.776,620154.0127,282.77615,375,2012
52464323,23.11,9200,71000311,159457.7994,618816.8972,302.32265,230,857
52462988,7.11,9200,71000123,158729.5315,620444.0974,254.24,425,2029
52466512,13.14,9200,71000221,160818.6201,620003.321,323.437289,512,2911
53326587,4.12,9200,71000232,160388.3021,620772.9153,238.873269,577,3041
52465299,10.31,9200,71000112,158292.7721,620064.3935,400.51645,356,1712
52465300,13.1,9200,71000213,160349.1157,619991.5663,326.6992576,411,2333
52463975,13.2,9200,71000221,161151.3099,620240.2167,432.69585,595,3708
52466740,13.35,9200,71000213,160576.0506,620250.6553,309.9312,502,2770
52464089,9.2,9200,71000112,158218.6805,620226.8048,353.49745,374,2027
52466881,32.07,9200,71000111,159211.9025,620137.8466,369.4557,320,1255
52464442,23.95,7600,71000112,159264.3522,619823.7531,854.7003,290,1119
52465042,28.4,7600,71000123,159383.3843,621014.3189,324.103,467,2558
52464536,14.61,9200,71000213,160255.8645,620314.2539,536.493204,447,2551
53327110,6.86,5340,71000425,159853.3956,620865.5526,587.8397,517,3290
52464539,8,9200,71000213,160140.1109,619969.8559,550.938608,413,2351
53327137,8.61,9200,71000111,158689.4209,620164.251,256.75235,358,1677
53327138,21.7,9200,71000114,158125.8253,620011.6117,262.1616687,345,1764
52464699,9.41,9200,71000123,159492.9752,620378.203,225.5150011,372,2118
53327139,3.7,9200,71000232,161010.5,620769.25,113.0274,717,3773
52464706,5.48,9200,71000111,158763.4706,619820.6303,137.57995,297,1272
52464707,5.59,9200,71000232,160516.25,621091,116.3728,562,3248
53327140,8.09,5305,71000223,161483.2452,619756.783,260.33395,630,3988
52461004,3.61,9200,71000231,160592.6388,620473.2034,115.00455,639,3186
52460793,3.88,9200,71000231,160356.1305,620689.9989,185.22965,569,3023
52460377,6.1,9200,71000123,158859.9797,620504.8002,294.0131,450,2217
65188794,5.955,9200,71000111,158645.0727,620077.2064,290.6702932,358,1686
52458405,6.25,9200,71000232,160493.7525,620795.8803,159.9787432,603,3186
52458413,5.425,9200,71000232,160385.5032,620906.4714,228.0339167,614,3265
64907289,4.1,9200,71000232,160512.6404,620790.4378,218.1763033,612,3241
52458004,6.2,9200,71000122,158644.0621,620706.867,194.2498894,447,2392
52458005,8.94,9200,71000123,159355.678,620800.2401,250.4957,417,2317
53325943,6.01,9200,71000231,160914.2196,620623.4702,124.8867,691,3470
52458484,4.66,6535,71000232,160436.2837,620689.5006,177.211486,574,3075
52460528,6.31,9200,71000123,159045.6168,620965.0245,231.56865,513,2772
53326408,8.91,9200,71000243,160244.9221,618739.22,247.74145,353,1653
52460813,9.7,9200,71000112,158240.3877,620229.7721,380.5156,388,2094
52460816,8.9,9200,71000123,159535.2434,620423.5733,215.529,335,1923
52461296,4.385,9200,71000123,159028.2638,620316.0993,323.9408466,392,2110
53325660,4.7,9200,71000232,160422.8612,620881.5455,227.9608005,608,3237
52461306,9.2,9200,71000123,158894.5061,620311.1295,182.8505,395,2060
52460481,6.89,5521,71000223,161317.0192,619417.6575,226.72795,533,2984
52461364,4.59,9200,71000243,160693.4094,618605.8044,259.5144631,445,2266
52458447,8.75,9200,71000231,161026.895,620630.25,243.565,690,3598
52458449,8,9200,71000122,158774.3982,620797.1005,320.7139084,432,2350
53326104,7.11,9200,71000123,159635.5275,620898.9525,189.3933,473,2678
52458927,3.93,9200,71000232,160380.4036,620814.7746,76.28099999,589,3100
52458930,4.71,9200,71000122,158671.1741,620533.3159,177.19705,397,2062
52462028,16.5,9200,71000231,160150.2733,620498.4543,859.0551,505,2656
52462072,11,9200,71000221,160994.2245,620305.0375,545.0466,566,3187
52462090,8.5,9200,71000111,158877.2195,620075.3701,238.51235,342,1551
52462143,4.31,9200,71000232,161087.2941,620903.109,126.74485,679,4102
52462195,30.64,9200,71000425,159946.4479,620679.2767,472.317,595,3235
52461311,3.47,9200,71000123,159207.0054,620615.0112,119.5665,413,2199
52460465,9.5,9200,71000232,160771.3478,621095.952,177.0944985,681,3847
52460472,10.3,9200,71000112,158239.9127,619997.0983,291.7560195,336,1711
52461505,11.11,9200,71000232,160874.6708,620857.0236,347.2174,681,3998
52461676,9.5,9200,71000122,158248.0769,620444.458,132.0055882,437,2694
52462201,21.57,9200,71000425,159971.3238,620879.6054,579.0607,543,3452
52462204,5.3,9200,71000123,159196.8782,620782.7474,324.8923,445,2468
52462207,5.8,5900,71000121,158138.9658,620431.9661,68.32922245,366,2287
53325836,5,9200,71000223,161251.8644,619750.6402,381.85545,711,4125
66708069,5.525,6520,71000222,160671.3847,619742.3553,136.2528008,305,1796
52462666,14.29,9200,71000214,160077.0853,620246.2461,431.7018625,417,2340
53326770,7.9,9200,71000111,158537.5544,620153.3424,235.31255,470,2121
52462729,28.45,9200,71000114,158186.0041,619620.854,725.56235,375,2362
52461366,7.4,9200,71000111,158753.0135,620010.5489,321.3078883,324,1449
52461919,7.71,9200,71000123,159124.0963,620668.581,283.215,417,2259
52461437,29,9200,71000111,159148.7761,620065.6772,865.8436,316,1188
52461440,19.05,9200,71000214,160017.4109,620153.0054,668.10485,408,2209
52461441,10.39,9200,71000111,159047.4599,619820.2123,910.18685,277,1045
52458668,6.3,9200,71000112,158252.6601,619896.2707,139.57105,351,1619
52459390,5.29,7600,71000122,158582.7778,621017.2625,221.30045,507,2805
52462816,8.24,9200,71000112,158332.4066,619928.6924,182.071,334,1532
52461450,6.32,5900,71000121,158143.7446,620487.1394,50.4012,440,2709
52459559,23.23,9200,71000425,160003.0644,620665.1129,550.602,573,3514
52460105,6.09,9200,71000112,158363.0973,619902.2949,188.796,323,1479
52460107,6.14,9200,71000123,158794.6711,620351.2591,366.43215,419,2012
52459336,3.5,9200,71000232,160763.9864,620899.8696,146.5355,660,3785
52459377,20.99,9200,71000214,160062.7458,620446.8332,355.5854,463,2450
52459378,3.61,9200,71000231,160588.1567,620451.5715,120.8935,638,3173
52459379,4.89,9200,71000123,159380.445,620912.94,128.6502,434,2432
52459397,6.5,9200,71000232,160410.5967,620793.1389,187.2,573,3066
52459409,4.81,9200,71000231,160923.0739,620540.8059,108.31325,659,3420
52459411,4.805,9200,71000232,160714.5669,620803.8261,165.3798643,674,3484
52462883,7.51,9200,71000111,158828.9877,620172.3132,504.01,369,1723
52459561,6.5,9200,71000123,159558.195,620870.131,265.8209389,498,2727
52460111,6.21,9200,71000221,160855.9122,620117.4166,710.6621,522,2934
52459652,23.61,9200,71000221,161110.9383,620240.5973,322.12955,592,3692
52459459,4.51,9200,71000231,160905.9061,620545.0512,167.3115665,649,3371
52456622,4.52,9200,71000122,158607.535,620904.3717,154.988,506,2690
52460497,4.69,9200,71000231,160460.0882,620484.4276,72.76995,606,3062
52460503,7.355,5300,71000212,160428.5676,619756.4837,467.8086314,582,3082
52460557,6.71,9200,71000232,161099.7975,620986.9852,128.19235,657,4024
52460505,24.35,9200,71000425,159903.2599,620747.8824,499.1612,493,3269
52460558,3.88,5305,71000123,158926.1427,620376.6699,360.7071,433,2133
52459653,7.5,9200,71000232,160706.9832,621066.8507,203.3952375,671,3830
53326448,6.6,9200,71000231,160889.6747,620692.6037,224.2104452,691,3482
52459518,7.38,6535,71000123,159287.1461,620417.6327,1904.09,485,2140
52463840,9.72,9200,71000316,158663.414,619069.9943,658.5936224,155,532
52457884,5.03,9200,71000232,160705.2465,620909.6055,152.2255,639,3694
52457969,6.69,9200,71000122,158591.7883,620804.7112,154.515,494,2576
52457975,6.2,9200,71000232,160620.9168,620889.7196,224.6685,628,3588
52458452,6.8,9200,71000232,160508.9476,620816.1807,94.61305015,600,3180
52458467,10.57,9200,71000425,160061.1086,620892.4262,248.9836808,529,2963
52460547,22.87,9200,71000215,159960.3915,619750.8163,350.11875,332,1850
52460631,9.3,9200,71000123,158889.3171,620406.9664,349.1659,435,2138
52461279,3.79,9200,71000232,160934.391,620882.997,171.3240459,673,3906
52461283,3.44,9200,71000122,158706.0043,620612.7581,166.43425,414,2148
52461284,9.11,9200,71000111,158966.5512,620222.2495,244.396,383,1749
52461285,9.71,9200,71000112,158414.5913,620326.067,252.968377,393,1912
52461292,8.5,9200,71000231,160609.5001,620433.0423,143.7939,645,3210
52460841,4.46,9200,71000122,158722.3321,620695.9481,207.68045,432,2316
52461338,20.03,9200,71000211,160077.287,619176.9203,473.59645,326,1492
52460893,3.5,9200,71000211,160184.4915,619309.6722,328.968145,354,1641
52463846,5.36,9200,71000213,160247.9506,620126.3108,654.7521,421,2403
52463406,23.71,6520,71000222,160871.6717,619160.9817,428.6448245,394,2183
52463408,5.53,9200,71000325,157749.158,618906.2982,162.44508,410,2158
52457902,3.915,9200,71000123,159233.178,620815.3889,393.0465332,446,2446
52458956,3.8,9200,71000232,160961.0072,620794.3532,153.617912,684,4038
52460744,9.5,9200,71000231,160411.8296,620636.3557,204.73646,576,3089
52461746,10.2,9200,71000123,159107.8317,620610.1551,100.55115,422,2260
52461749,6.2,5900,71000121,157559.6479,620134.3732,234.173,462,2597
52461755,18.1,9200,71000221,161053.6645,620324.6587,683.2949,615,3790
52460444,10.41,9200,71000213,160283.25,620073.155,306.8,406,2314
52460451,22.3,9200,71000221,161032.9283,620272.1122,334.6175,623,3828
52463416,5.74,9200,71000243,160680.8563,618740.2985,352.7515,480,2405
52463427,29.48,9200,71000321,158054.4281,618815.48,513.3868,497,2555
52461594,8.2,9200,71000122,158634.6914,620429.8589,212.78765,508,2439
52461673,7.11,9200,71000111,158680.75,620234.405,283.125,351,1678
52461599,5.9,9200,71000111,158621.1087,620065.2398,368.9966356,365,1713
52462239,13.4,9200,71000213,160303.25,620313.465,284.649,450,2566
52462241,6.8,9200,71000111,158699.1205,620065.3009,252.0824625,330,1569
53325745,6.73,6520,71000222,160849.9748,619417.1466,1550.333914,493,2380
52460461,9.1,9200,71000213,160329.2952,619904.127,422.8325,437,2427
52461869,4,9200,71000232,160709.2391,620755.0863,182.4214785,669,3433
52461877,30.57,7600,71000215,160082.6452,619829.0545,549.93115,401,2241
52458720,3.31,9200,71000111,158650.003,619987.3719,214.99765,362,1661
52461424,10.31,9200,71000221,161052.75,619909,302.697,531,3062
52462836,7.7,9200,71000111,158661.9891,619835.6871,114.18,315,1362
52462837,6.3,9200,71000223,161307.6306,619830.1915,497.592,569,3322
52462842,24.94,9200,71000112,159226.0515,619818.7912,761.35135,290,1120
52459364,8.91,9200,71000123,159492.0627,620444.3668,194.2173,343,1971
52459368,5.6,9200,71000232,160526.2377,620901.1518,252.2671574,617,3498
52459369,5.865,9200,71000231,160223.1604,620543.5554,224.0981795,522,2729
52459423,6.51,9200,71000123,158900.3515,620919.79,253.993,454,2517
52459424,4.31,5900,71000121,158107.5054,620451.1979,74.64999199,366,2284
52459587,8.3,5900,71000121,157518.018,620062.5519,744.4189,462,2609
52459865,3.47,9200,71000111,159033.7947,619820.2981,102.5053345,277,1043
52494354,4.75,5900,71000121,157526.2903,620089.8956,93.945,463,2614
52494935,8.31,9200,71000111,158531.499,620049.9791,195.5934,420,1903
52490787,8.4,9200,71000122,158784.3733,621070.4892,209.29025,496,2752
52495498,16.55,9200,71000212,160176.7777,619595.7617,1179.2533,408,2331
52492145,18.67,9200,71000316,159201.155,619039.25,1264.6886,158,538
52495515,4.6,6520,71000222,161038.7966,619175.3214,49.04308801,475,2576
52491882,6.21,9200,71000123,159199.0246,620944.5385,240.908681,480,2652
52494416,4.7,9200,71000232,161054.805,620794.5,130.0749,685,4246
52494316,5.95,9200,71000112,158342.668,619757.794,204.2232,365,1742
53332001,20.2,9200,71000221,161104.4389,619997.1726,367.5973454,570,3190
52495783,22.81,9200,71000221,161090.8968,620288.9127,331.3590089,603,3724
52495972,15.41,6520,71000222,160899.9828,619300.5796,273.6967,512,2758
53330871,6.6,9200,71000112,158383.4969,619753.0564,121.509,362,1592
52490540,4.14,9200,71000111,158897.5429,619998.8827,281.4172617,342,1550
53331735,3.655,9200,71000232,160895.6077,620803.9375,151.7601007,680,3982
52495321,6.61,9200,71000122,158637.2117,620534.8093,193.7438,461,2291
52495322,3.61,9200,71000231,160585.1553,620435.6051,71.3845,634,3156
52490543,9.1,9200,71000112,158155.8041,620067.0289,290.00355,334,1758
52490547,6.21,9200,71000111,158409.6017,620065.9873,237.996,394,1791
52496678,4.53,1000,71000111,159290.9599,620218.6503,624.9483,320,1797
53332840,5.11,9200,71000231,160334.1582,620622.5034,188.3759861,564,2973
52495346,16.49,9200,71000425,160039.5484,620790.2505,501.3853021,557,3080
52496741,7,5900,71000121,158123.5416,620447.1459,61.1184375,366,2290
53332852,30.32,9200,71000122,158381.7478,620626.6417,596.1791,512,2788
52496752,6.5,9200,71000231,160214.7132,620525.74,239.5415502,527,2711
53332861,9.4,9200,71000122,158667.3002,620428.4411,169.74,515,2472
52496800,14.6,9200,71000221,161068.2932,619970.4476,444.9761,522,3004
52495450,4.2,6520,71000212,160557.6045,619621.719,158.614,462,2432
52495991,3.54,9200,71000212,160143.7465,619413.8923,183.2485,334,1646
52494905,6.61,9200,71000122,158703.0946,620896.1944,128.93605,489,2559
52494105,21.09,9200,71000214,160094.0949,620423.0602,329.9384,454,2413
52496758,8.39,9200,71000231,160557.1466,620517.6895,125.1021,618,3135
52496804,5.2,9200,71000232,161008.9401,620967.1914,184.5339542,691,3935
52496850,9.48,5601,71000113,158741.4203,619306.2578,454.2917,177,566
52496851,10.7,9200,71000212,160599.8038,619301.2088,345.191,374,2019
52496859,14.95,7600,71000112,158713.0137,619522.7246,958.7650001,226,1071
52492015,7.02,9200,71000111,158710.5765,619822.0265,212.17195,309,1323
52490736,4.66,9200,71000325,157628.6901,618817.7067,263.0605,419,2275
52491784,7.82,6520,71000224,161813.2344,618977.5247,531.5552545,494,3136
52490779,3.31,9200,71000212,160263.2316,619424.1017,124.15545,347,1768
52491551,6.11,9200,71000221,161016.5979,620071.0017,409.376,556,3075
52491648,4.25,9200,71000111,158743.0871,619896.4881,356.144,326,1451
52490060,6.31,9200,71000223,161285.352,619723.1898,494.8011,565,3288
52490094,4.03,9200,71000232,161050.3019,620848.8797,124.42,684,4222
52491887,11.61,7600,71000231,160772.2632,620476.8019,732.1432,636,3283
52491906,10.32,9200,71000123,159512.6071,620369.3818,219.5727352,320,1832
52494485,10.5,9200,71000112,158274.5696,620331.1273,474.824,427,2010
52489594,7.7,9200,71000122,158433.8759,620383.6519,115.12895,553,2992
52489595,8.21,9200,71000111,158905.9207,620081.692,213.013,342,1549
52491003,4.96,9200,71000122,158524.5624,620380.7329,162.31755,561,3049
52491013,4.1,9200,71000231,160487.8542,620486.6354,126.77665,608,3068
52491014,13.9,9200,71000123,159330.9652,620369.0867,457.9935,467,2131
52491442,24.22,9200,71000212,159965.0912,619481.4916,1692.38115,381,1749
52491961,4.46,9200,71000232,160583.8079,621092.9642,240.19675,572,3309
52492049,13.1,9200,71000221,161116.8062,620166.964,348.81445,588,3629
52495749,15.76,9200,71000213,160191.8237,620156.5683,351.2607,415,2375
52495857,4.31,9200,71000123,159056.1384,620422.8513,280.1636,392,2097
52494509,15.71,9200,71000231,160322.5456,620404.7314,914.0033,641,3166
52491017,5.1,9200,71000231,160650.8084,620487.0687,73.906898,645,3234
53330958,33.55,9200,71000425,159999.7021,620847.3908,517.8425,542,3445
52491477,4.3,9200,71000232,161036.5875,620871.7805,115.2348,706,3997
52495286,8.51,9200,71000221,160920.589,620147.8647,480.97915,545,3009
52495826,8.41,9200,71000123,158778.7406,620625.9832,294.5725,440,2268
52495351,9.7,9200,71000123,159476.9884,620417.526,182.1983,344,1972
52495355,7.2,9200,71000123,159268.0305,620603.7459,295.359834,414,2182
52495360,10.61,9200,71000221,160748.2984,620143.6182,320.8075,648,3349
52495876,5.45,9200,71000123,159143.877,620513.6495,367.2518,411,2172
52495421,58.29,9200,71000114,158047.3134,619750.1323,1115.83815,424,2414
52490571,9.79,9200,71000213,160379.0519,620281.4551,304.38595,444,2563
53330881,19.02,9200,71000425,159985.0591,620754.9174,399.48915,551,3406
52496704,4.81,9200,71000231,160692.2476,620452.2057,167.8858004,650,3284
52496716,11.22,9200,71000213,160363.1452,620238.7319,266.6482,437,2517
52496725,21.81,9200,71000214,160025.541,620424.8968,351.11935,472,2502
52495410,11.3,9200,71000232,160820.2403,620896.1253,370.5338636,685,3978
52495375,9.1,9200,71000123,158873.1193,620782.8357,394.4998865,463,2412
52496759,7.94,9200,71000122,158712.5484,620912.0948,158.8881,490,2565
52496764,7.11,5900,71000121,157586.4471,620132.2487,239.0528,460,2571
52496770,7.22,9200,71000122,158634.8052,620996.1866,217.06935,606,4180
52496879,7.5,9200,71000123,159136.5072,621064.5267,264.04415,505,2855
52495486,4.9,6520,71000222,160720.6169,619614.6394,315.2670087,433,2417
53331765,4.7,9200,71000212,160426.8967,619412.63,191.7475,366,1921
52494866,7.07,9200,71000112,158352.9132,619934.1357,218.3775,327,1509
52496871,22.12,9200,71000311,159245.362,618393.3778,269.76065,289,1330
52496888,5.98,5710,71000321,158288.55,619171.5956,185.6133,276,992
52496671,5.3,9200,71000232,160395.1594,620880.3065,227.01395,604,3187
52507439,6.6,9200,71000123,159102.9365,621084.3501,252.56685,500,2832
53334655,12.65,9200,71000112,158935.3888,619686.9745,487.45195,244,984
52508070,7.31,9200,71000123,159278.2665,620873.7525,276.3632,447,2457
52509061,6.5,9200,71000123,159482.9655,620868.7734,163.2439,462,2553
52508558,4.93,5900,71000121,157489.739,619960.727,745.1796,470,2654
52508560,4.59,5305,71000221,160791.8132,620204.7766,560.4787,577,3249
53334352,28.89,9200,71000123,159601.7872,620989.6284,350.94155,428,2774
52507560,9.99,9200,71000232,160614.586,620784.5914,126.4769585,687,3538
52507568,7.71,9200,71000123,159135.2278,620983.9813,272.31175,525,2904
53334705,14.74000153,9200,71000221,160753.8106,619985.3594,590.0515342,557,3183
53334807,4.98,9200,71000425,159717.7017,620986.3089,263.8872,560,3457
52508902,7.355,5300,71000212,160464.736,619753.3345,2059.412775,533,2781
52508994,7.1,9200,71000112,158340.1483,619895.4048,132.25005,341,1571
52508943,4.92,9200,71000232,160731.8646,620771.0139,156.646377,678,3504
52508947,13.23,9200,71000223,161405.539,619681.6553,493.4797,625,3950
52508953,6.5,9200,71000123,159303.7931,620878.3191,220.9027,456,2479
52509000,14.56,9200,71000112,159130.3027,619779.5414,713.9551,265,1072
52508989,4.8,9200,71000232,160769.25,620989.285,152.1401,664,3903
52508508,3.98500038,9200,71000111,158393.5432,619965.3965,315.1382914,366,1687
53334349,8.5,9200,71000123,159394.7969,620876.2503,147.1696,433,2423
52507546,8.4,9200,71000122,159011.6483,621090.0951,165.58395,476,2721
53334351,5.59,9200,71000122,158571.8034,621000.3217,225.81255,504,2785
52508927,7.6,9200,71000122,158879.3562,620982.7658,385.25875,458,2550
52508479,9.3,9200,71000221,160886.7977,620088.8987,714.02895,515,2904
52509049,7.1,9200,71000232,160523.7288,621048.1724,206.1918375,603,3325
52489608,7.2,9200,71000111,158451.8986,620154.656,231.80835,470,2120
52489609,4.8,9200,71000231,160397.4477,620652.5118,133.3524,573,3061
52489613,3.31,9200,71000232,160632.8249,620961.5985,81.917025,644,3705
53330812,17.2,9200,71000231,160576.2762,620335.381,465.6767992,646,3192
52490249,5.9,9200,71000232,161120.052,621073.6539,56.03235,649,3874
52490311,11.51,9200,71000313,158954.028,618310.9017,480.8203,300,1343
52489901,6.62,7300,71000242,160987.8682,618313.4349,978.6112867,506,2835
52489907,6.99,9200,71000314,158300.138,618316.9287,521.449272,435,1956
52489923,29.52,9200,71000211,159717.8382,619056.4148,373.2221375,311,1444
53331633,7.41,9200,71000211,160018.9939,619301.8682,221.74852,317,1472
52491035,8.11,9200,71000112,158177.4983,620080.5097,258.523,367,1877
52491042,8.51,9200,71000111,158746.6564,620094.4877,228.01205,324,1518
52491051,5.89,9200,71000232,160921.2028,620987.5005,120.4942,649,3815
53331587,3.95,9200,71000112,158246.6496,620170.2531,260.3825425,397,2133
52491100,13.11,9200,71000213,160430.0477,620269.2825,333.9496,473,2722
53331595,8.49,9200,71000111,158377.5977,620143.8465,366.16855,404,1868
52489727,6.6,9200,71000122,158891.8161,621014.2499,134.5277,460,2567
52490278,8.7,6520,71000222,161162.3111,619620.6409,150.71015,515,2856
52489787,7.82,6520,71000224,161924.3806,619054.3504,559.3925,526,3267
52489796,6.6,9200,71000111,158675.4118,620056.9355,207.8086,336,1594
52490324,10.76,6520,71000224,161592.7486,619427.8162,597.267,568,3573
52489933,9.11,9200,71000212,160456.2999,619418.6017,189.31265,458,2625
52490381,4.5,9200,71000212,160303.831,619425.5275,193.33605,352,1808
53330882,5.5,9200,71000232,160409.2627,620863.8009,183.80895,599,3165
52491113,10.62,9200,71000123,159474.75,620354.845,156.2167,371,2114
53330975,5.66,5900,71000121,157586.0278,620150.5669,141.1921,458,2563
52490654,5.51,9200,71000231,160682.3686,620430.1854,147.7935,657,3264
53330987,30.49,9200,71000123,159801.9466,620422.2789,609.4632,416,2281
52489804,6.69,6520,71000222,160767.0885,619520.532,980.2281,468,2415
52491212,4.86,6512,71000222,160717.7848,619745.6068,344.651059,476,2541
52491229,3.9,6520,71000222,161074.2675,619315.2663,86.09582604,514,2823
52491230,9.03,9200,71000316,158601.25,619176.655,388.586,140,519
52489846,3.89,9200,71000212,160411.5282,619420.9146,155.4069,365,1907
53330922,8.4,6520,71000224,161911.305,619303.595,546.2097,535,3398
52490805,21.65,9200,71000211,160143.1437,619181.777,379.8541,355,1705
52491281,6.2,9200,71000316,158720.5484,619051.0595,294.220375,169,578
52491282,3.57,9200,71000325,157692.1368,618892.6758,183.636,419,2273
52491283,4.39,9200,71000316,158707.6511,618967.036,444.2300085,192,677
66704168,9.32999847,6840,71000224,161857.9513,619045.945,342.09955,494,2910
52490874,6.31,9200,71000223,161479.7785,619407.6408,927.06315,548,3568
52490917,8,9200,71000211,160434.9848,619316.5573,234.4175452,385,2113
52490467,31.82,9200,71000311,159298.6059,618474.821,379.7878665,269,1190
52490484,4.5,9200,71000231,160689.41,620479.155,56.665,649,3274
53331413,6,9200,71000231,160888.8524,620662.9056,122.43215,688,3453
52488707,9.55,9200,71000123,159474.9173,620387.4933,194.0326595,369,2098
52488708,6.64,9200,71000231,160912.09,620575.285,74.04590001,653,3401
53331668,16.3,9200,71000212,160041.831,619513.9573,931.911,386,2384
52488811,8.56,5900,71000121,158256.4781,620696.2855,654.35145,545,2998
52488772,5.75,9200,71000123,158856.7264,620362.2586,351.7086179,426,2080
52488830,4.57,5201,71000123,159063.1749,620608.9287,975.89425,429,2292
52488834,5.1,6512,71000111,159263.6869,620064.3564,90.345,332,1349
52488838,5.275,9200,71000232,160707.6243,620895.8987,85.75674706,641,3708
52488842,9.105,9200,71000122,158231.0356,620434.919,162.2562281,420,2693
52489433,8.3,9200,71000243,160361.2991,618410.2011,227.0077389,362,1783
52489434,7.61,6520,71000224,161927.027,619292.1707,520.9752264,606,3549
52489436,8.73,9200,71000315,158511.4996,618399.2094,178.1359565,347,1696
53331543,9.7,9200,71000243,160132.3022,618332.4563,338.99995,404,2330
53331624,8.18,9200,71000314,158343.4595,618324.0137,344.9898,405,1833
52489472,6.6,9200,71000212,159951.8264,619298.4983,147.2963231,311,1425
52489477,9,9200,71000211,160419.0297,619297.9348,256.751,380,2092
52489480,9.7,6520,71000224,161692.2164,619607.3634,718.756843,606,3749
52489625,7.92,9200,71000111,158475.6001,620178.8866,233.08295,456,2029
52489633,8.28,9200,71000213,160552.7816,620161.0142,871.6054755,483,2711
52489636,4.6,6512,71000111,158815.34,620076.845,265.77,330,1501
52489687,25.32,9200,71000114,158031.209,619910.3391,814.5059,435,2385
52489695,8.55,9200,71000112,158352.8731,620330.0591,172.15,409,1946
52490231,8.11,9200,71000221,160859.0063,620048.335,398.1201,521,2923
52490236,17.61,9200,71000123,159462.8394,620322.3617,229.6775,337,1806
52490237,8.41,9200,71000112,158325.645,620129.63,316.105,352,1702
52490282,5.9,9200,71000232,161061.1764,620972.8626,146.19635,682,4163
52489876,3.86,1000,71000311,159171.8354,618466.4382,165.2276625,298,1316
52489877,5,9200,71000212,160124.9,619415,119.988,333,1628
52489878,6.5,6520,71000222,161088.5897,619411.9484,407.451,504,2824
52489881,16.25,9200,71000212,160285.6536,619526.2636,722.78175,399,2567
53331625,4.32,9200,71000243,160295.1161,618340.3425,227.550933,412,2376
53331626,5.92,9200,71000112,158398.1939,619612.3855,231.6226,352,1514
52489888,30.09,9200,71000112,158715.0664,619627.5981,768.05355,326,1319
52489896,19.55,9200,71000211,159861.445,619070.155,372.4999,288,1262
52489945,13.93,9200,71000223,161276.75,619513.81,324.5918,515,2912
52490011,11.2,6520,71000224,161736.364,619513.6651,1124.596413,604,3729
52488606,8.3,6520,71000224,161667.0894,619522.1252,148.4989,596,3689
52488610,3.17,9200,71000211,160533.1972,619162.9031,262.58505,372,2054
52489983,4.82,6520,71000222,160757.1026,619416.0009,480.8838,423,2370
53330966,13.51,9200,71000213,160433.9477,619921.0604,305.7649,425,2438
53330967,6.44,9200,71000112,158399.7863,619825.4273,196.109771,309,1395
52491071,7.3,9200,71000111,158545.8434,620092.4974,221.994,354,1584
52491073,5.4,9200,71000232,160607.25,620863.88,125.45,665,3813
53331599,10,9200,71000122,158560.669,620983.0579,194.2429,502,2764
53330831,14.15,9200,71000212,160068.6182,619594.7409,1438.534487,386,2143
52489814,5.2,9200,71000212,160391.0999,619429.0484,129.65845,363,1888
52490330,12.15,6535,71000222,160849.9704,619300.9616,859.0065045,450,2313
52490337,4.71,9200,71000243,160238.3142,618331.3815,325.530475,395,2331
52490402,6.37,9200,71000325,157672.2015,618742.3445,175.547,430,2334
53330889,4.11,9200,71000232,160755.2462,621092.0899,145.7296394,683,3990
52491180,18.6,9200,71000231,160647.1366,620332.3528,491.5887,651,3248
52491205,5.7,9200,71000232,161132.6587,621068.2328,139.9217,651,3888
53331000,4.53,5201,71000123,159052.387,620644.4618,659.3049,429,2281
52490810,7.145,9200,71000212,159973.8523,619324.5221,148.268892,315,1459
52490830,4.58,9200,71000112,158507.0554,619534.4786,271.5273,345,1487
52489521,6.21,9200,71000223,161396.8333,619411.9793,384.3883,537,3032
52489543,17.78,9200,71000212,160343.2632,619526.0617,805.9338,425,2493
52491254,4.4,7300,71000224,162179.7411,618895.6481,231.9495,576,3602
52491256,5,9200,71000212,160228.5486,619420.8761,145.95,344,1725
52490964,8.2,9200,71000223,161340.3979,619916.5109,535.6692,592,3427
53330868,6.61,9200,71000123,159018.1501,620274.2094,273.4341,390,2103
52490517,8.66,9200,71000123,159207.0638,620822.4883,266.80395,446,2470
52490584,5.2,9200,71000112,158311.8952,619919.1391,140.03635,336,1547
53330869,7.14,9200,71000112,158347.1467,619826.4274,158.68705,395,1790
52488731,9.2,9200,71000123,159511.3263,620433.9671,170.9953,340,1949
52488774,5.82,9200,71000111,158847.2855,620065.6388,173.09185,326,1481
52490077,4.84,9200,71000232,160507.0928,620840.7404,84.534592,600,3181
52489646,5.21,9200,71000231,161008.8642,620579.4118,137.250066,682,3548
52490141,7.12,9200,71000123,158842.2689,620708.238,136.060449,461,2407
52490144,23.38,9200,71000231,160809.5437,620345.2141,431.344009,616,3143
52490155,10.93,9200,71000123,159622.5,620477.69,191.1,336,1984
52488818,4.6,9200,71000111,158494.3088,620222.843,263.050419,452,2002
53331439,12,9200,71000213,160365.7405,620136.6507,339.09565,433,2482
52489413,17.22,9200,71000212,160101.3576,619520.9479,1140.95245,392,2441
52489855,5,9200,71000212,160212.045,619420.5,138.58,343,1717
52489450,6.16,9200,71000112,158421.9313,619529.2426,146.531,338,1459
52489460,8.22999847,6520,71000224,161531.3751,619163.9416,197.1476088,510,3261
52537393,8.755,9200,71000112,158136.3916,620162.9013,258.8252491,353,1898
52537443,7.01,9200,71000111,158434.349,620066.3572,311.9666,406,1813
52537939,3.81,9200,71000122,158703.2094,620698.1046,168.0729,455,2367
52537512,16.1,9200,71000221,161214.7983,620087.41,332.4768,568,3461
52538494,18.57,9200,71000231,160842.339,620354.6239,457.76425,625,3208
52538497,13.8,9200,71000231,160180.3757,620550.5083,563.9342,540,2761
52538506,8.4,9200,71000112,158277.6984,620019.6577,259.014,350,1675
52539895,3.53,9200,71000231,160583.2539,620416.7955,152.4954,624,3138
52539897,15.98,9200,71000112,159131.5317,619743.8437,322.0385,271,1107
52539900,6.2,9200,71000122,158657.5931,620690.4538,215.6667732,461,2392
52539916,5.84,9200,71000111,158846.1166,620222.936,253.82,331,1652
52539423,3.7,9200,71000232,161015.4891,620878.0701,89.23600002,711,4008
52538035,6.51,9200,71000111,158912.451,620059.9994,273.618,337,1529
52540814,7.51,9200,71000232,160615.0016,620969.0888,197.415417,644,3705
52540817,7,9200,71000232,160493.7489,620981.0298,242.4454,597,3387
52540819,5.07,9200,71000232,161080.8459,620861.502,164.273,711,4023
52537438,5.69,9200,71000213,160260.0477,620150.6123,540.06515,451,2536
53340184,13.2,9200,71000213,160628.5505,620247.4523,275.9855,520,2826
53340102,6.92,9200,71000123,159599.2241,620616.0515,368.90655,432,2418
52537422,10.88,9200,71000213,160321.5004,620149.112,144.4937,418,2398
52537525,8.21,9200,71000112,158369.5965,620236.0053,273.1697,376,1811
52538953,6.31,9200,71000232,160529.4477,621073.501,254.4996682,602,3323
52538961,1.11,9200,71000122,158377.2791,620362.1194,143.31365,547,2956
52513025,10.2,9200,71000123,159581.3636,620861.9193,161.31005,495,2710
52513074,30.17,9200,71000215,160019.8466,619749.1885,571.1121,345,1943
52513085,6.7,9200,71000232,161018.5942,621002.9544,121.772,694,3972
52513086,3.65,9200,71000122,158905.4112,620999.1642,262.22235,461,2580
53335137,4.09,9200,71000112,158475.5602,619689.7745,214.8872,350,1512
52514440,5.62,9200,71000222,160666.8938,619694.815,156.5271,425,2428
52513964,15.93,9200,71000114,158198.2499,619844.2024,473.94245,330,1611
52514496,6.51,9200,71000122,158847.7946,621006.5369,165.9851,468,2591
52514497,7.86,9200,71000112,158182.125,620007.043,327.0610615,362,1832
52514500,9.5,9200,71000123,159666.2342,620773.7188,181.2575,466,2583
52514027,9.72,6520,71000212,160498.3769,619672.3004,2900.7337,480,2509
53335067,6.01,9200,71000223,161283.9912,619766.8601,328.725754,712,4148
52514083,14,9200,71000213,160160.9421,619930.0586,605.5058,418,2292
52514096,5.71,6520,71000123,159294.7923,621009.1469,203.586075,478,2581
52513919,7.45,5900,71000121,157400.0589,619914.2031,259.65885,497,2812
52515315,3.9,9200,71000231,160444.5385,620423.3831,163.4765,590,2994
53336165,6,9200,71000111,158506.6003,620009.2052,275.4502477,348,1575
52513041,6.13,9200,71000112,158408.0643,619765.4242,123.7338208,380,1608
52513044,15.76,9200,71000112,159169.2003,619759.3171,274.4616,271,1104
52513055,4.05,5900,71000121,157405.3406,619926.0115,433.4623,497,2812
52514450,6.41,9200,71000232,161130.972,621011.3984,161.7138375,659,3964
53335140,2.27,9200,71000111,159274.953,620051.9026,88.19190001,335,1361
53335770,7.1,9200,71000223,161242.0147,619832.4925,230.69375,693,4014
52513980,3.42,9200,71000425,159782.5456,620998.5206,443.0784886,560,3391
52513473,24.46,9200,71000111,159074.3837,620216.661,465.74875,339,1301
52513475,4.29,9200,71000425,159848.2873,621006.7584,320.2398563,559,3401
52513476,9.11,9200,71000112,158442.3634,619764.8157,170.7998984,299,1324
52513991,13.2,9200,71000213,160388.0162,619935.2341,322.4577,434,2424
52513995,8.1,9200,71000232,160424.0741,620997.2011,193.6399,605,3404
52514530,4.56,9200,71000122,158521.6188,620989.7533,174.783,579,3203
52514532,3.46,9200,71000425,159819.3474,620997.6891,203.7826897,559,3383
52512950,8.7,9200,71000232,160905.3035,620864.5211,160.2735,681,4004
53335074,9.85,6520,71000224,162424.5842,619795.5462,6786.1675,630,4320
52514092,6.47,9200,71000425,159873.8152,620890.3411,379.35095,526,3328
52514057,4.4,5305,71000232,161049.7881,620994.5976,139.08385,665,4077
53335129,5.2,9200,71000123,158954.3535,620758.3362,305.2996135,480,2493
52512593,3.64,9200,71000112,158296.353,619845.6927,217.642,348,1626
52515360,4.97,9200,71000123,159667.9653,620674.2755,237.52255,455,2502
52515340,7.5,9200,71000122,158776.0822,621000.2851,151.38995,473,2638
52552615,4.86,9200,71000112,159106.8441,619817.0358,92.199,272,1091
52553374,5.5,5900,71000121,158134.4618,620417.0772,58.24249999,364,2272
52553376,8.1,9200,71000112,158202.3878,620021.7117,315.057,361,1822
52553034,30.69,9200,71000112,159066.902,619730.4235,509.409,216,841
52553100,6.69,9200,71000111,158788.3868,619813.7186,292.7509,297,1274
52552867,14.21,9200,71000111,159069.9997,620137.0282,260.0619,322,1246
52552881,8.01,9200,71000111,158720.67,620231.0536,242.28145,346,1651
52552996,9.42,5202,71000212,160618.9623,619726.8111,364.2076,429,2457
52553789,5.96,9200,71000213,160513.9376,620065.6816,769.323722,461,2656
52552396,20.55,9200,71000123,159748.2906,620512.2703,407.1905,357,2126
52555189,7.4,9200,71000221,160903.8698,620175.2879,508.296,535,3002
52552417,7.3,9200,71000111,158382.6477,619989.6998,341.226136,385,1720
52553795,6.1,9200,71000122,158640.0712,620578.0517,263.956,424,2210
52554865,9.16,6520,71000222,160917.985,619847.9863,203.2234,584,3456
52554512,28.63,9200,71000114,158134.9666,619715.4784,668.78105,316,1550
52556187,6.23,9200,71000122,158757.6394,621008.9036,167.0793,476,2665
53344052,6.42,9200,71000122,158897.0334,621090.7726,192.3438,529,2920
52554369,8.3,6520,71000222,160784,619842,109.968,601,3589
52554442,3.7,9200,71000232,160953.4629,620877.8225,174.507816,687,3968
52555676,3.795,9200,71000123,158876.2107,620380.8148,396.3737654,428,2109
52555728,9.99999847,5330,71000111,159013.7721,619992.9095,1281.170292,268,1041
52555797,3.81,9200,71000232,160988.2297,620886.0908,133.7365,686,3952
52558001,3.3,9200,71000231,160983.701,620621.1297,122.7792,723,3840
53342988,6.21,9200,71000111,158654.1,620048.864,187.2079,340,1617
52558593,4.99,9200,71000111,158552.2273,619980.3427,328.2718335,341,1546
53343257,14,9200,71000221,161169.3229,620189.5514,493.10545,594,3644
52555213,7.22,9200,71000122,158659.1297,620978.5477,228.0035,509,2814
52555273,5.61,9200,71000112,158375.2569,619771.5725,194.9629,359,1729
52555384,6.55,9200,71000112,158279.5,619836.845,151.736,365,1680
52555386,12.84,5370,71000112,159394.0682,619751.3634,1331.40415,363,2266
53343289,6.39,9200,71000122,158598.3308,620882.6609,355.58755,501,2642
52558082,7.91,6520,71000224,161964.0259,619808.1788,903.0908885,585,3882
52556626,3.22,9200,71000123,159133.9458,620374.7853,274.44035,379,2044
52560255,6.31,9200,71000122,158596.6637,621080.9781,251.4743,555,3066
52560256,3.37,9200,71000232,161055.6347,620867.4159,96.7516,710,4013
52559385,8.2,9200,71000123,158828.5553,620514.91,264.0063,444,2183
52559423,7.3,9200,71000112,158271.3981,619903.9577,164.0446045,346,1599
53344001,8.32,9200,71000112,158124.5745,620134.2023,331.54855,341,1829
52559146,18.34,9200,71000114,158173.1673,619907.8025,161.7948,315,1601
52559621,7.1,9200,71000123,159229.9613,620555.0094,105.49185,381,2081
52553560,5.6,9200,71000425,159874.3213,621057.8303,156.8576836,601,3328
52560280,7,9200,71000123,159441.2339,620761.3031,245.063993,434,2334
52559798,8.2,9200,71000223,161373.634,619842.7506,481.4997,589,3403
52558921,7.72,9200,71000122,158645.1003,620962.2699,168.682,511,2830
52559631,6.99,9200,71000112,158214.9087,619984.9921,265.14715,332,1683
52560205,8.59,9200,71000123,158968.4535,620976.9504,240.3852,515,2792
52552500,7.025,9200,71000123,159318.5337,620838.1923,333.5218616,441,2415
52559821,4.67,9200,71000425,159844.877,620972.7724,337.0007228,583,3504
52560164,9.33,7600,71000213,160268.4325,620046.4319,176.27605,403,2284
52560286,27.79,7600,71000215,160130.302,619828.2498,562.8326,393,2192
52560226,6.535,9200,71000232,160933.2897,621090.962,212.3123948,662,3718
53342070,15.59,9200,71000123,159382.8454,620488.2968,1844.9509,457,2194
52559758,4,5900,71000121,157469.2808,619922.8991,727.0011,474,2699
52561197,5.19,9200,71000425,159731.2488,620965.8264,311.581653,562,3480
52560700,7.8,9200,71000122,158913.5972,621077.5432,198.6569,534,2942
53343100,7.7,9200,71000123,158817.1454,620311.4525,264.8562,422,2076
52555685,6.71,5900,71000121,158070.3218,620425.1108,84.461485,443,2598
53343364,8,9200,71000232,160742.7693,621003.6976,196.4867625,686,3982
52557974,5.7,9200,71000231,160451.0073,620509.1741,270.99715,624,3165
52555352,4.6,5202,71000232,160902.0546,621008.4136,138.0785995,659,3748
52559389,9.88,9200,71000213,160173.3516,620066.709,250.731,409,2325
52559390,4.89,9200,71000232,160588.6109,621073.5929,163.81415,572,3309
52559398,24,9200,71000221,161148.9467,619976.354,377.3501,564,3178
52558105,10.46,9200,71000213,160322.2973,620058.1832,283.09745,437,2477
52559069,14.6,9200,71000223,161591.1144,619721.4892,264.25735,627,3660
52559435,4.91,9200,71000123,158731.6148,620419.0933,184.8376,418,2004
52559484,9.04,6520,71000212,160652.6632,619785.7116,112.00455,441,2519
52559520,7.11,9200,71000112,158216.7295,620057.862,235.35515,365,1849
52556652,6.01,9200,71000112,158411.6302,619697.7879,110.63045,346,1526
52556714,15.11,9200,71000221,161099.1325,619915.6588,334.7574,529,3049
53343520,5.8,6520,71000224,161965.3399,619759.8175,603.178,575,3840
66703119,6.01,5202,71000232,160536.2667,620996.2616,161.62675,404,2379
52560249,7.62,9200,71000123,159066.4484,620982.6742,263.9688,529,2943
52559859,5.49,9200,71000232,161097.8521,620857.0451,160.3415,668,4124
52560312,5.6,9200,71000232,160508.9351,621074.7744,206.99405,573,3260
52558995,4.01,9200,71000123,159378.2205,620969.1029,499.41515,450,2514
52559019,6.77,9200,71000223,161414.8165,619860.6884,1313.28255,603,3493
52559596,5.91,9200,71000425,159781.4145,621063.5423,148.2812,548,3312
52553904,4.5,9200,71000231,160632.2779,620514.9449,80.47845,666,3461
52560204,8.13,5330,71000111,159033.5375,620089.3343,457.2894621,422,2275
52553906,22.02999924,9200,71000114,158079.683,619988.2082,253.642941,354,1785
53345387,5.31,9200,71000232,160691.7285,620606.8562,196.199727,658,3365
52567188,25.21,9200,71000221,160835.1074,619919.1439,372.6575,542,3044
52566308,5.44,7600,71000425,159812.4178,620968.5188,425.36985,563,3414
52566292,5.96,9200,71000122,158651.0603,620879.4331,317.073405,500,2637
52566295,5.89,9200,71000122,158561.1783,620388.9725,219.71655,509,2468
52566314,3.9,9200,71000232,160996.6049,620861.7739,117.7866,692,4269
53345236,6.26,9200,71000123,158874.888,620873.8323,191.1964,488,2497
52566315,6.18,9200,71000232,160343.9899,620856.7396,229.4269065,601,3146
52566317,8.11,9200,71000232,161076.4081,621089.4509,195.4929,644,3824
52566748,3.29,9200,71000122,158645.7725,620672.9613,207.395,465,2411
53345311,6.89,9200,71000232,160964.6292,621089.3139,103.929,663,3758
52566269,5.31,9200,71000232,160671.4984,620983.4777,140.2791,642,3694
52566698,5.275,9200,71000232,160710.9089,620880.1035,169.6189921,642,3723
52566701,5.5,6520,71000222,160875.2352,619819.4338,699.18375,600,3540
52566702,9.65,9200,71000111,158685.2973,619825.616,265.91075,313,1348
52566706,6.29,9200,71000232,160776.7911,620682.175,110.2900455,687,3483
52561216,6.4,5900,71000121,157477.6993,620002.5526,729.7924504,473,2676
52565445,3.7,9200,71000232,161031.1929,620853.8944,110.99505,686,4242
52566738,4.53,9200,71000123,159194.8012,620763.1239,120.95,430,2347
52566303,10.54,7300,71000224,162164.8878,620047.9131,4934.58314,629,4560
52567174,24.7,9200,71000221,161142.0318,620070.4147,347.03265,547,3114
52566795,5.69,6520,71000121,157865.5542,620647.746,1576.76255,468,2908
52566796,4.19,9200,71000122,158485.823,621080.1893,265.5394,643,4466
52538895,3.82,9200,71000232,160740.3168,620752.9161,180.9414901,672,3464
52543974,7.72,9200,71000123,158938.1684,620785.9564,309.6441,481,2490
52544027,11.42,9200,71000213,160304.5,620118.405,286.0931,413,2363
52538386,5.27,5521,71000213,160131.5367,620086.1694,433.1675,388,2246
52538902,13.9,9200,71000221,160875.1021,620277.3233,520.41,551,3139
53339498,4.1,9200,71000111,158377.2949,620017.5537,238.193,389,1747
52538974,10.9,5330,71000111,158943.5055,620090.4537,447.185,344,1559
52538434,9.69,9200,71000111,158868.75,620096.905,276.473,347,1577
53340382,5.42,9200,71000111,158914.3208,620248.948,240.32245,398,2089
53340520,6.41,9200,71000231,160991.9728,620581.6846,137.3717355,684,3565
52538444,33.17,9200,71000111,159206.6283,620023.0337,362.56935,341,1385
52538448,8.71,9200,71000123,159537.8615,620649.574,263.63415,449,2373
52538453,4.26,9200,71000123,159159.7294,620649.5079,388.9246127,413,2224
52539863,6.6,9200,71000122,158664.0968,620572.8684,165.24885,419,2185
52539912,6.6,5900,71000121,157608.9057,620073.484,1385.2477,444,2496
53340530,8.6,9200,71000123,159193.167,621070.191,100.835409,533,2955
52539335,20.8,9200,71000221,160999.6982,620244.3772,287.35245,543,3122
52539337,7.11,9200,71000223,161224.8986,619746.0565,192.274,700,4101
52539346,6.4,9200,71000123,158928.6734,620855.9497,249.38005,492,2554
53340531,4.36,9200,71000111,158665.0332,619939.7752,275.1954,349,1451
52539871,5.71,9200,71000123,159347.3325,620756.8953,287.0459527,423,2319
52539872,7.52,9200,71000123,159049.2836,620772.5666,124.37995,517,2636
52539876,7.48,5310,71000221,160993.8691,620164.3073,1467.642,601,3182
52539877,6.51,9200,71000111,158522.2591,620085.0548,218.9478,420,1907
52539888,5.6,9200,71000232,161040.2518,621094.3696,164.641509,639,3781
52539393,6.98,6520,71000222,160841.3368,619712.2417,1074.66925,545,2831
52539310,9.4,5310,71000232,160548.8626,620638.6303,1391.65285,594,3201
53340437,6.2,6520,71000222,160943.0598,619826.8575,241.85265,591,3205
52540738,12.62,9200,71000213,160682.4682,620234.6368,500.2598,532,2932
53340681,8.51,9200,71000111,158515.0508,620151.9269,297.879,465,2098
52539401,6.1,9200,71000232,160940.6248,620983.152,139.7366097,651,3833
52539417,3.31,9200,71000123,159170.5885,620860.1345,344.790889,465,2542
53340447,8.1,9200,71000112,158349.3826,620278.259,169.779,387,1885
52540784,6.11,9200,71000112,158461.1958,619748.4451,222.4332969,366,1566
52543578,3.51,9200,71000123,159045.8023,620334.86,315.9466,387,2084
52543580,5.16,9200,71000123,158761.5437,620434.3197,250.1712,422,2019
52543592,3.31,5305,71000232,160905.7222,620783.1795,131.4192,701,4150
52540761,7.52,9200,71000122,158469.7633,620382.7438,137.68655,553,2992
53340691,9.13,9200,71000232,160806.4942,620663.4357,375.1183,683,3462
52540790,14.57,7600,71000213,160319.442,620001.8026,194.5123419,406,2302
52540793,5.2,9200,71000123,159420.5795,620859.0866,119.075123,473,2612
52540229,6.2,9200,71000232,160983.0246,621082.8161,301.0414066,653,3787
52540288,6.555,9200,71000123,159657.3207,620864.6666,184.2160461,476,2706
52543103,8.8,9200,71000123,159538.7534,620615.6896,148.1766,426,2371
52543104,7.11,9200,71000123,159516.0902,620783.1363,222.106609,509,2796
52544494,7.005,9200,71000232,160777.5272,620622.6264,113.8666985,675,3421
52544540,5.51,9200,71000231,160532.7962,620436.8772,222.3656248,609,3081
53340316,8.4,6520,71000224,162782.5006,620420.6764,3160.0922,817,6036
52543529,7.62,9200,71000223,161278.1974,619885.1482,469.3975,561,3281
52543532,8.9,9200,71000112,158386.0536,620328.2209,182.3304,393,1914
52544506,4.09,9200,71000231,160922.1384,620696.3301,76.3295,701,4147
52543987,3.78,9200,71000231,160660.5851,620437.9797,62.75759999,647,3257
53341329,6.3,9200,71000122,158635.0094,620450.7316,196.157,493,2376
52543048,10,9200,71000123,159540.8592,620451.5715,171.2175,368,2013
52544431,6.91,9200,71000123,159488.5555,620781.4859,363.3628705,509,2796
52544469,4.3,9200,71000123,159335.6284,620705.6233,255.9901195,404,2210
52538864,8.2,9200,71000112,158106.7338,620266.3212,300.5501,369,2004
52544473,5.2,9200,71000231,160948.1975,620695.9404,74.9625,701,4151
52543925,5.91,9200,71000111,158989.5663,620163.0725,229.36255,424,2284
53339402,4.28,9200,71000123,159067.5208,620353.0969,245.549,382,2056
52538405,6.2,9200,71000111,158780.7014,620019.2054,282.755,324,1451
52538407,6.24,5202,71000221,160778.25,619910.88,264,524,2952
52538408,23.63,9200,71000111,159252.2858,619918.7476,1199.5905,297,1189
52538913,5.8,5900,71000121,157596.4366,620176.8196,42.54995001,454,2541
52538922,7.92,9200,71000112,158302.3999,620177.5335,389.29735,366,1776
52538422,15.9,9200,71000221,161205.6792,619930.3823,470.8425,542,3156
52538455,3.61,9200,71000123,158822.1779,620474.8931,192.91755,444,2188
52538459,11,9200,71000123,159536.6389,620570.2068,220.5345612,424,2346
53339421,5.44,9200,71000425,159967.332,621065.6804,148.888,596,3286
52538476,6.2,9200,71000123,159408.5017,620761.2039,356.7602887,429,2299
52539799,6.6,9200,71000111,158655.2627,620183.2736,249.18005,365,1701
52539857,6.6,9200,71000232,161045.9494,620976.2846,125.5704,692,3954
52539861,6.82,9200,71000122,158623.3107,620831.464,275.6386658,492,2582
52539862,5.81,9200,71000232,160534.688,620978.0202,196.3794,602,3406
52539911,6.65,9200,71000111,158450.663,619995.9549,210.8086975,361,1639
52539364,11.2,9200,71000232,160645.5519,620563.4927,332.0112,669,3380
52539369,15.18,9200,71000214,159963.1079,620081.2521,399.36025,407,2214
52539375,7.31,9200,71000122,158626.0153,620673.5501,175.637186,473,2466
52539321,5.24,9200,71000425,159874.5788,620986.5848,275.6687825,589,3537
52539327,4.35,6520,71000123,159161.1829,620363.6742,1077.2059,378,1975
53340432,7.59,9200,71000112,158375.6039,620271.3334,410.6443,382,1858
52539385,7.53,9200,71000122,158694.5264,621079.2845,218.154849,595,4077
52539389,5.19,9200,71000123,159005.8533,620763.9724,229.48395,488,2535
52540753,6.7,9200,71000213,160366.4453,619897.1271,451.2375,436,2423
52540756,6.9,6520,71000224,162011.2089,619755.4799,637.7497,581,3848
52540766,6.86,9200,71000232,160378.2033,620852.0001,191.3271,604,3181
52543564,4.2,9200,71000231,160454.2855,620441.1214,123.1125,601,3040
52543565,10.56,7300,71000224,162125.1243,620238.4987,45.2768,675,4789
52540720,8.01,9200,71000112,158663.198,619740.4648,293.72,313,1300
52540721,4.64,9200,71000111,158842.9908,619750.2686,279.90345,263,1073
52540723,13.4,9200,71000221,160715.6238,619893.2282,465.30305,534,3003
52540780,4.32,9200,71000122,158794.4999,621080.4169,56.421278,497,2766
52540291,5.18,9200,71000122,158631.1976,620381.1365,332.068442,404,1967
52540292,12.81,9200,71000114,158178.671,619818.708,522.3775,330,1596
52540302,7.3,9200,71000123,159512.2748,620853.2747,341.6235,505,2764
52543570,3.78,9200,71000123,158923.2469,620524.3248,271.0871,461,2242
53340230,19.69,6520,71000231,160815.1592,620416.8836,526.004008,629,3174
52543067,4.4,9200,71000123,159229.0298,620513.4799,172.5655,381,2062
52543119,4.31,9200,71000123,158947.2149,620510.7116,226.11005,462,2245
52543120,3.66,9200,71000122,158681.5871,620616.741,143.17985,418,2175
52543448,7.16,9200,71000123,159104.6044,620344.2735,292.8897,366,2001
52541677,5.15,9200,71000122,158478.1425,621094.3215,198.8603,620,4381
52544456,6.1,9200,71000111,158944.9599,620144.5454,283.622,439,2332
52544460,5.2,9200,71000111,158761.2821,620230.9957,182.1175,351,1675
52544461,7.505,9200,71000112,158444.6585,620326.7618,538.845275,400,1940
53341347,3.3,9200,71000111,158695.1683,619891.0444,324.5925,325,1415
52544462,4.96,9200,71000231,160638.4973,620421.475,120.2966,645,3208
52544518,5.42,9200,71000123,159085.4783,620325.9073,200.78075,383,2062
52543499,6.31,9200,71000231,160955.254,620525.6266,151.901884,657,3405
52543965,3.31,9200,71000123,158963.9505,620333.8213,155.804,413,2188
52544527,6.61,9200,71000123,159238.9273,620611.388,219.3009,411,2170
52544538,8.72,9200,71000123,158739.0765,620534.9476,372.013075,430,2119
52544005,6.93,9200,71000123,159330.2711,620888.2426,243.85405,457,2481
66703894,6.2,9200,71000123,159047.3973,620261.2489,153.7835,177,1045
52543007,5.51,9200,71000231,160552.0061,620429.0225,194.8660505,613,3099
52582196,11.01,9200,71000242,160634.9682,618057.6615,294.1043331,457,2719
52581661,5.715,9200,71000122,158657.1612,620619.5177,283.4075954,421,2200
52582615,8.39,9200,71000123,159559.3518,620442.0347,178.51945,360,1992
52582625,6.11,9200,71000231,160420.5622,620434.5197,182.21317,606,3015
52582208,2.8,9200,71000242,160988.4128,618134.6311,75.01082125,574,3117
52583082,5.4,9200,71000123,159209.622,620697.5025,255.7902,428,2273
52588419,13.42,9200,71000213,160445.0164,619960.1967,321.135,439,2478
52587978,17.78,5900,71000121,158303.7007,620704.1479,1894.129046,422,2606
52587988,4.6,9200,71000123,159253.2422,620579.6405,270.0379,406,2154
53349019,5.39,9200,71000112,158351.5631,619736.6671,188.0774,343,1561
52587553,8.31,9200,71000112,158326.1531,620036.8073,183.3491,340,1606
52587522,4.055,9200,71000425,159794.3917,621049.6753,159.4263068,551,3337
52587991,10.5,9200,71000221,160975.0849,619881.6203,286.23635,496,2838
53349104,3.58,9200,71000123,159220.5557,620747.4875,395.010245,453,2469
53349022,3.27,9200,71000122,158717.2588,620924.3458,127.09085,490,2565
52582856,4.805,9200,71000231,160690.8318,620495.2135,185.9431839,653,3344
52588485,6.5,9200,71000111,158424.8971,620174.0925,220.02045,427,1909
52588039,19.62,9200,71000231,160796.4987,620381.0743,390.5329,615,3136
53349106,7.36,9200,71000213,160459.6617,620008.4907,561.8300103,445,2520
53347272,7.1,9200,71000123,158986.3824,620438.6429,234.65865,402,2147
52587950,5.1,9200,71000232,160503.8023,620731.4569,150.19745,610,3222
53349094,7.36,9200,71000123,159659.0241,620656.8744,349.0428735,451,2484
52587952,5.565,9200,71000123,158789.2249,620480.9737,312.4439821,445,2179
52588871,6.64,9200,71000123,158959.4729,620847.3237,354.8266684,492,2553
53348955,8.52,6520,71000113,158879.0783,619213.9777,499.11415,245,954
52592076,6.61,9200,71000211,160209.317,619356.6951,225.9565,355,1766
52590037,8.91,9200,71000123,159628.0349,620509.5038,179.9315,394,2198
52589672,3.3,9200,71000123,159204.5488,620528.0632,255.3192,381,2084
52589732,6.61,9200,71000122,158650.2486,621109.1109,260.11755,520,2919
52589544,4.89,9200,71000123,159455.4746,620622.2003,189.06005,428,2299
52589546,8.41,9200,71000123,159656.8173,620792.1157,141.8895,471,2598
52591147,6.5,9200,71000423,159056.5195,621656.8514,296.44205,645,3792
65185743,6.505,9200,71000111,158549.5661,620042.9528,113.3847334,354,1587
52596061,8.91,9200,71000231,160513.7746,620388.1252,303.9789,629,3101
52588646,7.47,7300,71000224,162264.0951,620305.4229,5065.215,678,4804
53349312,3.91,9200,71000111,158653.1055,620150.8717,193.2283355,368,1715
53349670,5.11,9200,71000232,160667.2345,620886.9513,282.1611308,641,3709
52588120,5.7,9200,71000231,160493.0032,620533.9762,62.95799999,616,3130
52588121,5.19,9200,71000231,160947.0345,620709.5827,286.3312435,705,4134
53349219,4.4,9200,71000231,160404.0064,620447.5476,151.996978,614,3039
52590466,8.7,9200,71000123,158757.4053,620310.702,306.234,378,1923
53349257,4.12,9200,71000122,158568.6182,620663.7142,211.5814793,476,2480
52586920,12.81,9200,71000221,160743.8341,620196.7502,496.99015,521,2941
52588730,4.81,9200,71000231,160505.0191,620446.5908,141.8845,602,3051
52587912,7.41,9200,71000123,159289.4519,620582.9998,213.1079,381,2079
52587926,5.11,9200,71000123,159421.9148,620601.3032,148.8055,412,2226
52589509,17.28,9200,71000425,159956.0218,620785.9718,430.5937,533,3353
52589205,6.98,9200,71000122,158565.75,620905.9653,154.45365,504,2668
52589233,15.94,9200,71000123,159434.3186,620333.112,204.1025,342,1836
52589326,10.22,9200,71000112,158227.0102,620032.5299,230.1771,356,1795
52589327,4.48,9200,71000232,160443.5455,620938.3696,81.05045,598,3399
52589331,7.31,9200,71000123,159474.3513,620846.7057,153.48045,465,2576
53349339,5.4,9200,71000232,160357.1055,620872.0958,202.9711532,607,3199
52591537,19.08,9200,71000211,159798.678,618998.3512,404.263,285,1264
52589103,6.62,5900,71000121,158075.4248,620440.1989,71.14868628,444,2611
52599050,4.83,9200,71000123,159016.0046,620789.8988,264.2066,507,2600
52599070,4.8,9200,71000213,160466.8151,620046.4938,414.0699885,459,2658
53351152,5.7,9200,71000122,158519.9383,621064.4439,208.7219,640,4449
52599582,8.4,9200,71000425,159658.072,621070.3937,270.778783,553,3353
52597723,3.53,9200,71000425,159990.6971,621058.4038,191.57505,576,3502
52598147,10.21,9200,71000232,160777.8026,621064.5006,192.6748,681,3849
53351071,5.45,9200,71000111,158773.6399,619885.9166,335.2287256,303,1310
52602313,8.6,9200,71000111,158551.7256,620208.8297,252.47545,351,1681
52595597,26.25,9200,71000215,159860.0332,619718.6144,233.0567,369,2065
52599990,5,9200,71000112,158295.6974,619735.9525,359.4111425,403,1815
52597695,5.91,9200,71000112,158422.76,619734.7697,185.659329,374,1587
52598174,7,9200,71000111,158807.7568,620237.5899,264.4248,330,1638
52598653,9.11,9200,71000223,161304.25,619807,500.489,710,4112
52574698,4.01,7600,71000242,160424.1738,618064.9488,232.3534706,439,2488
66701079,3.27,6520,71000212,160599.8515,619587.2538,134.8235,286,1687
52616794,6.15,9200,71000325,157563.2575,618638.5536,265.6955274,376,2229
52616737,3.395,9200,71000316,158672.4622,618791.7112,575.3514407,214,829
52617875,8.15,9200,71000316,158569.1458,618792.5093,360.63445,232,881
52617888,4.66,9200,71000325,157510.205,618646.155,128.36,368,2315
52617901,8.4,9200,71000243,160485.0688,618801.6017,220.2101,414,2052
52617675,8,9200,71000243,160440.6255,618601.4728,256.2606373,377,1861
52617689,7.38,9200,71000223,161443.1028,619567.282,406.34495,591,3791
52620512,6.18,9200,71000211,159987.0528,619265.7724,234.3096,311,1424
53353290,7.51,9200,71000211,160419.5151,619331.3433,266.52895,354,1869
52616243,7.69,9200,71000212,159952.2294,619331.5853,169.4872635,349,1574
52616249,4.21,9200,71000325,157547.5244,618663.7562,185.8722,471,2598
52614033,8.94,9200,71000325,157783.205,618784.5,285.0863,471,2551
52613458,8.15,9200,71000243,160275.8811,618865.7581,244.7067395,364,1693
52613459,6.8,9200,71000243,160619.0175,618863.9982,320.5048,479,2481
52615821,6.3,5300,71000321,158128.2234,618863.6892,312.4898,491,2529
53353210,6.24,9200,71000316,158652.7591,619034.4483,340.825281,181,645
52621352,5.5,9200,71000112,158456.5036,619508.2197,144.7917,345,1494
52616282,9.17,9200,71000316,158606.7223,618803.7214,358.0352,227,863
52614847,28.15,9200,71000314,158199.7091,617991.2499,621.5736,545,2622
52614361,6.01,9200,71000243,160568.3835,618867.2084,236.8711375,489,2528
53353825,13.21,6530,71000222,160993.2418,619384.8895,1023.4372,520,2687
52615260,9.78,9200,71000311,159412.0694,618808.1483,370.4491,227,841
52615268,5.01,5710,71000321,158338.2185,619132.1045,503.2224,243,879
52615274,3.35,9200,71000316,159063.984,619029.5955,406.55905,226,926
52618048,6.46,5312,71000316,158879.055,619006.905,266.7747,138,457
52619057,5.67,9200,71000423,158850.1032,621741.5603,139.5914,633,4273
52611565,7,9200,71000242,160572.27,617781.8611,171.8531227,490,3016
53353810,7.1,7300,71000242,161104.0028,618655.7101,155.6465,429,2448
52615744,7.51,9200,71000316,158942.123,618768.7157,698.3142999,330,1428
53354230,9.62,9200,71000211,160112.8521,619301.6357,229.77,338,1572
52616284,6.01,9200,71000243,160425.8328,618726.6486,237.38905,391,1949
52617902,7.08,9200,71000316,158688.4515,619039.3098,110.1518,180,639
52617903,7.29,9200,71000243,160395.2115,618858.8419,205.9944999,380,1814
52617906,3.31,9200,71000325,157541.5265,618722.4804,201.5644,465,2747
52616743,20.94,9200,71000211,159977.3869,619028.3225,364.344,264,1160
52616748,4.42,5300,71000211,159761.8658,619059.4804,346.1257,347,1613
53354250,10.34,9200,71000314,158391.0293,618343.7881,420.5,370,1732
52616755,20.44,9200,71000311,159400.4069,618388.1496,213.949919,332,1529
52615287,4.81,9200,71000243,160365.8387,618660.9662,294.3519,378,1893
52615291,4.9,9200,71000243,160623.4775,618643.571,159.127563,432,2260
52620526,24.17,9200,71000222,160651.205,619243.405,402.135,425,2424
52617625,5.93,9200,71000243,160901.5105,618795.6226,142.7896,498,2563
52619538,4.93,6520,71000222,160716.5467,619365.5939,333.6884787,453,2383
52619058,6.16,9200,71000423,159406.9529,621726.7087,131.9573647,660,3712
52619131,3.94,6520,71000112,159017.4522,619569.1754,109.32895,290,1147
52620441,6.1,7300,71000242,160932.1484,618371.4861,578.3369104,458,2745
52620444,9.8,9200,71000421,160258.8246,621726.5371,170.7491827,753,4154
52621468,6.5,9200,71000212,160464.4119,619376.9022,212.6438,375,1970
52616256,3.46,5710,71000321,158323.7579,619144.142,238.1975,244,884
52616212,3.69,5710,71000321,158417.6157,618802.1708,44.83885,265,1137
53353654,8.1,6520,71000224,161949.499,618939.6997,512.4225,528,3328
52613485,5.33,9200,71000325,157609.5756,618712.211,141.1975,446,2401
52614829,8.9,6520,71000224,161664.1948,619145.7066,606.93395,518,3213
52614397,6.1,9200,71000243,160608.4215,618640.9358,142.1015925,436,2275
52615752,8,9200,71000243,160299.93,618867.6031,365.96705,368,1715
52615301,10.73,9200,71000315,158629.3121,618417.4309,212.391316,328,1590
52616666,8.98,9200,71000316,158625.195,618860.345,349.7652,204,760
52620942,8.1,9200,71000423,159715.7568,621923.9476,374.2088089,659,3961
52620948,7.81,6520,71000224,161883.3408,619254.8523,493.40195,525,3340
52613423,5.31,5320,71000222,160961.4524,619026.654,92.74935,436,2417
52614772,11.01,9200,71000223,161518.5971,619381.9846,742.61215,544,3539
52614859,8.61,9200,71000243,160514.4439,618869.0162,275.6667,408,1933
52614860,3.6,5710,71000321,158479.8102,618938.3033,753.748956,327,1682
52614866,4.45,9200,71000112,158478.4482,619501.7008,184.82245,349,1516
53353813,21.95,9200,71000211,160361.847,619032.6237,459.025,311,1540
52614308,6.36,5710,71000321,158495.624,618785.51,452.62225,284,1488
52615756,9.17,9200,71000316,158647.1406,618712.7591,363.38955,243,936
52615765,21.43,9200,71000211,160313.1552,619030.2487,474.003,305,1497
52612962,31.99,9200,71000323,157910.6277,617855.7193,352.94305,531,2508
52612971,3.41,9200,71000242,160496.4419,617637.1733,81.0857005,540,3242
52614247,4.23,9200,71000243,160545.2178,618882.4101,77.072,331,1701
52614254,5.48,9200,71000325,157582.7176,618802.8076,197.99445,430,2323
52615695,4.04,9200,71000325,157786.3877,618963.8711,143.78745,413,2172
53353187,6.01,6520,71000224,161666.6879,619499.8644,201.89235,584,3637
52619955,7.5,9200,71000211,160144.3162,619273.9462,349.2660386,338,1572
52619960,3.31,9200,71000112,158502.9387,619498.5211,222.2006,355,1540
52621397,30.8,9200,71000421,160345.893,621928.2841,615.6021072,785,4143
52620907,21.89,9200,71000122,159141.0083,621362.181,1096.022,529,3418
52615304,20.12,9200,71000211,160005.3764,619032.8767,393.5446,282,1231
53353993,9.3,6520,71000224,161912.5771,618948.6718,1450.248241,540,3375
53354044,8.93,9200,71000112,158470.0922,619655.993,168.5759299,341,1459
52620471,4.56,9200,71000325,157501.8552,618699.9858,259.15215,458,2701
53353288,8.4,9200,71000243,160211.4586,618645.482,67.51632699,349,1611
52614873,4.11,9200,71000243,160881.3134,618715.9589,68.12060001,478,2456
52614874,7.92,6520,71000222,160898.5608,619265.7291,1024.8518,485,2461
52614875,27.4,9200,71000321,158210.497,618709.6671,363.5987,414,2245
52615785,6.7,9200,71000243,160586.2397,618719.015,97.65050002,452,2352
52616689,5.7,5710,71000321,158292.55,619155.155,223.425,270,968
53354240,5.19,9200,71000243,160883.0032,618801.1449,349.21105,526,2579
52616698,4.72,6520,71000224,162312.9711,619482.8297,1161.101288,595,3927
52618560,3.55,5710,71000321,158359.8799,619116.0091,182.22328,238,860
52610764,5.2,9200,71000212,160439.0949,619402.7135,203.42295,368,1936
52610767,6.57,9200,71000423,159396.502,621755.8865,145.9190851,662,3740
52614797,16.78,5740,71000113,158688.2573,619395.1708,1587.6234,202,602
52614879,3.67,9200,71000223,161473.5778,619373.7329,144.2131,543,3531
52614885,3.09,5710,71000321,158436.5766,618946.7855,52.26555,225,946
52614330,9.74,9200,71000325,157798.5883,618804.0996,283.8344,477,2577
53353819,5.59,6520,71000224,161622.7419,619273.1483,1205.45005,535,3406
52614335,8.5,9200,71000423,159171.8851,622119.4,461.245145,684,4273
53353820,4.93,6520,71000222,160801.4045,618958.1998,457.3266,383,2072
53353980,6.5,6520,71000224,161897.0476,619133.1558,644.8431,542,3335
52611606,6.7,9200,71000243,160891.2599,618846.4128,335.475358,517,2684
52614259,6.4,9200,71000243,160486.5773,618877.9419,109.9328,403,1907
53353822,4.1,7300,71000224,162156.8405,618874.0528,279.65,555,3503
52619666,3.33,6520,71000222,160850.5454,619459.1379,763.9888035,507,2417
52620048,8.5,9200,71000211,160158.1824,619262.9104,238.64455,350,1660
52620049,10.5,9200,71000212,160108.5,619468,427.1024,421,2536
52621411,8.14,9200,71000212,159923.4058,619300.0941,181.0247175,343,1533
53353480,3.85,9200,71000242,160913.4891,617867.0577,235.334,529,3121
52620493,4.45,9200,71000325,157612.6775,618846.9033,169.7148,404,2214
52625644,9.8,9200,71000211,160049.1169,619253.3638,253.1755,331,1469
52632883,8,9200,71000315,158776.835,618505.2829,342.5063159,298,1351
52632885,9.6,9200,71000243,160655.2084,618640.0581,314.5816078,426,2234
52631962,12.22,9200,71000311,159220.0332,618570.5661,494.1405291,244,1054
52631963,8.22,9200,71000311,159181.7858,618559.5275,479.08,251,1084
52632420,4.3,5521,71000243,160327.1498,618638.2969,226.8042148,382,1919
52632422,4.21,6520,71000222,160727.0384,619563.9818,243.2186205,461,2360
52631411,8.56,9200,71000325,157410.6152,618572.6657,258.6328808,430,2563
52631437,10.55,9200,71000315,158595.3269,618350.967,237.2906,358,1727
52631438,5.89,9200,71000325,157665.9468,618878.262,102.52415,413,2243
52630517,3.3,6520,71000211,159866.6914,619014.2454,506.69555,279,1203
52635007,6.82,9200,71000426,160599.3065,621845.2976,279.4030851,837,4617
52631906,11.11,6520,71000224,161684.6333,619084.9881,3219.9778,498,3133
52634825,4.32,9200,71000122,158462.2846,621143.0371,276.6554,631,4364
66706474,7.905,6520,71000222,160873.2659,619014.7691,159.579746,328,1932
52625747,8.7,6520,71000224,161746.1081,619556.1577,1211.397559,589,3733
53354985,27.6,9200,71000212,160543.8275,619248.3958,676.6228,359,1978
52625674,6.29,9200,71000316,158804.726,619097.2049,381.6184385,122,384
52625676,6.07,5521,71000316,158768.832,618919.8733,673.3302695,179,633
52628153,5.89,9200,71000425,159757.4517,621098.3161,209.7322625,543,3269
52628158,7.43,9200,71000315,158785.0858,618377.0489,639.6914999,376,1731
53356221,5,9200,71000122,158639.4528,621399.8528,275.9514188,612,4041
52635480,7.95,5521,71000322,157963.191,618480.8467,305.1384608,425,2072
52625681,5.12,6640,71000421,160251.1465,621823.1063,573.6677025,764,4270
52632425,4.45,9200,71000112,158379.2345,619570.0917,175.52725,358,1527
52633787,6.92,6840,71000311,159277.8733,618869.2153,216.67842,257,674
52632852,14.33,9200,71000316,159019.6267,618827.2918,1634.32415,240,921
53357155,29.56,9200,71000311,159356.2171,618486.9025,368.44185,264,1176
52632862,6.5,9200,71000243,160935.9168,618641.1949,171.2145575,500,2554
52630555,24.75,9200,71000211,160265.1243,619027.9932,453.517,300,1449
52630556,7.72,9200,71000316,158585.1161,619010.1954,511.35815,214,914
52631914,13.4,6520,71000222,160699.3918,619645.286,749.928774,430,2406
52631917,6.79,9200,71000325,157664.7582,618711.8247,220.9284,445,2454
52636398,26.97,9200,71000112,159011.0765,619619.9449,447.5226,263,1064
53356311,9.9,9200,71000211,160269.1531,619246.0501,282.2017875,343,1681
64908485,4.53,7600,71000243,160382.7919,618652.8997,180.6158,376,1876
52630980,5.19,5300,71000322,158188.7767,618492.7564,246.2698635,325,1577
53356982,8.91,9200,71000315,158516.8865,618424.9013,183.2190632,344,1679
66700023,6.445,6520,71000222,160789.5871,619527.8825,895.6150513,316,1862
52625704,9.51,6520,71000222,160901.66,619355.2075,559.48455,493,2603
52625706,8.26,9200,71000325,157825.65,618842.5,283.389,484,2624
52632927,17.12,9200,71000112,158799.5253,619549.5063,590.2184,255,1175
52630981,7.53,9200,71000325,157341.3064,618344.8861,274.5348371,481,2984
52630985,6.4,9200,71000211,160208.0535,619259.9366,232.4999779,340,1626
52626144,10.71,9200,71000423,159640.1677,621823.1269,338.6876,648,3794
52629092,28.1,9200,71000112,159003.295,619662.75,450.7921,255,964
52633830,4.15,7600,71000112,158393.145,619556.035,228.9159,343,1470
52631481,5.81,9200,71000223,161391.7209,619387.0908,563.361,551,3078
52632376,9.7,9200,71000315,158472.5522,618500.6117,354.47095,374,1793
53357067,10.1,9200,71000212,160227.6631,619444.8649,2978.24565,433,2602
52632378,8.12,9200,71000211,160067.1222,619332.6037,298.401276,344,1542
52632379,4.71,9200,71000243,160164.6138,618786.746,224.5052,337,1560
52632383,10.41,9200,71000315,158729.6251,618489.3209,199.4242105,309,1451
52632387,8.5,6520,71000224,161919.378,619174.5071,2128.3182,544,3371
53356987,30.65,9200,71000211,160125.8398,619040.9028,754.245443,300,1387
52631953,6.1,9200,71000243,160701.7554,618424.4542,138.9256817,409,2141
52627108,7.5,7300,71000242,160963.5688,618349.9509,765.531,490,2783
53356120,8.5,9200,71000211,160130.705,619352.215,211.5071,345,1687
52627115,7.9,9200,71000211,160431.3388,619349.2034,286.93295,356,1890
52631018,27.11,7600,71000113,158740.8798,619391.7646,679.4750478,208,818
52631020,7.6,9200,71000316,159008.8208,618700.5739,442.5675,311,1334
52630472,6.35,9200,71000243,160589.528,618800.4153,350.894825,427,2147
52630485,4.8,9200,71000243,160371.2516,618724.167,167.3447,369,1776
52630504,3.32,5521,71000322,157923.2749,618505.3627,40.48142494,419,2049
52634091,8.9,9200,71000423,159497.2654,621927.3213,344.463223,751,4509
52634095,7.49,9200,71000423,159195.9422,622031.8745,349.254449,674,4217
53356559,3.3,5305,71000316,158967.5458,618868.5758,185.1904,240,980
52641607,8.9,9200,71000243,160098.7834,618711.5365,174.58695,330,1481
53358729,7.8,9200,71000122,159116.3367,621224.3193,150.40545,520,2850
52641626,7.82,9200,71000423,159107.5237,621923.9675,228.933752,662,4068
52643213,6.2,9200,71000223,161398.0648,619435.8941,445.94555,536,3029
52643217,7.1,9200,71000424,160152.8739,621577.1996,147.3664683,695,3981
53359018,14.3,6512,71000113,158864.7501,619302.0219,4706.987932,186,566
52646263,9.92,5312,71000316,158880.645,618978.285,462.2391,141,476
52646277,28.98,9200,71000211,159845.6028,619170.1238,327.579,337,1511
52646807,19.5,7600,71000213,160383.7002,619842.3409,839.32715,432,2386
52643456,8.3,9200,71000424,160110.607,621471.5647,211.5186105,736,4134
52643457,8.4,9200,71000424,160161.9501,621376.5644,159.6,620,3367
52643458,6.2,9200,71000425,159682.8506,621116.1987,210.459528,549,3313
52642668,14.75,9200,71000223,161200.6506,619534.4779,371.9435,554,3301
53358919,6.18,9200,71000424,159665.8584,621440.3502,155.9814099,581,3501
52645794,8.14,9200,71000212,159937.8588,619316.2298,160.9858275,344,1548
52642842,9.16,9200,71000424,159705.0629,621492.8412,126.7932,596,3573
52644366,5.7,9200,71000425,159687.7147,621089.3438,335.68405,553,3355
53358456,13,9200,71000423,159537.3847,621207.0298,187.122,571,3300
52642137,10.05,9200,71000416,160697.5514,622335.2437,242.5560259,880,4776
53358821,9.59,9200,71000421,160192.8215,621640.533,155.3227666,729,4051
52642212,6.14,9200,71000423,159389.9852,621923.4325,258.6198136,684,3989
52645030,8.5,9200,71000243,160613.3956,618670.7655,161.34545,442,2307
52643885,14.64,9200,71000414,159876.0893,622382.7455,493.3841,809,4818
52641646,9.97,9200,71000416,160691.3427,622275.1303,149.3846065,914,4836
52643378,6.55,9200,71000423,158865.5147,621722.2605,139.2682599,644,4203
52644573,16.16,9200,71000325,157667.9048,618532.5376,666.5583,476,2492
52642925,8.91,9200,71000426,160344.7842,621564.0291,207.2023234,698,3666
52644326,5.4,5740,71000243,160203.7379,618842.5988,148.90785,354,1627
52645728,3.3,9200,71000211,159990.445,619183.31,413.265,319,1438
52645730,9.5,9200,71000211,160273.0748,619310.5448,252.909672,351,1735
52642765,9.4,7600,71000424,159782.3298,621353.3205,118.227,557,3331
52642708,5.79,9200,71000423,159410.4118,621748.7958,121.9064445,662,3734
53359209,8.92,9200,71000122,158916.0438,621385.0857,193.85485,551,3698
52644327,6.68,9200,71000423,158676.4509,621490.5384,152.1842588,665,4584
52644293,6.5,5521,71000323,157740.295,617597.615,360.6525,559,2738
53359211,5.56,6520,71000322,158117.9072,618666.9726,230.26965,351,1733
52644301,8.5,9200,71000243,160594.9078,618669.362,145.96735,445,2325
52645338,14.11,9200,71000424,159795.2588,621271.4777,661.9377,544,3254
52647211,9.52,9200,71000316,158991.261,619076.0137,370.3315,236,1004
52647212,4.9,9200,71000212,160337.4257,619429.1691,164.6435,359,1844
52647147,19.2,9200,71000211,160346.1716,619190.8263,448.87,348,1759
53359086,6.23,9200,71000112,158477.7938,619671.3022,142.14005,343,1478
52646846,9.23,9200,71000316,158997.8171,618905.11,581.8793499,238,971
52643821,5.68,9200,71000423,159574.004,621377.8267,410.488125,535,3153
52645574,9.22,9200,71000415,160083.9833,622650.2788,446.30515,816,4973
52646989,3.68,9200,71000414,159832.7854,622670.7936,207.7237,839,4950
52644085,7.9,9200,71000426,160392.9987,621617.9847,132.72615,711,3706
52643175,6.48999954,9200,71000423,159316.5684,621959.8621,146.7739573,711,4063
52643176,9.54,9200,71000325,157674.8526,618637.1818,297.9092975,467,2553
52644163,3.95,9200,71000424,159775.1235,621476.5428,163.167113,594,3513
52646870,6.59,9200,71000323,157900.8655,617439.4835,139.4335,612,3278
52644533,4.85,9200,71000426,160234.6614,621344.8262,291.2231395,640,3479
53359808,10.6,6520,71000224,162108.0009,619312.1128,458.86,598,3743
52647637,9.3,6520,71000224,161985.9411,619190.1372,798.08575,561,3417
52642022,9.32,3601,71000112,158557.9694,619555.3044,628.084196,230,1008
52642024,5.1,6520,71000222,160724.1539,619198.4851,261.519328,365,2036
52642029,8.22,9200,71000424,159807.0395,621649.6371,146.149761,707,3937
52647649,4.78,9200,71000316,158753.5944,618818.9749,394.4915537,227,881
53358812,7.71,9200,71000423,159674.0452,621938.6147,381.82195,663,3971
52642091,12.69,9200,71000112,158856.9668,619632.4765,302.31705,285,1179
52646918,9.5,9200,71000122,158531.7265,620632.7539,293.8525,451,2316
52645758,3.85,9200,71000316,159110.9424,618969.261,373.731763,213,829
52645762,4.39,9200,71000316,158607.6573,618675.1166,264.686,265,1266
52645765,5.2,7600,71000325,157669.7651,618824.6552,227.24695,419,2264
53358964,9,9200,71000423,159637.4733,621651.3263,350.0574,642,3679
52643191,6.35,9200,71000423,158799.2774,621657.3117,160.1125,642,4370
52643198,9.51,9200,71000423,159312.2887,622279.4345,387.483621,707,4493
53359724,24.88,9200,71000211,159918.1025,619180.0007,386.8458,292,1304
52647158,6.21,5320,71000222,160990.955,619082,92.95130001,453,2476
52647173,7.66,6520,71000224,161878.3276,618956.8515,1141.225176,509,3215
52647175,6.8,6520,71000222,161027.6073,619330.8912,92.75544075,509,2773
52642957,5.79,9200,71000423,159006.1963,621839.64,528.736141,663,3979
52644335,3.32,9200,71000122,158985.3835,621290.4962,195.42415,533,2982
53359215,18.15,9200,71000211,160311.0498,619202.2515,421.0319,342,1713
52644341,5.98,9200,71000122,158784.1836,621150.4019,249.1772,502,2814
52650056,7.44,9200,71000323,157481.2422,618045.405,181.1606,497,2515
52643420,11.48,6520,71000222,160901.0379,619543.7058,146.15065,609,3015
52644110,7.01,9200,71000243,160846.8555,618474.8759,438.9208685,451,2304
53359174,5.47,5202,71000212,160634.0189,619633.0558,212.27465,415,2366
52644112,7.11,9200,71000423,158728.581,621560.5815,146.6881662,654,4489
52644122,7.67,9200,71000426,160496.9089,621911.7662,190.0501347,818,4504
66707107,3.79,5202,71000315,158402.7116,618448.5163,121.770442,161,948
52644131,3.32,9200,71000325,157661.9788,618376.2701,65.9721965,457,2347
52646946,28.87,9200,71000123,159475.0053,621015.8582,348.158,464,2930
52642109,10.3,9200,71000423,159155.8646,622131.6819,404.932,686,4293
52643446,7.66,9200,71000423,158924.1839,621745.2894,155.7966419,593,3987
52642877,7.9,9200,71000421,160143.792,621718.273,205.0176612,720,4006
52645747,8.7,9200,71000243,160123.7543,618756.8411,115.9316,340,1533
52645701,9.92,9200,71000325,157812.2045,618823.1865,284.47645,481,2601
52646702,3.41,9200,71000325,157625,618754.095,167.0899,438,2368
52646708,5.6,7300,71000242,161080.6136,618671.6582,294.3265,424,2424
52646710,6.5,6520,71000224,161839.3992,618979.1199,169.9487935,499,3162
52634984,7.64,9200,71000315,158561.705,618418.095,260.9158,344,1662
52645027,4.5,9200,71000325,157521.3616,618665.2661,307.8246,474,2613
53358957,5.28,9200,71000423,158843.25,621727.25,148.35,635,4288
52644264,8,9200,71000122,159040.2485,621195.523,208.7845,553,2999
52644274,5.75,9200,71000122,158946.5,621291.345,260.979,559,3756
52647207,8.8,9200,71000243,160340.2412,618825.0135,242.4334575,373,1759
53358537,5.48,9200,71000243,160892.1485,618664.7273,269.10885,513,2611
53359555,8.11,9200,71000211,160354.4975,619318.4245,224.702,350,1817
52644285,5.76,9200,71000122,158707.5129,621102.9095,175.93835,592,4050
52643784,8.2,9200,71000123,159155.0348,621101.8976,321.0286,509,2881
52644055,5.6,5305,71000243,160553.3653,618675.0392,126.9210375,446,2228
52644067,10.52,9200,71000122,158673.1041,621289.4002,202.300372,592,3206
52644069,14.4,5310,71000423,159017.1087,621614.8035,500.8719,643,4256
52605590,5.9,9200,71000423,158723.9783,621464.7542,147.8892933,602,3431
52605601,8.7,6520,71000224,161995.5912,619158.2489,1466.116184,599,3457
52605615,7.82,9200,71000426,160505.7666,621936.9485,164.5268505,812,4477
52612548,9.01,9200,71000122,158733.8518,621135.2457,198.822,588,4008
52606154,3.59,9200,71000232,160534.7644,621191.4027,114.507968,594,3302
52606579,5.2,9200,71000423,159439.8901,621737.2279,400.3556319,661,3729
53352512,7.67,9200,71000316,158724.8425,618808.6758,539.777452,227,881
52611766,5.71,5305,71000211,160278.2973,619143.1909,397.6064337,328,1542
52612164,27.61,9200,71000426,160414.2219,621932.0269,549.1,809,4471
52604252,4.2,5900,71000121,157683.1041,620055.536,1083.5589,432,2429
52604726,4.72,9200,71000122,158882.1188,621279.5802,187.69535,563,3804
53352080,3.37,9200,71000325,157498.1446,618664.5134,150.4595,447,2652
52612169,5.14,9200,71000423,159328.4129,621641.2434,345.419877,646,3612
52612177,10.06,9200,71000212,160449.8023,619453.4983,188.8899,453,2596
52611647,4.875,6520,71000222,160721.0004,619457.8575,401.1396,403,2274
52612256,6.39,9200,71000421,160208.2813,621637.1148,195.674702,732,4067
52612258,6.48,9200,71000424,159698.1991,621376.1884,148.8549,573,3404
52605121,8.84,9200,71000424,159766.5552,621646.7959,177.736626,716,3952
53352152,8.31,9200,71000421,160263.9177,621743.2415,142.699455,756,4166
52605175,17.57,9200,71000422,159849.6543,621933.1902,544.3383423,731,4020
53352154,6.51,6520,71000224,161965.3554,619148.5534,871.261525,544,3369
52605130,6.48,9200,71000423,158708.4886,621464.4757,144.7577368,601,3415
52605178,5.37,9200,71000122,158678.3019,621370.4612,189.2508,608,4001
53351458,7.23,9200,71000423,158883.7,621470.8656,136.1507753,617,3590
52605713,8.2,9200,71000316,159126.893,618884.8418,329.43945,205,775
52605714,3.36,9200,71000316,158735.8387,618876.1402,359.2257825,219,846
52607465,5.6,9200,71000122,159082.1539,621246.4459,397.4088,524,2890
52605196,6.27,9200,71000325,157723.2327,618885.9641,233.6696,412,2166
52605197,4.1,9200,71000325,157745.7823,618968.7035,192.83205,404,2125
52605202,3.31,9200,71000316,158791.7299,619038.2376,277.0117,149,485
52606525,6.84,9200,71000325,157639.4051,618893.1117,97.9013,410,2227
52606536,27.91,9200,71000423,159550.9063,621273.6724,1094.48285,555,3233
52606542,8,9200,71000426,160370.6594,621640.1415,178.742431,719,3784
53352168,8.84,9200,71000316,159116.2043,619038.6048,1305.33815,195,659
52605622,7,9200,71000426,160495.5369,621638.8424,192.5854954,719,3694
52605627,5.1,9200,71000423,159244.3364,621649.762,321.8052313,641,3690
53351376,9.82,7600,71000423,159276.5636,622134.9415,276.879802,683,4348
52605633,8,9200,71000421,160227.7871,621738.808,181.5054106,768,4131
52605636,9.49,9200,71000316,158596.1984,619050.37,452.6975,172,601
52606052,33.01,9200,71000424,159998.3111,621561.2844,548.0040077,727,4038
52605676,20.94,5600,71000114,158531.6483,619326.3962,1711.4862,186,686
52606612,15.16,9200,71000322,157960.7277,618803.4969,714.1052,389,1945
53351550,7.1,9200,71000223,161411.215,619526.7579,1649.35605,534,3029
53352495,3.31,9200,71000325,157605.5401,618806.4459,218.89,425,2301
52607032,10.59,9200,71000426,160468.2418,621645.7656,167.1196228,718,3691
52611777,7.73,9200,71000112,158505.6624,619603.4013,183.0647645,305,1298
52611778,8.4,9200,71000426,160440.4206,621653.5393,163.322972,718,3756
52607037,7,5521,71000423,159518.707,621462.6604,273.492076,567,3273
52612190,4.66,9200,71000423,159413.2574,621939.0176,194.1262506,752,4511
52612212,9.1,5312,71000423,159334.4079,621566.3232,91.562747,643,3590
52605145,6.06,9200,71000416,160616.7589,622336.5925,242.0280975,862,4699
52605181,5.43,5501,71000122,158994.548,621185.7006,875.17385,553,2999
52604765,3.29,9200,71000316,158680.5389,619050.6437,115.2027,184,646
53351459,29.57,9200,71000321,158007.2969,618885.6623,500.25525,436,2311
52606125,4.91999847,6520,71000222,161042.0329,619293.6492,193.5036238,482,2694
52605577,6.1,9200,71000426,160436.486,621473.659,167.1197136,700,3609
52606136,5.81,9200,71000426,160240.8308,621380.561,175.9501185,637,3438
53352236,15.1,9200,71000423,159060.1145,621551.5762,519.4525,662,3783
52605227,3.31,9200,71000211,160003.9932,619284.1316,244.90665,314,1449
53352436,7.59,9200,71000243,160096.805,618775.285,234.8551,322,1455
53352172,8.51,9200,71000211,160337.545,619290.7669,231.48595,348,1785
52605645,9.7,9200,71000316,158666.3336,619159.7308,579.36545,157,536
52604702,5.7,5320,71000222,160944.2883,619068.8648,251.15595,438,2317
53353436,5.81,9200,71000325,157759.1109,618891.7208,213.489036,418,2245
52612226,10,9200,71000426,160444.0625,621844.5539,212.3717334,781,4167
52605108,10.31,9200,71000313,158937.054,618332.5386,419.466,288,1276
52612242,9.8,9200,71000423,158756.0073,621466.284,159.2679,606,3463
52612384,5.68,9200,71000242,160346.555,617865.6588,215.8079,426,2565
52606506,4.8,7300,71000224,162163.9644,618887.384,290.08255,560,3528
52613077,6.88,9200,71000223,161442.5905,619354.6843,920.78665,558,3127
52605156,5.52,9200,71000423,159601.5487,621848.0121,147.0920581,634,3773
53352163,8.41,9200,71000426,160342.0993,621731.0892,193.0178285,757,4004
52654077,5.61,9200,71000232,160436.9448,620767.1308,218.7929109,584,3095
52654086,2.9,6520,71000222,160758.7572,619384.5777,297.0315,460,2425
52654097,14.05,9200,71000316,158977.9703,619123.1704,396.48755,220,787
52658466,20.83,9200,71000111,159131.223,620025.2425,739.32085,306,1150
52658525,4.28,9200,71000242,159947.2408,617649.8109,175.5696917,410,2474
52657631,17.91,9200,71000323,157981.5123,617304.9625,984.7646,642,3358
52658571,5.81,9200,71000242,160480.0798,617638.5308,241.6571295,556,3287
53362445,3.31,9200,71000325,157533.9325,618740.2033,223.5945,447,2395
52660698,5.8,9200,71000212,160453.8772,619391.7555,262.8125205,369,1948
52660700,10.3,5330,71000111,159033.8025,620024.8321,1253.8247,285,1074
52661177,6.91,9200,71000111,158427.945,620101.7086,258.8627,401,1830
52660716,6.05,9200,71000232,161115.5695,621031.856,146.037162,652,3914
52660719,7.42,9200,71000111,158517.1951,620184.4602,263.13765,455,2021
52661237,7.3,9200,71000123,159189.2108,620474.8637,273.06425,395,2119
52661240,6.09,9200,71000221,161020.9026,620099.8317,134.701,571,3132
53362474,13.7,9200,71000231,160405.6495,620375.3244,934.85535,625,3051
52660781,8.6,9200,71000123,159490.1772,620666.1041,252.3428665,441,2344
52661793,6.94,9200,71000242,159922.1596,618160.8401,139.6546012,406,2291
52661806,4.85,9200,71000112,158269.5567,620170.7666,313.471,377,1812
52661815,9.09,9200,71000213,160342.7256,620298.8789,274.24735,456,2608
52659467,9.8,9200,71000423,159333.0032,621584.3104,108.4147286,644,3595
52655499,7.58,9200,71000112,158367.6848,619704.0071,228.1184,340,1533
52655524,6.3,6520,71000222,160916.3339,619588.8865,359.2947241,493,2692
53361224,3.49,9200,71000111,158434.6672,619949.3751,260.094,362,1666
52655526,31.41,9200,71000112,158779.1043,619666.8994,654.86,302,1208
53361950,7.7,9200,71000243,160368.2798,618828.3067,154.5918895,376,1786
52661598,9.38,5330,71000113,159476.542,619459.1526,1976.449,278,1286
52661601,8.9,9200,71000122,158667.8344,620488.3776,198.12435,477,2380
52661608,3.54,5900,71000121,157445.7,619841.38,575,487,2733
52662100,5.64,5340,71000112,158460.0505,619705.0234,175.57075,353,1513
52662143,6.4,9200,71000111,158454.2078,620182.489,246.49385,447,1974
52662112,5.8,7600,71000111,158473.8314,620027.4879,245.5799,412,1845
52662120,5.19,9200,71000111,158691.65,619952.5,208.623,351,1616
52660730,11.09,9200,71000213,160341.8978,620203.0938,288.3339,426,2450
52660732,4.66,9200,71000122,158412.855,620376.5,130.3682,543,2940
52662180,6.82,9200,71000122,158856.2835,621034.613,227.925,529,2921
53362198,7.81,9200,71000243,160209.1944,618235.2114,421.090912,431,2466
52662318,4.9,9200,71000242,160421.7602,618029.1655,255.4899657,466,2858
52654899,6.6,9200,71000232,160923.0323,621035.3201,55.94244999,659,3748
52654001,8.51,9200,71000123,159676.652,620754.6882,192.6319,463,2566
52655395,6.09,9200,71000122,158612.7729,620849.5417,162.07455,497,2605
52655398,8.42,9200,71000122,158268.3109,620413.0537,102.1997,447,2730
52655472,45.43,9200,71000215,159746.8001,619477.403,735.9517,376,2127
52655024,7.4,9200,71000211,160128.25,619256.785,254.3191,335,1549
52661616,8.5,9200,71000421,160289.9562,621736.0919,155.935,742,3943
52661623,7.3,9200,71000122,158693.0295,621031.7606,204.0036,497,2751
53361005,10.4,9200,71000232,160801.8325,620750.6514,307.41635,692,3547
52659181,4.4,9200,71000232,160683.474,620582.4379,119.871008,661,3373
52657815,7.7,9200,71000112,158321.3228,620106.2435,360.341,350,1680
52662204,7.61,9200,71000112,158268.9027,619857.1095,135.138,360,1657
53361637,9.35,9200,71000416,160635.9726,622081.4043,169.9462323,927,5011
52662272,7.64,9200,71000316,159175.1236,618844.6063,327.90575,200,746
52658955,11.31,5370,71000112,159441.6734,619757.7539,1348.3673,246,1156
52656317,9.21,9200,71000123,159345.628,620851.4109,307.9935889,456,2481
53360286,3.31,9200,71000122,158571.503,620551.6591,323.642498,456,2300
52655137,1.85,9200,71000414,159944.2,622651.3528,199.55745,833,4899
52655141,15.1,9200,71000114,158088.7934,619702.0518,859.08055,459,2496
52655701,8.61,9200,71000223,161218.8845,619716.3364,107.27415,577,3328
53361008,5.61,9200,71000242,160590.7795,617815.5608,206.938744,493,3014
52659201,7.1,9200,71000325,157464.2931,618163.6061,119.6177179,498,2556
52659247,8.61,9200,71000122,158469.5067,620397.5702,135.64265,551,2983
52657961,7.7,9200,71000242,160234.8779,617867.4207,172.8475447,436,2461
52659431,8.1,9200,71000242,160735.0698,618255.4954,271.13595,467,2802
52659899,8.7,9200,71000243,160472.5326,618265.8084,343.2121,479,2810
52661458,5.3,9200,71000123,159341.794,620729.2989,310.811459,407,2236
52661459,4.5,9200,71000232,161081.649,620806.4307,191.0976214,673,4179
52659505,3.65,9200,71000122,158909.7735,621239.5258,139.0281,565,3816
52655865,3.48,9200,71000122,158708.382,620673.9123,222.9769,471,2438
52656361,8.24,6520,71000224,161686.634,619699.8954,610.6907,674,3852
52656393,3.69,9200,71000243,160607.069,618790.9021,152.06685,458,2386
52658727,7.3,9200,71000111,158693.3982,620030.7488,280.8187,374,1716
52658833,4.55,9200,71000232,161043.8253,620916.0573,77.26854999,705,3980
53361798,7.69,9200,71000416,160709.1607,622267.1216,333.4077529,896,4859
53361799,5.2,9200,71000242,160624.3248,617580.9415,171.2185044,565,3322
52658793,7.31,9200,71000242,160216.9079,617722.4463,151.809788,454,2702
52659306,5.09,9200,71000242,159986.7291,617870.1737,182.031,395,2233
52659319,6.5,9200,71000242,160169.4745,617651.207,147.2984145,445,2705
52659923,9,9200,71000423,159742.5246,621969.7578,403.6217559,668,4029
53362400,4.445,9200,71000242,160861.5256,618180.7128,139.695708,508,3011
53361179,9.98,9200,71000123,159534.3685,620388.5561,183.633,323,1860
52658839,9.11,9200,71000242,160840.9614,617914.5359,353.8762402,538,3087
53361186,5.11,9200,71000414,159690.5621,622583.8388,254.5949,784,4674
52658917,3.91,9200,71000313,158766.6292,618269.886,250.6971,346,1608
52660301,11.15,9200,71000313,158228.9808,617857.9264,486.39245,443,2102
52660847,13.64,9200,71000313,158183.3129,617743.2758,338.23845,508,2390
52660929,4.23,9200,71000123,159064.8364,620845.6778,427.8636,516,2633
53361542,7.51,9200,71000426,160344.3692,621664.4388,186.467611,721,3799
52657352,5.31,9200,71000242,160627.3458,617619.799,233.3263295,548,3250
52657353,9.37,7600,71000423,159135.7183,621955.4024,436.2855396,665,4113
52661007,5.6,9200,71000232,160545.0603,620845.8137,128.3923,607,3212
52661015,6.18,7600,71000123,158975.7374,620941.3541,273.424035,516,2801
52659707,6.7,9200,71000231,160403.8104,620479.6289,229.4187262,616,3102
52661322,4.24,9200,71000423,159464.1354,621512.319,176.6725847,598,3411
52660936,3.51,9200,71000232,160933.669,620751.2204,256.6319068,700,4125
52660554,9.8,9200,71000123,159497.432,620407.1584,177.4705,340,1949
52661184,12.6,9200,71000213,160693.1907,620173.1176,480.01395,514,2869
52661254,8.7,9200,71000111,158713.562,620103.1327,272.08435,344,1618
52661256,24.21,9200,71000111,159154.6691,620183.6702,596.6592,329,1301
53362604,5.5,9200,71000242,160558.3294,617890.472,301.922869,476,2912
52653970,6.6,9200,71000111,158715.7397,620183.5457,197.3055,340,1612
53361216,5.21,9200,71000112,158464.0937,619582.2491,216.168,321,1365
53360971,6.8,9200,71000123,159483.5947,620593.3998,146.1476,421,2305
52654103,7,9200,71000111,158630.3244,620109.0137,277.62395,358,1688
52654108,8.3,9200,71000421,160238.5872,621630.1824,190.592694,736,4098
52654118,4.05,9200,71000122,158771.5372,621136.5285,196.80625,500,2798
52658521,3.52,9200,71000242,160820.1437,617975.0675,108.1,506,3006
53362438,27.04,9200,71000215,159862.7835,619774.3978,1037.7836,363,2056
52660575,9.5,9200,71000123,159072.0978,621019.6747,259.74855,506,2854
52660632,23.33,9200,71000425,159869.3012,620794.8527,1054.775,531,3323
52662074,8.35,9200,71000112,158417.2387,619585.8641,154.6505,329,1417
52661216,3.3,9200,71000243,160345.1796,618702.215,51.75798639,365,1757
53362551,13.62,7600,71000213,160278.398,619952.3002,166.788,397,2202
52661203,6.7,9200,71000223,161309.3532,619773.797,176.62155,585,3418
52661204,7,9200,71000112,158309.455,619783.095,161.6787,385,1777
52660810,4.01,9200,71000122,158579.7899,620389.6118,181.7927,506,2448
52661754,6.8,5900,71000121,158065.7451,620389.7902,71.99178399,440,2566
52661503,4.31,9200,71000122,158917.6458,621020.4564,415.0943366,464,2602
52661505,6.51,7600,71000111,158735.44,620124.2553,223.41015,328,1550
52655363,7.6,9200,71000123,159091.9901,620597.656,114.475,427,2281
52655485,9.02,9200,71000211,160080.6953,619257.2067,208.46015,329,1518
52655494,7.94,9200,71000112,158435.2025,620298.5958,159.66685,397,1931
52657639,3.5,9200,71000242,160752.1372,617797.5219,500.811971,511,3034
52662081,6.1,9200,71000111,158898.5357,620104.3495,263.495,347,1573
53361954,11.95,9200,71000112,158865.4701,619704.8836,587.251,255,1042
52662085,4.58,9200,71000111,158854.1059,619856.5248,314.7285,298,1294
52662095,5.7,9200,71000231,160375.1957,620476.6941,172.60395,626,3081
52660692,22.82,9200,71000415,160071.5877,622576.475,559.4215,819,4695
52662155,6,9200,71000223,161315.1816,619862.6559,464.72985,569,3321
52662159,31.27,9200,71000111,159140.2961,619941.0084,433.3578,280,1056
66700148,1.71,9200,71000426,160361.2449,621609.6543,111.08776,471,2773
52662294,3.56,5300,71000111,158573.3975,619847.5509,359.57465,344,1425
52658968,9.71,7300,71000224,162348.9615,618766.8755,904.408924,550,3552
52658974,10.3,9200,71000424,159791.2025,621397.221,131.2934227,574,3414
52658617,5.56,9200,71000316,159182.6347,618958.5477,134.649,208,793
52660529,3.97,5900,71000121,157462.4759,619835.6764,975.0821,477,2675
52654923,5.2,9200,71000232,160472.2991,620710.7641,215.1528411,589,3116
52654981,3.86,5900,71000121,157477.8468,619829.9471,516.1473,477,2674
52655060,4.41,9200,71000112,158635.9311,619711.0123,249.09785,314,1337
52655658,6.51,9200,71000232,160422.8175,620808.106,212.455701,575,3085
53361864,5.95,6520,71000222,160845.0358,619494.6469,1495.5662,425,2402
52661589,9.96,6520,71000224,161738.1969,619475.1683,679.313877,571,3650
52661638,7.39,6520,71000222,160992.7765,619573.694,514.081833,468,2589
52661651,5.8,9200,71000123,158884.8893,620585.3308,290.19815,467,2272
52661654,18.9,9200,71000122,158187.6178,620376.6771,724.7649,444,2778
52662300,5.1,9200,71000122,159054.1457,621214.2383,233.5435,549,2974
52658995,5.98,9200,71000242,159997.8519,617648.0574,159.3927863,417,2525
52661974,5.08,9200,71000232,161091.0567,621021.3723,57.4385,652,3914
52662055,5.9,9200,71000232,160657.3998,620813.5103,244.256175,678,3504
52655012,6.5,9200,71000325,157444.897,618096.5503,205.1777485,490,2505
52656158,6.6,9200,71000123,159407.3371,620807.7272,179.0375,417,2321
52659212,4.8,9200,71000425,159708.478,621130.3206,160.819871,537,3224
52657852,5.54,9200,71000242,159856.897,617651.9126,298.450133,396,2385
52657857,10.14,9200,71000423,159530.0965,621783.722,430.2804495,627,3691
52659343,13.76,9200,71000323,157649.6441,617937.822,414.5401,495,2400
52657929,5.11,9200,71000242,160047.8068,617644.7019,181.43505,424,2575
53361647,4.89,5305,71000242,159869.911,617804.1546,164.911128,407,2308
52659334,7.3,9200,71000242,160149.5945,617648.2153,160.0631,459,2670
52659388,5.02,9200,71000242,160031.7225,617644.5005,150.9993,443,2552
53361045,16.05,9200,71000114,158206.62,619783.8137,877.9155,304,1486
52659464,5.2,9200,71000423,159416.8182,621980.2464,438.356424,690,4061
52655892,4.75,9200,71000425,159841.2841,620922.403,336.299211,578,3484
52655908,3.67,5201,71000313,158187.1835,617603.1072,316.29985,510,2460
52656407,7.61,9200,71000111,158788.397,620217.9132,287.94265,327,1613
52658706,25.27,7600,71000213,160118.3613,619881.2576,717.0545925,354,1963
53361172,5.3,9200,71000232,160498.4417,620715.5244,133.9542,589,3116
52658830,7.47,9200,71000111,158407.653,620129.4053,103.42285,402,1858
52660160,7.1,9200,71000111,158718.0337,620039.5582,238.1696,326,1513
52659285,4.01,9200,71000242,160134.0698,617644.6643,210.1028303,437,2663
53361025,6.2,9200,71000423,159706.3715,622145.8371,509.1765663,687,4165
52658806,7.2,9200,71000243,160515.5726,618254.795,160.221125,471,2751
52659394,8.255,9200,71000426,160512.1689,621773.3604,251.9906794,821,4297
52659867,7.39,9200,71000325,157457.0041,618182.6391,134.505204,500,2577
52655913,9.31,9200,71000423,159281.2677,621864.2791,171.4006913,713,4069
53361537,7.01,9200,71000424,160139.3025,621582.0174,129.3401816,692,3967
52657323,6.37,9200,71000323,157896.855,617455.5,129.2764,614,3294
52657418,29.53,9200,71000114,158259.4401,619481.0773,748.1240187,320,1525
52656091,6.2,9200,71000232,160524.0162,620814.8312,229.7347695,616,3254
52657074,3.27,9200,71000122,158505.7529,621094.2194,359.53145,643,4466
52657075,13.1,9200,71000314,157936.5659,617965.0299,495.791,566,2676
52660120,6.79,9200,71000123,158948.3351,620962.7439,302.493931,472,2599
53361084,5.33,9200,71000122,158701.0611,620645.0669,158.66635,471,2438
52660178,7.02,9200,71000123,158730.7036,620492.4178,346.0039528,431,2126
53361184,4.1,9200,71000232,161011.705,620859.5,129.61,688,4263
52660185,11.41,9200,71000123,158827.1686,620661.0133,282.4806,437,2280
52658821,6.01,9200,71000242,160542.2703,617726.8388,129.0975986,502,3087
52660218,7.75,5521,71000323,157835.4,617721.75,191.62,574,2799
52658893,4.96,9200,71000323,157755.3864,617642.4169,343.8089,533,2640
52660364,10.61,9200,71000421,160241.9163,621677.8494,171.7249264,742,4103
52664831,7.5,9200,71000123,158851.4439,620652.1234,150.53285,464,2354
52665777,7.54,9200,71000425,159953.2219,620953.5692,201.703413,540,3400
52665778,6.03,6520,71000224,162154.3029,619431.4054,289.69515,614,3910
53362248,5.41,9200,71000111,158481.4672,620109.5744,287.331,469,2095
52662531,6.07,9200,71000232,160976.2848,621019.9187,290.764816,673,3923
52662536,3.91,9200,71000112,158740.302,619666.8382,279.3382,303,1279
52662539,7.91,9200,71000211,160257.7506,619380.7151,224.5229,365,1856
53361454,10.03,9200,71000423,159232.5568,622080.4626,254.1837518,689,4330
52656844,8.055,9200,71000426,160452.4558,621792.1253,241.1095346,781,4180
53361456,6,9200,71000426,160317.7841,621588.7712,177.0427795,709,3718
53361514,6.3,9200,71000231,160671.5604,620500.1066,188.1035465,650,3325
53361516,5.4,9200,71000123,159146.3198,620549.843,266.36805,414,2206
52659639,4.45,5900,71000121,157543.9524,620088.552,91.87634999,461,2597
52659696,6.4,9200,71000213,160404.5923,620120.3041,415.01295,439,2534
52660228,7.27,9200,71000242,159980.9931,617648.2061,194.3437386,415,2508
52660232,4.75,9200,71000242,159782.7999,618185.5493,151.7776,345,1888
52660235,4.39,9200,71000423,159551.3031,621382.1002,344.79175,549,3219
52660352,4.89,5521,71000315,158939.8921,618503.602,386.4978229,250,1124
52659801,12.87,9200,71000314,157988.1808,617822.3939,573.49845,489,2336
53361116,8.09,9200,71000242,159860.7939,617736.6412,207.434258,418,2381
52661301,12.97,5370,71000112,159435.5512,619832.3624,1221.91865,381,2258
52661360,14.5,9200,71000213,160084.9831,619942.385,443.46615,408,2253
53362250,6.15,9200,71000111,158714.6448,619961.1403,223.76,344,1585
52659080,6.9,9200,71000242,160670.2222,617589.3993,573.6660573,587,3406
52656696,11.5,9200,71000121,158178.0311,621229.2574,1115.01285,598,3232
52661041,3.96,9200,71000123,159044.3187,620365.5154,340.00365,394,2108
52660654,4.34,6520,71000222,160697.6434,619075.5367,113.043996,349,1903
52661156,7.5,9200,71000112,158141.0821,620098.3611,326.86635,338,1792
52661157,5.71,9200,71000111,158670.5,620021.715,203.6041,370,1691
53362544,5.41,9200,71000213,160460.5623,620094.317,505.686,448,2595
52661211,8.6,9200,71000424,160097.9334,621523.8924,155.6,723,4028
52661307,5.71,6520,71000111,159222.2166,620113.6135,175.95855,322,1279
52663026,4.34,5710,71000321,158362.5364,619136.018,165.973292,237,855
52663029,5.31,9200,71000123,158796.0702,620592.3403,350.80475,448,2291
52662701,5.03,9200,71000122,158649.4476,620387.7334,194.64835,510,2454
52662764,3.31,9200,71000315,158944.5899,618482.5372,135.2205335,405,1926
52662766,7.71,9200,71000243,160587.5909,618239.2662,156.472,453,2661
52663685,5.25,5305,71000325,157664.1444,618305.0082,236.9520985,448,2282
52663264,5.91,9200,71000325,157418.6893,618554.2974,295.483416,435,2583
52663265,6.5,9200,71000122,158681.6806,621312.865,93.58047199,600,3230
52664249,6.31,9200,71000242,160283.259,617726.2347,143.8336672,455,2700
52664307,7.6,9200,71000232,160755.3491,620944.9548,145.4267,638,3739
52664315,10.2,9200,71000232,160812.8872,620830.9297,337.22365,683,3970
53363717,8.8,9200,71000211,160307.0492,619288.2305,212.2,352,1738
52666845,10.12,9200,71000314,157896.7423,618107.2753,529.07495,387,1952
52668424,16.9,9200,71000123,159369.573,621062.9335,316.0215,474,2623
52666724,10.11,9200,71000223,161435.8199,619319.7261,876.4942129,542,3493
52666168,6.95,6520,71000222,160837.8429,619531.9698,1024.9128,502,2605
52662708,7.11,9200,71000243,160326.6746,618477.7142,264.4852463,360,1719
53362012,3.71,9200,71000242,160858.8305,618143.8041,291.8925745,493,2931
52663676,5.12,9200,71000122,159103.3222,621179.4052,109.42085,523,2906
53362013,5.8,9200,71000122,158812.681,621188.6113,185.7775,515,2864
52663190,10.31,9200,71000424,159791.4577,621376.3237,93.75225,559,3345
53363026,6.95,9200,71000423,158865.8717,621768.8406,139.6635,629,4241
52665790,7,9200,71000122,158492.0296,620380.792,135.385,561,3051
52666861,5.5,5900,71000121,157707.0811,620104.1043,118.13,428,2397
52667329,31.15,9200,71000111,159242.7007,620167.6,391.75,327,1298
52668437,3.61,9200,71000232,161074.4422,620843.3818,113.80735,675,4194
52668438,5.97,9200,71000232,160698.776,620579.5813,178.1953455,679,3453
52666580,2.62,9200,71000122,158693.3546,620943.1072,303.6276,514,2714
52664081,3.47,9200,71000242,159806.8242,618016.8676,196.5987755,359,2007
53362944,6.1,9200,71000231,160944.0965,620661.2267,60.77070001,693,3497
52667798,3.42,9200,71000111,158399.7488,619937.9442,301.604985,375,1708
52667799,23.54,7600,71000213,160320.8343,619845.4411,713.60325,387,2172
53363373,15.61,9200,71000212,160160.3625,619525.3382,948.8486,387,2435
52667609,4.71,9200,71000232,160989.9464,620912.5478,68.4513085,684,3926
52667146,9.51,9200,71000123,159113.6076,620713.7006,175.51795,425,2293
52663569,4.44,9200,71000242,160870.9495,617867.3437,315.6743425,528,3087
53362001,3.71,9200,71000242,160000.5506,617722.9841,187.6425618,424,2484
52663575,5.2,9200,71000242,160522.7907,617940.2078,244.4613059,491,2862
52663580,4.15,9200,71000111,158732.1513,619792.5724,253.149,284,1188
52664538,7.22,9200,71000423,158852.0187,621469.7284,133.1751281,614,3559
52664600,8.565,9200,71000424,160137.3563,621384.472,148.7464134,749,4210
52664602,3.94,9200,71000242,160672.6543,618157.2501,251.1031931,448,2689
52664548,5.75,9200,71000122,158904.9982,621367.1794,227.5049,555,3719
52664604,11.32,9200,71000314,158024.1575,618148.3367,431.77605,483,2322
52664624,4.02,9200,71000242,159989.4176,618024.6209,137.1206325,394,2184
53363018,9.7,9200,71000424,159765.0232,621356.5152,88.72614999,562,3357
52663110,7.28,9200,71000122,158677.0463,620916.4573,315.85145,508,2683
52665285,6.595,9200,71000232,160706.0372,620661.0948,156.8655395,672,3429
52665287,8.3,9200,71000111,158641.9652,620010.5013,161.4514,365,1674
52663164,20.17,9200,71000114,158093.6687,619961.7725,252.80195,349,1768
53363152,4.01,5305,71000123,159153.2484,620393.1372,260.827751,385,2071
52667815,6.6,9200,71000123,159425.8489,620662.3251,154.0031935,423,2270
52667531,10.41,9200,71000123,159522.805,620460.905,175.2002,374,2033
53363291,7,9200,71000122,158505.9364,621023.1939,266.7761,625,4457
52667226,7.01,9200,71000123,159217.7822,620724.3332,298.5920271,433,2301
52667162,6,9200,71000232,160461.7944,620915.2345,222.15655,604,3423
52662565,33.03,9200,71000215,159729.2913,619383.1895,418.9571,363,1645
52664484,4.74,9200,71000242,160743.5281,618009.5243,258.7925126,465,2786
52665570,4.31,9200,71000242,159951.185,617973.4172,142.080174,371,2133
52662892,10.35,9200,71000123,159456.098,620363.3608,180.61365,368,2094
52662900,3.82,9200,71000123,158957.702,620360.6849,342.9616687,409,2174
52662901,5.23,9200,71000122,158740.7673,621022.8364,248.51595,480,2687
52662928,10.45,9200,71000314,158425.0687,618258.7258,457.5240001,410,1849
52667757,13.04,7600,71000213,160310.6291,620029.5013,168.933,403,2286
52667764,9.27,9200,71000111,158793.6186,619849.2834,365.2015,297,1274
52667551,5.72,5370,71000122,158447.955,620445.715,759.9771,515,2812
52662566,4.47,9200,71000122,158597.6517,620390.3081,263.9525,504,2430
52663041,10.5,9200,71000313,158453.145,617861,416.2159,440,2071
52664500,5.15,9200,71000242,159777.3529,618017.1611,206.048057,345,1936
53362168,11.04,9200,71000314,158430.5969,618229.1551,455.697,424,1909
52665489,7.1,9200,71000242,160073.318,618156.9112,149.328835,390,2302
53362997,13.13,9200,71000314,158022.5115,617802.5423,346.56605,510,2449
52667280,9.46,9200,71000123,159454.7726,620397.2815,217.6267035,365,2076
52668241,7.3,9200,71000111,158677.6926,620191.1939,211.616797,356,1674
52668244,6.9,9200,71000111,158456.2383,620103.9027,223.05385,469,2113
52667090,6.21,9200,71000232,161039.8086,620960.3554,110.72235,691,3937
52667092,4.11,9200,71000123,159444.4455,620969.8066,417.76895,471,2580
52667096,6.47,9200,71000325,157308.364,618404.7261,142.7638665,466,2916
52668076,3.7,5521,71000315,158845.6524,618442.7346,53.30910001,314,1436
52669426,10.95,9200,71000313,158820.0945,618337.119,220.82085,293,1302
52663977,1.95,9200,71000425,159754.8942,621019.9765,60.17149675,550,3331
52665425,4.4,9200,71000242,160198.9619,617666.5585,165.184965,450,2738
53363085,6.3,9200,71000325,157392.7473,618369.951,196.4681391,470,2827
52665988,27.39,9200,71000415,160118.2312,622868.2092,569.241,792,4763
52663333,7.91,9200,71000242,160473.9365,617603.9562,310.0613728,548,3265
53362389,5.09,9200,71000323,157531.1502,618033.3015,175.34545,498,2523
52667244,5.91,9200,71000213,160487.7888,620181.2387,542.401827,463,2632
52666672,6.81,5305,71000223,161269.9604,619431.0628,174.61145,525,2935
52671870,13.29,9200,71000322,157862.7859,618687.5765,652.88625,371,2081
52664899,5.8,9200,71000242,160827.7474,618247.0113,234.2895772,532,3109
52665439,3.5,9200,71000242,160834.3536,618012.2827,126.312732,481,2925
52665442,4.72,9200,71000242,160856.3366,618211.1581,437.275335,525,3057
52662356,8.32,9200,71000232,160890.5463,621110.2173,444.32535,664,3736
53362379,5.19,9200,71000323,157705.6458,617652.8185,525.2384,549,2681
52664740,8.93,9200,71000426,160426.1856,621962.4605,594.1605559,820,4497
52664752,7.82,9200,71000426,160453.0492,621869.6116,219.6801867,784,4188
52664762,8.2,9200,71000424,159759.8124,621259.9672,88.3481,540,3235
53362873,4.4,9200,71000123,159187.488,620647.2243,312.3005,416,2216
52668647,8.5,6520,71000224,161690.6825,619512.2937,325.7321,601,3714
52666420,8.11,9200,71000243,160484.6824,618674.5852,332.12295,466,2294
52668448,5.12,9200,71000232,160700.6903,620969.4502,218.18103,646,3726
52666198,3.31,5521,71000316,158773.2461,618899.014,110.5916,183,654
52661690,7.8,5202,71000212,160585.3843,619695.307,730.1649,472,2472
52661692,16.66,9200,71000114,158184.2998,619869.5908,239.07765,338,1629
52663731,9.28,9200,71000313,158436.0839,617881.8623,418.671,429,2002
52664698,9.82,9200,71000122,158745.2052,621237.961,198.1754,534,3079
52664272,11.4,9200,71000223,161501.1638,619298.0762,843.1965,534,3466
52664278,7.15,9200,71000423,158830.5699,621663.2423,232.3074,655,4262
52664279,9.11,9200,71000426,160504.1908,621663.8713,202.7131135,724,3720
53363468,3.71,5310,71000243,160500.7665,618342.2663,367.3624105,469,2629
52668146,7.31,9200,71000421,160109.3054,621636.1285,216.8277455,684,3917
52668149,7.67,9200,71000423,158874.3906,621737.4804,153.28465,641,4185
52668154,6.76,9200,71000212,159940.6064,619285.2828,137.1841709,309,1408
52666385,8.21,9200,71000243,160388.9678,618688.3205,196.869,373,1802
53362982,4.93,9200,71000242,159951.7493,617726.2203,189.9041904,418,2397
52667359,7.96,9200,71000231,160267.3814,620584.5001,201.610853,545,2811
52668463,8,9200,71000232,160745.8292,620662.6651,187.4388297,694,3552
52666206,12.3,9200,71000213,160260.1985,619923.5809,293.4923,403,2229
52666216,5.39,9200,71000232,160682.9467,620960.2501,136.0674,638,3674
53363375,5.3,9200,71000231,160521.0336,620561.4034,133.1925,601,3222
52661712,7.81,5900,71000121,157518.6402,620023.3653,740.0895,463,2611
52662659,14.19,9200,71000313,158202.945,617716.5,314.21,508,2470
52663642,3.31,9200,71000243,160274.0055,618477.7986,272.3951382,347,1680
52663646,18.37,9200,71000114,158151.0461,619848.9268,745.7242,335,1604
52663657,5.81,9200,71000242,160123.6766,617934.8622,120.139104,395,2337
53362019,3.31,9200,71000325,157499.6346,618552.787,171.016477,451,2652
52663236,9.82,9200,71000243,160656.1826,618484.2018,181.6440428,415,2125
52663243,4.89,9200,71000242,160315.4572,618014.9792,172.2502299,494,2980
52664268,6.28,5300,71000242,160211.7116,618163.4161,775.7658,380,2215
52664293,9.6,9200,71000423,159659.0013,622134.9057,332.751703,679,4118
52665753,5.47,9200,71000231,160291.797,620645.8663,178.799977,553,2865
52669533,7.41,9200,71000112,158481.1958,619731.2576,157.077,357,1538
52666822,18,9200,71000114,158089.6958,620029.3578,340.5613748,349,1782
52667621,4.91,9200,71000112,158308.2813,619710.013,330.8198,375,1609
52667639,4.92,9200,71000232,160785.5568,620842.6371,223.5546399,682,3962
52667172,5.12,9200,71000122,158527.1227,621291.784,395.38385,600,4130
52665393,22.65,9200,71000314,158089.3586,618221.0731,419.23455,364,1808
52665395,10.11,9200,71000313,158686.2061,618146.2739,256.59665,352,1682
53362271,9.3,9200,71000242,160644.7679,617580.1133,203.822173,580,3378
52663667,3.4,9200,71000425,159729.7221,621030.4073,435.07045,558,3427
52663600,15.12,9200,71000111,159054.2605,619776.7126,524.1481,284,1089
52663183,6.375,9200,71000242,159926.8566,618088.543,189.5933905,399,2204
52663184,4.29,9200,71000242,159754.2357,618177.066,175.3442,347,1899
53362844,23.58,9200,71000112,159057.545,619575.405,479.23,288,1156
52664156,8.32,9200,71000314,158348.987,618301.5807,436.9093,405,1831
52664162,11.72,9200,71000314,158439.4512,618153.6112,322.05,420,1947
52665706,6.81,9200,71000122,158793.4086,620844.4114,248,470,2466
52665707,3.22,9200,71000122,158956.9209,621050.6753,401.01305,498,2716
52665710,5.25,9200,71000232,161087.0179,620945.1197,161.4473,681,4155
52665233,5.2,7300,71000224,162181.6312,619321.5885,399.4142,575,3727
52665244,10.11,6520,71000222,160765.9863,619838.3714,521.2836912,477,2629
52665249,7.92,9200,71000211,160097.3533,619314.2855,229.33305,345,1546
53363413,33.61,9200,71000111,159182.0672,619941.9702,422.6567,272,1122
52667843,15.91,9200,71000221,160816.7109,620266.8177,516.24015,566,3199
52667563,6.11,5320,71000222,160966.5,619065,232.9464,447,2456
52667564,24.05,9200,71000311,159551.8345,618894.403,311.2145,365,2140
52667182,3.31,9200,71000123,158931.616,620475.7047,213.4225,456,2239
52667193,17.65,9200,71000414,160025.2561,622690.7236,551.2532,759,4550
52662611,12.33,5370,71000112,159493.9019,619864.8225,898.5334,405,2368
52664063,6.71,9200,71000424,160146.5439,621494.8286,151.2215654,749,4135
52664559,3.75,9200,71000242,159972.1771,618025.7025,124.8850556,389,2166
53362180,6.81,9200,71000242,160163.1184,617731.769,177.5970781,453,2656
52664569,8.68,9200,71000316,158678.6685,618721.8196,328.8292,234,903
52664572,9.6,9200,71000313,158630.2423,618141.4436,366.6463,386,1748
52665172,6.4,9200,71000122,158608.8753,620960.24,337.0219,611,4224
52663137,7.5,9200,71000122,158826.8539,621019.3576,468.80055,472,2615
52663143,7.01,9200,71000123,159257.8246,620910.0268,197.7332,467,2537
52666310,7.81,7300,71000224,162362.228,620378.7121,341.20155,720,5067
52667781,3.5,9200,71000111,159270.3038,620104.0329,339.40065,325,1312
52667104,4.3,9200,71000243,160163.7178,618319.429,385.84525,386,2256
52668582,7.6,9200,71000111,158910.5537,620173.7381,163.5571,362,1681
52673243,3.78,9200,71000123,159326.0427,620913.1692,316.529069,460,2505
52663552,6.24,9200,71000111,158769.7045,619854.8234,207.35855,297,1279
52663563,3.91,9200,71000242,160090.027,618009.68,146.3848635,419,2273
52664071,7.25,9200,71000424,159700.5637,621274.043,157.2942,554,3305
53362917,6.07,9200,71000325,157431.4829,618230.2247,169.9751745,535,3049
53362099,10,9200,71000242,160287.4353,617812.4485,185.487447,435,2594
52662954,5.28,9200,71000424,159720.25,621351,126.55,570,3385
52667728,8.6,9200,71000112,158154.6675,620182.978,329.0664,366,1978
52668250,12.6,9200,71000213,160151.5986,620029.1295,276.99505,395,2290
52666090,10,9200,71000123,159616.9897,620842.4678,239.3927,479,2729
53363458,4.23,9200,71000123,158851.07,620468.0429,406.8999735,442,2152
52668096,5.8,9200,71000123,158782.5945,620562.1503,272.7561,438,2152
52668099,8,9200,71000232,160683.9789,620645.4282,200.1474041,654,3345
52664469,7.4,9200,71000242,160022.5529,618082.4654,207.7633665,405,2238
52664534,5.22,9200,71000313,158891.2698,618172.0706,216.90885,322,1479
52664995,3.69,9200,71000325,157406.093,618146.6172,122.2999155,499,2567
53362907,3.31,9200,71000314,157986.8223,618142.6675,251.707,481,2310
52665006,9.47,9200,71000323,157558.03,618025.7721,205.135224,508,2586
53362041,5.4,9200,71000242,160832.4306,617665.0475,239.21625,579,3365
52663927,14.08,9200,71000114,158230.5889,619667.5158,430.449,305,1431
52667254,4.01,9200,71000213,160273.763,620180.3648,581.8799365,450,2535
53363271,3.98,9200,71000123,159217.0204,620853.5695,172.5398,463,2517
52669488,7.6,9200,71000111,158930.5,620181.81,281.9582,370,1701
52664920,5.62,9200,71000323,157593.2366,617954.9739,152.5456281,506,2442
53362991,5.24,9200,71000325,157453.9192,618076.9245,323.4769,489,2493
52665464,6.41,5305,71000242,160914.6125,617813.224,251.601583,536,3135
52663296,4.07,9200,71000122,158639.0481,621334.5671,246.0582,597,3222
53362391,8.2,9200,71000424,160109.7472,621590.7079,175.6023585,684,3936
53363299,5.12,9200,71000122,158627.5539,621121.1182,277.58485,532,2973
53363301,9.32,9200,71000112,158307.9474,620282.8458,166.67755,395,1924
53362693,14.84,9200,71000223,161240.5703,619541.9612,338.7322,569,3343
52668685,8.8,9200,71000211,160240.9034,619296.8487,209.1258886,355,1751
52666442,7,9200,71000325,157345.5273,618443.5024,182.5129141,445,2717
53363168,7.71,5521,71000211,159987.7724,619076.2248,474.11195,279,1215
52667042,15.88,6520,71000224,162806.5476,620568.9048,3391.12415,983,6444
52667043,18,9200,71000214,160030.7354,620073.8372,377.3006,372,2144
52668465,5.6,9200,71000232,160424.2844,620754.6612,114.165323,572,3045
52668466,4.35,5900,71000121,157578.3536,620084.2506,103.7203,457,2559
52666698,8.62,9200,71000211,160050.1854,619314.6242,275.571702,341,1517
52666705,9.82,9200,71000232,160363.317,620756.3759,351.96195,578,3048
52666219,8.4,7300,71000224,162130.0225,618968.4478,370.88165,572,3587
52664458,4.18,9200,71000242,159834.0643,618163.6226,126.435,338,1856
52665481,22.31,9200,71000314,158130.2029,618224.4834,416.9502,351,1704
52665532,9.98,9200,71000313,159053.359,618387.3433,174.585,294,1303
52665944,3.67,3505,71000314,158310.6364,618144.031,259.163579,426,1926
52665949,6.46,9200,71000242,160830.7018,617952.2496,310.6513443,506,3004
52662740,6.59999962,9200,71000243,160249.2044,618866.221,214.205698,361,1668
52663760,5.99,9200,71000242,160853.6141,617959.767,374.648501,500,2981
52663743,6.21,9200,71000232,160975.0615,621105.5924,86.926892,633,3714
52663747,5.97,9200,71000122,158611.4752,621297.3843,425.86805,584,3176
52668632,5.35,6520,71000224,161720.1917,619397.3232,508.8195,564,3637
52669622,9.51,9200,71000212,160010.6753,619397.46,181.161186,364,1663
52666373,3.3,5202,71000242,160742.2848,617818.9119,62.122,508,3016
53363158,14.93,9200,71000323,157853.3553,617932.4731,600.4801,549,2608
52666919,6.41,9200,71000111,158688.4149,620094.2382,218.1114,348,1640
52668470,7.7,9200,71000123,159237.7093,620841.75,298.299125,450,2472
53362659,6.6,9200,71000231,160332.326,620593.8435,147.8575,561,2904
52666225,5.82,9200,71000213,160424.5132,620159.2905,407.0988,460,2626
52666235,6.09,9200,71000232,160726.4005,620913.4345,193.5948559,655,3766
52666239,9.61,9200,71000123,159421.4019,620406.731,153.9759,360,2051
52665418,6.36,5600,71000314,158344.3893,618155.0033,369.5221,429,1946
52665971,2.86,9200,71000325,157389.6324,618158.255,55.55745,502,3126
52676022,6.45,3505,71000325,157448.7766,618329.0148,323.9926296,508,2902
66707129,23.7,6520,71000222,160856.1893,619023.9343,390.124938,325,1914
52675242,5.62,6520,71000224,161983.5346,619294.8255,1031.50895,593,3520
52677987,9.01,9200,71000242,160743.9481,617737.7941,180.3852363,509,3070
52677989,20,9200,71000122,159203.2336,621313.9128,1073.9452,509,3325
52677997,11.1,9200,71000423,159647.7941,621770.4353,283.1110607,653,3816
53364519,4.3,9200,71000242,160651.6078,617892.0107,280.6777862,500,2967
52679171,8.9,9200,71000423,159189.6206,621507.5532,321.3140297,622,3602
52676555,5.39,9200,71000211,160402.982,619373.7312,189.9086,356,1890
52676540,6.94,9200,71000316,159133,618776.06,383.752,309,1422
52676557,10.1,9200,71000232,160510.2005,621131.3729,443.5284,611,3404
52676542,6.13,9200,71000323,157653.2655,617739.1397,577.92715,520,2548
52676290,5.69,9200,71000242,160044.5883,618080.0708,142.6729,410,2260
53364792,26.07,9200,71000113,158944.2109,619484.9501,454.94915,149,467
52675246,12.2,9200,71000423,159031.6668,621929.1714,366.4094245,676,4068
52674719,10.86,6520,71000224,161613.2355,619503.1526,751.0736565,583,3631
52674726,8.21,9200,71000423,159694.5156,621929.6569,455.460035,656,3939
52678946,7.2,9200,71000426,160477.8122,621676.7354,150.3692778,725,3723
52678947,8.12,9200,71000424,159816.727,621674.2642,123.96055,710,3953
52678911,9.6,9200,71000426,160446.5107,621585.7646,150.343457,705,3627
52678405,27.59,9200,71000423,159827.6855,622066.0497,454.7299397,649,3878
52678529,6.8,9200,71000243,160209.1922,618690.524,114.78605,353,1601
52678530,4.07,9200,71000325,157523.957,618615.4247,217.5081934,365,2315
52676980,6.46,9200,71000242,159768.9276,618034.1504,201.0638284,340,1917
52676998,6.25,9200,71000122,158905.1837,621316.0044,291.5169,559,3760
52677902,9,9200,71000416,160684.1455,622299.7357,301.53955,878,4766
52675789,3.86,9200,71000243,160405.9979,618758.7232,688.2421,390,1846
52672715,8.1,9200,71000423,159668.3771,621755.7821,404.4689809,656,3836
52673669,6.18,9200,71000112,158492.1026,619626.9225,104.60115,334,1438
52676093,4,9200,71000232,160513.6086,621240.6076,220.2930435,606,3339
52676094,4.96,9200,71000122,158970.172,621327.1502,290.3875,555,3718
52676099,4.29,9200,71000316,158699.5283,618700.5936,343.13365,231,900
52676105,6.85,9200,71000242,159869.8154,617903.2135,174.156504,387,2338
52679890,4.96,9200,71000322,158051.5401,618676.7546,591.83695,383,1825
53365574,4.12,9200,71000243,160075.5833,618620.5083,330.5433742,316,1428
52680001,7.81,6520,71000222,160859.455,619594.75,382.2921,580,2949
53365598,6.21,6520,71000222,161070.8749,619280.9942,77.9649,491,2703
52680067,5.49,5330,71000113,159492.8533,619497.5128,313.7680375,269,1245
53365039,14.68,9200,71000424,159675.9649,621234.9422,340.64175,500,3081
52676504,6,9200,71000242,160885.5851,618235.3122,215.2414596,525,3059
52677830,9.41,9200,71000243,160718.5747,618751.7103,250.14005,481,2409
52677831,16.44,9200,71000212,160174.6897,619660.4452,1411.1152,400,2266
52678830,8,9200,71000426,160348.5592,621492.0242,219.7221188,698,3678
52675059,4.51,9200,71000325,157459.6469,618487.5138,188.1732,450,2660
53364867,8.39,6520,71000222,160688.4063,619445.511,328.20705,417,2291
52676109,4.82,9200,71000423,159482.7341,621404.5196,341.4070006,591,3352
52675594,6.4,9200,71000325,157677.9942,618862.7931,206.253,427,2288
52675601,3.98,9200,71000325,157798.5674,618947.4064,125.7795,426,2252
52675626,4.39,5710,71000321,158419.42,618849.435,148.7039,251,1084
52674802,7.81,9200,71000426,160306.3815,621640.9069,151.8751041,820,4699
52679834,4.61,9200,71000423,159282.1839,621785.7748,298.0081494,663,3831
52675807,9.31,5370,71000424,160168.9923,621471.514,145.144272,751,4149
52677880,8.6,9200,71000423,159278.8347,622241.3485,413.7433323,707,4492
52677841,8.47,9200,71000423,159624.2669,621771.4384,491.245423,648,3793
52677850,10.86,9200,71000314,157957.7964,618105.4901,447.16125,473,2284
52678759,7.57,9200,71000426,160488.1383,621887.1184,190.9821699,818,4530
52678340,5.5,9200,71000232,160572.6587,621160.5511,252.1712294,600,3347
52675736,9.06,5710,71000321,158502.0784,618841.3958,766.21175,291,1546
52675486,4.2,9200,71000243,160369.8338,618216.8853,413.2247975,431,2483
52675632,3.3,9200,71000316,158711.7113,618841.2446,463.4692957,212,812
52676173,6.64,9200,71000242,160339.25,617833.595,163.873,440,2587
52677141,14.41,9200,71000325,157656.9821,618236.5023,465.15,468,2341
53365092,6.91,9200,71000242,160044.427,618050.5461,137.8456293,410,2260
52677271,5.41,9200,71000243,160316.2206,618218.5764,409.84995,445,2530
52676883,5.91,9200,71000242,160317.9547,617913.9849,174.4093632,421,2526
52676907,7.9,9200,71000423,159379.2901,622244.07,400.664468,712,4368
53365136,7.91,9200,71000242,160131.4226,617668.4565,139.81675,458,2664
52678768,4.1,9200,71000313,158318.0447,617877.1207,529.7232199,454,2060
53364498,8.09,9200,71000325,157585.1406,618580.1022,301.7576125,479,2681
52674653,6.59,9200,71000242,160218.5985,617938.8574,158.0958113,406,2424
52674661,12.44,9200,71000314,158378.8072,618209.5675,214.8724579,431,2012
53365084,8.9,5320,71000222,160953.1203,619129.251,169.32035,439,2309
52676706,6.45,5521,71000325,157632.4532,618270.5007,308.89545,466,2321
52677397,7.36,9200,71000314,158418.606,618037.6795,283.3045375,550,2708
52677418,5.59,9200,71000323,157839.2321,617563.6816,641.1461724,554,2748
52677421,7.05,9200,71000243,160552.8714,618280.243,723.6752012,468,2732
52677785,12.95,9200,71000314,158120.3511,617843.0983,538.445,486,2349
53365192,8.31,9200,71000242,160464.4729,617694.379,231.0431877,569,3366
52677797,2.78,9200,71000313,158254.724,617771.6105,726.9688759,495,2323
52679287,7.28,5310,71000242,160156.3224,618135.0718,874.4050945,409,2313
52679290,8.8,6520,71000224,161623.826,619177.5886,713.986213,518,3216
52676669,7.66,9200,71000424,159678.6291,621298.7295,200.484,557,3324
52678704,10.6,9200,71000424,159760.7883,621339.1605,84.113,559,3339
52679679,16.71,9200,71000425,159807.7722,621149.0932,372.66665,604,3360
52679206,4.45,9200,71000112,158631.2751,619679.9811,229.5182,317,1365
52677069,8.16,9200,71000423,158873.7123,621672.4799,177.136,654,4270
53365067,7.25,9200,71000316,158695.2482,619016.9612,301.5687,164,578
53364975,7.51,9200,71000421,160137.5471,621703.964,175.0259059,715,3991
52673759,4.83,9200,71000322,158193.5609,618519.5641,117.9480498,329,1596
53364794,8.5,9200,71000211,160399.175,619276.4605,226.59535,360,1834
52675609,7.3,9200,71000242,160572.1072,618026.7219,302.7494307,456,2751
52675562,5.25,9200,71000211,160388.1453,619385.1747,202.52395,368,1902
52678255,4.21,6520,71000313,159219.2236,618278.4096,467.1917,323,1465
52678187,9.71,9200,71000112,158311.2627,620305.357,472.53775,424,1986
52676315,3.25,9200,71000242,160865.1479,617732.7505,102.5847,561,3222
52676321,7.5,9200,71000243,160369.71,618859.9286,305.9147,377,1788
53363683,5.6,9200,71000423,159048.8355,621678.3852,170.231308,647,3812
52675145,7.61,9200,71000242,160123.1244,617741.3928,240.619154,448,2613
52674611,4.28,9200,71000122,158577.7194,621111.3595,245.63685,552,3052
53364896,30.24,9200,71000311,159510.8291,618777.4219,390.2825,247,960
52676123,4.93,5710,71000321,158510.929,618940.3001,220.5839,208,872
52676129,9.92,9200,71000316,158978.0794,619019.4025,241.77535,222,951
52676139,6.91,9200,71000423,159416.2446,621427.9279,330.564,590,3366
52676142,3.88,9200,71000242,159863.2299,617753.1148,238.364107,418,2381
52679109,5.155,9200,71000111,158417.7216,620020.4508,277.0997457,389,1743
52679603,8.1,9200,71000243,160410.3963,618676.2761,380.2950725,377,1898
52677009,7.8,9200,71000243,160171.7903,618621.1517,200.4351588,330,1531
52677082,12.22,9200,71000314,157978.0286,617881.9751,518.2224,536,2531
52677023,11.44,9200,71000313,158612.125,618234.571,553.23995,350,1564
52677027,3.4,9200,71000243,160134.5854,618862.6265,71.05194701,351,1569
52673299,3.31,9200,71000316,158745.5522,618848.34,461.3700717,219,846
53363586,5.52,9200,71000122,158757.4522,621118.1694,204.5579,498,2774
52673678,7.97,9200,71000416,160598.5,622206.965,276.0449,907,4833
52674627,25.78,9200,71000415,160063.8261,622547.2475,516.76125,827,4725
52673818,9.6,9200,71000423,159634.5519,622123.3749,335.547208,666,4042
52673840,7.71,9200,71000423,159506.5258,622199.5568,489.7407078,687,4192
52675643,9.91,9200,71000311,159418.5787,618776.5836,381.7706,224,870
53364810,6.53,5710,71000321,158357.4917,618923.6308,1501.6955,238,1009
52675647,3.89,9200,71000243,160943.0618,618792.6694,146.5477,498,2552
52677968,6.74,9200,71000424,159745.8874,621584.3747,211.6941747,715,4068
53365221,13.61,9200,71000323,157812.4428,617955.0651,513.9454,447,2190
52678430,6.5,9200,71000426,160318.2392,621412.6264,148.9797708,667,3979
52678510,6.6,9200,71000423,159336.7655,621503.2181,243.2777634,605,3468
52678432,8.91,9200,71000426,160477.764,621588.7712,204.842806,708,3640
52678435,6.24,9200,71000424,159834.4065,621671.8929,167.244893,661,3825
53364437,9,9200,71000424,160143.1961,621401.2509,188.2746,746,4194
52678448,6.85,9200,71000424,159744.632,621409.2449,133.5874865,581,3458
52679557,7.57,6520,71000222,160716.205,619587.06,374.86,457,2348
52677941,5.55,6520,71000224,161902.63,619018.7595,491.197251,516,3224
52672323,3.79,5900,71000121,157443.1676,619768.6049,583.64975,468,2601
52675750,3.59,9200,71000322,157845.7699,618149.3683,214.453176,423,2104
52678943,6.645,9200,71000423,159439.1147,621423.4244,187.4595109,589,3341
52678451,4.51,5305,71000423,159491.1031,621316.0526,333.3037479,631,3467
52679840,8.31,9200,71000426,160323.5752,621686.214,130.6778747,813,4650
52679880,4.8,9200,71000122,159003.528,621261.502,320.4581925,565,3048
53365560,4.71,9200,71000242,160838.7788,617689.1994,141.9661,580,3369
52679881,6.43,9200,71000423,158873.382,621784.1341,150.525,635,4232
52679976,5.85,5310,71000311,159455.7198,618608.3972,609.85595,245,1051
52680043,7.8,9200,71000211,160178.7796,619374.7025,235.0926,356,1772
52678361,4.78,9200,71000242,160830.1628,617843.6488,247.2852139,545,3157
53365543,9.02,9200,71000423,159291.5518,621585.0365,377.2331107,634,3638
52679763,9,9200,71000423,159300.3036,622167.2621,262.0382125,689,4389
66705520,3.75,5305,71000316,158618.7422,618777.7034,188.46395,94,555
52675092,7.94,9200,71000416,160659.1195,622129.6206,299.9774187,906,5006
53364642,8.6,9200,71000242,160071.4681,617805.2219,144.894975,421,2404
52674677,7.1,9200,71000242,160431.2915,617699.0233,134.113,571,3374
52674703,5.99,9200,71000242,160500.9626,617793.3666,966.9237589,512,3029
53365476,11.14,9200,71000315,158630.0106,618392.9703,189.904,332,1612
52679397,5.21,9200,71000325,157713.429,618984.5748,169.1181,399,2101
52676827,6.25,9200,71000424,159692.6109,621454.5256,179.3594443,585,3528
52679985,3.89,9200,71000322,157713.7466,618320.9966,94.14636049,434,2518
52676839,5.35,9200,71000122,158451.7175,621167.6511,317.8662,629,4294
52676844,4.94,9200,71000112,158426.9593,619667.883,215.0888,335,1462
52679297,8.01,9200,71000423,159698.0947,621867.094,432.1749381,659,3961
52679299,3.83,9200,71000423,159494.5049,621665.9733,349.4384123,616,3567
52676063,4.09,9200,71000316,158637.0605,619036.5809,62.08515,224,966
52679808,7.21,9200,71000426,160256.4424,621500.4406,174.9091,715,3816
52679812,28.33,9200,71000424,159838.1853,621490.6629,540.5985809,703,3953
52677247,4.6,9200,71000242,160901.0474,618264.8855,344.1198881,539,2945
52676858,6.84,6520,71000222,160923.6513,619505.3219,700.635557,445,2495
52676862,4.9,7300,71000224,162187.964,618959.3095,367.155,574,3599
53365105,6.01,9200,71000323,157787.1784,617405.5751,577.477035,655,3454
52677298,8.85,9200,71000243,160097.503,618665.8863,349.0469505,323,1457
52677875,4.66,9200,71000211,160386.4372,619353.2545,236.4943,354,1864
52675163,6.11,9200,71000242,160048.5563,617813.0821,150.8691061,405,2380
52675569,12.55,9200,71000313,158026.6981,617747.6646,388.60495,523,2449
52675617,5.6,6520,71000222,161071.8057,619506.7764,1115.521175,469,2639
53364800,7.8,9200,71000122,158879.5354,621331.0932,212.42605,563,3765
52675580,5.44,9200,71000325,157614.1727,618774.3646,154.55145,427,2308
53364802,7.31,9200,71000426,160530.4609,621900.3631,340.5254953,818,4503
53365468,6.6,9200,71000423,159592.2643,621488.9417,336.687668,628,3565
52677124,16.4,6520,71000223,161468.5205,619230.9839,1417.781007,535,3388
52676744,11.15,9200,71000314,158033.4297,618097.271,649.7475,474,2299
52677448,7.6,9200,71000323,157641.2314,617766.7927,623.54295,520,2541
53365133,6.42,9200,71000424,159723.4858,621447.4539,168.6045365,582,3476
52678730,3.93,9200,71000242,159999.3388,617993.3337,158.80355,397,2194
52678735,18.81,9200,71000323,157984.049,617563.5172,1070.6456,656,3465
52679702,8.3,9200,71000122,158734.7646,621269.9528,346.2379,570,3160
52676331,3.33,5310,71000316,158915.697,619041.7012,326.49555,233,1016
52674226,1.87666667,9200,71000211,160186.1141,619130.4751,355.6497118,347,1670
52675619,8.43,5521,71000424,159636.7397,621320.6814,185.1715,562,3383
52676151,9.31,9200,71000426,160516.7311,621692.2083,193.365,780,4167
52676220,22.79,9200,71000212,160008.1217,619598.6875,988.82985,383,2368
52677651,23.48,9200,71000313,158048.0577,617716.2864,401.5449,521,2435
52677760,5.08,6520,71000212,160623.9214,619586.5102,285.70095,439,2373
52678232,28.28,9200,71000114,158210.324,619573.0134,583.74775,380,2374
52681691,9.52,9200,71000423,159374.3749,621824.6711,331.740994,671,3885
52674228,3.32,5900,71000121,157487.5414,619784.62,328.5095,472,2629
52674244,4.02,9200,71000242,160744.0415,618221.1506,270.3051005,464,2785
52676006,7.51,9200,71000243,160873.3594,618709.5427,177.856,477,2451
52676009,8.91,6520,71000224,161810.4012,619542.4501,612.5994,588,3730
53364876,9.7,9200,71000423,159586.1584,622212.8969,127.7578684,694,4221
52674369,6.4,9200,71000223,161458.8546,619399.3907,209.50045,546,3557
52675685,7.21,9200,71000423,159616.0541,621658.9046,395.48895,639,3656
53364479,4.71,7300,71000212,160583.5719,619355.1131,358.07125,396,2171
52678674,4.39,9200,71000242,159964.9153,617995.6003,173.539326,387,2161
52677044,6.31,6520,71000224,162082.1965,619372.5001,272.7249,617,3617
52648176,18.11,9200,71000114,158159.6509,619941.2033,169.02635,334,1694
52651912,5.61,5300,71000322,158044.7963,618448.1939,1510.750002,412,1964
52651974,6.23,9200,71000123,158942.3964,620714.0924,172.64905,475,2472
52651543,8.5,9200,71000112,158208.4127,620166.8874,199.9073,377,2022
53359414,8.3,9200,71000232,160336.5209,620843.7537,96.39927411,601,3146
52650297,7.41,5900,71000121,158143.6406,620463.6174,79.82244501,370,2315
52650424,7.71,9200,71000232,160775.9691,620566.4821,153.7647705,681,3463
53360326,9.2,5521,71000231,160433.8661,620573.9846,297.29825,630,3196
52647398,6.7,9200,71000243,160144.3984,618256.905,269.77015,373,2184
53359882,8.8,9200,71000242,160768.8629,617650.1386,287.498858,541,3200
52652458,4.3,9200,71000123,159180.6476,620936.8005,65.14432699,482,2663
52652429,7.09,9200,71000123,159402.7172,620828.356,169.3290641,476,2631
52650367,14.48,5340,71000112,158642.9847,619539.9674,367.7325,350,1537
52650375,6.3,9200,71000122,158576.8394,620487.6601,385.3473,489,2388
53360549,5.2,9200,71000232,160424.8899,620852.3953,225.4516,594,3146
52650430,5.27,9200,71000123,159469.6332,620471.2313,305.1687,361,2009
52650431,8.61,9200,71000111,158745.281,620180.1596,143.3675,337,1598
52651813,9.1,9200,71000112,158290.7934,620283.4532,179.5804,399,1941
52650534,6.05,9200,71000122,158803.512,620942.6903,338.431,483,2539
52648072,6.57,9200,71000325,157566.05,618746.5,160.43,449,2403
52652864,6.71,9200,71000231,160245.6993,620592.4281,134.215,540,2786
53360758,4.95,9200,71000111,158839.0943,620086.4405,236.007,330,1503
52651333,5.3,9200,71000212,160320.5,619428.25,163.67,357,1828
52651872,7.41,9200,71000232,160772.8186,620746.0922,191.2771545,691,3539
52651825,8.4,9200,71000123,159563.4045,620475.8112,153.9909,364,2003
52656269,8.01,9200,71000123,159094.4973,620951.9616,170.92705,529,2941
52648364,8.57,9200,71000314,158353.7956,618278.7442,401.367425,404,1830
52648365,3.3,9200,71000323,157770.5782,617572.9087,679.01925,555,2722
52648486,4.35,9200,71000323,157749.7021,617484.0874,653.950439,654,3449
52648489,14.25,9200,71000323,157686.4193,617935.321,287.4801,473,2315
52653388,4.11,9200,71000232,160392.385,620806.0187,168.8584,585,3085
52651290,24.99,9200,71000211,160027.6025,619180.4042,431.93895,320,1439
52651340,4.7,9200,71000122,158718.2889,620641.2173,399.5332,412,2178
52651350,10.11,9200,71000212,160038.3553,619429.6108,204.4385875,373,1708
53360475,8.99,5521,71000223,161289.5781,619425.0106,135.766,529,2956
53361275,5.755,9200,71000232,160704.6044,620716.358,198.2528628,669,3432
52649916,4.71,9200,71000232,160657.55,620834.465,196.695,658,3781
52649923,38.24,9200,71000121,158064.3332,620812.0513,1014.588819,501,3172
52652234,8.11,9200,71000211,160403.4483,619312.6228,261.3225,352,1844
52652745,4.9,9200,71000212,160354.8951,619428.3912,147.53885,360,1860
53360727,6.9,5710,71000321,158254.455,619179.785,178.9271,363,1715
52652756,7.4,6520,71000222,160980.7088,619323.4674,153.0402,506,2777
66702750,6.38,6840,71000231,160839.2888,620411.3401,154.89465,379,2231
52657218,8,9200,71000123,159680.8948,620713.6449,185.9119093,459,2535
52657236,3.57,5710,71000321,158386.6534,619119.7488,243.8407,237,832
53359256,7.1,9200,71000123,159375.56,620661.0266,170.369399,399,2182
52653031,6.54,9200,71000425,159930.5669,620935.8349,213.3116817,540,3400
52653034,6.605,9200,71000231,160138.5455,620576.4244,650.0611572,544,2771
52653657,8.22,9200,71000112,158350.8975,620300.6543,160.92355,403,1938
52653666,3.7,9200,71000123,158818.6574,620397.0324,453.4217,422,2033
52653672,4.26,9200,71000123,159025.0708,620391.3061,281.596,393,2104
52650789,4.04,9200,71000123,158817.3039,620572.6187,306.8864,456,2230
52650831,4.81,9200,71000112,158750.4006,619733.0579,249.80485,291,1213
52650833,5.52,9200,71000232,160652.1765,620862.8703,154.6928,658,3781
52650859,6.71,9200,71000123,159377.425,620585.4576,86.04159999,404,2195
52653931,6.3,9200,71000123,158785.205,620661.5,95.39000001,422,2228
52653990,6.51,9200,71000123,158825.3801,620745.288,168.519,444,2360
52654449,7.9,9200,71000123,159290.1756,620831.9146,264.94335,440,2413
52653158,5.945,9200,71000232,160653.4012,620594.753,160.6837071,670,3384
52653166,1.72,5900,71000121,157646.9132,620035.6239,143.9625,443,2490
53360896,8.11,5370,71000423,159099.447,621904.245,302.973624,661,4045
52654280,4.35,9200,71000122,158600.0329,620581.0727,282.2309411,453,2277
53359631,3.84,5710,71000321,158419.0952,618824.3858,106.57305,266,1140
53360181,9.32,9200,71000112,158276.9952,620199.0339,261.1958,383,1840
52654550,3.17,9200,71000314,158584.8237,618297.4713,70.67770001,344,1539
53360182,9.305,9200,71000212,160031.7025,619390.28,171.8825628,325,1546
52654586,7.01,6520,71000222,160886.2805,619656.8381,955.1357,564,2893
52657806,3.92,9200,71000242,160642.7689,618035.3107,91.98272734,462,2742
52651953,6.7,9200,71000231,160888.8472,620711.9953,188.4413,699,4107
53360666,8.8,9200,71000123,159545.0082,620484.1163,175.1503,371,2023
52651056,5.3,9200,71000425,159837.0653,621041.2145,162.3024435,559,3404
52650384,8.59,9200,71000123,159404.235,620656.3042,171.30015,422,2260
53359429,6.22,9200,71000123,159351.4193,620580.6555,208.9696,385,2098
53360416,6.6,5370,71000123,158983.3174,620840.1151,419.36685,502,2601
52648080,31.73,9200,71000311,159461.4459,618892.5516,371.6899,242,922
52652412,8.74,6600,71000232,160602.1076,620708.6851,401.83195,680,3479
52652417,4.97,9200,71000232,160461.1172,620721.6658,81.10036643,589,3116
52652870,7.55,9200,71000123,159327.4049,620808.9622,310.377012,437,2385
52651186,18.285,9200,71000415,160099.9409,622780.2062,353.2758136,804,4844
52651856,7.6,9200,71000122,158434.7038,620368.725,157.6366,556,3007
52654874,10,9200,71000123,159030.8523,621027.5529,238.58355,498,2713
52648377,18.9,9200,71000231,160563.862,620379.8199,433.7003405,619,3121
52648943,7.5,9200,71000242,160088.8994,617869.9173,188.339705,397,2310
52648984,6.76,9200,71000212,159929.5835,619272.0417,137.133889,307,1394
53360063,6.07,9200,71000242,159887.3962,617722.0721,226.2477341,417,2369
52652890,6.91,9200,71000232,160776.9524,620666.5962,161.02815,684,3467
52652900,5.1,9200,71000231,160630.3851,620498.0808,288.0896729,669,3478
52651365,5.445,9200,71000231,160927.8859,620573.2124,200.0750898,664,3446
52653313,10.2,6512,71000224,162678.8549,620477.3912,18261.70955,866,5988
52656296,3.86,9200,71000232,161059.9519,620812.2671,166.1383374,677,4205
52656297,9.91,9200,71000123,158907.7248,620560.666,261.99495,464,2258
52648266,13.04,9200,71000122,158524.5968,620707.8899,543.195,481,2564
52648434,13.19,9200,71000316,158646.6746,618795.2502,599.0597139,254,998
52649047,6.2,9200,71000243,160913.8774,618831.4737,140.5969594,508,2589
52649521,5.42,9200,71000323,157800.3086,617553.4299,443.016,553,2739
52651314,4.49,9200,71000112,158343.0524,619621.4331,223.824471,269,1251
53360468,5,9200,71000212,160245.6476,619423.7862,220.37895,345,1751
52652692,5.2,9200,71000212,160194.5201,619419.0908,169.18935,341,1699
52652761,6.6,9200,71000212,159962.9671,619312.3624,151.8003152,313,1443
52653324,5.53,6520,71000242,160885.1357,618403.3557,409.031,526,2873
53360833,13.65,9200,71000314,158059.1736,617818.6545,353.77755,474,2289
52649760,5.4,9200,71000123,159279.2634,620723.1533,182.2675,442,2423
52649885,5.205,9200,71000232,160648.1732,620950.8914,181.2366415,639,3681
52649894,8,9200,71000232,160413.6419,620744.0989,162.8706625,577,3042
52649393,6.58,9200,71000232,160666.5548,620646.7909,136.7734288,652,3329
52649535,4.56,6520,71000313,158958.6614,618269.8672,52.72995,312,1394
52652966,3.39,9200,71000231,160922.6956,620663.9707,67.5792,701,4151
52653002,8.89,9200,71000123,159246.0679,620937.3204,373.25125,478,2629
52653061,6.8,9200,71000123,158764.8074,620461.5108,188.88845,427,2046
52652697,15.03,9200,71000112,158645.2006,619619.526,367.2961,364,1617
52652257,2.73,6520,71000212,160598.7381,619332.5501,72.05009999,366,2042
52652262,4.2,9200,71000212,160279.0997,619426.603,182.3,349,1784
53360640,7.99,9200,71000316,159197.9911,618899.9299,357.076,196,804
52656777,9,9200,71000123,159218.0692,620592.1027,342.8416,403,2143
52650773,9.3,9200,71000232,160615.8894,620576.75,267.08935,673,3407
52653075,3.95,9200,71000232,160718.3488,620577.6891,197.6457606,678,3438
52653134,7.3,9200,71000213,160526.0103,620110.7304,339.6067,477,2688
52652280,4.7,6520,71000222,160943.1437,619186.4706,149.47005,467,2391
52653697,14.35,9200,71000414,159863.5382,622352.8167,501.3457,763,4599
52656778,6.11,9200,71000232,160499.4248,620918.461,140.43172,604,3424
52649199,7.41,9200,71000123,159403.3675,620639.8568,157.7973655,421,2252
52650782,10.3,9200,71000112,158190.8645,620046.8846,284.9675,367,1877
52650865,7.71,9200,71000123,159124.4106,620576.0822,300.9454,413,2201
53360388,11.5,6520,71000224,162377.7236,619697.2153,5989.69545,611,4273
53360389,8.44,9200,71000112,158325.1721,620281.9113,201.02035,397,1915
52654480,8.5,9200,71000122,158238.0749,620391.4587,112.99535,459,2783
52653138,8,9200,71000122,158492.4393,620395.8585,117.00245,554,3006
52654577,7.5,9200,71000123,159569.5761,620643.9762,185.0449,467,2441
52653173,7.61,9200,71000211,160064.6981,619270.9474,230.35885,336,1493
52653185,4.94,9200,71000122,158722.2998,621117.7629,257.1476,590,4029
52658223,13.89,9200,71000425,160045.8284,620908.0372,205.88705,529,2968
53360392,4.97,9200,71000231,160297.8543,620573.8723,71.47645,553,2846
52651478,6.96,9200,71000123,159027.6955,620952.3824,230.9184,512,2734
53360501,6.41,6520,71000222,160912.1687,619317.8416,698.12655,510,2807
52651482,3.57,9200,71000122,158576.6034,620586.8549,354.4948,459,2298
52651483,5.9,9200,71000111,158485.8162,620078.6229,203.80455,474,2126
52654599,6.61,9200,71000111,158921.787,620030.9236,246.3614375,337,1530
52654709,6.37,9200,71000122,158743.2264,620902.5486,319.936,485,2538
52654719,6,5305,71000231,160461.2049,620587.551,402.820281,586,3156
52687891,8.31,9200,71000316,159155.895,618812.1809,360.5326,316,1465
52689272,5.51,9200,71000423,159501.601,621395.7575,383.20395,566,3271
52689274,21.57,9200,71000311,159282.428,618371.8256,232.9526,311,1428
53366182,12.7,9200,71000314,157940.6931,617915.2392,568.9311,464,2232
52688284,3.63,9200,71000242,160002.0471,617776.4654,183.2240421,415,2431
53368185,6.09,9200,71000325,157621.7532,618831.6652,114.69105,407,2232
52694690,7.3,9200,71000242,160062.8753,618105.0133,177.393,428,2345
52692579,3.31,5710,71000321,158515.93,619096.235,272.1044872,195,695
52691872,12.75,9200,71000313,158182.7283,617829.23,487.1006,447,2153
52692703,6.85,9200,71000212,159916.636,619239.0659,125.3856894,304,1368
52692739,10.61,9200,71000122,158790.1265,621299.6125,244.9774,541,3155
52690331,19.24,9200,71000211,159925.65,619075.035,341.145,276,1201
52690332,5.82,9200,71000316,158757.8854,618981.1821,357.843754,169,572
52690335,15.2,9200,71000223,161315.6122,619505.1471,285.6124,515,2911
52692016,7.89,9200,71000242,160240.004,617797.1989,192.8979,441,2628
53367728,13.97,9200,71000323,157843.9492,617876.6992,391.90855,477,2309
52692074,21.19,9200,71000323,157777.8094,618076.3857,372.9517,406,2037
53367116,25.31,6520,71000222,160801.1,619103.905,292.644,387,2046
52694886,10,9200,71000325,157767.4615,618829.0245,320.9204,436,2336
52695604,3.3,9200,71000314,158446.2457,618323.8272,317.1618,363,1675
52692320,10.1,9200,71000211,159918.0016,619119.1829,765.137,294,1288
53368081,6.26,9200,71000316,159042.1238,618621.377,95.67957811,298,1262
52693180,14.52,9200,71000325,157727.2757,618616.9646,664.64445,513,2729
52688861,21.19,9200,71000214,160067.4963,620393.707,382.593,455,2420
52691438,6,9200,71000242,160401.8628,617988.4425,334.8928377,471,2889
52692027,9.99,9200,71000313,158713.4353,618127.9776,267.1089,345,1651
52692032,5.1,9200,71000242,160218.6467,617996.6265,221.0477482,460,2515
52692087,5.45,9200,71000242,159943.4517,617859.9797,200.7847088,386,2216
52694903,6.02,9200,71000122,159075.9908,621197.5074,230.6927,521,2896
52694908,7.08,5521,71000321,158418.0025,618671.493,275.98085,280,1359
52691818,7.66,6520,71000224,161877.1471,619462.8557,576.34545,546,3573
52692401,11.2,9200,71000423,159596.7643,621674.3212,262.455456,635,3633
52692402,7.7,9200,71000426,160382.3576,621587.0672,173.3274324,705,3674
52694506,8.8,9200,71000243,160653.5171,618692.2706,202.0844975,431,2282
52688036,3.13,6520,71000243,160484.4502,618572.5458,236.062058,400,1937
52691459,10.42,9200,71000314,158318.7258,618099.0905,872.8835,428,1944
53367623,8.91,6520,71000242,160229.9666,617781.7276,143.9235321,444,2649
53367801,12.39,9200,71000313,158295.9166,617698.4373,410.54385,487,2295
52693094,9.8,9200,71000426,160451.6084,621602.0078,116.8825,708,3644
52693109,8.11,9200,71000242,160124.444,617865.7531,182.582909,402,2335
52693116,3.49,9200,71000323,157548.0303,617910.3305,150.8425,531,2678
52694527,9.29,6520,71000243,160696.6807,618352.0572,458.28625,485,2837
52694954,10.51,6530,71000222,160845.85,619241.5,345.277,442,2284
52694959,10.65,6535,71000113,158982.8971,619365.3324,863.21855,106,303
52694963,3.4,5710,71000321,158474.3429,619005.7799,832.0129585,276,1168
52692745,7.1,9200,71000424,160079.0009,621458.5154,267.8693892,728,4103
52690229,3.3,9200,71000325,157647.3955,618868.0436,138.6456,409,2222
52688042,7.39,9200,71000122,158672.3517,621138.6548,254.72765,524,2955
52688553,8.62,9200,71000112,158167.4995,620036.6076,352.6062278,331,1726
52692845,5.25,9200,71000242,160867.6997,617790.7077,139.7115,548,3168
53367762,24.71,9200,71000222,160648.0839,619215.5787,417.065,352,1955
52693634,11.22,9200,71000315,158596,618365.5,237.898,336,1628
52693643,5.11,9200,71000243,160036.6088,618695.7411,285.90085,306,1352
52689699,4.47,9200,71000123,159067.3862,620308.5539,287.7153269,388,2087
52689714,8.2,9200,71000242,160755.341,617775.9966,172.7305627,499,3026
52691132,4.76,9200,71000242,160004.1532,617792.9721,193.6361085,412,2414
52691134,7.31,9200,71000323,157884.6216,617635.4771,553.18615,568,2782
52686975,3.3,5305,71000322,157786.0938,618361.1906,226.962687,470,2322
53366824,5.65,9200,71000424,159794.6763,621471.6019,201.969128,590,3492
52686980,9.5,9200,71000424,159747.2216,621280.4866,96.0814,551,3279
53366222,19.7,9200,71000311,159350.3635,618657.3811,402.31945,228,954
52688438,9.96,9200,71000416,160624.6648,622279.2399,311.3633,900,4774
52688443,5,5305,71000243,160566.0044,618674.4978,148.2692341,449,2344
52688497,3.86,9200,71000242,160218.4178,617768.851,174.5338037,446,2665
52689606,5.33,9200,71000112,158387.7302,619849.0272,291.3038834,313,1420
53367000,30.69,9200,71000323,157808.2835,618057.9254,429.9545,471,2273
52693744,5.21,9200,71000242,160376.5223,617977.8174,422.8952344,475,2915
53367167,7.38,9200,71000314,158301,618182.785,297.713,426,1926
52692207,6.91,9200,71000423,159120.0747,622165.0922,326.9226197,720,5311
52691751,4.13,9200,71000112,158400.9428,619647.8286,190.0196,335,1461
52691754,5.6,9200,71000325,157495.4216,618502.3624,194.9594355,375,2351
52692637,6.04,9200,71000114,158308.828,619549.4319,1203.44025,262,1200
52692644,9.63,9200,71000314,158447.222,618096.0107,461.1778999,425,1942
52694079,8.6,9200,71000122,158808.9379,621109.1882,310.8196,513,2838
52694528,19.98,9200,71000424,159899.1412,621386.8097,711.21665,583,3455
52690629,6.05,9200,71000242,160080.3482,617641.0499,207.8685,429,2610
52691192,10.11,9200,71000423,159451.4251,622236.2622,386.6359721,698,4262
52686922,5.48,5312,71000424,159901.193,621288.2379,433.1687,599,3626
52686923,3.79999924,9200,71000243,160300.6377,618811.6712,73.39044814,374,1759
52686999,5,9200,71000242,160245.0779,618022.1485,396.03145,455,2491
52688374,4.06,1000,71000315,158555.8733,618368.4276,268.3966993,338,1637
52691035,7.09,9200,71000242,160798.8469,617855.7084,385.227027,483,2943
52691087,7.5,9200,71000242,160234.9266,617933.2967,123.7923,409,2439
53367546,7.51,9200,71000242,160252.865,617862.7633,164.9703901,442,2479
52691043,7.5,9200,71000242,160130.0622,617721.0575,170.58895,449,2616
52693199,3.3,9200,71000323,157824.7655,617416.9148,630.0539501,655,3454
52693200,16.96,5253,71000316,158898.9528,619080.5673,657.78255,118,374
52693205,6.5,9200,71000423,159101.5619,621873.1021,158.9416873,661,4015
52693328,6.01,9200,71000243,160420.0308,618181.8318,338.9675,427,2449
52694798,6.95,9200,71000323,157917.4524,617415.1029,102.18145,606,3249
52690782,3.89,9200,71000242,159979.9186,617786.5833,270.315461,405,2301
52691681,9.37,6520,71000224,161844.6963,619436.8366,541.1343,541,3542
52693560,6.74,9200,71000316,158670.7945,618693.8547,220.0874,334,1544
53367706,3.31,9200,71000323,157777.7935,617944.2617,72.93753773,459,2233
52693677,7.61,9200,71000426,160276.0504,621547.1609,140.8337779,703,3725
52688272,6.61,9200,71000424,160213.6258,621561.5621,181.0941896,715,3791
52686929,25,9200,71000325,157807.6229,618734.9305,364.5325,401,2211
52686931,5.5,9200,71000323,157494.4838,618016.7057,201.6461299,498,2522
52686938,8.61,9200,71000243,160415.0091,618827.0389,221.9122,384,1832
52688365,4.19,5305,71000313,158824.217,618094.4235,885.9959,366,1742
52688394,11.13,9200,71000313,158921.1297,618354.8963,420.312,292,1272
52688399,5.63,5300,71000322,158086.7142,618434.7062,1189.19045,422,1993
52687901,8.41,9200,71000243,160393.1781,618826.4193,182.51935,380,1811
53366128,5.59,9200,71000424,159659.1664,621284.4133,136.43065,558,3353
53366129,16.4,9200,71000311,159077.8729,618591.3589,251.0160925,250,1074
52689375,8.72,9200,71000313,158953.6367,618434.3368,448.44265,257,1143
52689383,29.38,9200,71000311,159373.968,618426.3804,398.6276821,334,1549
52689390,4.24,9200,71000325,157775.2957,618979.658,185.8825675,410,2152
52689447,7.5,5320,71000222,160951.8526,619081.3454,81.29595,423,2269
52689527,17.7,9200,71000114,158066.7549,620013.0074,307.57815,355,1804
52691049,6.04,9200,71000242,159909.0276,617791.5302,255.8567163,399,2286
52690549,5.43,5521,71000314,158139.1805,618014.251,225.8725,549,2671
52690550,11.73,9200,71000314,157926.9547,618002.0014,660.6729,444,2160
52690554,12.05,9200,71000313,158137.1571,617696.3468,541.2715,485,2355
53368176,6.08,9200,71000423,158920.2559,621793.365,145.400354,615,4091
52694666,5.654999925,5521,71000243,160807.7969,618689.5604,144.2355982,484,2393
52691619,17.66,9200,71000314,158080.2543,617876.6377,1222.41165,533,2555
53368070,4.65,5305,71000323,157709.0012,618092.8862,244.97575,478,2343
52693668,8.6,9200,71000421,160266.8417,621670.4506,160.3796145,728,3873
52694559,14.75615385,9200,71000211,160235.0056,619088.4943,484.6234247,327,1535
52694568,6.01,9200,71000211,160001.9108,619252.1081,242.3656405,324,1438
53368254,8.95,9200,71000423,159203.6977,622222.8162,178.0790285,700,4428
53366106,4.54,9200,71000242,159859.1847,618105.7773,155.4736691,389,2203
52688321,5.21,9200,71000243,160230.9834,618522.7458,282.7478603,341,1616
52688368,3.76,5521,71000316,158951.1715,618843.5391,186.0543,241,982
52687926,6.5,9200,71000243,160349.8564,618733.618,304.4046,365,1753
53366119,6.04,9200,71000122,158826.9434,621206.2586,127.3929,517,2886
53367241,4.76,5710,71000321,158099.4456,618979.8254,142.39005,396,1869
53367463,7.44,9200,71000242,160552.4724,617750.1132,480.2000007,495,3054
52694727,8.91,5340,71000243,160381.6832,618615.3473,166.026057,371,1822
52691635,6.68,9200,71000242,159905.5005,618062.8878,183.648938,381,2150
52693541,7.27,5710,71000321,158420.3591,618993.9691,677.136497,241,1024
52693542,14.6,9200,71000112,158954.9796,619575.1812,387.0733,267,1089
52693493,14.03,9200,71000311,159139.84,618623.2104,341.4477413,225,949
53368173,11.87,9200,71000314,158087.8933,618111.0895,801.431,602,2816
52689198,29.26,9200,71000321,157974.6237,618962.0246,535.8935,435,2298
52689203,10.2,9200,71000313,158720.0099,618046.0489,273.94835,368,1753
53366120,5.38,6520,71000224,161556.2007,619380.2516,158.569,551,3504
52690932,6.7,9200,71000242,160110.9447,617886.0222,189.8695,397,2311
52695051,2.02,9200,71000415,160000.8935,622366.2703,490.9146931,844,4729
52691978,8.89,9200,71000242,160780.8389,617711.6069,167.48445,597,3431
52694910,6.6,9200,71000243,160157.6263,618830.2293,276.06185,334,1533
52694915,8.1,9200,71000243,160180.9464,618815.815,215.9903,337,1560
52696451,4.8,9200,71000243,160690.2982,618694.143,235.68815,467,2357
52697356,35.84,9200,71000111,159175.1903,620106.156,372.08215,320,1251
52689268,7.11,9200,71000122,158499.6983,621207.31,107.0501,567,3124
52688817,3.43,5740,71000316,159215.9206,618887.0868,122.01995,190,696
52690869,9.65,9200,71000316,158986.3543,619051.0953,430.6643,233,978
52690885,3.79,9200,71000242,160858.7948,617889.9794,211.7494777,531,3098
52690886,9.66,9200,71000325,157778.2164,618852.1414,307.965,434,2273
52691374,9.81,6520,71000222,160925.4253,619268.5111,246.467233,503,2500
52691990,6.5,9200,71000242,160799.4607,617704.9151,288.5837356,592,3411
52691466,6.26,9200,71000242,160326.25,617802.75,238.175,448,2644
52693168,26.37,9200,71000424,159876.3466,621479.4483,533.758717,708,3958
52694856,10.88,9200,71000325,157756.5552,618747.2701,283.4328,462,2507
52694860,6.29,9200,71000242,159916.0351,618049.9848,148.4268015,379,2130
52691922,8.1,9200,71000426,160222.2676,621404.6282,124.81395,731,3918
52695511,5.71,6520,71000222,160890.0363,619240.532,313.6897598,485,2461
52695516,3.3,9200,71000123,159109.4337,620395.682,358.08325,378,2041
52696482,44.7,9200,71000215,159740.602,619517.3793,699.917,361,2057
52690185,8.9,9200,71000111,158396.3167,620198.629,285.3750695,429,1922
52690193,9.91,9200,71000112,158122.3022,620291.5023,284.101,378,2035
52690254,5.87,5710,71000321,158211.5014,619146.2927,192.12195,357,1673
52693069,5.44,9200,71000323,157516.6997,618062.612,156.69985,498,2522
52693136,11.57,6600,71000314,158036.62,617932.3181,814.815176,534,2561
52693137,5.4,9200,71000242,159963.4183,618051.683,132.058449,384,2159
52692275,6.07,9200,71000325,157725.918,618960.3663,206.8455735,399,2104
52696010,10.7,9200,71000313,158721.1246,618079.2302,577.6111501,370,1761
52689790,17.76,9200,71000111,159254.6244,619990.8317,1569.26336,299,1206
52689726,14.4,9200,71000221,161014.8056,619940.9409,495.0626,515,2950
52690268,11.1,9200,71000316,158802.6203,619139.7958,873.178075,122,384
52690269,7.91,9200,71000242,160049.753,617990.3579,214.2820605,410,2245
52688006,8.17,9200,71000315,158566.6958,618444.215,298.4111813,350,1688
52688075,6.54,9200,71000242,160296.1481,617838.0431,213.29295,431,2567
52688110,5.44,9200,71000242,160487.3972,617905.3312,438.421116,507,2981
52692357,4.11,6520,71000222,161041.795,619369.715,55.6629,512,2801
52692377,36.49,9200,71000311,159504.9175,618830.0528,347.4311,263,983
52692669,9.47,9200,71000325,157662.4259,618619.0795,291.4057185,471,2575
52697438,7.54,9200,71000213,160438.6208,620192.506,633.5173095,460,2628
52697391,6.87,9200,71000325,157344.899,618394.724,187.9791419,462,2783
52695120,13.13,9200,71000311,159278.955,618537.8508,491.9081616,248,1103
52691162,6.4,9200,71000423,159648.7777,622079.2521,348.0953978,661,4002
52688472,3.32,9200,71000423,159462.5761,621557.0273,386.8226127,620,3500
52688537,12.9,9200,71000213,160572.8014,620207.0214,304.6465,502,2770
52691720,9.21,9200,71000122,158856.1034,621297.6199,191.695,567,3806
52692679,5.11,9200,71000243,160692.0639,618550.2417,233.117,422,2180
52692732,7.2,6520,71000224,161597.5991,619476.1743,142.148558,569,3607
53366972,5.16,9200,71000316,158725.8703,618905.1516,464.4759675,180,634
52692683,8.31,9200,71000423,159249.305,622104.94,367.0548,688,4326
52692684,5.07,9200,71000424,159739.4792,621484.6354,167.25,603,3583
52692686,12.6,6520,71000224,161693.5687,619558.8743,1184.711983,599,3707
52695565,30.97,9200,71000211,160085.5772,619072.9577,633.3327,307,1363
52697421,18.51,9200,71000212,160225.974,619526.917,1014.85305,393,2498
52688358,5.03,9200,71000325,157483.327,618130.6179,188.4346129,492,2518
52686951,4.95,9200,71000243,160183.4915,618440.0102,222.3890542,362,1716
52688415,11.01,5151,71000242,161099.7758,618723.7971,561.8049674,422,2368
52688423,10.8,7600,71000315,158727.3374,618363.7335,236.1417,383,1670
53367185,10.05,9200,71000123,159604,620486.75,169.8534,393,2188
53367267,3.32,9200,71000111,158371.6525,620107.6291,353.9662635,401,1833
53367551,7.3,9200,71000242,160063.3974,617646.2834,178.15105,425,2743
52691092,4.89,5340,71000242,159964.2601,617648.5918,178.9890688,413,2491
52694762,7.6,9200,71000242,160242.8207,617693.2819,175.464142,469,2758
52692189,5.8,9200,71000423,159322.5257,621449.8447,459.0742635,605,3466
52692621,10.49,9200,71000314,158364.7286,618360.9034,255.87245,376,1762
52693582,9.3,9200,71000243,160213.6342,618583.5043,280.4025345,340,1599
52693585,4.71,9200,71000325,157596.6,618766.595,135.05,431,2327
52693586,10.9,6520,71000224,162105.9895,619456.1153,831.7213,583,3700
52693592,3.3,9200,71000242,160922.7933,618102.3768,251.7682058,523,3088
52693598,7.61,9200,71000316,158560.102,618751.8328,451.84565,214,1011
52694007,5.71,9200,71000243,160868.2585,618630.3119,211.1787269,463,2386
52696022,11.04,9200,71000314,158214.1884,618309.5155,646.06965,335,1634
53368238,8.88,9200,71000212,160317.0799,619481.5596,697.908,442,2533
52686973,8.4,9200,71000122,158657.2224,621271.5624,215.2211,585,3182
52688336,5.275,9200,71000243,160870.8275,618741.9274,90.66385294,516,2541
52688338,9.01,5312,71000426,160280.6627,621388.5011,174.6215955,657,3891
52688339,5.31,9200,71000325,157605.5717,618746.44,225.93065,443,2389
52688348,5.5,9200,71000243,160134.9325,618589.3406,151.060045,324,1493
53366211,6.12,9200,71000423,159408.9471,621388.3943,67.7591295,608,3393
52688951,4.7,9200,71000325,157442.6422,618587.1774,155.1527338,430,2563
52691016,5.71,9200,71000242,160821.8792,617863.8661,245.3725,540,3137
52691096,4.89,9200,71000242,160824.4139,617794.5365,153.31645,568,3238
52691097,5.42,9200,71000242,159891.7792,617789.0576,207.28405,406,2299
53367465,8.11,9200,71000242,160243.7963,617723.4164,169.89445,453,2692
52690578,4.44,9200,71000242,159883.6756,617652.6016,182.223403,424,2440
52690753,13.93,9200,71000424,159935.0159,621178.947,312.78485,567,3399
52693548,7.98,9200,71000424,159704.8689,621291.7768,168.4941,557,3324
52693052,5.26,9200,71000325,157621.5085,618691.9352,146.405,451,2494
52694024,4.95,9200,71000323,157462.3098,618031.9426,151.5531325,499,2527
52694026,7.05,9200,71000316,159113.4384,618831.8316,470.78665,212,799
52694033,20.15,9200,71000211,159736.0607,618998.1861,353.3,305,1337
52694036,7.7,9200,71000211,160083.3372,619352.7555,220.9543,349,1568
53367122,5.42,9200,71000325,157527.2126,618538.6135,140.2422,476,2675
52698291,3.52,5710,71000321,158420.9523,618882.4829,197.04315,243,1051
52695786,4.63,9200,71000325,157689.9653,618836.8068,198.53485,427,2287
52697703,14.19,9200,71000425,159717.2382,621167.8124,448.13125,528,3189
52695474,7.78,9200,71000242,160816.9901,617772.4242,296.087654,569,3242
52695928,6.8,6520,71000222,160827.8029,619631.6697,2810.208529,463,2526
52703594,25.96,9200,71000111,159099.4685,620177.8329,512.22505,330,1271
52702655,10.21,9200,71000122,158224.6569,620377.4493,135.86,448,2795
52704070,4.71,9200,71000232,160732.6434,620847.4874,160.840592,656,3777
52701852,31.57,9200,71000123,159830.1678,620457.6405,546.5176,413,2279
52695342,5.86,9200,71000424,159770.7374,621451.4988,170.3001574,593,3511
52695355,5.55,9200,71000423,158928.7321,621713.6399,149.7303675,589,3953
52695936,8.13,5305,71000316,159025.9006,618925.6673,327.6972735,228,940
52695942,15.31,9200,71000221,161135.7387,620289.6285,252.35585,591,3680
53368420,18.1,9200,71000221,161101.2508,620199.5179,287.6801,575,3215
52696415,5.755,9200,71000231,160262.3493,620493.9627,197.4158962,538,2743
52704086,6.52,9200,71000231,160492.8987,620577.6983,144.014,602,3230
52704089,5.27,9200,71000122,158574.9875,620847.8969,201.169,498,2616
52695138,6.81,9200,71000423,159423.3517,621308.8984,200.8330925,632,3470
52695140,9.02,9200,71000316,158966.205,618986.905,260.7687,222,951
52695742,9.85,9200,71000315,158735.4012,618462.5673,185.159706,311,1473
52696758,4.9,9200,71000223,161446.3249,619587.9684,449.8920625,600,3843
52696257,4.78,5253,71000316,158914.1091,619117.0904,237.5319215,77,210
53368479,13.19,9200,71000313,158171.3017,617713.4403,192.855,486,2361
52694468,6.61,9200,71000212,160478.8514,619365.1986,216.7934,377,1989
53368324,6.6,5151,71000242,161111.2444,618693.5857,258.3903915,425,2382
52696433,8.9,9200,71000112,158342.6545,620200.0721,298.4742,373,1813
52696876,20.03,9200,71000322,158117.5947,618360.9173,681.2572,376,1911
52696884,4.465,9200,71000123,158992.6144,620398.5714,236.5364082,401,2142
52703561,21.49,9200,71000415,160010.8148,622397.4919,504.3058,833,4701
52702271,7.7,9200,71000231,160419.2922,620468.1385,192.9284085,611,3084
52696057,10.88,9200,71000315,158477.9234,618393.9914,236.90915,349,1701
52697520,6.1,9200,71000242,160811.6731,617674.1326,253.8992151,585,3388
52695316,29.22,9200,71000424,159972.2488,621626.2255,507.3340863,655,3786
52696275,5.4,9200,71000423,159476.2578,621164.3662,280.4229063,654,3580
52696279,14.3,9200,71000122,159279.3748,621163.8432,827.20185,516,3167
52695417,7.8,9200,71000243,160615.3229,618695.7013,270.6124545,441,2301
52695422,14.11,9200,71000223,161564.1371,619557.2285,780.32155,607,3719
52695868,14.89,9200,71000322,157815.9993,618439.4148,575.1385853,440,2433
52695922,10.08,5330,71000113,159499.1575,619567.02,1572.6771,259,1194
52696889,30.64,9200,71000322,157972.227,618669.3011,527.08385,410,1932
52696897,3.3,9200,71000316,158630.3712,618999.7792,487.0672,205,889
52699807,8.25,9200,71000325,157324.7778,618474.1554,506.5377791,434,2680
52701673,5.72,9200,71000426,160381.6419,621669.9285,184.2338949,724,3816
52704488,14.93,9200,71000425,159641.0816,621184.6214,471.34875,550,3293
52701837,6.6,9200,71000111,158631.9871,620173.0164,217.10245,372,1728
52696060,3.8,9200,71000112,158615.7504,619499.8684,111.5175,209,972
52696068,9.48,9200,71000313,158780.4185,618315.5562,582.71545,303,1346
52697141,7.81,9200,71000242,160829.9662,617720.5876,264.874951,595,3411
52697155,13.83,9200,71000313,158343.6012,617695.9591,304.06795,506,2358
52697187,1.53,9200,71000426,160199.8257,621352.6146,214.6180059,741,3975
52696379,10.24,5330,71000113,159527.638,619418.9023,2122.6453,246,1221
52696380,10.5,9200,71000243,160145.0437,618372.3944,289.391902,412,2376
52696381,6.7,9200,71000243,160492.4915,618840.6919,262.20145,403,1912
53369312,4.99,9200,71000414,159808.6452,622492.8163,233.1546,794,4733
52705407,5.66,9200,71000325,157714.9095,618904.3005,148.94295,407,2146
52697465,9.11,9200,71000315,158678.5034,618474.2975,304.8125741,336,1633
52694259,5.09,9200,71000242,161010.949,617962.8885,274.6727551,533,3156
52694268,4.17,9200,71000242,160007.4112,617826.2971,200.665448,405,2380
52696210,6.2,9200,71000242,160076.1297,617857.8698,157.559276,397,2325
52697163,9.52,9200,71000423,159298.5832,622296.8367,299.7901083,713,4514
52696861,3.37,9200,71000316,158534.1132,618599.6226,299.149804,252,1196
52701077,7.4,9200,71000242,160141.5656,617872.9467,209.000372,414,2376
52703506,8.11,9200,71000243,160579.2322,618473.296,260.4725,394,2012
52701730,6.4,9200,71000123,159001.8661,620725.1255,479.092,484,2511
52702778,25.72,9200,71000122,158393.1747,620553.4843,1361.17175,499,2741
53368122,3.8,9200,71000242,159914.4712,617896.5493,183.9635484,382,2181
52695680,6.71,9200,71000242,160170.9635,617679.8205,181.10565,457,2658
52697585,4.8,9200,71000242,160288.3156,618064.6892,301.2200498,430,2381
52697591,3.35,9200,71000242,159864.2087,617719.25,258.857643,383,2277
52697601,5.9,9200,71000242,160806.3566,617797.9086,166.5022485,573,3256
52694416,9.6,9200,71000243,160470.113,618739.3728,252.9551,476,2343
52695807,8.7,9200,71000211,160147.1451,619370.6783,249.80615,340,1662
52695495,8.71,9200,71000122,158435.6605,620398.0658,134.136,544,2949
52698380,3.31,9200,71000325,157503.8032,618101.8538,150.65485,474,2438
52694203,8.7,9200,71000424,159773.9672,621318.8211,109.443,551,3296
52695224,7.27,9200,71000323,157940.5159,617425.695,157.4542,630,3314
52695824,6.1,6520,71000223,161302.6738,619340.2305,388.8502,525,3026
53368400,6.74,9200,71000211,159970.5768,619247.7643,226.1889,307,1395
52695370,3.9,9200,71000243,160688.7365,618670.6565,300.17975,462,2332
52697720,30.29,9200,71000322,158018.851,618660.2721,550.21235,385,1829
52695964,6.91,9200,71000123,158917.2015,620308.0195,139.6004705,397,2083
52701701,9.64,9200,71000212,160469.6842,619433.4441,188.14755,458,2624
52702166,3.31,9200,71000242,159911.1571,617831.8512,204.727083,390,2246
52702688,7.51,9200,71000221,161059.7653,620085.9539,479.72955,564,3109
52696642,8.5,9200,71000243,160646.5652,618740.8765,108.16,443,2330
52696762,9.25,9200,71000212,159981.8125,619364.8522,179.93652,356,1616
52697226,14.24,9200,71000414,159888.2212,622418.3733,637.38915,799,4782
52701760,7.77,9200,71000112,159038.7853,619642.2767,583.672,262,999
52694346,6.34,9200,71000325,157568.8968,618674.8309,140.922,465,2574
66705576,10.1,6840,71000224,162298.0254,618757.998,269.5646,573,3377
52694353,11.4,5305,71000423,159483.5,621286.06,299.9192,650,3538
52695833,5.61,9200,71000423,159475.0304,621820.8904,445.588,767,4616
52695769,5.4,9200,71000243,160292.0636,618453.5618,200.9842357,352,1710
52696282,5.09,5710,71000321,158104.9026,619003.9789,427.388,390,1844
52695432,6.29,9200,71000423,159208.3096,621572.9443,279.3656,625,3623
52695319,6.42,6520,71000224,162013.7811,619240.5262,797.0851,571,3474
53367858,9.21,5312,71000424,159868.6181,621256.9171,837.7002,556,3314
52697191,22.11,5900,71000121,158263.62,621231.0489,3079.163597,489,3286
52695449,2.87,5710,71000321,158459.25,618848.28,619.6644,275,1174
52703061,5.91,9200,71000243,160888.8909,618732.934,261.81625,480,2478
52696709,12.91,9200,71000325,157880.9179,618825.8045,753.5115,416,2334
52696727,8.59,9200,71000243,160278.8935,618531.4865,161.5230405,341,1643
52694430,6.9,9200,71000223,161448.8262,619485.3838,629.0349,601,3821
52694434,3.21,6520,71000311,159271.0975,618884.9256,291.8891,256,672
52696389,3.7,9200,71000243,159985.7547,618691.0001,236.608096,300,1315
52696392,7.3,9200,71000223,161487.0787,619469.6079,1381.76645,555,3624
52696398,6.81,5710,71000321,158251.1407,619124.1451,588.0512,279,1038
52703081,1.51,7300,71000242,160986.8367,618279.9961,47.16205,517,2893
52703083,3.11,9200,71000414,159449.0396,622579.1695,234.16625,744,5261
52703518,6.3,6520,71000212,160633.3475,619563.5957,328.70365,404,2294
52697479,5.71,6520,71000212,160583.9393,619610.7495,265.5298965,459,2418
52694290,5.3,9200,71000242,160756.7395,617760.7813,97.85173525,503,3042
53368126,6.52,5253,71000325,157496.0931,618187.3548,270.7455766,499,2563
52694449,5.05,9200,71000424,159722.195,621288.5,131.2452,551,3280
52695842,9.75,9200,71000315,158449.4174,618453.6926,426.9183,360,1742
52696843,2.17,5710,71000321,158420.8192,618772.6078,157.48515,269,1167
52696973,4.04,9200,71000243,160317.916,618323.7319,209.8580445,420,2404
52695700,5.2,9200,71000243,161012.2869,618742.8822,198.80105,524,2654
52697622,4.1,9200,71000242,160561.0355,617854.8266,193.8096245,484,2948
53367849,7.01,9200,71000242,160490.1146,617864.3725,312.2259375,506,2973
53367850,7.03,9200,71000242,160639.5104,617933.8875,285.7576108,485,2851
52695855,6.18,9200,71000325,157293.976,618368.251,247.3218626,473,2942
52697896,3.88,5710,71000321,158419.0302,618906.9377,171.54095,240,1026
52704003,5.71,9200,71000123,159293.6757,620658.9812,350.4353555,415,2182
61233880,6.2,9200,71000231,160354.1804,620488.5314,263.103858,630,3099
53368632,5.42,9200,71000242,160708.2401,617920.089,316.2646472,487,2900
53368575,4.08,6520,71000212,160602.2586,619477.6053,1664.750452,481,2526
53368576,5.98,9200,71000122,158752.9401,621163.026,548.3993125,585,3974
52701227,7.535,9200,71000426,160478.1788,621861.1409,229.8351498,805,4254
52702714,5.3,9200,71000231,160905.9035,620559.7356,68.7445,651,3386
52695671,13.49,9200,71000313,158191.829,617686.3056,249.1815,492,2395
52706982,9.55,5305,71000423,159084.8586,621815.6998,322.8434,658,3951
52709996,9.21,9200,71000423,159598.0472,621830.0781,137.6247236,633,3754
64908664,6.485,6520,71000224,162209.4903,619410.0931,652.8966883,584,3823
64908655,16.3,9200,71000121,158221.855,621231.1494,2643.251022,486,3263
52713900,23.9,9200,71000311,159465.294,618776.5175,358.675,229,892
52713901,21.53,9200,71000211,160034.296,619025.7295,384.29675,287,1279
52713902,6.04,9200,71000325,157642.7466,618762.926,213.7481,435,2348
52713905,3.5,9200,71000242,160976.103,617962.2888,51.77643549,531,3146
53371644,8.9,9200,71000426,160456.3278,621699.985,183.03056,775,4122
52713911,8.3,9200,71000243,160200.2239,618622.0155,235.2160174,344,1591
53371646,2.56,9200,71000243,160468.0111,618565.6246,57.82502362,382,1888
52714357,7.21,9200,71000426,160302.0506,621364.2951,183.71855,641,3502
52714418,7.5,6520,71000222,161114.7519,619245.81,775.4960678,437,2569
52706460,3.48,9200,71000122,158991.6268,621315.5112,168.2862,557,3742
52706463,5.02,9200,71000122,158507.4986,621218.9567,104.319,567,3124
53370413,9.71,7600,71000421,160138.9235,621626.1074,156.7881475,689,3954
52708360,4.85,9200,71000122,158655.4084,621358.6884,549.3002,605,3251
52713679,11,9200,71000423,159168.5243,621512.2024,155.5927941,640,3676
53371930,9.31,9200,71000423,159338.6834,621775.4894,425.2906022,664,3835
52715597,7.39,9200,71000426,160292.1046,621419.4922,179.9877455,662,3924
52714362,8,9200,71000423,159636.6694,622173.7969,198.9724829,679,4116
52714374,3.2,9200,71000316,158722.4228,619024.2991,568.887136,160,552
52714376,7.01,9200,71000243,160112.8918,618689.8266,203.98695,328,1491
53371797,9.81,9200,71000242,160102.9835,617850.7217,178.4742991,402,2334
52708952,7.1,9200,71000242,160559.5963,618064.3809,126.8778945,454,2733
52705984,6.6,9200,71000424,159736.379,621347.5092,135.70695,560,3342
52705985,6.95,9200,71000424,159729.0843,621428.5946,146.4026571,582,3462
52708116,4.89,9200,71000122,158837.8394,621226.8242,243.3671,523,2909
52708228,4.4,5300,71000215,159812.4735,619274.8968,334.3055,345,1520
52709418,9.21,9200,71000211,160321.3311,619365.6567,281.4368755,360,1807
52713214,7.15,9200,71000242,159905.1104,618162.8638,130.3367055,404,2274
52715552,30.19,9200,71000421,160357.9134,621964.7235,562.592657,795,4181
52715558,8.67,9200,71000325,157649.6234,618600.8697,302.8777625,474,2598
52713337,4.47,9200,71000242,160095.7296,618156.8744,271.18,405,2288
52714283,30.53,9200,71000424,159935.3103,621628.8788,470.7245155,654,3773
52714291,3.5,9200,71000243,160080.6525,618226.3387,74.73999459,378,2233
52705549,10.2,9200,71000423,159536.1175,622250.4843,462.4565962,703,4239
52705554,7.5,9200,71000426,160298.4981,621435.9274,174.806928,665,3941
52705560,24.98,9200,71000423,159324.1757,621331.7845,338.7403,588,4097
52708175,6,9200,71000232,160936.8358,621112.1046,155.56185,628,3668
52710659,8.22,9200,71000423,159136.6492,622148.4523,324.3194254,689,4318
52709438,10.77,9200,71000315,158472.9367,618379.6531,244.4765,331,1586
52711202,6.6,9200,71000423,159749.0609,622017.1555,389.0811821,668,3951
53371158,3.7,9200,71000242,159937.4122,617675.7315,209.6716515,419,2398
52711216,21.81,9200,71000323,157908.8953,617817.9241,326.18645,527,2491
52715081,6.82,9200,71000325,157383.3302,618391.3158,158.738274,467,2803
52715091,3.38,9200,71000323,157757.5642,617530.1077,291.97195,574,2795
53371786,6.3,9200,71000325,157447.6588,618623.4258,361.3741822,434,2581
52715270,6.12,9200,71000122,159136.3477,621170.8506,209.50045,491,2774
52715691,4.41,9200,71000242,159987.0662,617905.3505,159.827745,395,2233
52715698,14.03,9200,71000314,158302.2432,618018.7105,351.9942,558,2712
52715700,3.8,9200,71000242,160729.0237,618032.4483,188.1780215,460,2761
53370388,6.38,9200,71000416,160659.69,622187.1272,178.465296,920,4889
52705617,8.39,9200,71000242,160218.8099,617896.2308,150.0390135,408,2432
52710147,3.83,6520,71000222,160917.5808,619289.9186,70.22505001,512,2758
52709374,3.75,5300,71000313,158381.3867,617946.7431,1127.225,433,1985
52710313,7.65,7630,71000313,158623.7721,618029.6604,907.425,362,1763
52714116,4.7,9200,71000242,160510.5404,617834.1601,190.0946675,536,3235
52714123,5.76,9200,71000323,157894.1956,617509.5081,906.8905999,655,3409
52708778,4.5,5305,71000242,160256.4826,617828.3959,176.1053501,448,2493
52708361,12.02,9200,71000416,160604.4861,622300.5239,296.9523,860,4686
52708328,12.41,5330,71000426,160347.2025,621309.421,1511.016264,687,4093
52715651,4.16,9200,71000242,159863.7233,618024.3739,182.7062156,358,2016
52712061,5.5,9200,71000122,159061.0186,621182.5152,195.7638,517,2874
52707023,9.21,9200,71000122,158817.3966,621338.8606,200.399,546,3203
52707025,27.16,9200,71000313,158741.4563,618154.1115,524.31565,339,1607
52706484,6.91,9200,71000242,160216.3967,617671.4659,202.35945,452,2748
52715033,10.4,9200,71000426,160391.9753,621699.714,146.0625,729,3848
52714679,3.41,9200,71000242,159877.4949,618011.2877,137.91985,366,2069
53371566,17.59,9200,71000323,158010.8816,617640.5126,933.1347,591,3137
52707504,16.81,9200,71000242,160909.8924,617725.7071,593.96545,553,3937
53370739,3.71,9200,71000242,161006.7684,618148.6619,157.6016096,570,3094
53370909,6.59,9200,71000323,157907.75,617425.94,116.8592,609,3263
52709285,4.14,9200,71000212,160373.6501,619430.1431,148.81615,362,1877
52709090,12.41,9200,71000314,158260.8832,617979.9495,567.3034,538,2578
52713699,9.75,9200,71000314,158498.6965,618168.2849,456.0499501,425,1973
52714181,16.68,9200,71000323,157955.5315,617360.9074,1013.0465,635,3332
52714194,8.01,9200,71000426,160446.3602,621496.4286,188.2716089,696,3584
52714196,9.54,9200,71000424,159726.1076,621306.4308,171.346,554,3299
52713396,16.41,9200,71000223,161496.2229,619610.2536,708.7639,587,3799
52713919,7.88,9200,71000316,158583.9838,618695.5747,379.23645,259,1038
52713922,4.7,9200,71000243,160708.5979,618775.1287,285.1663,481,2506
52712986,5.7,9200,71000325,157686.7672,618785.0848,270.18475,423,2304
52712990,7.8,9200,71000243,160463.4601,618866.455,245.8655,398,1885
53370226,8,9200,71000242,160096.0114,618098.9466,205.367226,429,2348
52706036,8.11,9200,71000242,160237.3666,617891.9966,160.686489,411,2454
52706117,4.46,9200,71000123,158943.1013,620394.373,323.4327,437,2170
52707513,9.8,9200,71000122,158882.0007,621104.2069,236.787,525,2900
53369624,5.75,5201,71000242,160549.9603,617942.0668,295.4502505,470,2855
52708189,5.25,9200,71000122,158861.187,621259.6066,187.3043,530,2951
52707883,6.21,9200,71000242,161041.6889,618142.8447,256.6732748,538,3178
53371610,11.72,9200,71000316,158972.3681,618554.3348,656.9427235,255,1144
52713709,7.36,9200,71000424,159662.7844,621302.5554,203.92755,560,3372
53370647,7.61,9200,71000423,159387.8461,621439.9658,196.216,594,3398
52713873,9.19,9200,71000424,160156.4638,621435.9464,172.643216,743,4193
61233877,6.30999985,9200,71000243,160768.2228,618695.5629,87.39145308,486,2399
52714400,30.51,9200,71000321,157922.5514,618930.5111,488.46835,400,2154
52705571,4.62,9200,71000242,159854.4084,618169.0956,166.867575,401,2265
53370720,7.5,9200,71000243,160236.9937,618686.3473,86.7587,369,1658
52708784,4.97,9200,71000242,160343.5653,617848.1395,204.234057,440,2587
52708790,6.9,9200,71000243,160515.2675,618284.7618,233.1252,471,2751
52708791,11.36,9200,71000313,158684.6362,618285.9344,595.9069,324,1439
52710745,8.4,9200,71000242,160757.4336,617821.9764,157.2824595,488,2978
52710169,17.74,9200,71000122,159252.4521,621252.9671,1019.39925,523,3402
52711229,5.06,9200,71000242,159979.4946,617674.1515,209.00925,420,2439
52711247,6.19,9200,71000242,160064.9092,617749.937,175.815,432,2461
52711254,5.1,9200,71000242,160749.338,617664.376,209.2233,524,3132
52714823,10.47,9200,71000313,159010.99,618439.4835,211.937111,303,1345
52714833,9.91,9200,71000423,159380.8455,621499.4529,281.3649492,620,3480
53371803,9.19,9200,71000421,160207.7848,621669.114,182.5510386,730,4059
53371804,6.53,9200,71000323,157920.8047,617450.783,177.933306,639,3345
52715272,8.41,9200,71000424,159764.5337,621278.1167,102.23985,544,3254
52705591,3.95,9200,71000425,159704.4847,621113.3342,157.393,539,3234
52706925,3.96,9200,71000122,158468.1954,621112.9505,146.70895,634,4382
52706931,6.38,9200,71000424,159768.6134,621437.1651,129.346137,585,3490
53370393,10.02,9200,71000423,159097.9486,622101.1463,385.37765,689,4315
53369760,4.4,6520,71000222,161101.0486,619457.1794,1059.66225,476,2675
52708351,9.21,7300,71000242,161006.87,618392.3304,3301.031646,478,2802
52714631,4.94,9200,71000423,158826.9512,621699.4252,123.49515,657,4274
52714142,7.41,9200,71000426,160260.189,621429.0589,186.5548575,662,3922
52714349,10.8,6600,71000426,160301.6295,621206.6912,1200.88125,630,3390
52714768,7.63,9200,71000423,158868.68,621470.3538,143.4954291,615,3575
66706975,8.08,6520,71000222,161149.2704,619362.3327,1507.281915,373,2201
52715285,7.12,9200,71000122,158699.7712,621175.4827,205.21255,528,3001
53371883,3.31,5305,71000122,158972.0141,621272.6609,121.69015,569,3063
52715720,4.74,5201,71000316,158596.1272,618748.8664,270.1215,251,972
52706495,8.73,9200,71000424,160168.9462,621393.4476,202.061643,624,3382
52708451,8.9,9200,71000122,158750.6115,621290.1705,332.38825,575,3185
52711684,12.61,9200,71000313,158276.2051,617885.3538,488.69445,434,2049
52709752,6.21,6520,71000222,160810.4509,619685.904,43.8989955,462,2523
52714149,5.16,6520,71000313,158964.2275,618225.4771,207.4846045,320,1431
52715592,6.5,5305,71000423,159375.9213,621758.3144,355.5873385,666,3715
52715538,10.21,9200,71000424,159806.2981,621409.9113,99.95451399,579,3434
53370539,5.29,5305,71000112,159027.4138,619674.5881,265.584993,249,941
52706518,6.8,9200,71000122,158892.9872,621230.2515,126.8322,529,2945
52706569,5.1,9200,71000242,160823.7807,617819.4087,310.3961115,552,3181
52706571,6.93,9200,71000424,159684.2171,621316.8443,126.17505,561,3343
52710778,3.12,9200,71000242,160763.7417,618094.4418,283.0916178,478,2824
52710795,7.89,9200,71000323,157903.4111,617344.2449,409.2470665,601,3191
52710042,9.31,9200,71000423,159371.8237,621844.6601,402.7893456,675,3909
53371929,4.5,7600,71000424,159956.3193,621584.4359,469.0741794,696,3884
53371780,8.28,9200,71000323,157581.7844,617977.9112,209.04965,515,2635
52714714,6.7,9200,71000242,160094.5014,618082.1907,214.0234021,423,2312
52714716,15.52,9200,71000322,157835.3281,618302.7351,359.7555,462,2298
52714724,9.39,9200,71000426,160436.0238,621555.0673,197.408319,701,3594
52715661,6.85,5521,71000323,157825.6555,617716.2063,86.53544999,574,2799
52712078,7.1,9200,71000242,160184.1824,617658.6143,208.72505,447,2721
52712084,13.14,9200,71000416,160554.7117,622109.0675,141.8027,910,4915
52712086,14.25,9200,71000313,158151.749,617741.1234,231.53,480,2327
52708651,6.29,9200,71000242,160284.6888,617922.304,185.798938,416,2490
53369733,2.38,5710,71000321,158391.4444,618980.4581,52.905996,239,1011
52708209,4.46,9200,71000242,159966.9853,617970.2831,152.1829184,373,2149
52709334,7.26,9200,71000315,158557.41,618391.405,255.015,339,1643
52714729,7.13,9200,71000426,160205.2143,621283.367,174.2809375,648,3547
52715685,7.11,9200,71000243,160907.2488,618603.6944,191.3840381,476,2435
52712563,4.02,9200,71000242,160451.2519,617812.6285,233.0649839,525,3178
52706061,4.27,9200,71000323,157811.9849,617487.8154,642.0404,637,3382
52707842,7.61,9200,71000424,159630.5835,621301.4708,161.72465,559,3363
52707847,5.51,9200,71000122,158892.1078,621297.6383,200.71615,561,3776
52707925,6.27,9200,71000426,160217.7472,621351.2382,211.0451039,636,3425
52707936,4.5,9200,71000232,160495.4532,621187.4868,160.83945,589,3276
52707940,8.8,9200,71000242,160296.3212,618038.5831,299.1311718,434,2410
52713730,8.91,9200,71000243,160660.2513,618545.7226,141.6644658,416,2148
52713731,25.73,9200,71000215,159837.7073,619688.9079,210.87895,381,2100
53371615,6.58,5305,71000243,160438.3761,618382.0585,650.64615,467,2640
52713749,4.22,6520,71000325,157876.0718,618786.8113,64.07645,412,2301
53371616,7.58,9200,71000325,157592.8436,618700.2508,201.232,467,2586
52713495,3.31,5710,71000321,158253.9153,618920.547,1925.09015,298,1277
53370606,8.4,9200,71000243,160262.5542,618766.2411,268.890175,353,1656
52705520,5.12,9200,71000242,159844.9038,617961.6072,179.092483,367,2064
52705524,3.86,5305,71000122,159102.5124,621338.8405,212.6097,573,3795
66707060,15.77,5521,71000323,157952.7926,617728.0361,518.9457908,305,1797
52705661,8.1,9200,71000423,159178.4468,622265.3967,205.6975,717,5190
52708823,8.1,9200,71000423,159429.6695,622247.0009,337.1906483,703,4289
52708827,12.2,9200,71000424,159832.7542,621370.2528,312.1464,570,3396
52711124,4.73,9200,71000111,158843.8483,619779.4051,268.18865,279,1168
53370686,33.26,9200,71000215,159750.6495,619394.6836,495.1294,373,1730
52710005,13.71,9200,71000223,161237.2381,619512.9625,356.3954,492,2820
52715632,7.34,9200,71000242,159938.3716,618157.5224,122.554774,408,2305
52713014,7.54,9200,71000316,158594.1527,618939.4995,369.408,182,696
53370608,35.55,9200,71000311,159310.055,618930.62,415.225,224,823
52714409,6.71,9200,71000242,159885.1917,618041.9852,146.058228,380,2142
52714410,6.1,9200,71000243,160661.6867,618781.2814,231.08545,471,2476
52706947,10.2,9200,71000424,159849.3227,621437.423,71.22815701,576,3424
52682359,4.15,9200,71000325,157631.475,618722.3216,257.5435,440,2377
52682079,3.37,6520,71000211,159909.4394,619029.9517,797.4943472,292,1227
52680670,22.29,9200,71000211,160174.9084,619190.816,375.738,338,1627
52687418,6.57,9200,71000242,159991.1333,618108.7208,179.345796,399,2219
52687443,8.68,9200,71000416,160587.52,622245.5411,267.2573319,892,4739
52687487,4.05,9200,71000313,158180.0943,617778.3531,202.13095,508,2390
52687627,10.07,9200,71000313,158556.4529,618125.2301,162.7071,377,1689
52689166,5.2,9200,71000325,157493.9046,618115.2284,210.17,489,2500
52681289,4.59,9200,71000311,159172.44,618605.5973,397.9634365,221,944
52680628,5.67,9200,71000423,158835.2017,621712.0597,131.9504,637,4306
52680683,7,9200,71000416,160676.7721,622232.2315,127.801674,914,4836
52686903,4.85,9200,71000323,157647.3962,617684.6476,413.41805,538,2630
52686918,11.66,9200,71000321,158480.6928,618726.6963,279.29165,296,1467
52684289,15.31,9200,71000123,159436.555,620297,248.4453,306,1724
52687506,4.91,9200,71000242,160977.3312,618120.9874,287.261055,577,3134
66704895,4.23,9200,71000222,160658.1507,619409.1654,611.7251827,291,1716
52685484,13.42,9200,71000314,157855.7957,618096.6464,412.00185,399,2008
52682667,8.21,9200,71000424,160181.0915,621429.6499,155.8041951,633,3424
52682171,11.57,9200,71000313,158866.2526,618243.3848,282.2773,324,1459
52682172,2.87,5710,71000321,158389.4484,618934.5466,75.6469945,236,999
52682222,23.66,9200,71000112,159121.471,619600.5597,755.32755,294,1092
52684639,6.6,9200,71000123,158763.1531,620489.9794,326.0795,433,2126
52684686,6.91,9200,71000316,158644.0408,618888.6819,323.05925,197,736
52686402,9.72,9200,71000313,158582.5462,618108.0758,211.41315,382,1726
52682240,5.86,9200,71000426,160222.8199,621323.2379,249.4747743,642,3503
53365972,6.53,9200,71000242,159978.9665,617753.931,195.9242,417,2369
53366333,9.59999847,9200,71000243,160512.8885,618178.0089,257.3506,409,2502
52685179,29.3,9200,71000211,160309.4862,619140.2944,405.8349,357,1794
52679438,4.49,9200,71000243,160414.1146,618400.8919,238.3308153,368,1831
52679462,9.5,9200,71000243,160037.541,618753.892,275.1988135,318,1433
52680441,10,6520,71000224,161556.4141,619259.6089,1480.827,530,3380
52680442,5.22,6520,71000223,161474.4529,619268.5009,91.5021,532,3434
52680501,6.8,9200,71000211,160100.131,619371.2969,306.9194135,346,1691
52680503,4.7,6520,71000224,161749.0895,619395.7199,121.773,545,3494
52681209,13.3,9200,71000423,159024,621527.405,625.7337,649,4307
52681213,6.81,9200,71000242,160294.7532,617740.5218,182.059724,455,2700
52685518,6.89,7300,71000224,162383.8,620009.9565,5773.998092,662,4596
52684194,8.91,9200,71000211,160337.8237,619383.3028,202.41435,364,1831
52685218,4.84,9200,71000112,158319.4348,620217.4943,283.7775,377,1841
53366578,7.36,9200,71000423,158719.4477,621548.1984,159.48255,655,4504
52684822,6.21,9200,71000424,160113.3612,621408.2401,229.6886255,747,4197
52684831,6.11,9200,71000122,158490.4659,621187.3935,140.6025,625,4269
52686285,6.7,9200,71000243,160313.9342,618183.504,638.1642361,445,2529
52687288,6.5,9200,71000426,160424.1925,621608.5744,183.69,711,3708
52683207,4.31,9200,71000231,160713.9426,620486.998,157.9438496,652,3351
52683226,9.1,9200,71000211,160321.4782,619272.9809,290.498366,345,1762
52683227,5.6,9200,71000325,157700.65,618874,186.792,429,2215
52682622,9.1,9200,71000421,160278.6783,621703.6285,168.0427135,735,3909
53366048,10.42,9200,71000423,159171.1996,622183.8683,311.0707977,700,4427
52682637,9.55,9200,71000416,160648.2482,622101.2756,299.9592203,934,5036
52682137,4.83,9200,71000325,157631.4483,618784.5433,161.06855,422,2288
52682144,5.6,9200,71000223,161421.6994,619381.3438,64.036,542,3056
52685105,8,9200,71000426,160244.9637,621468.2079,172.5086263,720,3851
52686162,4.55,9200,71000323,157770.8303,617503.7038,302.347,654,3449
52686208,6.41,9200,71000242,160186.3977,617704.8368,193.8165,454,2667
52686220,5.05,9200,71000243,160182.5022,618522.2576,216.6176386,340,1603
52686222,4.535,9200,71000242,159829.4606,618139.1541,177.322059,342,1881
52687235,7.785,9200,71000114,157944.1738,619932.2683,822.191348,390,2081
52687238,5.34,9200,71000242,160952.4942,617867.2971,213.9689,532,3153
52687250,12.05,9200,71000424,159879.1728,621580.3738,507.336538,669,3838
52680789,6.11,9200,71000243,160888.7471,618616.7758,214.565055,469,2410
52680794,14.585,9200,71000112,158661.0423,619516.3966,79.76689088,217,1019
52681400,3.64,9200,71000316,158695.6019,619077.8075,212.43185,146,497
53365661,10.95,5310,71000243,160526.2598,618387.9965,1022.32385,384,1936
52680426,9.31,9200,71000325,157839.2949,618861.6466,285.88105,488,2648
52680427,3.57,6520,71000316,158864.0702,619152.046,188.592,100,301
52681419,8.28,9200,71000223,161402.9146,619597.7058,583.1874,614,3882
65185745,8.355,9200,71000243,160322.8675,618863.9957,403.0092948,371,1739
53365779,12.42,9200,71000112,158853.7636,619664.7107,300.9353,278,1145
52682104,17.41,9200,71000425,159918.2454,621116.7199,355.38045,567,3400
53365965,6,9200,71000325,157826.7269,618931.8636,337.24365,405,2167
52682150,6.61,9200,71000325,157763.4261,618936.1718,207.8305,416,2185
52686453,9.7,9200,71000242,160010.2809,618107.3828,203.432582,410,2258
52686514,11.87,9200,71000314,158387.009,618093.8475,717.4791,410,1893
52686178,23.57,6535,71000222,160853.8001,619324.989,614.1916767,445,2294
52686687,6.8,9200,71000122,159017.4229,621288.5425,182.854,531,2967
52685757,5.84,9200,71000242,160673.8692,617619.5776,190.5768,540,3207
52685761,3.21,9200,71000242,160475.2243,618055.4975,87.76562615,458,2805
53366798,6.2,9200,71000323,157567.5672,617841.9436,789.045239,517,2534
52686837,4.23,9200,71000424,159757.711,621481.6301,230.5,597,3527
52680320,10.58,9200,71000313,158903.5,618394.095,218.2487,271,1204
52681719,10.18,9200,71000313,158608.898,618092.3246,203.62395,398,1808
52680366,18.32,9200,71000323,157981.5033,617699.89,1001.3463,614,3235
53365840,5,5305,71000243,160767.2429,618728.3042,86.50789149,493,2432
52681890,5,6520,71000224,161868.5697,619150.8157,59.40799999,522,3301
52681895,8.7,6520,71000224,162114.7503,619379.6987,252.8445,617,3900
52681494,10,9200,71000243,160269.3457,618664.8019,224.76185,353,1698
52682026,5.8,5320,71000222,160984.4455,619022.8179,88.54045,436,2416
52682047,8.91,9200,71000426,160267.9381,621532.0146,167.4534235,711,3783
52685967,2.38,6520,71000316,158705.662,618823.4978,52.94120001,218,834
52685987,4.64,9200,71000323,157668.0852,617644.2317,562.1917,557,2718
52685981,3.54,9200,71000323,157518.2063,617973.8609,237.2382657,505,2570
52685990,4.09,9200,71000325,157458.7771,618592.374,118.8349334,433,2576
52686025,8.01,9200,71000243,160113.1973,618733.9376,121.6397,335,1508
52686034,6.41,5320,71000222,160988.8505,619063.2964,99.53955,448,2457
52686037,7.8,9200,71000423,159703.5939,622088.9114,270.3442139,687,4109
53366659,9.6,9200,71000421,160254.5049,621710.4648,155.2884601,750,4138
53366766,6.64,5305,71000314,158127.6089,618104.9156,294.4256223,589,2757
53366862,13.85,9200,71000323,157581.9199,618034.5586,338.81895,525,2489
52687203,8.3,9200,71000325,157392.647,618189.2735,330.349644,537,3068
53365807,6.39,9200,71000122,158628.5483,621316.56,418.7696,590,3201
53365809,13.18,9200,71000414,159908.277,622466.8441,728.83835,799,4786
53365925,4.41,9200,71000316,158622.7961,619026.8553,387.4958,220,950
52682395,31.65,9200,71000211,160359.9612,619146.0668,407.9987,345,1749
52682446,4.56,9200,71000423,159058.5687,622009.7827,184.342266,673,4146
52687346,3.91,9200,71000325,157466.5665,618652.8959,252.1163613,448,2654
52687347,5.81,9200,71000243,160197.5581,618668.971,222.3957,360,1623
52686040,7.6,9200,71000211,160223.5395,619278.3632,200.6673289,346,1650
52687392,13.92,9200,71000323,157889.3526,617785.8882,533.5747,533,2503
52687395,6.89,9200,71000122,158630.5,621194.465,186.8029,552,3037
52687398,6.84,9200,71000423,158806.4899,621554.2876,228.6263391,704,4743
52687408,3.61,9200,71000242,160956.0439,617816.0758,211.2606751,555,3253
52686095,5.61,9200,71000243,160580.751,618510.5432,200.6825422,414,2081
52687463,7.5,9200,71000423,159639.2896,621891.204,105.69445,650,3898
52687591,3.3,9200,71000232,160521.6921,621260.358,186.0083728,609,3351
52684351,11.15,9200,71000315,158528.4352,618477.0796,164.5654,330,1617
52687760,6.59,5312,71000323,157633.3106,618035.0668,391.706198,525,2489
52681257,23.43,9200,71000311,159349.7897,618391.7252,253.08155,327,1505
52682670,7.8,9200,71000242,160333.0756,617818.1508,208.0455,440,2587
52682671,3.31,5710,71000321,158438.8994,619007.5924,275.9904,259,1089
52680581,11.59,6520,71000224,161827.4202,619464.2575,1195.374,545,3566
52686879,5.07,9200,71000323,157547.6508,618048.2017,222.4904116,500,2532
52686880,6.67,9200,71000243,160588.354,618267.7089,196.3792,465,2713
52684241,22.97,9200,71000215,159826.0786,619384.0508,1981.8511,370,1656
52687537,5.44,9200,71000122,158599.0147,621378.3635,283.3172,591,4017
52684309,3.94,9200,71000316,159031.0231,619044.1778,425.80775,234,985
52685448,4.2,9200,71000242,160729.8286,617557.0594,312.0102047,567,3302
52685454,3.44,9200,71000313,158667.0682,618186.8958,106.1424,357,1703
52685455,5.28,9200,71000242,159836.2361,618179.3957,150.43815,334,1833
52683287,5.54,9200,71000316,158578.559,618660.4459,221.72285,262,1055
52682869,5.01,9200,71000243,161001.1993,618722.4161,251.91715,524,2654
52680589,6.41,6520,71000224,162044.5924,619496.7657,1245.2403,587,3728
52680178,5.3,6520,71000212,160572.7015,619589.9354,199.55605,466,2378
52684661,8.19,9200,71000212,159909.8229,619283.4487,181.9542371,341,1517
52688704,5.11,9200,71000242,160061.7747,618047.2241,217.803047,426,2311
52688710,6.02,9200,71000323,157719.4907,617624.4306,605.2648,549,2680
52688712,5.41,9200,71000242,160713.1034,618184.0603,224.9575,455,2737
52680523,7.2,9200,71000212,160405.081,619490.5274,210.1127,413,2405
52680530,24.1,9200,71000211,159968.6419,619153.0674,412.31355,293,1283
52681629,4.78,9200,71000122,158848.9441,621245.4606,218.62,528,2932
52685489,7.79,9200,71000242,160997.0051,618104.3313,167.1892561,527,3123
52684147,3.95,9200,71000242,159958.5246,617858.6288,166.9882275,394,2222
52684156,5.42,9200,71000111,158769.895,619952.38,187.105,313,1388
52684163,3.35,9200,71000211,160557.2308,619163.0501,124.0298774,338,1864
52685221,33.1,9200,71000221,160910.0878,620011.5239,713.0165138,527,2959
52685319,4.99,9200,71000323,157509.1775,617940.6931,205.5742,515,2627
52685328,8.21,9200,71000242,160322.7328,617867.5876,177.4826769,424,2541
52689657,32.5,9200,71000221,160948.8057,619929.6173,601.6179,555,3154
52683707,5.82,5900,71000121,158130.1558,620403.7509,59.59840001,445,2602
52679477,6.55,9200,71000316,159094.5857,618813.4933,534.24785,219,837
52679479,3.59,9200,71000316,158637.809,618684.6276,266.20995,334,1548
52680531,26.52,9200,71000212,160571.6,619266.75,484.278,377,2042
52680541,25.53,9200,71000211,159877.3834,619156.2211,449.010704,317,1405
53365761,26.13,9200,71000113,158895.1342,619479.7592,507.9129,165,499
52685499,3.33,9200,71000242,159858.507,617972.5013,163.5340143,361,2047
52685507,5.6,9200,71000242,160865.5295,618110.1619,302.8962162,492,2920
52685639,4.5,5305,71000323,157776.1176,617811.667,271.63955,515,2534
52685600,12.1,9200,71000243,160346.6883,618863.5451,269.5501533,374,1764
52685601,6.59,9200,71000242,160249.3918,617810.6652,225.36825,437,2610
52685643,23.24,7600,71000213,160262.547,619856.7326,738.5254,379,2111
52684867,5.18,9200,71000242,160846.4978,618275.5515,332.3229,533,3111
52686250,6.54,9200,71000242,159855.3046,618120.6783,158.5491575,392,2218
52691102,4.54,9200,71000242,159867.1501,617787.3229,198.4805573,370,2218
53367557,5.1,9200,71000242,160854.4718,617712.8949,149.5945,566,3243
52683184,6.06,9200,71000323,157936.6726,617401.305,85.38154999,610,3248
52679409,10.96,9200,71000313,158999.6358,618388.3859,805.1755,287,1265
52680934,5.4,9200,71000212,160053.75,619405.19,174.67,326,1566
52680938,8.8,9200,71000211,160096.9271,619274.8752,263.716758,333,1541
52680943,7.82,9200,71000426,160470.6011,621921.6392,197.1083402,794,4445
52681001,5.78,9200,71000325,157680.4026,618725.6068,153.895,442,2429
52681495,28.62,9200,71000211,159804.7864,619155.5796,351.62,332,1481
66700839,6.71,6520,71000222,160840.908,619028.6115,301.6068,322,1898
52681578,8.47,6520,71000224,162189.1224,619460.4311,2387.01155,616,3920
52681119,8.72,9200,71000314,158537.3346,618236.5956,462.3585,437,2054
52682584,6.9,9200,71000242,160223.8867,617809.9306,195.6633879,441,2625
53366729,6.53,9200,71000323,157918.7802,617467.1996,159.46605,642,3361
52685135,4.5,9200,71000243,160061.9545,618248.2897,317.511022,381,2259
52685750,8.67,9200,71000416,160640.4379,622245.9616,270.3475,904,4788
52686260,3.55,9200,71000323,157569.4547,618004.5386,213.1416895,508,2586
52687277,4.43,9200,71000242,159953.9246,617767.8529,233.9126757,415,2357
53367469,7.71,9200,71000242,160846.179,617865.5133,280.0327736,535,3112
52680827,4.75,5312,71000243,160512.7284,618551.4207,298.8399725,407,1934
52681407,9.1,6520,71000224,162035.181,619281.4853,890.408037,593,3520
52681409,6.99,6520,71000222,160845.4435,619267.9388,946.4363836,449,2310
52681447,8.21,9200,71000421,160189.1625,621729.8632,157.8585192,741,4087
52681448,31,6535,71000222,160825,619035,338.6778,371,1987
52682058,8.5,6520,71000224,162077.4155,619235.7172,1572.69245,619,3802
52682119,9.89,9200,71000423,159282.328,622312.5146,319.6901402,718,4537
52682134,4.71,9200,71000122,158815.4653,621242.6014,263.296825,574,3874
53365963,9,9200,71000423,159590.3968,622099.5108,391.47735,666,4037
52686438,3.59,9200,71000313,158916.8554,618189.6558,101.6315,317,1442
52686465,7.31,9200,71000243,160545.9038,618252.9718,336.4645358,469,2737
52686475,4.56,9200,71000242,159798.6088,618180.9338,167.29945,583,3717
52686674,5.83,5312,71000323,157672.9411,618067.7471,773.7673,478,2343
52685778,6.71,9200,71000242,159915.5998,618111.8758,172.4935074,404,2224
53366865,4.78,9200,71000123,158895.6613,620491.2723,241.07945,458,2221
52680338,5.27,9200,71000112,158437.2087,619519.2926,265.3005612,341,1473
52681393,14,9200,71000311,159043.8536,618537.9173,363.5825249,239,1011
52681880,8.5,6520,71000222,160935.9544,619292.787,300.3627215,512,2758
52681884,2.94,5710,71000321,158436.7174,618878.0813,98.85854999,244,1056
52681921,6.52,9200,71000316,158952.5676,619037.3939,172.92755,238,1022
52681046,7.53,6520,71000224,161591.0163,619118.9365,1225.11895,513,3223
53366023,8.07,9200,71000416,160597.3885,622117.4423,308.5899601,921,4917
52685958,7.51,9200,71000243,160553.1215,618201.1175,348.4781347,460,2690
52686010,4.3,9200,71000242,160781.3803,617741.0534,185.542291,506,3054
52686581,6.9,9200,71000423,159623.9063,622238.5604,348.1459236,739,4428
52686099,6.5,9200,71000426,160407.4417,621563.1664,174.933351,705,3660
53366771,5.8,9200,71000232,160987.4923,621101.1436,216.1497,649,3771
53366772,10.3,9200,71000211,160063.5864,619238.6092,231.13885,325,1495
52687139,23.43,9200,71000311,159527.3603,618924.1736,388.15985,222,820
52684534,15.84,9200,71000114,158213.6249,619697.8618,514.57495,311,1453
53365439,15.21,9200,71000242,160920.9632,617780.7427,413.3219,554,3177
52725052,7.29,5340,71000243,160372.707,618447.5117,172.3904205,366,1779
52725067,5.91,6535,71000113,159013.845,619370.0633,85.812,104,292
52725069,3.4,6520,71000222,160752.5317,619363.2724,718.7404,459,2419
53372370,5.63,5521,71000223,161317.1576,619545.9457,338.47035,523,2940
52722864,5.7,6520,71000222,160929.6253,619552.0993,436.936846,613,3030
52723850,5,9200,71000242,160142.0059,617939.1785,154.7698635,397,2354
52723450,2.7,6520,71000222,160915.0214,619648.5534,63.7504,487,2690
52724849,10.61,9200,71000424,159776.4228,621382.1477,95.1765,569,3393
52728040,4.39,9200,71000424,159716.9059,621269.1372,216.61475,548,3260
52728971,9.4,9200,71000423,159506.7052,621513.67,505.7202555,600,3425
53374334,4.02,6520,71000121,158094.839,621349.6569,55.79615,670,3512
52726882,4.41,9200,71000242,160862.8557,617768.3561,103.3365,557,3196
52726901,5.06,9200,71000424,159761.9444,621403.5325,153.1294585,570,3400
52733663,6.11,9200,71000243,160376.6834,618759.8129,128.017,385,1819
52726405,3.13,5305,71000122,158929.25,621228.37,69.745,569,3063
52724046,6.94,6520,71000224,162128.9753,619437.3036,72.1296795,616,3920
52724133,8.06,9200,71000416,160711.2418,622292.4672,324.2721,885,4803
53373467,4.7,9200,71000243,160727.0511,618702.4227,328.96915,468,2361
52724143,7.59,9200,71000423,159451.2406,621162.1434,163.52445,661,3608
52723792,9.41,9200,71000211,160224.0562,619342.1855,277.494509,355,1691
52723795,10,6840,71000223,161250.3522,619338.5081,336.4676,540,2990
52724753,7.24,6520,71000224,162323.2272,618838.4541,659.9926,535,3506
53374456,14.21,9200,71000313,158264.1602,617601.1977,540.20105,532,2478
52729699,23.71,5305,71000321,158158.8784,618709.3225,450.841,462,2473
52729700,6.61,9200,71000243,160836.4026,618648.5432,397.7188375,459,2368
52733664,27.07,9200,71000423,159841.5298,622102.1379,455.2884575,655,3917
52727766,16.01,9200,71000425,159959.4543,621105.2011,279.17535,594,3262
53373153,5.87,9200,71000242,159859.5413,617685.3169,216.5529416,425,2447
52729562,7.31,9200,71000423,159557.0642,621861.9825,328.0333664,635,3775
52721625,6.61,9200,71000242,160271.5965,617782.5016,166.204,441,2625
52721628,5.5,9200,71000242,160190.6941,618076.5096,262.0692919,454,2462
52724055,13.23,9200,71000114,158289.8266,619592.6101,980.07905,284,1303
53373378,4.01,9200,71000242,160213.6035,618024.0406,225.8479,461,2522
52723615,3.71,9200,71000242,160047.845,617668.5012,156.081,442,2545
52723317,4.68,9200,71000122,158599.7329,621189.7397,220.46695,551,3037
53373326,13.37,9200,71000423,159390.8522,622415.0347,501.10165,742,4457
52723334,5.18,9200,71000112,158506.7356,619646.7719,128.52395,340,1463
52723339,8.2,9200,71000212,160418.9598,619452.4003,209.77045,450,2574
52724763,6.745,5253,71000316,158899.9217,619107.4606,483.9823544,110,340
53373582,3.71,9200,71000424,159747.7044,621388.1982,187.6588093,566,3379
52724308,5.61,1000,71000313,159074.0375,618425.9428,591.8943,259,1172
52724314,10.71,9200,71000424,159820.7839,621404.5833,97.02354207,567,3391
52724315,15.63,9200,71000322,157781.7587,618424.8241,509.265,438,2424
53373273,6.61,9200,71000243,160845.8606,618537.286,201.2115,465,2346
52728493,20.6,9200,71000311,159381.7477,618356.4035,247.95655,332,1527
52727267,17.61,9200,71000422,159891.3247,622049.3761,523.2047658,719,4372
52727269,7.36,9200,71000323,157832.9765,617606.3736,486.985928,552,2723
53373098,6.81,9200,71000424,160079.7377,621535.1113,204.78686,718,4008
52726966,7.9,9200,71000423,159399.9675,621538.1229,172.368716,620,3475
52726421,3.31,9200,71000243,160304.2698,618497.4283,87.44949649,354,1696
52722803,10.3,6520,71000224,161566.2009,619344.3106,651.4922,546,3471
52726092,7.04,9200,71000423,158787.2691,621603.1361,314.9231561,658,4436
52724001,16.4,9200,71000323,157927.761,617283.0525,1220.04005,615,3243
52723969,9.39,9200,71000243,160462.2163,618795.4289,166.21955,410,2027
53373115,10.9,9200,71000424,159836.0646,621458.3026,74.06684999,585,3470
52726963,4.61,9200,71000122,158581.5624,621317.8385,343.7046,610,4083
52726432,4.53,9200,71000112,158415.5043,619625.7571,218.0693,332,1436
52726436,3.55,9200,71000243,160438.7801,618482.3758,213.9770319,383,1835
52727797,7.62,9200,71000323,157886.8982,617600.3986,549.874,574,2799
52727803,3.3,9200,71000323,157733.8495,617760.302,172.6553,511,2524
52727300,5.73,9200,71000242,159890.39,617763.6001,237.2228652,417,2370
52724414,7.2,9200,71000242,160272.6072,617713.1377,234.18795,455,2700
52725764,17.62,9200,71000323,157866.8582,617675.5285,1397.4124,568,2784
52725767,11.31,9200,71000242,160937.3354,617917.5383,387.6103518,525,3114
53373396,4.3,9200,71000223,161507.8167,619576.9439,449.6043,583,3780
52724191,6.69,9200,71000325,157365.0363,618359.3593,190.74923,470,2824
53373441,8.95,9200,71000212,159967.2083,619348.3187,154.161293,354,1597
52723984,5.59,9200,71000211,160370,619334.75,226.9532,352,1839
52728856,7.44,6520,71000222,161135.0099,619624.2281,517.322119,536,2936
53373146,7.13,9200,71000414,160062.0883,622902.874,791.1394901,794,4777
52727816,6.71,9200,71000242,160099.4885,617763.4474,209.0233137,429,2445
52724645,6.38,5305,71000313,158504.25,618016.345,328.8771,423,1904
52725555,6.31,9200,71000242,160045.8292,618021.5647,124.1182665,408,2240
53373713,5.27,9200,71000423,158745.4629,621496.4116,250.9998803,676,4652
52727852,28.7,9200,71000321,158087.2594,618785.7497,557.1345,443,2373
52727864,4.63,9200,71000325,157646.4653,618791.5048,168.875,418,2279
53373178,3.3,7300,71000242,160949.1,618339.0001,64.92909999,517,2875
52727828,5.27,9200,71000242,159894.6344,617832.4733,201.2954218,406,2298
52722746,3.39,9200,71000243,161012.8855,618778.2155,188.622756,516,2624
52725083,7.74,9200,71000423,158771.6236,621581.4992,221.2141,694,4709
52725084,3.32,9200,71000325,157419.6871,618157.9708,142.8121995,500,2571
52725085,13.7,9200,71000314,158378.4253,618007.6536,617.61,542,2656
52725578,9.71,9200,71000243,160512.4252,618202.5283,354.5562,469,2731
52725503,5.63,9200,71000122,158658.0113,621409.2738,206.4620344,612,4039
53373717,8.09,9200,71000242,160016.6073,617960.0211,175.323,380,2200
52727341,6.35,9200,71000242,159903.3503,617690.594,166.565922,422,2419
52727349,5.12,9200,71000325,157473.2104,618148.441,137.236162,495,2539
53373883,16.4,9200,71000223,161418.9645,619627.0019,632.3424,608,3868
52727847,4.7,9200,71000112,158484.3999,619541.5134,232.70365,341,1466
52727849,8.21,9200,71000243,160189.4146,618714.1012,128.5918732,344,1580
52727314,5.49,9200,71000242,159907.2142,617762.2414,215.589591,403,2316
52724089,5.78,6520,71000113,158866.0594,619421.0416,921.570599,152,464
52723678,4.46,9200,71000122,158618.1572,621172.2597,199.12105,548,3012
53373469,3.48,9200,71000316,158654.7472,618850.6369,356.33035,212,802
52724536,3.68,9200,71000323,157639.0729,617844.5794,596.7379396,503,2454
52724544,6.81,9200,71000122,158641.6018,621250.6034,264.212,580,3156
52728823,7.35,9200,71000316,159077.1524,618797.4758,477.4605,219,842
52728316,3.3,9200,71000243,160053.4974,618635.8809,259.4076074,313,1401
53374214,9.41,9200,71000423,159207.6765,622048.4138,414.189643,674,4237
52728066,9.5,9200,71000423,159357.5698,622234.3433,221.03473,699,4479
52729574,7.6,5312,71000243,160521.6326,618510.5859,1227.069301,400,2053
52728702,4.72,9200,71000122,159067.1542,621228.2045,142.83955,545,2955
66708140,8.17,7300,71000324,157484.3968,617114.0002,3038.5621,436,2568
53373106,4.93,6520,71000121,158384.435,621290.6174,1538.324357,624,3539
52726984,8.8,9200,71000423,159579.6407,621612.0214,286.5015,631,3578
52726986,9.39,9200,71000423,159415.4375,621248.94,168.2542,646,3528
52721643,6.3,7300,71000224,162065.5191,619627.6277,127.2225,622,4395
52724959,4.62,9200,71000243,160225.0808,618294.6079,594.7135725,429,2446
52724161,10.03,9200,71000416,160581.5279,622157.4283,331.85205,914,4886
52723280,14.7,9200,71000424,159808.8111,621329.5452,646.3349,554,3314
52723817,7.3,6520,71000222,161022.1641,619215.1438,285.289295,476,2612
52723818,7.06,9200,71000212,159917.5141,619221.4184,128.424771,298,1335
53373421,7.8,9200,71000212,160008.8909,619363.3585,169.77765,321,1512
52728761,47.12,9200,71000422,159998.3731,621944.5866,571.073304,797,4265
52728261,13.04,9200,71000313,158306.226,617677.1619,540.23965,527,2542
52728262,12.13,9200,71000311,159218.2072,618622.8747,509.372622,250,1083
52728328,3.56,9200,71000112,158406.514,619542.899,153.26535,339,1454
52728332,22.9,9200,71000311,159345.4677,618345.7956,227.16075,324,1474
52729710,6.05,9200,71000112,158452.8033,619632.6115,160.11,330,1416
52726861,30.39,9200,71000415,160090.2455,622472.2653,509.9337252,800,4612
52726992,3.32,9200,71000122,158915.8965,621333.4053,231.62595,557,3740
52730898,4.31,5202,71000112,158893.7004,619649.5241,264.067,280,1160
52730922,8.1,9200,71000123,159129.0938,621096.3865,335.6703841,505,2857
52721652,7.29,9200,71000242,160095.3586,618065.8286,152.6896699,418,2293
52721653,6.11,9200,71000242,160241.2887,617993.4419,232.3027245,455,2493
52721661,13.31,9200,71000313,158727.76,618298.2808,209.716,314,1397
52722823,4.8,6520,71000224,161999.5023,619217.1393,49.5,618,3556
52723830,9.3,9200,71000211,160305.3574,619347.0673,261.4805475,356,1775
52724325,30.21,9200,71000112,158780.3953,619628.3866,543.2949,317,1242
52724330,9.61,9200,71000424,159750.9681,621298.5596,86.35545001,554,3298
53373864,6.8,9200,71000242,160065.0557,617766.8127,191.7036897,429,2445
52726345,10.42,9200,71000311,159254.4942,618551.8352,498.588194,243,1051
52726360,6.61,9200,71000243,160320.3635,618706.4461,256.1744,369,1732
53374766,5.9,9200,71000242,160163.7953,617694.5738,179.28235,451,2643
52731417,15.21,9200,71000322,157856.0774,618277.629,634.06485,462,2300
52732290,4.54,9200,71000242,160961.1924,618009.2331,134.0790867,522,3097
52732292,13.76,9200,71000112,158645.8528,619592.6901,364.6741,360,1590
52732711,4.34,6520,71000243,160664.9442,618329.3915,954.9778427,436,2281
53375153,23.6,9200,71000423,159342.718,621384.7347,419.8565,612,4128
53372323,10.2,9200,71000242,160015.3918,617993.8435,165.32355,402,2210
52723373,6.51,9200,71000243,160564.3056,618843.3842,228.83605,490,2532
52724727,6.39,5320,71000222,160940.0284,619096.4454,138.12465,423,2269
53373574,1.38,5710,71000321,158269.639,618845.0474,45.37545001,293,1248
52724729,6.01,9200,71000243,160517.3364,618843.7299,251.7374,408,1936
52724731,4.74,9200,71000424,159676.6537,621476.659,239.61315,598,3587
52726530,4.09,5740,71000313,158478.9506,618031.3297,447.5504,395,1803
52726531,6.6,9200,71000424,159762.2852,621625.1053,182.5905,716,3950
52727098,11.52,6512,71000322,157969.1189,618267.7477,4658.069256,484,2311
53374131,6.91,6520,71000224,162073.9719,619358.3998,700.9356967,614,3602
52733135,24.67,9200,71000215,159800.6087,619540.7602,1559.7574,365,2064
52733137,8.74,9200,71000316,158627.6958,619099.9473,540.24655,161,557
52733146,3.03,6520,71000223,161494.6549,619237.9125,105.3616,532,3374
53375155,4.11,5305,71000316,158790.4068,618834.933,285.21795,198,721
52733604,6.1,9200,71000243,160616.8532,618834.4402,254.3295,477,2475
52724009,12.725,9200,71000211,160166.2672,619084.3061,376.5987161,308,1415
52723294,6.67,9200,71000323,157862.0821,617574.0625,635.1882847,578,2811
53373897,4.37,9200,71000242,159929.1062,617980.0693,178.118787,368,2108
52726546,10.02,9200,71000423,159145.3617,621530.7584,330.100115,640,3677
52727018,7.7,9200,71000423,159547.9533,621501.7718,347.7971104,622,3519
52731460,13.44,9200,71000313,158225.6258,617690.7516,293.785,510,2474
52730944,5.12,9200,71000424,159671.2019,621343.9685,114.6964,566,3406
52733167,4.1,9200,71000242,160913.5437,618136.1025,97.75560201,502,2973
53373444,7.9,9200,71000211,160034.2063,619290.0594,273.254145,335,1487
52724033,7.41,6520,71000222,160959.1055,619327.3455,158.19315,509,2799
52725581,10.09,9200,71000242,160146.3149,617838.0279,215.495569,411,2367
52726066,9.14,9200,71000313,158419.6996,617903.5014,490.3752,431,1980
52726469,4.41,9200,71000242,160873.8581,617842.99,161.749724,531,3107
53373886,8,9200,71000426,160423.2671,621708.3758,207.3965647,770,4088
52723029,8.3,9200,71000243,160242.3951,618835.1754,248.4154,359,1657
52727022,8.11,9200,71000426,160370.9511,621461.1392,184.4961201,700,3700
53375080,5.7,9200,71000223,161508.1782,619639.5509,1010.269669,594,3854
53375156,4.53,9200,71000424,159702.7819,621399.0421,170.332,576,3426
52730096,3.3,9200,71000314,157906.6766,617962.1989,57.682,445,2174
53373389,7.81,9200,71000423,159471.0505,622226.0239,364.149451,695,4237
52723698,9.61,9200,71000243,160438.9696,618862.8708,350.806931,393,1861
52723703,5.73,9200,71000122,158929.4933,621347.3142,279.8514,555,3721
52726016,6.4,9200,71000223,161433.602,619428.3094,552.64314,560,3658
53373800,7.7,9200,71000122,159123.1247,621156.0778,167.2862,493,2788
52725992,6.71,9200,71000243,160137.5175,618733.5298,182.6645,338,1541
52726488,6.59,9200,71000423,159161.638,621614.5115,398.889104,671,3893
52723962,8.7,9200,71000243,160425.9522,618752.9046,143.10185,402,1980
65058646,2.62,9200,71000243,160615.0438,618347.0979,109.5847875,441,2264
53374305,8.2,6520,71000224,161955.3962,619335.8079,592.4811,550,3546
52733623,4.25,5710,71000321,158307.8254,618904.1373,883.7442,298,1277
52732344,3.3,9200,71000242,161017.7026,618060.3415,140.493576,523,3103
52724180,4.8,9200,71000242,160302.5566,617806.4413,150.8740052,447,2638
52724555,7.05,9200,71000424,159759.3305,621421.4481,132.2751872,582,3474
53373546,5.12,9200,71000323,157528.2937,617956.135,165.2879,510,2592
52725546,7.69,9200,71000426,160333.2533,621716.848,173.7303414,814,4618
52725994,5.35,9200,71000423,159193.6469,621589.0252,339.2999332,627,3637
52725473,7.4,9200,71000243,160615.0369,618237.8241,320.4982,432,2652
53372390,20.39,9200,71000311,159320.9196,618679.0631,338.03355,239,989
52723485,5.64,9200,71000325,157355.0127,618429.8698,189.5355115,455,2759
52723490,13.82,9200,71000223,161271.6211,619560.4123,350.37045,573,3361
52723491,7.29,6520,71000222,161043.2848,619345.675,99.75835001,534,2744
52727368,6.21,9200,71000243,160126.8998,618710.7094,125.5369,333,1516
52727382,3.31,9200,71000243,160006.2223,618714.0624,121.0128,301,1317
52728850,6.61,5300,71000223,161435.8995,619278.4896,342.97875,538,3478
53374217,19.08,9200,71000211,160244.805,619196.56,401.7248,336,1650
53374218,6.88,6520,71000222,160899.9,619449.25,293.388,465,2522
52727197,3.93999985,9200,71000243,160155.6316,618537.9852,284.2138159,340,1603
53374780,6.31,9200,71000242,160716.0552,618237.7134,234.5633535,462,2776
52730951,7.82,9200,71000243,160151.2516,618293.3798,486.1219136,383,2227
52730968,8.95,9200,71000314,158304.4837,618292.9883,464.3609,429,1933
52732348,7.39,9200,71000243,160050.0361,618290.0617,160.06115,383,2282
52731832,9.8,9200,71000243,160121.8005,618664.9977,225.86415,325,1474
52726391,6.03,9200,71000323,157873.642,617499.1074,1145.50795,623,3343
52722727,3.95,9200,71000243,160725.6026,618781.3843,123.37365,484,2524
52725953,10.6,9200,71000313,158605.2387,618156.0483,409.98705,381,1719
52722928,8.8,6520,71000224,161658.9471,619470.248,337.7123,579,3606
52723912,11.01,9200,71000212,160195.3532,619474.6908,1010.69055,417,2533
53373428,3.71,5710,71000321,158395.1498,618797.7004,48.12670814,264,1136
53373601,5.06,5310,71000316,158787.4127,618724.5221,584.4074,231,900
52724880,6.74,9200,71000414,159930.8769,622733.0802,146.6663,846,4971
52728774,5.4,9200,71000243,160914.3827,618707.5128,293.5161396,481,2474
52728778,24.26,9200,71000113,158672.4264,619444.2987,424.2934,202,863
52729564,19.56,9200,71000414,159978.6672,622858.4628,446.5946,799,4804
52731837,6.5,9200,71000242,160216.9524,617869.7607,149.5847621,431,2443
52733252,9.8,6520,71000224,161651.3422,619350.4507,881.0993176,547,3487
52732178,5.16,9200,71000325,157741.6663,618924.2335,186.1869,404,2132
66709028,7.905,6520,71000222,160887.3726,619008.6442,165.2530316,330,1946
66709270,6.71,6520,71000222,160885.4636,619211.5585,443.668456,328,1933
52732185,7.88,9200,71000122,158931.5109,621276.2191,254.9695,561,3776
52730001,3.85,9200,71000323,157766.0313,617612.4926,453.1207,551,2708
52735372,15.81,9200,71000325,157903.3664,618857.9679,724.0659,404,2024
52735342,12.4,9200,71000325,157693.8077,618204.2704,355.1416871,441,2220
52734887,13.17,9200,71000313,158373.0496,617683.6568,283.55015,502,2342
52735950,3.91,9200,71000242,159957.504,617836.0151,191.4354708,404,2291
53375568,12.5,9200,71000242,160913.0459,617996.6239,406.7076437,511,3033
52737885,11.88,9200,71000313,158855.805,618182.44,789.9099,325,1500
52737113,3.57,9200,71000414,159928.072,622431.6686,575.68475,795,4759
52737130,20.5,5253,71000311,159462.5871,618509.1467,1264.290066,328,1744
53375679,6.91,9200,71000212,159921.0479,619255.8,123.5057222,305,1380
52739018,3.3,9200,71000242,160819.7365,617883.2414,270.451054,537,3124
52738987,5.2,9200,71000242,160872.3473,617810.7612,145.7405947,547,3165
52731968,4.3,9200,71000242,160684.294,618203.1139,88.5645,453,2729
52730790,7.64,9200,71000242,160178.7567,617943.5883,175.9435786,401,2379
53374668,9.7,9200,71000421,160236.5481,621660.9974,226.1020528,734,4088
53375631,8.61,9200,71000243,160476.196,618297.6653,774.9590164,480,2814
52735798,24.48,9200,71000313,158081.3286,617674.2262,933.7041,508,2430
52735858,4.22,5305,71000314,158322.2799,618060.1195,375.215,428,1944
52735200,7.28,6520,71000224,162126.8965,619366.4978,763.2771,608,3877
52737899,20.45,5202,71000313,158752.4558,618072.0703,290.65295,349,1677
52738795,8.59,9200,71000242,160305.95,617870.324,175.28,427,2534
52738803,6.97,9200,71000325,157424.4321,618133.6928,282.3820199,497,2548
52738034,8.3,9200,71000211,160139.4869,619240.7296,277.020674,330,1568
52730137,7.8,9200,71000211,160273.0969,619342.0015,201.602,364,1732
52732424,5.96,9200,71000242,159867.3045,617869.5815,228.166709,397,2245
52733342,11.51,9200,71000313,158274.3063,617727.5596,503.625,487,2295
52733344,3.31,9200,71000243,160322.3458,618280.327,437.14755,423,2431
52733353,5.61,9200,71000243,160417.7233,618218.9077,409.284175,433,2467
53374054,10.49,9200,71000311,159287.8229,618750.5273,634.0504342,212,758
52733666,8.92,9200,71000316,158501.6582,618596.3753,482.666959,245,1168
52732780,6.88,9200,71000316,159110.5925,618742.1523,365.4065,302,1381
53374889,9.7,9200,71000426,160295.0327,621524.6431,164.327348,709,3720
52739225,6.32,6520,71000222,160815.6831,619223.4377,196.833,393,2166
52738256,3.55,5710,71000321,158278.8333,618896.4621,80.47705,298,1277
52737583,4.3,6520,71000224,161751.8432,619367.2325,61.19615,540,3466
52738273,8.61,9200,71000211,160111.9517,619238.1909,222.567,330,1524
52737965,6.909999925,5521,71000243,160818.331,618741.2564,159.5103866,507,2496
52731520,6.8,9200,71000242,159888.2482,618166.4555,207.793904,402,2257
52731278,8.2,6520,71000224,161602.0331,619542.6706,722.4405244,586,3671
52729935,8.6,9200,71000243,160657.8889,618669.3567,105.9265,429,2263
52732686,6.21,6520,71000224,161998.0071,619317.5019,976.1451,561,3556
52735713,5.9,9200,71000211,160068.0603,619364.3111,222.4495,326,1557
53375529,7.5,6520,71000224,161944.3401,619223.2279,1387.301,565,3436
52734100,8.355,5310,71000243,160428.0512,618281.8997,334.167288,458,2575
52734108,4.64,9200,71000242,159753.68,618193.2611,170.201577,342,1892
52734188,28.91,9200,71000414,159902.4233,622304.0352,1341.19315,680,4112
52734390,8.02,9200,71000415,160236.5303,622597.0482,160.74225,816,4696
52738336,7.94,6520,71000224,161722.6117,619655.0109,1172.02825,631,3861
52737991,8,9200,71000243,160170.0329,618666.6935,165.582,335,1569
53376347,12.55,9200,71000314,158422.2239,618187.786,387.605256,427,1981
52731942,13.33,5253,71000325,157578.6212,618246.502,3276.7666,524,2952
53373989,3.3,9200,71000242,160434.1835,617709.577,78.54214851,572,3379
52733276,5.34,9200,71000325,157581.3006,618757.2,143.17005,435,2345
53374130,6.48,9200,71000211,159962.4666,619227.764,233.9776,303,1359
52733124,13.82,9200,71000424,159886.885,621182.0003,359.6359,532,3297
52733127,3.51,9200,71000424,159712.154,621220.1401,294.741,507,3119
52734545,6.21,9200,71000243,160288.2758,618760.2286,109.7001,368,1719
52734599,6.94,9200,71000242,159793.3781,617985.6657,184.5723895,351,1976
52734604,8.01,9200,71000243,160039.0335,618260.5633,224.719,383,2284
53375334,9.05,5337,71000323,157815.4583,617747.4363,578.99515,574,2799
52734636,5.27,9200,71000242,160798.6513,617825.1647,376.370607,487,2972
53375585,5.05,9200,71000242,159897.9428,617897.0679,192.44785,395,2232
52736951,4.1,9200,71000323,157768.5818,617444.4559,852.450638,645,3418
52736542,3.88,9200,71000243,160852.2262,618526.8969,133.962092,508,3142
52738937,8.2,9200,71000423,159094.0702,621593.7714,361.2178341,639,3727
52738894,10.11,9200,71000424,159824.6526,621423.0126,150.4700949,575,3421
52739810,6.31,9200,71000316,159051.877,619001.6277,290.726989,221,896
52732404,3.41,9200,71000242,160854.6765,617942.0354,69.21953426,503,2998
52732372,4.4,9200,71000242,160905.2212,618129.2376,159.7070439,501,2963
52731349,7.3,9200,71000424,160199.6918,621481.3259,160.61005,647,3479
52731353,8.7,9200,71000424,160168.8884,621575.1548,196.756123,698,3997
52731760,7,9200,71000424,160105.9236,621389.3639,124.923728,751,4224
52734562,5.64,9200,71000242,159857.9419,617669.0671,273.0326021,425,2447
52734564,9.12,9200,71000423,159430.4467,621479.6286,381.63865,609,3416
52735108,9.52,9200,71000313,158658.5181,618166.4071,269.54005,357,1703
52735523,4.81,9200,71000242,160429.897,617655.6472,123.3783963,561,3328
53375496,7.5,9200,71000242,160056.3982,617828.1839,184.7868755,402,2363
52735529,4.76,9200,71000242,159985.2303,617966.1891,135.293755,376,2168
52735530,6.21,9200,71000323,157530.7374,617897.7395,173.3898813,533,2691
52736958,3.6,9200,71000323,157496.6541,617967.6769,137.68685,508,2586
52736577,9.91,9200,71000424,159778.3473,621336.1061,107.77385,554,3314
52736579,4.82,9200,71000112,158515.2551,619665.2017,158.5555,293,1233
52739284,17.77,9200,71000311,159102.8833,618575.6314,250.4862676,250,1074
52733223,6.91,9200,71000243,160460.0949,618677.4239,265.95235,471,2315
52733508,3.98,9200,71000313,158371.9849,617878.5714,284.2745788,445,2030
52730010,5.75,9200,71000242,160819.684,617696.0401,142.6047379,585,3389
52733992,8.41,9200,71000421,160283.6878,621719.767,148.8479415,738,3925
52734990,5.89,9200,71000242,159866.4188,617839.3708,167.5115,381,2279
52735425,28.56,9200,71000211,159730.0226,619110.8403,519.2051,342,1583
52735537,6.11,9200,71000242,159977.8843,617690.5805,214.4066,422,2424
52735538,6.09,9200,71000242,160180.5105,617903.6219,224.7261526,402,2389
52735546,6.19,9200,71000242,159803.9923,617970.644,153.7659,353,1994
52734352,31.12,9200,71000321,158020.9987,618844.4979,511.7382,426,2284
52738222,7.37,9200,71000243,160777.117,618590.5941,405.1858944,442,2287
52737946,5.28,9200,71000323,157575.0692,617943.0506,192.956701,514,2627
52737947,4.7,9200,71000242,160246.0015,618072.6059,212.9573825,438,2407
53376255,9.51,5521,71000223,161247.7681,619589.6089,400.2138,577,3375
53375091,8.4,9200,71000211,160305.9677,619378.0136,233.8809353,358,1826
52730682,20.72,9200,71000311,159329.3772,618720.8695,252.34205,224,809
52732512,5.95,9200,71000242,160476.3864,617804.0135,647.9529285,527,3185
52732654,8.31,5201,71000222,160628.5126,618997.5393,371.4265874,359,1958
52735384,6,9200,71000421,160223.7134,621632.9044,176.847279,734,4083
52735439,6.155,9200,71000423,159152.6322,621634.6153,164.7887709,669,3879
52734905,5.57,9200,71000424,159681.947,621379.5591,153.4675,571,3452
53375387,8.5,9200,71000424,160159.8507,621546.2763,170.1597,736,4082
53375577,3.46,9200,71000423,159488.7608,622213.4889,403.0563252,691,4214
52736451,14.76,9200,71000314,158242.9,617914.63,406.9,513,2492
52736906,28.3,9200,71000211,159738.7119,619162.6742,514.93765,337,1548
52733847,4.7,9200,71000424,159731.4232,621393.0309,210.53905,577,3431
52738836,8.9,9200,71000243,160065.6333,618739.0909,166.0272,313,1406
52737161,6.3,6520,71000222,161054.3173,619366.2733,108.7824,495,2767
52736707,5.23,9200,71000112,158483.2231,619570.2456,169.6367,339,1456
52731057,3.35,9200,71000323,157564.251,617881.9873,206.9539868,504,2460
52731284,3.31,6520,71000314,158281.9001,617944.7933,59.1928,523,2541
52734849,6.91,9200,71000242,160123.6509,617760.1464,213.8882798,429,2445
52734919,3.9,9200,71000313,158815.0308,618300.9365,527.323744,307,1346
52736288,11.15,9200,71000314,158456.7516,618197.6549,408.6196,433,1947
52736404,8.22,9200,71000316,159215.4082,618924.1414,316.13005,200,739
52736636,4.21,9200,71000243,160967.0003,618653.9215,171.7445875,496,2545
52736647,8.27,9200,71000325,157742.7951,618727.5434,285.88105,458,2483
52736648,22.32,9200,71000311,159322.3428,618512.8687,307.43616,269,1191
52738126,24.46,5340,71000311,159361.6592,618885.969,326.8284,217,800
52738052,11.66,9200,71000322,157917.8307,618418.4193,440.676522,400,1963
53376277,9.33,9200,71000212,160430.3023,619474.1883,188.8899,450,2572
52738059,4.15,9200,71000316,158781.6274,619061.6434,470.2469,164,547
53374624,4.61,9200,71000243,160339.0364,618416.8516,272.7725346,360,1763
52730145,7.5,9200,71000243,160597.5438,618351.8657,228.88645,441,2264
64908814,4.655,9200,71000242,160465.7872,617921.0827,191.6938453,469,2836
52731297,8.6,9200,71000426,160377.3493,621477.2931,207.8887632,699,3683
66707263,6.6,6840,71000224,162223.1611,618831.7037,290.6425,559,3294
52731711,6.74,9200,71000323,157962.9238,617449.8989,1003.07,633,3325
53373955,34.43,9200,71000311,159311.2441,618413.7331,378.0375472,319,1461
52729951,10,9200,71000426,160428.0641,621800.608,184.2384213,771,4120
52729952,4.54,7300,71000242,161109.2504,618671.6456,59.385,427,2443
52735822,3.31,7300,71000242,161000.1965,618302.18,200.4088618,515,2877
52735833,5.91,5305,71000322,157899.6907,618306.8522,218.0189,412,1982
53375562,4.54,9200,71000323,157685.2613,617600.8545,1022.464552,558,2721
52736097,9.61,9200,71000424,160152.0616,621514.3223,239.5747565,736,4083
52736099,8.8,9200,71000426,160295.2344,621611.2815,152.625039,825,4731
52737588,17.29,5202,71000113,159559.9622,619034.8294,2824.7258,190,720
52739010,10.52,6520,71000224,162238.6145,619556.1165,1608.39295,613,4027
53374785,2.9,9200,71000242,160729.767,617737.4037,94.49628076,527,3098
52731557,5.98,9200,71000323,157537.6466,618018.9999,238.9392,506,2577
52732464,6.55,9200,71000314,158130.4271,617960.4977,209.995,522,2499
52731909,15.71,9200,71000314,158009.0372,617855.9742,334.03315,539,2545
52731372,4.22,9200,71000316,158687.199,618948.8025,761.5055489,190,664
52731376,14.51,9200,71000325,157696.2621,618574.014,664.93455,505,2677
53375544,7.41,9200,71000323,157909.7451,617612.8302,536.5913,593,2849
53374137,3.73,5310,71000316,158740.7639,618751.6469,228.1905,230,894
53374138,6.93,6520,71000121,158510.0742,621393.1033,2697.009353,588,3335
52735839,6.91,5300,71000242,161065.8454,618296.1664,460.309402,514,2895
52737554,4.9,9200,71000242,160784.6787,617933.9285,266.489587,515,3053
52737558,3.31,9200,71000325,157538.1648,618600.6019,255.5563352,466,2613
52737569,7.2,9200,71000424,160173.9204,621541.3932,170.15533,740,4098
52736597,14.07,9200,71000322,157896.4883,618723.0386,708.8308,368,2042
52738226,7.99,6520,71000222,160751.6336,619573.5837,383.0327,464,2382
65058654,5.4,6520,71000222,161023.6588,619577.6094,878.1903833,485,2668
52738002,9.1,6520,71000224,161709.3556,619483.7303,465.0047483,604,3729
52738003,5.75,5521,71000311,159154.2311,618581.8454,278.5464273,230,977
52738464,8.61,9200,71000426,160309.8693,621379.3716,186.9236153,664,3945
53376349,17.23,9200,71000422,159835.097,621893.7936,554.7691098,718,3977
52731917,5.5,9200,71000242,160877.9674,618283.5868,193.3315387,542,2941
52732595,5.5,9200,71000242,160108.1458,617667.103,172.734678,450,2609
52737106,21.1,9200,71000212,159995.5045,619379.8732,178.637538,361,1639
52734131,7.7,9200,71000426,160473.9194,621662.5986,205.8543025,722,3709
52734168,5.7,9200,71000243,160255.5874,618595.4569,170.9494695,414,2032
52734174,8.89,9200,71000242,160840.3169,617764.2419,333.1186,563,3218
52734192,20.47,9200,71000321,158295.6952,618641.1122,886.2658036,307,1470
52734248,6.8,9200,71000242,160227.305,617708.785,183.175,468,2750
52736972,4.71,9200,71000242,160719.9792,617987.2171,242.5939845,466,2794
52738914,4.09,9200,71000316,158944.1641,618588.8998,342.3497493,258,1166
52739300,6.01,9200,71000325,157486.2847,618580.966,197.8317079,368,2310
52733298,4.1,9200,71000242,160515.4202,617859.2421,242.79675,502,2948
52731247,4.74,5300,71000242,160246.6916,618123.3626,462.64025,404,2311
52732223,10.43,9200,71000313,158416.9922,617789.4488,588.21685,450,2144
53374047,7.06,6520,71000223,161207.139,619387.3154,767.3768861,530,3008
52732247,7.2,9200,71000323,157518.5925,617921.1511,123.53615,515,2627
52735699,11.86,6520,71000224,161625.7575,619577.6404,465.0185,600,3704
52737040,7.65,9200,71000424,159775.3933,621685.0941,166.241053,670,3883
52737041,5.52,9200,71000423,159315.9107,621508.1989,103.843,608,3489
52737051,8.39,9200,71000424,160182.0107,621506.1403,211.755484,743,4113
52734084,10.2,6520,71000242,161060.8418,618534.9637,2536.58355,508,2735
52734091,8.81,9200,71000426,160310.8958,621397.2504,146.5005575,666,3962
53375328,2.75,5521,71000323,157807.4388,617338.6275,63.78989477,623,3295
65188798,5.095,9200,71000243,160853.2995,618673.2563,488.0540458,463,2406
52737954,3.54,9200,71000242,159831.8933,618007.1194,200.7664163,357,2011
52737930,5.23,9200,71000242,159782.7272,618078.7094,182.4150611,354,1949
52738931,6.5,9200,71000242,159756.7251,618068.915,168.4716,336,1879
52739780,4.2,9200,71000242,160367.1948,617900.7109,183.2979,427,2579
52731873,16.72,9200,71000424,159821.1234,621199.2407,308.83705,524,3230
52729305,9.66,9200,71000311,159268.4009,618715.1292,364.93445,243,1014
52730409,11.13,9200,71000313,159019.833,618362.0106,750.6605,292,1299
52730413,10.01,9200,71000424,160033.1311,621521.4737,317.2557906,717,4026
53374584,8.3,9200,71000423,159570.7583,621502.5763,228.75395,625,3540
52732668,7.51,9200,71000123,159209.0178,621096.0933,279.4144,518,2930
52732676,5.71,9200,71000223,161501.9699,619556.7118,616.6135585,576,3731
52734534,14.92,9200,71000322,157928.2824,618771.0077,654.32505,353,1975
52734535,8,9200,71000423,159588.8655,622197.5622,139.953099,674,4125
53375407,3.36,9200,71000242,160959.3522,617831.952,91.9485,552,3230
53375418,7.13,9200,71000325,157430.1459,618112.6398,372.0019657,493,2526
52735554,8.75,9200,71000314,158364.6222,618190.2678,209.0254534,414,1877
53375506,13.9,9200,71000242,160916.7732,617954.1111,385.8207274,512,3042
52737254,5.32,9200,71000323,157582.5432,617927.7835,173.07395,530,2682
52734460,7.18,9200,71000122,158646.6184,621213.1945,231.33495,556,3062
52735511,5.84,9200,71000243,160371.5473,618181.8629,517.2622165,427,2448
52735997,8.41,9200,71000243,160469.6035,618180.9249,317.6445,403,2454
52736002,4.21,9200,71000242,160006.5413,617809.6726,169.40725,408,2396
52736003,7.31,9200,71000242,160050.817,617889.789,356.8684109,397,2318
52729277,5.9,5330,71000113,159506.5727,619614.0702,734.262,276,1647
52731746,8.61,6520,71000224,161593.2078,619457.6082,804.3106372,565,3588
53375216,4.51,9200,71000242,160791.1318,617687.9829,156.0933765,592,3412
52735322,3.63,9200,71000242,160005.9233,617689.13,214.0475005,425,2453
52735328,6.13,9200,71000323,157693.8773,617753.3433,593.4894,508,2508
52735403,4.93,9200,71000242,159794.086,618144.2446,173.076467,341,1878
52735405,5.5,5740,71000313,158744.986,618214.4009,197.2775,344,1602
52735409,8.4,9200,71000426,160435.3556,621638.5292,163.6907453,716,3740
52735410,4.4,6512,71000242,160155.5887,618160.5205,76.91145,381,2224
52734874,7.4,9200,71000242,160132.2425,617687.1055,194.3545,449,2615
52734931,9.8,9200,71000242,160803.4406,618311.0584,200.6594,462,2884
52735933,13.23,9200,71000313,158233.3664,617652.7948,599.06505,506,2460
52736426,3.59,9200,71000314,157873.35,618054.715,173.9543,417,2076
52736529,8.61,9200,71000426,160353.746,621508.5119,216.355056,696,3661
52736535,13.04,9200,71000311,159262.4623,618511.115,486.525362,303,1436
52738076,4.82,9200,71000323,157597.5466,617900.3449,193.77065,499,2422
53375699,7.3,9200,71000421,160198.1285,621609.386,199.8876375,721,3824
52739119,6,9200,71000242,160159.6731,617877.8313,218.866875,419,2391
52738600,7.26,5330,71000113,159502.1516,619264.3075,1952.05725,250,1261
52737504,5.97,9200,71000323,157536.6775,618067.5558,119.8969,500,2532
53376938,8.8,9200,71000313,158479.65,617836.405,583.869,439,2066
52743579,3.95,9200,71000316,159131.7811,618955.1772,301.9651,213,826
52742790,9.01,5521,71000222,160765.7735,619631.78,173.10855,447,2467
52742812,11.9,9200,71000243,160067.8042,618793.4894,299.666448,321,1449
52742802,5.7,9200,71000243,160914.2171,618568.0517,355.4022435,487,2477
52740199,19.58,9200,71000323,158031.0367,617577.6523,397.4087,597,3097
52741567,4.84,9200,71000242,159912.136,617855.6925,184.1169876,387,2222
52742490,8.2,9200,71000242,160046.387,618109.798,152.187,418,2294
53375804,6.12,9200,71000313,158729.8013,618197.4996,307.928,356,1695
52743124,3.5,9200,71000242,159950.4391,618030.9193,188.0464,381,2140
53377105,5,9200,71000243,160982.1655,618731.8572,233.5149875,516,2634
52745870,9.5,6520,71000222,160891.6362,619487.8463,915.4794,449,2483
53376476,4.6,9200,71000211,160497.9787,619148.9745,463.3215648,375,2073
52739058,5.89,9200,71000242,160106.4587,617927.9209,124.0145245,393,2323
52739059,4.02,9200,71000242,159986.6015,617888.0296,167.41935,395,2233
52739985,6.21,9200,71000424,159743.7434,621442.5017,169.1688943,584,3484
52742280,24.86,9200,71000113,158718.041,619445.5412,581.71935,207,823
53375930,22.32,9200,71000311,159315.222,618361.3004,321.39525,314,1444
52742494,3.35,5521,71000314,158224.5902,618101.9291,256.6621371,579,2772
52742576,5.71,9200,71000242,159896.7173,617856.5165,180.453939,395,2232
64908789,5.95,6520,71000423,159117.9483,621672.2082,564.5191449,651,3795
52743328,13.08,9200,71000311,159111.3447,618639.9471,339.1562855,212,878
52743264,7.38,5521,71000321,158260.8054,618709.4628,306.3628,417,2261
52743268,9.7,9200,71000243,160149.0576,618708.3639,266.19325,335,1526
52743270,6.51,5305,71000243,160432.9195,618350.356,291.18,461,2607
52746441,2.7,6520,71000222,160865.0535,619102.6665,46.4054,474,2519
52738551,5.605,9200,71000242,160595.9141,617845.4165,298.1912595,484,2956
53376364,26.31,9200,71000211,160435.1456,619086.0529,361.25905,332,1666
52739437,4.7,9200,71000242,159749.819,618125.2547,168.5244813,330,1819
52739440,3.31,9200,71000242,160508.4936,617936.4831,129.3129478,494,2875
53375759,8.5,9200,71000242,160044.1127,617791.4617,194.4954,411,2411
52738766,6.11,9200,71000323,157503.1033,618003.19,111.6159,501,2538
52740844,3.31,6512,71000313,158543.25,618137.405,79.56629999,375,1681
52740855,15.13,9200,71000323,157638.355,618108.095,668.4509,462,2342
52740861,5.51,9200,71000242,161083.4333,618121.9518,213.7663784,555,3253
52744625,4,9200,71000243,160675.8027,618764.7987,177.16095,488,2433
52744632,7.63,9200,71000325,157734.1049,618996.7905,271.81905,404,2123
52737376,5.9,9200,71000323,157950.029,617408.5322,78.33934999,626,3294
52736857,13.81,9200,71000122,159144.3029,621267.0001,559.855,520,2853
52736861,24.87,9200,71000113,158757.7397,619450.9925,479.50185,198,782
52738768,5.7,9200,71000223,161471.5733,619563.2384,207.84,601,3838
52739196,8.09,6520,71000224,161788.149,619448.0041,1140.112827,569,3635
52739198,12.87,6520,71000224,162039.6777,619467.3313,971.7749,583,3698
53376811,3.3,9200,71000232,160567.478,621209.7638,233.0837925,609,3346
52743801,6.5,9200,71000243,160236.1217,618781.0514,224.6895,349,1625
52743805,6,6520,71000222,161053.819,619256.3762,325.8297,479,2658
52746522,13.31,9200,71000112,158947.0498,619631.6154,441.09115,258,1041
52744453,5.01,9200,71000212,160108.4454,619411.8043,238.79865,331,1613
53376874,3.32,9200,71000423,159476.165,621571.574,182.7525019,607,3472
52744160,12.8,9200,71000122,159235.8009,621200.9052,505.1067,509,2793
52739343,6.45,5710,71000321,158353.6768,618857.6706,2822.16515,274,1166
52737776,8.54,9200,71000212,160392.75,619455,206.2592,444,2541
52739504,7.6,9200,71000122,158490.1464,621231.7687,137.09505,619,4214
52743774,5.8,9200,71000316,159056.7155,618781.3343,454.24105,241,928
52740792,7.1,9200,71000242,160068.0627,618136.0041,167.928001,423,2316
53375953,7.27,7600,71000242,160452.5332,617760.3848,505.4211,523,3181
52746527,9.5,9200,71000212,160065.6589,619644.3436,523.2892625,366,2074
52744910,6,9200,71000325,157754.91,618953.095,195.405,412,2166
52745556,8.5,9200,71000242,160711.1082,617758.3165,134.303228,523,3081
52745527,9.21,9200,71000426,160440.9854,621570.5119,184.9575,704,3611
52737275,6.5,9200,71000242,160768.5478,618286.7136,176.601,474,2848
52737799,8.1,9200,71000211,160451.7141,619330.3013,242.7582585,389,2134
52736550,12.4,9200,71000423,159022.2603,621738.7237,437.4800822,652,3870
52743736,9.49,9200,71000416,160643.4318,622336.276,313.2357535,868,4725
52743737,9.51,9200,71000211,160289.139,619328.8463,273.328328,354,1759
52740795,8.3,9200,71000416,160691.6974,622221.0511,141.629884,904,4908
52740730,3.78,7600,71000314,158490.3155,618270.0755,232.1681,419,1885
52740731,14.04,9200,71000314,157973.1894,617931.4481,617.18685,555,2631
53377036,6.75,9200,71000316,158661.4806,619010.223,404.6879922,177,619
65191795,8.12,6520,71000222,160831.1158,619359.6239,2447.578219,468,2363
52738708,4.43,9200,71000325,157708.9111,618842.4524,171.58555,431,2222
52741842,9.91,9200,71000424,159755.2179,621319.5284,86.444,556,3313
52742298,6.4,9200,71000243,160606.3441,618722.6201,174.0016,447,2332
53375777,8.1,5337,71000242,160097.0349,618116.9164,181.2025399,426,2333
52740213,16.73,9200,71000325,157636.9303,618432.3456,664.6378,473,2459
52741666,7.71,9200,71000424,160114.318,621518.0249,138.8235875,727,4045
52742594,8.11,6520,71000224,161667.4216,619401.734,258.88485,582,3600
53377111,8.75,9200,71000316,158729.6846,619152.1472,607.19275,143,478
52745476,8.59,9200,71000242,160459.6697,617825.0296,145.024648,528,3193
52745490,5.07,5300,71000322,158048.1784,618543.8939,560.5183,367,1755
53377186,15.27,7600,71000424,159706.949,621309.0958,138.6335806,561,3341
53376212,6.85,5521,71000314,158109.4222,617987.5447,330.1215,522,2499
52737733,5.92,9200,71000242,159816.6487,617956.8788,193.672863,356,2013
52741776,14.21,9200,71000242,160883.9683,617975.9484,413.12163,507,3015
52742312,3.31,5312,71000316,158954.6577,618653.199,200.80925,314,1351
52746540,9.92,9200,71000311,159358.7858,618840.0591,401.7926,209,760
52746482,8.12,9200,71000122,158482.2523,621220.9894,140.05455,623,4255
52739990,8.31,9200,71000122,158783.9683,621333.2924,151.6266,583,3886
52741246,4.11,9200,71000323,157543.9971,617926.1229,175.9409345,516,2630
52740664,8.5,9200,71000243,160225.7143,618665.0632,103.436,355,1641
52741622,13.04,9200,71000325,157753.0753,618653.3955,664.35045,519,2775
52744655,3.95,5300,71000315,158830.4856,618506.2562,268.1566676,300,1364
52744656,8.6,9200,71000243,160612.756,618577.7029,241.841764,426,2206
52744666,6.91,9200,71000423,159428.5053,621666.2485,374.1542885,634,3597
52744672,20.36,9200,71000122,159068.5029,621391.9284,1385.05095,540,3630
53376487,4.18,9200,71000325,157805.3849,618924.9139,270.94435,419,2229
52739030,6.3,9200,71000242,160722.1029,618087.562,333.6957148,479,2828
52739036,4.57,9200,71000313,158716.5721,618230.0021,241.68415,346,1608
52739095,5.07,9200,71000242,160577.261,618082.9055,198.4245616,451,2710
52739518,6.16,9200,71000323,157743.2416,618130.2712,227.06,489,2383
52739519,4.88,9200,71000242,160150.5702,617992.1367,377.4869764,474,2583
52741259,16.13,9200,71000323,157807.5728,617648.4135,1230.8938,537,2657
53376682,8.6,9200,71000211,160383.2062,619288.4865,250.752,350,1813
52741391,13.41,9200,71000322,157863.7469,618548.492,597.8499155,538,2819
52741396,10.3,9200,71000243,160424.9739,618572.7093,171.8278862,375,1845
52740684,3.86,5202,71000212,160600.3972,619665.8908,85.46385,464,2440
52743890,7.82,5300,71000311,159127.1627,618556.3407,1106.8061,231,985
52744941,6.13,9200,71000243,160954.1416,618734.4648,364.5062134,524,2662
52744676,6.5,9200,71000212,159986.3699,619339.1882,127.7152417,317,1479
52744179,5.5,9200,71000243,160272.6602,618357.2543,331.51075,398,2348
52744366,9.89,9200,71000311,159389.5769,618832.3047,363.747,216,802
52743552,4.03,9200,71000243,160221.7972,618266.5501,453.7646398,428,2441
52743553,5.11,5521,71000314,158148.7651,617997.5926,182.9212,549,2645
52742777,10.29,5305,71000313,159031.2745,618412.7396,209.699112,301,1337
52742808,11,9200,71000313,158978.1588,618411.5847,462.2440546,280,1234
52742783,6.81,5202,71000313,159221.8824,618342.563,1135.0836,291,1345
52741124,5.13,9200,71000112,158508.199,619564.798,279.844,345,1484
52743218,9.4,9200,71000325,157798.0076,618868.7889,325.152,426,2248
52743233,10.64,6520,71000222,160852.5407,619443.2689,576.2426179,493,2380
52743240,5.06,9200,71000426,160405.6681,621469.4653,209.9573481,702,3624
52744262,7.24,5300,71000311,159110.9107,618485.4758,2847.5516,260,1175
52739348,8.41,6520,71000224,161593.819,619369.8989,378.97535,581,3613
52737810,28.02,9200,71000314,158221.6592,617959.8961,627.8903,539,2584
52742127,3.75,6520,71000222,160685.5531,619406.5945,134.1386575,430,2331
52742132,9.2,6520,71000224,161997.3,618876.75,173.01,546,3526
52743565,6.5,6520,71000224,162041.048,618935.1998,1230.90135,545,3390
52743076,5.7,6520,71000222,161035.2051,619155.8368,123.2487,473,2557
52741560,7.1,6520,71000224,161815.186,619583.051,275.43705,607,3796
53375924,6.8,9200,71000243,160283.4841,618592.4809,78.91706999,407,1998
52741611,5.02,9200,71000323,157753.7064,618115.6459,122.00855,493,2401
52744610,7.93,9200,71000242,160424.7857,617604.3231,275.6297415,554,3293
52745043,9.82,9200,71000423,158738.3517,621574.1549,145.78645,699,4732
52745116,8.3,9200,71000211,160338.9533,619331.7503,225.6525,358,1793
52739354,4.49,9200,71000316,159245.3955,619002.8871,441.98385,217,839
52737282,7.51,9200,71000243,160246.429,618216.4597,297.0259,454,2566
52737337,11.68,9200,71000314,158342.5632,618204.3195,177.75705,419,1895
53376390,6.4,9200,71000325,157658.2974,618908.0738,201.8954,415,2251
52743493,5.3,9200,71000243,160278.975,618881.5781,89.59940424,303,1438
52743783,23.63,9200,71000325,157792.8517,618702.2503,413.5396,397,2184
53376135,3.9,9200,71000242,160919.5054,618049.3065,249.6710084,504,3018
52740304,3.5,9200,71000243,160114.1509,618271.6399,595.56325,386,2259
52740309,9.9,9200,71000243,160466.3914,618204.9228,403.7988,426,2477
52740310,4.75,9200,71000242,159777.67,618121.7167,177.9071238,354,1948
52741769,9,9200,71000243,160395.7695,618282.0769,343.87305,441,2507
52745381,7.3,9200,71000243,160136.7831,618805.147,190.78245,333,1526
52744112,9.7,9200,71000242,160495.9724,617601.4711,339.2093665,540,3243
52745492,7.81,9200,71000243,161026.55,618772.5756,110.4277025,519,2639
52737298,6,5740,71000122,159033.6784,621168.5831,322.9569,513,2844
52739151,6.9,9200,71000242,160804.7272,617728.7534,259.9209916,603,3438
52740632,8.48,9200,71000112,159003.3825,619563.974,195.19545,290,1148
52742320,4.75,6520,71000222,160901.0041,619635.2971,126.0831,487,2686
52742326,16.24615385,9200,71000211,160199.3094,619026.4273,403.3489531,304,1433
52742340,8.5,9200,71000211,160239.0124,619265.6586,274.105847,343,1679
53377285,5.09,6520,71000223,161279.6936,619350.7305,186.621002,559,3029
52745892,8.4,9200,71000211,160290.1596,619358.4495,269.0325682,364,1851
52736783,8.1,9200,71000122,158596.9783,621278.1675,322.23915,580,3151
52736784,7.96,9200,71000416,160660.9149,622245.1007,119.4615475,908,4812
52737755,13.52,9200,71000313,158242.2215,617628.8675,542.4807,512,2468
53374863,7.41,9200,71000242,160159.236,617940.0752,123.6157155,400,2370
52740419,6.7,9200,71000242,160426.4598,617789.4095,138.9326725,524,3168
52741346,15.32,9200,71000323,157708.7102,617903.4969,867.0425,472,2310
52743707,9,9200,71000243,160402.9126,618573.0654,229.6882284,372,1823
53376965,7.2,9200,71000243,160881.0152,618564.5817,214.944882,482,2453
52743717,16.12,9200,71000325,157648.6672,618489.5913,664.60005,473,2457
66702173,6.2,6520,71000222,160807.4489,619544.7738,180.0180849,319,1883
52743721,9.015,9200,71000315,158745.4922,618407.661,331.103103,318,1526
53377030,4.93,9200,71000211,160371.5996,619366.6666,217.528,365,1841
52744071,3.43,5312,71000316,158959.9512,618625.0947,209.1703,310,1333
52743317,8.71,6512,71000223,161239.3706,619366.1711,720.56964,526,2991
52744693,3.59,6520,71000222,160956.7802,619545.1036,89.0951,461,2561
53375986,7.27,9200,71000424,159754.6303,621606.3919,214.2599,715,4067
52742188,3.73,5310,71000316,158778.8434,618756.4479,458.43595,236,916
52741639,8.21,9200,71000243,160509.8907,618676.5738,358.2429,460,2269
52742555,24.88,9200,71000215,159869.6016,619620.2426,1432.4636,400,2212
52743112,4.19,9200,71000325,157679.2458,618803.0434,121.6425,419,2285
52744076,5.24,9200,71000325,157773.3147,618917.1053,178.505,422,2237
52745456,4.88,5710,71000321,158085.1474,619009.5747,291.2604,384,1857
52745460,6.5,9200,71000243,160351.0367,618762.5462,160.01455,381,1794
52746375,7.3,5710,71000321,158233.25,619163.345,209.855,359,1686
52744696,6.52,9200,71000211,160051.9093,619346.4497,254.34851,322,1528
52744697,5.41,9200,71000243,160763.3031,618351.5358,126.33745,455,2842
52738141,3.61,9200,71000242,160840.9493,617886.6941,103.36,536,3116
53375697,10,7600,71000423,159190.9053,622172.1784,421.73795,697,4404
52715417,5.48,9200,71000242,159894.6521,618026.6146,152.9833365,370,2093
52715422,7.51,9200,71000242,160066.1714,617989.2123,173.3503013,413,2257
52714927,6.21,9200,71000243,160957.2204,618688.4613,171.9749,492,2520
52715990,8.2,9200,71000211,160225.6473,619374.6948,228.43005,349,1742
53372024,3.62,6520,71000212,160578.7754,619510.9832,477.204585,450,2341
52716077,3.31,9200,71000242,160753.3421,617751.8528,78.74021114,506,3052
52717468,6.3,9200,71000243,160862.4544,618582.6694,181.054475,489,2478
52717469,5.28,6520,71000224,161797.5089,619473.6112,391.7733623,573,3662
52715172,4.7,9200,71000243,160613.5,618388.56,64.22600001,440,2252
53371344,3.93,9200,71000323,157550.9478,617990.698,212.8254,506,2576
52716278,7.85,9200,71000112,158378.8518,619681.7524,200.49815,335,1493
53372074,3.45,9200,71000112,158347.8855,619693.2048,192.519,362,1576
52716352,8.8,9200,71000243,160084.0473,618689.2878,142.8465,325,1454
52715860,5,9200,71000212,160176.7984,619418.4816,134.24245,340,1682
52718806,5.45,9200,71000242,159983.1102,618050.6624,171.6663939,397,2201
52721612,5.5,9200,71000242,160944.4291,618056.2306,354.6897777,509,3044
52713955,9.75,9200,71000314,158018.5537,618213.6922,807.878,354,1791
52713976,3.99,9200,71000423,159300.0959,621456.0163,338.8217985,607,4102
53371820,6.6,6520,71000212,160543.4934,619697.0502,242.3255,476,2487
52714955,10.6,9200,71000313,158983.752,618461.8532,214.8962587,241,1079
52717470,4.81,9200,71000112,158381.0748,619640.3357,274.03305,353,1548
52717022,7.54,5201,71000223,161362.5014,619345.3038,500.5013695,545,3061
53371865,9.6,9200,71000243,160980.1064,618679.1059,319.483,496,2545
53371867,4.46,9200,71000325,157474.73,618603.995,174.6057701,437,2596
53372063,8.1,9200,71000243,160395.1417,618242.0708,491.7456,429,2457
52715847,22.65,9200,71000311,159398.9249,618464.9659,261.4875544,279,1218
52716735,3.6,9200,71000243,160753.6505,618476.7779,276.3404467,439,2225
52715876,12.61,9200,71000314,158382.7569,618313.8814,286.9734,385,1764
52717306,5.03,9200,71000423,158809.7326,621671.9673,135.07465,641,4352
52718723,10.78,9200,71000315,158741.75,618437.2954,177.460062,316,1504
52719689,11.77,9200,71000314,158362.9261,618042.5161,669.6440001,428,1944
52721065,4.94,9200,71000242,160663.3978,618187.1705,260.7443,450,2703
53372854,4.04,9200,71000242,160810.4234,618120.4908,379.7606165,484,2877
52715301,4.96,9200,71000323,157875.9769,617373.6537,650.0740765,611,3243
64908659,6.2,9200,71000423,159295.6793,621399.4031,160.8017,612,4128
52715306,8.8,9200,71000423,159061.9548,621983.5797,250.515623,675,4161
53372579,17.62,9200,71000425,159874.0193,621133.4219,353.1967,566,3393
52717978,14.6,6520,71000224,161972.6123,618936.8275,1289.995206,529,3331
52716741,7.5,9200,71000426,160355.3093,621693.969,178.943186,726,3830
52715852,4.56,9200,71000423,159365.5791,621440.0014,300.059852,599,3422
52717253,7.9,9200,71000211,160162.25,619356.035,224.1,357,1643
52716806,6.5,9200,71000426,160249.2654,621396.9502,174.4732445,656,3888
53372161,8.7,9200,71000424,159768.4863,621296.2308,86.6291,547,3272
52718728,4.91,9200,71000242,160948.2456,618190.8265,331.863436,562,3041
52720093,4.57,9200,71000316,159045.6359,618760.0799,643.6848635,246,951
52720094,6.05,9200,71000325,157673.3837,618920.8398,526.7936375,418,2270
52720069,6.6,6520,71000222,161073.0068,619244.692,178.232545,493,2715
52719635,4.25,9200,71000242,159888.2146,618118.7539,125.9641115,391,2215
52719638,8.2,9200,71000242,160310.65,617830.5,126.351,439,2582
52721002,5.4,9200,71000242,160014.5907,617841.4378,241.2086,404,2373
52721072,6.63,6600,71000316,158804.1989,618788.4238,388.2972,239,929
52720546,12.2,9200,71000314,157960.445,618046.81,640.9252,454,2213
52720549,22.97,9200,71000311,159454.7878,618734.7596,382.8722,232,913
52720550,6.8,9200,71000242,160304.95,617754.2161,145.00769,448,2644
53372216,22.11,9200,71000323,158064.8982,617540.4653,1047.4732,578,3026
52722000,5.7,9200,71000242,160046.205,617687.31,188.7942,434,2531
53373016,7.61,9200,71000223,161243.1462,619681.438,132.06245,553,3247
53371887,7.4,9200,71000424,160066.2503,621504.2548,163.4748645,717,4031
52717260,13.69,9200,71000316,159110.1,619091.785,520.078,179,644
52718210,3.87,9200,71000316,159078.8326,618982.9216,572.971106,220,893
52716402,5.14,9200,71000424,159711.162,621433.2097,137.5314518,580,3453
52720513,10.61,9200,71000243,160512.3158,618768.1457,717.521587,417,2075
52720515,3.94,9200,71000242,160872.9291,618193.1037,296.7333132,521,3031
52721022,7.42,9200,71000325,157593.5984,618734.949,173.711,447,2405
53373005,4.56,9200,71000325,157324.4127,618435.2025,171.1981418,449,2738
52721585,5.25,9200,71000112,158656.5408,619681.0267,496.84995,317,1352
52712164,8.4,9200,71000242,160072.705,617668.155,176.41,450,2608
52712167,10.12,9200,71000416,160658.0144,622299.9492,309.694,872,4740
52714545,5.11,9200,71000424,159675.3292,621280.8873,144.50855,555,3306
52714546,5.85,9200,71000242,160395.6326,618022.443,449.9091335,470,2885
53372010,6.62,9200,71000122,158829.5076,621136.6623,264.0219865,513,2839
52716542,4.28,5300,71000313,159118.1496,618387.8669,606.2737705,284,1241
53372110,9.2,9200,71000426,160328.1016,621702.1593,204.1801751,811,4634
52716683,9.63,9200,71000325,157861.9792,618899.9903,267.00295,414,2082
52716762,25.57,9200,71000323,157879.0166,617878.2445,332.1291,538,2552
52716771,14.98,9200,71000425,159680.2049,621180.4213,457.4225,546,3264
52718136,14.43,9200,71000313,158135.2774,617800.2455,488.00745,457,2211
53372737,21.47,9200,71000311,159374.4361,618694.302,237.1523,222,911
52720084,3.3,6512,71000316,159065.3125,618903.9368,826.6786546,222,889
52722583,7.13,9200,71000325,157427.3953,618537.3242,236.4602025,362,2288
52712671,7.51,9200,71000122,158482.0432,621175.2325,110.45955,627,4281
52712120,3.9,9200,71000242,160003.5567,617672.0826,226.609571,441,2543
52713564,8.36,7600,71000316,159033.665,618681.7097,394.2431,302,1292
52714032,4.8,9200,71000242,160703.9657,617622.6689,425.3687381,536,3183
52715995,5.34,9200,71000423,159009.6365,621795.5952,211.0100097,609,4080
52716010,5.6,9200,71000242,160692.8533,617584.8158,254.1087,576,3329
53371357,9,9200,71000242,160062.6427,618022.0853,159.979,413,2257
52717211,6.4,9200,71000242,160847.3505,617814.2552,251.1222698,553,3184
52718146,6.46,9200,71000242,159891.4347,618097.0908,146.2366392,387,2190
52719487,8,9200,71000242,160100.8515,617783.9284,163.171963,423,2419
52719940,6.1,9200,71000242,160033.5642,617958.894,169.0725,382,2214
52723158,5.82,9200,71000423,159386.4256,621736.1899,139.3843635,664,3696
52713505,5.41,9200,71000325,157654.8604,618851.2503,206.82735,418,2263
52713512,3.3,5521,71000316,159003.87,618857.3674,396.8603976,232,945
52715437,8.4,9200,71000243,160268.5067,618838.9504,95.06789999,364,1687
52715518,5.4,9200,71000424,159856.0828,621662.8877,307.1772445,657,3802
52719302,5.47,9200,71000313,158788.5,618282.845,164.6774,346,1608
52719309,5.89,9200,71000242,160172.3852,618002.2303,139.041348,468,2562
53371512,10.17,9200,71000313,158835.2986,618281.1752,310.15995,334,1492
52716360,3.3,5305,71000316,158712.4696,618681.6758,150.3774,322,1487
52713524,8.61,9200,71000243,160386.8353,618548.8187,258.8621194,368,1790
52713026,22.6,9200,71000311,159546.0535,618858.1116,354.29265,260,970
53370610,3.55,9200,71000243,160202.0736,618860.204,90.44015937,296,1356
52714498,5.39,9200,71000242,160749.861,617570.239,165.0619843,562,3280
52719163,12.14,9200,71000316,159015.9433,618583.6187,501.2074,266,1195
52716984,4.38,6520,71000212,160607.4586,619352.5532,192.365681,369,2066
53371871,6.39,9200,71000242,160143.6284,617899.4423,190.728772,396,2347
52718572,9.47,9200,71000313,158588.6276,618180.0251,528.15655,364,1623
52719439,3.37,9200,71000316,158703.3345,618866.3433,536.9867321,212,812
52719441,7.46,9200,71000416,160699.5685,622240.2163,333.9333757,900,4887
52716367,49.08,9200,71000215,159739.6285,619580.0937,523.5445,403,2199
52722382,7.67,9200,71000316,158582.3337,618863.9935,306.61795,214,799
52721799,5.41,5705,71000242,161119.8565,618775.1184,408.7483,416,2343
52722473,8.31,9200,71000211,160146,619337.75,219.797,351,1622
52719776,19.46,9200,71000323,158010.9658,617513.0846,1092.2293,606,3148
52721137,8.2,9200,71000421,160123.4894,621630.286,182.300125,685,3938
52714440,6.81,9200,71000243,160297.5919,618713.9794,291.5298202,365,1709
52714582,4.5,9200,71000242,160514.6049,617911.846,267.726933,494,2890
52714979,10.6,9200,71000423,159731.699,622155.3789,372.8148024,686,4025
53371828,5.2,9200,71000243,160822.86,618513.1956,341.4663155,465,2343
52718659,6.74,9200,71000211,159985.8692,619234.854,226.36608,317,1415
52718666,10.3,9200,71000416,160606.4799,622147.5151,286.2879015,919,4910
52718575,8.2,9200,71000242,160004.5242,618052.9886,148.38495,402,2221
52716321,4.64,6520,71000222,160695.7918,619615.7008,68.93395001,427,2392
52721826,5.8,9200,71000243,160470.8242,618836.23,168.6641,399,1886
52719709,4.2,9200,71000242,160755.6363,617988.6988,205.3463154,468,2811
52719710,4.61,9200,71000243,160248.5672,618364.4957,172.9915,394,2324
52713984,5.66,9200,71000323,157808.8322,617365.6197,523.32755,628,3312
53371650,8.41,9200,71000426,160482.8638,621692.2825,199.6645735,778,4150
52713941,7,9200,71000426,160415.0642,621677.5902,174.6932215,720,3770
52714006,8.81,9200,71000423,159495.0895,621469.0833,249.0724,592,3378
52715379,9.07,5312,71000313,158150.3516,617622.5791,814.82295,496,2421
52715383,7.04,5740,71000243,160632.6368,618302.9481,437.9466,437,2284
52715386,7.97,9200,71000325,157602.248,618680.3225,170.907,455,2523
52713662,5.44,9200,71000242,160645.6632,618169.8375,224.56425,446,2678
52713734,4.02,9200,71000242,159982.2601,617820.6551,212.2660751,405,2301
52717138,5.6,9200,71000122,159095.3602,621156.5931,381.1515,519,2886
64806520,4.255,9200,71000122,158496.1073,621121.9325,359.6616655,634,4382
52716852,3.9,5202,71000122,158566.0562,621289.291,264.6173,599,4109
52718804,6.9,9200,71000223,161439.5023,619402.2244,286.9063,542,3056
52720174,9.4,9200,71000423,159085.7789,621612.9741,350.7985995,641,3742
52719663,6.39,9200,71000426,160457.7801,621615.5291,211.365546,712,3659
53372846,7,9200,71000426,160333.7647,621633.7271,187.3994775,716,3766
52720634,7,9200,71000426,160428.7402,621541.8674,191.5731,689,3579
52720671,6.91,9200,71000424,160010.7981,621459.3208,55.4007,737,4112
52722023,7.4,9200,71000423,159607.6235,621545.051,488.3581244,628,3563
52715323,4.57,9200,71000424,159656.46,621406.8095,176.5552395,575,3471
52715399,3.75,9200,71000242,159820.3515,618025.2126,183.9626297,355,1992
52713673,4.6,9200,71000242,160828.2256,617739.0436,217.1411014,597,3420
52713179,7.6,9200,71000242,160039.3664,617736.8741,244.3550239,421,2467
52713182,12.95,9200,71000311,159027.151,618508.6253,352.6696484,244,1089
52713190,8.57,5521,71000325,157842.3098,618775.0513,529.96485,407,2272
52716493,8.68,9200,71000323,157913.2273,617579.3,512.5233,597,2880
52716027,3.31,9200,71000243,160913.6413,618852.6957,200.9902735,513,2610
52716029,6,9200,71000242,160126.2724,617893.9854,156.6386,393,2324
52716704,12.34,9200,71000314,158185.5204,617880.2034,428.6971,500,2424
52716722,4.3,9200,71000122,158801.0828,621226.236,277.64645,577,3896
52717293,5.48,9200,71000323,157562.0851,617971.3879,191.80485,514,2628
52716779,7.02,9200,71000423,159458.7735,622311.6841,324.4897247,711,4307
52717720,7.91,9200,71000424,160065.2314,621486.849,131.1796106,732,4099
53371449,25.47,9200,71000211,159975.9023,619116.8119,371.49,294,1286
52717722,10.73,5300,71000113,159477.3947,619353.7637,1085.2017,250,1261
52719658,4.7,5202,71000243,160844.0176,618733.0978,157.172097,512,2522
52720580,4.05,9200,71000242,159955.2944,617792.5276,217.0271291,404,2292
53373010,22.72,9200,71000323,158038.7612,617336.7555,1088.377574,632,5110
52721607,5.75,9200,71000323,157926.8896,617525.7175,845.134,655,3409
52722588,6.98,9200,71000112,158510.3154,619623.2758,200.0748,297,1263
52715335,11.61,9200,71000242,160869.0903,617602.6319,400.677,539,3807
52715351,4.29,9200,71000242,159797.9819,618083.1922,179.5774447,348,1935
52715781,8.2,9200,71000426,160326.8766,621428.3524,157.769753,669,3997
52714565,5.3,5300,71000242,161026.2341,618235.232,170.3034055,543,3053
52714590,3.63,9200,71000232,160551.3149,621186.5011,211.273321,609,3346
52718471,8.42,9200,71000426,160461.4954,621895.5645,189.9086271,799,4471
52717220,22.25,9200,71000323,157807.135,618019.8479,359.9943,468,2258
52719605,6.85,9200,71000325,157659.4562,618772.4561,165.72355,423,2302
52719606,4.84,9200,71000325,157555.907,618694.7039,190.8730175,469,2597
52721541,13.29,9200,71000314,157900.4626,618067.6595,431.19105,447,2175
52712682,10.81,5501,71000423,159212.6085,622164.6959,187.6324388,694,4383
53370452,7.9,9200,71000426,160233.3037,621435.7783,174.1327173,725,3885
52714072,13.64,9200,71000112,158940.1743,619659.5699,548.3907,251,1012
61233878,8.2,6520,71000224,162058.4022,619330.5327,441.7376324,611,3570
53372036,7,9200,71000211,160256.6307,619323.5383,191.2794195,356,1754
52717664,11.92,5312,71000314,158229.5747,618147.2632,727.8189298,613,2865
52718159,9.96,9200,71000423,159191.4115,622244.9661,344.3804,720,5213
52719089,5.91,9200,71000243,160938.8258,618697.9742,201.8742,487,2500
52723178,9.3,9200,71000212,160024.7034,619413.6204,174.605,369,1684
52713133,12.95,9200,71000314,158256.1134,618028.2301,538.8484999,555,2689
52715481,6.76,9200,71000243,160577.9373,618741.2562,230.88755,457,2379
52717541,7.7,9200,71000242,160033.3766,617993.3434,115.279472,406,2229
52717005,16.01,9200,71000114,158289.6202,619637.5404,514.653,274,1290
52716189,6.12,9200,71000243,160337.0213,618312.243,233.124264,422,2426
52718109,5.81,9200,71000242,160110.122,617807.3487,207.2233067,420,2392
52719542,3.95,9200,71000414,159495.049,622517.1382,245.99995,722,5153
52722539,7.66,9200,71000325,157448.9342,618199.4929,158.56689,540,3084
52719844,4.69,9200,71000242,160251.7247,617929.74,197.1588,412,2456
53372705,8.31,9200,71000242,160588.1185,617714.6889,138.24498,522,3172
52713547,14.11,9200,71000323,157732.268,617977.3601,552.6735,467,2274
52714510,7.91,9200,71000325,157572.1858,618541.6176,299.4702156,475,2659
52715009,31.94,9200,71000112,158802.6576,619684.6152,512.4195,273,1123
52715012,8.5,9200,71000243,160412.2694,618513.0451,245.5623272,379,1808
52718691,9.5,9200,71000242,160065.7676,617844.5601,184.7280035,400,2344
52716496,4.63,9200,71000325,157536.143,618685.5409,307.393002,462,2724
52716497,11.24,9200,71000315,158369.6926,618464.3407,277.962616,265,1354
53372102,6.5,6520,71000222,160955.6705,619602.386,351.9095888,474,2622
52717012,4.94,9200,71000112,158440.3327,619650.5544,259.178,344,1473
52716664,5.4,5305,71000213,160562.75,620098.595,340.316,450,2620
52720918,8.1,9200,71000122,159062.2464,621135.6917,325.720884,505,2807
52720859,13.57,9200,71000122,159188.8385,621232.9359,601.7414285,514,2814
52722493,8.54,6520,71000223,161322.7215,619335.4253,279.66525,531,3490
52718866,8.4,9200,71000314,158518.3403,618203.01,460.8909999,432,2016
52720232,6.9,9200,71000426,160397.1733,621632.5202,155.8445255,713,3722
52714525,4.1,9200,71000313,158759.8966,618224.9997,122.8828,344,1601
52714527,13.01,9200,71000314,158517.0062,618295.0663,343.4705,353,1603
52714529,3.3,9200,71000325,157652.5734,618733.5766,182.83465,435,2353
53372105,6.81,9200,71000243,160079.7731,618240.5508,77.87916,378,2233
52716056,8.6,9200,71000211,160321.75,619306.715,238.775,354,1762
52719266,4,9200,71000242,160451.1678,618001.6169,268.3258953,463,2838
52718047,5.46,9200,71000323,157485.1186,617990.2279,173.077323,510,2601
53372070,7.12,9200,71000112,158431.2736,619603.7012,192.555,326,1394
52716345,3.77,9200,71000325,157422.5712,618314.9769,140.793,485,2890
52720867,17.735,9200,71000415,160095.7919,622747.2073,328.0422185,808,4877
52721831,9.1,9200,71000423,159749.6277,622063.4936,393.791503,670,3922
52722442,6.15,5305,71000316,158522.8117,618572.1643,298.3060808,310,1575
53372517,5.72,9200,71000243,160721.7129,618730.3681,311.50095,475,2387
52720264,15.55,9200,71000325,157701.1502,618246.5411,710.4696887,439,2216
52720187,5.21,9200,71000243,160186.8907,618644.6483,323.9687154,334,1559
52719803,5.32,9200,71000242,159868.2029,618072.2455,155.9948909,385,2174
52722100,9.35,9200,71000314,158146.0507,618275.904,821.96985,347,1683
52722104,5.66,9200,71000242,159934.3515,618073.2724,172.4225697,383,2157
52713948,8.285,9200,71000423,159602.7888,621768.7034,126.663584,644,3774
52715409,6.02,9200,71000242,159955.6712,618154.4292,151.305,413,2324
52759581,5.2,6520,71000222,161054.7879,619217.8218,46.94245001,477,2621
52759586,10.6,6520,71000222,160907.9068,619562.0737,140.7838,499,2719
52762559,4.2,9200,71000242,160761.2029,618238.4657,229.26935,468,2809
52763452,6.28,9200,71000122,158680.2886,621407.0845,196.6167437,610,4024
52763455,3.31,9200,71000316,158660.5017,618824.6066,372.5474788,212,805
52763914,9.01,9200,71000211,160218.1996,619242.478,336.1805474,339,1648
53380064,7.9,9200,71000316,158580.7389,618903.5484,308.37295,212,791
52763951,9.46,9200,71000423,159248.2253,622346.6452,299.6306516,700,5069
66704586,5.91,6520,71000222,161108.7298,619361.3041,334.5607265,367,2161
52766744,10.46,9200,71000423,159454.893,621474.704,583.1943977,592,3373
52766751,6.5,9200,71000426,160249.5665,621484.2373,147.28856,718,3834
52766753,10.305,9200,71000424,159804.9608,621389.1863,116.860614,563,3368
52760537,6.11,9200,71000111,158975.6834,620198.5449,243.18795,383,1749
52760442,5.2,9200,71000424,159685.842,621400.0224,94.3585,575,3473
53380229,9.9,9200,71000112,158238.2455,620278.2506,482.0185,379,2048
52761536,8.47,9200,71000424,159799.3134,621679.7908,123.5689,710,3953
52761537,6.15,9200,71000423,158782.7654,621510.3541,162.1233,695,4709
52761614,9.31,9200,71000423,159575.2186,621672.5915,533.9755695,633,3613
52761616,5.03,9200,71000424,159775.377,621417.1823,147.3697635,575,3419
52760035,8.18,9200,71000214,159957.5843,619953.8093,564.3815,353,1976
52760967,5.89,9200,71000111,159241.795,620106.905,191.3371,324,1298
52760047,6.93,9200,71000112,158352.0832,619868.996,198.9792,347,1600
52757200,7.6,9200,71000242,160763.6401,618135.6051,335.5981949,484,2891
52757214,5.85,9200,71000243,160894.4976,618759.3021,372.3741,528,2590
52758141,7.8,9200,71000243,160275.0454,618211.2002,296.3525,447,2532
53379565,10.09,5305,71000212,160371.3183,619579.2871,410.2668,423,2479
52761893,11.3,9200,71000112,158171.9281,620255.8513,488.40995,363,1988
52761907,4.1,9200,71000122,158599.7801,621141.7549,262.1559,545,3015
52765344,9.57,9200,71000122,158890.8996,621350.3062,298.82225,560,3742
52758603,7.51,9200,71000426,160270.9244,621461.0903,138.52384,665,3956
52763009,3.31,9200,71000316,159168.3241,618936.1633,180.78315,204,766
53380431,8.16,9200,71000122,158798.0071,621169.305,216.2843,508,2840
53380432,9.11,9200,71000243,160050.7424,618715.5407,107.3992,309,1378
52762490,8.8,9200,71000421,160132.2544,621688.6657,173.3690227,716,3981
52765384,8.06,9200,71000325,157695.9467,618928.69,205.2,410,2150
52764835,6.26,9200,71000232,160538.0903,621165.9715,138.2297567,606,3384
52763016,3.3,9200,71000122,158581.9265,621154.9052,206.9704,550,3030
52764364,24.2,9200,71000113,158996.859,619486.8071,890.1107,152,478
65188799,3.825,6520,71000222,160724.6881,619400.9232,1493.578826,454,2391
53380771,4.02,9200,71000232,160547.522,621256.6422,296.3772864,611,3358
52764386,9.89,9200,71000424,160188.3462,621446.6956,150.525584,638,3442
52765874,6.04,9200,71000243,160580.8866,618766.2574,323.54565,427,2150
52767226,7.85,9200,71000423,158789.3446,621568.29,227.508,700,4721
52766773,5.96,9200,71000426,160314.9729,621484.3109,192.7072284,671,3993
52766778,7.4,9200,71000424,160114.0981,621557.8671,188.421165,724,4035
52764866,18.03,9200,71000425,159757.9397,621156.1981,342.7413,539,3231
53380153,33.01,9200,71000221,160892.0353,619943.9259,666.2683,498,2833
52761472,6.19,9200,71000111,158460.442,620291.4364,449.75265,395,1924
52762041,11.88,9200,71000316,159061.3947,618667.0331,642.7623525,288,1291
52767243,10.13,9200,71000423,159397.2158,621484.2921,210.90085,609,3413
52764883,19.82,9200,71000311,159440.0867,618452.5615,332.6713999,286,1261
52764888,5.9,9200,71000122,159014.6511,621250.2485,163.8222,561,3032
52760568,5.7,9200,71000231,160389.5522,620495.1966,154.5308969,618,3112
52760571,5.8,9200,71000111,158852.5285,620041.9285,263.22065,322,1465
52761574,3.62,9200,71000423,159704.0889,621988.0612,309.1805802,664,3985
52763468,13.15,9200,71000114,158263.4748,619686.3661,465.39495,301,1413
52760281,5.3,9200,71000242,160965.6206,617996.2299,366.5656536,525,3110
52763424,3.32,6520,71000423,159010.103,621638.8803,228.724,617,4173
52766278,3.5,9200,71000316,159014.253,619016.742,371.9594,228,954
52760709,9.2,9200,71000122,158868.6713,621316.2899,206.16295,565,3784
52757239,9.46,9200,71000314,158336.5665,618375.862,376.20765,381,1793
52759570,4.21,9200,71000316,158808.6333,618991.4417,288.2816,148,513
52763030,3.7,9200,71000243,159975.6703,618678.1778,177.70905,300,1315
52762518,8.19,9200,71000426,160228.5662,621418.918,155.2328493,728,3903
53380344,3.9,9200,71000243,160773.5315,618839.5903,154.48195,498,2593
53381115,6,9200,71000321,158325,618664,234.4008,298,1431
52761785,9.7,9200,71000421,160246.205,621694.393,158.1795477,746,4120
52764405,8.32,9200,71000211,160017.7202,619270.6979,236.497278,329,1462
52765902,17.04,9200,71000424,159860.6267,621404.546,295.43535,572,3410
52767251,8.29,9200,71000122,158715.5,621197.75,287.7416,530,3029
52767339,9,9200,71000426,160312.283,621657.0391,198.09295,818,4682
53381200,7.1,9200,71000426,160309.2367,621467.9101,175.143035,669,3975
52763885,1.98111111,9200,71000211,160148.7951,619128.5452,356.4489067,363,1741
52761577,6.12,9200,71000122,158721.4322,621315.4822,293.3628,576,3189
52761580,4.61,9200,71000424,159683.2059,621498.6247,185.3125032,598,3587
52766711,7.71,9200,71000423,159036.4907,621697.4258,285.6378743,648,3833
52766713,9.09,9200,71000424,160084.1818,621568.4167,199.9186385,698,3965
52763899,12.84,9200,71000112,158859.5673,619599.3943,305.8525,291,1207
52763903,4.84,9200,71000424,159649.8824,621369.5029,121.1648,569,3434
52761587,4.45,9200,71000313,158707.8,618242.345,111.41,346,1608
52761589,6.98,9200,71000122,158698.9899,621411.9282,371.2302358,577,3883
52766333,13.72,9200,71000424,159643.8904,621248.3853,305.8884,552,3317
53381027,10.92,9200,71000423,158880.8041,621751.5745,142.868828,634,4179
52758700,28.66,9200,71000112,159116.3315,619639.8506,538.835,297,1097
52762980,6.39,9200,71000122,158833.3214,621358.244,165.1519,548,3228
52758205,12.65,9200,71000112,158877.75,619555.655,759.815,307,1270
52765808,6.42,9200,71000211,160035.4824,619327.3826,255.994502,320,1503
52768727,5.36,9200,71000122,158747.0702,621100.1433,197.3016,496,2754
52774851,5.8,9200,71000243,160268.4226,618619.6162,334.7813166,348,1660
52775206,7.87,9200,71000416,160619.2359,622084.9516,161.45005,922,4984
53381741,4.59,9200,71000423,158817.3513,621685.1385,140.3805,657,4274
52775209,6.52,9200,71000423,159339.5793,621679.2941,519.856679,646,3728
52775210,7.21,9200,71000426,160353.7821,621594.3034,170.8678165,712,3735
52775216,6.33,9200,71000316,159089.7962,618706.9387,333.6025,296,1340
52776554,11.45,9200,71000313,158678.0978,618109.3456,449.83045,347,1685
52776564,12.6,9200,71000416,160626.1643,622141.0372,154.186235,926,4936
52770121,6.2,9200,71000113,158952.7234,619220.916,2679.2466,0,0
52769592,6.57,9200,71000122,158663.2486,621381.1585,204.111,611,4026
52769609,10.19,6520,71000222,160775.5069,619457.782,1328.9438,494,2368
52770959,7.9,9200,71000423,159504.1483,621986.621,549.0959137,741,4451
52770971,4.16,9200,71000313,158490.75,617921.4081,283.68818,429,2002
53381664,3.41,9200,71000242,160015.2984,617644.4528,180.40395,420,2543
52775751,7.68,9200,71000242,160095.1056,617643.2682,199.95905,452,2619
52776789,8.1,9200,71000122,159139.7036,621200.3147,378.106,507,2813
53381354,4.21,9200,71000123,159169.3455,620491.7489,260.37345,410,2170
52770190,16.09,9200,71000322,157873.5,618358.56,676.404,420,1994
52773866,7.81,9200,71000423,158709.602,621535.7441,145.96685,656,4520
52774773,3.51,9200,71000242,160634.9732,617552.5569,134.7663465,578,3369
52774777,25.17,9200,71000416,160544.9084,622284.6215,580.36965,880,4713
52774781,5.18,9200,71000325,157539.5684,618624.6148,169.24955,476,2623
52775764,3.3,9200,71000323,157834.001,617459.1275,664.6328889,635,3376
52775223,3.31,5305,71000313,158134.9168,617534.2837,297.499384,526,2629
52767207,4.11,9200,71000423,159393.8124,621944.4231,198.697719,686,4012
52767216,10.07,9200,71000311,159327.6212,618832.2214,376.64125,196,718
52767220,9.18,5305,71000424,159789.6464,621654.9895,140.6318987,707,3937
52770297,16.95,5300,71000422,159879.0339,622014.8144,605.3611242,722,4403
53381436,9.15,9200,71000212,160437.8987,619436.6892,188.873,454,2600
52772975,3.31,5305,71000122,158950.0752,621245.2763,451.64375,569,3063
52775299,4.41,9200,71000242,160161.0612,617902.7824,156.4178,399,2367
52768559,5.7,9200,71000423,159652.1376,621940.4794,314.7134598,650,3896
52770018,5.72,9200,71000423,159175.7864,621598.7693,354.631561,672,3895
52776607,3.9,6520,71000222,160705.8871,619334.8727,214.0693,455,2400
52770142,9.51,9200,71000313,158868.105,618365.905,632.5859,281,1248
52770537,8,9200,71000242,160268.3922,617857.9606,146.4898519,429,2552
52769625,8.5,9200,71000243,160393.0281,618521.606,198.963674,369,1796
52775332,8.02,9200,71000426,160468.7994,621734.8496,253.079308,771,4131
66706510,2.63,6520,71000121,158055.2998,621374.9551,1608.316074,396,2334
52768697,9.84,9200,71000314,157986.0833,618167.2997,575.82585,365,1844
53381619,4.98,9200,71000242,159804.5757,618060.3869,166.3796896,351,1957
52771006,4.36,9200,71000242,159887.0778,618135.05,178.1026521,394,2233
52771007,5.37,9200,71000242,160756.9383,617615.5412,252.949012,543,3211
52772538,4.53,9200,71000313,158752.2315,618030.2665,581.5025975,363,1731
52773436,7.87,9200,71000323,157948.2515,617538.8088,975.9558,655,3459
53381843,13.19,9200,71000112,158950.367,619604.5495,528.64865,264,1068
52775247,4.41,9200,71000242,159977.2882,617770.7629,217.93886,417,2369
52775253,6.72,9200,71000423,159636.5709,621958.8039,390.3846013,659,3929
52767754,6.5,9200,71000424,160090.2998,621498.4676,142.473,735,4126
52770101,7.37,9200,71000424,159687.9887,621340.1215,152.426923,567,3367
52772931,8.3,9200,71000426,160301.3775,621626.4004,137.079926,823,4715
53382376,6.7,9200,71000423,158856.7181,621709.431,161.6384278,646,4218
52773890,4.41,9200,71000243,160109.077,618232.0942,285.1462778,375,2208
52776629,6,9200,71000243,160417.6936,618861.0929,130.30525,385,1837
52776635,3.81,9200,71000242,160757.1374,617834.7487,85.3122,501,2994
52773367,6.89,5300,71000321,158167.2258,618846.2105,765.9137,360,1756
52773368,5.2,9200,71000325,157733.1101,618940.7285,150.5507,402,2119
52776645,5.8,9200,71000242,160193,617688.095,204.2307,468,2750
52772523,17.16,9200,71000422,159862.2632,621967.6308,546.6987466,728,4458
53382122,7.58,9200,71000423,158733.0992,621528.8246,139.8766661,682,4667
52773390,3.73,5710,71000321,158433.1,618784.4168,191.61645,273,1175
52770038,5.31,9200,71000112,158360.0537,619671.7623,179.92485,346,1515
66704604,4.41,5305,71000232,160532.204,621237.2637,84.21850834,435,2561
52771077,9.97,9200,71000315,158722.9642,618378.7078,232.79255,321,1546
52773830,8.2,9200,71000314,158311.1684,618269.7066,376.1715,415,1873
53382533,10.7,5521,71000243,160804.7883,618713.0193,249.862,490,2417
52775268,6.91,9200,71000242,160256.6962,617761.3623,226.51515,444,2650
52776747,12.61,6520,71000224,161767.5106,619599.7163,255.285,600,3779
52776785,9.31,9200,71000211,160081.6988,619289.7058,251.95995,341,1518
52769448,10.76,9200,71000314,158084.8485,618259.3324,834.3505,336,1706
52768708,7.21,5521,71000323,157848.487,617772.0497,191.65705,533,2503
52769697,9.2,9200,71000211,160240.2409,619361.5122,248.56535,362,1724
52772955,5.63,9200,71000122,159030.1217,621240.8144,191.0937,548,2967
52775713,6.2,9200,71000242,160844.1241,617791.9179,155.4660237,563,3218
52775715,7.3,9200,71000242,160230.0136,617683.351,102.7510066,469,2758
52775716,5.8,9200,71000323,157835.407,617387.2563,764.2774045,628,3312
52775720,4.03,9200,71000242,160116.0011,617641.6251,219.1,436,2645
52775281,21.17,9200,71000424,159723.0088,621523.0235,338.89871,715,4043
52774292,5.04,9200,71000242,159939.1869,617792.8307,173.4628449,399,2284
52774320,19.03,9200,71000422,159821.2713,621856.299,688.9059481,740,4577
53385953,8.01,9200,71000424,160092.2827,621452.3748,148.9096997,731,4122
52793764,4.72,9200,71000232,160523.7615,621170.718,214.4000927,610,3399
53385779,9.61,9200,71000423,159628.5192,621537.4198,392.6413062,655,3768
52792310,4.21,9200,71000424,159642.2448,621344.4949,527.7756585,566,3406
52774339,14.66,9200,71000423,159334.6278,622419.9617,568.8236342,753,4507
52793729,9.6,9200,71000424,160131.197,621366.7196,182.6906075,619,3374
53385948,6.32,9200,71000122,158652.75,621154.155,308.6561,532,2973
52792897,9.7,9200,71000123,159646.8032,620499.5004,187.5348,396,2213
52774344,8.205,9200,71000426,160445.6643,621767.9204,181.3394789,775,4154
52775730,5.75,9200,71000414,159756.9856,622481.0051,200.83065,786,4739
52791421,8.6,9200,71000423,159226.9419,621636.706,100.0865,668,3887
52791354,6.81,9200,71000426,160240.6124,621451.994,156.3767364,723,3867
52792424,3.52,9200,71000122,158526.4346,620395.1655,201.1391,562,3039
52775702,7.81,9200,71000242,160555.617,617828.2964,358.1601463,487,2978
52775738,5.98,9200,71000242,160490.3098,617841.4512,190.2819,533,3216
52794190,8.01,9200,71000213,160507.2323,620023.9606,446.072155,437,2535
52792413,5.16,9200,71000122,158793.6253,621355.3331,276.9909,580,3862
52776914,8.7,7600,71000424,160175.1329,621487.9634,157.7906995,748,4132
52792755,5.88,9200,71000242,159858.5414,618140.4846,129.17443,401,2265
52794648,12.48,9200,71000122,159008.8175,621366.3589,573.0388,559,3702
52791434,2.54,6520,71000224,161906.9046,619517.9464,158.1762,557,3633
52774273,4,9200,71000243,160971.9003,618641.1946,54.01145,506,2579
52774314,6.55,9200,71000423,159052.5158,621966.31,165.9243333,674,4091
52792368,7.39,9200,71000424,160155.9269,621358.7956,176.6906,615,3348
52794753,9,9200,71000426,160399.6441,621453.7911,239.827135,703,3641
52795281,8.71,9200,71000122,158251.4573,620403.381,114.825,456,2765
52795800,4.25,9200,71000122,158727.2425,620662.9332,244.529,414,2200
52793771,7.9,5740,71000423,159483.2,621352,571.09,609,3410
52793785,8.8,9200,71000426,160427.7168,621450.9028,126.567864,703,3633
52791390,7.08,9200,71000424,159884.0243,621626.1818,524.8892961,663,3800
53378984,13.42,9200,71000414,160017.0299,622652.0454,490.3397,753,4510
52754921,8.8,9200,71000423,159527.2566,621507.8495,348.6107522,618,3497
52754979,6.5,9200,71000122,158958.1562,621311.6525,231.70385,557,3733
52754980,5.53,9200,71000424,159715.4068,621332.5852,107.55,571,3371
52755422,9.2,9200,71000243,160314.2494,618832.0191,121.5232,371,1734
52759162,3.31,5710,71000321,158303.705,618939.595,370.8808,298,1277
53379116,7.28,9200,71000425,159941.0669,620916.1398,238.2606337,536,3381
52760527,10.65,9200,71000213,160342.5026,620100.6152,281.52,413,2365
52754416,5.03,9200,71000423,159342.6826,621441.0325,410.4079,602,3444
52754437,10.7,9200,71000243,160515.1639,618803.1604,221.1126,418,2080
52754497,24.35,9200,71000122,159237.7111,621145.0899,351.64255,479,2688
52755869,6.63,9200,71000423,158813.2544,621638.4676,218.0291274,658,4434
53378366,7.9,9200,71000426,160362.6058,621725.3445,187.076082,760,4025
52756329,4.39,9200,71000242,160595.192,618101.732,220.5623645,482,2927
52754858,7.59,9200,71000122,158874.2016,621143.8101,150.2679,531,2929
52757694,5.9,9200,71000122,159050.4255,621267.057,170.8246,542,2934
52756280,3.99,9200,71000242,160807.9381,618155.8168,244.332939,500,2966
52756751,12.35,9200,71000314,158477.5557,618304.9939,536.16405,358,1640
52753657,14.5,9200,71000423,159547.2635,621234.12,586.08205,564,3272
52753621,5.95,9200,71000325,157597.7012,618828.4988,156.9222,395,2228
52759635,7.16,9200,71000423,158923.3454,621761.4789,161.92065,595,3999
52759108,10.49,9200,71000314,158205.6375,618341.8017,760.1061746,306,1560
52755037,7.5,9200,71000122,158769.418,621314.8262,233.6555,587,3909
52755038,7.34,9200,71000423,158930.5361,621682.0746,153.37935,645,4224
52755043,7.835,9200,71000423,159582.0665,621774.5273,183.5692377,627,3697
52755047,7.24,9200,71000423,158691.0657,621509.6278,153.847521,665,4581
52755088,8.1,9200,71000122,158804.828,621318.9661,272.56645,543,3180
52759112,8.72,5521,71000316,158964.3463,619082.2827,258.51205,246,1059
52753580,7.91,9200,71000426,160322.3993,621604.5876,148.7643879,712,3735
52753592,3.31,9200,71000122,159002.5,621306.75,157.15,533,2982
52760917,4.94,9200,71000232,160551.9779,621160.8674,228.6246254,604,3369
52753534,35.94,9200,71000111,159266.4435,620195.7637,406.6323,333,1333
52754991,8,9200,71000426,160288.8267,621508.3081,142.3858869,712,3737
52755001,6.06,5337,71000424,159668.4633,621321.652,150.7294,563,3392
52755007,27.35,9200,71000316,159261.4558,618976.7423,419.216,215,808
52755954,5.81,5312,71000424,159887.5253,621307.7877,483.94725,602,3644
52755967,6.09,9200,71000424,159697.2048,621418.7119,152.3001,581,3500
53379260,9.61,9200,71000423,159704.6631,621802.4874,514.1177335,619,3610
52754943,6.1,5521,71000223,161299.1348,619688.3976,230.6371064,581,3311
52754445,8.41,9200,71000243,160082.7727,618819.0129,120.32395,325,1478
53378915,8.7,9200,71000423,159076.7288,621795.6911,177.1658709,656,3926
52755896,7.44,9200,71000424,159693.2037,621356.8568,149.48315,570,3384
52754879,4.005,9200,71000242,160450.1388,618058.7519,93.34807049,431,2510
52754458,3.56,5300,71000313,159102.9414,618389.0687,80.5844,285,1247
52756817,5.09,9200,71000423,159434.265,621253.6987,143.79,642,3515
52757719,3.3,9200,71000423,159464.4389,621534.1771,358.74651,601,3432
52759130,9.1,9200,71000211,160113.2796,619332.6179,211.34855,349,1571
52754391,9.1,6520,71000222,160863.7033,618977.1499,193.5322,377,2037
52755859,4.21,9200,71000243,160028.7645,618655.3674,322.025,309,1370
52755418,7.75,9200,71000424,159740.1,621364.75,150.492,563,3359
52756761,4.9,9200,71000242,160933.3461,618213.7923,246.7079484,562,3041
52756366,4.91,9200,71000424,159670.4451,621457.2032,124.3838,643,3828
52756315,5.11,9200,71000424,159723.9483,621368.4794,109.60025,572,3403
52759139,7.39,9200,71000416,160545.9226,622134.8609,342.35855,908,4860
53379743,5.77,5340,71000423,158858.7029,621754.805,151.806246,632,4257
52759155,4.63,9200,71000316,158783.1559,618987.0759,455.045,153,537
52756785,6.12,9200,71000122,158895.2254,621168.3797,292.1487483,531,2929
61237808,8.57,6520,71000224,162094.4109,619338.5149,678.3303305,616,3597
52760503,6.29,9200,71000316,158731.3778,618979.8491,400.2620585,168,569
53379113,5.23,9200,71000112,158459.9718,619544.2368,275.38235,343,1484
52760507,5.67,6535,71000113,158919.3308,619362.9719,1384.3666,121,372
52760520,7.4,9200,71000111,158796.0433,619956.4166,306.14435,302,1349
52753595,7.11,9200,71000423,159433.2271,621688.3212,375.0225632,658,3695
52753601,5.31,6520,71000212,160624.0095,619331.2348,453.411,367,2044
52753612,9.5,9200,71000421,160241.8859,621595.0608,97.10355,713,3793
52753555,10.3,9200,71000122,158515.7777,621241.4858,333.3504,622,4228
52755020,8.2,9200,71000421,160213.0001,621604.0322,166.852028,718,3808
52755022,5.08,9200,71000122,158553.975,621327.7443,392.0300855,597,4085
52755082,10.22,9200,71000122,158702.295,621329.75,267.8337,599,3957
52755026,18.45,9200,71000211,160277.823,619186.6827,453.5209,340,1683
52755031,9.91,9200,71000424,160149.7147,621418.3105,175.7953785,740,4175
52754765,7.72,9200,71000122,159079.2466,621147.3037,377.6265,516,2867
52759620,4.42,9200,71000314,158330.6467,618352.0093,270.0432,379,1785
52753566,6.09,9200,71000416,160633.3652,622161.0537,156.0448217,916,4874
52754959,9.71,9200,71000421,160228.0959,621602.2177,128.944213,715,3791
52754978,10.9,9200,71000426,160419.6976,621502.9645,155.3584831,697,3587
52757747,7.4,9200,71000122,158535.5998,621252.0227,119.9578,567,3124
52757749,7.08,9200,71000242,160853.2994,617837.4073,138.76145,547,3163
52759091,21.97,9200,71000311,159272.2984,618436.8677,250.2934495,309,1413
52794394,6.24,9200,71000112,158399.0194,619783.8045,176.78435,383,1761
52795420,4.105,9200,71000232,160964.4118,620914.8223,216.510106,684,3930
52801490,6.25,9200,71000111,158567.224,620030.7423,336.2855072,338,1515
52801997,10.91,5330,71000111,159055.4205,620105.3894,367.17845,322,1246
52802463,5.69,9200,71000111,159082.8407,620033.6149,98.81200001,285,1089
52798393,6.81,9200,71000424,160219.956,621532.4505,159.909637,660,3535
52801962,8.62,9200,71000112,158419.3732,620297.7301,219.5529128,394,1915
53386076,8.39,9200,71000426,160463.8412,621630.7259,171.4735109,715,3675
52798678,4.81,9200,71000243,161007.7787,618756.0874,96.38890001,516,2622
52802434,6.61,9200,71000232,160936.195,621032.75,117.7846,675,3953
52798144,2.63,9200,71000423,159651.436,621996.8286,500.296767,659,3932
53385185,5.51,9200,71000123,159208.0376,620495.9506,220.23795,387,2089
52794348,10.41,9200,71000123,159399.9035,620390.3435,205.812,351,1880
52798437,8.8,9200,71000243,160087.4173,618755.05,156.2816,345,1546
52794422,7.47,9200,71000414,160031.6996,622730.9938,471.26375,765,4592
52794425,6.1,9200,71000111,158606.3135,620098.7968,467.5272365,366,1714
52801498,9.7,9200,71000112,158165.4211,620106.2501,340.21995,384,1946
52792975,5.3,9200,71000231,160634.7254,620404.6358,190.757529,642,3197
66705859,33.6,9200,71000111,159109.7338,619966.1307,347.17,129,762
52966840,4.14,9200,71000111,159279.4489,620078.4216,76.85830001,272,1457
52960239,10.62,9200,71000313,158629.9498,618180.1196,278.2749,357,1703
52959890,5.8,9200,71000231,160323.7776,620638.6181,159.94945,559,2953
52959399,4.96,9200,71000122,158413.4051,620394.752,162.504,538,2927
52959857,7.505,9200,71000122,158411.4128,620357.6749,187.1475149,397,1928
52959863,11.69,6851,71000224,162594.7011,620623.5121,742.56595,924,6486
52961767,14.31,9200,71000122,159100.5755,621300.4541,597.315,526,2907
52960627,3.86,9200,71000231,160283.6514,620577.0186,76.87650001,550,2832
52962109,6.61,9200,71000112,158333.0481,619855.6425,87.2973232,348,1603
52961938,3.77,9200,71000316,158914.1335,618601.8332,367.5072674,261,1190
53416378,5.14,9200,71000122,158611.1995,621211.3538,248.3875,568,3106
52963194,4.71,9200,71000242,160321.4628,618103.3765,115.9518865,422,2386
52960531,7.21,9200,71000232,160521.5147,620867.5967,147.8263155,615,3488
53416374,8.82,6520,71000224,161642.0683,619318.2895,1187.14873,543,3454
52962554,9.68,6535,71000113,158773.8229,619412.9385,209.22895,197,770
52961283,6.3,9200,71000323,157604.6099,617934.5645,190.6233875,500,2419
52962909,5.27,9200,71000112,159039.5885,619614.2286,122.9691,287,1144
52962915,4.02,9200,71000243,160447.4414,618833.3367,322.4127,393,1863
52962404,4.5,5320,71000222,160958.7482,619046.7035,104.2355,439,2326
53416291,26.32,9200,71000113,158819.7165,619456.5441,943.5015,209,823
52962476,9.63,9200,71000321,158002.6769,618990.3819,263.2390494,426,2251
53415674,4.7,9200,71000112,158482.074,619610.4811,173.7684,320,1362
52962535,6.54,9200,71000325,157350.3928,618327.8832,237.0560171,485,3004
52962549,9,6520,71000224,161803.0989,619515.4657,350.39955,583,3704
52962864,13.15,9200,71000316,159017.8801,619100.8042,491.545,216,770
53415678,21.14,9200,71000211,160110.1503,619186.8898,434.3175,322,1516
52963941,8.85,9200,71000112,158371.0718,620329.4915,174.0598,401,1928
52963950,47.24,9200,71000215,159739.475,619621.367,569.14685,407,2198
53415632,7.59,9200,71000325,157361.122,618305.4946,172.5790763,492,3029
52963789,3.75,9200,71000243,160319.5588,618491.5919,63.728,358,1711
52963448,13.27,9200,71000112,158928.945,619711.405,606.6953,244,980
52967376,3.3,9200,71000425,159751.4025,620997.3607,329.20371,561,3467
52965454,8.605,9200,71000122,158296.3927,620435.5943,677.2746001,446,2727
52965035,5.09,5310,71000311,159416.1812,618633.7638,745.6871572,245,1051
52965811,9.51,9200,71000243,160352.0188,618497.5474,389.2063871,368,1745
52966061,20.72,9200,71000215,160182.8362,619740.2677,655.2677,390,2187
52959777,8.61,9200,71000424,159742.6861,621262.9244,96.138,538,3222
52964577,7.4,7300,71000224,162272.0452,618953.4255,823.79215,528,3584
52960906,4.35,9200,71000242,159752.3647,618159.1339,190.12385,347,1899
52964942,10.5,9200,71000243,160652.8439,618718.2535,202.4531,437,2309
52981485,7.61,9200,71000123,159475.5416,620549.529,165.3374,420,2289
52982767,5.9,9200,71000232,160495.6478,620932.964,179.36855,600,3406
52981630,4.02,9200,71000232,160567.9487,621231.4654,278.7424364,610,3354
53418887,8.28,9200,71000211,160381.029,619252.1449,286.952,355,1804
52979260,4.32,9200,71000122,158607.2938,621347.5513,131.30685,610,4083
53418119,6.19,9200,71000322,157941.9109,618455.2713,319.8310729,403,1984
52980361,4.92,9200,71000122,158562.9808,621169.1974,226.335,554,3054
52977253,20.22,9200,71000211,159770.8812,619019.3839,387.2145,308,1363
52982201,10.14,9200,71000315,158432.1227,618533.8831,282.28305,247,1240
52982243,4.9,9200,71000242,160178.0238,617880.1209,194.461403,422,2403
52980673,3.41,9200,71000232,160455.7024,620856.9401,238.1071524,582,3145
52987627,8.7,9200,71000423,159660.0326,621644.8182,467.4933971,631,3655
52987771,8.2,9200,71000211,160367.4472,619271.9075,282.55895,348,1789
53421081,3.94,9200,71000231,160372.0031,620675.303,159.4371,570,3006
52985970,3.73,9200,71000325,157732.6568,618852.2294,370.439267,424,2283
52988935,5.1,9200,71000243,160133.7469,618225.1597,168.753935,373,2182
53420851,13.53,7600,71000122,159054.1187,621334.4982,615.3249999,570,3762
52988088,3.59,9200,71000242,160241.9191,617975.5932,87.40689688,455,2491
52985550,8.8,9200,71000211,160289.9811,619269.7024,222.43825,347,1713
53420100,6,9200,71000242,160782.7545,618255.5986,264.4608565,471,2837
52982606,4.28,9200,71000423,159010.7787,621881.8163,417.2064415,665,4005
52985316,6.3,9200,71000242,160272.8175,617753.4836,170.00985,454,2693
52986942,6.01,9200,71000243,160990.3764,618785.1186,253.44025,507,2600
52976283,7.96,9200,71000315,158399.3742,618413.6192,309.8192554,300,1497
52989373,3.58,9200,71000242,160350.7638,617904.9103,174.3622452,426,2560
52982438,6.19,9200,71000424,159730.7473,621329.6093,128.5054,557,3323
52982443,5.94,5312,71000323,157628.7783,618070.1849,380.5125,471,2361
52983021,9.19,9200,71000242,160093.9637,618044.499,164.0499541,429,2304
52985526,6.2,9200,71000242,161007.9191,618073.5325,265.4799842,524,3108
52984839,6.6,9200,71000242,160124.4611,617779.3947,240.70585,423,2419
52984844,3.6,9200,71000242,160890.5801,618123.1036,203.6466665,496,2946
52983034,5.4,9200,71000111,158539.8199,620120.8522,262.36485,470,2120
52985266,8.11,9200,71000242,160067.1635,617785.0718,206.84705,426,2427
52981734,14.8,9200,71000423,159035.1263,621581.0385,556.9075,668,3819
52982527,4.78,9200,71000242,159936.9941,617765.9543,318.6430701,402,2311
52985284,5.8,9200,71000323,157681.5016,617791.3119,302.8629,504,2473
52984822,6.4,9200,71000424,160206.6757,621498.0844,225.8744899,652,3497
53420034,5.91,9200,71000112,158320.5474,619882.9908,229.63165,342,1573
52988702,17.15,9200,71000114,158149.545,619808.905,352.8279,329,1570
52987590,14.69,9200,71000112,158644.3528,619566.3451,364.63245,356,1564
52989777,6.8,9200,71000123,159147.1223,620763.6294,96.7395,429,2334
52982967,8.61,9200,71000421,160224.7819,621722.2245,195.9348208,750,4140
52990231,10.61,9200,71000123,159116.9542,620601.0716,96.27605001,422,2260
52983715,4.88,7300,71000242,160907.2439,618352.2219,654.3428778,521,2889
52986004,9,9200,71000426,160429.8368,621623.6788,199.22226,713,3724
52986667,4.72,9200,71000111,158520.497,619973.7161,194.1375,348,1577
52986692,8.1,9200,71000111,158772.4228,620195.4475,194.9336,323,1586
52990775,5.5,9200,71000123,159238.6216,620983.4612,152.3452,475,2604
52985387,7.7,9200,71000242,160205.7017,617814.6128,216.9809852,431,2446
52988513,7.45,9200,71000325,157381.6687,618208.0105,409.75779,534,3046
52958535,4.89,6520,71000121,157819.2249,620597.7345,281.1342519,457,2831
52956784,4.56,9200,71000325,157429.5774,618503.7977,145.5462632,364,2302
52958390,9.71,9200,71000111,158700.4155,620136.7063,317.5054,341,1609
52956731,3.32,5521,71000422,159890.4073,621886.0184,138.2314897,832,4367
52958031,6.8,9200,71000111,158953.4643,620193.1126,119.5025,377,1726
52958238,9.53,9200,71000111,158487.0915,620019.0571,62.84276339,351,1597
53415823,5.71,9200,71000123,159104.8456,620427.2899,212.4579,399,2134
52958460,6.6,9200,71000122,158467.2714,620352.455,146.36195,559,3023
52958341,6.27,9200,71000232,160493.7544,620813.3765,207.3047389,596,3162
52958509,6.73,9200,71000123,159452.1924,620552.5097,265.3658509,418,2269
52958307,4.63,9200,71000111,158461.7964,619956.1817,260.53145,361,1638
53415467,20.46,9200,71000311,159420.4268,618418.245,335.8550706,285,1251
52957853,4.21,6520,71000314,158289.3922,618339.3114,275.54475,439,1980
52959292,6.91,9200,71000232,160956.4954,621027.3035,123.69495,674,3939
52957946,4.33,9200,71000123,159212.0366,620632.6082,202.3685,416,2216
52958268,5.38,9200,71000414,159743.1347,622442.4086,252.1142,803,4813
52958280,15.77,9200,71000311,159060.1434,618563.5939,267.9563975,238,1008
52958916,12.62,9200,71000213,160221.3034,619938.0406,342.05995,386,2148
52957882,5.7,9200,71000111,158742.7356,620048.1476,167.5254,323,1499
52975395,9.32,9200,71000123,158895.6917,620774.3213,285.99235,475,2464
52971862,7.455,9200,71000426,160371.7374,621557.2159,207.4846502,702,3642
53008945,4.26,9200,71000243,160003.6928,618673.8126,195.89925,304,1333
53010550,5.5,9200,71000232,160800.1497,620992.3474,143.69705,669,3794
52973958,4.76,9200,71000112,158744.2397,619699.2878,350.09985,296,1247
52970488,7.2,9200,71000223,161278.3603,619672.9218,154.563,550,3251
53424634,24.63,9200,71000221,160796.4619,619962.8379,283.48595,514,2909
53010042,3.9,9200,71000232,160683.6195,621007.5489,106.0985085,656,3769
52973104,5.74,9200,71000112,158324.2056,619748.729,151.3271,384,1774
53011918,8.95,9200,71000424,159825.2649,621646.5725,149.1881307,699,3902
52973561,4.31,9200,71000232,160670.01,620757.1533,219.1909,672,3431
52973113,5.13,9200,71000232,160924.8472,620859.6432,149.447,673,3911
52973114,7.5,9200,71000123,159390.531,620567.0777,258.94525,407,2211
52966878,22.68,9200,71000214,159996.9809,620120.0236,394.42695,395,2174
52966876,6.81,6520,71000212,160605.7933,619563.7927,352.3805786,443,2317
52968254,8.9,9200,71000424,160193.5768,621464.5568,161.5262975,643,3461
52967930,7,9200,71000213,160480.8979,620132.4066,551.02115,465,2639
53417480,7.8,9200,71000243,160653.5853,618851.8549,294.431,468,2450
53008197,5.41,6520,71000222,160871.2694,619387.6369,235.234,483,2578
53008901,5.32,9200,71000122,158613.5139,620388.2767,229.86355,507,2424
52971393,21.81,9200,71000211,159893.0052,619073.7332,331.912,282,1233
53008503,4.61,9200,71000424,159630.3362,621281.8022,252.3871,557,3344
53009482,4.1,9200,71000243,160072.8752,618588.8736,203.2774322,328,1513
53008659,7.2,9200,71000232,160901.0038,620839.4087,153.988522,680,3982
53008671,4.51,9200,71000122,158753.4962,620977.7411,252.2225,524,2849
53009398,13.25,9200,71000311,159055.085,618491.2224,352.6616454,249,1071
53009428,6.61,9200,71000123,159223,621055.4054,186.9557,524,2960
53424522,7.8,9200,71000243,160158.8024,618734.0383,188.48895,340,1553
53009431,6.8,6520,71000212,160574.8136,619643.6032,332.122745,462,2431
53008387,8.2,9200,71000123,159081.4968,620576.9327,272.8296,431,2303
53008397,6.2,9200,71000122,159035.7529,621279.6134,162.0105,528,2947
53008429,22.07,9200,71000214,159944.04,620025.0961,345.61615,353,1988
53009356,5.44,9200,71000232,160715.1191,620849.4998,158.21,652,3760
53015927,6.41,9200,71000123,159306.9683,620963.257,202.8175,481,2616
53014716,8.1,9200,71000211,160347.8174,619248.9608,354.3561215,345,1758
53014733,7.71,9200,71000111,158601.9182,620194.7875,247.702,390,2021
53426258,10,9200,71000242,160235.5213,617737.4789,224.8005,451,2678
53022975,5.5,9200,71000122,158633.9733,620689.9475,165.972003,468,2448
53022459,7.5,9200,71000223,161254.9519,619889.9974,509.1158,688,3955
53016931,7.3,9200,71000122,158693.0312,620570.0914,167.6397,416,2158
53016945,3.26,9200,71000123,159221.6704,620640.8416,206.2975,429,2255
53426936,9.2,9200,71000221,161093.3788,620073.5354,458.72185,573,3103
53023176,5.52,9200,71000231,160470.1652,620504.7405,211.8848,618,3143
53022928,4.7,9200,71000231,160254.839,620528.1594,71.8075,538,2743
53425794,17.82,9200,71000415,160112.2282,622830.3494,499.755,794,4775
53022384,8.1,6520,71000224,162045.1766,619250.4099,1738.505408,619,3803
53021407,8.5,9200,71000211,160256.4361,619283.6322,295.8462055,346,1704
53022359,4.01,9200,71000123,159025.8701,620342.4871,216.9861823,399,2137
53022833,2.77,5710,71000321,158418.0811,618963.2103,224.4985492,230,962
53022838,3.31,9200,71000316,158627.3106,618950.8034,325.1664,178,666
53022330,7.99,3601,71000112,158554.4787,619509.0923,1099.91515,213,960
53022333,4.07,6600,71000316,158895.0524,618889.2973,1483.4425,174,588
53021505,4.41,9200,71000122,158668.3066,620387.8676,192.60405,396,1935
53016012,10.48,9200,71000315,158662.5196,618341.0617,648.69635,354,1593
52968224,5.91,9200,71000232,160457.1298,620985.6924,93.66128126,600,3383
52992768,4.71,9200,71000111,158891.7873,620241.1774,226.005,395,2063
66704477,6.01,6520,71000212,160643.0674,619748.7652,467.4928893,300,1771
52991650,19.38,9200,71000221,161190.3579,620004.8318,313.9405094,587,3258
52991182,4.68,9200,71000112,158660.7229,619711.0191,258.52,319,1361
52972359,6.51,9200,71000223,161267.25,619702.88,278.39,561,3272
52973129,7.7,9200,71000123,159683.7698,620735.0914,152.31115,461,2549
52991085,6.21,9200,71000123,159617.9454,620816.5158,50.233294,491,2753
52991534,5.9,5305,71000232,160790.0857,620701.8372,304.27075,687,3483
52992443,3.5,9200,71000242,160844.0376,618099.1122,311.626783,489,2896
52991172,4.6,9200,71000232,160956.2723,620753.9594,121.10695,706,4145
52990554,8.8,9200,71000423,159414.7463,621613.0954,289.6747323,647,3592
52991148,6.01,9200,71000211,160355.1586,619348.4574,242.997692,362,1817
52991974,7.16,6520,71000224,161984.5392,618882.8761,228.98995,547,3539
52968718,6.7,9200,71000243,160364.7367,618697.7414,199.856,369,1776
52972244,8.7,9200,71000242,160041.1257,617755.2994,182.6778134,419,2449
52991192,5.2,9200,71000243,160728.0475,618679.4904,256.2254,463,2338
52992080,3.64,5521,71000315,158852.7384,618457.6952,329.1410616,311,1423
52991194,7.61,5900,71000121,157364.2552,619875.7099,401.3185,508,2858
53416380,8.52,9200,71000112,158335.4335,620175.0729,332.82755,360,1744
53044922,5.7,9200,71000242,160369.3462,618013.4109,224.0798233,475,2913
53035480,5.91,9200,71000243,160663.0702,618409.7261,124.469834,405,2121
53046316,6.5,6520,71000224,161966.6492,619262.0009,754.1032,593,3521
53037833,6.7,9200,71000425,159992.7435,620958.7558,177.5600544,530,3374
53045031,9.68,6535,71000113,158617.2042,619402.0401,616.56115,229,673
53431431,4.17,5710,71000321,158211.7724,619128.4998,131.5954,359,1691
53033804,10.21,9200,71000423,159484.0172,622388.9121,511.026911,736,4537
53034810,10.81,5330,71000426,160326.7646,621247.2974,1622.984784,636,3405
53049725,5.04,9200,71000423,158991.4073,621797.4571,214.2919995,604,4051
53428445,11.91,9200,71000314,158310.65,617966.5,611.454,529,2577
53036929,7.64,9200,71000313,158490.1249,617999.8724,418.39835,397,1811
53049081,7.5,9200,71000231,160388.2611,620460.4791,162.3076,620,3060
53037956,5.22,9200,71000122,158841.0586,621278.08,201.5177,569,3830
53047073,8.01,9200,71000243,160851.8046,618779.7567,283.822165,529,2592
53045667,6.39,9200,71000112,158357.2178,619598.6076,246.169053,265,1223
53047045,33.55,9200,71000311,159368.1555,618933.8117,406.628,226,831
53432203,3.86,9200,71000223,161473.2087,619355.6776,151.5415,539,3505
53052993,18.75,9200,71000414,160043.2448,622811.0399,433.719,777,4673
53047067,8.4,9200,71000243,160469.0941,618705.1082,241.63295,470,2310
53046584,7.81,9200,71000243,160511.3848,618738.8293,622.8846501,468,2302
53047010,5.22,9200,71000423,159113.639,621694.2198,229.27978,663,3848
53047932,8.41,9200,71000242,160200.4183,617875.3193,198.5986,426,2427
53047478,4.86,5710,71000321,158442.4496,619116.6764,589.7762125,210,764
53431985,8.3,9200,71000423,159261.8495,621471.687,313.63094,614,3528
53050396,5.01,6520,71000222,160958.2828,619283.9223,72.4397165,509,2749
53432053,4,9200,71000212,160012.7413,619459.0765,78.95700001,372,1705
53051767,8.61,9200,71000316,158615.5541,618703.9762,315.4302,251,969
53052708,7.82,9200,71000123,158987.293,620991.2822,244.4023,510,2768
53052192,8.5,9200,71000231,160518.4766,620469.4806,188.7042,609,3074
53004998,5.09,9200,71000323,157473.6548,618009.6086,219.80319,506,2579
53005721,8.06,9200,71000112,158245.6559,619843.8285,128.7211,360,1659
53006194,17.22,9200,71000424,159776.7738,621218.427,337.2859,538,3234
53003283,9.9,9200,71000122,158560.3974,621213.599,289.3483125,560,3082
53003388,3.42,9200,71000111,158608.6268,620129.3874,707.7271,384,1762
53006082,13.1,6535,71000222,160779.8879,619147.4571,607.73865,377,2035
53000700,30.79,9200,71000311,159418.9204,618922.3044,414.5221,235,875
53000673,10.2,9200,71000122,158759.3323,621255.2003,110.81215,536,3101
53069791,10.9,9200,71000313,158580.5654,618060.8407,486.99195,408,1849
53082238,9.21,9200,71000123,158729.4619,620312.3267,306.13105,373,1891
53073649,9.51,5300,71000221,161077.295,620148.655,456.2113,613,3672
53071335,3.5,9200,71000242,159941.0665,617837.0757,196.6180997,389,2239
53071344,3.86,9200,71000322,157742.8134,618398.8217,125.1545,527,2800
53435741,5.2,9200,71000242,160428.2419,617629.7151,285.159325,556,3301
53074118,4.4,9200,71000232,160782.07,621047.0156,100.550368,676,3956
53075206,8.42,9200,71000211,160128.728,619319.082,224.678298,342,1591
53079246,3.51,9200,71000323,157859.6349,617436.6337,305.93795,614,3293
53072297,5.04,9200,71000111,158668.1878,619861.1254,312.4970655,318,1381
53069367,15.6,7600,71000213,160221.5964,619995.4591,165.7011375,411,2292
66706671,4.01,5521,71000232,160628.3559,620939.9951,134.7850865,407,2401
53077982,6.99,9200,71000242,160749.3778,618269.7353,299.37465,469,2822
53077505,4.3,9200,71000313,158431.7665,617839.4805,85.035188,444,2101
53436023,4.3,9200,71000242,160650.9802,617617.8971,154.5096133,544,3228
53436024,5.8,9200,71000111,158385.705,620169.5,257.2021,424,1891
53079512,6,9200,71000223,161285.6485,619699.1851,322.23705,581,3320
53080905,5.56,9200,71000231,160250.4202,620557.449,208.5342909,543,2804
53438421,6.32,9200,71000242,159868.7674,617886.8427,174.609162,397,2245
53100362,5.55,9200,71000242,160002.4531,617739.6439,154.6679476,421,2467
53439471,3.9,6520,71000222,160843.8978,619108.8289,48.032,460,2463
53098577,6.43,5253,71000325,157489.364,618207.114,66.82146859,529,3002
66704762,5.41,5202,71000232,160448.6388,620702.8542,135.5302562,357,2106
53098483,4.81,9200,71000123,159182.2482,620550.2018,308.57485,395,2119
53099437,9.21,9200,71000423,159558.1487,621614.299,416.724232,625,3557
53099486,5.5,9200,71000242,159873.6219,618168.8724,151.48,396,2248
53071695,4.82,9200,71000111,158800.381,619904.6565,266.974,291,1293
53054514,5.51,9200,71000231,160520.4525,620524.1585,131.945,616,3118
53069494,5,9200,71000212,160159.895,619417.25,108.1014,339,1665
53103766,5.7,9200,71000123,159263.1049,620753.8376,373.5687,449,2453
53112119,4.55,9200,71000316,159148.1635,618980.3848,332.1482,218,856
53104246,4.51,9200,71000123,159424.4357,620930.962,215.1155,439,2471
53112868,7.1,9200,71000243,160581.068,618575.2953,299.8009898,432,2239
53113408,28.98,9200,71000311,159502.0479,618727.4568,429.09555,290,1103
53441601,6.81,9200,71000425,159884.643,620871.4667,232.2764842,514,3276
53106361,30.66,9200,71000316,158673.5,618605.3753,417.7292187,322,1484
53105986,4.93,9200,71000232,160455.8552,620960.5307,250.7180215,600,3385
53114924,5.9,9200,71000232,160701.1861,620930.5662,142.58195,639,3679
53114436,4.67,9200,71000123,158900.9336,620527.3743,214.93205,457,2218
53110128,15.23,5370,71000112,159483.5109,619795.4687,1761.58675,257,1207
53113655,5.03,9200,71000232,160370.5787,620826.7738,224.88465,592,3113
53442692,9.8,9200,71000212,160120.4164,619643.971,364.5704,382,2128
53107293,6.75,9200,71000316,158637.8626,618914.2332,388.4421,196,733
53114584,6.41,9200,71000223,161247.9628,619730.0866,329.0429,568,3302
53443303,5.91,9200,71000111,158541.0501,620181.8562,192.991086,349,1653
53114157,6.57,9200,71000122,158671.102,621045.057,269.77035,599,4119
53102791,3.72,5900,71000121,157639.0007,620044.0519,73.155,443,2491
53103286,7.7,9200,71000122,158672.0243,620995.1445,162.9284,503,2789
53103758,5.52,9200,71000123,158927.9005,620758.9622,357.18367,475,2462
53123763,3.37,9200,71000122,158729.3125,620995.2219,364.07415,498,2759
53123838,6.3,9200,71000423,159070.0704,621641.0025,170.1207,644,3771
53124176,9.21,9200,71000421,160148.4736,621654.0156,173.205956,720,4005
53120153,7.3,9200,71000232,160517.7012,620748.8397,260.2503073,612,3229
53114025,6.8,9200,71000111,158543.6769,620021.7178,221.1544,341,1540
53113379,4.655,9200,71000232,160939.563,620902.1,121.557021,672,3892
53442204,5.61,5320,71000222,160984.3111,619038.053,344.923193,440,2432
53445202,12.79,9200,71000321,158384.4067,618590.1755,929.3975055,248,1251
53125153,13.4,9200,71000123,159233.0952,620470.4108,964.94545,388,2093
53113795,8.43,9200,71000123,159602.0034,620458.2939,191.782,351,1961
53113799,5.31,9200,71000231,161003.2546,620707.1664,193.7095,712,3713
53443983,8.4,9200,71000112,158292.8606,620102.5275,317.7466,354,1708
53118092,6.68,9200,71000112,158509.0733,619702.5075,182.4657,290,1233
53118099,21.9,9200,71000114,158113.3541,620037.8449,277.2955,349,1782
53124351,5.71,9200,71000213,160427.1873,620025.7393,449.5015,450,2490
53443716,14.8,9200,71000221,161112.2197,620336.1244,576.28595,605,3735
53124341,22.89,9200,71000311,159492.7033,618935.7149,350.21895,261,985
53444030,4.295,9200,71000123,159202.0432,620673.2757,263.3834147,423,2247
53114736,7.79999924,9200,71000243,160221.092,618862.3965,359.2658854,358,1648
53118056,3.41,5710,71000321,158387.1473,619138.5958,206.18685,240,848
53109919,5.2,9200,71000122,158603.1429,620655.5504,134.4632,476,2480
53122740,4.91,9200,71000223,161279.4434,619744.8951,221.59935,712,4148
53118713,6.01,5900,71000121,158063.5831,620408.3135,93.483291,442,2584
53111274,9.17,5305,71000314,158426.8448,618290.4284,434.4915375,412,1858
53122665,7.99,9200,71000112,158339.2138,620251.6376,174.85245,387,1887
53124811,5.08,9200,71000243,159998.6049,618636.8412,291.9822032,333,1556
53125137,8.1,5521,71000243,160179.895,618691.81,73.74090001,349,1584
53127725,3.61,9200,71000323,157543.145,617875.595,204.8709,508,2482
53128140,11.4,9200,71000426,160383.2523,621492.4464,153.5275804,697,3667
53128341,7.7,9200,71000423,159556.305,621679.1554,361.586478,619,3598
53445693,6.21,9200,71000424,159719.7516,621594.0663,189.5988808,631,3683
53124021,7,9200,71000123,158901.544,620448.284,274.87295,459,2251
53445769,5.01,9200,71000325,157477.9446,618514.8704,163.5014092,447,2645
53129606,6.2,9200,71000211,160190.9497,619241.2746,157.473021,336,1601
53129561,6.4,9200,71000242,160005.3379,618082.6908,138.3673,401,2220
53445942,5.83,9200,71000414,159907.3927,622390.0186,339.12355,804,4803
53130863,13.11,9200,71000213,160519.7313,620213.2288,311.30065,487,2719
53446180,8.4,9200,71000112,158202.7166,620094.3003,290.742,365,1853
53130207,4.39,9200,71000112,158716.5245,619737.0144,164.1926,291,1216
53097666,4.99,9200,71000122,158828.6758,621258.0545,178.1128411,541,3152
53440661,7.72,9200,71000423,159104.5158,621576.124,385.9634091,658,3766
53096714,6.59,5305,71000323,157676.4283,617998.212,263.6093823,501,2427
53098140,9.91,9200,71000423,159483.2003,622369.1102,212.9995899,724,4369
53098063,6.63,9200,71000424,159677.6172,621360.9851,152.163,569,3432
53102363,3.13,9200,71000123,159269.4856,620809.1812,367.98675,446,2443
61233711,7.7,9200,71000123,159280.0967,620567.162,223.003212,378,2061
53098606,10.7,9200,71000423,159391.1313,621902.572,331.7214307,683,3970
53098653,5.6,9200,71000223,161374.1802,619493.011,990.5775,530,3007
53102352,6.04,9200,71000232,160959.1484,620897.1345,138.69885,686,3948
53102354,5.03,9200,71000111,158869.0506,620232.4957,300.2174916,333,1665
53102421,6.5,9200,71000123,158851.019,620722.1924,117.525,460,2402
53101956,5.61,9200,71000111,158665.8024,620084.9448,276.27455,352,1664
53102796,7.41,9200,71000123,158820.575,620422.1572,225.5764,427,2066
53103316,7.32,9200,71000123,158820.5554,620730.3236,339.20685,461,2407
53103433,7.1,9200,71000232,160459.8429,620939.9343,190.8262,598,3399
53102957,8.8,9200,71000123,159602.2495,620661.8649,131.9255955,445,2449
53104101,5.86,9200,71000122,158561.4995,621086.3881,280.801,557,3082
53103303,3.5,9200,71000111,158370.6527,620079.1664,204.4025,397,1806
53439952,6.88,9200,71000423,158747.9108,621586.9806,154.660002,651,4456
53093869,18.32,5521,71000422,159878.8099,621842.6064,421.6367591,705,3927
53441434,6.87,9200,71000111,158653.3913,619800.5334,206.1345,311,1289
53105470,7.51,9200,71000243,160695.5446,618595.1955,83.03052798,443,2256
53096264,5.02,9200,71000242,159983.6694,617853.2662,210.1884566,395,2233
53096269,4.5,9200,71000243,160091.7426,618237.5677,146.7888925,377,2226
53104953,7.96,9200,71000423,159128.9656,621573.926,95.06113122,634,3684
53094795,3.87000076,9200,71000111,158425.1442,619988.2908,255.2005963,362,1666
53106797,9.07,9200,71000322,157832.2578,618469.0232,356.313889,535,2796
53097255,14.32,9200,71000313,158346.835,617736.7129,633.95505,471,2230
53097219,6.81,9200,71000426,160397.4042,621715.3354,167.6121183,767,4061
53100143,6.71,9200,71000123,158974.6004,620806.1,259.8519135,499,2580
53145305,19.47,9200,71000211,159830.5499,619019.1315,354.62,296,1306
53448561,5.81,9200,71000426,160196.8127,621332.1526,151.00243,744,3995
53145289,13.57,9200,71000313,158088.9454,617758.4397,184.95995,470,2277
53151352,6,9200,71000242,160932.3392,618019.9641,170.000073,504,3020
53137320,11.11,9200,71000123,158943.0187,620302.8512,253.3208,401,2186
53141337,8.01,6520,71000222,160816.9412,619834.6618,280.1743,496,2688
53145135,18.7,9200,71000422,159808.5536,621819.1964,679.9551734,745,4616
53147971,10.01,9200,71000123,158795.6158,620675.3957,174.4475,437,2280
53150354,5.91,9200,71000213,160325.8004,620255.5236,393.565,462,2655
53145709,6.2,9200,71000424,160203.1219,621532.5349,190.420125,744,4127
53448555,7.3,9200,71000122,159101.5506,621231.0382,185.1365,521,2865
53448767,12.01,5330,71000111,158936.1635,619949.7152,1250.748117,309,1368
53147362,10.42,9200,71000423,159413.5292,621588.2807,385.0162515,622,3517
53149523,12.7,9200,71000223,161598.2362,619806.7137,290.07815,673,3817
53151892,9.42,9200,71000112,158196.3617,620190.6433,341.21185,371,1995
53141160,6.4,9200,71000231,160333.5036,620679.1466,135.07,555,2924
53141180,7.59,9200,71000243,160591.0033,618836.2008,177.3656,484,2500
53144210,8.57,9200,71000325,157770.0003,618765.3651,285.713,467,2529
53145809,5.79,9200,71000424,159661.2798,621422.0869,235.322425,578,3487
53145811,6.11,9200,71000242,160432.1696,617676.2688,127.67615,563,3338
53147282,8.42,9200,71000316,158956.8601,618736.8312,529.89825,323,1400
53148514,5.14,9200,71000425,159905.3306,621001.0687,356.7449423,598,3571
53151004,4.71,9200,71000243,160315.6876,618245.4455,467.3517693,432,2464
53146448,4.11,9200,71000231,160656.4119,620412.8602,121.45795,652,3223
53145320,6.43,9200,71000212,159996.9097,619351.5856,153.5118155,318,1487
53144991,5.31,5202,71000313,158394.081,617721.3407,372.723081,476,2229
53144586,6.89,9200,71000314,158317.9622,618237.7252,404.37095,422,1911
53148984,9,9200,71000243,160136.3957,618687.6767,175.6839,330,1501
53147644,6.74,6520,71000222,160955.1138,619567.6172,562.10985,469,2589
53145199,5.61,9200,71000242,159868.9503,617854.9878,209.5886834,383,2295
53156014,29.14,9200,71000221,160964.9757,619996.8002,628.4670578,538,3025
53163355,3.73,9200,71000325,157441.4171,618434.9582,326.0538287,380,2387
53161365,13.67,9200,71000212,160116.8055,619596.6668,1283.8602,385,2140
53449868,8.21,5202,71000316,158812.2233,618922.1573,1798.81625,162,547
53451381,17.16,9200,71000425,159840.3612,621141.66,327.9383,598,3326
53449767,2.53478261,9200,71000213,160217.9655,620194.1506,541.5324514,436,2503
53149854,4.4,9200,71000232,161087.0244,621064.1926,163.2890795,650,3890
53160977,4.16,9200,71000242,159984.9121,618085.6479,178.534806,395,2195
53159272,6.42,9200,71000423,159076.8789,621999.9487,185.1028468,673,4146
53154078,10.89,9200,71000123,159418.4015,620382.1391,175.84365,350,1874
53159181,28.52,9200,71000321,157971.5472,618915.6402,522.1869,438,2316
53159184,7.21,6520,71000222,160677.305,619567.25,127.1904,428,2311
53160129,6.91,9200,71000112,158323.0878,619681.6538,167.14955,362,1577
53160623,9.81,9200,71000242,160026.9136,618109.1631,143.22,415,2275
53153604,7.3,9200,71000112,158295.6745,620135.8605,416.50385,366,1777
53451533,34.4,9200,71000313,158441.2012,617992.3454,696.1098,403,1855
53161433,10.21,9200,71000211,160032.1,619234,209.176,325,1443
53450446,21.62,9200,71000423,159286.5509,621375.3742,340.67225,612,4128
53451627,4.66,5710,71000321,158297.5525,619137.9646,207.16365,244,884
53166387,11.58,9200,71000323,157692.3973,618143.4676,328.2999999,462,2264
53173014,6.47,9200,71000316,158833.1161,618999.3807,531.36745,136,455
53167456,10.97,9200,71000314,158224.4778,618277.3779,655.60815,342,1671
53167491,5.78,9200,71000242,160096.0048,618135.2143,189.4041765,408,2309
53162537,13.95,9200,71000313,158333.1898,617654.4415,351.1334,516,2392
53162605,7.04,9200,71000423,158921.0356,621777.7411,156.090766,618,4117
53163916,7.56,9200,71000316,158983.8105,618721.0206,409.8368,317,1369
53163262,12.55,9200,71000223,161221.6481,619473.7129,693.0568999,587,3875
53171829,4.84,9200,71000242,159895.421,618082.0056,161.2552604,385,2173
53165219,6.05,9200,71000325,157642.1467,618702.5001,157.0728,448,2479
53160985,3.31,9200,71000243,160901.7325,618860.5429,62.28144999,495,2980
53164115,3.74,9200,71000243,160758.8287,618621.2441,193.7743625,460,2310
53452640,6.6,9200,71000123,158990.5084,620877.5365,312.44635,511,2639
53165029,10.76,9200,71000314,158314.0946,618392.7746,245.8725212,386,1819
53166595,4.98,9200,71000243,160777.7515,618801.4553,126.3942467,503,2622
53451334,3.3,9200,71000122,158919.2205,621262.3723,136.8428,563,3795
53162000,16.97,9200,71000323,157787.5798,617989.7675,462.9025,453,2203
53162011,9,9200,71000123,159164.1658,621007.0814,254.25745,524,2898
53164641,7.2,9200,71000242,160110.15,617718.965,167.862,446,2595
53164645,12.9,5253,71000242,160843.4634,617613.2603,371.53235,559,3292
53168232,10.57,9200,71000313,158652.8596,618124.3905,412.3605,390,1776
53167523,7.32,9200,71000316,158569.5535,618831.4975,312.8398,237,894
53167652,5.03,6520,71000222,160775.205,619595.25,189.8813,477,2513
53167052,6.57,9200,71000313,158643.0868,618295.4828,122.61055,333,1477
53168146,4.89,9200,71000242,159981.9188,617995.6587,131.6630938,392,2177
53168162,8.32,9200,71000122,158542.8308,621109.5256,245.96625,570,3128
53452730,7.2,9200,71000242,160040.3857,617773.8917,205.4610368,415,2430
53161007,18.74,9200,71000112,158796.75,619578.5,607.8127999,302,1242
53451342,8.05,9200,71000416,160673.6461,622277.6988,125.3837515,910,4821
53167063,5.42,9200,71000323,157920.469,617395.7272,211.6553559,605,3230
53167067,5.86,9200,71000242,159979.3353,617838.0742,200.2565863,405,2301
53165044,7.18,9200,71000323,157927.916,617437.421,188.2540017,635,3330
53167163,8.51,9200,71000426,160304.8905,621452.9696,142.491,666,3960
53171813,6.72,9200,71000242,159971.1775,618149.0148,150.507,416,2341
53172937,16.2,9200,71000213,160244.3211,620259.2744,418.6025,437,2501
64910668,4.61,6520,71000243,160246.2777,618813.9712,71.21763561,378,1782
53169448,6.9,9200,71000123,159593.2811,620843.8058,151.9753945,492,2698
53167799,4.8,9200,71000242,160685.9862,617546.5089,247.5146109,590,3418
53167542,6.25,9200,71000325,157574.6262,618728.5054,160.8753,368,2082
53171256,6.27,9200,71000325,157332.545,618364.31,171.1121,477,2963
53171730,16.63,9200,71000112,159157.3158,619811.1049,504.64115,273,1046
53171741,7.06,9200,71000112,158257.1032,619822.9991,196.6619,366,1683
53164092,13.51,9200,71000316,159061.5967,619099.4538,362.097,212,745
53167358,3.8,9200,71000242,160798.7434,618074.6229,403.5878458,478,2845
53167382,5.68,9200,71000423,159318.3883,621407.6999,291.9924767,612,4128
53166515,7.01,6520,71000212,160544.705,619643.5,117.3521,471,2467
53172425,5.91,7600,71000111,158462.0136,620071.4503,272.073,412,1841
53167112,10.41,9200,71000243,160467.2398,618234.344,339.11265,469,2629
53167894,7.1,9200,71000242,160190.1949,617844.1552,179.145975,424,2418
53131966,9,9200,71000426,160342.9594,621476.1241,218.698939,700,3695
53133407,12.91,9200,71000242,160901.4077,617917.1036,374.475832,517,3069
53136653,20.45,9200,71000231,160776.3218,620342.8641,472.11255,611,3118
53136659,3.5,5305,71000232,161021.8845,620821.7162,123.269604,686,4240
53137025,6.16,9200,71000423,159215.6282,622236.5494,178.70355,723,5237
53132123,7.24,6520,71000222,160952.5563,619347.9953,2396.860673,504,2652
53133571,9.51,9200,71000423,159137.9525,621553.3605,410.3371905,632,3667
53133574,8,9200,71000426,160360.7585,621709.6883,171.9970143,729,3847
53136773,6.01,1000,71000243,160474.4797,618447.4519,107.7661,404,1915
53140281,5.7,6535,71000423,159634.5515,621878.1993,112.6032,648,3835
53132993,5.41,9200,71000242,159905.3409,617725.2594,206.3437495,409,2352
53133423,3.33,9200,71000323,157874.7305,617407.0818,251.0636625,609,3260
53135176,10.5,1000,71000121,158129.796,621342.5099,335.463605,663,3479
53134870,7.914999235,6520,71000224,161639.0651,619098.1307,635.2300346,496,3125
53136263,6.71,9200,71000111,158823.8897,620041.4834,228.9118,323,1465
53446529,7.62,9200,71000423,158772.0928,621466.7351,153.0834396,607,3479
53446256,6.84,9200,71000416,160651.5814,622166.4538,181.6904535,918,4880
53133498,4.98,9200,71000122,158774.6473,621186.0025,206.4118,581,3943
53448080,10.65,9200,71000313,158837.695,618252.25,318.05,329,1481
53134253,4.29,9200,71000242,159866.6489,617770.5593,170.3141503,370,2218
53446096,9.5,9200,71000123,159527.2107,620493.8229,187.82225,378,2043
53135709,12.2,9200,71000313,158637.2694,618273.6757,268.4467,335,1490
53446545,3.83,5312,71000424,159851.1532,621272.9729,89.53560001,555,3311
53142033,5,9200,71000414,159460.1615,622530.9169,178.968,722,5153
53135094,7.65,9200,71000426,160469.6203,621835.6226,194.7703862,797,4227
53136407,3.48,5300,71000311,159120.875,618526.25,597.6756,245,1044
66701084,7.255,5521,71000423,159705.2995,622208.6339,86.47,523,3081
66701213,6.29,6520,71000111,159167.3912,620280.2381,856.0247,183,1081
66700682,10.855,5330,71000111,159035.2168,619960.1453,102.8882,126,744
66708563,9.75,5330,71000111,158993.1079,619816.5669,229.30415,101,597
53175901,8.1,9200,71000243,160933.632,618743.4799,290.4477616,528,2685
53180810,4.19,9200,71000211,160512.5723,619129.2325,205.1976,376,2080
53180817,3.31,9200,71000242,160784.0518,618105.7193,269.3920611,478,2847
53453635,34.78,9200,71000424,160006.835,621598.9777,502.6512277,680,3894
53180070,11.09,9200,71000416,160630.728,622299.8075,299.568,865,4712
53177865,9.6,9200,71000123,159515.795,620398,194.3013,336,1928
53180428,8.3,9200,71000426,160422.3291,621429.0608,209.5145656,705,3655
53180438,15.67,9200,71000323,158041.5546,617600.5797,617.36765,585,3090
53177618,7.65,9200,71000423,158700.4299,621522.7023,145.499654,658,4536
53177621,9.31,9200,71000212,160020.7939,619377.4538,128.2652131,323,1529
66708478,3.31,5202,71000232,160665.1901,620726.4739,143.41006,387,2280
53179012,8.6,5521,71000223,161374.7777,619550.9284,126.86645,614,3857
53175440,13.51,9200,71000221,160765.2989,620039.4794,302.2621,500,2836
53179705,15.57,9200,71000112,158648.0938,619645.7838,367.2961,312,1332
53178456,11.61,9200,71000313,158057.9647,617766.3992,365.58895,526,2463
53454162,4.63,9200,71000242,159940.5151,617693.5695,195.450268,417,2387
53174613,6.34,9200,71000112,158691.5608,619740.0492,191.355322,316,1328
53179335,7.4,5300,71000242,161018.4995,618257.2298,344.3722613,517,2893
53180100,3.87,5310,71000316,158750.3641,618726.1774,197.01515,231,900
53175890,12.33,5330,71000113,159566.2033,619188.1296,1119.4007,190,735
53453954,6.51,9200,71000231,160314.7748,620582.542,144.8265,554,2854
53180447,5.77,9200,71000122,158627.6493,621232.0411,206.479,575,3133
53178714,22.45,9200,71000311,159407.8872,618873.2878,341.37885,216,798
53180776,7,9200,71000243,160604.25,618745.56,240.3092,451,2352
53171708,10.2,9200,71000112,158183.7382,620214.667,438.3213,375,2028
53453354,6.3,9200,71000123,158893.811,620613.2919,444.13435,473,2302
53174172,25.87,9200,71000112,159090.5425,619688.2006,540.52935,198,748
53453632,5.45,9200,71000243,160683.8888,618716.8425,316.49155,474,2382
53177091,6.35,9200,71000231,160643.3904,620439.8876,183.041196,647,3220
53454040,16.65,9200,71000323,157872.1957,617251.922,972.72896,625,3280
53177957,10.11,9200,71000243,160068.4334,618671.7674,238.3049,320,1431
53453960,10.81,9200,71000223,161418.2972,619494.999,91.4379,532,3019
53175412,8.7,9200,71000123,159562.9594,620893.4648,164.61895,466,2611
53178674,23.11,6535,71000222,160766.0713,619010.8138,957.2584,360,1973
53180108,5.18,9200,71000424,159707.1973,621552.1354,279.276736,709,4041
53178275,7.20999985,9200,71000243,160240.7654,618574.9677,173.406545,341,1607
53174662,7.82,9200,71000315,158428.2953,618390.8225,327.724,311,1535
53176392,25.8,9200,71000414,159936.58,622367.7963,671.405,704,4211
53179761,8.39,9200,71000423,158891.714,621820.0483,143.455247,615,4099
53178422,12.32,9200,71000322,157867.0885,618411.1591,603.114931,432,2026
53174259,4.32,1000,71000111,159292.9428,620144.6593,1263.47415,277,1517
51664128,25.62999969,6535,71000113,158996.8288,619421.027,2002.08165,190,548
53183126,8.58999924,5300,71000211,160433.1582,619176.9549,2435.834787,335,1723
51664570,6,5330,71000111,159014.6656,620128.4018,1766.097521,423,2275
51662379,4.295,5300,71000322,158096.5261,618520.6052,3702.310023,370,1771
51663686,7.91,5337,71000223,161357.8944,619704.402,1610.82731,583,3336
51662460,4.17,5310,71000311,159454.8037,618667.9769,2967.895136,219,890
51662883,12.865,5253,71000325,157596.1072,618188.9927,2569.155376,453,2312
52508038,5.6,9200,71000232,160650.6268,620881.0755,255.672012,671,3825
52508073,6.61,6520,71000425,159828.3526,620853.5896,730.5351851,572,3613
52495873,3.85,9200,71000122,158604.1994,620628.3716,241.2876044,443,2259
52495307,4.5,9200,71000232,160762.8298,621006.5043,201.1426147,668,3921
52496486,7.94,9200,71000315,158781.0631,618480.9475,390.128844,301,1376
52509894,3.41,9200,71000122,158842.3064,621045.7959,346.3702482,525,2903
65059692,7.31,9200,71000123,159528.7534,621001.9502,644.0294327,467,2953
52538972,7.4,9200,71000123,158895.9958,620830.2655,361.9054967,490,2510
52539812,23.8,9200,71000121,157989.2768,620960.2618,1187.731887,539,3341
53340522,7.81,9200,71000122,158824.0326,621074.327,286.6301459,519,2871
52559080,5.31,9200,71000325,157517.3806,618559.2367,213.9681058,481,2702
52559593,7.71,9200,71000232,160728.4548,620978.9714,205.55761,645,3724
52559620,6.9,9200,71000231,160434.9285,620454.2739,247.2683181,607,3064
52538967,6,9200,71000232,161045.9505,621070.7327,225.3497699,644,3850
52539344,4.2,9200,71000425,159976.7901,620968.1962,176.3544237,601,3605
52539380,3.41,9200,71000231,160890.1394,620676.7398,120.3931909,689,3466
52540841,3.91,9200,71000232,160790.638,620878.541,176.5575007,681,3957
53343012,4.71,9200,71000123,159494.2095,620549.2725,261.0337882,421,2303
52559387,6.9,9200,71000221,161036.9145,620042.3935,692.6979593,552,3047
52559400,5.34,9200,71000425,159702.8776,621007.1541,304.8699044,558,3432
52559515,8.81,6520,71000224,162028.1116,619713.4521,1736.916361,587,3864
53343925,7.3,9200,71000111,159080.9147,620076.3646,281.8510894,291,1118
52560228,4.81,9200,71000425,159770.8464,621081.0867,174.9811217,546,3291
52560231,7,9200,71000123,159431.4232,621001.6599,569.6797999,478,3010
52560247,4.81,9200,71000123,159509.697,620970.0539,512.0321963,478,2646
53342000,6.11,9200,71000232,160786.3071,620947.9621,227.6567188,672,3889
52552405,7.09,9200,71000223,161305.7403,619743.2847,153.8423489,598,3452
52588648,5.51,9200,71000231,160502.0582,620543.2454,183.1807835,605,3248
52587925,6.38,7300,71000224,162323.7519,620393.6304,414.436567,774,5891
52589545,6.91,9200,71000232,160486.6449,620700.0573,242.3125642,589,3116
52588822,9.4,7300,71000224,162313.706,620470.5186,860.5482958,779,5933
52589800,7.7,9200,71000423,159243.9246,621480.1765,287.1505864,616,3546
52591094,6.7,9200,71000243,160303.34,618551.245,370.5396257,353,1717
66703916,16.57333333,5710,71000321,158180.3976,619003.2173,1658.200004,136,802
53348787,6.18,7600,71000423,159331.3586,621660.6605,407.0241388,645,3721
52592082,6.6,9200,71000242,160427.2414,617992.7993,354.9678755,467,2863
52654545,8.6,9200,71000242,160923.1675,618244.0604,333.8319251,545,2977
52654556,8.93,9200,71000322,157753.2506,618377.2496,318.641471,531,2897
53360184,8,9200,71000423,159087.6245,622017.5471,162.857302,667,4138
52655205,6,9200,71000123,159188.6352,620920.2699,316.9823005,483,2674
52606156,5.81,9200,71000423,159368.0191,621551.635,198.247876,627,3515
52606173,6.12,9200,71000423,159241.6619,621550.2658,264.6891085,624,3592
52606531,7.93,6520,71000224,162086.7374,619396.1907,694.6504761,619,3931
52605715,24.05,9200,71000415,160021.0557,622431.8044,449.6415777,834,4706
53352299,2.33,9200,71000423,159537.655,621846.1931,172.817104,643,3766
52611729,46.4,9200,71000423,159806.454,622264.1992,597.3570053,692,4176
52611756,5.52,9200,71000122,158813.8128,621375.4381,325.5978907,576,3837
52611758,7.08,9200,71000424,159848.6977,621638.6936,290.4446087,692,3871
52612209,7.95,9200,71000426,160411.9775,621751.0849,318.307523,763,4068
52612524,4.8,5202,71000222,161055.5757,619466.6409,862.1483543,468,2630
52612542,10,9200,71000243,160410.455,618549.4367,276.9793077,371,1813
52613645,7.1,9200,71000242,160316.7557,617970.4297,446.3571906,492,2964
52613939,7.81,9200,71000243,160229.9755,618601.1616,329.2293189,343,1623
53353196,3.47,9200,71000422,159817.84,621731.4942,742.2437927,637,3649
52589791,6.3,9200,71000243,160898.2024,618551.4676,245.1688944,487,2476
52617696,8.09,9200,71000316,159152.2068,618867.6104,493.6785341,199,739
52631924,3.37,9200,71000243,160744.937,618500.2189,211.1826945,437,2246
52631946,13.84,9200,71000322,158168.7501,618554.5217,745.8476126,369,1769
64915740,9.01,9200,71000243,160657.4696,618511.3645,648.59095,413,2117
52631409,7.8,9200,71000243,160110.9659,618643.5348,166.3433749,325,1479
52631445,8.2,6520,71000224,161592.1843,619396.889,562.5356929,569,3582
52631473,5.52,9200,71000112,158445.6231,619555.1288,256.989889,331,1428
52631493,7.45,9200,71000223,161277.2082,619633.6008,358.7227369,643,3633
52632382,3.31,9200,71000243,160316.1501,618415.3293,359.4270221,361,1754
53359160,9.72,9200,71000423,159498.9603,621906.7852,249.1243189,754,4528
52644093,9.03,9200,71000315,158748.0129,618526.3881,806.8846493,283,1345
52644107,4.55,9200,71000243,160732.8831,618565.9571,487.3856861,429,2229
52644116,9.13,9200,71000426,160504.6472,621749.3589,210.2796876,837,4322
52605081,7.81,9200,71000421,160133.2593,621657.5525,153.8728914,718,3989
52605086,8.2,9200,71000423,159602.5017,622325.6582,483.2592306,705,4301
52605110,3.6,9200,71000423,159477.6773,621841.3972,399.7195071,764,4589
52605116,9.2,9200,71000421,160163.2976,621648.7962,155.097978,723,4021
52605132,8.71,9200,71000122,158691.0939,621273.6963,266.5125639,566,3137
52605141,8.7,9200,71000421,160205.0485,621748.0465,226.5004123,760,4106
52605168,7.6,9200,71000243,160141.2485,618626.1978,348.5768348,322,1481
52605190,33.09,9200,71000424,159918.6957,621469.2539,499.0195675,711,3975
52605236,14.16,9200,71000424,159853.168,621549.8923,430.5053664,676,3887
52605551,9.21,9200,71000423,159068.8317,622138.6528,515.3711676,694,4353
53352232,5.79,9200,71000424,159695.6454,621467.9539,170.409603,588,3541
52605602,7.5,9200,71000424,160137.7957,621478.9166,183.7669755,752,4153
52612231,21.54,9200,71000423,159335.0444,622031.7748,482.0329371,722,4196
52612255,3.5,6520,71000114,158247.2962,619512.6796,310.324073,339,1558
52611613,11.06230769,9200,71000211,160278.881,619091.8373,501.9529107,327,1537
52613460,6.31,9200,71000243,160208.5622,618798.5214,220.6012733,349,1595
52614763,9.11,5305,71000316,158953.2432,618953.5076,563.0668334,235,988
52615747,8.71,9200,71000243,160561.8128,618800.7448,375.9780869,422,2124
52615794,7.09,7300,71000224,162214.5922,618951.7177,249.9483997,579,3619
52615272,8.92,6520,71000222,160809.6768,619132.675,585.2576128,398,2072
52616691,21.23,9200,71000311,159295.0033,618636.914,351.0468642,260,1069
52616199,13,6520,71000224,162304.7191,618785.6365,680.360711,544,3517
53353294,24.41,9200,71000322,157891.376,618499.1853,339.3549295,414,2029
52619973,4.77,5310,71000423,159182.9585,621816.4853,2696.042185,688,3971
52620054,3.31,9200,71000316,158753.4256,619031.8144,326.1105408,163,552
52628640,6.13,5305,71000322,157986.304,618411.7954,2327.297904,393,1922
66709059,6.5,6520,71000222,161087.5003,619379.8282,691.9667968,363,2141
53357068,3.3,9200,71000316,159093.1232,619010.613,430.4930672,226,924
52632432,8.24,9200,71000315,158530.9646,618349.7705,658.7222932,336,1649
52632886,5.8,6520,71000222,160989.0503,619447.1602,316.7814585,551,2744
53357166,9,6520,71000224,162026.3022,618878.4287,770.3893552,556,3424
52635477,8.25,9200,71000426,160581.8967,621851.1984,247.5806728,835,4604
52635936,7.1,9200,71000423,159423.6512,621642.5872,373.3930203,645,3590
53356662,30.69,9200,71000421,160192.3807,622120.2497,618.7236376,812,4631
52636450,4.8,9200,71000426,160403.1266,621648.2462,130.8125853,715,3738
52642094,14.38,9200,71000321,158348.8435,618554.6243,418.8836482,325,1592
52642117,4.99,9200,71000325,157300.2725,618421.0364,90.81397934,461,2898
53358823,3.87,9200,71000325,157400.5653,618410.7484,349.4768701,454,2761
53358803,9.7,9200,71000421,160262.0727,621654.1327,153.6627891,725,3856
52643197,5.3,6520,71000224,161836.2716,619631.6873,56.4329735,612,3828
52644258,7.5,9200,71000421,160197.1634,621715.3158,209.1597479,743,4104
52644270,7,9200,71000426,160485.759,621613.6733,220.6721999,713,3667
52644275,5.2,9200,71000232,160501.3754,621208.8304,291.861621,606,3338
52644304,12.59,9200,71000311,159197.6543,618587.1631,409.9338201,226,980
52644374,8.19,9200,71000423,159353.5046,622210.5891,354.093221,695,4456
53359247,8.2,9200,71000426,160309.4909,621574.7657,155.5589952,702,3704
52643606,7,9200,71000243,160609.8678,618540.1226,549.248545,418,2143
52603773,31.615,9200,71000111,159110.5726,619896.2733,906.9241186,397,2216
52606049,8.8,9200,71000421,160178.5263,621645.1321,162.5514951,726,4036
52606053,6.8,9200,71000426,160469.5423,621563.5512,241.7935112,704,3614
53352386,17.4,9200,71000424,159811.8341,621546.0229,487.8419977,698,3952
52611344,4.68,6520,71000222,160721.4069,619028.747,601.9503795,351,1924
52614886,5.28,9200,71000325,157453.3262,618565.5283,222.3860774,444,2616
52614356,3.31,9200,71000243,160159.9779,618569.0594,439.6326238,328,1526
52615721,7.5,9200,71000243,160967.218,618790.1503,407.5871392,502,2576
52619077,6.1,9200,71000223,161410.4946,619473.5891,582.2680009,524,2997
52620944,10.84999992,5300,71000215,159740.2187,619226.6946,1314.614398,334,1519
52627146,28.38,9200,71000212,160588.4892,619231.0246,627.7993082,350,1931
53355842,9.4,6520,71000224,161970.4084,619019.9208,449.0503925,585,3569
52630503,30.01,9200,71000316,158685.7661,618564.0005,419.3063546,319,1482
53355848,6.68,6520,71000224,162012.3179,619375.1352,2133.008851,553,3569
52643421,8.11,9200,71000416,160652.0304,622276.7572,307.7037946,906,4803
52643443,3.34,5710,71000321,158496.5858,618971.7951,527.678641,211,885
52642667,8.63,9200,71000423,159464.0247,622332.5187,363.6159753,715,4328
52642669,7.91,9200,71000426,160510.7237,621850.7279,195.6176104,805,4254
52642690,7.5,9200,71000423,159542.335,621564.3917,390.1453285,618,3495
52642770,7.12,9200,71000243,160744.0082,618407.6383,660.5347112,492,2992
52642899,4.53,9200,71000416,160599.4276,622091.8289,283.3949021,918,4963
52642905,9.5,9200,71000423,159023.4833,621714.3731,323.5513993,650,3851
52642927,9.11,9200,71000423,159594.4393,621436.2626,449.2994118,540,3193
52643774,11.88,9200,71000416,160624.6064,622106.9437,273.9101686,926,4939
52643813,8.91,9200,71000315,158828.3527,618539.3284,672.5436477,270,1259
52643816,7.57,9200,71000426,160526.3455,621816.8515,210.9596826,803,4252
53359123,8.62,9200,71000423,159311.2709,621578.1304,226.0830551,647,3615
52647294,3.43,9200,71000243,160183.0541,618556.9087,466.4426305,338,1589
52647265,6.9,6535,71000222,161043.3978,618972.1782,1833.52776,408,2353
52457542,6.11,9200,71000232,160543.9423,621026.1933,181.990918,611,3374
52447216,11.01,9200,71000232,160827.3525,621055.9287,380.9865653,666,3782
53323155,4.76,9200,71000111,158477.2154,620309.6342,200.4128481,410,1981
52448114,6.65,9200,71000123,159212.0349,620963.3432,325.9269733,479,2633
52447598,5.3,9200,71000231,160365.9588,620610.3525,194.6967763,567,2989
53322859,7.14,9200,71000122,158625.0436,620771.0993,340.7525859,481,2534
53356655,4.36,9200,71000325,157376.843,618407.1921,194.9150405,453,2750
52634982,11.6,9200,71000423,159499.56,621946.9755,471.0848632,748,4489
52634041,1.87,5521,71000421,160292.1107,621759.5227,385.7110383,770,4315
52634109,8.53,9200,71000416,160597.5198,622279.4779,321.2401234,893,4746
52641167,7.81,9200,71000423,159748.9473,622039.9355,431.4053349,679,4059
53358730,5.71,9200,71000423,159738.6775,621918.4943,403.0741439,678,4058
52641647,6.2,9200,71000122,158884.224,621211.3825,301.1338892,527,2925
52646664,4.71,6530,71000243,160786.2998,618891.3884,232.9214768,509,3099
53324886,5.71,9200,71000232,160997.6327,621009.5935,161.2749656,672,3909
52458376,23.02,9200,71000121,157982.8645,620892.1181,1143.130747,523,3252
52447753,3.4,9200,71000232,160776.9997,620776.2436,217.9549832,698,3570
52459445,12.2,9200,71000122,158644.2555,621011.5542,214.0972775,604,4162
52449071,11.8,9200,71000223,161635.4291,619747.9966,407.0577986,672,3814
52448505,4.4,9200,71000232,160949.9383,620942.7551,235.3454103,670,3850
52448531,4.32,9200,71000232,160407.339,620826.4632,232.2596542,593,3143
53324260,6.71,9200,71000232,160504.0791,621049.7614,233.4654618,580,3285
52449533,5.4,9200,71000232,160661.5054,620912.5667,276.949027,634,3633
53324435,4.9,9200,71000232,161054.4234,620736.0882,237.4420428,691,3674
52450485,4.3,9200,71000231,160986.4111,620560.7804,182.1387057,673,3465
52450390,7,9200,71000232,160494.1032,620953.893,239.6884881,597,3388
52451421,8.61,9200,71000123,159554.1638,620630.2257,232.154115,428,2393
52451520,6.92,7300,71000224,162179.6749,620131.7899,395.6551553,645,4700
52465945,5.51,9200,71000231,160269.7202,620514.739,155.9906193,538,2743
52466051,22.42,9200,71000212,159914.0735,619381.0142,2078.942159,336,2086
53326580,7.1,9200,71000242,160836.6468,618324.7318,422.942297,554,3000
52459306,7.9,5337,71000123,158947.5304,620809.5674,277.759135,486,2516
52459404,5.8,9200,71000123,159185.0234,621023.6636,265.5965358,527,2921
52459413,5.71,9200,71000123,159497.9859,620628.8266,118.3256569,438,2333
52460908,8.87,9200,71000231,160864.4145,620611.443,478.0648875,689,3464
53326460,4.3,9200,71000316,159079.6463,618741.6913,269.0624222,218,856
52449503,3.9,9200,71000232,160733.6624,620825.7339,192.912439,656,3778
52461313,5.6,9200,71000231,160381.2006,620521.7032,203.5582148,637,3229
53325783,13.81,7300,71000224,162013.3368,619051.4536,1530.293841,582,3545
52462093,6.71,6520,71000224,162060.7732,619796.4027,1212.395907,621,3946
52451402,7,9200,71000123,159428.717,620552.6529,244.650253,416,2251
52452047,17.51,7300,71000224,162215.8008,620505.5404,7447.161831,762,5772
52491935,6.97,7300,71000242,161069.4899,618435.0121,3957.271077,500,2728
53326385,15.7,9200,71000213,160096.7292,619991.1191,515.2862268,409,2334
52462815,7.8,9200,71000232,160735.573,621080.0563,183.8608019,676,3861
52490531,7.79,9200,71000111,158892.8845,619749.8455,433.0002818,252,1012
52490557,5.7,9200,71000232,161093.6777,621081.5447,191.2605758,649,3872
52492314,9.09,6520,71000222,160892.8261,619596.4304,1192.121686,493,2694
52492815,23.89,5710,71000321,158467.106,619056.6745,3964.565754,262,1123
52494968,7.11,9200,71000111,159079.3561,620054.5866,285.9451742,288,1107
52495669,5.7,9200,71000232,160995.4771,620990.7138,187.4044777,672,3902
52496563,5.72,9200,71000243,160387.8662,618405.2096,355.1087892,365,1805
52490352,8.41,9200,71000315,158570.8946,618472.5079,457.4209648,356,1715
52490308,7.79,9200,71000243,160414.2345,618485.4155,284.6906149,380,1810
52489839,4.31,6520,71000222,160748.3227,619329.2619,237.1882533,471,2448
52490913,4.09,6512,71000222,160706.172,619513.739,5260.568126,403,2275
52491210,5.58,9200,71000425,159906.4374,620960.4068,303.6702765,594,3556
52491271,7.06,9200,71000243,160798.4616,618416.7061,444.2639853,484,2937
52734886,3.31,5521,71000323,157815.7937,617522.7171,480.6066749,559,2774
52734921,9.47,5340,71000423,159182.9631,622018.9945,432.5614932,672,4198
52735938,5.15,9200,71000323,157827.7132,617326.4959,628.8718894,621,3285
52735982,7.5,9200,71000242,160446.6437,618036.7331,325.5026465,462,2832
52736010,8.97,9200,71000313,158395.5632,617819.0099,646.9662694,450,2142
53375632,11.19,9200,71000313,158990.4309,618289.7365,579.9070709,297,1328
53375634,8.4,9200,71000424,160099.4881,621561.668,227.7493731,721,4019
52736326,6.12,9200,71000423,158804.7119,621468.1176,128.4713271,610,3511
53375642,7.59,6512,71000421,160159.1427,621828.3717,1662.871418,728,4040
52735683,4.11,9200,71000425,159645.4636,621151.5478,363.8193312,547,3282
53372668,5.84,9200,71000323,157711.3076,617562.4714,630.709755,565,2761
53372670,9.02,9200,71000426,160570.7004,621824.4559,307.9849247,850,4658
52719730,15.27,9200,71000424,159811.0713,621592.6783,1438.624386,701,3918
52735842,10.805,9200,71000424,159854.2421,621454.4433,138.1180865,576,3424
52735843,5.73,9200,71000122,158591.5082,621362.7486,205.4123662,609,4077
52736890,6.71,9200,71000316,158729.0045,619085.5999,548.4571265,138,462
53375570,4.7,5521,71000323,157596.3413,618049.5315,397.5208891,525,2489
52736886,4.61,5338,71000242,159845.1921,618054.6842,153.6864304,353,1976
52737017,8.1,9200,71000421,160183.1881,621613.5239,179.9754805,699,4000
52737033,7.17,9200,71000316,158861.1626,618590.7481,363.3777853,266,1229
53374904,3.31,9200,71000423,159502.7475,621684.6823,297.229919,618,3588
52737094,4.92,5305,71000311,159368.3257,618587.4919,347.3349581,276,1232
52737157,4.52,9200,71000243,160844.2862,618594.6249,416.6486652,494,2500
52737241,8.61,9200,71000242,160369.8171,618139.2494,642.1024516,395,2362
52737222,5.78,9200,71000242,160904.3072,618210.9219,297.4927452,521,3032
52737342,7.21,6520,71000224,161999.3643,618941.2211,666.3294618,544,3386
52721157,3.81,9200,71000243,160252.6025,618500.3413,339.2845986,342,1646
52720665,4.805,9200,71000242,160743.289,617930.9696,331.3147329,477,2860
52720670,7.3,9200,71000424,160133.9537,621458.7022,169.3392695,745,4207
52736705,8.21,9200,71000243,160340.9776,618582.3475,290.0307039,360,1765
52736793,3.74,9200,71000242,160716.5412,617856.9802,369.6740226,497,2976
52736854,4.8,9200,71000242,160269.0466,617926.6684,188.334624,414,2473
52737495,5.35,9200,71000242,160595.0728,617916.9416,245.9031937,474,2888
52737506,5.32,9200,71000242,159926.4249,618004.6588,202.5130838,378,2127
52722305,26.71,9200,71000416,160674.8181,622057.6621,482.8165995,929,5025
52722333,4.21,9200,71000243,160695.0051,618512.892,105.7579373,440,2223
52721552,8.1,9200,71000423,159409.4652,621345.4868,836.2932632,616,3421
52721567,7.09,9200,71000242,160093.8304,617718.629,212.9895088,440,2491
52721582,7.085,9200,71000423,159620.2411,621829.5245,301.4241026,644,3773
52721596,6.01,9200,71000242,160195.8797,617999.8723,166.8060939,465,2538
52737912,8.3,9200,71000426,160277.7695,621476.852,182.8422901,668,3973
52737966,9.31,9200,71000426,160217.6677,621390.1754,174.8403899,634,3413
52707392,5.31,5337,71000242,160737.7194,617599.2972,291.7698379,560,3276
52707396,6.72,9200,71000122,158610.4336,621101.9622,322.7274952,548,3034
52706453,1.7798,9200,71000416,160589.0157,622177.5471,288.0317105,907,4835
52706466,16.05,9200,71000425,159989.8729,621105.5982,254.2446659,593,3254
53370312,10.9,9200,71000315,158523.5137,618451.7611,185.6465272,336,1645
52722749,24,9200,71000423,159459.5724,622076.1675,475.1595814,731,4460
52722766,4.43,9200,71000243,160094.176,618551.8993,877.4985037,345,1628
52722840,8.6,9200,71000315,158891.5871,618508.91,561.8474268,258,1170
66707099,6.37,7300,71000324,157572.4935,617166.3105,7159.259193,420,2475
52722971,6.07,9200,71000243,160815.5305,618570.0233,457.2105234,449,2306
52706545,6.2,9200,71000423,159570.936,621890.7105,260.4682353,638,3806
52707489,8.2,9200,71000242,160185.7773,617819.1015,221.9449296,424,2418
52708126,6.09,9200,71000325,157441.7334,618477.0363,276.1305001,377,2368
52708127,5.14,5600,71000322,157903.141,618550.4471,901.9775897,538,2819
52707872,8.2,9200,71000423,159599.6336,622004.1521,233.4769302,652,3925
52707900,30.385,9200,71000421,160233.7865,622105.7417,595.51474,796,4591
52708768,3.81,9200,71000325,157542.4979,618580.7673,246.9825856,467,2631
52708353,5.02,9200,71000242,160134.8888,618079.9696,367.0494895,466,2518
52723692,2.47,5710,71000321,158421.6634,618938.2571,114.9371899,230,963
52694514,7.21,7600,71000426,160410.3179,621485.1632,214.4707686,700,3607
52694529,14,9200,71000321,158256.7609,618574.8118,1086.381767,367,1791
52708393,21.49,9200,71000423,159423.7841,622180.774,473.604312,717,4347
52708416,8.49,9200,71000325,157353.8322,618377.8213,232.243676,466,2802
52709744,5.73,9200,71000325,157518.6409,618519.7935,212.9849221,478,2696
52694861,30.71,9200,71000422,159856.3069,621716.4316,567.5309496,632,3646
52694907,20.23,9200,71000311,159270.785,618598.5197,319.0926229,240,1040
52694922,5.88,9200,71000243,160954.3689,618629.4144,338.8858154,503,2570
52694944,9,9200,71000243,160185.8399,618600.4051,249.9498085,337,1565
52694973,12.75,9200,71000311,159091.3884,618614.7086,413.4951075,214,908
52695012,3.31,6520,71000316,158570.5096,618583.2828,456.5992067,330,1573
52709326,7.02,9200,71000315,158894.2609,618458.6861,357.5583047,396,1873
53370827,10.02,9200,71000416,160671.3403,622335.8703,291.1826593,875,4753
52513100,5.8,9200,71000232,160941.0528,621000.9966,209.3749177,675,3947
53335152,3.94,9200,71000425,159720.7228,621091.6437,365.0800229,541,3255
52514077,5.81,9200,71000232,160636.0228,621009.6514,219.9615545,644,3705
53335066,7.61,9200,71000232,160720.4017,620999.2782,214.6560317,651,3746
52514044,6.89,9200,71000232,160920.9941,621003.1448,176.0247164,675,3953
52514127,5.255,7300,71000224,162628.6752,619739.0995,4574.387449,798,5026
52764438,2.355,9200,71000414,159433.2943,622743.7912,244.3709629,769,5602
52763890,6.6,5521,71000423,159358.218,621350.475,535.4311435,614,3413
53379986,10.1,9200,71000122,158586.0573,621254.3554,349.1435185,573,3126
53379987,4.16,9200,71000423,159538.1994,622349.4875,194.1464138,714,4324
52764851,5.22,9200,71000323,157715.4558,617694.4004,526.0782874,526,2583
52766302,23.02,9200,71000423,159405.6442,622153.8167,524.1727207,732,4358
52766338,36.06,9200,71000422,160076.4594,621655.8789,573.7315943,701,3960
53380056,5.8,9200,71000112,158361.9892,619628.9669,159.1574094,353,1548
53380057,9,9200,71000421,160181.6174,621747.4236,169.8907651,750,4076
52765816,6.83,9200,71000423,159489.2905,621645.9966,331.8773019,614,3546
52766752,7.15,9200,71000424,160182.4209,621567.9925,203.6221382,722,3828
52766762,17.655,5521,71000423,159506.6999,622041.0257,673.5726764,728,4428
52766767,5.89,9200,71000424,159713.9903,621574.4253,227.7823024,709,4041
52737451,13.53,9200,71000421,160304.875,621792.4466,590.1125811,770,4315
52736541,8.5,9200,71000421,160212.0944,621687.3793,164.711221,742,4103
53374811,14.9,9200,71000322,157828.3438,618356.6264,555.4381114,486,2397
52737526,6,9200,71000242,160940.779,618139.3251,331.3660043,579,3146
52737625,8.71,9200,71000243,160373.1238,618523.7906,254.6862875,366,1770
52737720,9.47,9200,71000314,158477.8736,618133.0173,491.7072639,417,1930
52737838,3.03,9200,71000242,160996.7953,618006.4001,232.6773818,525,3110
53376244,3.45,9200,71000242,160757.9128,617862.5181,175.5729946,481,2932
52738691,5.8,9200,71000423,159521.0089,622302.9924,316.5878956,714,4304
52738694,9.32,5600,71000311,159217.9489,618487.1616,1666.963237,300,1327
52738717,23.9,9200,71000423,159525.6724,622090.0309,471.8396311,716,4306
52738725,7.5,9200,71000325,157350.4313,618500.8976,328.0486494,443,2698
65059807,6.53,9200,71000423,159123.4402,621937.0155,394.4463515,664,4090
52738827,3.31,9200,71000242,160477.5258,618009.4648,259.0339354,449,2768
52738846,6.04,9200,71000242,159826.3444,617941.6301,194.6738148,358,2029
52738906,24.79,9200,71000426,160378.6513,621829.6742,551.9634736,788,4147
52738947,17.57,9200,71000325,157587.8411,618347.4953,727.1539656,517,2917
52739103,3.31,9200,71000242,160127.5618,618028.8582,226.5473244,481,2608
52722989,7.71,9200,71000243,160633.191,618424.8415,341.4180796,400,2077
52723000,6.2,9200,71000242,160804.8552,617620.1964,224.4835948,550,3249
52723006,34.17,9200,71000424,159946.6761,621548.5587,541.7652977,697,3885
52738298,16.39,9200,71000323,157637.8235,617989.4745,644.8563619,510,2453
53376323,4.55,9200,71000242,159838.8543,618070.0929,162.2341425,351,1957
52738387,5,9200,71000423,159430.7491,621198.4933,337.7986477,661,3608
52738420,8.365,9200,71000316,158803.0337,618593.0189,375.1723078,273,1278
52738430,29.16,9200,71000314,158143.8349,617931.0584,600.898218,518,2466
52738467,4.7,5310,71000423,159173.8282,621736.0607,2619.701562,664,3859
52738543,9.9,5202,71000243,160351.1843,618354.067,1026.48295,419,2454
53376043,4.46,9200,71000242,159854.8421,618037.9807,186.5932082,355,1998
52739849,7.51,6520,71000224,161859.0268,619206.1386,549.5029651,523,3305
53373401,10.01,9200,71000314,158254.4711,618354.6552,277.2818156,441,1993
53373403,8.22,9200,71000242,160801.3752,617966.5584,223.5012913,510,3026
53373404,5.26,9200,71000243,160752.0486,618580.2915,369.7112012,452,2283
52723805,7.2,9200,71000243,160611.794,618509.8184,455.3228384,418,2143
53373410,5.41,6520,71000222,161070.2371,619362.5414,126.0728816,494,2766
52723860,4.81,9200,71000122,158514.9334,621154.9991,609.989586,566,3108
52723976,5.94,9200,71000423,158849.5123,621694.6935,138.2959221,649,4235
52723981,6.11,6520,71000224,161817.1528,619565.3849,262.5375894,594,3754
52724037,5.33,9200,71000242,159875.6231,618055.0946,164.7823986,382,2156
53373465,5.56,9200,71000323,157611.7455,617758.9102,514.8166441,514,2532
52724149,9.5,9200,71000423,159557.4808,622156.4458,219.8728628,671,4107
52709316,7.53,9200,71000426,160562.7857,621915.7014,209.5483786,814,4540
52723444,8.25,9200,71000315,158855.091,618429.9125,589.4455518,390,1821
52724748,4.96,9200,71000423,159527.3027,621385.9294,268.2637211,557,3243
52724750,8.2,9200,71000424,159722.398,621488.6642,171.5334162,592,3560
52724806,5.34,9200,71000423,159134.4456,621646.4971,516.3621722,651,3795
52724837,9.2,9200,71000424,160143.8241,621549.7869,157.174305,733,4065
52724989,11.2,5521,71000423,159647.4672,621605.7024,189.9683312,643,3696
53373645,6.36,7300,71000242,161004.6205,618504.462,1251.718457,443,2573
52513079,6.21,9200,71000232,160663.0245,621002.9674,213.9277299,670,3824
52515349,4.9,6520,71000222,160793.9428,619778.9112,233.1788597,489,2669
52767250,4.64,9200,71000122,158703.0678,621384.6533,183.0544526,608,4000
52767266,10.8,9200,71000423,159563.1589,621555.9849,363.249995,622,3518
52766768,9.02,9200,71000426,160183.1729,621293.6912,197.9499166,750,4036
53381108,8.21,9200,71000426,160349.8153,621579.7593,184.3568754,710,3720
52766774,9.615,6520,71000423,159099.8444,622176.5783,311.817255,714,5294
64914840,7.7,9200,71000243,160469.7783,618602.3146,477.559805,382,1890
52768535,30.58,9200,71000421,160309.0418,622079.0974,636.0694143,823,4674
64914868,7.5,9200,71000423,159536.9301,622169.2712,366.4294637,686,4186
52768621,6.41,9200,71000426,160338.8599,621649.1466,156.4300021,719,3782
52770041,8.46,9200,71000426,160546.7618,621865.5165,213.4365506,824,4592
52770050,6.41,9200,71000242,160314.4424,617769.8812,201.3510617,448,2644
53380822,4.51,9200,71000242,160858.4938,618048.8719,349.9161022,509,3008
52770087,4.54,9200,71000242,159960.201,617901.6012,221.1812702,393,2220
52739851,4.31,9200,71000242,160731.5466,617963.9481,209.413659,470,2820
52739988,9.7,9200,71000426,160388.2544,621685.812,127.2115131,726,3833
52739344,8.89,9200,71000315,158410.8727,618511.0436,335.1853771,254,1293
52739409,5.1,9200,71000425,159645.5633,621096.0154,340.6737639,551,3331
52739446,7.41,9200,71000242,160038.4709,617717.3389,205.7925168,433,2521
52740636,6.56,9200,71000325,157372.2949,618289.3677,213.1470102,495,3048
52740894,4.2,9200,71000242,160910.299,618071.7506,221.6746539,519,3066
52724237,12.8,9200,71000323,157764.204,617757.7089,619.6373374,514,2541
52724224,8.19,9200,71000426,160552.8964,621772.9381,266.6780262,823,4322
52724277,8.7,6520,71000224,161879.129,619199.5404,996.4934299,523,3305
52724317,5.2,9200,71000423,159406.6248,621565.3619,221.4010375,619,3493
52724541,3.34,9200,71000242,159833.8487,618088.1416,180.3887147,349,1936
52740433,3.57,6520,71000313,158953.5334,618242.3036,162.5142955,316,1412
52741615,7.31,9200,71000424,160123.5519,621441.1219,232.6365932,738,4160
52741600,4.265,9200,71000325,157382.8787,618450.9667,205.4270782,454,2765
52741650,7.55,9200,71000122,158687.7854,621156.6577,217.4085104,526,2979
52741669,13.16,9200,71000321,158214.4935,618636.8693,1077.902364,503,2607
52741715,6.17,9200,71000242,159787.7446,618057.508,221.5438554,360,2011
53376669,28.08,9200,71000423,159568.0597,621334.6115,493.9963994,539,3170
52741172,4.15,9200,71000242,160190.97,618049.8548,507.1288097,453,2460
52542996,4.38,9200,71000231,160670.8377,620456.0382,214.9239903,648,3262
53340226,6.2,9200,71000231,160901.2769,620526.317,164.3425528,648,3352
52768693,3.87,5305,71000415,160218.0216,622611.3429,242.0626388,832,4754
52768737,3.45,6520,71000224,161897.7008,619488.8432,79.13539577,557,3633
52770090,9.16,9200,71000121,158273.7789,621333.9615,4463.417187,638,3598
52770298,42.82,9200,71000114,158182.6023,619507.5079,3823.425602,350,1597
52769523,27.11,9200,71000423,159539.5163,621316.9698,483.7367603,545,3190
52769564,3.24,5300,71000322,157965.2636,618602.3374,301.7955898,429,2089
52770970,4.45,9200,71000242,159829.1898,618122.5425,190.7392034,344,1899
52772926,9.8,9200,71000423,159103.087,621713.6052,233.0477817,667,3870
52773018,6.13,9200,71000325,157340.8437,618273.7239,166.6802285,495,3048
52753549,8.08,9200,71000423,159404.7216,621499.2361,160.3935368,611,3429
52753647,9.4,9200,71000423,159387.6764,621884.5053,292.8417776,767,4625
52753589,9.4,9200,71000423,159600.291,621604.5905,433.9335619,633,3600
52753634,6,9200,71000426,160418.7998,621594.3838,188.269682,708,3693
52754702,7.63,9200,71000426,160582.3093,621791.3052,328.9483745,852,4673
52741230,5.27,9200,71000242,160775.8634,618060.6807,365.0753283,478,2818
52742506,1.10999908,9200,71000423,159277.5758,621529.8305,281.2940809,622,3581
52742784,4.66,9200,71000325,157410.9741,618492.1136,230.4179634,452,2748
52754885,7.42,9200,71000323,157649.9489,617809.3658,664.4350818,504,2461
52754924,6.81,9200,71000426,160333.8217,621530.8215,256.2388207,698,3668
52754957,3.31,9200,71000423,158757.1294,621600.1177,191.8667398,649,4440
52754976,36.84,9200,71000422,159995.6159,621678.4548,670.0588629,677,3835
52755078,8,9200,71000423,159207.6777,621496.7898,399.037893,620,3583
52755042,6.71,9200,71000421,160158.6681,621680.7619,157.7887167,721,4008
52755044,10.11,9200,71000424,160092.7327,621593.4845,168.0387023,692,3938
52544427,4.9,9200,71000123,159164.4512,620534.6344,289.4245948,403,2143
52544478,10.11,5521,71000221,161161.4255,619766.7222,556.6105925,523,3056
52754840,22.68,9200,71000423,159397.5463,622099.972,470.6329892,710,4340
52774324,5.06,9200,71000423,159323.3934,621621.267,304.0472824,646,3612
52774369,6.11,9200,71000242,160786.8035,617634.0942,340.6916848,545,3224
52754490,7.5,9200,71000426,160255.0492,621415.2969,266.9244333,659,3907
52775735,4.26,9200,71000243,160132.4175,618552.4918,180.0659289,328,1513
52775699,18.91,6512,71000222,161142.0748,618919.2854,3897.633505,443,2341
52775760,11.6,9200,71000242,160870.4075,617637.4768,396.2385002,542,3840
53381836,4.25,9200,71000242,160480.2369,617930.853,385.5922173,499,2903
52775795,7.2,9200,71000423,159221.8466,622286.2121,276.4066929,723,4565
66705870,5.88,7300,71000324,157436.8851,617226.8856,11616.37581,425,2505
52555830,4.5,9200,71000232,161010.7822,620985.6057,200.777481,692,3953
52555832,7.59,9200,71000232,160949.7483,621089.6702,142.0866357,663,3743
53345301,9.12,9200,71000122,158992.0689,621080.9559,296.7464945,497,2709
52776656,8.94,5305,71000321,158432.7239,618655.8272,554.4541323,275,1337
52776713,7.88,6520,71000242,160636.4769,617713.1474,643.9176982,523,3179
53382890,10.11,9200,71000423,159152.6626,622204.1478,335.5947962,703,4454
52567189,5.9,9200,71000232,160564.9043,621071.1816,269.8682797,600,3313
53350902,11.24,9200,71000213,160109.4695,620038.5588,564.8534513,401,2290
52792820,29.99,9200,71000422,159903.9503,621712.9874,588.1212927,670,3786
52792935,3.82,5305,71000423,159426.9823,621819.8472,418.1599887,768,4628
52650276,6.37,9200,71000414,159269.897,622718.5755,245.0522958,807,6128
52646820,5.8,9200,71000123,159283.4637,620927.2674,278.0467203,472,2563
52648762,13.2,5305,71000423,159550.6883,621180.3859,294.3171435,577,3326
52648803,6.8,9200,71000122,159162.3567,621168.5837,402.2531295,496,2769
53360371,6.77,9200,71000122,158586.2439,620821.4224,231.6442268,495,2588
52650406,8.7,9200,71000232,160754.6899,620566.9379,281.8003227,678,3442
52652408,26.4,9200,71000122,158354.7202,620588.0069,938.5085804,512,2788
52653063,6.095,9200,71000122,158563.1212,620446.6564,2716.467563,539,2943
52653197,5.61,9200,71000323,157866.4386,617326.1227,765.5099599,618,3271
53360817,3.92,9200,71000242,160806.039,617947.9481,244.4249786,510,3028
52654873,10.2,9200,71000122,158655.0803,621028.4935,202.9431521,602,4142
52654887,6.6,9200,71000232,160460.3743,621030.6133,192.1326422,594,3345
53359810,5,5312,71000243,160535.946,618605.7341,354.1804226,426,2150
52648924,15.42,9200,71000322,157780.6351,618275.8682,653.572026,446,2237
53359950,6.12,9200,71000323,157631.3859,617720.046,635.3647134,548,2658
64915742,4.06,9200,71000123,159060.7099,620366.3977,87.90010219,382,2053
52651469,5.51,9200,71000232,160945.7942,620853.148,215.2155644,688,3986
52653636,7.32,9200,71000423,159437.9751,621711.2085,385.0016774,659,3703
52653640,12.77,9200,71000223,161549.3356,619473.6674,1200.996939,566,3594
52653702,5.21,9200,71000323,157601.5171,617861.7529,543.5618172,501,2435
53365022,9.2,9200,71000242,160090.0556,617838.3403,235.7129817,417,2378
52676977,4.805,9200,71000425,159746.7583,621116.5936,298.2297616,540,3245
52676979,9.27,9200,71000314,158148.1378,618153.2272,539.3218226,598,2801
52677011,4.37,9200,71000232,160482.7258,621169.3067,244.8811646,583,3254
52677094,32.45,9200,71000416,160574.6841,622058.6,496.3446732,916,4951
52677220,6.2,9200,71000242,160960.5577,618103.323,358.9216257,525,3111
52677246,5.86,9200,71000242,160128.055,618048.114,300.2906049,467,2523
52677275,4.4,9200,71000242,161058.0579,618178.7177,318.8206643,540,3035
52677303,8.99,9200,71000316,158888.2055,618588.5829,497.9510353,263,1207
52677305,8.4,9200,71000243,160269.0921,618721.7715,292.6986973,357,1682
52663712,50.38,5340,71000423,159718.0525,622299.0872,615.3258291,710,4271
64915178,7.16,5501,71000423,159613.7104,621883.5782,146.170793,646,3814
52663730,8.98,9200,71000426,160600.7321,621903.7942,241.6766944,816,4541
53365002,4.7,9200,71000242,160864.9682,617915.631,269.7995199,533,3063
52677440,5.93,9200,71000414,159501.9584,622836.9825,166.1843581,779,5648
53365137,9.8,9200,71000423,159678.5453,622082.2333,405.817129,678,4041
52677536,7.32,9200,71000314,158358.4013,618247.7846,476.6136636,404,1831
52663173,5.2,9200,71000242,160981.2475,617943.8613,284.1445921,535,3165
52663199,6.3,9200,71000242,160254.6138,617887.5863,206.141534,413,2471
52663208,8.1,9200,71000122,158706.0391,621293.4261,366.157428,571,3162
52663224,4.4,9200,71000242,160486.8786,618139.5611,536.9319337,406,2478
52663463,7.21,9200,71000423,159261.1562,621667.9876,356.6603886,691,3945
52664515,5.555,9200,71000423,159472.9917,621863.3316,172.5335585,762,4576
52664555,8.365,9200,71000316,158812.3657,618614.9589,471.8068873,272,1271
52664608,4.62,9200,71000242,160009.8776,618022.1932,195.5164477,400,2204
52655029,6.73,9200,71000232,161078.2962,621023.5091,147.2504285,664,4060
52664721,22.72,9200,71000423,159450.5856,622160.46,543.2503712,712,4285
52664754,36.12,9200,71000422,160036.315,621658.5108,651.169926,705,3915
52664755,9.71,9200,71000423,159352.8509,621760.9895,390.04208,670,3737
52656294,5.305,9200,71000232,161056.4576,621027.2,196.5323476,665,4077
52656298,4.57,9200,71000425,159881.3539,621022.1378,314.7005532,603,3338
52649014,7.8,9200,71000243,160357.2488,618599.1722,381.4533576,365,1789
64915694,3.36,9200,71000123,159002.7709,620374.1742,247.7191311,398,2132
52649441,5.4,9200,71000232,161115.9705,620955.6695,178.9386128,664,4022
53360560,5.915,5900,71000121,158102.848,620375.9943,1281.638633,446,2559
52677351,5.61,9200,71000243,160074.7417,618282.647,233.4357722,381,2256
52676667,6,9200,71000426,160348.0053,621679.456,127.676217,723,3814
52686941,4.29,9200,71000423,159546.9152,622363.5213,638.3698552,717,4340
52686977,8.61,9200,71000243,160944.8327,618595.5034,184.2316677,483,2470
52686979,7.75,9200,71000314,158284.0997,618372.7128,512.7677461,291,1480
52686991,4.73,9200,71000242,159793.8326,618121.24,196.2990537,344,1899
52688025,11.76,9200,71000316,158773.0388,618584.2846,320.2374641,277,1300
52687027,15.39,9200,71000322,157787.2841,618582.2634,688.7451291,523,2766
53366184,5.38,9200,71000242,160185.4904,618024.3626,290.4263277,468,2550
52677740,5.555,7600,71000243,160651.0634,618460.9068,216.5723175,400,2083
52677855,4.07,9200,71000242,159911.2572,617987.5148,241.5268772,366,2085
52687786,3.61,5300,71000242,161058.2625,618275.0671,413.7619351,524,2949
52687888,4.58,9200,71000424,159652.1609,621385.9327,197.7930963,571,3450
52688947,6.8,9200,71000122,158531.1291,621189.3647,622.2070934,561,3092
52664659,6.87,5330,71000426,160273.7086,621294.4399,2298.013338,644,3515
52664679,10.6,9200,71000232,160822.1626,621096.651,376.903473,674,3820
52678782,7.31,9200,71000242,160285.2815,617771.7728,123.168394,448,2640
52678805,5.21,9200,71000424,159737.8355,621459.0107,307.7234982,603,3545
53364522,8.3,9200,71000426,160286.1079,621403.8582,178.5377385,659,3907
52678913,35.8,9200,71000422,159955.1817,621679.931,628.7295633,650,3750
53364529,9.7,6520,71000224,162135.7792,619311.7216,1188.668017,597,3746
53364402,4.81,9200,71000242,160164.7968,618051.8145,428.2317019,460,2486
52678331,7.65,9200,71000242,160607.2983,617768.6518,383.8321538,503,3051
52678427,9.3,9200,71000426,160487.6793,621783.242,181.3273799,781,4183
52664918,3.34,9200,71000242,160000.7267,617962.0627,167.4773547,378,2184
52664976,5.95,9200,71000242,159863.3958,618087.4803,165.3537824,387,2188
52665013,15.05,9200,71000323,157742.8981,618077.2603,295.5842095,495,2410
53362914,4.5,9200,71000242,160369.5605,618102.3871,833.2324805,429,2448
52664111,7.61,9200,71000242,160699.8672,618220.4578,358.651285,457,2753
52664121,4.72,9200,71000242,159977.2042,617737.0009,224.595035,417,2369
52664134,5.55,9200,71000242,159867.1408,617821.489,228.4060079,407,2308
52664299,6.31,9200,71000325,157461.3561,618442.1402,403.817044,376,2366
52679555,10.59,9200,71000315,158629.6288,618444.0478,206.9345759,322,1564
52679704,3.31,7600,71000423,159419.2165,621999.183,214.7982313,692,4081
52679817,7.09,9200,71000426,160322.0774,621499.8335,157.7561493,712,3734
53362984,8.71,9200,71000426,160403.2807,621510.2785,201.3742437,691,3595
52665471,4.775,9200,71000243,160745.5691,618608.7567,127.6272904,454,2291
53362995,13.32,9200,71000323,157768.7525,618135.1577,433.2089085,416,2085
52665519,7.2,9200,71000242,160947.8549,617960.3018,264.8197023,519,3079
53363076,3.41,9200,71000243,160207.258,618539.0795,352.785278,338,1587
52657221,7.06,9200,71000232,160944.0602,620921.9541,216.2035366,670,3871
52666393,30.62,9200,71000322,157720.8846,618376.5446,334.9977064,530,2893
52656871,3.935,9200,71000123,159517.2705,620558.4858,348.7358604,422,2326
53361455,8.7,9200,71000424,160174.3076,621411.6134,160.5150828,629,3404
52658381,4.5,9200,71000242,160463.6387,617865.3897,391.8504878,497,2955
52444848,5.22,9200,71000122,158716.7915,621064.5311,147.1969954,484,2709
52445962,9.71,9200,71000111,158825.782,620255.1365,235.2892879,334,1670
53366190,3.7,9200,71000414,159703.8408,622437.1073,135.9050782,791,4762
52688359,4,9200,71000242,161002.4155,617985.0494,212.5076902,529,3132
52688390,24.58,9200,71000322,157938.1656,618367.4554,339.5523698,391,1909
52688940,8.95,9200,71000325,157369.5382,618519.9168,404.7333255,448,2724
64915749,5.125,9200,71000242,160432.4877,617808.2719,685.4513616,521,3161
52689199,9.01,6520,71000222,160834.664,619186.2387,521.5621946,395,2190
52689253,15.24,9200,71000322,158158.7848,618394.175,985.1191418,386,1964
52679966,3.76,9200,71000242,160491.9028,617717.4803,549.6527758,514,3128
52680022,4.75,5305,71000314,158167.3536,618021.3742,232.4236491,548,2665
53364565,8.8,7300,71000242,161038.9499,618355.9955,1372.66292,513,2856
52679288,5.815,5253,71000325,157533.9251,618168.486,2756.932341,464,2382
53363063,3.98,9200,71000243,160774.1847,618539.0526,208.0439622,484,2414
52665878,8.84,9200,71000423,159211.1335,622304.707,295.137132,704,5125
52679336,5.39,9200,71000242,160749.4419,617901.7053,329.4265421,486,2936
52679360,8.91,9200,71000423,159358.8279,621498.9731,283.3798421,602,3445
52679399,6.6,9200,71000243,160659.1482,618618.148,216.1006084,425,2213
52679404,10.225,9200,71000315,158677.8376,618398.7823,524.6718349,323,1564
52679415,23.76,9200,71000322,157881.7419,618458.284,339.8844324,406,2000
52679442,7.21,5305,71000315,158443.1705,618403.444,325.0965834,353,1716
52679478,8.49,9200,71000325,157283.3157,618389.5804,179.5895225,467,2918
52680496,8.42,9200,71000316,158607.1717,619138.3307,478.0321812,161,621
52665294,7.5,9200,71000232,160408.6891,620959.1094,227.7530491,607,3413
52666353,4.52,9200,71000242,159932.3595,617650.2023,283.2481376,408,2460
53363157,7.04,9200,71000122,159119.1823,621193.1147,203.789595,522,2867
52680835,4.97,9200,71000243,160116.8528,618303.5003,543.4695649,387,2265
53365755,8.21,9200,71000423,159090.659,621834.8924,285.0630778,690,3981
52666646,17.94,9200,71000231,160616.2665,620365.9741,529.2170587,650,3223
65059740,3.31,9200,71000232,160745.9443,621034.0817,285.2207361,684,3970
52666713,26.12,9200,71000415,160042.7934,622492.6936,408.298398,850,4770
52658256,3.61,9200,71000232,160721.948,620933.7176,254.6296212,651,3744
52658520,6.91,9200,71000242,160700.0079,618003.1418,260.7706851,462,2769
52657687,9.31,9200,71000122,158773.2932,621275.419,279.6094522,538,3126
52657709,6.15,5305,71000424,159739.9008,621655.9124,205.0910782,718,3967
61233879,3.87,9200,71000414,159730.3012,622686.8978,284.8623847,794,4775
52657855,6.11,9200,71000421,160180.7489,621674.7815,130.5861774,725,4031
52667483,11.83,9200,71000123,159556.552,620580.9469,253.9348492,426,2366
52657892,8.21,9200,71000423,159497.6125,621968.8145,274.1425083,745,4469
52657866,7.9,9200,71000426,160282.9218,621492.8685,171.0940426,671,3990
52657911,5.87,9200,71000242,159901.0467,617653.4935,271.8176634,422,2422
52657912,6.9,9200,71000242,160145.8978,617723.4541,232.962483,450,2631
52658962,2.0085,9200,71000416,160523.4905,622222.0185,603.1863845,889,4779
52658970,14.5,9200,71000423,159286.6063,622386.3508,649.2941811,736,4665
52658971,4.75,9200,71000243,160120.1161,618566.0709,91.01493079,328,1513
52658977,8.055,9200,71000423,159720.2624,621862.8155,402.5247842,627,3672
52659260,4.48,9200,71000425,159943.9527,621020.9274,179.5352734,602,3609
52659407,7.73,9200,71000426,160520.8706,621875.5116,222.2423081,818,4530
52452286,8.51,9200,71000232,160720.0241,621046.9206,157.3204027,672,3836
52453260,5.31,9200,71000123,159378.4589,620930.8611,214.2842957,449,2513
52453281,3.7,9200,71000232,160934.0495,620798.6863,138.6221388,683,4015
52453345,8,9200,71000123,159440.9289,620927.5697,193.0867088,441,2485
52453755,6.62,9200,71000122,158623.2919,621069.8718,273.9022626,515,2871
52453763,5.7,9200,71000232,160482.356,620745.0643,236.9423807,589,3116
52716355,3.63,9200,71000242,160794.2006,617906.2568,380.2744461,478,2897
52716479,3.43,9200,71000243,160265.1983,618245.3532,208.5211952,456,2583
52716564,10.69,9200,71000316,158741.4513,618608.498,318.9576643,321,1477
52716692,9.8,9200,71000424,159832.5019,621442.2467,98.4241424,576,3424
52716707,9.3,9200,71000122,158860.7125,621119.2722,172.948942,520,2874
52716737,8.46,9200,71000426,160618.6784,621897.2478,304.3638867,822,4562
52716739,3.99,9200,71000423,159341.4443,621699.6397,408.5759617,667,3721
53372149,4.45,9200,71000425,159682.67,621133.6896,229.08075,548,3295
52715996,3.79,9200,71000242,160712.776,617817.9197,190.6626364,520,3058
52716102,12.57,9200,71000321,158329.7826,618600.2698,778.8062163,308,1475
52703137,9.3,9200,71000243,160552.5312,618179.272,347.7265607,415,2542
52680194,19.3,9200,71000323,158087.5031,617488.4926,978.5213586,572,2969
52680242,20.25,9200,71000422,159904.8496,622089.1185,574.0591514,714,4330
52689852,4.31,5710,71000321,158449.8027,618981.5949,427.6793887,223,931
52691135,9.85,5312,71000314,158017.9688,617993.6525,1117.382919,562,2664
52680364,5.1,9200,71000112,158374.1624,619605.1462,187.478024,353,1520
52681415,12.34,6520,71000224,161841.6935,619115.1825,2116.206402,519,3226
52681529,6.38,9200,71000423,159384.5374,621421.5263,278.868673,593,3388
52681598,7,9200,71000242,160955.7042,618025.4538,337.5272167,508,3043
52681679,6.81,9200,71000242,160448.9137,617603.5646,326.4003196,553,3287
52681720,7.2,9200,71000423,159541.5639,621802.101,307.7557188,642,3749
52681747,4.03,9200,71000122,159042.0642,621252.8811,97.74900117,544,2950
52681770,6.16,9200,71000243,160217.8005,618757.6169,284.2899395,349,1621
53365902,3.31,6520,71000314,158292.3804,618403.1578,137.320384,284,1450
52691821,20.89,9200,71000311,159329.4213,618617.9296,280.8878784,234,999
53367687,6.82,9200,71000112,158333.7322,619659.1396,223.3128582,355,1552
52681820,9.28,9200,71000243,160372.1595,618469.7957,311.3870936,366,1777
52681180,9.5,9200,71000242,160163.4012,617816.8275,258.6247057,415,2380
52681225,2.71,9200,71000242,160975.0605,618168.706,62.97238082,564,3070
52681231,33.52,9200,71000424,159970.3431,621434.3548,570.7138438,742,4167
52681241,6.21,9200,71000424,159789.683,621432.0395,163.3715972,580,3439
52667656,7.9,9200,71000122,158523.9725,621031.7454,325.3933621,565,3134
52667671,8.13,9200,71000213,160197.0134,620100.851,500.3864789,407,2337
52681361,5.5,9200,71000243,160594.9305,618876.066,198.4376518,485,2508
52681375,6.82,9200,71000325,157686.7471,618950.5651,361.8602405,397,2094
52659170,3.32,9200,71000414,159949.1434,623275.6862,250.506522,888,5334
52667124,5,9200,71000211,160531.8472,619191.6268,302.4442359,368,2026
52658838,5.8,9200,71000242,160322.0862,617787.7444,160.2231976,448,2644
52658904,5.7,9200,71000325,157352.0804,618251.5502,487.474154,498,3069
52659892,9.71,9200,71000423,159295.1923,622226.061,415.5292907,693,4430
52659894,8.69,9200,71000423,159293.9485,622146.3176,272.381155,686,4369
53361133,4.07,9200,71000423,159099.3408,621686.8033,244.6975613,645,3795
52668490,6.5,5305,71000423,159502.565,622017.4615,380.4648352,736,4426
53325282,4.2,9200,71000231,160923.0252,620555.666,265.7953141,661,3433
52464059,3.31,9200,71000232,161108.3534,620897.3027,176.8287196,666,4082
52463376,21.1,5253,71000222,160648.8295,619157.9832,1324.979454,408,2190
53327151,5.72,5253,71000231,161002.5787,620459.7248,1318.5554,677,3494
53327215,6.31,9200,71000232,160793.2128,621097.7597,191.4472536,674,3820
52464317,7.51,6520,71000224,161966.8064,619054.9798,738.4389601,582,3439
52465643,7.07,9200,71000123,159006.7817,620961.6227,462.7040614,511,2771
52715898,8.5,7300,71000242,160949.1665,618292.0094,1252.245275,511,2857
53374082,3.8,9200,71000242,160786.5626,617992.9461,208.9130149,476,2874
53374088,5.7,9200,71000242,161020.6473,618128.0693,284.2776044,533,3154
65059857,8.06,9200,71000423,159738.6863,622096.5272,1394.951715,687,4112
52731923,8.79,9200,71000242,160666.6571,617707.2903,558.6928993,545,3225
52731953,6.01,9200,71000242,160587.8065,617553.31,341.807762,542,3284
52716169,7.02,9200,71000423,159604.4084,622223.9888,372.6706821,743,4453
52717244,6.61,9200,71000242,160796.3742,617882.8378,224.5967664,479,2911
64915650,11.76,6535,71000113,158836.2908,619223.1729,1304.18524,216,669
52717304,16.3,9200,71000425,160013.3532,621091.7163,262.6829432,577,3512
52717456,3.3,9200,71000325,157419.7494,618424.0302,303.8129976,459,2785
52717486,5.1,9200,71000243,160725.8543,618652.8825,269.52352,456,2313
52717546,8.7,9200,71000421,160186.987,621694.0534,199.6907908,744,4114
52717621,9.38,9200,71000423,159571.7308,622289.6483,430.2425435,697,4249
52717584,4.33,9200,71000242,160557.5267,617915.8899,238.2902372,473,2885
64915537,8.015,9200,71000424,159889.3791,621652.5675,411.889153,663,3800
52716800,8.49,9200,71000325,157391.2241,618540.1767,426.4611993,381,2451
52716801,13.94,9200,71000323,157737.4682,617810.8957,611.4724377,517,2543
52716820,7.09,5521,71000425,159841.1605,621094.9846,385.9165096,553,3327
52716856,3.32,9200,71000122,158484.8655,621149.4089,302.4672107,632,4373
52717002,4.51,9200,71000243,160928.1138,618589.8962,153.3526653,481,2459
52717108,9.8,9200,71000423,158883.8533,621804.7404,153.5820589,635,4234
64915706,13.81,9200,71000323,158113.6322,617406.7734,1690.846919,634,5117
52718422,3.48,5300,71000322,157937.5023,618582.7781,253.1935162,429,2089
52718425,5.1,9200,71000325,157446.9479,618510.9016,198.3018828,445,2633
52718426,8.11,9200,71000242,160593.6324,617735.2051,303.8742606,506,3067
52718454,8.39,9200,71000426,160562.664,621798.1305,237.3681595,850,4659
52718455,6.66,9200,71000423,158999.0201,621819.1091,305.9789196,657,3941
52703529,20.1,9200,71000311,159301.7285,618577.3357,326.3465502,253,1094
52718531,12.99,9200,71000322,157801.9429,618180.3583,794.6495112,463,2249
52718533,6.1,9200,71000242,160599.9933,618052.4487,307.2652537,455,2708
52717815,8.31,9200,71000423,159681.1143,622144.9709,438.769467,684,4143
52717882,5.75,9200,71000423,159508.3074,621706.3254,229.3409654,620,3611
53367570,9.71,9200,71000423,159542.5154,621451.9339,368.5687757,558,3247
52691210,10.25,9200,71000423,159610.4106,622166.7662,275.1992202,669,4087
53367456,11.19,9200,71000314,158008.4988,618056.0659,592.8140314,463,2258
52690559,3.3,9200,71000242,160809.2888,618005.3922,306.202175,480,2900
53367474,5.78,9200,71000242,160219.0889,618076.0814,391.1933772,445,2434
52690728,24.7,9200,71000426,160396.016,621866.2611,518.4266853,804,4222
52690738,5.6,9200,71000423,159499.2067,621167.2209,291.086529,654,3580
52704530,23.79,9200,71000122,158277.3534,620466.9408,612.9706829,425,2658
52691918,4.5,9200,71000242,160611.6132,617853.8812,187.0625554,503,2929
52691976,9.59,9200,71000242,160135.2395,617798.5105,207.6642871,418,2383
52692011,5.31,7600,71000242,160957.9583,617938.0088,242.2833123,523,3103
52691981,5.39,9200,71000242,160063.531,617716.2156,148.621551,436,2546
64915230,6,9200,71000242,160527.8856,617781.791,738.6843258,511,3021
52692045,4.645,9200,71000242,160706.602,617544.32,565.6676995,574,3323
52692071,4.69,9200,71000426,160419.5997,621692.6787,130.2168525,723,3786
52692084,33.1,9200,71000416,160532.9794,622073.4604,486.3113816,909,4909
52692188,10.61,6520,71000423,159759.4105,622239.6703,885.3916387,774,4453
52692284,9.69,6520,71000224,162000.8307,619439.969,2918.348546,564,3591
52691461,23.7,9200,71000314,158119.5284,618185.5686,381.8550188,371,1851
53367780,7.97,9200,71000315,158677.5815,618448.6022,322.5638512,331,1608
52681242,9.9,9200,71000122,158664.4223,621230.887,223.9700451,559,3087
52681281,7.12,9200,71000325,157383.6648,618317.5325,232.2035345,480,2870
52681296,5.4,9200,71000242,160859.1807,618303.5858,364.3294299,547,2969
52693088,4.7,9200,71000242,160607.868,617553.408,176.5368847,569,3338
64915273,4.94,9200,71000242,160829.9589,618133.5448,507.4457094,489,2901
52692583,10.2,9200,71000211,160301.2584,619246.8005,453.0287503,343,1728
52692613,6.5,9200,71000426,160411.4153,621578.6878,154.5959598,705,3676
52692680,7.17,6520,71000222,160995.5572,619475.3751,204.1712691,566,2773
52692714,6.96,9200,71000423,159447.8429,622290.3513,415.821445,702,4286
52692763,7.6,9200,71000426,160290.0715,621596.4248,124.351569,827,4747
52682506,8.9,9200,71000426,160387.1029,621602.04,126.6065765,708,3689
52682627,6.49,9200,71000242,160588.4561,617586.1405,334.889186,542,3280
52682840,5.61,9200,71000242,160064.1822,617732.1201,175.4414669,437,2479
52668291,5.855,9200,71000111,158443.1465,620025.9935,338.5421209,407,1815
52682173,5.51,9200,71000242,161068.519,618158.5511,331.3828181,544,3208
52668648,7.305,9200,71000423,159497.1059,622265.567,485.270252,694,4234
52668652,8.2,9200,71000416,160571.2194,622124.6885,299.8137478,914,4887
53363464,7.5,9200,71000426,160537.6282,621840.4252,190.54944,831,4619
52669179,7.5,9200,71000426,160376.1705,621655.2983,173.6264998,721,3800
52490227,7.8,9200,71000123,159011.0152,621008.191,263.0744127,505,2739
53330818,5.145,9200,71000122,158801.7036,620982.7423,379.4360374,472,2614
53331566,7.13,9200,71000111,158751.97,620166.1009,244.3560868,336,1583
52489588,6.4,9200,71000223,161490.7469,619518.9352,1053.07582,577,3734
52733133,7.01,9200,71000123,159179.8004,621102.4056,246.2054503,513,2904
66702581,19.78,7600,71000112,159199.6771,619641.9078,796.7725877,83,488
52733187,4.18,9200,71000212,159891.3313,619222.1846,392.4721664,305,1365
52733191,7.8,9200,71000426,160573.0716,621765.2136,331.5614771,826,4336
52733596,6.3175,9200,71000423,159640.4473,622254.357,361.2645073,734,4406
52733669,5.2,9200,71000232,160958.2317,621107.1414,206.137245,631,3697
52732778,10.96,9200,71000423,159334.03,622203.7268,236.8305662,693,4439
52732927,7.89,9200,71000243,160589.4814,618695.184,270.5621494,452,2354
52734170,6.91,9200,71000242,160334.3482,617908.3851,127.4796192,424,2543
52734452,5.18,9200,71000242,159749.8336,618140.3052,249.3164591,329,1809
53375313,8.59,9200,71000426,160336.6901,621460.6531,191.770068,701,3712
52734503,8.53,9200,71000325,157334.123,618293.0751,223.3587747,491,3027
52733907,6.97,9200,71000325,157392.0418,618302.332,173.177658,484,2887
52735001,7,9200,71000242,160020.5954,618053.4541,173.1196499,405,2237
52719263,6.41,9200,71000243,160824.4855,618442.802,358.3598283,466,2954
52719265,3.31,9200,71000242,159820.0807,617996.8539,180.8257118,367,2065
52719519,14.15,9200,71000322,158225.6235,618511.5979,565.5670893,324,1572
52719523,7.01,9200,71000243,160134.7204,618843.4877,228.7013078,332,1515
52735337,3.93,9200,71000242,160627.0104,618150.036,429.2776031,443,2651
52735522,5.09,9200,71000242,160107.6071,617682.4843,278.2170926,448,2593
52734853,4.68,9200,71000325,157433.0321,618297.1515,174.3423379,489,2910
53375376,6.35,9200,71000325,157440.2892,618215.0249,184.0596105,537,3067
52734857,7.41,9200,71000325,157374.5386,618226.7289,278.5076847,500,3086
52718747,7.9,9200,71000242,160966.3758,617914.2666,309.9539886,527,3128
52720166,6.085,9200,71000242,160522.7441,618126.9568,391.7321062,462,2891
52720251,5.7,9200,71000426,160405.3283,621547.4749,145.5928674,692,3603
53372829,9.95,5300,71000215,159806.6851,619237.7042,897.7736522,341,1520
52719740,8.21,9200,71000243,160020.3394,618735.6021,273.5391561,315,1364
52719911,4.5,9200,71000242,160844.533,618235.1621,335.9581155,529,3086
52719915,5.66,6520,71000423,159020.0505,621900.6884,306.0688188,677,4071
52719935,5.91,9200,71000423,159461.9551,621803.2931,113.3980915,769,4636
52706022,6.3,9200,71000424,160071.0258,621519.8543,210.1986654,715,4015
52706034,4.9,9200,71000242,160697.7067,618165.5454,476.0790351,451,2713
52706445,6.1,9200,71000242,160120.7011,617822.5303,145.7858963,415,2372
53370133,4.79,9200,71000425,159641.2123,621124.8547,315.3704197,549,3308
53370138,9.2,9200,71000242,160097.0857,617739.4265,173.5397079,435,2470
52705556,10.04,9200,71000423,159261.5604,622256.2839,387.0534112,713,4515
53370146,7.61,9200,71000426,160555.1665,621890.8687,227.2031727,819,4566
52705579,11.34,9200,71000314,157929.9703,618155.0145,710.6354136,376,1897
52705587,16.71,9200,71000323,157573.8725,618085.9567,718.4137331,464,2382
52705663,29.87,9200,71000422,159934.1392,621995.238,513.3138947,747,4107
53370155,8.2,9200,71000424,160131.3695,621515.7367,187.8027658,732,4062
52705630,5.8,9200,71000242,160826.0533,618291.5184,261.5677615,537,3138
64915040,8.61,9200,71000426,160458.5807,621535.4133,108.1983945,699,3584
52692849,4.41,9200,71000242,160819.2597,617912.3581,400.4176808,542,3109
53367018,9.51,5330,71000113,159468.5563,619199.634,3283.82313,198,783
52692997,4.07,9200,71000416,160613.7378,622167.3279,337.0399664,913,4861
52706893,5.51,9200,71000242,161024.9586,618163.5388,234.0289669,577,3124
52706906,8.91,9200,71000122,158555.3947,621126.8852,305.9869821,560,3073
52706955,5.53,9200,71000325,157387.5528,618480.1521,253.6459393,447,2722
52706921,5.205,9200,71000242,160977.231,618081.6999,567.8221711,521,3091
52706922,4.86,9200,71000242,160472.5503,617668.432,333.354299,562,3316
52706937,10.32,9200,71000423,159677.9651,622202.1918,351.1360129,687,4166
52707001,10.1,9200,71000423,159265.8542,622329.9585,329.4734319,731,4633
52707018,6.46,9200,71000423,159679.3838,621998.0219,360.0785695,668,4000
52707043,3.6,9200,71000423,159089.3209,621523.0338,303.6583208,654,3743
53370409,8.2,9200,71000426,160262.3303,621515.4888,138.8899011,713,3800
52693625,11.77,9200,71000311,159238.1306,618681.5197,620.675408,268,1105
53367144,10.21,9200,71000423,159593.3778,621974.1461,278.140579,648,3893
52693756,5.3,9200,71000242,160879.7041,618059.3559,195.150741,513,3033
52693813,8.21,9200,71000242,160638.4604,617842.3757,321.6393193,507,3078
53368072,7.91,9200,71000243,160195.2644,618770.3996,312.8180248,346,1595
52706538,14.73,9200,71000423,159387.8661,622366.5933,545.1254778,728,4398
52682921,6.97,5305,71000316,158821.9271,619063.9854,741.1874219,155,508
53368083,29.41,9200,71000424,160078.7432,621387.5801,531.5037789,601,3671
52694077,3.77,9200,71000243,160212.3071,618426.4084,559.8380957,365,1748
52694091,7.19,9200,71000242,159861.6704,617702.6457,271.7848678,385,2293
52693196,3.565,9200,71000316,158695.7842,618900.9882,726.6475672,196,653
53367112,4.17,9200,71000325,157555.0246,618392.993,170.5661413,514,2851
52684336,6.3,9200,71000243,160347.9008,618476.4603,294.0790941,366,1740
52694579,5.4,9200,71000242,160789.6722,617769.2554,345.6776051,499,3027
52489421,12,7300,71000224,162225.7634,618879.1103,1706.726333,585,3648
52396225,3.655,5305,71000232,160895.4097,620760.0837,666.9122656,700,4130
52407284,5.25,9200,71000231,160572.8667,620530.7775,199.4281872,638,3228
52434458,11.2,9200,71000223,161525.8692,619719.0422,598.909959,603,3905
52434480,6.67,9200,71000122,158566.8846,620507.7339,135.6438809,490,2396
52435437,6.425,9200,71000425,159813.1572,620917.6929,332.9432921,570,3581
52435642,4,9200,71000232,160915.1129,620924.0867,159.6812142,671,3877
53321944,3.91,9200,71000232,161009.3898,620926.3541,196.7729102,685,3915
52435874,14.91,9200,71000223,161619.6526,619723.1532,356.5341396,634,3686
52403956,8,9200,71000111,158633.0698,620204.6236,285.9872596,416,2052
53320175,5.09,9200,71000122,158543.8326,621065.6969,267.5162415,561,3109
64916127,5.75,9200,71000232,160961.7398,620979.3747,256.9707232,671,3890
52428932,11.71,9200,71000223,161546.3296,619821.144,333.5515982,627,3581
52429029,6.8,9200,71000231,160372.3365,620640.721,173.9993712,568,2986
52430078,3.08,6520,71000111,159220.4432,620355.7211,102.4085542,329,1844
52430096,4.46,9200,71000122,158605.5406,620862.4533,194.8568182,498,2620
53320868,4.91,9200,71000232,160642.8475,620902.2732,245.8189061,632,3612
52431797,8.8,9200,71000232,160864.9285,620798.2384,363.8716069,681,3994
53321041,6.32,9200,71000232,161086.8226,620879.9699,199.774183,711,4023
52431829,5.5,9200,71000231,160594.5718,620524.2298,220.3465091,640,3243
52431883,11.31,9200,71000232,160806.361,620781.5804,458.4197735,700,3578
52427254,5.2,9200,71000425,159855.1759,621050.1507,167.9136722,604,3350
52427310,6.81,9200,71000122,158617.9486,620980.4229,209.0576967,609,4203
52437915,15.7,9200,71000425,160010.783,620914.0682,260.9801708,536,3391
52438004,5.51,9200,71000231,160655.0038,620504.4239,185.5889213,649,3312
52431986,5.5,9200,71000232,160991.8443,620973.2215,190.6665666,671,3888
53320789,5.02,9200,71000122,158670.4968,620839.738,314.0229898,497,2614
52432833,5.68,9200,71000122,158604.8817,621050.5319,258.2929014,513,2845
52432869,6.21,9200,71000123,159072.9444,621061.7898,222.6949559,498,2827
52433830,7.85,9200,71000221,161058.2324,620019.7982,801.9340974,553,3049
52435265,3.63,9200,71000122,158574.1627,620526.2949,441.84352,463,2304
52435379,3.31,9200,71000232,160694.6501,620992.6793,144.8980241,651,3749
52436399,6.51,9200,71000425,159944.6176,621061.5587,402.8393851,594,3274
52436582,5.1,9200,71000232,160627.2791,620990.7139,193.9325685,644,3705
52963360,26.43,9200,71000322,158036.97,618354.4112,349.3251695,406,1957
66704499,8.375,6520,71000222,160707.0014,619793.526,1594.521748,313,1845
52433324,5.41,9200,71000425,159674.0664,621049.3934,257.2268569,555,3381
52434502,5.51,9200,71000123,159463.4795,620922.9992,291.2451251,444,2505
52434517,5.41,6520,71000224,161966.1344,619715.4033,496.2876671,566,3794
52964875,8.71,9200,71000315,158460.5981,618479.9058,584.4746727,368,1770
52964276,25.91,9200,71000415,160031.3193,622461.4644,421.7181451,842,4737
52428225,6.34,9200,71000122,158581.0061,621057.3567,370.6253864,559,3094
52428252,5.11,9200,71000123,158956.5044,620667.7622,187.984235,477,2322
52436793,6.3,9200,71000232,160535.1802,621092.5221,119.0846513,565,3265
52436822,6.41,9200,71000231,160206.6525,620498.2178,191.6057378,525,2704
52436867,7.8,9200,71000123,159525.8304,620686.022,224.0605255,453,2384
53416629,6.68,9200,71000232,160555.0713,621126.5178,472.7360199,603,3368
52426786,7.9,9200,71000232,160401.8231,620939.9057,220.9888091,614,3265
52428146,3.89,9200,71000123,158794.7736,620523.6706,342.9799177,444,2176
52978135,8.78,9200,71000325,157404.0217,618169.2011,327.249409,542,3091
52402274,8.45,6520,71000222,160735.9841,619835.3653,397.2650502,464,2607
52429126,5.5,9200,71000231,160531.7743,620483.2366,238.7491017,612,3094
52411024,6.11,9200,71000123,159447.3703,620662.15,169.3270892,425,2285
66705986,8.98440125,7600,71000112,159281.2416,619695.6513,1366.767209,98,577
52404992,2.95,9200,71000123,158993.7835,620945.8503,68.58223128,515,2792
52428441,3.76,9200,71000123,158941.2082,620343.4088,276.0272184,403,2201
52427656,5.11,9200,71000123,158865.7904,620536.527,352.9282661,459,2228
52428667,8.3,9200,71000122,158806.3923,621056.6579,235.1038476,475,2654
52430412,5.51,9200,71000231,160862.7606,620528.7094,239.2476203,648,3350
53093870,6.51,6520,71000222,161141.4107,619592.932,925.8131198,518,2879
52431450,3.31,9200,71000232,160736.5267,621053.0402,202.9835783,675,3853
52426355,9.19,9200,71000232,160892.0151,621042.4704,461.5696426,659,3748
52426340,3.31,9200,71000232,161014.9408,620746.7939,163.4218499,712,3713
52433816,6.01,9200,71000122,158705.1751,621047.2755,339.7482282,494,2731
53321618,6.51,9200,71000232,160930.5696,621051.3574,201.5049142,659,3734
53321821,7,9200,71000123,159091.2653,621035.883,285.6006713,502,2830
52435022,8.25,9200,71000123,159227.1011,620915.7252,358.9775404,482,2666
53321707,6.7,9200,71000122,158681.0105,621016.3882,283.2656956,500,2771
53451177,4.7,9200,71000231,160571.0638,620480.0506,240.621237,639,3184
53173026,16.11,5300,71000211,160489.9255,619035.2796,834.0790679,353,1906
53178672,7.56,9200,71000325,157402.3795,618353.7125,181.1329774,474,2846
53178406,4.2,9200,71000243,160910.5957,618654.0126,230.5758842,507,2589
53178417,8.19,9200,71000315,158557.6825,618501.4225,899.9155744,306,1532
53179374,6.02,9200,71000423,159224.3489,621611.9209,534.8700087,672,3895
53179436,4.38999924,9200,71000424,159740.328,621567.5216,275.5034654,708,4026
53179251,4.005,9200,71000242,160476.0837,618042.4635,263.1010813,458,2805
53180040,4.5,9200,71000242,160772.6362,617587.5159,322.5562373,554,3253
53167422,7.44,9200,71000426,160435.3857,621743.3801,344.1288956,770,4128
53167073,7.6,9200,71000242,160781.2744,617958.536,211.4783899,514,3048
53172664,7,9200,71000111,158881.851,620051.6975,305.8046802,329,1494
53181038,15.39,9200,71000322,157713.792,618426.1126,617.3951861,520,2770
53052123,5.41,9200,71000242,160989.08,617921.1956,271.2063573,539,3185
53071865,9.21,9200,71000426,160328.2023,621619.3088,183.3789444,714,3751
53087300,6.45,9200,71000313,158532.8979,617952.8109,920.7660278,423,1904
53096212,4.2,9200,71000316,158850.6328,618615.5448,246.6751842,348,1532
53440030,10.7,9200,71000426,160418.6342,621773.8836,241.9533983,766,4092
53096288,5.4,9200,71000242,160266.1484,617988.5888,250.0594998,448,2467
53097249,7.09,9200,71000316,158918.0436,618576.2294,369.0281132,260,1178
53097578,10.71,9200,71000423,159661.1548,621817.4114,361.6436184,652,3815
53436871,4.69,9200,71000232,161067.345,620908.945,164.4876805,705,3979
53094790,3.535,9200,71000243,160789.6772,618517.5858,308.6342102,477,2384
53440100,5.7,9200,71000242,160638.8293,617817.0036,180.8161054,506,3069
53097697,5.8,9200,71000242,161058.1026,618116.4953,179.835697,538,3178
53098164,7.7,9200,71000242,161024.6986,618088.1241,279.9296883,528,3131
53097629,9.5,9200,71000423,159586.0536,622307.3731,331.0376804,701,4277
53440611,4.95,9200,71000242,160868.8535,618256.8217,400.2240945,529,3085
53102355,5.41,9200,71000232,160645.3281,621027.1593,213.0771352,670,3824
53085153,3.48,5305,71000122,158918.1899,621205.4532,756.7698844,529,2940
53113272,7.31,9200,71000232,160917.1114,620942.3189,251.0778043,670,3859
53106449,7.48,9200,71000423,158666.4978,621477.5687,144.1620336,673,4620
53102766,5.16,9200,71000425,159690.1579,621027.3931,379.1879537,557,3408
53103776,5.41,9200,71000232,160472.252,620764.6222,241.3863947,587,3110
53122920,6.01,9200,71000242,160728.317,617635.0793,410.9459966,537,3176
53124275,4.67,6520,71000316,158591.8319,618615.3765,327.2457588,259,1239
53442947,17.4,9200,71000322,158250.4209,618453.0594,743.4635154,408,2073
53132740,6,9200,71000325,157469.6705,618573.4995,146.5094286,447,2634
53445217,8,9200,71000424,160227.8695,621556.2518,209.5643854,665,3560
53125138,4.5,9200,71000243,160691.4536,618646.2862,335.8409832,455,2307
53446217,3.3,5300,71000322,158142.1447,618564.8584,294.1660667,368,1760
53448590,3.8,5305,71000211,160112.135,619132.4062,356.6106432,362,1738
53145201,14.6,9200,71000416,160563.0764,622186.4174,292.8164887,902,4805
53136340,5.75,9200,71000423,159226.4502,621560.9533,394.8035769,622,3601
53136357,5.81,9200,71000242,160468.9847,617708.5884,157.6659073,572,3379
64917418,5.81,9200,71000242,160514.7247,617659.8848,974.5565082,513,3146
53447341,5.79,9200,71000242,160452.5718,618076.1774,279.9526456,436,2519
53128024,11.82,9200,71000423,159221.8864,622142.4609,386.5946332,680,4319
53445699,6.73,9200,71000242,159762.6697,618052.2177,217.0171068,338,1896
53128178,5.69,9200,71000424,159733.4956,621542.2595,253.5660582,707,4024
53138507,5.55,9200,71000424,160189.0744,621538.7444,216.6907839,742,4112
53139254,4.66,9200,71000232,160570.2128,621179.8089,218.0172641,609,3346
53128424,7.09999847,6520,71000222,160851.327,619842.0495,319.5941426,598,3528
53130380,10.5,6520,71000224,162189.5226,619678.1826,1170.627025,603,4212
53153548,5.51,9200,71000232,160944.4816,620833.8535,198.4634211,683,4021
53147235,55.1,9200,71000242,160342.7469,618007.7373,263.9623495,479,2942
53141181,9.6,6520,71000224,161629.2687,619603.3841,793.3050178,603,3730
53141253,8.365,9200,71000316,158832.1716,618595.2762,431.4900973,269,1253
53160100,4.23,9200,71000242,160601.1447,618032.2305,245.6320789,459,2726
53154119,4.29,9200,71000423,159345.613,621719.9825,458.2491068,668,3726
53161429,11.9,9200,71000243,160424.643,618449.4482,700.2054266,370,1841
53163350,3.64,5521,71000313,159014.6625,618260.5659,111.7666059,321,1437
53163396,25.08,9200,71000423,159492.3485,622081.4375,473.348236,729,4441
53149541,24.54,9200,71000426,160366.9144,621793.1951,475.7114226,788,4147
53151862,4.5,9200,71000232,161028.5827,620919.2775,227.0759182,692,3933
53174102,5.63,9200,71000425,159885.3831,620945.4325,436.3491477,587,3530
53164906,6.74,9200,71000423,159324.0606,622184.6775,305.2521215,692,4418
53165410,10.66,9200,71000114,158259.5617,619632.4701,483.6211367,292,1372
53159185,21.76,9200,71000423,159366.6116,622114.9567,543.1574939,723,4186
53173301,3.96,5900,71000121,157682.9931,620012.4713,1538.247169,426,2382
61238439,6.87,5330,71000426,160236.415,621171.9515,976.0023995,604,3327
61238440,6.87,5330,71000426,160226.0366,621132.5736,1270.023169,795,4251
61238441,8.595,9200,71000423,159236.2479,621929.4363,136.0790063,716,4112
61238442,7.965,9200,71000423,159225.9982,621904.2326,147.8872334,718,4140
61238443,7.175,9200,71000423,159215.2577,621883.4484,154.6835779,720,4161
61238444,9.31,9200,71000423,159255.7728,621864.6443,412.8748974,725,4190
61238445,9.205,9200,71000423,159262.6259,621886.9359,121.6615038,718,4144
61238446,9.31,9200,71000423,159280.8816,621848.4736,173.8488478,714,4086
61238447,9.355,9200,71000423,159278.7682,621932.3512,148.3195749,713,4055
61238448,9.205,9200,71000423,159273.4169,621919.7576,122.9419532,715,4105
61238449,5.155,9200,71000242,160626.8028,617952.5148,65.564385,483,2829
61238450,5.155,9200,71000242,160609.8088,617930.7753,97.9279093,485,2847
61238451,5.96,5300,71000242,160984.8492,618250.7766,441.5181106,551,3006
61238370,5.51,9200,71000231,160748.6925,620422.1509,525.8894105,621,3209
61238371,4.805,9200,71000231,160714.4309,620403.8475,531.7503525,657,3264
61238372,5.51,9200,71000231,160710.5119,620363.4226,487.6698781,660,3301
61238373,9.065,9200,71000231,160685.375,620333.2989,577.6375862,656,3280
61238274,6.805,6520,71000224,161995.356,619715.8778,109.8196573,566,3794
61238277,4.02,7300,71000224,162319.8167,620255.3897,1391.07953,724,5086
61238282,8.11,6520,71000224,161817.1765,619027.8158,1736.495178,522,3250
65190752,5.83,9200,71000224,162120.0788,618809.6507,1221.982452,524,3386
61238284,8.74,6520,71000224,162326.7726,618752.9205,259.2749069,556,3570
61238285,9.31,6520,71000224,161582.0506,619313.474,344.2490597,554,3477
61238286,9.31,6520,71000224,161579.807,619281.8382,190.4475441,555,3480
61238287,8.32,6520,71000224,161741.7371,619597.5622,1043.347556,626,3848
61238288,8.45,9200,71000223,161581.5962,619680.7105,233.3713265,618,3807
61238289,8.045,9200,71000223,161572.6065,619657.581,179.8786725,585,3834
61238290,7.65,9200,71000223,161569.8433,619634.8761,177.8948055,609,3759
52982532,5.6,9200,71000422,159794.6401,621776.9665,781.2971827,669,3712
52982569,14.57,9200,71000416,160556.3777,622165.9307,250.2963946,908,4860
61237842,12.585,5370,71000112,159530.1949,619777.0251,2869.992889,266,1246
52990259,13.18,9200,71000322,158168.9665,618599.9112,452.7250877,333,1647
52983350,8.45,9200,71000316,159227.7874,618947.7158,509.9836028,220,854
52986020,5.78,9200,71000323,157590.1977,617796.5964,502.9514636,509,2501
52986066,7.6,9200,71000242,160062.6239,618080.2228,261.2015209,416,2278
53420357,9.9,9200,71000242,160256.8886,617702.1174,195.1711118,455,2700
53046528,6.71,9200,71000242,160302.1438,617918.2157,142.4970362,418,2508
52987986,22.4,9200,71000121,157955.148,620912.5551,1132.021272,534,3288
52987989,23.56,9200,71000314,158173.7416,618130.8914,453.8645998,600,2810
53420709,11.22,9200,71000423,159537.9616,621618.1965,377.4474452,621,3536
52988467,7.07,5521,71000321,158244.9032,618730.5038,278.4496673,417,2261
53009170,7.7,9200,71000423,159676.5927,621872.0087,435.0785401,653,3870
53008435,8.93,9200,71000416,160644.2055,622146.2254,145.1599452,930,4956
53008476,3.31,6520,71000424,159853.1168,621193.2355,281.4914441,528,3263
53010406,9.15,9200,71000315,158655.9058,618501.8947,743.0084936,294,1433
53016898,52.98,9200,71000114,158128.856,619612.1361,1450.718522,479,2851
53019152,5.75,9200,71000242,161043.5622,618101.5323,355.05199,533,3156
53019157,3.31,9200,71000242,160657.0704,617543.8858,274.912463,583,3390
66709279,7.06,6520,71000222,160919.0239,619409.6524,2388.794909,335,1975
53022955,5.71,9200,71000231,160975.2837,620586.9468,131.3471007,686,3582
53033026,3.95,9200,71000325,157403.0263,618460.4044,181.0298955,460,2787
53033885,10.11,9200,71000423,159569.4175,621442.717,463.1857009,549,3219
61234762,7.57,6520,71000223,161215.4606,619362.4694,106.7138602,525,2984
61234764,7.57,6520,71000223,161204.0897,619354.6471,58.05402129,523,2975
61238026,15.11,9200,71000322,157848.0387,618440.3652,510.6252937,497,2473
52982646,8.71,9200,71000426,160316.7769,621672.0195,160.1085857,815,4666
52982658,9.67,9200,71000122,158788.1889,621207.82,305.1058333,579,3918
53044597,14.65,9200,71000325,157643.7915,618320.2827,562.022467,470,2340
61235231,9.755,9200,71000415,160464.6799,622564.2329,625.285605,830,4883
61235232,9.755,9200,71000415,160509.4368,622582.311,649.1354935,870,5000
61235233,9.755,5305,71000415,160477.4573,622508.3961,283.1268353,896,4858
61236564,24.915,9200,71000415,160078.4481,622439.9184,588.9367546,801,4614
61236565,24.925,5305,71000415,160060.7264,622379.9422,307.8388394,830,4695
61236566,24.925,5305,71000415,160051.1335,622350.5084,294.1468965,845,4731
61236567,22.77,9200,71000415,160133.3509,622270.4905,648.9071667,770,4517
61236568,21.215,9200,71000415,160152.9895,622205.8139,643.0496092,739,4369
61236569,12.185,9200,71000415,160117.8335,622217.7135,665.5925009,730,4330
61236570,3.515,9200,71000415,160084.9847,622229.6057,669.1333526,722,4295
61236571,3.515,9200,71000415,160047.5236,622242.5251,653.8314753,713,4256
61236572,10.605,9200,71000421,160022.3299,622181.2507,512.5466318,797,4344
61236573,3.515,9200,71000421,160061.3612,622168.8461,503.0937148,797,4346
61235772,11.925,9200,71000421,160095.6268,622154.6749,567.6189517,773,4522
61235773,25.405,9200,71000421,160134.0649,622141.3559,567.8870329,766,4481
61235774,30.385,9200,71000421,160159.2257,622060.6203,643.5249544,834,4738
61235775,25.405,9200,71000421,160109.8544,622078.5612,662.3376906,803,4400
61235776,18.93,9200,71000421,160048.1482,622103.085,654.0056587,843,4793
61235777,20.595,9200,71000421,160050.3285,622066.5611,628.3554256,843,4793
61235778,25.405,9200,71000421,160074.4384,622023.2372,616.1710487,825,4719
61235779,30.155,9200,71000421,160111.8131,621993.7855,592.5804301,814,4685
61235780,19.085,9200,71000421,160157.9226,621992.0638,581.1670623,808,4656
61234769,8.81,6520,71000224,161628.9365,619249.9399,57.40528129,545,3402
61234771,4.92,7300,71000222,161196.2532,619083.5046,148.5372695,448,2531
61238052,4.545,9200,71000325,157518.7603,618717.8877,183.5132026,462,2725
61238053,6.38,9200,71000325,157540.0029,618385.3559,237.3671976,505,2858
52991696,3.75,6520,71000316,158623.6529,618579.1593,2432.049197,334,1587
53420482,7.31,9200,71000243,160873.633,618499.9213,271.4432953,507,3133
52982965,7.44,9200,71000242,159916.2314,618128.4375,181.1770982,407,2238
52983088,8.155,9200,71000423,159656.9795,622189.2563,334.9686944,683,4141
66703250,9.755,9200,71000415,160483.8054,622624.8657,718.2404836,633,3732
61235235,9.755,9200,71000415,160525.167,622639.754,735.6970332,845,4969
61235236,9.755,9200,71000415,160511.3188,622666.8993,99.52683166,944,5239
61235238,9.355,9200,71000415,160458.1331,622693.6164,236.8252064,936,5193
61235240,24.3,9200,71000415,160343.0419,622565.0988,605.745604,804,4757
61235241,24.3,9200,71000415,160306.2488,622549.5846,633.4874859,800,4717
61235242,24.3,9200,71000415,160284.7348,622578.5307,97.43802424,835,4765
61235243,8.62,9200,71000415,160268.8562,622734.4226,222.0140062,879,4950
61235244,8.62,9200,71000415,160291.8822,622719.6963,289.793807,882,4979
61235245,13.52,9200,71000415,160355.3224,622706.177,213.1059738,861,4970
61235246,20.32,9200,71000415,160358.2229,622679.8911,251.5983537,857,4949
61235247,20.32,9200,71000415,160362.7448,622655.0476,168.4462963,853,4925
61235248,20.32,9200,71000415,160393.6241,622688.5887,310.8751809,857,4949
61235249,20.32,9200,71000415,160398.5825,622666.8059,193.3594154,852,4925
61235250,20.32,5305,71000415,160333.9555,622672.6558,284.4760795,933,5183
61235251,20.32,9200,71000415,160320.1148,622630.0204,172.83254,850,4785
61235252,17.735,9200,71000415,160254.2585,622654.2868,277.9357286,849,4793
66708494,20.235,9200,71000415,160245.2422,622629.0094,222.6809556,618,3645
66708435,15.535,9200,71000415,160192.6118,622646.4607,219.8306151,618,3643
61235256,13.435,9200,71000415,160206.4289,622666.6287,125.0485416,859,4821
61235257,8.62,9200,71000415,160229.5197,622715.3991,319.0160041,875,4925
61235258,13.435,9200,71000415,160233.8519,622687.5367,254.4613912,857,4815
64916916,13.52,9200,71000415,160171.9714,622783.6449,359.4458242,853,4842
65059761,13.52,9200,71000415,160195.0541,622770.1282,262.4835093,862,4868
61235781,30.69,9200,71000421,160283.2561,621976.5577,662.0275687,768,4258
61235782,21.86,9200,71000421,160265.3046,621921.8438,751.3239971,752,4204
61235783,17.945,9200,71000422,159966.1774,621897.6847,586.8102745,847,4439
61235784,18.93,9200,71000422,160004.6438,621989.0783,591.0816558,778,4248
61235785,20.595,9200,71000422,159983.851,622034.3305,587.4265468,761,4193
61235786,20.595,9200,71000422,159964.9157,622074.5273,579.6108578,767,4198
61235787,25.715,9200,71000426,160459.2317,622014.7852,1220.329147,817,4467
61235788,8.23,9200,71000426,160518.3323,622005.2823,640.5869775,738,4167
61235789,7.57,9200,71000426,160560.4042,621989.903,645.9953155,731,4120
61235790,8.035,9200,71000426,160595.6016,621978.3548,593.9959192,726,4083
61235791,8.525,9200,71000426,160636.8599,621964.349,590.0226541,720,4040
61235792,9.45,9200,71000416,160623.498,622039.8114,703.4610453,803,4519
61235793,9.45,9200,71000416,160665.1317,622019.9607,421.5651763,810,4563
61235794,9.115,9200,71000416,160540.4469,622115.5307,168.8925359,907,4891
61235795,11.585,9200,71000416,160497.1292,622152.1905,547.9355584,877,4802
61235796,9.115,9200,71000416,160507.644,622184.0635,591.9958465,871,4769
61235797,8.605,9200,71000416,160534.8063,622253.6746,597.0392841,885,4746
61235798,7.565,9200,71000416,160573.8176,622216.764,291.2304169,902,4807
61235799,13.31,9200,71000415,160361.6011,622320.7378,526.3332239,824,4716
61235800,10.35,9200,71000415,160378.3402,622349.7838,511.0606907,871,4713
61235801,24.915,9200,71000415,160109.5474,622527.6144,531.3755453,764,4507
61235802,24.3,9200,71000415,160118.3765,622564.1307,456.4454276,778,4570
61235803,24.3,9200,71000415,160074.943,622604.6445,457.6612784,812,4667
52992024,15.11,9200,71000223,161639.4203,619775.9061,318.8726678,669,3796
52992998,7.4,9200,71000123,159117.6826,620967.2079,279.2885622,525,2914
53421885,4.64,9200,71000242,160912.3853,618187.6087,305.784772,517,3007
61237983,9.07,9200,71000325,157689.0705,618654.5063,313.0045274,464,2530
61237984,8.87,9200,71000325,157702.1046,618672.6979,318.9694747,461,2508
61237985,7.53,9200,71000325,157714.6677,618692.4179,271.8723375,458,2484
61236527,12.94,9200,71000414,159798.4311,623054.2931,214.2223921,887,5268
61236528,6.935,9200,71000414,159791.6965,623036.0498,258.080541,889,5287
61236529,18.285,9200,71000414,159936.5574,623238.5165,264.8749395,895,5376
66700823,18.285,9200,71000412,160207.7884,623181.0216,198.0022414,705,4154
61236540,7.03,9200,71000325,157594.6121,618602.9935,295.6634447,479,2607
61236541,7.155,9200,71000325,157605.251,618621.4447,301.0540115,474,2585
61236542,8.03,9200,71000325,157618.5592,618637.1833,199.499141,469,2566
61234794,8,9200,71000325,157609.653,618545.6299,301.2917946,484,2666
61234795,6.82,9200,71000325,157594.7606,618526.9739,271.8946175,486,2689
61234796,5.665,9200,71000325,157581.6188,618507.8544,360.3408133,504,2808
61235261,18.285,9200,71000415,160187.2322,622798.0917,287.7551183,856,4884
61235262,12.92,9200,71000415,160239.7043,622813.7343,217.0444596,941,5274
61236544,18.285,9200,71000412,160184.6682,622868.1343,177.9488313,894,5299
61236545,18.285,9200,71000412,160201.5129,622860.3094,138.8030995,912,5356
61236547,18.85,9200,71000412,160195.3128,622920.7613,200.4584831,885,5274
61236548,18.285,9200,71000414,160063.1595,622997.8585,193.6235809,813,4915
64916917,13.52,9200,71000415,160365.4761,622743.9437,165.1356553,861,5008
61236551,13.52,9200,71000415,160387.4885,622732.0849,296.2307403,865,4986
61236552,13.52,9200,71000415,160409.8491,622718.1019,199.014745,875,5016
61236553,20.32,9200,71000415,160412.0091,622682.9776,131.1051727,939,5189
61236554,9.355,9200,71000415,160448.9016,622665.69,216.4039871,937,5197
66700204,9.355,9200,71000415,160436.3675,622641.442,284.470872,633,3728
61236556,24.3,9200,71000415,160255.6778,622524.9387,514.8403399,793,4660
61236557,24.3,9200,71000415,160205.9449,622513.2133,630.9656743,783,4604
61236558,24.3,9200,71000415,160156.3337,622513.9924,626.4796123,772,4549
61236559,24.3,9200,71000415,160194.5721,622554.4577,257.3031712,801,4648
61236560,24.915,9200,71000415,160186.8192,622459.3681,584.2903154,800,4636
61236561,24.915,9200,71000415,160146.157,622462.2262,617.9073448,801,4624
61236562,24.915,9200,71000415,160130.8201,622426.4919,534.1631465,822,4682
61236563,25.79,9200,71000415,160121.4701,622396.0462,579.7721196,815,4652
52995649,5.61,9200,71000243,160177.5875,618361.1103,386.9032609,394,2299
53002942,5.45,9200,71000425,159930.5701,621014.0418,140.5595168,607,3626
61238374,8.155,6520,71000222,160750.863,619828.1811,89.44960308,473,2623
61238375,6.59,6520,71000222,160873.3636,619762.2119,568.8070094,530,2775
61238379,6.995,6520,71000222,160860.9337,619739.4075,99.62883299,538,2805
61238380,6.595,6520,71000222,160874.9168,619734.2865,142.9290639,540,2811
61238456,4.41,9200,71000243,160863.088,618683.6445,50.87103886,465,2420
61238457,5.05,9200,71000243,160865.0068,618696.146,197.0824107,466,2432
61238459,7.57,6512,71000223,161205.3093,619427.734,625.4490885,505,2859
61238460,7.885,5305,71000223,161259.0177,619433.7978,150.016464,527,2927
61238463,7.565,6520,71000224,161546.9321,619172.6368,317.8804013,513,3278
61238464,5.355,5202,71000232,160462.2474,620678.1024,1149.331997,578,3100
61238465,9.205,9200,71000423,159291.4507,621895.6294,127.0247757,710,4045
61238466,9.205,9200,71000423,159326.3958,621885.5982,300.4619223,679,3939
61238467,9.31,9200,71000423,159318.7293,621855.4085,303.6882067,674,3908
61238468,9.205,9200,71000423,159295.1738,621905.3984,128.8665106,709,4035
61238469,9.44,9200,71000423,159247.4857,621945.8909,178.3079436,714,4097
61238470,9.755,9200,71000423,159255.6284,621956.8428,130.1864002,713,4086
61238471,9.44,9200,71000423,159233.1167,621968.1993,312.2560823,719,4143
61238472,8.74,9200,71000423,159213.7048,621943.236,406.318724,723,4177
61237941,7.965,9200,71000423,159203.4326,621918.124,303.11256,727,4207
61237942,9.75,9200,71000423,159250.7463,621999.9617,178.8907236,716,4119
61237943,10.32,9200,71000423,159265.93,621992.3195,99.87533142,717,4132
61237944,10.04,9200,71000423,159285.1654,621975.0774,306.025457,712,4077
61237945,10.32,9200,71000423,159274.9805,622026.7897,157.3071723,718,4146
61237946,10.32,9200,71000423,159288.1093,622018.1301,144.3838723,717,4131
61237947,8.43499954,9200,71000423,159313.0982,622003.9663,175.4541439,714,4102
61237948,6.48999954,9200,71000423,159327.5896,621994.2463,208.3709739,725,4212
61237949,6.48999954,9200,71000423,159339.0449,621987.5791,133.389475,725,4212
61237951,8.76999954,9200,71000423,159301.7479,621962.0893,101.7826371,712,4051
61237952,8.72,9200,71000423,159245.6224,622270.2688,447.7356743,718,4536
65184773,9.995,9200,71000423,159312.7803,622365.8546,502.9508575,736,4669
61234823,8.355,5300,71000221,161044.4027,620136.0788,856.6903872,578,3156
61234824,13.52,9200,71000415,160416.1988,622636.6593,259.8311813,848,4887
61234825,9.755,9200,71000415,160446.0838,622609.9503,605.2416235,830,4885
61238390,5.75,6535,71000222,160914.8576,619003.4585,1043.012022,386,2079
61238393,4.85,9200,71000243,160763.6464,618718.1825,142.9851598,491,2422
61238272,5.1,9200,71000243,160767.1024,618703.4228,53.35851378,488,2407
61238403,4.9,9200,71000243,160759.4821,618674.2212,453.2758238,479,2378
61238405,4.39,9200,71000243,160173.8242,618431.2844,107.9917195,419,2406
61238421,4.65,9200,71000242,160545.2045,618052.4611,137.1775564,456,2748
61238423,5.554999925,9200,71000242,160701.1196,617795.319,78.55168002,521,3066
64916856,1.3848,9200,71000242,160716.2849,617590.2186,317.4983813,567,3301
65187794,10.805,9200,71000423,159341.2015,622343.8716,478.6094536,726,4584
64916869,9.515,9200,71000423,159367.4083,622322.6288,501.5262297,726,4584
61237956,5.05,9200,71000414,159653.2795,622497.4159,201.2896745,764,4580
61237957,4.47,9200,71000414,159676.8988,622544.369,245.0180209,778,4641
61237958,4.475,9200,71000414,159504.9658,622650.7177,198.1800265,739,5282
61237959,4.345,9200,71000414,159330.9738,622883.3915,231.6317299,805,6117
61237960,4.345,9200,71000414,159363.1547,622868.2517,166.5771441,810,6151
61237961,4.87,9200,71000414,159484.0436,622988.8155,231.6317616,778,5829
61237963,4.49,9200,71000414,159686.3294,622767.6103,254.4353243,822,6201
61237964,5.565,9200,71000414,159770.352,622507.8936,183.8636594,787,4741
61237965,8.345,9200,71000414,159934.774,622630.6603,127.7996484,829,4876
61237966,5.865,9200,71000414,159886.5238,622626.3929,186.4807915,824,4856
61237967,5.05,9200,71000414,159746.2922,622724.9293,207.9704051,801,4825
61237968,5.05,9200,71000414,159771.3703,622715.3223,186.8539796,818,4898
61237970,5.05,9200,71000414,159781.8202,622733.0502,195.91401,822,4918
61237971,7.35,9200,71000414,159786.3584,622826.4636,272.7313739,821,4936
61237972,5.925,9200,71000414,159777.4353,622810.5465,263.2550855,817,4918
61237973,7.35,9200,71000414,159851.5969,622803.4743,228.0723771,858,6353
61237975,12.805,9200,71000414,159950.1013,622786.2192,161.4620173,856,5027
61237977,6.935,9200,71000414,159772.5156,622991.3524,280.0724678,790,5998
61237979,7.545,9200,71000414,159810.659,623006.6687,261.7645641,810,6095
61237982,7.775,9200,71000325,157637.7901,618651.927,255.2681233,465,2542
53017332,6.01,6520,71000224,162014.8297,619823.8644,776.3861183,604,3918
52685530,12.13,9200,71000314,158045.9058,618162.9164,547.2463323,385,1895
52695598,4.17,9200,71000325,157370.8003,618471.2113,225.8245142,440,2700
52695637,6.91,7300,71000242,160944.6251,618428.786,2186.914049,451,2717
52695679,6.2,9200,71000242,160455.144,617900.7308,245.9142406,513,3012
52695711,4.21,9200,71000243,159978.1444,618657.298,343.4136383,305,1344
52695722,8.32,9200,71000323,157985.8151,617461.3263,1037.119655,642,3373
52695836,8,9200,71000243,160618.8485,618600.9793,387.3509595,425,2200
66707217,6.03,7300,71000324,157616.7467,617286.8158,13735.98768,399,2351
52695811,6.19,5521,71000322,157819.1891,618607.801,325.7037985,545,2818
53368418,5.82,9200,71000325,157320.2269,618384.6173,207.2570589,472,2939
52684885,7.59,9200,71000242,160166.4741,617844.2865,213.0839821,420,2393
52685037,4.9,9200,71000242,160301.8516,618100.4142,429.4453906,439,2445
64915701,9.355,9200,71000423,159260.6305,622186.979,350.6500077,688,4378
52695114,4.76,5300,71000322,158164.8264,618467.2758,512.6201269,444,2058
52695211,7.48,9200,71000426,160502.9525,621825.2704,377.115848,797,4228
52695219,10.57,9200,71000313,158525.3737,618094.0912,745.9960969,382,1726
52695312,3.89,9200,71000242,160727.9313,618206.5076,200.8010478,460,2763
52695323,5,9200,71000243,160724.8417,618609.3,341.4142875,446,2270
52673795,7.82,9200,71000426,160538.8377,621925.4576,252.768117,809,4476
52675011,8.61,9200,71000315,158899.6026,618485.3794,606.3257922,399,1895
52675086,7.8,9200,71000243,160492.5988,618627.8502,301.2240601,399,1946
52686650,10.61,9200,71000423,159215.7981,622068.4132,329.7129611,675,4259
52685878,7.41,9200,71000242,160592.685,617692.6952,199.005346,522,3176
52685908,5.2,9200,71000242,160294.2308,617977.1132,508.9500473,494,2981
52685979,3.925,9200,71000242,160488.2642,618102.3457,652.7952846,438,2546
52661708,7.01,9200,71000232,160500.1043,621030.9842,192.6448459,598,3341
52662367,11.07,9200,71000315,158388.741,618485.2898,251.8011564,259,1325
52675087,7.53,9200,71000416,160727.3417,622327.3272,372.8250205,885,4803
52674612,15.58,9200,71000322,157727.6396,618474.9084,656.0141626,516,2754
52674614,7.82,9200,71000325,157302.151,618350.9106,221.7524895,476,2961
52674641,6.5,9200,71000242,160211.6061,617839.9324,242.4556145,431,2445
52662591,14.89,5001,71000113,158823.52,619388.2945,1636.814755,135,463
53362262,6.91,9200,71000242,160201.2473,617944.2548,278.4023909,404,2403
53362272,3.91,9200,71000242,159981.2303,617803.8811,174.70996,405,2301
52662666,5.2,9200,71000242,160607.4311,617945.1497,203.5122774,481,2833
52662730,3.76,9200,71000313,158303.561,617813.9202,1101.698688,476,2242
52662758,3.95,5740,71000316,158534.7805,618681.1958,1113.312616,261,1049
52676005,23.71,9200,71000423,159507.0435,622128.0564,472.0318594,712,4292
52676023,4.57,9200,71000423,159556.5969,621840.584,261.4887258,633,3754
52676026,11.51,9200,71000423,159332.5908,622268.9557,448.1578945,700,4487
52694293,8.5,9200,71000421,160252.513,621622.6249,188.8411759,719,3823
66706768,6.96,7300,71000324,157509.5705,617273.7473,10144.86375,411,2424
52694334,7.61,9200,71000423,159243.353,621630.8999,166.5656289,638,3663
52694348,9.21,9200,71000243,160417.2069,618600.0458,341.0851383,374,1837
52694366,4.36,9200,71000242,160000.84,617758.1977,213.4643373,419,2449
53368141,4.31,9200,71000243,160101.279,618608.472,287.0922021,319,1455
53368142,24.15,9200,71000321,158284.5593,618529.0106,334.1438437,376,1845
52694406,8.01,9200,71000421,160153.4178,621620.2904,189.5406182,693,3970
52694415,9.5,9200,71000426,160365.7144,621624.9791,153.6111585,717,3768
52694425,8.61,9200,71000243,160050.2662,618773.4343,385.7884276,318,1429
52694458,9.5,5521,71000423,159124.0935,621487.4583,286.9956531,647,3717
52695434,3.54,9200,71000316,158884.3472,618609.5767,239.0196495,348,1532
52711731,5.34,9200,71000416,160573.9739,622100.7305,288.5110606,913,4936
52711735,5.42,9200,71000424,159792.7541,621445.4976,149.7719509,582,3452
53371247,6.39,9200,71000426,160327.8445,621515.2885,177.2234922,709,3718
53368267,10.56,9200,71000315,158630.0405,618472.8836,346.8233083,317,1534
52713482,5.82,9200,71000322,157897.7687,618640.8456,2527.050655,554,2846
52713502,9.92,9200,71000423,159264.0982,622118.6399,305.2773465,681,4329
53371583,7.7,9200,71000122,159040.8912,621120.892,332.0803552,505,2808
52713571,5.45,5300,71000212,160282.6417,619600.7628,2116.78084,399,2565
52713663,8.72,9200,71000122,158849.3437,621129.9658,226.461702,517,2859
52713665,5.2,9200,71000242,160870.8623,617822.085,100.1900313,535,3128
52713688,36,9200,71000424,160055.4456,621598.5474,623.5192704,694,3946
52713690,8.7,9200,71000421,160162.9984,621701.597,172.3412721,743,4101
53368308,10.02,9200,71000423,159522.8642,621569.169,337.1584691,608,3482
52695336,5.71,9200,71000243,160582.1315,618538.927,360.4170227,414,2084
64915585,7.8,9200,71000424,160108.1822,621449.6326,164.7447252,735,4144
53368516,7.82,6520,71000121,158137.8937,621308.4748,433.1192158,640,3373
52696484,7.78,9200,71000325,157322.0987,618313.2647,260.5837665,485,3004
52696495,5.77,9200,71000325,157423.6866,618468.789,183.0937478,380,2388
52696540,16.15,9200,71000325,157635.7264,618392.5556,620.1451678,459,2363
52696595,3.41,9200,71000243,160191.7213,618383.0641,474.1863761,399,2322
52713027,6.81,9200,71000243,160582.4256,618636.8436,358.7048319,442,2301
64915480,4.305,9200,71000242,160719.5247,617897.5496,277.1561625,493,2924
53371647,4.66,9200,71000243,160625.3035,618624.4943,258.9965155,425,2218
52713016,8.61,9200,71000243,160326.161,618560.3594,218.946662,356,1740
52713022,22.37,9200,71000423,159309.2565,622053.5168,479.6183938,731,4220
52713157,6.7,9200,71000242,160584.3851,617948.1516,240.6689585,471,2859
52686029,6.67,9200,71000416,160612.6697,622246.4827,278.4747578,898,4766
53366658,7.6,9200,71000243,160393.6089,618447.6766,224.5933894,367,1788
52687051,4.405,9200,71000242,160743.7456,618122.5056,402.6088393,481,2856
52687055,5.8,9200,71000242,159886.7111,617695.5184,220.7528878,423,2435
52687115,9.02,9200,71000315,158440.9844,618427.7746,384.1356932,354,1722
53368561,5.28,9200,71000323,157694.0407,617723.9408,720.9640334,529,2590
52696720,6.95,9200,71000325,157470.0023,618532.9439,173.638569,443,2625
52696733,7.5,9200,71000423,159298.4717,621521.452,446.9601489,611,3501
52696942,4.27,9200,71000242,160993.5294,618030.2033,336.5513029,521,3086
52674704,13.37,9200,71000323,157713.1682,617861.064,592.7284877,525,2599
52687299,4.5,9200,71000242,159943.2507,617997.529,183.9643652,382,2142
52687325,5.7,9200,71000242,160680.0148,618027.9289,326.624986,455,2731
52687373,3.59,9200,71000242,159935.9328,617731.4313,207.4898457,409,2346
53366906,5.5,9200,71000423,159487.1208,621880.7758,434.9245746,759,4557
64915747,3.7,9200,71000243,160765.1607,618511.1197,162.790234,436,2242
52687540,9.2,9200,71000242,160657.4283,618043.0822,309.8553281,451,2702
65059806,8.5,9200,71000242,160888.754,617672.7125,441.7369856,547,3880
52676089,9.61,9200,71000242,160958.7395,618164.0696,238.1376198,574,3118
52676096,9.29,9200,71000421,160218.8425,621703.4111,186.2859381,746,4120
53364892,5.93,5312,71000316,158922.0993,618628.3873,478.54201,347,1529
52676127,4.89,9200,71000242,160923.2603,618162.9997,191.3161107,504,2983
52676135,4.02,9200,71000243,160211.2063,618410.8707,114.9804448,412,2364
52675650,9.78,9200,71000316,159012.6436,618622.8154,303.471764,301,1288
52675677,9.1,9200,71000423,159381.8608,621864.7191,323.3122418,767,4625
52675762,5.09,9200,71000242,159777.4963,618144.5635,195.0018745,346,1891
53417954,8.51,9200,71000122,158836.9131,621089.4167,277.0035897,520,2873
53417275,15.49,9200,71000322,157757.2228,618541.518,584.6292354,506,2708
52960853,4.3,9200,71000242,160418.0649,618139.3059,524.9503945,399,2409
52961305,9.59,9200,71000314,158556.6378,618270.1442,503.8394759,444,2094
52960616,4.61,9200,71000111,158983.22,620182.9307,75.18027331,412,2234
52710934,8.2,9200,71000421,160155.0288,621732.6268,250.9426633,740,4070
52724559,9.2,9200,71000242,160092.8442,618025.6938,158.3042452,422,2285
52725670,4.85,5312,71000316,158920.3429,619001.0978,398.0154069,229,997
53373795,10.9,9200,71000426,160386.5958,621510.3768,201.1929757,696,3649
52726056,4.755,9200,71000242,160244.3251,618047.5428,319.5431774,438,2406
52726065,7.08,5312,71000316,158914.5304,618662.8236,510.7674566,341,1479
53371156,6,9200,71000242,160500.5582,617744.5312,421.7216157,507,3094
53371162,7.16,9200,71000416,160624.7345,622198.8188,323.550372,913,4860
52712683,31.33,9200,71000421,160268.1047,622093.3708,600.4100712,823,4674
52712093,4.52,9200,71000423,159483.3289,621593.6203,337.6167866,609,3495
52712094,4.39,9200,71000242,160880.1764,618168.9946,285.317974,506,2971
52712096,10.34,9200,71000313,158553.6787,618076.7323,572.0636056,411,1862
52726125,7.3,9200,71000122,159024.6426,621107.936,397.9734581,505,2808
52726215,4.37,9200,71000242,159976.7826,617721.7705,246.8095565,422,2422
52713784,16.08,9200,71000322,157739.1839,618296.4956,630.3911289,440,2558
52727287,5.19,9200,71000423,159006.1954,621859.783,322.0025561,663,3986
53373171,7.8,9200,71000243,160691.7732,618489.1859,333.9089845,429,2199
52727377,7.18,9200,71000423,159525.1488,622328.0537,279.7335263,715,4312
52728806,3.94,9200,71000243,160291.7226,618411.4574,312.4131562,398,2399
52728807,5.25,5310,71000243,160485.2613,618410.5764,440.8596835,378,1898
52713202,9.29,9200,71000426,160355.7349,621524.8599,174.7789088,696,3645
52713286,8.22,9200,71000423,159139.4125,622220.9647,359.2668213,704,4462
52714303,4.355,9200,71000242,160894.7597,618036.6586,418.1460514,501,2990
52714289,9.3,9200,71000122,158545.5938,621266.9512,348.5362963,601,4139
52714514,15.35,9200,71000323,157729.3381,618174.5851,791.5072874,427,2139
52714517,5.37,9200,71000242,159753.2219,618088.1999,193.5611626,334,1857
52714520,6.35,9200,71000122,158940.6849,621366.0515,287.1140618,554,3701
52714588,23.82,9200,71000426,160405.8102,621898.8388,523.4891477,804,4222
53371762,8.42,9200,71000316,158511.2264,618624.9544,519.5061337,245,1165
52714725,3.7,9200,71000242,160932.5423,618077.9042,273.0874727,523,3103
52728179,9.1,9200,71000243,160240.8056,618624.7881,265.0905156,347,1649
52697393,3.37,9200,71000243,160829.9474,618550.1776,234.1010729,469,2362
52697487,7.79,9200,71000243,160392.8937,618470.4372,271.1964994,367,1788
52697560,7.44,5312,71000323,157770.1779,617889.8034,992.5875924,471,2292
53367857,5.91,9200,71000243,160046.3665,618603.379,333.2040453,333,1556
52714057,3.3,9200,71000242,160657.061,618138.7998,346.0401286,444,2665
64915482,4.7,9200,71000242,160304.3836,618140.4082,867.9316999,404,2311
52714130,7.21,6512,71000423,159692.908,621756.3352,514.6631331,614,3563
52714175,6.91,9200,71000424,160124.2639,621586.5045,189.7046099,688,3951
52714212,4.06,9200,71000314,158281.4551,618227.8842,336.1470694,421,1900
53371698,3.6,9200,71000314,158482.1419,618226.5901,432.7635428,428,1925
52715520,4.05,9200,71000243,160740.9167,618523.2584,330.6429556,428,2221
52697670,3.88,9200,71000423,159427.7909,622121.9174,445.4340878,719,4313
65059966,5.315,9200,71000243,160654.4352,618596.0495,459.1419344,424,2192
53416114,7.95,9200,71000325,157313.9516,618333.8652,246.8779362,480,2982
52961584,9.65,9200,71000122,158277.7576,620503.5376,584.9149466,426,2672
52725272,8.09,9200,71000426,160478.4296,621758.2262,178.0590162,776,4156
52725476,6.89,9200,71000242,160026.8764,618023.4511,214.1968427,404,2221
52725507,7.01,9200,71000423,159658.1578,621879.9686,375.4268773,651,3858
52726471,9.11,9200,71000426,160330.7211,621444.5136,174.1131204,702,3729
52726482,8.32,9200,71000426,160495.209,621724.4654,230.6074397,841,4349
52726490,5.475,9200,71000242,160576.4018,617994.9465,507.0818402,464,2814
52726537,24.12,9200,71000424,159793.8224,621508.7274,467.8846743,708,3993
52726951,13.52,9200,71000322,158122.4284,618621.2627,759.4024489,359,1720
52742798,8.82,9200,71000316,158944.9047,618562.1969,376.1156924,255,1146
52742100,8.28,9200,71000316,159042.1886,618950.9118,320.2055782,211,863
52742174,20.94,9200,71000422,159918.0429,622124.8122,581.1908718,709,4291
52742364,8.11,9200,71000243,160447.0449,618576.0084,202.356086,378,1867
52742301,3.75,9200,71000325,157472.0931,618637.0106,188.4792469,439,2609
52726337,9.21,9200,71000423,159533.8735,621153.6697,212.4285945,580,3339
64915276,4.805,9200,71000242,160920.548,617839.3122,356.2220013,532,3111
52727744,8.91,9200,71000421,160117.9769,621660.6117,238.7634943,688,3939
52727769,8.29,9200,71000242,160202.4426,617902.2082,158.4989954,405,2414
52727776,9.4,9200,71000242,160760.6067,617690.7573,305.4443722,521,3107
52727821,4.475,9200,71000242,159945.0481,617900.6053,254.3256039,382,2175
53373257,4.86,9200,71000325,157271.3504,618409.2477,256.3284475,461,2895
52727909,8.53,9200,71000316,158488.6671,618569.3771,627.9745019,317,1619
53376875,4.52,9200,71000243,160726.4701,618632.3856,382.3884159,451,2293
52743225,6.61,9200,71000243,160282.7736,618641.8842,339.0671779,351,1686
52743329,6.9,9200,71000243,160465.453,618630.8194,198.1795008,392,1929
52728821,22.41,9200,71000423,159355.1555,622059.0894,527.9320276,715,4163
52744192,14,5521,71000426,160360.512,621761.3234,498.0982326,758,4012
52745466,9.9,6520,71000224,161882.6325,619091.5528,971.3870722,528,3281
52745498,7.8,9200,71000426,160283.8121,621581.1108,85.28477142,703,3725
52745506,7.9,9200,71000426,160407.7048,621662.8802,157.1238029,718,3754
53377295,5.04,9200,71000323,157740.0329,617673.2421,356.8067995,525,2605
52745628,9.64,6520,71000311,159340.5059,618767.3124,2161.599919,199,754
53374206,6.61,9200,71000242,160068.2336,617684.7491,260.556629,437,2554
52728293,30.76,9200,71000112,158809.0556,619627.3151,451.0421405,285,1180
52728306,8.3,9200,71000423,159094.1635,621855.0289,248.81456,691,3986
52728314,7.82,9200,71000426,160482.0693,621945.2418,296.4377153,796,4416
52729707,10.39,6520,71000113,158607.9098,619432.613,677.5921156,214,896
52729712,15.33,9200,71000322,157786.7466,618490.8389,605.5655859,421,2373
53374462,10.55,5521,71000316,158721.9963,618577.8968,330.4432021,303,1405
52729759,4.95,5253,71000311,159201.6007,618425.4127,671.6949065,283,1303
52729894,8.68,9200,71000426,160590.9323,621877.3197,234.301559,835,4603
52746442,11.83,9200,71000223,161299.9216,619455.4472,887.6419212,576,3794
52746445,3.95,9200,71000316,159126.3078,618997.2395,454.2445163,219,861
52746450,4.07,9200,71000232,161020.7097,621096.295,179.8475327,648,3765
52715507,7.59,9200,71000423,159511.1746,622287.5637,244.9954603,705,4258
52715550,31.33,9200,71000424,160042.7586,621398.2373,447.0929862,600,3669
52715555,5.74,9200,71000325,157424.3207,618247.1763,211.7799448,522,2987
52715712,10.11,9200,71000315,158369.1397,618433.9838,541.8904807,288,1454
53371971,46.12,9200,71000423,159763.1762,622282.6665,585.5067226,701,4223
52715795,3.81,9200,71000243,160625.6018,618552.1506,163.8934724,413,2146
52729107,7.205,9200,71000242,160235.1948,617829.8944,249.6830861,439,2471
52729162,30.44,9200,71000422,159918.4854,621944.5773,520.7041885,812,4307
52730367,7.81,9200,71000424,160119.2378,621492.1656,155.2078219,736,4134
52730418,10.04,9200,71000423,159140.8201,621975.8517,326.607546,666,4128
52715812,4.95,9200,71000242,160718.4296,617783.6553,308.3549045,517,3055
52714933,3.66,9200,71000325,157491.1584,618610.8045,225.3117083,364,2304
52714935,8.8,9200,71000243,160300.3739,618612.8012,238.3550046,403,1959
52714937,7.31,5740,71000243,160691.7795,618464.811,268.4792884,425,2174
53371839,8.03,9200,71000423,158848.7085,621612.308,233.7202093,667,4478
52715146,6.61,9200,71000426,160190.7245,621311.3864,267.952947,747,4017
52715149,24.05,5900,71000121,158854.8702,622045.6327,5205.213503,656,4340
52962950,9.86,9200,71000315,158872.6636,618530.4281,386.7869276,263,1204
52742319,4.6,9200,71000325,157371.9768,618342.8338,206.0820975,473,2842
52742323,7.9,9200,71000243,160157.1648,618647.5904,213.0905504,332,1547
52743429,5.6,9200,71000243,160398.6636,618719.3049,342.5499409,373,1805
52743719,24.55,9200,71000322,157827.0039,618637.1658,335.3910326,382,2142
53376968,3.61,9200,71000325,157515.3074,618501.115,200.5885597,377,2365
52743734,4.41,9200,71000243,160692.5753,618575.255,323.5685966,438,2235
52743269,6.21,9200,71000243,160327.1277,618506.7319,391.4227566,360,1718
52744619,7.2,9200,71000242,160080.7812,617820.3223,271.9666641,421,2396
52744651,5.9,6520,71000222,160872.2747,619186.5593,464.544409,395,2190
61237806,6.6,9200,71000423,159614.11,621487.2318,402.168093,630,3570
52744103,5.11999954,6520,71000222,160751.7375,619202.2856,678.9953648,432,2253
52744106,7.85,9200,71000423,159222.51,621485.2197,381.320637,611,4144
53377043,8,9200,71000423,159035.6511,621950.8867,355.9185333,672,4071
52744167,3.15,9200,71000243,160801.2525,618495.402,333.9541096,445,2274
52744176,6.22,9200,71000325,157564.2089,618784.7839,324.7754787,435,2347
52744178,8.17,9200,71000243,160161.0532,618400.4936,476.2205431,417,2407
52755424,6.8,9200,71000122,158572.1966,621230.4062,343.1893829,566,3098
52745042,6,9200,71000122,159092.4024,621210.0821,268.3192903,525,2916
52746291,24.57,9200,71000321,158325.513,618514.4178,326.2556933,303,1536
52757722,11.31,5202,71000223,161321.1614,619595.6778,577.9620529,636,3592
52757729,9.3,9200,71000423,159585.2873,621549.8015,361.3169673,625,3541
52757736,4,9200,71000242,160946.3135,617987.9182,190.3522078,514,3052
52746523,7.1,9200,71000232,160915.4666,621116.8124,189.8639338,664,3743
52745919,8.07,9200,71000316,158945.4472,618928.1867,389.8242537,251,1028
52745946,8.69,9200,71000243,160470.3778,618762.612,378.9621136,411,2031
52745952,7.85,6520,71000224,161942.9431,619085.169,1195.604636,580,3426
53376497,8.26,6512,71000316,158534.6631,618548.8109,376.0403973,309,1564
52745992,6.1,9200,71000243,160692.2337,618622.7186,306.623843,449,2283
52730797,14.8,9200,71000223,161352.1229,619414.0581,1013.229624,538,3021
52729930,32.34,9200,71000424,159975.2667,621477.426,565.6377107,741,4144
52730088,4.125,9200,71000242,160822.8639,618084.0266,418.2227267,483,2870
52730160,6.06,9200,71000323,157638.043,617874.903,353.4583627,486,2381
52730132,6.39,9200,71000242,160272.2336,617882.6887,197.9814357,416,2490
52715138,7.88,9200,71000325,157301.7182,618454.4788,359.2035364,461,2911
53374749,7.2,9200,71000424,160198.6548,621565.2019,152.0214118,719,3812
52731486,4.84,9200,71000242,159784.3966,617998.6993,194.0097115,349,1960
52731512,5.64705882,9200,71000314,158199.3623,618077.294,471.3073458,562,2697
52731631,7.82,5521,71000316,158779.3909,618637.6478,673.7415061,325,1501
52731777,5.22,9200,71000122,158615.8138,621389.6705,219.0409861,587,3978
52730861,8.71,9200,71000423,159420.7329,621277.4595,381.1810201,639,3501
52974425,9.2,9200,71000243,160256.7914,618642.9402,155.5179152,350,1673
52755944,34.73,9200,71000424,159935.2067,621509.4392,521.2517064,704,3920
52755974,9.73999939,5521,71000424,159750.6846,621675.9498,189.6090935,714,3966
52756781,9.4,9200,71000424,160163.324,621453.2685,153.0774295,746,4212
52756824,3.83,9200,71000323,157615.5495,617912.7209,200.4528129,497,2401
52756275,4.2,9200,71000242,160973.5001,617974.3671,289.305558,529,3133
53378364,5.64,9200,71000423,159485.3224,621624.8015,474.1529434,612,3526
52757273,6.35,9200,71000242,160125.7791,617994.6599,310.5642497,481,2608
52757286,9.4,9200,71000122,158679.4497,621253.9996,261.5788736,563,3114
52759117,8.7,6520,71000224,161867.6114,619429.4197,470.6627889,541,3538
65059820,6.455,9200,71000243,160583.9115,618604.0717,496.3340243,431,2233
53374071,3.73,9200,71000242,160838.0887,617980.7182,199.8751035,503,2987
52732366,7.2,9200,71000242,160567.1545,617629.6875,524.3598966,520,3189
52732426,8.9,6520,71000224,161936.6517,619344.4136,793.7483868,541,3498
52759219,14.68,9200,71000322,158206.3247,618422.8237,705.4721442,396,2018
52760405,4.21,9200,71000243,160026.1875,618617.8728,222.8389566,333,1556
52760062,6.11,9200,71000426,160376.2258,621572.7462,176.7116793,705,3658
52760171,3.77,5305,71000422,159911.0538,621750.1059,340.2782522,670,3789
52761406,31.17,9200,71000421,160333.6946,621892.2884,664.0040904,775,4105
53380167,8,9200,71000426,160450.1043,621684.2151,183.4955803,723,3788
52761550,30.86,9200,71000424,160008.1605,621406.3891,514.7706822,586,3627
52761621,8.59,9200,71000426,160610.5125,621870.8261,292.2157131,837,4617
52761593,5.78,9200,71000424,159715.2077,621414.8493,158.7280484,578,3443
52792301,7.7,9200,71000426,160300.6183,621540.758,238.1878816,702,3701
52794507,7.31,9200,71000424,159728.1444,621615.3305,188.6690785,716,4083
52792445,6.87,9200,71000424,159990.4828,621529.7037,417.6127374,734,4110
53385955,8.11,9200,71000426,160363.3981,621444.8529,172.3704743,702,3718
52793808,7.2,9200,71000424,159734.6745,621631.5123,190.9492058,718,3967
52795749,11.81,9200,71000232,160880.7056,620909.8996,377.3952947,657,3860
52795804,4.74,9200,71000414,159262.4581,622606.3161,240.3855432,761,5358
52801961,5.9,9200,71000231,161032.2992,620662.3993,169.3168555,684,3599
52661120,5.51,9200,71000325,157412.8475,618331.5899,190.4379013,480,2870
64915797,3.8,9200,71000243,160660.1645,618570.6188,212.3606541,425,2197
52661167,12.94,9200,71000414,159782.5765,623182.1176,256.0481008,808,6145
52661201,7.51,9200,71000232,160441.3379,621017.8886,187.716007,596,3349
52661253,6.12,5900,71000121,157358.0363,619770.0968,992.1293982,477,2674
52660187,4.7,5305,71000314,158165.1368,618242.1251,294.7972954,346,1687
52660206,27.62,9200,71000313,158771.6777,618178.0158,486.5429034,334,1568
52660213,4.34,9200,71000323,157729.7279,617525.045,561.9239321,574,2795
52660244,15.64,9200,71000323,157790.1473,617707.7423,592.9757326,525,2598
52660251,5.95,9200,71000242,160165.7183,618078.057,275.8026878,460,2487
52660289,10.4,9200,71000423,158787.8908,621467.5872,152.9841493,608,3495
52659800,3.31,9200,71000315,158652.6169,618366.8794,243.4780423,353,1586
52659816,5.2,9200,71000325,157499.1091,618590.3958,171.0583777,370,2325
52661048,6.39,9200,71000232,160678.828,621022.6591,171.246142,659,3785
52660657,6.22,9200,71000231,160236.8073,620495.0022,195.9751621,533,2730
53362468,11.53,6520,71000123,159285.5522,621035.3479,292.9112757,478,2582
52673296,8.2,9200,71000243,160437.4566,618629.1866,349.2903587,375,1864
52661768,5,9200,71000242,160159.5371,618025.2227,344.6955204,472,2576
52661882,3.41,9200,71000242,160867.1752,618027.7357,265.5286461,493,2962
52956889,5.32,9200,71000243,160269.4144,618569.3999,220.5441302,407,1999
52958336,5.71,9200,71000123,159127.1287,620531.1091,249.0667759,419,2233
52669433,9.2,9200,71000243,160512.866,618707.0511,538.9394835,467,2300
52669694,32.05,9200,71000421,160314.1457,621836.6132,433.4083764,758,4237
52672351,5.85,9200,71000232,161131.6634,621029.8374,193.5493865,657,3946
52674185,8.18,9200,71000315,158679.2531,618419.8088,418.9983274,326,1579
52662056,6.32,9200,71000122,158731.7098,621083.5148,241.8902203,493,2731
52662132,7.32,9200,71000426,160591.3274,621817.7667,327.2310865,845,4646
52662090,6.91,6520,71000224,161902.4495,619243.6701,926.5422818,583,3483
52674232,4.75,9200,71000242,160592.0287,617615.681,506.2047626,558,3292
52674246,8.3,9200,71000426,160444.0865,621668.2289,207.7893644,720,3771
52674368,8.2,6520,71000224,161694.6146,619397.4233,639.4838806,589,3627
52673634,6.78,6640,71000421,160213.8342,621840.764,1487.539964,780,4306
52673825,5.7,5305,71000425,159807.7741,621103.3242,305.0962983,548,3293
52662210,8.71,9200,71000112,158160.1445,620280.804,813.2856312,379,2052
52661655,7.7,9200,71000122,158874.8256,621018.5463,239.0093453,534,2942
53362238,4.71,9200,71000242,160806.4394,618260.0079,288.643414,536,3133
52968219,9.12,9200,71000315,158478.2835,618526.6858,525.7419588,315,1608
52968241,6.14352941,5521,71000314,158141.3542,618076.7136,474.8381516,567,2718
53368107,7.6,9200,71000423,159622.8263,621599.4677,385.2939146,635,3623
52684093,14.23,9200,71000322,157795.9233,618236.015,748.5858196,444,2227
52684195,9.31,9200,71000243,160756.3884,618649.5796,607.6285953,471,2351
52685418,4.05,5300,71000242,161054.7659,618251.3724,454.2512444,530,2975
52685434,3.31,9200,71000242,159752.5072,618104.1344,191.1422765,356,1962
52685467,4.81,9200,71000242,160214.9612,618049.01,354.1476802,446,2436
52685486,4.05,9200,71000242,159830.937,618104.1989,166.5263296,346,1915
61232172,4.81,9200,71000122,158364.7028,620396.7635,111.3127178,549,2970
61232173,6.44,9200,71000122,158348.6134,620363.3558,176.5725422,552,2985
61232174,8.385,9200,71000122,158325.1512,620363.1599,382.2353546,557,3008
61232175,8.525,9200,71000122,158296.6801,620364.7448,405.4351262,561,3034
61232176,8.7,9200,71000112,158336.7458,620329.9883,128.8885937,414,1959
61232177,8.7,9200,71000112,158320.2887,620330.1585,134.6599247,421,1979
61232178,9.105,9200,71000122,158293.0395,620402.5586,137.9008453,450,2742
61232179,10.255,9200,71000122,158267.0701,620366.0751,335.5677454,459,2781
61232180,6.185,9200,71000122,158390.8597,620361.5031,105.7722168,543,2940
61237727,8.825,9200,71000214,159814.1358,619936.7698,663.2887992,343,1856
61237728,8.825,9200,71000214,159776.4963,619920.9211,784.7367773,337,1832
61237730,8.825,9200,71000214,159748.6014,620008.3744,556.9188312,353,1978
61237731,8.825,9200,71000214,159793.6316,620000.4264,404.5102069,347,1933
61237732,12.325,9200,71000214,159826.2334,619988.7281,451.8481234,334,1857
61237733,18.525,9200,71000214,159899.5425,620053.4965,739.0186755,347,1930
61237737,18.525,9200,71000214,159780.7903,620131.0587,692.6361516,397,2127
61237738,18.525,9200,71000214,159823.2899,620119.54,514.3785589,397,2125
61237739,18.525,9200,71000214,159865.1825,620100.8225,426.963508,353,1975
61237740,20.56,9200,71000214,159804.5938,620200.116,808.0548834,410,2128
61237741,21.005,9200,71000214,159824.4503,620242.6552,896.3041118,416,2173
61237742,19.495,9200,71000214,159839.1409,620177.9106,470.2862107,409,2120
61237743,19.495,9200,71000214,159859.962,620225.2753,540.0343302,416,2175
61237744,19.495,9200,71000214,159893.7757,620181.7871,843.0199674,365,2055
61237745,19.625,9200,71000214,159946.1735,620257.0734,1129.530795,380,2142
61237746,21.5,9200,71000214,159894.5231,620273.1477,672.9817389,432,2382
61237747,21.5,9200,71000214,159922.8746,620306.8278,738.3025904,422,2337
61237748,21.14,9200,71000214,159964.5546,620349.9135,578.4578413,420,2316
61237772,10.315,9200,71000123,159732.9496,620302.1179,537.4794376,394,2147
61237773,15.355,9200,71000123,159749.5916,620334.8316,555.0869927,425,2238
61237774,18.795,9200,71000123,159774.8435,620379.4254,557.95412,425,2236
61237776,15.77,5305,71000214,159931.3227,619888.7419,838.8392192,324,1787
61232500,8.255,6520,71000123,159811.3571,620720.7335,1068.393031,419,2462
61232501,18.795,9200,71000123,159889.5833,620522.1776,707.1513856,378,2294
61232502,20.165,6512,71000123,159847.3266,620562.1267,1751.18452,408,2304
61232513,14.12,9200,71000425,160041.0679,620878.4921,266.8626456,533,2988
61232514,12.28,9200,71000425,159915.1274,620839.6858,427.3387376,531,3321
61232515,20.295,9200,71000425,159933.2619,620814.6899,483.1710428,532,3324
61232516,6.09,9200,71000231,160198.9407,620693.8555,543.1612463,571,2938
61232520,7.09,9200,71000231,160168.7261,620606.9331,307.7384833,549,2802
61232521,6.605,9200,71000231,160201.2702,620582.718,534.4561149,527,2756
61232522,5.39,9200,71000231,160246.3107,620650.8144,656.3296967,541,2833
61232523,5.39,9200,71000231,160220.1487,620621.435,911.5582431,535,2797
61232524,5.935,9200,71000231,160223.514,620722.9148,530.4277475,570,2936
61232525,5.635,9200,71000231,160252.9359,620703.8559,305.7047029,586,3081
61232526,5.635,9200,71000231,160273.4427,620676.5776,540.6799895,545,2869
61232527,6.09,9200,71000231,160170.8329,620660.731,508.0053337,569,2862
61232528,7.51,5305,71000424,159926.0066,621240.6566,464.8633306,563,3371
61232537,13.31,7600,71000213,160446.2549,619846.5856,867.2955972,403,2304
61232599,22.81,9200,71000121,158093.7633,620855.5192,1704.360428,603,3425
61232603,7.215,9200,71000121,158028.0672,620630.7084,560.6875466,509,3048
61232604,8.565,7600,71000122,158330.5722,620455.6088,597.9627061,527,2859
61232552,5.26,9200,71000122,158597.0181,621329.3898,290.1210225,610,4083
61232553,7.5,9200,71000122,158517.7043,621262.8889,313.6105317,603,4159
61232563,3.96,5900,71000121,157719.4856,620021.8787,55.48897275,426,2382
61232564,3.96,5900,71000121,157709.1324,620038.7734,56.76531055,426,2382
61237734,16.59,9200,71000214,159849.1375,620055.3104,353.7204562,346,1925
61237735,16.59,9200,71000214,159807.9515,620075.3599,593.0271183,411,2172
61237736,17.115,9200,71000214,159768.8787,620091.5745,603.5926166,410,2169
61237749,21.04,9200,71000214,159990.6924,620385.185,445.2603573,436,2360
61237750,21.14,9200,71000214,159947.1094,620392.3158,1436.500131,429,2339
61237751,10.15,9200,71000123,159711.3079,620258.0558,538.5096333,384,2088
61232503,18.795,9200,71000123,159854.4335,620484.697,664.2990567,419,2314
61232504,9.7,9200,71000123,159606.9626,620518.3746,228.6420613,392,2175
61232505,6.44,9200,71000123,159489.73,620499.1166,248.0117827,384,2065
61232506,6.16,9200,71000123,159504.0515,620516.3745,321.3759721,373,2066
61232508,7.2,9200,71000423,159426.5589,621222.0492,425.8216765,650,3553
61232605,9.36,9200,71000122,158356.5,620491.9539,629.5203164,527,2861
61232606,23.52,9200,71000122,158302.9444,620533.9869,668.9519943,521,2870
61232607,8.46,9200,71000122,158313.809,620403.1756,448.8650793,559,3021
64916835,13.84,9200,71000122,158480.2178,620661.9955,1211.653228,476,2601
64916836,13.84,9200,71000122,158432.0996,620695.6166,1204.538025,533,2865
61232611,7.655,5201,71000123,159143.2479,620609.9528,47.43470556,411,2183
61232612,6.37,9200,71000122,158852.571,621164.0821,357.89863,527,2913
61232613,6.08,9200,71000122,158870.5972,621188.4019,381.6578272,527,2914
61232551,5.26,9200,71000122,158571.8062,621348.2334,302.1207075,608,4070
61232565,25.63,9200,71000114,158003.0448,619835.5004,605.7327443,416,2323
61232567,25.63,9200,71000114,158016.7548,619801.7765,650.4158143,447,2432
61232568,15.42,5305,71000114,158171.3976,619759.7289,320.9470081,311,1523
61232166,20.145,9200,71000112,159153.5003,619697.8787,788.4471904,242,950
61232167,16.305,9200,71000112,159193.0138,619718.1974,643.8008936,250,995
61232168,5.8,9200,71000111,159214.8707,620068.7165,621.9765348,325,1306
61232169,7.205,9200,71000111,159056.8241,620068.1558,168.3730847,289,1110
64754400,9.32,9200,71000415,160431.1225,622335.9219,524.2909545,851,4824
61232170,16.75,6520,71000111,159114.324,620245.4632,1314.616471,385,2035
61232171,4.81,9200,71000122,158383.0837,620395.832,143.9577598,541,2926
64754602,4.155,9200,71000242,160408.6353,618098.1308,429.0259368,429,2446
64754603,3.925,9200,71000242,160429.5077,618101.8435,183.5743121,428,2495
64754604,4.455,9200,71000243,160365.1202,618272.9229,322.7654835,431,2449
64754605,5.225,9200,71000242,160466.9039,617833.066,99.61194213,530,3203
66705378,18.285,9200,71000412,160669.4456,623030.646,146.8144047,709,4179
64916798,6.87,9200,71000426,160162.686,621195.3388,1412.337154,789,4248
64754404,2.7252,9200,71000123,159281.741,620632.4733,203.6634046,415,2182
61233645,18.285,9200,71000412,160294.078,622867.0277,185.5226914,898,5342
61233866,18.285,9200,71000412,160467.3446,622982.7329,180.3806928,885,5421
61233867,12.92,9200,71000412,160629.9391,622954.4252,178.0818008,939,5656
61233869,18.285,9200,71000412,160171.3949,623028.2331,265.2576142,847,5113
61233646,12.92,9200,71000412,160285.9987,622852.4247,147.5678762,912,5396
61233647,12.92,9200,71000412,160331.5186,622865.9974,129.2466895,899,5399
61233648,12.92,9200,71000412,160322.6525,622852.4458,187.4624338,902,5415
61233649,12.92,9200,71000412,160317.4123,622836.7921,93.32197332,906,5431
61233650,18.285,9200,71000412,160345.8465,622896.6305,185.9381838,890,5365
61233651,18.285,9200,71000412,160353.6623,622911.6887,161.5043165,884,5348
61233652,18.285,9200,71000412,160327.2454,622925.5143,150.5540788,876,5275
61233653,18.285,9200,71000412,160334.3352,622940.2107,166.0881939,870,5258
61233654,18.285,9200,71000412,160369.7021,622940.3985,141.3822975,863,5278
61233655,18.285,9200,71000412,160388.5002,622891.4286,165.0608938,884,5350
61233656,12.92,9200,71000412,160374.0972,622862.0768,177.4058314,894,5382
61233657,12.92,9200,71000412,160359.3354,622832.3179,224.9284222,902,5415
61233692,13.52,9200,71000412,160327.0885,622794.5394,119.10529,916,5459
61233694,13.52,9200,71000415,160286.194,622785.9428,213.0492645,881,5097
61233695,13.52,9200,71000415,160237.6658,622774.9925,206.6917896,939,5258
61233696,13.52,9200,71000415,160238.4033,622746.0831,165.473888,874,4918
64916988,13.52,9200,71000415,160261.5661,622761.186,246.4586858,883,5107
61233698,4.5,5710,71000321,158345.5067,619176.4084,294.2041995,262,930
61233699,7.7,6520,71000224,162088.4885,619159.7031,1440.954915,570,3598
61233700,8.805,6520,71000224,162131.9431,619238.9213,1475.635167,576,3645
61233701,8.3,6520,71000224,162110.1196,619199.5766,1447.128012,570,3598
61233702,6.39,6520,71000224,162156.582,619358.5912,1003.610247,604,3853
61233703,5.63,6520,71000224,162259.1894,619368.2464,983.5583933,603,3850
61233704,10.525,6520,71000224,162244.9143,619650.3672,211.1191083,576,4032
61238270,6.805,6520,71000224,162052.1694,619677.0447,56.322468,557,3836
61233870,18.285,9200,71000412,160162.9246,623012.6752,188.4354975,852,5131
61233871,18.285,9200,71000412,160154.9301,622999.6595,206.9581888,855,5146
61233872,18.285,9200,71000412,160148.7178,622985.2675,181.6137452,858,5162
61233873,18.285,9200,71000412,160140.9789,622971.7859,187.8976114,861,5178
61233874,18.285,9200,71000412,160133.3332,622957.5065,176.198245,865,5194
61233875,18.285,9200,71000412,160168.7245,622934.9268,181.9741922,866,5196
61233876,18.285,9200,71000412,160185.496,622962.451,117.3638274,858,5164
61233628,18.285,9200,71000412,160191.3299,622978.9057,229.6244495,855,5147
61233629,18.85,9200,71000412,160203.692,622934.5952,211.1011105,880,5258
61233630,18.285,9200,71000412,160200.4428,622993.0709,186.0046024,852,5130
61233631,18.285,9200,71000412,160206.8059,623008.9477,188.8471664,847,5113
61233632,18.85,9200,71000412,160227.7697,622978.9284,134.6391889,865,5207
61233633,18.285,9200,71000412,160214.084,623023.4714,183.3677514,834,5102
61233634,18.85,9200,71000412,160244.1654,623008.8923,202.4190691,840,5135
61233635,18.85,9200,71000412,160278.47,622989.8281,227.1298043,847,5174
61233636,18.85,9200,71000412,160270.9021,622974.4462,204.4864703,860,5189
61233637,18.85,9200,71000412,160297.7682,622959.5837,171.9633141,870,5259
61233638,18.85,9200,71000412,160256.8807,622944.1975,177.8608528,869,5223
61233639,18.85,9200,71000412,160273.2416,622916.1951,181.0493188,888,5309
61233640,18.285,9200,71000412,160266.4287,622900.9603,221.0189573,894,5326
61233641,18.85,9200,71000412,160223.3558,622885.6775,229.5199156,899,5325
61233642,18.285,9200,71000412,160251.8352,622871.6255,174.5603689,903,5357
61233643,18.285,9200,71000412,160260.3352,622885.0933,165.4739039,898,5343
61233644,18.285,9200,71000412,160303.0952,622881.3998,192.7666801,894,5325
61233799,18.285,9200,71000412,160433.3033,622961.2268,198.9243983,938,5721
61233800,18.285,9200,71000412,160407.2941,623016.0951,179.3085681,933,5768
61233801,12.92,9200,71000412,160432.5486,623003.0816,165.2599576,936,5704
61233802,12.92,9200,71000412,160441.0988,623017.5943,202.4291614,933,5687
61233803,18.285,9200,71000412,160415.379,623031.5816,181.3729118,943,5756
61233804,18.285,9200,71000412,160423.7585,623046.6164,181.8324185,940,5738
61233805,12.92,9200,71000412,160448.9425,623033.7424,187.7875289,931,5669
61233841,18.285,9200,71000412,160432.4287,623062.2928,179.2785964,938,5720
61233842,18.285,9200,71000412,160440.1539,623078.7233,199.5787336,935,5702
61233843,12.92,9200,71000412,160465.3578,623064.4098,176.4868108,926,5635
61233844,18.285,9200,71000412,160447.7033,623093.7538,197.6755659,933,5686
61233846,12.92,9200,71000412,160474.7702,623080.0622,216.7294848,923,5616
61233847,12.92,9200,71000412,160481.7353,623094.8584,238.7987602,924,5601
61233848,18.285,9200,71000412,160420.0781,623129.436,191.3534647,938,5672
61233849,18.285,9200,71000412,160413.8468,623115.3902,167.4734607,933,5684
61233850,18.285,9200,71000412,160463.4558,623150.684,173.8569463,927,5654
61233010,6.035,9200,71000424,159811.4969,621467.7071,133.1965996,588,3479
66707373,18.285,9200,71000412,160462.919,623191.8511,102.8725339,721,4248
61233852,18.285,9200,71000412,160479.1409,623175.4425,183.0370107,930,5680
66701184,18.285,9200,71000412,160503.9575,623145.9187,187.1785059,716,4220
61233854,12.92,9200,71000412,160508.9984,623060.0373,211.6491019,903,5508
61233855,12.92,9200,71000412,160517.0146,623075.7329,171.3714293,905,5526
66700561,18.285,5521,71000412,160574.7085,623084.4179,230.1972919,711,4190
61233862,18.285,9200,71000412,160616.0968,623097.1545,227.7078581,947,5735
61233863,18.285,9200,71000412,160661.0343,623076.7272,177.825338,939,5687
61233864,18.285,9200,71000412,160635.4806,623039.2128,196.1050418,936,5664
61233865,18.285,9200,71000412,160475.7406,622998.4836,222.0341752,889,5439
61232705,8.54499962,5300,71000211,160477.3549,619226.3513,432.029435,368,2028
61232706,6.59499962,9200,71000211,160462.0034,619098.0339,586.4060603,337,1690
61232708,6.88,9200,71000212,159890.258,619256.551,239.0960065,326,1445
61233688,18.285,9200,71000414,160079.3881,623026.313,139.8699759,812,4909
61233689,18.285,9200,71000414,160083.6931,623045.0475,203.4396976,809,4919
61233690,18.285,9200,71000414,160098.5022,623083.6244,141.0062933,813,4967
61233691,18.285,9200,71000414,160066.9048,623265.7348,234.7251337,869,5225
61233775,18.285,9200,71000414,160046.7853,623216.9461,225.8020656,890,5285
61233776,18.285,9200,71000414,160110.2062,623192.3362,189.2762637,868,5218
61233660,14.295,9200,71000414,159796.0194,622376.6851,136.8949404,764,4581
61233661,5.52,9200,71000414,159674.3821,622895.3966,223.5330597,760,5632
61233662,3.91,9200,71000414,159632.5338,622788.675,219.8806185,750,5517
61233663,3.91,9200,71000414,159598.7758,622777.7899,194.6183478,766,5561
61233777,18.285,9200,71000414,160142.977,623199.8917,164.3271693,845,5129
61233778,18.285,9200,71000414,160128.3462,623241.749,162.9282365,852,5160
61233779,18.285,9200,71000414,160127.1877,623346.0596,160.3255004,884,5293
61233780,18.285,9200,71000414,160160.8073,623313.432,181.6193603,879,5275
66700725,18.285,9200,71000412,160249.3301,623248.0845,89.9566482,718,4231
66700971,18.285,9200,71000414,160120.4071,623143.9349,133.4647592,694,4093
66702156,18.285,9200,71000412,160252.8897,623084.5301,219.5361207,692,4077
66706788,18.285,9200,71000412,160283.4761,623070.7814,239.5988361,691,4073
61233786,18.85,9200,71000412,160269.7048,623042.5036,141.6352147,853,5147
66707123,18.85,9200,71000412,160298.8058,623028.0452,140.8277298,685,4038
61233788,18.85,9200,71000412,160319.5041,623057.3706,164.2504433,867,5240
61233789,18.85,9200,71000412,160340.4812,623028.4182,170.3544124,866,5237
61233790,18.85,9200,71000412,160348.4972,623045.2701,215.6446751,867,5240
61233791,18.85,9200,71000412,160365.0183,623067.3812,196.2127474,917,5472
61233792,18.85,9200,71000412,160370.9385,623029.6827,179.4573578,944,5804
61233793,18.85,9200,71000412,160380.4652,623047.1248,199.0734551,944,5760
61233794,18.85,9200,71000412,160388.945,623065.071,185.7237367,940,5740
61233795,18.85,9200,71000412,160361.7199,623012.2959,239.2553155,939,5805
61233796,18.285,9200,71000412,160383.0529,622988.4476,158.9354018,934,5776
61233797,12.92,9200,71000412,160401.5573,622979.3428,213.9074604,931,5755
61233798,18.285,9200,71000412,160417.5725,622969.6097,183.4664429,929,5736
61233664,5.05,9200,71000414,159760.6341,622760.9147,224.6082552,832,6255
61233665,5.925,9200,71000414,159838.8667,622688.5262,242.584417,843,4969
61233666,7.105,9200,71000414,159883.9508,622693.2446,228.7577402,846,4989
61233667,7.105,9200,71000414,159877.305,622674.8538,202.8933485,843,4969
61233669,10.69,9200,71000414,159968.7211,622716.0388,233.5546024,847,4978
61233670,7.715,9200,71000414,159878.151,622792.1957,203.6476467,871,6422
61233672,18.285,9200,71000414,159986.1144,622906.3332,707.8093853,866,5081
61233673,18.285,9200,71000414,159920.4176,622930.8875,675.5435153,878,5147
61233674,13.355,9200,71000414,159852.2873,622957.3013,666.0286314,816,6109
61233675,6.935,9200,71000414,159781.7403,623016.8689,203.399227,892,5309
61233676,18.285,9200,71000414,159947.4705,622953.4186,169.732654,859,4903
61233677,18.285,9200,71000414,159971.985,622948.7227,129.6114758,860,5056
61233678,18.285,9200,71000414,160026.986,622971.3864,186.8557948,851,5016
61233679,18.285,9200,71000414,160042.5141,622942.3203,166.466134,803,4843
61233680,18.285,9200,71000414,160033.126,622986.6208,206.781248,848,5000
61233681,18.285,9200,71000414,159996.6739,623002.3522,209.9597853,847,4997
61233682,18.285,9200,71000414,159963.51,623004.535,441.3524908,861,5074
61233683,18.285,9200,71000414,160034.9093,623108.0959,137.2707423,857,5040
61233684,18.285,9200,71000414,160027.3043,623087.3549,176.209326,852,5018
61233685,18.285,9200,71000414,160019.665,623069.572,222.8192143,847,4999
61233686,18.285,9200,71000414,160011.9207,623051.7707,250.8823052,830,4981
61233687,18.285,9200,71000414,160052.0256,623035.7423,179.1064497,831,4939
61233749,4.345,9200,71000414,159422.0732,622825.8864,210.8000412,780,5683
61233750,4.345,9200,71000414,159388.0432,622816.0904,221.6430874,803,6112
61233751,4.345,9200,71000414,159407.4683,622789.0724,180.6823722,775,5642
61233752,4.87,9200,71000414,159410.5182,622690.4743,192.7369879,782,5702
61233753,4.87,9200,71000414,159441.4127,622677.2103,177.3181382,777,5630
61233754,4.87,9200,71000414,159308.8839,622727.4767,260.0598195,811,6148
61233755,4.87,9200,71000414,159326.8166,622763.7933,259.4695258,803,6113
61233756,4.87,9200,71000414,159340.3983,622692.6346,233.3050365,774,5459
61233757,4.87,9200,71000414,159316.4974,622629.5488,186.580149,766,5399
61233758,4.87,9200,71000414,159374.0015,622584.7258,243.7248904,753,5311
61233759,4.87,9200,71000414,159405.5895,622595.0015,193.8765093,744,5261
61233760,7.605,9200,71000414,159387.3304,622538.2425,207.9906384,731,5202
61233761,5.685,9200,71000414,159246.6065,622655.5976,157.217857,798,6167
61233028,5,7600,71000242,160265.8336,617973.8456,59.88074901,448,2466
61233742,4.9,9200,71000414,159559.7446,623090.5468,250.5284388,775,5813
61233743,4.49,9200,71000414,159578.6937,622930.9372,220.0756256,802,5948
61233744,4.49,9200,71000414,159614.8119,622937.7535,252.1043634,778,5753
61233762,4.345,9200,71000414,159474.8272,622848.3657,249.8261429,785,5724
61233763,4.475,9200,71000414,159531.6413,622803.5544,213.3389899,777,5628
61233764,4.475,9200,71000414,159501.225,622717.1618,165.9755769,754,5529
61233765,4.475,9200,71000414,159536.5089,622617.0243,230.3903596,735,5254
61233766,4.645,9200,71000414,159530.4617,622526.8849,165.2019015,721,5232
61233767,4.645,9200,71000414,159599.2846,622537.8125,176.5983528,781,4663
61233769,4.7,9200,71000414,159640.7815,622459.2074,145.414257,757,4540
61233770,5.245,9200,71000414,159669.948,622448.0604,231.6828541,791,4765
61233771,5.245,9200,71000414,159637.9364,622437.2959,188.2157722,744,4476
61233772,5.565,9200,71000414,159748.8997,622461.7046,264.1606224,799,4793
61233774,9.995,9200,71000414,159774.2431,622409.4307,225.4180145,806,4832
61233658,5.79,9200,71000414,159801.311,622398.3462,158.5707325,770,4611
61233659,5.79,9200,71000414,159810.648,622414.8822,188.7256261,774,4630
61238585,8.12,9200,71000416,160713.9175,622142.3063,559.1624792,901,4974
61238586,7.825,9200,71000416,160738.5492,622202.7847,664.6138808,904,4910
61238587,7.955,5521,71000314,158212.6326,618101.8369,247.4632116,578,2770
61238602,3.955,5710,71000321,158341.7419,619111.3215,193.3463875,243,879
61238603,3.7,5710,71000321,158355.4189,618895.2736,417.4205859,242,1038
61238604,4.065,5710,71000321,158371.2433,618891.6399,128.9034252,242,1041
61238605,3.955,5710,71000321,158506.5716,618999.3916,234.4941462,283,1198
61238606,3.855,5710,71000321,158515.3179,619017.66,162.760832,274,1166
61233040,4.305,9200,71000242,160706.2262,617901.751,61.74310105,500,2948
61233746,4.87,9200,71000414,159470.1387,622951.3338,193.3349615,793,5899
61233747,4.87,9200,71000414,159476.6477,622968.6739,201.9410331,791,5880
61233748,4.345,9200,71000414,159410.4813,622873.1398,169.1790679,825,6206
61238528,8.965,5740,71000222,160798.9217,619145.8747,240.4318928,379,2118
61238535,3.65,9200,71000243,160789.4645,618478.5353,60.91009606,442,2256
61238536,3.65,9200,71000243,160776.1513,618501.6306,110.6386847,442,2254
61238537,4.005,9200,71000243,160720.7593,618469.024,434.4476766,426,2181
61238607,7.565,9200,71000316,158670.6804,619114.8514,199.6409971,154,522
61238609,10.77,9200,71000313,158924.4558,618384.2017,72.161146,287,1251
61238610,5.565,9200,71000315,158797.6613,618429.1179,362.7605209,311,1425
61238612,7.97,9200,71000315,158783.1865,618453.6463,415.4276614,308,1403
61238617,8.97,9200,71000315,158760.3816,618511.5191,73.9988004,297,1341
64917007,5.355,9200,71000323,157794.0713,617345.8519,112.2527732,626,3305
61238643,5.47,5253,71000311,159416.0385,618560.0133,1135.342188,270,1201
61238644,14.19,6640,71000313,159223.6201,618244.5775,845.1168045,319,1723
66701114,4.985,5710,71000321,158168.7476,618941.4324,7547.775724,141,832
61238583,3.91,9200,71000414,159606.0319,622798.1744,273.5341142,770,5582
61238584,9.14,9200,71000416,160700.2966,622096.2979,1171.825197,909,5020
65021109,2.35829847,6520,71000224,161942.3481,619010.4269,516.8067603,514,3262
66708441,7.88,6520,71000224,161942.7601,618966.3914,232.3475566,509,3001
65021119,21.69,5305,71000211,160315.6594,619080.4745,244.0001699,336,1685
65021120,21.69,5305,71000211,160314.8768,619098.6832,244.2814264,364,1815
65031460,10.035,9200,71000412,160644.3142,622718.9457,171.7895395,919,5037
65031461,8.755,9200,71000412,160594.8411,622705.9176,169.6671968,912,5003
65031462,8.755,9200,71000412,160613.0194,622733.9467,169.7398478,919,5036
65031463,8.755,9200,71000412,160586.782,622747.5324,222.3412019,940,5110
65031464,8.755,9200,71000412,160635.5575,622779.1369,122.055431,934,5135
65061681,8.755,9200,71000412,160644.6724,622792.4929,179.6998245,928,5122
65031465,9.755,9200,71000412,160519.3111,622688.5921,161.3351926,926,5046
65031466,9.755,9200,71000412,160539.2976,622754.6206,148.2206999,937,5094
65031467,9.755,9200,71000412,160546.7596,622769.3378,143.5147466,941,5111
65031468,9.755,9200,71000412,160556.6768,622783.183,162.2373918,944,5127
65031469,9.355,9200,71000412,160522.5059,622782.9068,184.6328946,919,5564
65031470,13.52,9200,71000412,160513.6808,622862.6112,147.2278086,944,5275
65061682,13.52,9200,71000412,160508.114,622847.2179,186.2911512,907,5513
65031471,13.52,9200,71000412,160501.1256,622831.1673,150.3302933,911,5531
65031472,13.52,9200,71000412,160488.1829,622802.1135,165.1496746,919,5563
65031473,13.52,9200,71000412,160478.5849,622787.6752,158.61928,923,5580
66704630,13.52,9200,71000412,160451.6036,622801.9313,143.5340758,659,3882
65031475,13.52,9200,71000412,160419.8394,622836.94,173.8530186,909,5497
65031476,12.92,9200,71000412,160436.7269,622867.357,165.1341948,902,5462
66700119,18.285,9200,71000412,160266.4184,623156.8501,174.3175627,704,4149
66700616,18.285,9200,71000412,160221.1376,623203.4956,226.676731,709,4180
66705669,18.285,9200,71000412,160301.1567,623172.772,142.0393753,708,4176
66701281,18.285,9200,71000412,160399.7039,623190.1079,144.086615,717,4225
65064317,18.285,9200,71000412,160406.7821,623205.8633,118.3801959,911,5400
66700747,18.285,9200,71000412,160441.4881,623152.8739,131.320359,713,4204
66703382,18.285,9200,71000412,160447.1437,623164.737,115.7940637,716,4217
66707131,18.285,9200,71000412,160350.9882,623131.7187,171.9613848,705,4153
66709962,18.285,9200,71000412,160339.3412,623071.2324,202.1746595,694,4092
66700405,18.285,9200,71000412,160271.6011,623100.9457,353.3009045,695,4098
65027996,18.285,9200,71000412,160494.8436,623029.4085,211.6875073,896,5475
65062692,13.52,9200,71000412,160397.5554,622793.0999,173.0253328,920,5546
65031891,12.92,9200,71000412,160379.1444,622878.4187,104.984311,890,5365
65031894,13.52,9200,71000415,160303.8682,622734.0563,115.6215612,873,5057
65031895,12.92,9200,71000415,160263.0375,622797.1198,181.7277536,937,5246
65031896,12.92,9200,71000412,160260.3996,622827.5712,192.0205663,909,5385
65023673,6.19,9200,71000122,158560.46,620876.6125,150.0505317,506,2767
65023674,6.52,9200,71000122,158597.3469,620787.9301,168.837987,480,2530
65023676,6.49,9200,71000122,158697.4108,620884.8761,190.7939133,503,2658
65024097,7.85,9200,71000123,159693.9753,620789.7518,266.1479114,399,2383
65024098,7.96,9200,71000123,159650.3856,620811.3701,229.0201156,492,2760
65024099,8.205,9200,71000123,159735.1396,620800.3884,256.8184248,403,2378
65024100,7.42,9200,71000123,159747.8282,620844.2759,113.0172544,401,2540
65027997,12.92,9200,71000412,160502.4854,623044.1303,202.2338443,899,5491
65027998,18.285,9200,71000412,160611.747,623055.2034,300.2620739,945,5720
65028000,18.285,9200,71000412,160655.8247,623001.1097,159.716056,932,5641
65028001,18.285,9200,71000412,160645.4774,622985.5109,163.7050264,928,5622
66707262,9.02,9200,71000412,160696.3606,623016.2144,176.3560779,709,4177
66701086,9.755,9200,71000412,160724.9769,622980.8478,154.9065863,705,4157
65028003,9.755,9200,71000412,160712.239,622963.501,224.4141413,936,5764
66703372,12.92,9200,71000412,160611.5175,622923.5203,201.4906399,688,4057
66700869,9.755,9200,71000412,160672.4847,622890.0159,165.729902,688,4052
66704720,13.52,9200,71000412,160488.9807,622875.5976,216.0491728,673,3964
66700945,13.52,9200,71000412,160483.0937,622861.2312,228.5501895,670,3949
65060530,13.52,9200,71000412,160411.3994,622753.5238,187.4265364,939,5177
65021516,18.285,9200,71000412,160446.2647,622733.5632,133.7585115,932,5137
66704739,18.285,9200,71000412,160403.7526,622921.1653,112.6772443,674,3975
65027548,7.879999235,6520,71000224,161512.1598,619187.0392,57.07156757,514,3300
65031021,18.285,9200,71000412,160453.6764,622959.8034,152.1513052,929,5731
65031022,18.285,9200,71000412,160458.3376,623107.3651,150.2623588,928,5628
65031024,18.285,9200,71000412,160318.8064,622910.1496,147.8610845,881,5292
66702344,18.85,9200,71000412,160260.7846,622960.1336,188.2494455,672,3961
66705817,18.85,9200,71000412,160245.4682,622931.4199,123.1823078,667,3929
66701091,18.85,9200,71000412,160237.7268,622916.2681,198.5247436,664,3912
65031028,18.285,9200,71000412,160312.1766,622895.5404,142.2144368,888,5308
66703586,18.85,9200,71000412,160217.5553,622963.8208,175.0480955,670,3951
66708774,18.85,9200,71000412,160304.682,623045.7694,204.624432,688,4057
65024101,7.96,9200,71000123,159680.5105,620824.9129,129.4237497,495,2784
65024102,8.205,9200,71000123,159747.7235,620755.01,143.2117944,390,2330
65060912,8.205,9200,71000123,159751.7998,620722.4323,114.5409902,385,2301
65024103,7.85,9200,71000123,159709.369,620691.0702,139.7436329,378,2259
65023254,3.824999925,9200,71000243,160154.2982,618524.591,86.64898652,354,1694
65064279,18.285,5305,71000412,160147.133,623044.131,344.6497899,827,5061
65023255,8.005,9200,71000243,160361.9788,618618.0407,75.22644975,376,1880
65023260,4.07,1000,71000311,159171.975,618437.6799,433.2065583,293,1292
65023261,5.515,6520,71000316,158673.8599,618652.676,483.1263691,325,1500
65027564,10.39999996,5300,71000215,159730.21,619329.8407,397.9674971,358,1616
65031033,18.285,9200,71000414,160052.5612,622957.5663,135.1177788,803,4845
65031034,18.285,9200,71000414,160041.5971,623004.2573,151.5341251,815,4929
66701925,18.285,9200,71000414,160055.9863,623054.5402,211.809878,677,3989
65031035,18.285,9200,71000414,160093.5218,623063.1627,93.89342282,810,4937
65031451,18.285,9200,71000414,160072.9668,623091.7517,137.9347634,856,5038
65031452,18.285,9200,71000414,159977.9237,623029.3832,195.3631581,834,5006
65031454,18.285,9200,71000414,159955.685,622974.2444,254.9178149,869,5106
65031455,13.355,9200,71000414,159826.903,623043.971,221.9489871,818,6136
65031457,7.545,6512,71000414,159802.4794,622901.0371,3904.284502,863,5086
65031458,4.9,9200,71000414,159576.7606,623126.2561,254.1217732,780,5852
65031459,9.245,9200,71000412,160674.8964,622773.5279,140.7078303,924,5080
65023655,6.945,9200,71000122,158658.7094,620919.8521,84.32700779,512,2691
65023658,6.53,9200,71000122,158572.7511,620917.2998,133.2035095,504,2677
65023660,5.655,9200,71000122,158550.0324,620967.9617,93.33337309,499,2745
65023661,6.35,9200,71000122,158535.924,620957.4609,184.828197,497,2728
65023665,22.71,9200,71000121,158034.7262,620778.2732,759.3313518,507,3206
65022834,6.455,9200,71000243,160572.5682,618617.3999,93.16252091,427,2155
65030582,18.285,9200,71000412,160510.0679,623166.2027,144.7470417,927,5757
66705581,18.285,9200,71000412,160196.2369,623149.8232,103.9884912,699,4121
66703032,18.285,9200,71000412,160216.4914,623142.6805,187.027417,699,4120
66700992,18.285,9200,71000412,160186.7634,623127.8762,84.82940008,695,4097
66704260,18.285,9200,71000412,160230.695,623171.4226,259.7662083,704,4152
66706427,18.285,9200,71000412,160258.8157,623137.6303,216.3521791,701,4129
66703187,18.285,9200,71000412,160250.8165,623113.4592,86.12515893,696,4103
65030590,8.53,9200,71000412,160823.4407,622960.0389,160.0390836,946,5864
65030591,7.775,9200,71000412,160780.3325,622952.9642,163.0757854,944,5854
65030592,8.755,9200,71000412,160747.384,622967.4901,132.6866155,967,5846
66703021,9.755,9200,71000412,160729.3083,622998.1135,114.3399917,708,4174
66708613,9.02,9200,71000412,160734.1752,623034.5896,155.7170127,714,4209
66708319,9.02,9200,71000412,160717.8686,623044.4086,150.0196245,715,4211
66707830,9.755,9200,71000412,160689.4303,622921.1664,179.8604344,694,4088
65031012,12.92,9200,71000412,160597.6304,622930.631,170.4753561,936,5640
65031013,8.755,9200,71000412,160663.6245,622955.0758,195.5659718,932,5732
66700574,12.92,9200,71000412,160704.3114,623053.0535,163.9618396,715,4213
65031016,18.285,9200,71000412,160645.8661,623085.3363,222.3022058,944,5709
65031019,18.285,9200,71000412,160484.4021,623011.7871,137.9864842,894,5455
66700470,18.285,5201,71000412,160503.7298,622935.793,1158.18929,683,4026
65023223,7.6,6600,71000426,160247.2565,621040.8987,1830.32053,555,3106
65022847,7.3,9200,71000243,160507.8685,618632.4932,140.2714559,402,1963
65063591,6.455,9200,71000243,160682.6278,618510.4609,198.3815626,421,2168
65033664,9.31,9200,71000423,159288.0239,621872.846,50.64545941,713,4067
65061698,3.0673,9200,71000423,159606.5644,621781.5554,159.0462217,644,3774
65033665,2.4176,9200,71000423,159586.583,621790.2266,188.5916827,630,3713
65033666,6.36,9200,71000423,159541.2508,621823.8879,489.5640398,642,3756
65033668,5.555,9200,71000423,159492.7288,621858.8262,162.7392096,645,3782
65062396,6.35,9200,71000423,159262.6338,621701.2535,251.712643,690,3938
65034080,7.235,9200,71000121,158546.0206,621692.9647,215.219279,718,3689
65034537,6.335,9200,71000414,159612.6993,623225.0553,267.8176061,875,6451
65027977,13.355,9200,71000414,159817.5864,623026.3662,281.4944688,814,6116
65064315,4.49,9200,71000414,159700.957,622818.2847,310.6737378,818,6176
65027978,4.49,9200,71000414,159643.0543,622908.0619,305.927191,783,5698
65027979,4.87,9200,71000414,159315.6809,622746.1022,285.3196558,807,6133
65027980,5.05,9200,71000414,159691.5426,622505.5675,248.6822521,781,4669
65027981,5.05,9200,71000414,159823.609,622652.2137,285.1099071,835,4930
65027982,5.05,9200,71000414,159795.5439,622661.0806,244.0565856,807,4847
65027983,5.05,9200,71000414,159801.9467,622680.7509,248.6728375,812,4875
65064316,5.05,9200,71000414,159736.8837,622706.4897,223.6649387,798,4804
65027984,12.805,9200,71000414,159957.9638,622804.6236,259.3182313,860,5046
65027985,18.285,9200,71000414,160055.1765,622979.0054,192.2990105,807,4861
65064275,5.71,5305,71000232,160817.6195,620930.6382,267.1944793,678,3905
65023234,8.995,9200,71000425,160029.8498,620925.1685,270.1350858,536,3394
65023235,5.685,9200,71000123,159694.7254,620913.258,167.6838806,409,2627
65023236,6.555,9200,71000123,159647.5427,620930.9534,136.3090212,422,2536
65023237,6.555,9200,71000123,159609.5092,620955.6554,217.8430047,429,2573
65064276,6.555,9200,71000123,159634.5693,620941.4043,185.1686948,426,2551
65023238,5.85,9200,71000123,159639.7811,620988.4313,173.6667457,421,2725
65034085,8.46,9200,71000426,160463.8542,621543.4407,58.59375783,700,3593
65034086,7.8,9200,71000424,160129.7041,621555.077,200.1852634,729,4050
65034088,5.79,9200,71000424,159700.8924,621530.9074,309.2432994,636,3748
65034089,9.15,9200,71000423,159642.491,621585.9216,201.2948783,638,3645
65034090,8.06,9200,71000423,159287.402,621543.2551,122.5247969,625,3597
65034091,6.205,9200,71000423,159322.1895,621525.6399,229.0989354,608,3488
65034092,6.25,9200,71000423,159436.5939,621408.503,184.8342848,591,3355
65062712,7.155,9200,71000423,159141.3242,621624.2225,172.2949756,638,3716
65034093,8.8,9200,71000423,159121.4303,621561.0601,96.18575519,634,3684
65062316,18.13999984,6535,71000113,158928.239,619404.3174,1271.404542,161,480
65027123,5.07,3601,71000112,158574.9942,619576.2254,69.22530056,238,1030
65033647,30.385,9200,71000421,160237.4283,622035.5472,800.9964335,817,4662
66706443,30.385,9200,71000421,160341.6492,622065.8469,740.3377426,537,3166
65061696,30.385,9200,71000421,160368.8544,622023.4579,640.1438486,811,4242
65033651,18.89,5305,71000421,160222.2096,621952.5998,260.5566008,752,4180
65030155,6.53,9200,71000414,159634.2832,623360.118,173.2142929,862,6565
65030156,12.94,9200,71000414,159775.2123,623162.2246,206.4628646,806,6124
66707081,18.285,9200,71000414,160100.5148,623174.6056,159.369434,699,4117
66702327,18.285,9200,71000414,160158.7726,623229.2635,207.2161078,710,4186
66703979,18.285,9200,71000414,160167.5752,623246.2539,212.1064824,713,4205
65030574,18.285,9200,71000414,160149.1008,623296.306,217.6588909,875,5255
66701057,18.285,9200,71000412,160316.0535,623258.9474,108.1500121,723,4262
66709526,18.285,9200,71000412,160292.1633,623153.7958,164.6347577,705,4155
65030577,18.285,9200,71000412,160337.6623,623162.2823,104.3526059,902,5339
66700989,18.285,9200,71000412,160380.0696,623222.155,88.23947035,721,4248
65030579,18.285,9200,71000412,160384.3464,623119.814,126.4590901,914,5416
65064690,18.285,9200,71000412,160407.6741,623098.0078,159.9820359,935,5702
65022807,6.105,9200,71000122,158558.4607,621105.9132,72.3275833,555,3067
65033656,8.105,5305,71000421,160211.6816,621782.3045,271.0808456,787,4377
65033657,8.155,5305,71000421,160243.0507,621773.1029,141.896779,794,4409
65061697,17.945,9200,71000422,159926.1864,621884.4666,666.1378187,835,4380
65033658,17.945,5305,71000422,159893.4942,621863.1608,296.9462365,836,4384
65033661,8.345,9200,71000424,159759.6194,621691.1691,97.15389675,673,3900
65033662,6.46,9200,71000423,159617.8532,621898.6271,169.2623906,640,3826
65033663,9.205,9200,71000423,159281.3267,621880.8806,63.42826507,712,4060
66704420,2.405,6535,71000224,162062.2622,620216.646,204.2011283,554,3265
65025836,20.49,9200,71000214,160000.9667,620330.9977,782.9745499,405,2242
65025837,19.965,9200,71000214,160016.3582,620297.3278,465.7783285,394,2215
65025838,19.625,5305,71000214,160044.0115,620251.5697,295.960144,414,2301
65025839,19.18,5305,71000214,160033.4503,620230.7488,129.6559845,417,2324
65025841,19.965,5521,71000214,160047.5182,620292.8299,47.41179123,398,2239
65026685,15.87,9200,71000112,159239.6434,619746.6788,711.1086563,274,1214
65061293,16.195,9200,71000112,159283.751,619763.8646,681.1667832,258,1169
65022817,7.455,9200,71000123,159184.442,621070.7096,172.4275799,515,2913
65022821,12.915,6512,71000122,159315.8423,621119.7948,1521.865856,513,3173
65021980,4.75,9200,71000243,160161.7046,618846.9807,99.29994357,301,1361
65021985,9.995,9200,71000311,159321.7815,618890.4946,347.2782041,214,774
65025843,19.18,9200,71000214,159964.92,620188.62,876.9676549,379,2110
65025844,19.625,9200,71000214,159926.2842,620153.7774,448.8289339,364,2047
65025845,19.495,9200,71000214,159916.4759,620109.4717,313.8482222,356,1998
65024984,5.475,9200,71000312,158947.2012,617781.3062,260.4546673,404,2353
65024985,5.475,9200,71000312,158898.9159,617831.0658,779.7818684,397,2340
65024986,5.43,9200,71000312,158963.9221,617845.7795,251.5372326,385,2270
65024987,4.875,9200,71000312,158994.2886,617838.3417,292.7219883,423,2416
65062947,5.43,9200,71000312,158988.5964,617786.5658,397.0119278,416,2388
65024998,5.245,9200,71000242,160023.6008,617863.0429,351.0315384,400,2352
65026693,6.505,6520,71000222,160783.8772,619682.9734,137.4549716,464,2520
65026701,7.705,6520,71000224,162217.2926,619444.9063,121.4731183,587,3850
65026703,4.78,6520,71000224,161931.4116,619543.615,40.63908553,530,3603
65061580,26.205,9200,71000322,158054.1104,618716.5214,587.4382044,388,1840
65021994,5.69,9200,71000325,157620.4003,618706.2121,53.51987331,444,2394
65032766,19.87,9200,71000415,160265.7055,622225.7585,591.2431779,814,4639
65032769,24.61,5310,71000415,160288.0683,622321.5455,179.0897545,796,4608
65032770,16.925,5310,71000415,160303.3923,622334.2493,218.9957381,809,4663
65064702,24.98,9200,71000415,160166.9928,622258.1208,703.0463072,762,4481
66705778,6.995,6520,71000123,159264.2716,620399.6508,81.19353887,207,1219
66708076,7.035,6520,71000123,159272.2936,620391.8391,40.19891776,206,1214
65025402,8.895,6520,71000123,159291.1698,620375.7574,100.4458885,472,2531
65025821,3.465,7300,71000224,162211.3888,620322.1488,189.2204037,692,4916
65024553,4.65,9200,71000242,160534.479,618044.7593,92.86332341,447,2697
65022385,8.075,9200,71000426,160132.8863,621133.8273,985.2717984,785,4203
66703257,6.05,9200,71000426,160148.991,621078.1634,951.7800803,375,2209
66709234,7.26,9200,71000424,160085.5828,621234.9815,65.95110411,392,2311
66707406,9.1,6520,71000224,161970.594,618885.9263,284.0829823,515,3036
65021557,6.1,5151,71000242,161135.0758,618727.8946,179.4977955,421,2360
65032329,5.05,9200,71000414,159752.2184,622556.1496,227.4182898,787,4741
65032330,5.185,9200,71000414,159855.6965,622539.5979,202.086458,802,4763
65032332,14.295,9200,71000414,159840.2887,622383.3176,214.7218887,770,4611
65032333,24.3,9200,71000415,160330.879,622595.9958,206.8717552,847,4814
65032334,20.32,9200,71000415,160356.6901,622606.9379,213.6134744,854,4920
65063690,20.32,9200,71000415,160380.3392,622618.4327,180.0245532,849,4893
66707679,5.4,9200,71000231,161001.2449,620538.6889,77.56411995,413,2436
65025386,9.055,9200,71000123,159503.4717,620467.3918,146.8641285,364,2026
65061935,4.655,9200,71000242,160469.7923,617905.5099,99.01397396,510,2999
65062946,5.475,9200,71000312,158702.2278,617758.3013,738.3143535,427,2571
65024981,5.475,9200,71000312,158773.6657,617793.6799,1153.633936,418,2488
65024982,5.475,9200,71000312,158848.512,617817.3183,549.4851255,416,2390
65024983,5.475,9200,71000312,158899.8704,617781.1765,287.4567415,422,2434
65021559,4.91,9200,71000243,160944.612,618845.5213,127.3568105,514,2612
65021561,3.845,9200,71000243,160959.2935,618814.0758,52.09206625,508,2588
65021562,3.845,9200,71000243,160969.8086,618826.3152,64.43380655,485,2906
65021977,7.6,9200,71000243,160384.6462,618813.0743,98.49372641,379,1802
65021978,5.205,9200,71000243,160380.5942,618677.3211,61.45857554,372,1797
65032349,7.23,9200,71000416,160724.824,622172.278,576.6985598,908,4933
66706750,7.31,9200,71000416,160651.2362,622219.9443,169.1776714,585,3447
65032351,7,9200,71000416,160665.642,622160.8136,92.37988898,901,4974
65032353,10.35,9200,71000415,160416.2233,622305.4259,580.7987742,853,4829
65024531,7.665,9200,71000121,158107.3656,620630.469,715.1889269,525,3021
65024532,7.935,9200,71000121,158120.6619,620682.1561,504.7725132,545,3073
65024533,6.555,9200,71000121,158059.5536,620661.897,505.3635926,489,2946
65024132,5.305,9200,71000243,160642.9253,618403.7636,58.12092492,433,2219
65024139,4.35,9200,71000242,160798.918,618244.2309,55.10986208,472,2840
65024546,5.605,9200,71000242,161065.0379,618100.3357,81.81994546,535,3165
65024550,5.065,9200,71000242,160712.9015,617953.8158,79.92785791,481,2878
65022375,7.9,9200,71000426,160275.2623,621371.4991,181.9560988,638,3474
65062693,8.62,9200,71000415,160209.4965,622702.5714,163.945189,863,4834
65031897,11.32,9200,71000415,160175.3692,622680.0506,305.1634193,854,4815
66707772,15.535,9200,71000415,160170.606,622660.5504,244.6897196,619,3649
65031899,8.62,9200,71000415,160183.9161,622715.3999,189.0121685,851,4806
65031900,8.62,9200,71000415,160203.8771,622726.2594,245.1217069,870,4898
65031901,18.285,9200,71000415,160190.6835,622836.7533,168.9807566,862,4900
65031902,18.285,9200,71000415,160166.44,622850.6045,184.9181419,856,4884
65062694,12.805,9200,71000414,159924.0628,622794.6918,221.9917862,874,6442
66704065,7.305,9200,71000123,159264.0477,620569.3132,61.43693287,235,1384
65021518,18.285,9200,71000412,160338.243,622881.2463,259.8842359,894,5382
66703416,18.285,9200,71000412,160340.7655,622955.3524,166.6093256,676,3984
65021520,18.285,9200,71000412,160153.9476,622890.1549,181.4695739,884,5262
65021521,18.285,9200,71000412,160136.8976,622899.0816,147.9874507,878,5242
66703700,4.305,6535,71000316,158679.7194,618923.3799,69.66865106,69,404
65021546,5.505,5710,71000321,158504.5827,618910.7709,67.13751813,320,1653
65021547,8.58,6520,71000321,158545.4818,619141.6212,46.27320365,238,1035
65021549,4.21,9200,71000321,157824.1609,619020.4588,475.290519,391,1985
66705333,4.21,9200,71000325,157801.2468,618966.3078,148.879437,200,1179
65031905,7.105,9200,71000414,159890.7563,622711.6998,223.456883,866,6394
65031906,5.925,9200,71000414,159826.0015,622715.4484,83.00496658,821,4915
65031907,5.925,9200,71000414,159816.043,622723.0802,89.26148465,822,4919
65031908,5.925,9200,71000414,159826.1673,622735.6259,226.1911414,854,6325
65031909,4.345,9200,71000414,159474.5965,622763.1428,138.3990834,765,5570
65031911,4.87,9200,71000414,159366.2857,622684.2188,197.8102939,784,5718
65031912,5.685,9200,71000414,159270.421,622624.0459,177.4634571,763,5377
65031913,4.645,9200,71000414,159520.8288,622506.9838,196.651379,720,5210
65031915,4.475,9200,71000414,159543.736,622641.1926,143.0853918,740,5285
65062696,3.91,9200,71000414,159571.2223,622625.4141,222.1509505,732,5338
65031916,4.7,9200,71000414,159605.6216,622471.3771,265.0108388,756,4538
65063689,4.995,9200,71000414,159636.8239,622559.7606,211.1951345,778,4635
65032328,5.245,9200,71000414,159675.2577,622465.7996,184.0499792,788,4746
65024104,7.85,9200,71000123,159772.9556,620704.3497,110.8404049,417,2454
65024106,7.53,9200,71000123,159695.4241,620658.1019,195.0325586,370,2215
65024107,7.29,9200,71000123,159667.2401,620622.8862,169.0359715,362,2175
65024108,7.43,9200,71000123,159629.5561,620596.1573,337.2267468,365,2175
65060913,8.76,9200,71000123,159605.8977,620577.7487,178.2298144,369,2195
65024109,7.715,9200,71000123,159772.8995,620803.2372,389.749301,405,2393
65021522,18.285,9200,71000415,160212.9108,622822.5083,274.064405,895,5179
66704996,11.32,9200,71000415,160150.1164,622669.9985,142.4195769,619,3651
66709887,8.62,9200,71000415,160156.86,622691.616,150.5005237,623,3674
66708866,9.755,9200,71000412,160582.5706,622654.3202,226.0965037,645,3801
65021526,8.755,9200,71000412,160584.5719,622689.9477,197.5734857,914,4995
65021527,8.755,9200,71000412,160605.8802,622718.6784,212.5295839,915,5019
65021528,8.755,9200,71000412,160628.9473,622761.0474,180.0730296,939,5154
65060532,8.755,9200,71000412,160592.6922,622764.8876,281.5518416,945,5128
65021529,9.355,9200,71000412,160529.998,622797.4775,208.1562714,915,5548
65021530,8.62,9200,71000412,160537.5679,622812.903,250.99864,911,5531
66701796,9.355,9200,71000415,160481.2323,622682.746,319.4213421,642,3784
66709367,9.355,9200,71000415,160463.0702,622652.3722,114.0248737,636,3749
66709008,9.16,6520,71000121,158125.7441,621285.8988,119.3641997,377,2224
65027565,10.39999996,5300,71000215,159738.5818,619307.6416,877.971142,357,1600
65027566,7.25,6535,71000113,158956.6828,619366.8008,60.61796263,112,329
65027567,10.00499931,2302,71000113,158766.7824,619255.7785,1485.373826,200,628
65024530,7.05,9200,71000121,158183.1237,620758.713,923.372989,542,3027
65023273,5.665,9200,71000325,157543.8016,618435.501,162.5156139,507,2814
65023274,5.51,9200,71000325,157562.794,618493.6883,280.2090958,493,2758
65050018,18.285,9200,71000412,160182.5943,623041.4616,166.7254032,829,5066
65050019,18.85,9200,71000412,160187.5585,622906.0244,188.9557574,891,5283
65050020,20.32,9200,71000415,160438.0142,622702.5643,229.2733469,931,5171
65050021,7.545,9200,71000414,159804.5549,622976.974,349.7537861,795,6033
65050022,18.285,9200,71000412,160397.4139,623082.7122,169.0588317,938,5720
65050023,12.92,9200,71000412,160459.5775,623048.3346,102.9994646,928,5651
65082301,16.59,9200,71000214,159911.2702,619969.7632,266.9191009,360,2023
65050024,16.02,9200,71000415,160385.7124,622580.7113,663.9852876,810,4802
65050025,8.825,9200,71000214,159748.8581,619949.4825,633.1315549,361,1921
65050026,13.52,9200,71000415,160309.6071,622772.0906,170.7111603,876,5070
65050027,24.3,9200,71000415,160215.9824,622588.2063,154.2956726,810,4670
65185887,8.555,6520,71000224,162331.1054,618875.6006,731.4529969,522,3530
65186933,7.895,9200,71000421,160147.9748,621884.3919,59.62722761,724,4045
65187924,4,9200,71000232,160506.2405,621228.4176,150.4943223,607,3341
65191934,6.025,5900,71000121,158468.4797,621343.8395,2247.058828,585,3128
65191935,7.09,9200,71000231,160147.7217,620633.3129,537.1629405,569,2861
65186925,6.335,9200,71000414,159761.5719,622880.4789,226.7401564,827,4977
65185874,3.71,5710,71000321,158394.8496,618792.0881,53.90665018,264,1140
66704200,5.405,6512,71000222,160762.243,619736.6133,3801.644534,319,1882
65191921,12.23,9200,71000425,160152.8466,620887.66,331.5325403,554,3030
65186918,14.62,9200,71000425,160175.0048,620851.9256,721.9482709,548,3025
66703010,7.655,9200,71000123,159124.9748,620627.4383,49.45802516,240,1417
66702979,4.965,9200,71000425,159979.1244,620998.3402,219.3265146,348,2052
66709553,4.695,9200,71000425,160001.2305,621008.5437,232.123612,352,2072
66701095,4.96,9200,71000425,160019.0405,621025.4502,233.2578252,356,2096
66709601,6.585,9200,71000425,160026.8337,621049.3744,223.0065936,360,2121
66700159,7.035,9200,71000425,160025.2577,620972.3917,903.8217814,348,2054
66709809,6.68,9200,71000425,160052.1176,620997.5353,427.9203032,354,2089
66706099,5.785,9200,71000425,160073.682,621017.9154,431.9629745,359,2118
66704630,6.585,9200,71000425,160073.5178,621085.6124,1561.094151,369,2176
66705652,6.68,9200,71000425,160109.3497,621037.6877,869.9736466,365,2154
66705932,12.23,9200,71000426,160182.0624,620998.7984,1114.085861,367,2162
66703288,8.56,5330,71000426,160229.5244,621096.5119,1003.608857,385,2269
66700092,8.56,5330,71000426,160268.1854,621125.1066,180.8315803,393,2314
66702731,8.075,5330,71000426,160282.4834,621156.9149,594.4121871,399,2349
66700659,16.49,5305,71000425,160081.3599,620819.8409,284.6559997,332,1957
66706646,8.97,9200,71000425,160136.0934,620939.5791,62.6346307,354,2087
66703815,5.355,6535,71000222,160910.8334,618943.1936,1075.888273,336,1978
66705538,6.105,6520,71000222,161077.963,619014.3733,218.4200741,362,2135
66709079,6.35,6840,71000222,161076.4224,618999.1638,213.9356517,362,2135
51663281,6.18,5710,71000321,158464.9763,618898.2604,900.44305,327,1682
51662841,7.5,5330,71000111,158982.0764,619814.852,1789.7357,269,1068
51662513,12.74,7300,71000224,162243.7987,619045.308,16112.29275,590,3698
51662606,11.41,5330,71000111,159002.3622,619933.8503,3365.5343,270,1016
51664107,5.03,5300,71000313,159144.3944,618358.999,1350.35995,308,1386
66704751,4.625,9200,71000321,157920.4742,619135.1297,181.7793017,176,1036
66702484,4.985,9200,71000321,158014.308,619196.0247,183.2661633,159,939
66707091,4.985,9200,71000321,157989.7295,619176.1255,191.028066,164,964
66708946,4.985,9200,71000321,157999.7323,619160.9919,194.9590482,162,955
66703973,4.985,9200,71000321,157986.6119,619144.4142,132.5104404,164,969
66709795,4.985,9200,71000321,157974.2133,619160.934,165.9027858,166,980
66705447,7.36,9200,71000321,157933.6378,619122.7301,191.3820459,174,1024
66703213,7.36,9200,71000321,157946.1644,619109.3867,171.6552071,172,1013
66707959,7.36,9200,71000321,157958.5175,619092.1833,173.4234763,170,1003
66702484,5.185,9200,71000321,157906.7896,619096.6821,208.290089,179,1053
66706316,5.12,9200,71000321,157869.326,619134.6389,222.7318932,184,1087
66702257,4.725,9200,71000321,157853.311,619118.3814,176.3360615,187,1104
66705393,7.815,9200,71000321,157918.4745,619082.5244,217.6522511,177,1043
66708559,7.815,9200,71000321,157933.4849,619071.8904,103.6404544,175,1030
66703050,7.36,9200,71000321,157950.0938,619057.7445,156.6979961,172,1016
66703274,18.12,9200,71000415,160188.4798,622613.4337,372.9465417,613,3611
66708777,13.52,9200,71000415,160253.9039,622699.3916,127.4190365,630,3714
66702680,20.32,5521,71000415,160294.1251,622620.3561,290.1441026,620,3655
66707533,24.3,9200,71000415,160307.7673,622589.2132,152.8686844,616,3631
66700522,24.3,9200,71000415,160170.881,622559.2102,151.6132686,603,3554
66702841,20.32,9200,71000415,160347.4034,622643.8084,85.21515788,627,3696
66700018,24.3,5521,71000415,160247.3912,622564.2214,305.9728032,608,3585
66702784,24.3,9200,71000415,160219.1459,622555.2092,278.9313778,605,3567
66709335,20.235,5310,71000414,159965.1538,622577.9156,1338.766897,595,3506
66704528,7.715,9200,71000414,159917.7494,622701.6112,249.0190616,613,3612
66705947,7.105,9200,71000414,159904.1864,622666.3753,240.2700113,606,3574
66700070,5.05,9200,71000414,159808.8365,622701.7124,147.1272775,608,3585
66704659,5.05,9200,71000414,159791.2572,622564.143,234.6774346,585,3447
66707851,5.245,9200,71000414,159830.4074,622548.272,243.9487761,584,3441
66700252,5.05,9200,71000414,159747.1832,622537.0039,214.8475857,579,3410
66703042,5.05,9200,71000414,159718.6285,622570.7716,244.8596098,583,3436
66705240,4.985,9200,71000321,157929.0193,619235.3551,208.2576781,174,1024
66707997,4.635,9200,71000321,157916.4781,619223.9251,165.3175461,176,1036
66709060,4.985,9200,71000321,157938.7261,619197.2797,117.5643921,172,1014
66700269,4.635,9200,71000321,157976.6505,619237.6627,172.8078132,166,976
66701198,4.985,9200,71000321,157989.2269,619225.2384,229.0842032,163,964
66704952,4.985,9200,71000321,158002.0443,619212.5653,192.6411565,161,951
66706120,4.985,9200,71000321,157977.2958,619188.4439,214.8190395,166,976
66701177,4.985,9200,71000321,157952.0941,619214.6617,183.2170533,170,1001
66704076,4.82,9200,71000321,157949.385,619186.607,150.899684,170,1004
66703494,4.38,9200,71000321,157882.3573,619190.4386,181.3262958,182,1071
66707351,4.38,9200,71000321,157870.1663,619180.5401,166.734871,184,1083
66706224,6.01,9200,71000321,157896.8252,619160.3794,196.7741347,179,1058
66707667,5.05,9200,71000414,159700.4124,622722.0909,274.9548391,607,3580
66700570,5.05,9200,71000414,159690.7751,622703.5206,247.6783998,604,3560
66703630,15.535,9200,71000414,159987.4241,622770.3701,228.6294376,627,3697
66708385,10.69,9200,71000414,159975.8226,622733.3683,177.7050173,621,3658
66703089,7.35,9200,71000414,159802.7854,622866.1891,274.4183482,635,3743
66701410,7.35,9200,71000414,159818.072,622836.9669,200.4934556,631,3718
66708726,5.52,9200,71000414,159727.0832,622873.8705,209.3843188,634,3734
66700079,4.49,9200,71000414,159713.4927,622836.4272,336.583332,627,3695
66703423,5.52,9200,71000414,159732.7376,622807.2599,265.7384451,623,3670
66708987,4.49,9200,71000414,159694.3063,622785.8341,232.6960643,618,3641
66700188,3.91,9200,71000414,159620.1493,622750.5074,207.56469,609,3592
66705579,4.315,9200,71000321,157833.5857,619142.4182,246.4160183,190,1122
66705390,4.725,9200,71000321,157814.0608,619080.7716,201.8402841,195,1147
66703789,4.725,9200,71000321,157841.3948,619083.4353,177.6723334,190,1120
66709287,4.21,9200,71000321,157853.8772,619069.8864,166.7594931,188,1109
66707664,5.12,9200,71000321,157866.5606,619057.6446,171.7995188,186,1098
66702690,5.12,9200,71000321,157879.616,619043.4583,209.7283715,185,1088
66700331,4.21,9200,71000321,157850.6524,619040.5319,174.5713901,189,1117
66700204,4.725,9200,71000321,157829.1654,619095.1785,139.7174625,192,1131
66704074,9.63,9200,71000321,157909.4989,619018.8085,196.0188009,180,1063
66707728,19.075,9200,71000321,157951.2972,619008.1329,160.9624511,174,1024
66703608,12.72,9200,71000321,157924.8585,618985.5365,166.4565267,179,1054
66709672,5.12,9200,71000321,157887.4771,618997.0376,184.5274076,185,1089
66708596,5.12,9200,71000321,157846.9703,618995.5523,167.2376322,191,1128
66704840,5.12,9200,71000321,157858.7578,618983.9426,159.275164,190,1119
66704278,9.405,9200,71000321,157885.7136,618960.147,142.3902583,186,1098
66708661,5.12,9200,71000321,157811.264,619032.5865,172.9841682,196,1157
66707579,4.725,9200,71000321,157788.2062,619057.1564,188.7349619,200,1176
66706183,4.725,9200,71000321,157778.7803,619072.0627,151.8647152,201,1183
66709383,3.91,9200,71000414,159602.2737,622715.1207,238.9947875,603,3554
66700668,4.475,9200,71000414,159537.2668,622741.6499,311.9557719,606,3569
66703554,3.91,9200,71000414,159575.607,622645.3846,294.930246,591,3481
66704583,4.87,9200,71000414,159485.0701,622681.5465,255.7261925,594,3501
66707683,3.91,9200,71000414,159557.3978,622675.4707,247.8266759,595,3507
66705443,4.475,9200,71000414,159616.0607,622589.6953,211.9742355,583,3433
66704676,4.995,9200,71000414,159644.068,622578.0004,263.0074627,582,3428
66709221,5.05,9200,71000414,159741.4159,622519.1016,234.0526073,575,3391
66704112,4.645,9200,71000414,159591.7249,622520.9285,251.1068566,570,3361
66705085,4.645,9200,71000414,159577.4212,622482.8033,213.754074,564,3321
66706084,5.565,9200,71000414,159661.8423,622429.6061,302.1274899,558,3286
66700299,6.79,5305,71000414,159642.4699,622402.0079,259.1566937,552,3255
66702015,7.69,5305,71000414,159603.7638,622417.4172,254.6752912,553,3262
66708427,7.69,5305,71000414,159564.4597,622432.1967,253.0656955,555,3269
66705634,18.285,9200,71000412,160539.729,623214.3529,157.4848243,729,4297
66700818,18.285,9200,71000412,160525.0003,623219.9712,157.1003509,729,4297
66708601,18.285,9200,71000412,160513.0853,623228.6522,168.2962081,730,4301
66709162,18.285,9200,71000412,160499.0533,623235.942,144.0269677,730,4303
66706942,18.285,9200,71000412,160486.7743,623244.058,187.3492917,731,4306
66709748,18.285,9200,71000412,160475.7534,623255.4716,73.36163135,732,4312
66705114,18.285,9200,71000412,160459.7055,623254.9916,111.0394655,731,4306
66706293,18.285,9200,71000412,160528.7452,623270.7811,175.65497,737,4346
66707743,18.285,9200,71000412,160448.0225,623266.0416,129.8384992,732,4313
66709394,18.285,9200,71000412,160484.3455,623298.0267,202.5463121,739,4355
66706473,18.285,9200,71000412,160469.1119,623304.6776,196.1200812,739,4356
66702058,18.285,9200,71000412,160424.6718,623330.3018,227.0611148,741,4365
66705074,18.285,9200,71000412,160394.7192,623345.675,251.0848487,741,4370
66705249,18.285,9200,71000412,160379.4895,623353.5541,203.8980555,742,4372
66708900,18.285,9200,71000412,160407.4058,623286.7024,151.5692019,733,4318
66701683,18.285,9200,71000412,160393.3434,623293.9224,168.9503509,733,4320
66706100,18.285,9200,71000412,160380.3264,623301.394,208.3793,734,4323
66709453,18.285,9200,71000412,160366.6288,623307.1649,216.5329,734,4324
66709538,18.285,9200,71000412,160338.2851,623318.5532,168.8615019,734,4326
66709401,18.285,9200,71000412,160328.0441,623330.8583,199.4075708,735,4334
66704389,18.285,9200,71000412,160331.1272,623378.5812,182.1690604,743,4380
66703656,18.285,9200,71000414,160089.8703,623339.8675,262.5010329,725,4273
66706984,18.285,9200,71000414,160164.5929,623331.2342,265.3227467,727,4285
66700208,18.285,9200,71000414,159889.5764,623433.179,309.466336,732,4315
66706053,18.285,9200,71000414,159882.3631,623414.5578,301.9441383,729,4295
66704713,18.285,9200,71000414,159755.3954,623290.7569,220.1646759,704,4148
66700743,6.335,9200,71000414,159605.9162,623292.2291,210.1547445,700,4123
66703887,7.005,5305,71000323,158003.1335,617378.7328,285.8872071,352,2073
66707850,7.005,5305,71000323,158016.8158,617385.5811,245.8926023,350,2060
66707578,12.175,5202,71000323,157966.8172,617614.5993,612.2547692,320,1885
66700782,7.46,9200,71000312,158203.6147,617453.6087,1006.175346,326,1920
66700630,22.22,6640,71000313,159263.2286,618315.7661,1021.138393,162,957
66703742,21.085,9200,71000312,159367.495,618255.8647,1625.733404,178,1050
66706725,21.085,9200,71000312,159400.8325,618237.6084,1195.731949,183,1081
66701725,21.085,9200,71000312,159385.713,618147.2287,866.511323,196,1158
66706508,12.285,9200,71000312,159366.1055,618069.1345,994.1280604,208,1224
66706952,21.085,9200,71000312,159301.8428,618095.9914,618.7025515,200,1178
66705239,19.18,9200,71000312,159253.7095,618126.5528,892.1997354,193,1135
66709782,4.24,9200,71000312,159094.1364,618003.4661,353.6110113,208,1226
66705462,4.2,9200,71000312,159109.4105,617968.2596,321.3202127,214,1262
66703948,4.36,9200,71000312,159204.0026,617676.7021,439.2442704,265,1565
66709940,5.59,9200,71000312,159236.5529,617645.4659,419.9939191,272,1601
66703202,4.875,9200,71000312,159201.6188,617619.6614,407.3560675,275,1620
66707192,4.875,9200,71000312,159174.1002,617645.0069,428.1127865,270,1591
66703800,4.36,9200,71000312,159190.5722,617592.8881,362.6603069,279,1645
66709823,5.085,9200,71000312,159136.5596,617583.4645,726.9282516,280,1648
66704357,4.36,9200,71000312,159155.3102,617551.6424,489.7529046,285,1682
66706322,4.92,9200,71000312,159122.3588,617352.7909,603.9643728,318,1876
66706533,4.36,9200,71000312,159099.7491,617395.6092,425.2449325,311,1831
66701738,5.035,9200,71000312,159167.6729,617412.4534,443.7942923,309,1821
66700703,4.36,9200,71000312,159142.0803,617455.6249,566.4069031,301,1775
66702040,5.59,9200,71000312,159193.301,617356.7349,524.1596895,319,1880
66705902,5.59,9200,71000312,159202.0751,617276.9039,490.9785053,333,1960
66709152,5.59,9200,71000312,159163.8593,617304.2334,517.3343589,327,1928
66705865,4.24,9200,71000312,159111.3116,617931.8156,358.8207305,220,1299
66705965,4.36,9200,71000312,159102.6271,617900.4453,324.1574853,225,1329
66709118,5.43,9200,71000312,158878.0856,617930.1307,315.1782967,219,1293
66704136,5.43,9200,71000312,158880.6496,617963.4988,279.2655416,214,1259
66709563,5.43,9200,71000312,158890.6941,617991.3303,286.355062,209,1231
66709685,12.475,9200,71000412,160689.8759,623231.8133,222.1327164,742,4371
66708260,12.92,9200,71000412,160678.2219,623209.014,161.7390986,737,4345
66701071,12.92,9200,71000412,160666.3683,623189.5734,152.3299021,733,4323
66709367,7.575,9200,71000412,160714.9383,623204.6091,171.5061608,739,4356
66701189,7.575,9200,71000412,160707.3839,623188.6171,206.0935939,736,4338
66700997,12.92,9200,71000412,160698.5624,623170.1162,222.4835223,733,4318
66705810,12.92,9200,71000412,160728.6551,623175.6078,212.8285764,736,4335
66706823,12.92,9200,71000412,160718.9325,623159.0799,195.4885474,732,4316
66705905,12.92,9200,71000412,160770.2069,623175.6049,207.8394422,738,4352
66705258,12.92,9200,71000412,160760.519,623158.3872,228.2739818,735,4333
66708472,9.035,9200,71000412,160783.2187,623146.8596,199.4463364,735,4332
66701724,12.92,9200,71000412,160752.1801,623141.5499,167.0868515,732,4314
66708941,9.035,9200,71000412,160774.2242,623128.7771,220.3310598,732,4312
66708341,9.02,9200,71000412,160807.2398,623068.8025,208.245913,725,4271
66704262,9.02,9200,71000412,160791.8342,623077.0369,235.2603119,725,4272
66704903,9.02,9200,71000412,160760.3531,623095.3501,192.1591377,725,4275
66704124,8.755,9200,71000412,160848.4325,623047.8203,229.1666442,725,4271
66706315,9.02,9200,71000412,160776.1763,623087.1276,180.913961,725,4275
66709382,12.92,9200,71000412,160728.3288,623112.3718,196.052119,726,4277
66700112,12.92,9200,71000412,160712.2732,623121.2034,193.0943719,726,4279
66703260,12.92,9200,71000412,160695.7155,623129.5648,218.2463481,726,4280
66706134,18.285,9200,71000412,160679.2073,623138.7405,232.1835506,726,4281
66701889,12.92,9200,71000412,160663.5385,623146.5811,190.8273743,727,4282
66700150,18.285,9200,71000412,160595.9769,623236.1171,189.5607541,736,4338
66705302,18.285,9200,71000412,160576.9574,623242.889,231.5668793,736,4338
66701352,18.285,9200,71000412,160579.54,623193.9597,169.5067183,728,4293
66706168,27.6905,9200,71000111,159127.5267,619989.7951,1112.212291,134,788
66708311,15.445,9200,71000312,158298.5087,617249.5729,406.354215,352,2077
66706240,16.54,9200,71000312,158308.3597,617216.281,395.3060819,357,2106
66709397,16.54,9200,71000312,158331.367,617191.4988,433.0444036,360,2122
66702879,16.54,9200,71000312,158362.9362,617178.2543,465.9670369,361,2126
66706111,10.03,9200,71000312,158398.3521,617174.2293,502.7204696,360,2120
66706305,14.08,9200,71000312,158431.3378,617175.1983,453.1432349,358,2111
66705280,14.08,9200,71000312,158469.6925,617184.1517,364.5693666,355,2093
66707205,13.735,9200,71000312,158503.7182,617196.9683,347.944247,352,2073
66706131,13.675,9200,71000312,158536.1103,617210.3186,370.1499327,348,2053
66709051,13.345,9200,71000312,158559.16,617235.1954,379.4477782,343,2024
66703503,5.37,9200,71000312,159284.3717,617729.3012,445.2985698,259,1528
66709296,5.59,9200,71000312,159267.1404,617698.0002,438.5774917,264,1555
66702824,4.685,9200,71000312,159234.1471,617756.2234,836.9057641,253,1491
66707548,4.37,9200,71000312,159183.1405,617777.4181,719.0867926,248,1462
66702221,4.36,9200,71000312,159180.5272,617712.3707,763.5408231,259,1526
66701663,13.355,9200,71000414,159842.0886,622996.5798,171.9489473,658,3879
66701411,18.285,9200,71000414,159984.6143,622974.4102,451.65904,660,3893
66707933,18.285,9200,71000414,160033.4782,622921.4358,228.472431,654,3855
66704457,18.285,9200,71000412,160125.5271,622939.3148,158.0145463,662,3899
66702830,5.475,9200,71000312,158906.6262,617437.1696,294.1951406,303,1784
66701117,7.22,9200,71000312,158882.7769,617419.8654,271.3369552,306,1802
66707612,9.615,9200,71000312,158841.0293,617412.0011,458.1801578,308,1812
66709674,5.475,9200,71000312,158871.9564,617495.9321,691.9267137,293,1727
66706113,7.625,9200,71000312,158602.001,617788.6492,349.6337294,250,1475
66706987,4.805,9200,71000312,158618.511,617809.3926,347.2518209,246,1451
66704521,5.475,9200,71000312,158644.1227,617815.531,387.9714037,244,1439
66703156,5.475,9200,71000312,158666.2128,617801.5111,300.628175,246,1448
66708639,7.625,9200,71000312,158608.9449,617763.3565,371.774762,254,1498
66704037,18.85,9200,71000412,160208.9807,622949.9672,179.1587326,668,3935
66703234,17.735,9200,71000415,160159.9101,622750.9325,223.0140299,633,3731
66701570,6.335,9200,71000414,159697.3347,623124.2584,226.6396091,674,3974
66707626,6.15,9200,71000414,159585.1601,623157.0504,519.1279006,676,3987
66707968,3.775,9200,71000414,159497.4726,623097.1277,334.0526932,664,3914
66705289,12.805,9200,71000414,159934.8847,622814.3298,184.251864,632,3725
66707390,30.385,9200,71000421,160199.8496,622010.0347,753.6438768,518,3055
66706023,19.505,9200,71000424,160016.9118,621333.407,669.5277136,401,2365
66704549,16.955,9200,71000424,160007.2012,621294.9629,743.2503558,395,2327
66707480,18.51,9200,71000424,159960.7236,621360.9868,733.2982306,401,2366
66700271,7.26,9200,71000424,160120.6833,621309.155,797.8836659,406,2393
66701302,7.26,9200,71000424,160110.8108,621273.4446,740.080161,400,2357
66708883,4.725,9200,71000321,157810.5641,619120.4388,154.0216581,195,1147
66705916,14.82,9200,71000112,158708.6607,619593.0112,684.2129203,76,445
66703718,14.99,9200,71000112,158706.4642,619562.3168,663.8903035,71,421
66709295,13.345,9200,71000312,158404.208,617530.1131,55.01938724,302,1778
66709808,13.375,9200,71000312,158299.8252,617564.2519,341.9283862,302,1781
66706583,13.375,9200,71000312,158321.9445,617582.41,346.0860883,298,1756
66705440,13.375,9200,71000312,158350.8116,617573.743,312.9420581,298,1754
66709653,10.03,9200,71000312,158225.2931,617392.3225,253.0341869,334,1968
66703422,9.685,9200,71000312,158287.0046,617369.1215,262.4078272,334,1968
66703448,9.685,9200,71000312,158251.439,617417.3667,275.6438552,328,1935
66701918,13.375,9200,71000312,158281.4235,617434.7051,420.3004566,324,1908
66706702,10.03,9200,71000312,158260.939,617344.1546,384.9153083,339,2000
66709981,9.685,9200,71000312,158302.9365,617314.7277,401.1052727,342,2014
66705202,13.375,6512,71000312,158465.5068,617390.8526,672.8663998,321,1894
66701093,13.345,9200,71000312,158508.1462,617341.3802,381.0885803,328,1931
66705414,5.83,9200,71000121,158485.0785,620886.8503,348.3416868,294,1730
66709688,5.875,9200,71000121,158406.0101,620888.866,159.6913291,298,1755
66709943,4.855,9200,71000121,158322.3501,620964.9651,187.8591264,315,1854
66709370,7.05,9200,71000121,158142.872,620652.3765,597.2667795,279,1645
66707381,5.825,5305,71000111,158423.5635,619865.5271,269.9911339,142,834
66700892,4.635,9200,71000321,157961.4596,619260.8118,168.6997831,168,992
66700697,4.985,9200,71000321,157944.7425,619246.7873,215.5493212,171,1008
66704585,10.035,9200,71000412,160599.4118,622645.5445,203.083795,645,3800
66701858,9.755,9200,71000412,160550.5557,622672.5974,216.1747075,645,3804
66706984,9.755,9200,71000412,160504.3952,622700.4391,155.9143361,646,3810
66709094,8.605,9200,71000415,160482.7909,622312.9985,668.4084933,585,3450
66706024,10.35,9200,71000415,160467.1143,622267.7547,630.9096078,577,3402
66702251,9.355,9200,71000415,160450.1956,622221.3981,682.0207358,569,3353
66701891,11.585,9200,71000415,160434.5525,622183.2749,754.7090044,562,3312
66708417,9.355,9200,71000412,160487.4797,622708.6232,153.7646691,647,3810
66708997,9.355,9200,71000412,160472.1526,622713.8583,190.142901,646,3809
66700072,9.755,9200,71000412,160532.2109,622739.3072,199.6418067,654,3857
66706589,9.755,9200,71000412,160524.3285,622724.6442,187.7233378,652,3840
66704614,9.355,9200,71000412,160513.4131,622767.3756,207.84017,657,3875
66705640,9.355,9200,71000412,160503.9254,622753.098,197.002049,655,3858
66708966,13.52,9200,71000412,160468.9285,622773.165,223.4546215,655,3862
66707276,13.52,9200,71000412,160461.4505,622758.245,151.5716474,653,3846
66703822,13.52,9200,71000412,160441.4651,622787.8999,200.7074784,656,3865
66702894,13.52,9200,71000412,160465.7107,622831.9668,232.2005684,664,3915
66705191,13.52,9200,71000412,160473.0529,622847.1803,203.0067249,667,3932
66703519,13.52,9200,71000412,160413.376,622822.3359,200.6674612,659,3886
66701779,13.52,9200,71000412,160405.676,622806.8169,222.3511674,656,3869
66707466,18.285,9200,71000412,160230.2961,622848.6795,212.9035916,653,3846
66709515,18.285,9200,71000412,160242.2729,622837.6182,179.8834014,652,3840
66700940,12.92,9200,71000412,160275.983,622820.0578,218.817698,651,3835
66703929,13.52,9200,71000415,160211.9102,622786.5687,325.6275896,642,3781
66702546,13.52,9200,71000415,160178.2139,622740.5133,305.0843177,632,3727
66700739,13.52,9200,71000415,160283.3239,622746.5073,271.8201117,639,3768
66705972,8.62,9200,71000415,160164.4555,622721.6749,190.6090254,629,3705
66704147,17.735,9200,71000415,160246.386,622672.8863,140.7094899,625,3686
66709310,15.535,9200,71000415,160137.359,622617.0889,333.6291817,610,3597
66703525,18.12,9200,71000415,160160.8602,622603.3616,333.031945,609,3592
66704573,24.3,9200,71000415,160186.7335,622592.3199,350.3291042,609,3590
66700471,9.085,9200,71000415,160454.6128,622420.7503,638.8156415,600,3535
66701204,9.085,9200,71000415,160443.5994,622386.7181,553.6488701,594,3499
66701503,8.055,9200,71000416,160749.5651,622240.7938,826.0178233,596,3514
66701698,7.31,9200,71000416,160676.3576,622208.2641,309.8236708,585,3449
66701534,10.67,9200,71000416,160492.8531,622090.9857,684.1246398,553,3257
66705822,11.585,9200,71000416,160482.7501,622120.2957,710.245591,556,3278
66702424,8.255,5305,71000426,160558.7105,621730.5793,287.2345327,506,2980
66707333,8.365,5305,71000426,160552.9224,621713.9287,288.1876094,503,2962
66700173,18.89,9200,71000421,160190.5216,621923.0561,834.5000985,504,2972
66700593,30.26,5310,71000422,159985.3295,621737.6449,278.9574088,462,2720
66701688,32.895,5310,71000422,160014.0067,621727.4987,392.0355617,462,2722
66709884,33.165,5310,71000422,160008.0748,621707.647,376.4374552,458,2701
66707732,8.855,5310,71000422,160052.923,621716.7051,417.5165558,463,2728
66706702,8.5,5310,71000422,160085.6459,621709.1973,325.4038415,464,2734
66705351,8.855,5310,71000422,160048.701,621697.071,393.2481548,459,2708
66704529,30.26,5310,71000422,159976.8005,621716.5288,286.9194349,458,2698
66702426,18.51,5305,71000422,159900.9816,621801.6639,270.637124,467,2749
66709128,13.105,9200,71000312,158689.9833,617448.8645,306.9714769,304,1791
66707894,13.5,9200,71000312,158650.4292,617430.5287,533.9238662,308,1816
66705634,13.105,9200,71000312,158717.5912,617473.1969,348.0291353,299,1763
66704856,7.22,9200,71000312,158799.9735,617530.2479,542.5354451,288,1698
66708052,9.615,9200,71000312,158753.7257,617504.7825,462.835636,293,1728
66707100,13.345,9200,71000312,158553.2453,617366.5536,434.6944469,322,1897
66705587,13.675,9200,71000312,158589.7396,617385.6662,323.140542,317,1871
66706285,13.5,9200,71000312,158580.5907,617470.8161,730.0078714,304,1789
66705582,13.345,9200,71000312,158522.0834,617441.8724,573.7620778,311,1830
66708310,13.5,9200,71000312,158620.1159,617407.278,396.4027254,313,1844
66702603,13.675,9200,71000312,158651.8627,617354.5634,312.360627,321,1890
66701594,13.675,9200,71000312,158668.3983,617320.693,354.8373557,326,1921
66709908,13.675,9200,71000312,158655.6856,617285.0351,388.6648756,332,1959
66708835,13.345,9200,71000312,158622.8816,617276.3186,332.3806647,335,1972
66706795,13.345,9200,71000312,158588.4479,617311.7259,544.0770474,330,1944
66707923,13.345,9200,71000312,158542.6811,617286.4864,473.1600977,336,1977
66706337,13.345,5305,71000312,158499.1398,617261.8825,328.5321761,341,2011
66708509,13.345,9200,71000312,158478.8186,617316.8637,275.398961,333,1962
66700153,13.345,9200,71000312,158440.5054,617303.2432,270.4977459,337,1985
66708504,13.735,9200,71000312,158406.8005,617298.1843,252.2264784,339,1999
66704775,13.735,9200,71000312,158371.6391,617297.2391,248.6567695,341,2010
66701170,9.685,9200,71000312,158337.1133,617302.2231,284.9868438,342,2015
66701901,10.03,9200,71000312,158391.6436,617236.5553,567.0449993,350,2062
66708000,9.615,3505,71000312,158829.5689,617469.6571,297.729388,298,1756
66703694,5.475,9200,71000312,158932.9763,617491.03,325.9773713,294,1730
66709871,14.855,9200,71000121,158018.5817,620742.0862,977.4079449,303,1785
66700679,7.05,9200,71000121,158154.181,620715.4625,1036.274368,288,1695
66707033,5.475,9200,71000312,158923.2046,617462.4126,325.9756515,298,1759
66708134,22,6520,71000121,158020.5361,621115.482,3341.76473,358,2111
66705315,9.16,6520,71000121,158095.8013,621221.8339,2530.386382,369,2177
66707034,5.23,9200,71000121,158330.6302,620992.6887,195.6951497,319,1878
66704566,18.285,9200,71000412,160164.7198,623103.0497,102.469259,690,4067
66700016,18.285,9200,71000412,160201.9729,623120.4766,112.4839228,695,4095
66702429,18.285,9200,71000412,160212.0465,623117.4921,116.7463216,695,4095
66708165,18.285,9200,71000412,160236.2369,623227.4474,167.6981818,714,4207
66703681,18.285,9200,71000412,160243.2024,623238.8153,99.51868012,716,4220
66705602,18.285,9200,71000414,160062.0634,623072.6939,238.3216788,680,4008
66702410,18.85,9200,71000412,160305.3537,622973.5185,169.8149458,677,3989
66707351,18.285,9200,71000412,160360.8235,622925.5003,180.7410043,672,3963
66701509,18.285,9200,71000412,160398.036,622905.8891,205.2708796,672,3958
66708458,12.92,9200,71000412,160453.2224,622895.4845,231.8625584,673,3969
66707006,12.92,9200,71000412,160444.9966,622880.8956,229.4044209,671,3953
66706632,13.52,9200,71000412,160429.4098,622851.2329,223.8157371,665,3919
66706990,13.52,9200,71000412,160493.9683,622816.5062,194.1653255,664,3912
66707466,8.62,9200,71000412,160546.6205,622826.4281,252.2088635,669,3942
66704959,9.755,9200,71000412,160563.6655,622797.7321,241.8307556,666,3923
66709754,8.755,9200,71000412,160606.9021,622793.5616,142.7575246,668,3937
66706484,9.755,9200,71000412,160580.9493,622827.9838,182.1686881,671,3958
66706830,13.52,9200,71000412,160552.0823,622843.2221,166.9608061,672,3960
66701038,8.755,9200,71000412,160600.2479,622778.4707,191.2613942,665,3921
66704926,8.755,9200,71000412,160620.3947,622748.8952,190.6760489,662,3902
66708728,8.755,9200,71000412,160569.5985,622718.9574,178.9671211,654,3854
66704319,9.755,9200,71000412,160561.4962,622705.1833,208.8063451,651,3838
66703614,8.755,9200,71000412,160576.7473,622734.5755,166.0656985,657,3871
66700000,10.035,9200,71000412,160639.6871,622701.4237,218.6247255,656,3868
66704029,10.605,7600,71000423,159832.519,622210.1312,3353.344869,529,3116
66707945,4.645,9200,71000414,159502.3447,622534.4357,256.7988935,570,3359
66702670,10.06,9200,71000414,159451.6494,622512.9664,233.9467521,565,3330
66705237,10.06,9200,71000414,159423.5162,622524.5602,209.758092,566,3337
66707181,4.87,9200,71000414,159334.7285,622600.0852,282.5063633,577,3401
66707878,4.87,9200,71000414,159381.8345,622604.6564,251.5127848,579,3411
66709368,4.87,9200,71000414,159408.7855,622670.8878,177.4195581,590,3480
66704436,4.87,9200,71000414,159430.9614,622659.9969,226.0771676,589,3472
66708676,4.345,9200,71000414,159462.84,622733.118,198.0387589,602,3549
66702904,4.87,9200,71000414,159330.0959,622783.4309,234.5151926,608,3582
66709588,9.505,9200,71000414,159881.1735,622487.0387,221.2378819,576,3396
66709351,24.925,9200,71000415,160137.5288,622325.2597,723.0482336,564,3323
66700121,24.98,9200,71000415,160180.193,622304.5892,756.1201645,563,3319
66705680,24.98,9200,71000415,160247.4157,622282.2454,603.1339025,564,3324
66707274,14.585,9200,71000415,160304.4081,622282.2002,716.6718859,568,3346
66707753,22.77,5310,71000415,160231.856,622366.962,886.5453122,576,3396
66709855,26.015,5310,71000415,160249.833,622331.343,892.1285855,572,3370
66705034,24.915,6600,71000415,160183.7725,622360.4307,1332.524565,572,3372
66700097,22.77,9200,71000415,160220.4006,622233.6222,647.3138767,555,3269
66703890,28.9,9200,71000415,160283.1217,622158.3904,748.9623405,547,3225
66709250,30.385,9200,71000415,160336.1482,622138.8344,725.3370121,548,3229
66701229,13.105,9200,71000312,158534.6407,617594.5307,99.54622514,285,1679
66703380,13.105,9200,71000312,158555.2986,617585.8035,78.12504162,286,1683
66706135,13.105,9200,71000312,158543.1144,617580.2049,88.69579413,287,1691
66703536,13.105,9200,71000312,158515.9135,617580.0371,95.1363927,288,1698
66707557,13.5,9200,71000312,158524.4397,617566.8657,102.6970417,290,1709
66706618,13.5,9200,71000312,158501.2403,617556.0045,98.91667908,293,1725
66702772,13.5,9200,71000312,158497.5159,617539.7028,99.19713116,296,1742
66703871,13.5,9200,71000312,158514.1462,617552.7121,84.84556911,293,1725
66704583,13.5,9200,71000312,158509.9733,617535.8538,98.07667886,296,1742
66709271,13.5,5305,71000312,158539.4136,617517.1466,231.8744569,297,1753
66701778,13.105,9200,71000312,158620.2446,617563.1803,261.2577328,287,1691
66708157,13.5,9200,71000312,158509.9125,617490.6882,324.9099882,303,1786
66700051,13.105,9200,71000312,158524.3388,617627.0033,357.3741215,280,1650
66705250,13.5,9200,71000312,158465.0656,617585.6738,305.1737445,290,1706
66709821,13.5,9200,71000312,158435.4322,617555.7758,552.609892,296,1744
66708123,10.465,9200,71000312,158575.3372,617655.1901,624.4848295,273,1611
66703642,10.035,9200,71000412,160631.9487,622685.3388,220.7995999,653,3850
66707740,10.035,9200,71000412,160624.5598,622671.3415,153.3789754,651,3834
66705825,10.035,9200,71000412,160615.6769,622640.6241,205.9513912,645,3803
66704867,5.88,9200,71000312,158663.1695,617718.2438,720.2419303,260,1530
66704013,7.055,9200,71000312,158673.5557,617667.0384,653.2808783,268,1579
66706481,10.465,9200,71000312,158622.1134,617630.7567,682.5087266,276,1624
66703948,9.615,9200,71000312,158655.8311,617589.5795,461.050565,281,1658
66705177,11.8,9200,71000312,158674.1853,617533.2154,983.5653686,290,1711
66708091,13.345,9200,71000312,158449.2382,617509.6434,662.7669338,303,1784
66706039,13.345,9200,71000312,158477.8028,617474.5721,407.3929658,307,1810
66704655,13.375,9200,71000312,158359.9117,617499.0095,545.9679634,309,1821
66704812,13.105,9200,71000312,158617.0585,617497.6626,647.2618662,298,1756
66703701,18.285,9200,71000412,160660.3063,623015.2404,181.929071,706,4161
66707317,8.51,9200,71000412,160720.6606,622866.1426,204.5282007,687,4051
66700146,8.51,9200,71000412,160702.6804,622874.0409,192.9322433,687,4051
66704532,9.755,9200,71000412,160657.1802,622898.4673,197.9165825,688,4053
66709638,8.755,9200,71000412,160626.1085,622915.0925,164.4243792,688,4056
66709839,18.285,5305,71000412,160557.711,622985.2305,274.9299413,694,4092
66706379,18.285,5305,71000412,160532.1521,622999.2005,281.2301415,695,4095
66707847,18.285,5305,71000412,160561.37,622958.1311,155.292171,690,4069
66701492,18.285,9200,71000412,160391.2372,623138.5912,277.1879048,708,4173
66705996,18.285,9200,71000412,160358.5163,623150.008,134.9695216,708,4173
66701598,18.285,9200,71000412,160327.7591,623144.1481,104.7041129,705,4157
66703447,18.285,9200,71000412,160343.3384,623114.2736,130.9641089,701,4134
66704064,5.475,9200,71000312,158838.7765,617729.1178,215.2640462,254,1496
66708075,6.645,9200,71000312,158836.5917,617708.668,113.0573831,257,1517
66705625,5.475,9200,71000312,158824.9842,617690.3133,209.1731585,261,1536
66704056,5.475,9200,71000312,158731.7951,617721.3869,202.5942366,257,1516
66703171,5.475,9200,71000312,158744.6271,617701.2849,117.3276792,260,1534
66705650,6.045,9200,71000312,158714.5682,617703.6782,111.684072,261,1536
66705113,6.045,9200,71000312,158723.2994,617693.2271,81.47292885,262,1545
66701161,6.045,9200,71000312,158734.2249,617684.3439,105.1472481,263,1552
66703372,5.475,9200,71000312,158711.5773,617678.1806,196.782338,265,1561
66702348,5.475,9200,71000312,158726.8856,617670.064,105.4975255,266,1567
66707199,18.285,9200,71000412,160339.4318,623105.7369,91.65903434,700,4125
66702120,18.285,9200,71000412,160369.404,623089.1405,107.1014709,699,4119
66703201,18.285,9200,71000412,160317.3525,623120.3557,258.0201478,701,4131
66705473,18.285,9200,71000412,160282.5403,623130.6166,169.8839606,701,4130
66704659,18.285,9200,71000412,160278.0333,623180.7895,198.6818424,709,4176
66703594,18.285,9200,71000412,160300.6637,623089.2652,109.0681005,695,4096
66700362,18.285,9200,71000412,160317.4189,623080.0426,205.0085296,695,4093
66708087,18.285,9200,71000412,160279.6728,623056.5176,113.9776581,689,4059
66705965,18.85,9200,71000412,160330.3478,623011.9575,172.4690033,684,4034
66703307,18.285,9200,71000412,160245.8875,623104.1835,141.6745159,694,4093
66707781,18.285,9200,71000412,160194.1462,623088.9539,264.5476498,689,4062
66701370,5.565,9200,71000414,159717.5307,622453.0865,220.2702727,564,3321
66704295,9.465,9200,71000414,159789.2299,622447.2449,257.4767409,566,3333
66705677,14.495,5305,71000414,159756.5342,622358.6564,251.5797697,550,3239
66705481,21.775,5305,71000414,159800.563,622341.9047,258.1069424,549,3234
66704554,10.05,9200,71000414,159769.0775,622387.9913,188.4864944,555,3271
66702939,20.22,9200,71000414,159836.16,622363.4582,227.8785676,554,3264
66708851,7.055,9200,71000312,158708.2181,617655.127,241.2564227,269,1585
66704577,5.475,9200,71000312,158725.1515,617652.0843,103.6156602,269,1585
66701848,6.045,3505,71000312,158802.5641,617650.8124,256.0769951,268,1577
66700979,5.475,3505,71000312,158812.3659,617668.0224,114.5273569,265,1559
66706481,5.475,9200,71000312,158858.6108,617668.056,666.7225451,264,1556
66704081,7.055,9200,71000312,158709.7122,617612.5716,496.9266738,276,1627
66702870,5.475,9200,71000312,158822.0047,617600.2466,647.7532594,276,1626
66708586,7.22,9200,71000312,158765.3491,617578.9285,510.8936646,280,1653
66703864,11.8,9200,71000312,158619.4766,617601.9379,86.73621156,280,1653
66708948,11.8,9200,71000312,158618.6107,617588.4163,96.88594859,283,1666
66707619,11.8,9200,71000312,158601.8554,617597.4478,86.19352882,282,1661
66703995,11.8,9200,71000312,158585.0544,617599.2998,106.3516446,282,1663
66700750,13.105,9200,71000312,158585.2497,617581.0963,70.70397378,285,1680
66704303,11.8,9200,71000312,158600.9889,617580.6026,104.0268392,285,1678
66703004,13.105,9200,71000312,158569.5874,617602.1181,78.89472776,282,1664
66701188,13.105,9200,71000312,158571.0552,617585.152,82.88599958,285,1680
66709307,13.105,9200,71000312,158552.7372,617601.3048,92.68566154,283,1668
66705539,18.285,9200,71000414,160114.8114,623209.8485,229.7417956,705,4155
66705046,18.285,9200,71000414,160071.6773,623207.0983,201.9660454,702,4140
66701378,18.285,9200,71000414,160051.0158,623234.9943,232.3344735,706,4162
66707641,18.285,9200,71000414,160036.3322,623198.2019,300.9065835,699,4122
66705308,18.285,9200,71000414,160094.6434,623153.6285,218.5745533,695,4095
66708825,18.285,9200,71000414,160181.4229,623278.7421,217.1636181,719,4240
66702123,4.875,9200,71000312,158912.4769,618017.7392,249.3824745,204,1204
66703488,4.845,9200,71000312,158938.8984,618037.3863,355.1848403,201,1184
66702765,18.285,9200,71000412,160292.4746,623269.6697,85.1522427,724,4265
66705392,18.285,9200,71000412,160308.8449,623266.1071,87.32094043,724,4266
66702092,18.285,9200,71000412,160331.6709,623248.0515,82.4839078,722,4257
66707669,18.285,9200,71000412,160335.9269,623256.3749,81.13334428,724,4266
66708298,18.285,9200,71000412,160322.7094,623228.9885,110.3709985,719,4236
66706438,18.285,9200,71000412,160366.0492,623241.0557,89.80558695,723,4261
66700526,18.285,9200,71000412,160346.7337,623210.6629,246.2757236,717,4226
66705832,18.285,9200,71000412,160372.122,623205.1383,165.0822599,718,4230
66707123,18.285,9200,71000412,160393.7132,623179.9905,105.9866937,715,4213
66706506,18.285,9200,71000412,160411.8096,623216.608,88.09004348,722,4254
66701059,18.285,9200,71000412,160419.9985,623179.725,135.8636632,716,4222
66701230,18.285,9200,71000412,160454.6397,623179.7282,106.0573719,718,4234
66706554,12.92,5305,71000412,160587.3494,623114.1082,295.8543198,716,4222
66709555,18.285,9200,71000412,160630.5009,623092.8442,217.4653111,716,4220
66707923,9.02,9200,71000412,160747.9272,623026.2909,173.1404706,714,4208
66709829,9.02,9200,71000412,160763.3296,623017.2992,137.2850015,714,4206
66703836,8.53,9200,71000412,160815.0845,622973.834,188.4000296,711,4190
66706240,8.51,9200,71000412,160774.5434,622931.8285,226.4122541,701,4134
66701394,8.51,9200,71000412,160755.7989,622903.7723,139.4690409,696,4101
66709633,9.755,9200,71000412,160706.3204,622951.2063,227.5189973,699,4122
66702486,9.755,9200,71000412,160670.6238,622970.0996,181.7845017,700,4124
66705145,4.36,9200,71000312,158969.1864,618048.6577,249.8112269,199,1172
66708575,4.375,9200,71000312,159002.9627,618050.3639,277.8479766,199,1172
66700156,4.24,9200,71000312,159034.8486,618042.8865,284.6235087,200,1181
66706927,4.845,9200,71000312,159056.6968,617897.4499,452.1318517,225,1328
66701382,5.475,9200,71000312,158841.831,617765.2917,714.6256166,248,1460
66702482,5.475,9200,71000312,158971.2145,617735.7589,836.7735572,252,1485
66708246,5.475,9200,71000312,158961.4771,617681.7106,759.0399978,261,1539
66700711,4.875,9200,71000312,159055.0748,617833.3725,524.8243863,236,1391
66703583,4.875,9200,71000312,159040.2869,617789.9188,639.4936966,243,1434
66707592,5.43,9200,71000312,159030.1506,617743.2996,804.2400711,251,1480
66703600,4.875,9200,71000312,159088.3056,617691.7164,1081.545896,260,1535
66706492,5.085,9200,71000312,159099.7577,617647.9765,1008.067317,268,1580
66706640,5.475,9200,71000312,158906.6993,617702.4265,1313.658057,258,1519
66704767,5.43,6512,71000312,159030.4964,617704.0988,571.605658,258,1519
66703856,5.475,9200,71000312,158866.0739,617726.1363,479.6197168,254,1497
66707603,5.475,9200,71000312,158760.8571,617736.7909,114.4575051,254,1496
66706900,5.475,9200,71000312,158780.0527,617742.7043,119.4785294,253,1488
66709444,5.475,9200,71000312,158768.0506,617722.8195,115.9273463,256,1509
66702969,5.475,9200,71000312,158769.8261,617707.6798,108.5765903,259,1524
66702940,5.475,9200,71000312,158799.688,617740.2261,122.2278276,253,1489
66709951,5.475,9200,71000312,158795.5464,617722.0045,93.80576202,256,1507
66708762,5.475,9200,71000312,158791.3631,617705.8722,112.4272241,259,1524
66701755,6.645,9200,71000312,158818.8605,617735.3717,121.8090961,253,1492
66701409,5.475,9200,71000312,158812.2401,617718.2255,121.3876787,256,1509
66706393,5.475,9200,71000312,158805.4476,617702.1048,102.9760092,259,1526
51662573,8.68499924,6535,71000113,158626.5485,619271.2987,4173.318037,226,781
51665180,5.735,9200,71000423,159700.081,622215.0682,801.2714675,699,4104
51664591,3.86,9200,71000313,158813.4988,618231.8895,1985.9354,340,1574
51664599,11.87,5330,71000113,159477.6986,619629.9663,2856.4089,281,1671
51662712,5.42,2303,71000113,158709.1251,619271.3544,1021.7775,225,769
66701782,7.095,9200,71000423,158866.0232,621598.1645,369.5994722,404,2379
66701511,6.925,9200,71000423,158884.1209,621623.616,263.0392971,408,2404
66702994,6.925,9200,71000423,158889.6817,621659.062,187.2004463,414,2439
66705584,6.925,9200,71000423,158899.8411,621673.9666,224.0003951,416,2454
66706042,7.02,9200,71000423,158892.8198,621696.5883,207.6799738,420,2476
66704576,7.25,9200,71000423,158924.5144,621728.5927,126.0001738,426,2508
66706089,7.1,9200,71000423,158888.1757,621768.3773,264.3194298,432,2548
66707581,5.495,5305,71000111,159267.9176,620035.9413,340.4801582,148,874
66700288,7.15,9200,71000122,158665.836,621175.7775,219.5200514,335,1976
66702925,16.03,9200,71000424,159980.0812,621188.8235,111.3607107,377,2220
66700020,6.81,5305,71000122,158753.0474,621362.0351,444.9596154,365,2150
66700724,6.945,5305,71000122,158766.8732,621380.1109,217.5994687,368,2167
66709013,7.96999954,9200,71000423,159298.3435,621917.8071,175.2803347,461,2719
66707532,23.79,9200,71000425,159986.0363,620695.6606,352.239937,306,1801
66706893,8.205,9200,71000123,159714.9343,620727.8354,315.360681,287,1689
66708624,8.46,9200,71000123,159712.4528,620751.9854,196.7201613,290,1709
66706536,8.205,9200,71000123,159721.2674,620823.551,391.6794574,302,1777
66707024,7.705,9200,71000123,159714.7457,620854.0696,128.8009402,306,1802
66700175,19.885,5305,71000415,160372.086,622190.3089,295.3600469,558,3291
66704580,8.445,9200,71000426,160385.0347,621437.3396,171.6808386,448,2639
66703528,6.83,9200,71000423,158691.0794,621462.0686,161.6804575,383,2256
66703254,7.03,9200,71000423,158739.6572,621464.6054,171.6796847,382,2254
66704152,7.42,9200,71000423,158818.8782,621466.6401,214.7201126,382,2250
66705140,7.225,9200,71000423,158835.6091,621468.6099,164.0001734,382,2251
66703231,7.225,9200,71000423,158898.951,621470.3477,141.0401966,382,2250
66704318,6.96,9200,71000423,158710.2439,621499.6622,250.2404115,389,2292
66708902,6.495,9200,71000423,158791.718,621521.8316,119.0399714,391,2307
66700913,7.66,9200,71000423,158748.8665,621553.6654,114.0795006,397,2342
66707405,6.94,9200,71000423,158839.4292,621563.6396,281.6005428,398,2345
66702876,9.305,9200,71000123,159642.5827,620567.3752,150.5605595,257,1513
66700221,9.305,9200,71000123,159731.5288,620567.1552,286.3989283,264,1555
66704766,9.085,9200,71000415,160508.4907,622358.7485,274.5608143,594,3502
66701704,18.285,9200,71000412,160423.724,622739.2823,251.8406356,647,3813
66703619,3.91,9200,71000414,159557.0686,622756.8714,59.84001934,609,3587
66704518,13.52,9200,71000412,160376.4365,622766.0166,176.6409669,648,3820
66702541,5.13,9200,71000123,159095.359,620887.4896,67.99989169,284,1673
66701552,20.49,9200,71000214,160050.9792,620323.8617,468.0006735,264,1556
66707048,6.3,9200,71000123,159700.3563,620895.6988,283.1987826,311,1834
66706579,7.23,9200,71000426,160234.6359,620899.4815,767.8400614,358,2112
66708786,5.4,5305,71000232,160604.585,620923.2273,288.4805919,402,2372
66701214,5.685,9200,71000123,159686.3224,620928.2158,190.8808597,315,1858
66705014,7.18,6520,71000123,159072.1098,620936.1506,54.40032365,292,1719
66707440,12.23,9200,71000426,160198.003,620949.4452,58.9602623,361,2130
66702028,5.85,9200,71000123,159662.1459,620961.6808,335.9995144,319,1880
66701787,20.49,9200,71000214,160060.1231,620355.9747,254.0798445,269,1586
66705631,18.285,9200,71000412,160197.9702,623169.9552,52.79975055,703,4141
66704504,6.96,9200,71000423,158821.836,621577.0388,280.8000826,400,2360
66705773,7.85,9200,71000123,159769.6718,620689.6522,129.3591657,285,1681
66704408,7.29,9200,71000123,159759.4454,620592.8424,197.4396991,270,1592
66700925,7.29,9200,71000123,159655.4359,620608.5001,163.839013,264,1555
66706564,8.23,5305,71000123,159783.529,620614.4031,252.6403651,275,1622
66709105,8.55,5305,71000123,159762.2961,620626.0338,152.3194743,275,1622
66706742,7.29,9200,71000123,159682.7075,620638.267,203.0400939,271,1594
66709717,5.67,9200,71000123,159012.4232,620664.3839,402.7203443,245,1445
52579749,5.43,7300,71000324,155190.1,616101.56,131.66,914,9906
52609969,12.5,7300,71000324,157646.808,615927.3102,1151.852725,684,6415
53353031,20.91,7300,71000324,157260.7584,616137.0358,3714.412198,700,5700
52601696,15.9,7300,71000324,157935.6147,616227.5584,2584.955621,683,6313
52605656,23.5,7300,71000324,158454.0552,615683.4124,3111.4299,618,5681
52605769,13.7,7300,71000324,157589.911,615930.9434,794.81215,691,6474
52607147,11.7,7300,71000324,157778.3521,615941.3441,504.87745,656,6180
52606697,6.71428571,7300,71000324,157585.3317,616207.9256,490.7610691,698,6459
52604777,18.6,7300,71000324,157340.545,616073,560.1892,707,5908
52608631,13.7,7300,71000324,157850.6515,615520.3675,4359.2121,629,5831
52604834,6.42857143,7300,71000324,157659.3842,616203.5153,604.614739,701,6483
53352114,15,7300,71000324,157602.0515,616244.4547,406.88376,704,6498
53351482,21.9,7300,71000324,158082.1764,616046.5023,1685.118,703,6306
53351369,17.61,7300,71000324,157734.2489,616213.4587,1662.5824,730,4799
52595096,24.8,7300,71000324,158663.3125,616057.3633,1464.439,714,6780
52610495,17.4,7300,71000324,157140.1789,615834.821,946.007379,655,6591
52581215,16.1,7300,71000324,157665.8591,616221.4576,484.882,705,6502
52609040,8,7300,71000324,157869.5471,615377.6103,356.33105,617,5828
52609118,19.18,7300,71000324,157161.2969,615890.3271,1900.9702,657,6604
52617619,7.4,7300,71000324,157921.1969,615539.3282,336.16855,618,5722
52616394,17.4,7300,71000324,157606.2809,616264.1787,458.9163656,707,6518
52613284,16.63,7300,71000324,157988.6076,615408.4406,1704.171492,613,5788
52615073,18,7300,71000324,157457.3975,616245.7585,549.1821,698,6576
52619535,13.46,7300,71000324,157492.7159,615962.0749,544.6907065,703,6535
52612345,11.4,7300,71000324,157900.4354,615415.1048,640.42,613,5791
52635391,19.1,7300,71000324,157540.3578,616220.3893,1024.096675,638,5394
52639174,21.45,7300,71000324,158361.1978,616205.2063,4297.1833,693,6435
52636292,18.9,7300,71000324,157795.4013,616403.6471,1522.0375,629,5353
52680057,12.4,7300,71000324,157499.3793,615980.0197,545.9505,700,6516
52675857,13.6,7300,71000324,157858.7795,616195.598,725.4096,681,6322
52629266,10.12,7300,71000324,155278.8842,616028.2855,97.44080001,914,9902
52630150,8.73,7300,71000324,155285.6984,616047.2507,118.1627,915,9908
52656398,13,7300,71000324,157510.8097,615996.8834,556.12485,698,6497
52674376,24.4,7300,71000324,158808.452,615958.3492,797.2509,730,6952
52691596,17.9,7300,71000324,157329.2612,616005.6057,632.4486,683,5773
52692998,22.3,7300,71000324,158200.5308,616137.0636,2369.7525,688,6343
52746788,18.16,7300,71000324,157278.1957,615883.5194,12596.18319,663,6720
52740384,20.4,7300,71000324,158402.4419,615816.5327,3050.9397,657,5837
53376350,15.8,7300,71000324,158093.3793,615586.029,871.5532,574,5425
52720301,12.4,7300,71000324,157570.1098,615983.4561,463.50755,697,6490
52722060,14.7,7300,71000324,157919.323,615878.766,987.79,621,5814
52769361,6.58,7300,71000324,157765.324,615493.107,649.63895,642,5915
53382305,12.06,7300,71000324,157592.4057,615997.4788,133.609057,713,6506
52769323,16.7,7300,71000324,157431.459,616178.1085,738.5521,691,6495
52757965,31.6,7300,71000324,158762.1619,615990.4351,4137.70285,725,6897
53379441,29.9,7300,71000324,158698.3963,616019.3931,2711.7585,718,6827
52770323,12.58,7300,71000324,157372.346,615997.2483,730.2093,676,5730
52768338,14.1,7300,71000324,158177.4345,616070.0502,2437.2029,697,6307
52761227,15.9,7300,71000324,157406.3164,616150.8916,489.5829111,745,6860
52769635,15.2,7300,71000324,158134.5478,615579.9586,813.6254,570,5384
53380613,18.3,7300,71000324,157264.5426,616028.0493,753.0065655,696,5842
52756148,13.2,7300,71000324,157885.7693,615884.542,1014.5925,679,6301
52757008,18.86,7300,71000324,157387.784,616205.6869,817.21405,687,5592
52755620,8.4,7300,71000324,157733.1029,615903.5015,635.41,673,6322
53378238,28.55,7300,71000324,158474.9032,616144.9599,3149.710409,694,6572
52757032,4,7300,71000324,157646.7161,616186.5043,495.5407075,699,6463
52756230,15.9,7300,71000324,157953,615873.5,1101.9084,620,5813
52757554,8.72,7300,71000324,155300.4906,616035.3699,174.0676585,869,9294
52756057,18.1,7300,71000324,158065.8344,616002.0384,1674.0234,640,5990
52755533,11.3,7300,71000324,157547.3266,615944.8943,192.0672145,702,6534
52778204,24,7300,71000324,157359.9552,616345.6036,2485.13765,673,5492
52761971,10.4,7300,71000324,157568.8916,615927.7315,363.3693,693,6495
52758473,12.36,7300,71000324,158179.1448,615508.8236,215.788235,628,5854
52756563,15.3,7300,71000324,157450.9024,616030.1137,1201.77115,663,5607
52760001,14.1,7300,71000324,158105.0304,616100.7903,2425.67265,703,6306
52760003,11.2,7300,71000324,157843.2762,616135.7696,447.54,662,6204
52761066,18.3,7300,71000324,158125.8518,616168.9902,2639.92398,673,6161
52761130,34.8,7300,71000324,158354.8246,615693.448,602.47405,586,5487
52789162,15.9,7300,71000324,157658.8271,616536.752,576.3373,630,5232
52790064,21.16,7300,71000324,157451.3458,616366.267,867.2104,654,5418
52790554,28.4,7300,71000324,157500.395,616343.5,812.6373,635,5307
52854306,22.54,7300,71000324,158292.0005,616243.6121,4075.7813,693,6435
52892792,19.2,7300,71000324,157441.364,616331.9423,852.1646062,658,5451
52866152,18.1,7300,71000324,157417.2019,616272.45,706.98255,676,5516
52867243,18.5,7300,71000324,157657.3208,616457.9854,1431.349,629,5227
52867721,20.11,7300,71000324,157699.9261,616593.452,5554.43028,643,5301
53406086,16.2,7300,71000324,157683.9885,616275.7221,619.0984245,648,5416
61237818,15.28,7300,71000324,158068.7079,616274.807,1159.010974,686,6298
52923710,4,7300,71000324,157673.6489,616241.6625,458.1608299,708,6524
52923769,22.08,7300,71000324,157234.5938,616427.8731,5753.352569,607,4973
52925153,21.8,7300,71000324,157467.275,616452.35,1504.3479,632,5299
52915708,17.8,7300,71000324,157676.0868,616360.3866,1565.457509,625,5261
52921369,15.7,7300,71000324,157786.0849,616319.5622,1424.317255,631,5378
53412172,19.29,7300,71000324,157538.6246,616420.215,1467.077753,719,6768
52943379,20.4,7300,71000324,157422.3026,616226.8622,1885.518215,696,6545
52940117,17.7,7300,71000324,157627.2879,616303.1462,237.42895,636,5353
52940123,17.3,7300,71000324,157548.445,616268.035,929.4808,634,5347
52941925,19.5,7300,71000324,157461.9774,616292.6714,321.4389748,701,6620
52924194,23,7300,71000324,157309.015,616250.845,2585.33815,685,5578
52988756,12,7300,71000324,157859.5,616154.845,236.377,665,6228
52960518,17.4,7300,71000324,157572.7195,616314.8247,1011.598272,633,5298
52977178,25.2,7300,71000324,157364.643,616493.6583,3413.2221,612,4948
53034317,13,7300,71000324,157509.97,616022.0747,559.5852,695,6473
53168207,18.9,7300,71000324,157337.9265,616049.6383,554.45065,703,5885
52699866,24.81,7300,71000324,158830.3562,615881.259,363.3967333,734,6996
52763768,29.8,7300,71000324,158230.2203,615839.7484,4747.9767,674,6214
52605802,12.33,7300,71000324,157991.4252,615502.1489,1432.549135,603,5694
52644683,15.24,7300,71000324,157354.565,615849.9991,1108.83313,667,6801
52941943,20.04,7300,71000324,155839.8375,616305.4479,271.2101678,971,9721
53412629,19.9,7300,71000324,157434.3079,616304.5675,689.0086093,671,5482
52579325,30.6,7300,71000324,158413.0697,616178.0358,2959.977975,688,6503
52580244,13.46,7300,71000324,157687.2645,615784.4931,5292.432394,687,7138
52629327,33.6,7300,71000324,158748.5311,615868.4164,7645.210391,729,6934
52634520,26.3,7300,71000324,158570.3404,616092.8285,8913.090442,705,6681
52611793,15.7,7300,71000324,158050.4187,616176.5591,1831.295109,650,6128
52960247,21,7300,71000324,158281.2195,615716.9,7426.552702,593,5422
53350409,14.3,7300,71000324,158001.0445,616133.9528,2012.406875,658,6105
52909555,18.5,7300,71000324,157950.838,616258.9869,3092.424671,671,6339
52901968,25,7300,71000324,157420.8856,616574.1866,3460.64452,597,4937
53402376,23.9,7300,71000324,157259.1253,616539.6466,7447.222491,600,4913
52879578,15.3,7300,71000324,157709.2999,616234.5573,995.1284517,653,5456
53404398,23.1,7300,71000324,157329.0845,616306.8753,3239.30649,677,5524
52900170,19.7,7300,71000324,157823.4985,616297.5744,1979.688384,635,5422
52870053,23.9,7300,71000324,157528.783,616522.2501,4313.042067,609,5058
52854270,25.7,7300,71000324,158223.4929,616263.9166,5406.977314,670,6290
52924423,25.4,7300,71000324,157500.852,616433.738,2044.140547,628,5261
52923498,16.93,7300,71000324,157675.7493,616257.2185,459.0758945,724,4736
53452495,16.2,7300,71000324,158017.9616,616199.298,2582.569692,691,6387
52757040,16.4,7300,71000324,157595.5081,616224.998,379.4356382,701,6477
52758490,11.1,7300,71000324,157541.7496,615928.3293,217.2446088,696,6521
53382985,16.8,7300,71000324,158177.1661,616304.887,6103.450633,683,6294
52822362,18.2,7300,71000324,157745.1908,616327.5197,1827.166429,652,5451
52618128,16.95,7300,71000324,158183.8958,615564.9635,261.5810045,586,5350
52693579,10.2,7300,71000324,157770.5402,615888.0449,703.6051064,669,6284
52735862,10.88,7300,71000324,157998.8606,615626.1474,247.2882382,588,5524
52739046,15.6,7300,71000324,157645.9784,616162.5867,750.4078828,695,6438
52769321,18,7300,71000324,157262.7346,616171.304,551.05986,697,5666
52768777,21.2,7300,71000324,158180.9421,615995.8754,1317.559876,743,6537
52769834,14.4,7300,71000324,157449.3486,615981.0333,1466.63073,749,5050
52617862,12,7300,71000324,157569.0296,615958.8928,644.8268679,700,6513
64915463,24.33,7300,71000324,158397.0701,616014.5282,19601.90988,692,6554
52770670,14.6,7300,71000324,157575.2615,616189.6036,515.2219487,695,6438
52772232,16.67,7300,71000324,158197.6135,615598.3292,224.7733714,564,5316
53376671,15.62,7300,71000324,157989.3374,616098.8106,1619.111832,658,6103
64915465,17.19,7300,71000324,158193.221,615738.7656,2019.337535,593,5422
61233115,14.0759,7300,71000324,157381.6275,616175.8522,413.3263751,692,5623
61233117,7.9924,7300,71000324,157542.5713,616073.6722,962.0589661,690,6413
61233122,17.7545,7300,71000324,157379.1223,616395.225,1018.901188,634,5113
61233125,11.2693,7300,71000324,157924.8664,616151.5985,1768.474416,685,6335
61233126,9.2236,7300,71000324,157833.9029,616161.7191,244.4676411,664,6225
61233111,11.4602,7300,71000324,157778.7504,616198.0084,3446.139799,735,4846
61233113,12.5568,7300,71000324,157547.73,616171.187,1144.202718,656,5537
65060542,11.4085,7300,71000324,158053.7229,615951.7395,47.7254259,640,5990
65021567,14.6977,7300,71000324,155613.6997,616139.529,1248.972996,880,9253
65021574,15.2844,7300,71000324,155623.8098,616018.8235,770.9371469,862,9132
65021579,13.5088,7300,71000324,157406.3435,616097.7842,517.1236976,655,5550
65021581,13.7992,7300,71000324,157373.5307,616027.4251,169.0428197,666,5634
65021582,4,6520,71000324,157614.1572,616032.3799,3653.691111,716,6516
65021583,4,7300,71000324,157708.4812,615937.457,668.6165039,676,6351
65021584,9.5771,7300,71000324,157772.6257,616096.042,2049.399974,677,5774
65060541,7.9244,7300,71000324,157810.5831,616123.7997,758.6985599,659,6184
65021588,8.1083,7300,71000324,157814.4774,616060.6137,254.7121106,682,5828
65021137,10.7863,7300,71000324,155444.7688,616149.6393,1413.513407,869,9294
65021149,10.4563,7300,71000324,155399.3277,616079.3285,389.1439855,869,9294
65021150,10.8443,7300,71000324,155453.3451,616072.5964,304.3306985,869,9280
65064924,8.859,7300,71000324,155497.4263,616118.697,213.7516701,866,9242
65021153,8.7916,7300,71000324,155509.2634,616114.6062,194.2758518,866,9230
65027593,20.0746,7300,71000324,155961.0442,616183.2514,1987.387928,988,9851
65027595,15.6137,7300,71000324,155823.7953,616285.381,30.99838225,974,9743
65027596,12.3126,7300,71000324,155654.2599,616255.5602,969.6705866,905,9374
65021132,10.0674,7300,71000324,155518.1796,616188.7043,189.1009564,888,9291
65021133,10.2102,7300,71000324,155505.8243,616188.5797,186.764431,888,9289
65064921,10.3657,7300,71000324,155506.5829,616152.2482,360.8394758,880,9253
65021134,10.5698,7300,71000324,155545.0435,616146.9727,699.8201165,880,9252
65063321,16.1289,7300,71000324,157749.509,616550.7335,3346.994843,674,5603
65186926,21.2,7300,71000324,157621.611,616379.6774,2636.513026,633,5318
