AssetId,bldgID,BuildingYear,AssetFloor
4275084,51919963,,1
4276212,53042142,,1
4276245,53228530,,1
4290872,52967712,,1
4290879,51935591,,1
4290880,51935837,,1
4290890,51911160,,1
4293930,51954224,,1
4294195,51911427,,2
4294207,51953549,,3
4294461,51953549,,1
4294480,51940292,,1
4294546,51909793,,2
4294611,51900380,,1
4294624,51936500,,1
4294691,51905407,,2
4294693,51910789,,
4294763,51909634,,3
4294769,51901231,,1
4294771,51936990,,
4294777,51918582,,3
4294784,51912301,,
4294787,51907500,,3
4294823,51919469,,4
4294883,52965388,,2
4294885,53225918,,2
4294889,51907979,,1
4294906,51907562,,4
4294907,51911858,,2
4294910,51904117,,1
4294918,51907999,,
4295216,51939402,,1
4295241,51937103,,1
4295312,51938597,,
4298500,51914474,,
4298501,51910849,,3
4298503,53032789,,2
4298504,51937018,,
4298527,51899832,,1
4298552,51662342,,1
4298570,51904631,,1
4298573,51911859,,2
4298606,51908751,,1
4298640,51908586,,
4298642,51909708,,1
4298688,53228984,,
4298726,51899934,,1
4298730,51907544,,1
4298731,51917429,,
4298740,51913315,,1
4298756,53227563,,3
4298760,51908932,,4
4298765,53164609,,1
4298766,51897222,,1
4298772,53228221,,
4298790,51936609,,2
4298807,51917549,,2
4298822,51916284,,1
4299069,51911844,,
4299072,65282064,,1
4299083,65282064,,3
4299099,51921348,,1
4299715,51911643,,1
4299717,51910783,,1
4299748,51902271,,
4299772,51909610,,1
4299799,51915418,,2
4299804,51909919,,2
4385829,51662342,1980,
4385830,51662342,1980,5
4385831,51662342,1980,3
4385832,51662342,1980,5
4385833,51662342,1980,2
4385834,51662342,1980,4
4385835,51662342,1980,4
4385836,51662342,1980,1
4385837,51662342,1980,3
4385838,51662342,1980,4
4385839,51662342,1980,1
4385840,51662342,1980,1
4385841,51662342,1980,5
4385843,51662342,1980,1
4385844,51662342,1980,5
4385845,51662342,1980,1
4385846,51662342,1980,1
4385847,51662342,1980,3
4385848,51662342,1980,1
4385849,51662342,1980,1
4385852,51662342,1980,1
4385853,51662342,1980,5
4385854,51662342,1980,5
4385855,51662342,1980,1
4385856,51662342,1980,2
4385857,51662342,1980,5
4385858,51662342,1980,4
4385859,51662342,1980,3
4385860,51662342,1980,
4386651,51663017,,
4401405,51842616,2000,4
4401407,51842616,2000,1
4401409,51842616,2000,5
4401411,51842616,2000,1
4401413,51842616,2000,4
4401416,51842616,2000,4
4401420,51842616,2000,
4401444,51843120,1970,
4401719,51845014,2005,3
4401720,51845014,2005,3
4401722,51845014,2005,4
4401723,51845014,2005,6
4401724,51845014,2005,3
4401725,51845014,2005,3
4401726,51845014,2005,5
4401727,51845014,2005,3
4401730,51845014,2005,6
4401731,51845014,2005,
4401733,51845014,2005,
4405631,51896987,1950,1
4405632,51896987,1950,
4405633,51896987,1950,
4405782,51898883,1960,
4405783,51898883,1960,1
4405792,51898942,1950,1
4405798,51899117,2021,7
4405799,51899117,2021,5
4405801,51899117,2021,7
4405802,51899117,2021,7
4405804,51899117,2021,6
4405805,51899117,2021,4
4405806,51899117,2021,6
4405809,51899117,2021,3
4405810,51899117,2021,2
4405811,51899117,2021,6
4405812,51899117,2021,
4405813,51899117,2021,
4405814,51899117,2021,1
4405815,51899117,2021,
4405816,51899117,2021,
4405817,51899117,2021,
4405820,51899117,2021,4
4405821,51899117,2021,2
4405823,51899117,2021,5
4405824,51899117,2021,6
4405825,51899117,2021,2
4405863,51899524,1970,
4405951,51900377,1990,1
4406008,51900807,,
4406015,51900991,,
4406095,51901718,1964,4
4406148,51902215,1970,1
4406171,51902587,1980,1
4406172,51902587,1980,1
4406173,51902587,1980,4
4406174,51902587,1980,1
4406175,51902587,1980,2
4406176,51902587,1980,3
4406177,51902587,1980,3
4406178,51902587,1980,3
4406179,51902587,1980,1
4406180,51902587,1980,2
4406181,51902587,1980,1
4406287,51903291,1950,1
4406323,51903534,1950,1
4406334,51903581,2010,3
4406355,51903996,2011,4
4406356,51903996,2011,5
4406358,51903996,2011,6
4406359,51903996,2011,2
4406361,51903996,2011,1
4406362,51903996,2011,2
4406363,51903996,2011,7
4406364,51903996,2011,1
4406365,51903996,2011,1
4406367,51903996,2011,1
4406368,51903996,2011,1
4406369,51903996,2011,
4406370,51903996,2011,9
4406371,51903996,2011,3
4406372,51903996,2011,
4406373,51903996,2011,
4406374,51903996,2011,6
4406375,51903996,2011,1
4406376,51903996,2011,6
4406380,51903996,2011,1
4406381,51903996,2011,5
4406382,51903996,2011,9
4406383,51903996,2011,3
4406386,51903996,2011,
4406387,51903996,1950,1
4406389,51903996,2011,
4406391,51903996,2011,6
4406392,51903996,2011,6
4406393,51903996,2011,5
4406394,51903996,1950,2
4406395,51903996,2011,7
4406430,51904076,1980,1
4406547,51904227,1980,1
4406571,51904527,1976,1
4406572,51904527,1976,
4406577,51904585,1930,1
4406578,51904585,1930,
4406599,51904723,1950,3
4406601,51904733,1950,1
4406603,51904733,1950,1
4406619,51904894,1970,
4406620,51904898,1970,
4406719,51905495,1996,1
4406736,51905695,1970,
4406737,51905695,1970,1
4406756,51905928,1998,7
4406757,51905931,1960,2
4406758,51905931,1960,
4406759,51905997,1970,
4406767,51906037,1950,1
4406778,51906069,1960,
4406784,51906092,1950,1
4406785,51906092,1950,
4406786,51906092,1950,1
4406787,51906095,1970,1
4406788,51906095,1970,2
4406789,53231445,1970,4
4406790,53231445,1970,4
4406791,51906095,1970,1
4406792,51906095,1970,2
4406793,51906095,1970,3
4406794,51899879,1970,1
4406795,51906095,1970,1
4406796,51906095,1970,2
4406797,51899879,1970,2
4406806,51906152,1970,1
4406807,51906166,1970,1
4406825,51906313,1980,1
4406833,51906354,2025,3
4406839,51906409,1920,1
4406840,51906409,1920,1
4406845,51906518,1970,
4406846,51906518,1970,4
4406859,51906570,1970,
4406860,51906570,1970,1
4406861,51906570,1970,
4406866,51906590,1960,1
4406872,51906597,1950,
4406875,51906651,2000,1
4406879,51906792,1960,1
4406880,51906792,1960,
4406881,51906792,1960,
4406882,51906807,1988,1
4406906,51906999,1955,
4406917,51907038,1940,2
4406922,51907091,2019,5
4406923,51907091,2019,
4406924,51907091,2019,
4406925,51907091,2019,
4406926,51907091,2019,7
4406927,51907091,2019,3
4406928,51907091,2019,1
4406929,51907091,2019,2
4406930,51907091,2019,4
4406950,51907284,1984,2
4407020,51907737,1980,
4407021,51907737,1980,1
4407022,51907737,1980,
4407023,51907737,1980,1
4407037,51907824,1975,1
4407047,51907898,2004,2
4407067,51907950,1970,
4407080,51908001,1960,1
4407081,51908001,1960,
4407082,51908001,1960,1
4407131,51908263,1920,1
4407147,51908405,1985,1
4407148,51908405,1985,1
4407149,51908427,1970,3
4407159,51908493,1960,
4407166,51908550,1970,4
4407197,51908830,1950,2
4407275,51909255,2011,6
4407277,51909255,2011,8
4407278,51909255,2011,6
4407279,51909255,2011,7
4407280,51909255,2011,7
4407281,51909255,2011,7
4407283,51909255,2011,1
4407284,51909255,2011,1
4407285,51909255,2011,1
4407286,51909255,2011,8
4407287,51909255,2011,5
4407288,51909255,1950,1
4407289,51909255,2011,1
4407290,51909255,1950,8
4407291,51909255,2011,8
4407299,51909317,1960,1
4407323,51909460,1995,5
4407377,51909712,1970,1
4407378,51909712,1970,1
4407379,51909712,1970,1
4407380,51909738,,
4407381,51909738,,3
4407382,51909738,,3
4407413,51910035,2007,2
4407414,51940701,2007,
4407415,51910035,2007,2
4407416,53229073,2007,3
4407417,53229073,2007,1
4407418,51910035,2007,1
4407419,51910041,,
4407422,51910101,1950,1
4407440,51910195,1960,1
4407446,51910202,1990,4
4407447,51910202,1990,1
4407448,51910202,1990,3
4407449,51910204,1990,1
4407462,51910383,1975,1
4407466,51910481,1980,1
4407467,51910481,1980,1
4407468,51910482,1970,2
4407473,51910511,1982,1
4407474,51910511,1982,1
4407515,51910781,1950,1
4407516,51910783,1970,1
4407517,51910783,1970,
4407570,51911040,1970,1
4407596,51911119,1990,1
4407599,51911168,1970,2
4407600,51911168,1970,3
4407601,51911179,1970,1
4407621,51911292,1980,
4407630,51911374,1970,
4407631,51911374,1970,2
4407632,51911374,1970,
4407633,51911374,1970,6
4407635,51911395,1960,1
4407644,51911427,1940,2
4407645,51911427,1940,1
4407647,51911442,1970,2
4407648,51911442,1970,1
4407651,51911500,1950,3
4407652,51911500,1950,1
4407653,51911500,1950,1
4407659,51911573,1950,1
4407749,51911834,1960,1
4407750,51911834,1960,1
4407751,51911888,1990,
4407752,51911888,1990,
4407809,51912033,1950,
4407843,51912424,1950,1
4407846,51912472,,
4407847,51912491,,
4407872,51912762,2005,
4407878,51912864,,
4407918,51913093,1940,1
4407919,51913093,1940,1
4407921,51913133,1960,1
4407922,51913180,1960,
4407924,51913193,2000,1
4407927,51913230,1950,1
4407934,51913306,,
4407953,51913568,1995,1
4407956,51913637,1993,1
4407957,51913643,1990,
4407966,51913776,1960,1
4407968,51913776,1960,2
4408009,51914101,1950,3
4408011,51914101,1950,
4408012,51914101,1950,1
4408018,51914174,2015,2
4408066,51914563,1999,
4408088,51914655,1950,
4408089,51914675,1995,1
4408090,51914678,1950,1
4408091,51914678,1950,2
4408276,51915043,2003,1
4408277,51915043,2003,
4408278,51915043,2003,1
4408279,51915043,2003,1
4408280,51915043,2003,
4408289,51915383,1960,2
4408290,51915447,1960,
4408291,51915447,1960,1
4408292,51915447,1960,
4408300,51915588,1970,1
4408301,51915588,1970,2
4408302,51915588,1970,2
4408303,51915588,1970,4
4408304,51915588,1970,2
4408305,51915588,1970,4
4408315,51915702,,
4408356,51915911,1950,1
4408385,51916146,1970,2
4408386,51916146,1970,1
4408387,51916146,1970,3
4408388,51916146,1970,3
4408389,51916146,1970,1
4408390,51916146,1970,1
4408391,51916146,1970,2
4408392,51916146,1970,
4408393,51916146,1970,4
4408394,51916146,1970,1
4408395,51916146,1970,1
4408396,51916146,1970,2
4408397,51916146,1970,3
4408398,51916146,1970,1
4408399,51916146,1970,2
4408400,51916146,1970,1
4408401,51916146,1970,3
4408402,51916146,1970,1
4408403,51916146,1970,4
4408404,51916146,1970,3
4408405,51916146,1970,3
4408406,51916146,1970,3
4408407,51916146,1970,4
4408408,51916146,1970,1
4408409,51916146,1970,3
4408410,51916146,1970,1
4408411,51916146,1970,3
4408412,51916146,1970,
4408413,51916146,1970,1
4408414,51916146,1970,2
4408415,51916146,1970,1
4408416,51916146,1970,3
4408417,51916146,1970,3
4408418,51916146,1970,
4408419,51916146,1970,1
4408420,51916146,1970,3
4408421,51916146,1970,1
4408484,51916334,1960,1
4408537,51916895,1940,
4408553,51916985,1990,1
4408559,51917044,1980,1
4408565,51917058,1975,1
4408566,51917058,1975,1
4408568,51917069,1970,1
4408569,51917069,1970,1
4408587,51917114,2000,1
4408603,51917255,1998,1
4408604,51917255,1998,
4408605,51917391,1990,1
4408606,51917391,1990,2
4408625,51917477,1970,1
4408626,51917477,1970,1
4408631,51917502,1980,3
4408636,53150636,1970,
4408685,51917801,,
4408726,51918174,1980,5
4408727,51918174,1980,5
4408728,51918174,1980,5
4408729,51918174,1980,5
4408730,51918174,1980,1
4408731,51918174,1980,2
4408733,51918174,1980,4
4408734,51918174,1980,3
4408735,51918174,1980,2
4408736,51918174,1980,3
4408737,51918174,1980,1
4408751,51918251,1950,1
4408753,51918251,1950,1
4408757,51918281,1960,2
4408758,51918287,1960,1
4408782,51918369,1991,1
4408786,51918411,1998,
4408788,51918472,1970,1
4408789,51918472,1970,1
4408841,51918632,1970,1
4408898,51919179,1970,1
4408902,51919204,1991,1
4408917,51919223,2014,7
4408918,51919223,2014,2
4408919,51919223,2014,
4408920,51919223,2014,1
4408921,51919223,2014,5
4408922,51919223,2014,2
4408923,51919223,2014,2
4408924,51919223,2014,4
4408926,51919223,2014,4
4408927,51919223,2014,5
4408929,51919223,2014,6
4408930,51919223,2014,4
4408931,51919223,2014,2
4408932,51919223,2014,2
4408933,51919223,2014,3
4408934,51919223,2014,6
4408935,51919223,2014,1
4408936,51919223,2014,1
4408937,51919223,2014,4
4408938,51919223,2014,4
4408939,51919223,2014,3
4408940,51919223,2014,5
4408941,51919223,2014,7
4408942,51919223,2014,6
4409023,51919634,1980,
4409028,51919669,1989,1
4409029,51919669,1989,1
4409030,51919669,1989,1
4409032,51919677,1970,3
4409050,51919813,1995,1
4409051,51919813,1995,1
4409079,51919935,1972,3
4409252,51921836,2025,1
4409254,51921836,2025,1
4409255,51921836,2025,7
4409364,51922806,1996,5
4409365,51922806,1996,4
4409366,51922806,1996,2
4409367,51922806,1996,1
4409368,51922806,1996,1
4409369,51922806,1996,3
4409370,51922806,1996,4
4409371,51922806,1996,5
4409372,51922806,1996,2
4409423,51923184,1995,2
4409424,51923187,1970,
4409427,51923245,1990,3
4409733,51926073,1970,1
4409734,51926073,1970,2
4409735,51926073,1970,4
4409736,51926073,1970,1
4409737,51926073,1970,2
4409738,51926073,1970,4
4409739,51926073,1970,1
4409740,51926073,1970,2
4409741,51937670,1970,4
4409744,51926095,1960,2
4409745,51926095,1960,
4409746,51926100,1970,1
4409802,51926507,1970,
4409803,51926507,1970,1
4410219,51928978,1970,
4410220,51928978,1970,1
4410221,51928978,1970,
4410222,51928978,1970,3
4410223,51928978,1970,2
4410224,51928978,1970,1
4410225,51928978,1970,1
4410267,51929923,1990,1
4410269,51929923,1990,1
4410281,51930394,1980,1
4410398,51931859,1955,1
4410399,51931859,1955,1
4410400,51931863,1970,1
4410401,51931863,1970,1
4410555,51934160,1960,1
4410564,51934371,2001,
4410587,51934853,1993,
4410608,51934964,1999,
4410609,51934964,1999,
4410672,51935272,1980,1
4410673,51935272,1980,
4410679,51935355,2005,1
4410716,51935722,1982,
4410741,51935842,1930,1
4410772,51936063,1980,1
4410788,51936203,1994,2
4410789,51936203,1994,3
4410790,51936203,1994,1
4410806,51936475,1990,3
4410807,51936475,1990,
4410809,51936531,1960,
4410817,51936630,1950,
4410818,51936630,1950,4
4410822,51936686,1996,
4410824,51936752,1980,1
4410880,51936984,1990,3
4410881,51936984,1990,1
4410884,51937039,1992,1
4410893,51937085,1970,1
4410895,51937115,1971,
4410898,51937145,1930,1
4410925,51937484,2003,1
4410929,51937544,1998,2
4410942,51937578,1980,1
4410943,51937588,1990,1
4410963,51937899,1970,4
4410964,51937899,1970,1
4410965,51904965,1970,2
4410966,51937899,1970,1
4410967,51909484,1970,1
4410968,51937899,1970,1
4410969,51904965,1970,3
4410970,51937899,1970,3
4410971,51937899,1970,1
4410972,51937899,1970,2
4410973,51904965,1970,4
4410974,51937899,1970,1
4410975,51909339,1970,3
4410976,51909339,1970,2
4410977,51904965,1970,3
4410978,51937899,1970,1
4410979,51937899,1970,1
4410980,51909339,1970,4
4410982,51937939,1970,1
4410993,51938024,1970,
4410994,51938024,1970,
4410995,51938056,1999,1
4410996,51938071,1930,1
4410997,51938071,1930,1
4411034,51938415,1990,1
4411040,51938505,1970,1
4411041,51938505,1970,
4411042,51938505,1970,
4411049,51938515,1991,1
4411050,51938515,1991,1
4411059,51938576,1970,3
4411060,51938576,1970,1
4411061,51938576,1970,1
4411062,51938576,1970,2
4411063,51938576,1970,1
4411064,51938576,1970,3
4411065,51938576,1970,3
4411067,51938576,1970,1
4411068,51938576,1970,1
4411069,51938576,1970,1
4411070,51938576,1970,2
4411071,51938576,1970,3
4411072,51938576,1970,3
4411073,51938576,1970,1
4411074,51938576,1970,1
4411075,51938576,1970,3
4411076,51938576,1970,1
4411077,51938576,1970,1
4411078,51938576,1970,1
4411091,51938817,1987,1
4411093,51938917,1980,1
4411094,51938934,1950,1
4411095,51938934,1950,2
4411096,51938934,1950,
4411097,51938934,1950,1
4411098,51938934,1950,2
4411099,51938934,1950,1
4411101,51938972,1990,1
4411102,51938972,1990,1
4411103,51938972,1990,1
4411110,51939040,1980,1
4411130,51939385,1980,1
4411131,51939385,1980,1
4411132,51939402,2000,3
4411134,51939432,1970,1
4411138,51939499,1980,1
4411205,51939917,1950,1
4411207,51939948,1981,1
4411208,51939948,1981,1
4411209,51939948,1981,1
4411223,51939988,1970,1
4411224,51939988,1970,1
4411225,51939988,1970,
4411226,51939991,1990,1
4411227,51939991,1990,
4411228,51939991,1990,1
4411229,51939991,1990,1
4411257,51940347,1960,1
4411302,51940680,1960,1
4411303,51940680,1960,1
4411304,51940680,1960,1
4411311,51940735,1960,3
4411312,51940735,1960,1
4411313,51940735,1960,2
4411314,51940735,1960,1
4411315,51940735,1960,2
4411316,51940735,1960,2
4411317,51940735,1960,1
4411318,51940735,1960,1
4411319,51940735,1960,1
4411336,51940822,1970,1
4411337,51940822,1970,1
4411341,51940885,1980,1
4411342,51940885,1980,1
4411358,51940940,1970,1
4411380,51941205,1990,1
4411382,51941264,1980,1
4411388,51941326,1960,1
4411390,51941326,1960,
4411561,51942235,1960,1
4411584,51942245,1988,1
4412513,51953333,1970,1
4412526,51953394,1970,
4412527,51953394,1970,1
4412733,51953931,1970,1
4412797,51954852,1970,1
4412860,51955775,1980,1
4412861,51955775,1980,1
4413328,51962416,1940,
4413332,51962416,1940,1
4413334,51962416,1940,1
4413335,51962416,1940,
4413336,51962416,1940,1
4413340,51962416,1940,1
4413342,51962416,1940,1
4496462,52808923,1950,1
4502052,52965334,,4
4502053,52965334,,1
4502054,52965334,,5
4502056,52965334,,4
4502057,52965334,2023,1
4502058,52965334,,5
4502186,52966720,,
4502249,52968007,1950,
4502250,52968007,1950,1
4503710,52992582,1984,1
4503712,52992602,1960,1
4503713,52992602,1960,2
4503714,52992602,1960,2
4503715,52992602,1960,1
4503716,52992602,1960,1
4506274,53023565,,
4506489,53027834,1950,2
4506811,53032697,1982,
4506845,53033320,1970,
4506914,53034096,1994,1
4508705,53061825,2000,1
4508706,53061825,2000,1
4508707,53061825,2000,1
4509362,53071115,1960,2
4509471,53072320,1990,1
4509478,53072505,1950,1
4509782,53076104,1980,2
4509783,53076104,1980,1
4509784,53076104,1980,1
4509849,53077228,1970,
4510808,53090862,1960,1
4510809,53090895,1950,1
4510881,53091846,1980,
4510882,53091846,1980,1
4510948,53093018,1930,
4510950,53093018,1930,1
4511444,53099051,1990,2
4511445,53099051,1990,1
4511446,53099051,1990,4
4511447,53099051,1990,1
4511448,53099051,1990,4
4511449,53099051,1990,5
4511450,53099051,1990,
4511451,53099051,1990,5
4511452,53099051,1990,3
4511453,53099051,1990,5
4513779,53126713,1980,5
4514049,53129554,1990,2
4515597,53149709,1995,2
4515963,53155092,1985,
4516678,53167431,1950,1
4521048,53224458,1950,1
4521088,53225311,1970,1
4521138,53225586,2001,
4521139,53225586,2001,1
4521140,53225586,2001,1
4521141,53225586,2001,1
4521145,53225607,1958,1
4521146,53225607,1958,1
4521148,53225607,1958,1
4521174,53225752,1970,4
4521175,53225752,1970,8
4521176,53225752,1970,9
4521179,53225752,1970,4
4521180,53225752,1970,8
4521181,53225752,1970,
4521264,53226449,1998,1
4521276,53226595,1997,1
4521308,53227008,1930,3
4521313,53227049,1970,2
4521353,53227379,1950,1
4521366,53227497,1970,
4521370,53227541,1996,1
4521375,53227589,1950,1
4521376,53227621,1980,2
4521378,53227621,1980,3
4521379,53227621,1980,2
4521380,53227621,1980,
4521381,53227621,1980,2
4521382,53227621,1980,2
4521383,53227637,1980,
4521442,53227849,2000,1
4521451,53227924,1990,
4521452,53227924,1990,3
4521453,53227924,1990,1
4521470,53228088,1980,1
4521471,53228088,1980,1
4521473,53228120,1950,1
4521474,53228120,1950,1
4521478,53228137,1984,
4521479,53228137,1984,1
4521482,53228221,1983,4
4521483,53228221,1983,1
4521484,53228221,1983,2
4521485,53228221,1983,
4521486,53228263,1993,1
4521488,53228263,1993,
4521490,53228287,1930,1
4521495,53228345,1980,1
4521502,53228415,1948,1
4521548,53228571,2000,8
4521549,53228571,2000,3
4521550,53228571,2000,4
4521551,53228571,2000,6
4521552,53228571,2000,8
4521553,53228582,1995,1
4521556,53228601,1970,
4521568,53228664,1985,
4521569,53228664,1985,
4521570,53228664,1985,2
4521571,53228664,1985,1
4521572,53228664,1985,1
4521573,53228664,1985,2
4521575,53228667,,
4521646,53228936,1950,1
4521647,53228936,1950,1
4521687,53229187,1983,1
4521689,53229191,1987,
4521835,53230925,1987,1
4521836,53230925,1987,1
4521859,53231365,1940,
4521875,53231497,2006,
4521876,53231497,2006,1
4521877,53231497,2006,1
4521903,53232054,1920,
4521905,53232173,1985,
4521906,53232173,1985,1
4521907,53232173,1985,
4521927,53232322,2017,
4521928,53232322,2017,
4521929,53232322,2017,3
4521930,53232322,2017,
4521931,53232322,2017,2
4521957,53232619,1990,2
4522178,53235375,2023,2
4522245,53236117,1983,1
4522269,53236450,1995,1
4539242,53439539,1970,
4589044,65282066,1960,1
4589045,65282184,1981,
4589046,65282184,1981,1
4589047,65282184,1981,
4589048,65282184,1981,1
4589049,51909408,1980,6
4589050,53228322,1980,1
4589051,51909408,1980,3
4589052,51917676,1980,
4589054,65282248,1980,1
4589056,65282248,1980,1
4589057,65282248,1980,
4589058,65282248,1980,2
4589059,65282248,1980,1
4589060,51909408,1980,1
4589061,65282248,1980,5
4589062,51898174,1980,2
4589063,65282248,1980,1
4589064,65282248,1980,3
4589065,65282248,1980,1
4589066,51917676,1980,
4589067,65282248,1980,5
4589069,65282248,1980,3
4589070,65282248,1980,1
4589071,65282248,1980,1
4589072,65282248,1980,
4589075,51898872,1980,1
4589076,65282248,1980,
4589078,65282248,1980,3
4589080,65282248,1980,4
4589081,65282248,1980,1
4589082,65282249,1980,2
4589083,65282248,1980,1
4589084,65282248,1980,1
4589085,65282248,1980,1
4589086,65282248,1980,5
4589087,65282248,1980,6
4589089,65282249,1980,1
4589090,65282249,1980,3
4589091,65282248,1980,2
4589092,65282248,1980,
4589093,65282249,1980,5
4589095,65282291,1970,
4589097,65282291,1970,1
4589098,65282291,1970,
4589099,65282291,1970,
4589100,65282291,1970,1
4589101,65282291,1970,5
4589103,65282291,1970,3
4589104,65282294,2014,5
4589106,65282294,2014,1
4589107,65282294,2014,2
4589110,65282294,2014,1
4589111,65282294,2014,8
4589113,65282294,2014,1
4589116,65282294,2014,
4589117,65282294,2014,7
4589118,65282294,2014,4
4589119,65282294,2014,2
4589120,65282294,2014,4
4589121,65282294,2014,2
4589122,65282294,2014,
4589123,65282294,2014,3
4589124,65282294,2014,4
4589125,65282294,2014,5
4589126,65282294,2014,1
4589127,65282294,2014,3
4589128,65282294,2014,9
4589129,65282294,2014,5
4589130,65282294,2014,8
4589132,65282294,2014,6
4589133,65282294,2014,
4589134,65282294,2014,
4589135,65282294,2014,1
4589137,65282294,2014,7
4589138,65282294,2014,1
4589139,65282294,2014,5
4589140,65282294,2014,1
4589141,65282294,2014,
4589142,65282294,2014,8
4589143,65282294,2014,1
4589144,65282294,2014,2
4589145,65282294,2014,3
4589146,65282294,2014,4
4589149,65282294,2014,2
4589152,65282294,2014,4
4589154,65282294,2014,2
4589155,65282294,2014,3
4589158,65282294,2014,5
4589159,65282294,2014,3
4589162,65282294,2014,2
4589163,65282294,2014,3
4589164,65282294,2014,1
4589165,65282294,2014,
4589166,65282294,2014,
4589167,65282294,2014,3
4589168,65282294,2014,
4589170,65282294,2014,3
4589171,65282294,2014,2
4589172,65282294,2014,4
4589174,65282294,2014,6
4589176,65282294,2014,
4589177,65282294,2014,7
4589178,65282294,2014,
4589182,65282294,2014,1
4589183,65282294,2014,
4589184,65282294,2014,
4589185,65282294,2014,2
4589186,65282294,2014,7
4589187,65282294,2014,2
4589188,65282294,2014,3
4589189,65282294,2014,9
4589190,65282294,2014,4
4589191,65282294,2014,4
4589193,65282294,2014,1
4589194,65282294,2014,
4589195,65282294,2014,3
4589196,65282294,2014,6
4589198,65282294,2014,5
4589199,65282294,2014,
4589201,65282294,2014,
4589203,65282294,2014,2
4589204,65282294,2014,4
4589205,65282294,2014,1
4589206,65282294,2014,3
4589207,65282294,2014,6
4589208,65282294,2014,3
4589209,65282294,2014,7
4589210,65282294,2014,9
4589211,65282294,2014,6
4589213,65282294,2014,4
4589214,65282294,2014,3
4589215,65282294,2014,5
4589216,65282294,2014,
4589217,65282294,2014,6
4589218,65282294,2014,1
4589219,65282294,2014,3
4589220,65282294,2014,6
4589222,65282294,2014,8
4589223,65282294,2014,4
4589224,65282294,2014,7
4589227,65282294,2014,3
4589229,65282294,2014,5
4589230,65282294,2014,7
4589233,65282294,2014,
4589234,65282294,2014,3
4589235,65282294,2014,2
4589237,65282294,2014,3
4589238,65282294,2014,7
4589239,65282294,2014,8
4589240,65282294,2014,8
4589242,65282294,2014,1
4589243,65282294,2014,4
4589244,65282294,2014,2
4589245,65282294,2014,5
4589246,65282294,2014,1
4589247,65282294,2014,7
4589248,65282294,2014,6
4589249,65282294,2014,
4589250,65282294,2014,5
4589251,65282294,2014,7
4589252,65282294,2014,3
4589253,65282294,2014,2
4589254,65282294,2014,9
4589255,65282294,2014,8
4589256,65282294,2014,8
4589257,65282298,2015,3
4589258,65282298,2015,
4589259,65282298,2015,
4589260,65282298,2015,1
4589261,65282298,2015,2
4589265,65282322,1980,
4589266,65282358,2010,
4589267,65282358,2010,
4589287,65282385,1992,1
4589288,65282416,2013,1
4589289,65282416,2013,
4589290,65282416,2013,1
4589291,65282416,2013,
4589292,65282416,2013,1
4589293,65282416,2013,
4589294,65282416,2013,
4589295,65282417,2013,
4589296,65282417,2013,1
4589297,65282417,2013,
4589298,65282417,2013,1
4589299,65282418,2013,1
4589300,65282418,2013,
4589301,65282418,2013,1
4589302,65282418,2013,
4589303,65282419,2014,1
4589304,65282419,2013,1
4589305,65282423,1950,
4589306,65282423,2013,1
4589307,65282423,2013,1
4589308,65282423,2013,3
4589309,65282423,2013,
4589310,65282423,2013,5
4589311,65282423,2013,7
4589312,65282424,2014,1
4589313,65282424,2014,7
4589314,65282424,2014,2
4589315,65282424,2014,
4589316,65282425,2014,7
4589317,65282425,2014,6
4589318,65282425,2014,3
4589319,65282425,2014,
4589320,65282425,2014,5
4589321,65282426,2013,2
4589322,65282427,2019,7
4589323,65282428,2018,5
4589324,65282428,2018,4
4589325,65282428,2018,
4589326,65282429,2013,4
4589327,65282429,2013,4
4589328,65282430,2013,4
4589329,65282430,2013,3
4589330,65282430,2013,1
4589331,65282449,2013,4
4589332,65282477,2015,4
4589333,65282477,2015,
4589334,65282477,2015,5
4589335,65282477,2015,1
4589336,65282477,2015,1
4589337,65282477,2015,3
4589338,65282477,2015,3
4589339,65282477,2015,5
4589340,65282477,2015,1
4589341,65282477,2015,2
4589342,65282515,1960,
4589343,65282519,2013,
4589344,65282519,2013,1
4589345,65282519,2013,
4589346,65282519,2013,
4589347,65282520,2013,1
4589348,65282520,2013,
4589349,65282521,2013,1
4589350,65282521,2013,
4589351,65282522,2015,1
4589352,65282523,2013,
4589353,65282523,2013,1
4589354,65282523,2013,
4589355,65282523,2013,
4589356,65282528,2013,5
4589357,65282528,2013,
4589358,65282528,2013,
4589359,65282528,2013,
4589360,65282528,2013,1
4589361,65282528,2013,2
4589362,65282529,2013,1
4589363,65282529,2013,1
4589364,65282529,2013,
4589365,65282529,2013,7
4589366,65282529,2013,1
4589367,65282529,2013,1
4589368,65282529,2013,9
4589369,65282529,2013,1
4589370,65282529,2013,
4589371,65282529,2013,1
4589372,65282530,2017,7
4589373,65282531,2013,3
4589374,65282531,2013,3
4589375,65282531,2013,
4589376,65282531,2013,3
4589377,65282531,2013,1
4589378,65282531,2013,7
4589379,65282531,2013,
4589380,65282531,2013,3
4589381,65282531,2013,
4589382,65282531,2013,
4589383,65282531,2013,2
4589384,65282531,2013,
4589385,65282531,2013,3
4589386,65282531,2013,3
4589387,65282531,2013,1
4589388,65282531,2013,
4589389,65282531,2013,
4589390,65282531,2013,
4589391,65282531,2013,
4589392,65282531,2013,1
4589393,65282531,2013,
4589394,65282531,2013,
4589395,65282531,2013,
4589396,65282531,2013,
4589397,65282531,2013,
4589398,65282531,2013,
4589399,65282531,2013,
4589400,65282531,2013,
4589401,65282531,2013,
4589402,65282531,2013,
4589403,65282531,2013,
4589404,65282531,2013,
4589405,65282531,2013,
4589406,65282531,2013,
4589407,65282531,2013,
4589408,65282531,2013,1
4589409,65282531,2013,
4589410,65282531,2013,2
4589411,65282531,2013,1
4589412,65282531,2013,1
4589413,65282531,2013,1
4589414,65282531,2013,1
4589415,65282531,2013,
4589416,65282531,2013,2
4589417,65282531,2013,
4589418,65282531,2013,
4589419,65282531,2013,
4589420,65282531,2013,
4589421,65282531,2013,
4589422,65282531,2013,
4589423,65282531,2013,2
4589424,65282531,2013,
4589425,65282531,2013,
4589426,65282531,2013,
4589427,65282531,2013,
4589428,65282531,2013,
4589429,65282531,2013,1
4589430,65282531,2013,
4589431,65282531,2013,
4589432,65282531,2013,
4589433,65282531,2013,1
4589434,65282531,2013,
4589435,65282531,2013,
4589436,65282531,2013,2
4589437,65282531,2013,
4589438,65282531,2013,
4589439,65282531,2013,1
4589442,65282531,2013,2
4589443,65282531,2013,
4589444,65282531,2013,
4589445,65282531,2013,1
4589446,65282531,2013,
4589447,65282531,2013,
4589448,65282531,2013,1
4589449,65282531,2013,
4589450,65282531,2013,1
4589452,65282531,2013,
4589453,65282531,2013,1
4589454,65282531,2013,
4589455,65282531,2013,
4589456,65282531,2013,
4589457,65282531,2013,
4589458,65282531,2013,
4589459,65282531,2013,
4589460,65282531,2013,
4589462,65282531,2013,
4589463,65282531,2013,
4589465,65282531,2013,
4589466,65282531,2013,
4589467,65282531,2013,
4589468,65282531,2013,
4589469,65282531,2013,
4589470,65282531,2013,
4589471,65282531,2013,1
4589472,65282531,2013,2
4589473,65282531,2013,
4589475,65282531,2013,
4589476,65282531,2013,
4589477,65282531,2013,
4589478,65282531,2013,
4589479,65282531,2013,
4589481,65282531,2013,
4589482,65282531,2013,
4589483,65282531,2013,
4589484,65282531,2013,
4589485,65282531,2013,
4589486,65282531,2013,
4589487,65282531,2013,4
4589488,65282531,2013,
4589489,65282531,2013,
4589490,65282531,2013,4
4589509,65282542,1970,
4589510,65282542,1970,
4589511,65282542,1970,
4589512,65282542,1970,
4589513,65282562,2014,1
4589514,65282562,2014,1
4589515,65282576,2000,
4589517,66220077,2019,2
4589542,65282643,2007,
4589543,65282645,2000,1
4589544,65282645,2000,
4589545,65282645,2000,1
4589546,65282667,1970,3
4589547,65282667,1970,1
4589548,65282667,1970,3
4589549,65282706,,
4589550,65282706,,
4589551,65282706,,
4589552,65282706,,
4589553,65282706,,
4589554,65282706,,
4589555,65282706,,
4589556,65282706,,
4589557,65282706,2017,5
4589558,65282706,2017,2
4589559,65282706,2017,6
4589561,65282706,2017,2
4589565,65282706,,3
4589569,65282706,,
4589570,65282706,,
4589571,65282706,,3
4589574,65282706,2016,7
4589575,65282727,2000,3
4589576,65282727,2000,7
4589577,65282727,2000,2
4589578,65282727,2000,4
4589579,65282728,2000,2
4589580,65282727,2000,3
4589581,65282727,2000,5
4589582,53003552,2000,4
4589583,65282727,2000,5
4589584,65282727,2000,8
4589585,65282727,2000,3
4589586,65282727,2000,3
4589588,65282727,2000,5
4589589,65282727,2000,8
4589590,65282727,2000,6
4589591,65282727,2000,1
4589592,65282727,2000,8
4589593,65282727,2000,4
4589594,65282727,2000,2
4589595,65282727,2000,5
4589596,65282727,2000,
4589597,65282727,2000,
4589598,65282727,2000,7
4589599,65282727,2000,1
4589600,65282727,2000,6
4589601,65282727,2000,1
4589602,65282727,2000,
4589603,65282727,2000,6
4589604,65282727,2000,7
4589605,65282727,2000,2
4589606,65282727,2000,5
4589607,65282727,2000,7
4589608,65282727,2000,
4589609,65282727,2000,
4589610,65282727,2000,2
4589611,65282727,2000,1
4589612,65282727,2000,5
4589613,65282727,2000,5
4589614,65282727,2000,5
4589615,65282727,2000,3
4589616,65282727,2000,3
4589617,65282727,2000,4
4589618,65282727,2000,3
4589619,65282727,2000,3
4589620,65282727,2000,8
4589621,65282727,2000,
4589622,65282727,2000,6
4589623,65282727,2000,3
4589624,65282727,2000,4
4589625,65282727,2000,3
4589626,65282727,2000,7
4589627,65282727,2000,5
4589628,65282727,2000,2
4589629,65282727,2000,1
4589630,65282727,2000,1
4589631,65282727,2000,9
4589632,65282727,2000,8
4589634,65282727,2000,6
4589635,65282727,2000,2
4589636,65282727,2000,
4589637,65282727,2000,4
4589638,65282727,2000,2
4589639,65282727,2000,3
4589640,65282727,2000,3
4589641,65282727,2000,5
4589642,65282727,2000,
4589643,65282727,2000,3
4589644,65282727,2000,6
4589646,65282727,2000,4
4589647,65282727,2000,8
4589648,65282727,2000,5
4589649,65282727,2000,
4589650,65282729,2009,1
4589651,65282766,1920,
4589652,65282769,1970,
4589653,65282769,1970,3
4589654,65282775,2000,1
4589656,65282775,2000,1
4589657,65282784,,
4589661,65282791,1950,1
4589662,65282919,2010,1
4589664,65282919,2010,
4589666,65282919,2010,
4601094,65282308,2015,2
4601095,65282308,2015,6
4601099,65282308,2015,4
4604736,65605353,2018,3
4604737,65605353,2018,2
4604738,65605353,2018,
4604739,65605353,2018,6
4604740,65605353,2018,2
4604741,65605353,2018,3
4604742,65605353,2018,4
4604743,65605353,2018,1
4604744,65605353,2018,1
4604745,65605353,2018,1
4604746,65605353,2018,6
4604747,65605353,2018,1
4623192,66132470,2018,1
4623193,66132477,2017,2
4623195,66132477,2017,2
4623196,66132477,2017,1
4623197,66132477,2017,2
4623198,66132477,2017,1
4623199,66132477,2017,2
4623519,66135441,,
4623520,66135445,2020,3
4623521,66135445,2020,
4623522,66135445,2020,1
4623523,66135445,2020,3
4623524,66135445,2020,2
4623525,66135446,2016,4
4623526,66135446,2016,4
4623527,66135446,2016,3
4623572,66138388,2018,
4623573,66138388,2018,2
4623574,66138388,2018,1
4623575,66138388,2018,1
4623576,66138388,2018,1
4623577,66138388,2018,3
4623578,66138388,2018,
4623580,66138388,2018,
4623584,66138388,2018,2
4623585,66138388,2018,2
4623586,66138388,2018,3
4623589,66138388,2018,4
4623590,66138388,2018,3
4623591,66138388,2018,1
4623592,66138388,2018,3
4623593,66138388,2018,4
4623594,66138388,2018,4
4623597,66138388,2018,1
4623598,66138388,2018,3
4623599,66138388,2018,3
4623600,66138388,2018,2
4623601,66138388,2018,1
4623602,66138388,2018,3
4623605,66138388,2018,
4623606,66138388,2018,1
4623607,66138388,2018,3
4623609,66138388,2018,2
4623611,66138388,2018,3
4623613,66138388,2018,4
4623615,66138388,2018,1
4623616,66138388,2018,4
4623617,66138388,2018,1
4623618,66138388,2018,1
4623620,66138388,2018,1
4623621,66138388,2018,5
4623622,66138388,2018,4
4623623,66138388,2018,2
4623624,66138388,2018,1
4623625,66138388,2018,2
4623627,66138388,2018,1
4623628,66138388,2018,2
4623629,66138388,2018,3
4623630,66138388,2018,1
4623631,66138388,2018,4
4623632,66138388,2018,3
4623633,66138388,2018,1
4623634,66138388,2018,4
4623635,66138388,2018,1
4623636,66138388,2018,4
4623637,66138388,2018,2
4623638,66138388,2018,2
4623639,66138388,2018,4
4623640,66138388,2018,3
4623641,66138388,2018,2
4623642,66138388,2018,3
4623643,66138388,2018,1
4623644,66138388,2018,3
4623645,66138388,2018,2
4623646,66138388,2018,4
4623647,66138388,2018,
4623648,66138388,2018,2
4623649,66138388,2018,3
4623650,66138388,2018,3
4623652,66138388,2018,4
4623653,66138388,2018,1
4623654,66138388,2018,3
4623655,66138388,2018,2
4623656,66138388,2018,3
4623657,66138388,2018,2
4623658,66138388,2018,4
4623659,66138388,2018,4
4623660,66138388,2018,2
4623661,66138388,2018,
4623662,66138388,2018,2
4623663,66138388,2018,4
4623664,66138388,2018,2
4623665,66138389,2019,3
4623666,66138389,2019,
4623667,66138389,2019,4
4623669,66138389,2019,2
4623671,66138389,2019,1
4623672,66138389,2019,4
4623673,66138389,2019,2
4623691,66138690,2015,1
4623692,66138690,2015,1
4623796,66141328,2021,5
4623797,66141328,2021,4
4623798,66141328,2021,
4623799,66141328,2021,3
4623800,66141328,2021,5
4623801,66141328,2021,1
4623802,66141328,2021,4
4623803,66141328,2021,5
4623804,66141328,2021,
4623805,66141328,2021,2
4623806,66141328,2021,3
4623807,66141328,2021,
4623808,66141328,2021,1
4623809,66141328,2021,1
4623810,66141328,2021,
4623811,66141328,2021,
4623812,66141328,2021,
4623813,66141328,2021,1
4623814,66141328,2021,1
4623815,66141328,2021,1
4623816,66141328,2021,3
4623817,66141328,2021,4
4623818,66141328,2021,
4623819,66141328,2021,6
4623820,66141328,2021,1
4623821,66141328,2021,
4623822,66141328,2021,
4623823,66141328,2021,6
4623824,66141328,2021,1
4623825,66141328,2021,3
4623826,66141328,2021,1
4623828,66141328,2021,2
4623829,66141328,2021,1
4623830,66141328,2021,
4623831,66141328,2021,3
4623832,66141328,2021,1
4623833,66141328,2021,3
4623834,66141328,2021,3
4623835,66141328,2021,1
4623836,66141328,2021,5
4623837,66141328,2021,2
4623838,66141328,2021,2
4623839,66141328,2021,1
4623840,66141328,2021,1
4623841,66141328,2021,1
4623842,66141328,2021,1
4623843,66141328,2021,1
4623844,66141328,2021,2
4623845,66141328,2021,3
4623846,66141328,2021,3
4623847,66141328,2021,2
4623850,66141328,2021,
4623851,66141328,2021,3
4623852,66141328,2021,1
4623853,66141328,2021,1
4623854,66141328,2021,2
4623855,66141328,2021,3
4623856,66141328,2021,5
4623857,66141328,2021,4
4623858,66141328,2021,4
4623859,66141328,2021,2
4623860,66141328,2021,2
4623862,66141328,2021,2
4623864,66141328,2021,5
4623865,66141328,2021,4
4623867,66141328,2021,1
4623868,66141328,2021,1
4623869,66141328,2021,3
4623872,66141328,2021,
4623873,66141328,2021,3
4623874,66141328,2021,
4623875,66141328,2021,3
4623876,66141328,2021,1
4623877,66141328,2021,3
4623878,66141328,2021,1
4623879,66141328,2021,2
4623881,66141328,2021,2
4623882,66141328,2021,5
4623883,66141328,2021,5
4623884,66141328,2021,1
4623886,66141328,2021,4
4623888,66141328,2021,4
4623889,66141328,2021,1
4623890,66141328,2021,2
4623891,66141328,2021,1
4623892,66141328,2021,4
4623893,66141328,2021,4
4623894,66141328,2021,3
4623895,66141328,2021,1
4623896,66141328,2021,3
4623897,66141328,2021,
4623898,66141328,2021,1
4623899,66141328,2021,1
4623900,66141328,2021,
4623901,66141328,2021,
4623902,66141328,2021,
4623903,66141328,2021,5
4623905,66141328,2021,5
4623906,66141328,2021,3
4623907,66141328,2021,5
4623908,66141328,2021,
4623909,66141328,2021,2
4623910,66141328,2021,1
4623911,66141328,2021,1
4623912,66141328,2021,5
4623913,66141328,2021,1
4623914,66141328,2021,4
4623916,66141328,2021,3
4623917,66141328,2021,1
4623918,66141328,2021,1
4623919,66141328,2021,3
4623920,66141328,2021,2
4623921,66141328,2021,3
4623922,66141328,2021,1
4623923,66141328,2021,1
4623925,66141328,2021,3
4623926,66141328,2021,3
4623927,66141328,2021,4
4623928,66141328,2021,3
4623929,66141328,2021,5
4623930,66141328,2021,2
4624085,66144124,2019,
4624086,66144124,2019,3
4624087,66144124,2019,3
4624088,66144124,2019,2
4624089,66144124,2019,4
4624090,66144124,2019,1
4624091,66144124,2019,1
4624092,66144124,2019,
4624098,66144416,2019,1
4624099,66144416,2019,3
4624100,66144416,2019,3
4624101,66144416,2019,7
4624102,66144416,2019,3
4624103,66144416,2019,
4624104,66144416,2019,7
4624105,66144416,2019,7
4624106,66144416,2019,5
4624107,66144416,2019,
4624108,66144416,2019,5
4624167,66147006,,
4624168,66147006,,
4624169,66147007,2018,1
4624170,66147007,2018,1
4624183,66147274,2017,4
4624347,66149969,2017,3
4624348,66149969,2017,3
4624349,66149969,2017,
4624350,66149969,2017,1
4624351,66149969,2017,3
4624352,66149969,2017,1
4624353,66149969,2017,3
4624354,66149969,2017,2
4624548,66152824,2016,1
4624549,66152825,2018,
4625098,66217283,2018,4
4625101,66217283,2018,
4625179,66218006,2020,1
4625180,66218006,2020,
4625181,66218006,2020,2
4625182,66218006,2020,1
4625322,51907660,1970,1
4625323,66218681,2016,
4625324,66218681,2016,2
4625325,66218681,2016,6
4625326,66218681,2016,8
4625328,66218683,2018,1
4625684,66220075,2020,
4625685,66220075,2020,
4625686,66220075,2020,
4625687,66220075,2020,
4625688,66220075,2020,
4625689,66220075,2020,
4625691,66220075,2020,
4625692,66220075,2020,
4625694,66220075,2020,
4625696,66220075,2020,
4625697,66220075,2020,3
4625698,66220075,2020,
4625699,66220075,2020,9
4625702,66220075,2020,1
4625703,66220075,2020,
4625704,66220075,2020,
4625884,66220740,2016,4
4625885,66220740,2016,3
4625886,66220740,2016,2
4625887,66220740,2016,2
4625888,66220740,2016,6
4625889,66220740,2016,
4625890,66220740,2016,5
4625891,66220740,2016,
4626049,66222085,2018,
4626050,66222085,2018,7
4626051,66222085,2018,
4626052,66222085,2018,4
4626053,66222085,2018,
4626054,66222085,2018,
4626055,66222085,2018,
4626056,66222085,2018,6
4626057,66222085,2018,
4626058,66222085,2018,6
4626060,66222085,2018,
4626061,66222085,2018,
4626062,66222085,2018,
4626064,66222085,2018,
4626068,66222085,2018,5
4626069,66222085,2018,2
4626070,66222085,2018,
4626072,66222085,2018,
4626073,66222085,2018,
4626074,66222085,2018,
4626075,66222085,2018,
4626076,66222085,2018,
4626078,66222085,2018,6
4626080,66222085,2018,4
4626083,66222085,2018,
4626084,66222085,2018,
4626085,66222085,2018,4
4626086,66222085,2018,
4626087,66222085,2018,
4626088,66222085,2018,3
4626089,66222085,2018,6
4626090,66222085,2018,5
4626091,66222085,2018,3
4626092,66222085,2018,
4626093,66222085,2018,7
4626094,66222085,2018,2
4626095,66222085,2018,
4626096,66222085,2018,4
4626097,66222085,2018,
4626098,66222085,2018,4
4626099,66222085,2018,4
4626100,66222085,2018,
4626102,66222085,2018,1
4626103,66222085,2018,3
4626104,66222085,2018,
4626105,66222085,2018,
4626106,66222085,2018,
4626107,66222085,2018,
4626108,66222085,2018,
4626109,66222085,2018,
4626110,66222085,2018,2
4626111,66222085,2018,6
4626112,66222085,2018,7
4626113,66222085,2018,1
4626114,66222085,2018,5
4626115,66222085,2018,7
4626116,66222085,2018,6
4626117,66222085,2018,3
4626118,66222085,2018,
4626119,66222085,2018,
4626120,66222085,2018,3
4626121,66222085,2018,
4626123,66222085,2018,4
4626124,66222085,2018,4
4626125,66222085,2018,
4626126,66222085,2018,2
4626127,66222085,2018,
4643374,67797771,,
4643375,67797771,,
4643376,67797772,2018,1
4643377,67797772,2018,1
4643378,67797944,1965,
4643384,67798251,2019,8
4643385,67798251,2019,8
4643386,67798251,2019,4
4643387,67798251,2019,
4643388,67798251,2019,6
4643389,67798251,2019,4
4643390,67798251,2019,6
4643391,67798251,2019,1
4643392,67798251,2019,3
4643393,67798251,2019,7
4643394,67798251,2019,1
4643395,67798251,2019,6
4643396,67798251,2019,4
4643397,67798252,2019,6
4643398,67798252,2019,3
4643399,67798252,2019,2
4643400,67798252,2019,3
4643401,67798252,2019,6
4643402,67798252,2019,1
4643403,67798252,2019,5
4643404,67798252,2019,
4643405,67798252,2019,8
4643406,67798252,2019,5
4643407,67798252,2019,8
4643408,67798253,2019,5
4643409,67798253,2019,5
4643410,67798253,2019,6
4643411,67798253,2019,5
4643412,67798253,2019,7
4643413,67798253,2019,8
4643414,67798253,2019,1
4643415,67798253,2019,6
4643416,67798253,2019,1
4643417,67798323,2018,
4643418,67798325,,
4643433,67798915,,6
4643434,67798915,,2
4643435,67798915,,4
4643436,67798915,,
4643437,67798915,,8
4643438,67798915,,6
4643439,67798915,,7
4643440,67798915,,5
4643441,67798915,,8
4643442,67798915,,7
4643443,67798924,,
4643444,67798924,2019,
4643445,67798924,2019,
4643446,67798924,2019,5
4643447,67798924,2019,4
4643448,67798924,2019,6
4643449,67798924,2019,2
4643450,67798924,2019,2
4643451,67798924,2019,4
4643452,67798924,2019,4
4643454,67798924,2019,3
4643457,67798932,1970,1
4643459,67798977,2019,1
4643460,67798977,2019,3
4643461,67798977,2019,
4643462,67798977,2019,
4643463,67798977,2019,
4643464,67798977,2019,2
4643465,67798977,2019,5
4643467,67798977,2019,6
4643468,67798977,2019,6
4643469,67798977,2019,1
4643470,67798977,2019,5
4643471,67798977,2019,3
4643472,67798977,2019,3
4643473,51914696,2019,5
4643474,51914696,2019,7
4643477,67798978,2019,
4643478,67798978,2019,
4643479,67798978,2019,5
4643480,67798978,2019,5
4643481,67798978,2019,2
4643482,67798978,2019,
4643483,67798978,2019,1
4643484,67798978,2019,6
4643485,67798978,2019,
4643487,67798978,2019,
4643488,67798978,2019,4
4643489,67798978,2019,4
4643490,67798978,2019,1
4643492,67798978,2019,
4643493,67798978,2019,1
4643494,67798978,2019,2
4643495,67798978,2019,3
4643496,67798978,2019,3
4643497,67798978,2019,6
4643498,67798978,2019,5
4643499,67798978,2019,1
4643500,67798978,2019,
4643501,67798978,2019,
4643502,67798978,2019,6
4643503,67798978,2019,6
4643504,67798978,2019,1
4643505,67798978,2019,5
4643506,67798979,2021,1
4643507,67798979,2021,1
4643508,67798979,2021,5
4645000,67835660,2018,4
4645001,67835660,2018,1
4645003,67836124,2020,7
4645004,67836124,2020,3
4645005,67836124,2020,2
4645006,67836124,2020,1
4645007,67836124,,
4645008,67836124,2020,6
4645009,67836124,,
4652114,68377345,2016,1
4652115,68377345,2016,5
4652116,68377345,2016,7
4652117,68377345,2016,3
4652118,68377345,2016,6
4652120,68377345,2016,5
4652121,68377345,2016,8
4652122,68377345,2016,4
4652123,68377345,2016,6
4652124,68377345,2016,6
4652125,68377345,2016,2
4652126,68377345,2016,1
4652127,68377345,2016,7
4652128,68377345,2016,3
4652129,68377345,2016,1
4652130,68377345,2016,7
4652131,68377345,2016,8
4652133,68377345,2016,4
4652134,68377345,2016,
4652135,68377345,2016,5
4652136,68377345,2016,3
4652137,68377345,2016,8
4652138,68377345,2016,2
4652140,68377345,2016,
4652141,68377345,2016,2
4652142,68377345,2016,6
4652143,68377345,2016,9
4652145,68377345,2016,
4652147,68377345,2016,
4652148,68377345,2016,
4652149,68377345,2016,
4652150,68377345,2016,2
4652152,68377345,2016,7
4652154,68377345,2016,6
4652155,68377345,2016,8
4652156,68377345,2016,8
4652157,68377345,2016,
4652158,68377345,2016,7
4652159,68377345,2016,3
4652161,68377345,2016,4
4652162,68377345,2016,4
4652165,68377346,,
4652166,68377353,2018,
4652167,68377353,2018,
4652168,68377353,2018,2
4652169,68377353,2018,
4652170,68377353,2018,2
4652171,68377353,2018,3
4652172,68377353,2018,1
4652174,68377353,2018,
4652176,68377353,2018,3
4652177,68377353,2018,
4652178,68377353,2018,4
4652179,68377353,2018,
4652180,68377353,2018,1
4652181,68377353,2018,
4652182,68377353,2018,5
4652185,68377353,2018,2
4652187,68377409,1960,
4652188,68377409,1960,
4661713,71735178,1960,
4661714,71735183,2020,
4661715,71735183,2020,1
4661716,71735183,2020,
4661717,71735183,2020,1
4661718,71735183,2020,
4661719,71735183,2020,
4661720,71735183,2020,
4661721,71735183,2020,
4661722,71735183,2020,1
4661723,71735183,2020,
4661724,71735183,2020,
4661725,71735183,2020,
4661726,71735183,2020,
4661727,71735183,2020,1
4661728,71735183,2020,
4661729,71735183,2020,
4661730,71735183,2020,
4661731,71735183,2020,
4661732,71735183,2020,
4661733,71735183,2020,
4661734,71735183,2020,
4661735,71735183,2020,
4661736,71735183,2020,1
4661737,71735183,2020,
4663421,72616824,2019,
4663422,72616825,2019,
4663423,72616827,,
4663424,72616890,2019,1
4663425,72616893,2018,
4663426,72616893,2018,2
4663427,72616893,,
4663428,72616893,,
4663430,72616893,2018,2
4663537,72616971,2021,6
4663539,72616971,2021,8
4663540,72616971,2021,2
4663541,72616971,2021,2
4663542,72616971,2021,1
4663543,72616971,2021,1
4663544,72616971,2021,5
4663546,72616971,2021,1
4663547,72616971,2021,9
4663548,72616971,2021,5
4663549,72616971,2021,1
4663550,72616971,2021,1
4663551,72616971,2021,7
4663552,72616971,2021,3
4663553,72616971,2021,1
4663555,72616995,2022,1
4663556,72616996,2022,1
4663557,72616996,,
4663558,72617067,2017,1
4663559,72617067,2017,6
4663560,72617067,2017,1
4663561,72617067,2017,7
4663562,72617067,2017,7
4663563,72617067,2017,
4663564,72617067,2017,1
4663565,72617067,2017,6
4663566,72617067,2017,3
4663567,72617067,2017,5
4663568,72617067,2017,1
4663569,72617067,2017,8
4663570,72617067,2017,1
4663571,72617067,2017,6
4663572,72617067,2017,8
4663573,72617067,2017,2
4663574,72617067,2017,6
4663576,72617067,2017,6
4663577,72617067,2017,6
4663578,72617067,2017,6
4663579,72617067,2017,4
4663580,72617067,2017,
4663581,72617067,2017,4
4663582,72617067,2017,
4663584,72617067,2017,5
4663585,72617067,2017,4
4663586,72617067,2017,6
4663587,72617067,2017,1
4663588,72617067,2017,7
4663589,72617067,2017,7
4663590,72617067,2017,6
4663591,72617067,2017,6
4663592,72617067,2017,6
4663594,72617164,2015,
4663595,72617164,2015,
4663596,72617164,2015,1
4663597,72617164,2015,
4663598,72617164,2015,
4663599,72617164,2015,
4663600,72617164,2015,
4663601,72617164,2015,
4663602,72617164,2015,
4663603,72617164,2015,
4663604,72617164,2015,1
4663605,72617164,2015,
4663608,72617164,2015,
4663609,72617165,2017,
4663611,72617165,2017,
4663613,72617165,2017,
4663614,72617165,2017,
4663615,72617165,2017,1
4663617,72617165,2017,
4663618,72617165,2017,
4663622,72617165,2017,
4663623,72617165,2017,
4663624,72617165,2017,
4663625,72617166,2015,
4663626,72617166,2015,1
4663627,72617166,2015,
4663628,72617166,2015,
4663629,72617166,2015,
4663631,72617166,2015,
4663632,72617166,2015,
4663636,72617166,2015,1
4663637,72617166,2015,
4663638,72617166,2015,
4663641,72617167,2018,1
4663642,72617167,2018,
4663643,72617167,2018,
4663645,72617167,2018,
4663646,72617167,2018,
4663647,72617167,2018,
4663648,72617167,2018,1
4663649,72617167,2018,
4663652,72617167,2018,
4663653,72617167,2018,
4663654,72617169,2000,
4663657,72617169,2000,6
4663658,72617169,2000,1
4663660,72617169,2000,4
4663661,72617169,2000,7
4663663,72617169,2000,
4663665,72617170,1990,1
4663666,72617170,1990,2
4663668,72617170,1990,1
4663669,72617170,1990,7
4663671,72617170,1990,5
4663673,72617170,1990,4
4663674,72617170,1990,6
4663675,72617170,1990,6
4663677,72617170,1990,
4663678,72617171,2001,7
4663679,72617171,2001,6
4663680,72617171,2001,5
4663681,72617172,2011,1
4663682,72617172,2011,4
4663683,72617172,2011,3
4663684,72617172,2011,2
4663685,72617172,2011,1
4663686,72617172,2011,8
4663687,72617172,2011,1
4663688,72617172,2011,3
4663689,72617173,2011,4
4663690,72617173,2011,2
4663691,72617173,2011,2
4663692,72617173,2011,3
4663693,72617173,2011,5
4663694,72617173,2011,3
4663695,72617173,2011,4
4663780,72617931,2021,6
4663781,72617931,2021,
4663782,72617931,2021,2
4663783,72617932,,
4683428,73088513,2019,1
4683429,73088513,2019,1
4683430,73088513,2019,1
4683431,73088528,1960,1
4683432,73088549,,
4683433,73088549,,2
4683435,73088563,,
4683436,73088563,,
4683437,73088563,,
4683440,73088565,,5
4683441,73088565,2022,4
4683442,73088565,,
4683443,73088579,,
4683445,73088579,,3
4683446,73088579,,4
4683447,73088579,,5
4683448,73088579,,1
4683449,73088579,2025,2
4683450,73088579,,4
4683451,73088579,,5
4683452,73088579,,1
4683453,73088588,2025,2
4683455,73088588,2025,
4683456,73088588,2025,3
4683457,73088588,2025,
4683458,73088588,2025,1
4683459,73088588,2025,5
4683460,73088588,2025,3
4683461,73088588,2025,5
4683462,73088588,2025,1
4683463,73088588,2025,
4683464,73088588,2025,4
4683465,73088588,2025,2
4683466,73088588,2025,
4683467,73088588,2025,5
4683468,73088588,2025,2
4683469,73088588,2025,
4683470,73088588,2025,4
4683471,73088588,2025,2
4683472,73088588,2025,3
4683473,73088588,2025,3
4683474,73088588,2025,4
4683475,73088588,2025,4
4683476,73088588,2025,2
4683477,73088588,2025,3
4683478,73088588,2025,3
4683479,73088588,2025,5
4683480,73088588,2025,
4683481,73088588,2025,
4683482,73088588,2025,4
4683483,73088588,2025,2
4683484,73088588,2025,4
4683485,73088588,2025,3
4683486,73088588,2025,1
4683487,73088588,2025,6
4683488,73088588,2025,1
4683489,73088588,2025,6
4683490,73088588,2025,
4683491,73088588,2025,2
4683492,73088588,2025,
4683493,73088588,2025,1
4683494,73088588,2025,4
4683495,73088588,2025,
4683496,73088588,2025,5
60094935,51904540,2000,0
60094936,51904540,2000,0
60094941,51904540,2000,2
60094942,51904540,2000,2
60094943,51904540,2000,3
60094945,51904540,2000,4
60094946,51904540,2000,4
60094948,51904540,2000,5
60094949,51904540,2000,6
60094950,51904540,2000,6
60094952,51904540,2000,7
60094953,51904540,2000,8
60094956,51904540,2000,14
60094967,51897121,1980,1
60094971,51897121,1980,3
60094972,51897121,1980,3
60094973,51897121,1980,4
60094974,51897121,1980,4
60094975,51897121,1980,5
60094976,51897121,1980,0
60094978,51897121,1980,1
60094982,51897121,1980,3
60094983,51897121,1980,4
60094988,51913691,2000,0
60094990,51913691,2000,2
60094992,51913691,2000,3
60094993,51913691,2000,0
60094994,51913691,2000,4
60094996,51913691,2000,1
60094997,51913691,2000,1
60094998,51913691,2000,2
60094999,51913691,2000,0
60095000,51913691,2000,3
60095001,51913691,2000,3
60095002,51913691,2000,4
60095003,51913691,2000,4
60095004,51913691,2000,0
60095005,51913691,2000,0
60095006,51913691,2000,0
60095008,51913691,2000,0
60095009,51913691,2000,0
60095010,51913691,2000,0
60095017,53227307,1978,1
60095018,53227307,1978,2
60095019,53227307,1978,2
60095020,53227307,1978,3
60095029,51906809,1955,1
60095031,51906809,1955,2
60095033,51906809,1955,3
60095036,51906809,1955,5
60095039,51926067,1950,0
60095042,51926067,1950,1
60095043,51926067,1950,2
60095046,51903225,1960,-1
60095050,51903225,1960,1
60095051,51903225,1960,1
60095052,51903225,1960,2
60095055,51914703,1960,0
60095058,51914703,1960,1
60095067,51904651,1980,1
60095068,51904651,1980,1
60095070,51904651,1980,2
60095071,51904651,1980,3
60095074,51904651,1980,4
60095075,51904651,1980,5
60095077,51904651,1980,1
60095079,51904651,1980,2
60095081,51904651,1980,3
60095082,51904651,1980,4
60095083,51904651,1980,4
60095085,51904651,1980,5
60095093,51897101,1975,0
60095109,53229340,1993,2
60095112,53229340,1993,3
60095113,53229340,1993,4
60095114,53229340,1993,4
60095115,53229340,1993,5
60095116,53229340,1993,5
60095119,51917853,1980,0
60095121,51917853,1980,1
60095122,51917853,1980,1
60095126,51917853,1980,3
60095127,51917853,1980,4
60095128,51917853,1980,4
60095453,53215060,1980,0
60095461,53215060,1980,3
60095464,53215060,1980,3
60095467,53215060,1980,4
60095469,53215060,1980,5
60095470,53215060,1980,5
60095471,53215060,1980,5
60095472,53215060,1980,5
60095475,53215060,1980,6
60095476,53215060,1980,6
60095477,53215060,1980,7
60095478,53215060,1980,7
60095481,51907562,1980,1
60095483,51907562,1980,2
60095484,51907562,1980,2
60095486,51907562,1980,3
60095487,51907562,1980,4
60095489,51907562,1980,4
60095490,51907562,1980,5
60095499,51911619,1970,1
60095503,51911619,1970,2
60095504,51911619,1970,2
60095506,51911619,1970,3
60095507,51911619,1970,3
60095511,52965388,1980,1
60095512,52965388,1980,1
60095513,52965388,1980,0
60095514,52965388,1980,2
60095520,51910640,1990,1
60095537,53043117,1970,1
60095538,53043117,1970,1
60095539,53043117,1970,2
60095540,53043117,1970,2
60095541,53043117,1970,-1
60095543,53043117,1970,0
60095544,53043117,1970,0
60095547,53043117,1970,2
60095551,51911858,1970,1
60095552,51911858,1970,1
60095553,51911858,1970,2
60095554,51911858,1970,2
60095556,51911858,1970,3
60095567,51897029,1970,0
60095568,51897029,1970,1
60095569,51897029,1970,1
60095570,51897029,1970,2
60095571,51897029,1970,2
60095572,51897029,1970,3
60095573,51897029,1970,3
60095574,51897029,1970,4
60095578,51904117,1960,0
60095582,51904117,1960,2
60095583,51904117,1960,2
60095584,51904117,1960,3
60095585,51904117,1960,3
60095588,51906534,1950,0
60095589,51906534,1950,1
60095594,51901231,1970,0
60095595,51901231,1970,0
60095596,51901231,1970,1
60095597,51901231,1970,1
60095598,51901231,1970,2
60095599,51901231,1970,2
60095600,51901231,1970,3
60095615,52965332,1990,0
60095616,52965332,1990,2
60095617,52965332,1990,2
60095620,52965332,1990,4
60095622,52965332,1990,5
60095624,52965332,1990,6
60096061,53035006,1970,2
60096062,53035006,1970,2
60096064,53035006,1970,3
60096065,53035006,1970,4
60096066,53035006,1970,4
60096083,53035006,1970,0
60096084,53035006,1970,0
60096085,53035006,1970,0
60096086,53035006,1970,0
60096089,53035006,1970,1
60096090,53035006,1970,1
60096091,53035006,1970,1
60096093,53035006,1970,2
60096095,53035006,1970,3
60096096,53035006,1970,3
60096101,53035006,1970,1
60096102,53035006,1970,2
60096104,53035006,1970,3
60096105,53035006,1970,3
60096106,53035006,1970,4
60096107,53035006,1970,4
60096111,68377410,1940,0
60096112,68377410,1940,1
60096116,51900896,1970,0
60096117,51900896,1970,2
60096118,51900896,1970,1
60096119,51900896,1970,1
60096120,51900896,1970,2
60096121,51900896,1970,3
60096122,51900896,1970,3
60096123,51900896,1970,3
60096125,51900896,1970,4
60096129,51900896,1970,5
60096130,51900896,1970,6
60096131,51900896,1970,1
60096132,51900896,1970,1
60096133,51900896,1970,7
60096134,51900896,1970,1
60096135,51900896,1970,8
60096137,51900896,1970,9
60096138,51900896,1970,9
60096142,65282924,2010,1
60096144,65282924,2010,2
60096146,65282924,2010,2
60096148,65282924,2010,3
60096150,65282924,2010,3
60096152,65282924,2010,4
60096155,65282924,2010,5
60096156,65282924,2010,5
60096158,65282924,2010,5
60096160,65282924,2010,6
60096162,65282924,2010,6
60096164,65282924,2010,7
60096168,51918868,1970,0
60096169,51918868,1970,0
60096171,51918868,1970,0
60096173,51918868,1970,1
60096175,51918868,1970,1
60096176,51918868,1970,2
60096178,51918868,1970,2
60096179,51918868,1970,2
60096181,51918868,1970,3
60096182,51918868,1970,3
60096183,51918868,1970,3
60096276,51907217,1970,0
60096277,51907217,1970,0
60096278,51907217,1970,1
60096279,51907217,1970,1
60096280,51907217,1970,2
60096281,51907217,1970,2
60096362,51904727,1965,0
60096364,51919703,1970,0
60096368,51906483,1980,
60096373,51905712,1960,1
60096375,51907974,1970,0
60096378,51907974,1970,2
60096380,51907974,1970,3
60096382,51907974,1970,4
60096383,51907974,1970,4
60096391,53226776,1980,2
60096394,53226776,1980,3
60096395,53226776,1980,4
60096396,53226776,1980,4
60096401,53428945,1970,2
60096409,51913558,1960,2
60096414,51899397,1950,1
60096419,51905463,1950,0
60096420,51905463,1950,1
60096421,51905463,1950,1
60096426,51900390,1950,1
60096431,53149662,1950,0
60096433,53149662,1950,1
60096434,53149662,1950,1
60096437,51917777,1970,0
60096438,51917777,1970,0
60096439,51917777,1970,1
60096440,51917777,1970,1
60096444,51905561,1950,0
60096445,51905561,1950,1
60096452,51911197,1960,1
60096457,53077622,1999,0
60096458,53077622,1999,1
60096459,53077622,1999,1
60096460,53077622,1999,2
60096461,53077622,1999,2
60096462,53077622,1999,2
60096463,53077622,1999,2
60096464,53077622,1999,3
60096465,53077622,1999,3
60096466,53077622,1999,3
60096467,53077622,1999,3
60096468,53077622,1999,4
60096469,53077622,1999,4
60096470,53077622,1999,4
60096471,53077622,1999,4
60096472,53077622,1999,5
60096473,53077622,1999,5
60096474,53077622,1999,5
60096475,53077622,1999,5
60096476,53077622,1999,6
60096477,53077622,1999,6
60096478,53077622,1999,6
60096479,53077622,1999,6
60096480,53077622,1999,7
60096481,53077622,1999,7
60096482,53077622,1999,7
60096483,53077622,1999,7
60096497,51905018,1970,1
60096498,51905018,1970,1
60096499,51905018,1970,2
60096500,51905018,1970,2
60096501,51905018,1970,2
60096503,51905018,1970,3
60096504,51905018,1970,3
60096754,51925565,1980,1
60096756,51925565,1980,2
60096757,51925565,1980,2
60096758,51925565,1980,3
60096759,51925565,1980,3
60096760,51925565,1980,4
60096761,51925565,1980,4
60096762,51925565,1980,5
60096764,51904547,1950,0
60096765,51904547,1950,0
60096770,53227255,1990,1
60096771,53227255,1990,2
60096772,53227255,1990,2
60096773,51908914,1960,1
60096774,51908914,1960,1
60096775,51908914,1960,2
60096776,51908914,1960,2
60096779,51909610,1970,0
60096780,51909610,1970,1
60096781,51909610,1970,1
60096782,51909610,1970,2
60096783,51909610,1970,2
60096784,51909610,1970,3
60096785,51909610,1970,3
60096789,51916325,1950,0
60096790,51916325,1950,1
60096791,51916325,1950,1
60096793,51916325,1950,2
60096796,51911643,1970,0
60096812,51902271,1990,0
60096825,51917905,1960,0
60096834,53422948,1970,
60096835,53422948,1970,-1
60096836,53422948,1970,-1
60096843,51916531,1990,0
60096847,51919644,1985,1
60096848,51919644,1985,1
60096850,51919644,1985,2
60096852,51919644,1985,1
60096853,51919644,1985,2
60096854,51919644,1985,2
60096857,72617115,1995,2
60096860,53230065,1980,1
60096863,53230065,1980,2
60096864,53230065,1980,3
60096866,53230065,1980,4
60096867,53230065,1980,4
60096869,51936608,1960,0
60096870,51936608,1960,0
60096871,51936608,1960,1
60096885,51914615,2000,0
60096886,51914615,2000,1
60096887,51914615,2000,1
60096888,51914615,2000,2
60096889,51914615,2000,2
60096891,51914615,2000,3
60096892,51914615,2000,4
60096893,51914615,2000,4
60096895,51914615,2000,5
60096896,51914615,2000,6
60096897,51914615,2000,6
60096901,51905629,1970,0
60096902,51905629,1970,0
60096913,51913615,1950,0
60096914,51913615,1950,0
60096926,53228057,1970,0
60096931,51907488,1980,0
60097200,51937935,1960,0
60097201,51937935,1960,1
60097206,51905031,1940,1
60097208,51905031,1940,2
60097209,51905031,1940,2
60097210,51905031,1940,2
60097215,51907166,1970,1
60097220,51907166,1970,3
60097221,51907166,1970,1
60097223,51907166,1970,2
60097226,51907166,1970,3
60097230,51905531,1970,1
60097231,51905531,1970,1
60097232,51905531,1970,2
60097234,51905531,1970,3
60097236,51905531,1970,1
60097238,51905531,1970,1
60097239,51905531,1970,1
60097241,51905531,1970,3
60097244,51905531,1970,2
60097247,51905531,1970,3
60097249,51905531,1970,1
60097250,51905531,1970,2
60097251,51905531,1970,2
60097254,51905531,1970,1
60097259,51905531,1970,3
60097262,53226424,1970,0
60097263,53226424,1970,0
60097265,53226424,1970,1
60097266,53226424,1970,1
60097267,53226424,1970,2
60097269,53226424,1970,2
60097270,53226424,1970,2
60097274,51907627,1970,2
60097275,51907627,1970,2
60097277,51907627,1970,3
60097279,51907627,1970,4
60097280,51907627,1970,1
60097281,51907627,1970,1
60097287,51907627,1970,4
60097288,51907627,1970,1
60097289,51907627,1970,1
60097291,51907627,1970,2
60097293,51907627,1970,3
60097295,51907627,1970,1
60097297,51907627,1970,2
60097298,51907627,1970,3
60097299,51907627,1970,3
60097301,51907627,1970,1
60097303,51907627,1970,2
60097305,51907627,1970,3
60097319,51921808,1970,1
60097322,51921808,1970,3
60097324,51921808,1970,2
60097326,51921808,1970,3
60097327,51921808,1970,3
60097328,51921808,1970,4
60097329,51921808,1970,4
60097332,51915723,1940,1
60097335,51911820,1980,
60097349,51903996,2011,
60097353,51910528,1980,1
60097355,51910528,1980,1
60097356,51910528,1980,1
60097358,51910528,1980,2
60097361,51910528,1980,3
60097362,51910528,1980,3
60097363,51910528,1980,3
60097364,51910528,1980,3
60097365,51910528,1980,4
60097366,51910528,1980,4
60097368,51910528,1980,4
60097373,51914538,1970,1
60097376,51914538,1970,2
60097379,51914538,1970,4
60097381,51914538,1970,1
60097384,51914538,1970,1
60097385,51914538,1970,2
60097387,51914538,1970,2
60097393,51914538,1970,4
60097395,51914538,1970,4
60097396,51914538,1970,4
60097406,53032690,1980,1
60097407,53032690,1980,2
60097408,53032690,1980,2
60097412,51908378,1970,1
60097414,51908378,1970,1
60097416,51908378,1970,2
60097417,51908378,1970,2
60097418,51908378,1970,2
60097419,51908378,1970,3
60097420,51908378,1970,3
60097422,51908378,1970,3
60097423,51908378,1970,4
60097424,51908378,1970,4
60097425,51908378,1970,4
60097426,51908378,1970,4
60098089,51938944,1950,1
60098100,65282579,1980,1
60098101,65282579,1980,1
60098104,65282579,1980,1
60098107,65282579,1980,1
60098108,65282579,1980,2
60098109,65282579,1980,2
60098110,65282579,1980,2
60098111,65282579,1980,2
60098112,65282579,1980,2
60098114,65282579,1980,2
60098116,65282579,1980,2
60098117,65282579,1980,2
60098122,65282579,1980,3
60098129,65282579,1980,3
60098130,65282579,1980,-1
60098132,65282579,1980,1
60098134,65282579,1980,1
60098139,65282579,1980,2
60098918,51938566,1950,1
60098919,51938566,1950,2
60098920,51938566,1950,2
60098921,51938566,1950,3
60098932,51916354,1940,0
60098947,51939977,1960,1
60098970,51938934,1950,0
60098982,65282067,1970,1
60098985,51919628,1950,1
60098989,53174319,1960,1
60098990,53174319,1960,1
60098991,53174319,1960,1
60098997,53148199,1950,0
60098999,53148199,1950,0
60099001,53148199,1950,0
60099007,53039464,1950,1
60099008,53039464,1950,0
60099009,53039464,1950,0
60099010,53039464,1950,0
60099011,53039464,1950,0
60099012,53039464,1950,1
60099018,51907328,1950,0
60099021,51907328,1950,0
60099025,51907328,1950,1
60099221,51939984,1960,1
60099252,51960583,1960,1
60099257,51915923,1960,1
60099258,51915923,1960,1
60099260,51915923,1960,2
60099262,51937599,1950,1
60099265,51937599,1950,2
60099267,51937159,1950,1
60099272,51942191,1960,1
60099273,51942191,1960,1
60099274,51942191,1960,2
60099275,51942191,1960,2
60099280,51915716,1974,2
60099282,51916409,1970,1
60099287,51915851,1960,1
60099288,51915851,1960,1
60099293,51935737,1950,1
60099294,51935737,1950,1
60099295,51935737,1950,2
60099297,51914565,1950,1
60099298,51914565,1950,1
60099299,51914565,1950,2
60099305,51931409,1970,0
60099310,53149974,1960,1
60099311,53149974,1960,1
60099313,53149974,1960,2
60099317,51912787,1970,1
60099318,51912787,1970,1
60099319,51912787,1970,2
60099320,51912787,1970,2
60099322,51952486,1970,1
60099324,51952486,1970,1
60099328,53448786,1960,1
60099332,53229338,1950,1
60099333,53229338,1950,1
60099335,53229338,1950,2
60099339,53031860,1950,2
60099340,53031860,1950,2
60099342,51937507,1960,1
60099347,53232333,1950,1
60099353,51913639,1970,1
60099355,51913639,1970,2
60099357,51913914,1960,1
60099358,51913914,1960,1
60099364,51916401,1960,2
60099365,51916401,1960,2
60099370,51916843,1965,2
60099375,51937190,1970,2
60099377,53428673,1950,1
60099378,53428673,1950,1
60099379,53428673,1950,2
60099392,51913811,1960,2
60099393,51913811,1960,2
60099396,51942115,1970,1
60099402,51952532,1960,2
60099403,51952532,1960,2
60099405,51939489,1950,1
60099406,51939489,1950,1
60099407,51939489,1950,2
60099408,51939489,1950,2
60099411,53031910,1950,1
60099412,53031910,1950,2
60099413,53031910,1950,2
60099417,53228261,1950,2
60099418,53228261,1950,2
60099421,53232534,1960,1
60099422,53232534,1960,1
60099423,53232534,1960,2
60099427,51940924,1960,1
60099428,51940924,1960,1
60099429,51940924,1960,2
60099430,51940924,1960,2
60099433,51938540,1940,1
60099437,51934452,1950,1
60099440,51934452,1950,2
60099444,53176835,1950,2
60099447,51911969,1970,1
60099448,51911969,1970,1
60099449,51911969,1970,2
60099452,51907907,1960,1
60099454,51907907,1960,2
60099459,51939116,1970,2
60099464,51910151,1950,2
60099467,51919846,1950,1
60099468,51919846,1950,1
60099470,51919846,1950,2
60099473,51915661,1960,1
60099475,51915661,1960,3
60099477,51916167,1970,1
60099479,51916167,1970,1
60099480,51916167,1970,1
60099482,51953414,1960,1
60099483,51953414,1960,1
60099484,51953414,1960,2
60099499,53227883,1960,2
60099509,51936776,1950,2
60099510,51936776,1950,2
60099515,53033244,1950,2
60099516,53033244,1950,2
60099520,51953823,1970,2
60099524,51912822,1950,1
60099526,51912822,1950,2
60099531,51934445,1940,2
60099533,51937158,1960,1
60099534,51937158,1960,1
60099538,53232546,1960,1
60099539,53232546,1960,1
60099540,53232546,1960,2
60099545,51916489,1970,2
60099549,51918773,1950,1
60099566,51934435,1970,2
60099570,51915924,1950,2
60099576,65282830,1960,2
60099578,51929431,1970,1
60099579,51929431,1970,1
60099581,51929431,1970,2
60099583,51919159,1950,1
60099584,51919159,1950,1
60099585,51919159,1950,2
60099586,51919159,1950,2
60099589,51935309,1950,1
60099593,51910080,1960,1
60099595,51910080,1960,2
60099596,51910080,1960,2
60099598,51935694,1985,1
60099601,51935694,1985,2
60099610,51919664,1950,1
60099611,51919664,1950,2
60099615,51937533,1960,1
60099616,51937533,1960,2
60099617,51937533,1960,2
60099619,51935705,1970,1
60099620,51935705,1970,1
60099621,51935705,1970,2
60099622,51935705,1970,2
60099650,51939113,1960,1
60099652,51939113,1960,2
60099655,51939909,1960,1
60099661,53231432,1960,2
60099662,53231432,1960,2
60099664,51928484,1970,1
60099666,51928484,1970,2
60099667,51928484,1970,2
60099669,51912786,1950,1
60099671,51912786,1950,2
60099674,51935373,1950,1
60099675,51935373,1950,1
60099677,51935373,1950,2
60099679,53232672,1960,1
60099680,53232672,1960,1
60099682,53232672,1960,2
60099684,51918470,1960,1
60099695,51935843,1950,1
60099702,51916543,1950,0
60099786,51953464,1970,1
60099787,51953464,1970,1
60099789,51953464,1970,2
60099790,51953464,1970,3
60099796,51917721,1970,2
60099800,51911589,1970,1
60099803,51911589,1970,2
60099808,53098999,1970,1
60099810,53098999,1970,2
60099811,53098999,1970,3
60099812,53098999,1970,3
60099814,51909555,1950,1
60099822,51923196,1960,1
60099824,51923196,1960,2
60099825,51923196,1960,3
60099826,51923196,1960,3
60099829,51923196,1960,2
60099834,53033281,1950,1
60099836,53033281,1950,2
60099837,53033281,1950,2
60099838,53033281,1950,3
60099839,53033281,1950,3
60099840,53033281,1950,1
60099843,53033281,1950,2
60099844,53033281,1950,3
60099860,51915471,1970,1
60099866,51915471,1970,2
60099870,53111070,1970,1
60099873,53111070,1970,2
60099874,53111070,1970,0
60099875,53111070,1970,1
60099880,53232869,1970,1
60099881,53232869,1970,1
60099884,53232869,1970,1
60099885,53232869,1970,1
60099886,53232869,1970,2
60099898,52966336,1960,0
60099936,65282385,1992,1
60099937,65282385,1992,1
60099990,65282063,,
60100082,51898384,1999,3
60100087,65282445,1980,4
60100089,53095122,1980,
60100122,65282574,1950,1
60100123,65282574,1950,2
60100125,65282574,1950,0
60100132,51913213,1950,1
60100137,53225514,1952,1
60100139,53225514,1952,2
60100144,51909807,1950,2
60100149,51899472,1970,1
60100153,51917478,1960,1
60100158,51914038,1960,1
60100159,51914038,1960,1
60100163,51906913,1960,1
60100165,51906913,1960,2
60100168,51918310,1980,1
60100173,53416789,1960,1
60100176,53416789,1960,2
60100178,53416789,1960,1
60100180,53416789,1960,2
60100181,53416789,1960,2
60100195,51914669,1990,0
60100196,51914669,1990,1
60100197,51914669,1990,1
60100198,51914669,1990,2
60100199,51914669,1990,2
60100200,51914669,1990,3
60100204,51914669,1990,5
60100205,51914669,1990,1
60100206,51914669,1990,1
60100207,51914669,1990,2
60100209,51914669,1990,3
60100210,51914669,1990,3
60100211,51914669,1990,4
60100212,51914669,1990,4
60100213,51914669,1990,5
60100215,51914669,1990,6
60100217,51914669,1990,2
60100219,51914669,1990,3
60100221,51914669,1990,4
60100222,51914669,1990,5
60100224,51914669,1990,6
60100225,51914669,1990,6
60100226,51914669,1990,7
60100272,51913331,1970,0
60100273,51913331,1970,0
60100274,51913331,1970,0
60100276,51913331,1970,2
60100277,51913331,1970,2
60100278,51913331,1970,2
60100279,51913331,1970,2
60100280,51913331,1970,3
60100281,51913331,1970,3
60100282,51913331,1970,3
60100283,51913331,1970,3
60100284,51936744,1996,0
60100285,51936744,1996,0
60100286,51936744,1996,0
60100289,51936744,1996,1
60100291,51936744,1996,1
60100306,51901185,1980,1
60100307,51901185,1980,1
60100310,51901185,1980,3
60100311,51901185,1980,3
60100314,51901185,1980,5
60100316,51930360,1980,5
60100319,51936284,1980,-1
60100321,51936284,1980,0
60100336,51919712,2000,1
60100337,51919712,2000,1
60100338,51919712,2000,2
60100339,51919712,2000,2
60100341,51919712,2000,3
60100342,51919712,2000,4
60100343,51919712,2000,4
60100344,51919712,2000,5
60100345,51919712,2000,5
60100347,51919712,2000,6
60100348,51919712,2000,7
60100373,53149642,1999,0
60100377,53174813,1970,1
60100379,53174813,1970,2
60100382,53174813,1970,0
60100384,53174813,1970,1
60100385,51912681,1980,7
60100387,51907517,1970,-1
60100388,51907517,1970,-1
60100389,51907517,1970,0
60100390,51907517,1970,1
60100391,51907517,1970,1
60100392,51907517,1970,1
60100394,51907517,1970,2
60100396,51907517,1970,3
60100397,51907517,1970,3
60100398,51907517,1970,3
60100404,51912989,1970,-1
60100405,51912989,1970,0
60100407,51912989,1970,1
60100408,51912989,1970,2
60100409,51912989,1970,2
60100413,51912989,1970,4
60100416,51907054,1960,-1
60100419,51907054,1960,0
60100420,51907054,1960,1
60100426,51907121,1970,1
60100437,51912623,1950,1
60100441,51912623,1950,3
60100442,51912623,1950,4
60100449,53227579,1980,1
60100450,53227579,1980,1
60100454,53227579,1980,3
60100455,53227579,1980,4
60100457,53227579,1980,5
60100463,51918496,1950,1
60100464,51918496,1950,1
60100469,51900823,1970,0
60100471,51900823,1970,2
60100473,51900823,1970,3
60100475,51900823,1970,4
60100478,53229465,1960,0
60100479,53229465,1960,1
60100481,53229465,1960,2
60100490,51910194,1980,1
60100491,51910194,1980,1
60100492,51910194,1980,2
60100493,51910194,1980,2
60100494,51910194,1980,3
60100495,51910194,1980,3
60100497,51910194,1980,4
60100514,51912754,1970,0
60100515,51912754,1970,1
60100516,51912754,1970,1
60100518,51912754,1970,2
60100520,51912754,1970,2
60100532,52991355,1983,0
60100535,51907964,1950,0
60100536,51907964,1950,0
60100537,51907964,1950,1
60100538,51907964,1950,1
60100540,51906960,1970,0
60100541,51906960,1970,0
60100542,51906960,1970,1
60100544,51906960,1970,0
60100545,51906960,1970,0
60100547,51906960,1970,1
60100549,53228331,1960,0
60100551,53228331,1960,1
60100552,53228331,1960,1
60100553,53228331,1960,0
60100554,53228331,1960,0
60100555,53228331,1960,1
60100561,51916727,1960,0
60100579,51905586,1960,0
60100585,51905586,1960,1
60100586,51905586,1960,1
60100595,51915136,1960,0
60100599,51915136,1960,0
60100601,51915136,1960,1
60100602,51915136,1960,1
60100603,51915136,1960,-1
60100613,52966316,1970,0
60100615,52966316,1970,1
60100616,52966316,1970,-1
60100618,51914750,1970,0
60100623,51902225,1960,0
60100624,51902225,1960,0
60100625,51902225,1960,1
60100626,51902225,1960,1
60100637,51908793,1970,1
60100643,51909337,1960,1
60100646,51909337,1960,1
60100655,53229096,1970,0
60100656,53229096,1970,0
60100657,53229096,1970,1
60100658,53229096,1970,1
60100660,53229096,1970,0
60100661,53229096,1970,1
60100662,53229096,1970,1
60100681,53226945,2000,0
60100682,53226945,2000,1
60100683,53226945,2000,2
60100684,53226945,2000,2
60100685,53226945,2000,2
60100686,53226945,2000,3
60100688,53226945,2000,3
60100689,53226945,2000,4
60100690,53226945,2000,4
60100691,53226945,2000,4
60100692,53226945,2000,5
60100693,53226945,2000,5
60100694,53226945,2000,5
60100695,53226945,2000,6
60100696,53226945,2000,6
60100697,53226945,2000,6
60100698,53226945,2000,7
60100699,53226945,2000,7
60100700,53226945,2000,7
60100701,53226945,2000,8
60100702,53226945,2000,8
60100703,53226945,2000,8
60100704,53226945,2000,9
60100707,53226945,2000,0
60100708,53226945,2000,1
60100709,53226945,2000,1
60100710,53226945,2000,1
60100711,53226945,2000,1
60100712,53226945,2000,1
60100713,53226945,2000,1
60100716,53226945,2000,2
60100717,53226945,2000,2
60100718,53226945,2000,3
60100719,53226945,2000,3
60100720,53226945,2000,3
60100721,53226945,2000,4
60100722,53226945,2000,4
60100723,53226945,2000,4
60100724,53226945,2000,5
60100725,53226945,2000,5
60100726,53226945,2000,5
60100727,53226945,2000,6
60100728,53226945,2000,6
60100729,53226945,2000,6
60100730,53226945,2000,7
60100731,53226945,2000,7
60100732,53226945,2000,7
60100733,53226945,2000,8
60100734,53226945,2000,8
60100735,53226945,2000,8
60100737,53226945,2000,9
60100756,53227165,1970,0
60100764,53232598,1970,0
60100768,53232598,1970,1
60100770,53232598,1970,2
60100772,53232598,1970,3
60100773,53232598,1970,3
60100774,53232598,1970,3
60100776,53232598,1970,4
60100777,53232598,1970,4
60100778,53232598,1970,4
60100780,53232598,1970,5
60100781,53232598,1970,5
60100782,53232598,1970,5
60100784,53232598,1970,6
60100785,53232598,1970,6
60100787,53232598,1970,0
60100788,53232598,1970,0
60100789,53232598,1970,1
60100790,53232598,1970,1
60100791,53232598,1970,1
60100792,53232598,1970,1
60100795,53232598,1970,3
60100800,53232598,1970,4
60100803,53232598,1970,5
60100808,53232598,1970,6
60100810,53232598,1970,6
60100815,51937910,1970,1
60100816,51937910,1970,1
60100818,51937910,1970,1
60100819,51937910,1970,2
60100820,51937910,1970,2
60100822,51937910,1970,3
60100824,51937910,1970,3
60100825,51937910,1970,4
60100827,51937910,1970,4
60100828,51937910,1970,4
60100829,51937910,1970,5
60100832,51937910,1970,5
60100833,51937910,1970,6
60100835,51937910,1970,6
60100838,51937910,1970,0
60100839,51937910,1970,1
60100841,51937910,1970,1
60100843,51937910,1970,2
60100844,51937910,1970,2
60100846,51937910,1970,3
60100848,51937910,1970,3
60100849,51937910,1970,4
60100851,51937910,1970,4
60100852,51937910,1970,4
60100856,51937910,1970,5
60100858,51937910,1970,6
60100859,51937910,1970,6
60100862,51908593,1970,0
60100865,51908593,1970,1
60100866,51908593,1970,1
60100869,51908593,1970,3
60100873,51908593,1970,4
60100874,51908593,1970,4
60100876,51908593,1970,4
60100880,51908593,1970,5
60100881,51908593,1970,6
60100883,51908593,1970,6
60100884,51908593,1970,6
60100888,51920393,1970,1
60100891,51920393,1970,2
60100892,51920393,1970,2
60100893,51920393,1970,2
60100894,51920393,1970,3
60100898,51920393,1970,4
60100900,51920393,1970,5
60100902,51920393,1970,5
60100904,51920393,1970,6
60100906,51920393,1970,6
60100912,51920393,1970,0
60100914,51920393,1970,1
60100915,51920393,1970,1
60100916,51920393,1970,1
60100917,51920393,1970,1
60100918,51920393,1970,2
60100920,51920393,1970,2
60100923,51920393,1970,3
60100924,51920393,1970,4
60100928,51920393,1970,5
60100931,51920393,1970,5
60100933,51920393,1970,6
60100934,51920393,1970,6
60100935,51920393,1970,6
60100936,51920393,1970,7
60100938,51920393,1970,7
60100939,51920393,1970,7
60100940,51899379,1970,1
60100942,51899379,1970,2
60100943,51899379,1970,2
60100944,51899379,1970,2
60100947,51899379,1970,3
60100949,51899379,1970,4
60100950,51899379,1970,4
60100951,51899379,1970,4
60100952,51899379,1970,5
60100953,51899379,1970,5
60100954,51899379,1970,5
60100955,51899379,1970,5
60100957,51899379,1970,6
60100958,51899379,1970,6
60100959,51899379,1970,6
60100960,51899379,1970,7
60100961,51899379,1970,7
60100962,51899379,1970,7
60100966,51917708,1970,1
60100970,51917708,1970,2
60100972,51917708,1970,3
60100973,51917708,1970,3
60100977,51917708,1970,4
60100980,51917708,1970,5
60100982,51917708,1970,6
60100983,51917708,1970,6
60100984,51917708,1970,6
60100985,51917708,1970,6
60100986,51917708,1970,7
60100988,51917708,1970,7
60100989,51917708,1970,7
60100990,51917708,1970,0
60100992,51917708,1970,1
60100998,51917708,1970,2
60100999,51917708,1970,2
60101001,51917708,1970,3
60101004,51917708,1970,4
60101005,51917708,1970,4
60101006,51917708,1970,5
60101010,51917708,1970,6
60101011,51917708,1970,6
60101012,51917708,1970,6
60101015,51917708,1970,7
60101017,53228051,1970,1
60101018,53228051,1970,1
60101019,53228051,1970,2
60101021,53228051,1970,2
60101023,53228051,1970,3
60101025,53228051,1970,4
60101026,53228051,1970,4
60101027,53228051,1970,4
60101028,53228051,1970,4
60101029,53228051,1970,5
60101030,53228051,1970,5
60101031,53228051,1970,5
60101035,53228051,1970,6
60101038,53228051,1970,7
60101039,53228051,1970,7
60101040,53228051,1970,7
60101060,53450027,1970,0
60101062,53450027,1970,1
60101063,53450027,1970,2
60101064,53450027,1970,2
60101065,53450027,1970,3
60101066,53450027,1970,3
60101069,53148254,1970,1
60101070,53148254,1970,2
60101071,53148254,1970,2
60101073,53148254,1970,3
60101077,51896973,1970,0
60101078,51896973,1970,1
60101080,51896973,1970,2
60101081,51896973,1970,2
60101082,51896973,1970,3
60101083,51896973,1970,3
60101087,51929032,1970,1
60101088,51929032,1970,1
60101089,51929032,1970,2
60101090,51929032,1970,2
60101092,51929032,1970,3
60101101,51903193,1970,0
60101107,51903193,1970,2
60101109,51903193,1970,2
60101110,51903193,1970,3
60101112,51903193,1970,3
60101119,51911892,1970,1
60101122,51911892,1970,3
60101123,51911892,1970,3
60101127,51906588,1960,1
60101128,51906588,1960,1
60101131,51906588,1960,3
60101137,51911555,1970,0
60101138,51911555,1970,0
60101139,51911555,1970,1
60101140,51911555,1970,1
60101141,51911555,1970,1
60101142,51911555,1970,0
60101143,51911555,1970,2
60101144,51911555,1970,2
60101147,51911555,1970,0
60101149,51915372,1970,1
60101151,51915372,1970,2
60101152,51915372,1970,2
60101153,51915372,1970,3
60101154,51915372,1970,3
60101155,51915372,1970,4
60101156,51915372,1970,4
60101163,53077610,1991,0
60101165,53077610,1991,0
60101167,53077610,1991,0
60101168,53077610,1991,0
60101169,53077610,1991,2
60101170,53077610,1991,0
60101171,53077610,1991,3
60101172,53077610,1991,0
60101175,51905224,2000,0
60101176,51905224,2000,0
60101177,51905224,2000,1
60101178,51905224,2000,1
60101179,51905224,2000,2
60101180,51905224,2000,2
60101181,51905224,2000,3
60101182,51905224,2000,3
60101183,51905224,2000,4
60101184,51905224,2000,4
60101188,51937144,1970,-1
60101189,51937144,1970,0
60101190,51937144,1970,1
60101201,53229887,1990,2
60101203,51911003,1970,0
60101205,51911003,1970,0
60101206,51911003,1970,1
60101208,51911003,1970,1
60101209,51911003,1970,2
60101210,51911003,1970,2
60101211,51911003,1970,2
60101212,51911003,1970,3
60101213,51911003,1970,3
60101214,51911003,1970,3
60101218,51900773,1980,0
60101221,51900773,1980,1
60101222,51900773,1980,1
60101223,51900773,1980,2
60101224,51900773,1980,3
60101237,51906038,1960,3
60101239,51906038,1960,4
60101240,51906038,1960,4
60101242,52964974,1980,0
60101243,52964974,1980,1
60101245,52964974,1980,2
60101247,52964974,1980,3
60101248,52964974,1980,3
60101254,51909173,1970,1
60101256,51909173,1970,2
60101257,51909173,1970,2
60101258,51909173,1970,2
60101259,51909173,1970,3
60101266,52966271,1970,0
60101271,53228550,1970,0
60101273,53228550,1970,2
60101281,51908000,1970,1
60101282,51908000,1970,2
60101283,51908000,1970,3
60101284,51908000,1970,3
60101289,51905472,1970,3
60101290,51905472,1970,3
60101291,51905472,1970,3
60101295,51905472,1970,2
60101296,51905472,1970,3
60101299,51908000,1970,1
60101302,51908000,1970,3
60101305,51936483,1960,1
60101307,51936483,1960,2
60101309,51936483,1960,3
60101314,51914450,1970,1
60101315,51914450,1970,1
60101319,51914450,1970,2
60101322,51914450,1970,3
60101325,51914450,1970,4
60101326,51914450,1970,4
60101327,51914450,1970,4
60101533,51925074,1970,3
60101539,51925074,1970,3
60101540,51925074,1970,1
60101542,51925074,1970,2
60101543,51925074,1970,2
60101548,53235529,1970,1
60101550,53235529,1970,2
60101551,53235529,1970,2
60101552,53235529,1970,3
60101554,53235529,1970,1
60101556,53235529,1970,2
60101557,53235529,1970,2
60101559,53235529,1970,3
60101562,53235529,1970,2
60101563,53235529,1970,2
60101565,53235529,1970,3
60101566,53235529,1970,1
60101569,53235529,1970,2
60101570,53235529,1970,3
60101574,53235529,1970,1
60101575,53235529,1970,2
60101576,53235529,1970,3
60101577,53235529,1970,3
60101580,51924613,1970,1
60101582,51924613,1970,2
60101583,51924613,1970,2
60101584,51924613,1970,3
60101585,51924613,1970,3
60101586,51924613,1970,1
60101588,51924613,1970,2
60101589,51924613,1970,2
60101590,51924613,1970,3
60101600,51907967,1970,1
60101601,51907967,1970,1
60101602,51907967,1970,2
60101603,51907967,1970,2
60101604,51907967,1970,3
60101605,51907967,1970,3
60101607,51907967,1970,1
60101610,51907967,1970,3
60101611,51907967,1970,3
60101615,51912330,1970,1
60101618,51912330,1970,3
60101619,51912330,1970,3
60101623,53226245,1970,1
60101625,53226245,1970,2
60101626,53226245,1970,3
60101627,53226245,1970,3
60101632,51917427,1970,2
60101633,51917427,1970,2
60101634,51917427,1970,3
60101635,51917427,1970,3
60101636,51917427,1970,1
60101637,51917427,1970,1
60101638,51917427,1970,2
60101639,51917427,1970,2
60101640,51917427,1970,3
60101641,51917427,1970,3
60101644,53227982,1980,1
60101645,53227982,1980,1
60101646,53227982,1980,2
60101649,53227982,1980,3
60101653,51908627,1960,1
60101655,51908627,1960,2
60101656,51908627,1960,3
60101662,51937042,1970,1
60101664,51937042,1970,2
60101665,51937042,1970,2
60101666,51937042,1970,3
60101667,51937042,1970,3
60101675,51908973,1960,3
60101676,51908973,1960,3
60101688,51918680,1970,1
60101690,51918680,1970,2
60101693,51918680,1970,3
60101715,53031708,1980,0
60101716,53031708,1980,0
60101717,53031708,1980,0
60101718,53031708,1980,0
60101719,53031708,1980,0
60101720,53031708,1980,0
60101722,53031708,1980,0
60101723,53031708,1980,0
60101724,53031708,1980,0
60101725,53031708,1980,0
60101727,53031708,1980,0
60101728,53031708,1980,0
60101731,53031708,1980,0
60101732,53031708,1980,0
60101733,53031708,1980,0
60101734,53031708,1980,0
60101735,53031708,1980,0
60101763,51917019,1970,1
60101765,51917019,1970,2
60101771,53230234,1960,1
60101773,53230234,1960,2
60101775,53230234,1960,3
60101778,51919139,2004,0
60101780,51919139,2004,1
60101781,51919139,2004,2
60101782,51919139,2004,2
60101783,51919139,2004,3
60101784,51919139,2004,3
60101785,51919139,2004,4
60101786,51919139,2004,4
60101787,51919139,2004,5
60101788,51919139,2004,0
60101795,51907154,1970,2
60101805,53035112,1970,1
60101807,53035112,1970,2
60101809,53035112,1970,3
60101810,53035112,1970,4
60101811,53035112,1970,4
60101818,51912446,1990,2
60101820,51912446,1990,3
60101829,51900898,1980,3
60101830,51900898,1980,4
60101834,51905176,1970,0
60101835,51905176,1970,1
60101838,51905176,1970,2
60101839,51905176,1970,3
60101840,51905176,1970,3
60101841,51905176,1970,4
60101845,51914330,1970,1
60101852,51914330,1970,3
60101853,51914330,1970,3
60101863,51905714,1950,3
60101875,51926539,1970,0
60101879,51926539,1970,3
60101880,51926539,1970,3
60101883,51926539,1970,5
60101884,51926539,1970,5
60101889,53443900,1980,1
60101890,53443900,1980,2
60101898,51913491,1975,0
60101899,51913491,1975,1
60101903,51913491,1975,3
60101904,51913491,1975,3
60101905,51913491,1975,4
60101911,51918588,1970,0
60101912,51918588,1970,1
60101914,51918588,1970,2
60101915,51918588,1970,2
60101917,51918588,1970,3
60101919,51918588,1970,4
60101923,51905764,1970,1
60101925,51905764,1970,2
60101926,51905764,1970,3
60101927,51905764,1970,3
60101936,51900805,1970,1
60101937,51900805,1970,2
60101938,51900805,1970,2
60101940,51900805,1970,3
60101941,51900805,1970,4
60101942,51900805,1970,4
60101944,51905926,1970,1
60101947,51905926,1970,2
60101949,51905926,1970,3
60101951,51905926,1970,4
60102262,51914461,1970,1
60102265,51914461,1970,3
60102266,51914461,1970,3
60102267,51914461,1970,1
60102269,51914461,1970,2
60102270,51914461,1970,2
60102271,51914461,1970,3
60102272,51914461,1970,3
60102274,51914461,1970,1
60102277,51914461,1970,3
60102278,51914461,1970,3
60102283,51898037,1980,1
60102284,51898037,1980,1
60102285,51898037,1980,2
60102287,51898037,1980,3
60102288,51898037,1980,3
60102289,51898037,1980,1
60102293,51898037,1980,3
60102297,53227097,1970,1
60102298,53227097,1970,1
60102299,53227097,1970,2
60102301,53227097,1970,3
60102302,53227097,1970,3
60102306,53227097,1970,2
60102308,53227097,1970,3
60102311,53232691,1970,1
60102312,53232691,1970,1
60102313,53232691,1970,2
60102315,53232691,1970,3
60102317,53232691,1970,1
60102318,53232691,1970,1
60102319,53232691,1970,2
60102320,53232691,1970,2
60102321,53232691,1970,3
60102327,51917437,1970,2
60102328,51917437,1970,2
60102329,51917437,1970,3
60102330,51917437,1970,3
60102331,51917437,1970,1
60102332,51917437,1970,1
60102333,51917437,1970,2
60102335,51917437,1970,3
60102336,51917437,1970,3
60102339,51920403,1970,1
60102340,51920403,1970,1
60102341,51920403,1970,2
60102342,51920403,1970,2
60102343,51920403,1970,3
60102345,51920403,1970,1
60102347,51920403,1970,2
60102348,51920403,1970,2
60102349,51920403,1970,3
60102353,51919734,1970,1
60102354,51919734,1970,1
60102356,51919734,1970,2
60102357,51919734,1970,3
60102358,51919734,1970,3
60102360,51919734,1970,1
60102363,51919734,1970,3
60102364,51919734,1970,3
60102367,53226775,1970,1
60102369,53226775,1970,2
60102370,53226775,1970,2
60102371,53226775,1970,3
60102372,53226775,1970,3
60102373,53226775,1970,1
60102375,53226775,1970,2
60102409,51912148,1968,0
60102413,51912148,1968,2
60102417,51912148,1968,4
60102420,51899023,1970,-1
60102422,51899023,1970,1
60102424,51899023,1970,2
60102426,51899023,1970,3
60102427,51899023,1970,3
60102428,51899023,1970,4
60102429,51899023,1970,4
60102445,51907368,1980,2
60102446,51907368,1980,2
60102448,51907368,1980,3
60102449,51907368,1980,4
60102460,51914128,1990,3
60102465,51906498,1980,1
60102467,51906498,1980,2
60102469,51906498,1980,3
60102470,51906498,1980,3
60102471,51906498,1980,4
60102487,51911850,1970,0
60102489,51911850,1970,1
60102491,51911850,1970,2
60102492,51911850,1970,2
60102501,51904041,1970,1
60102504,51904041,1970,3
60102505,51904041,1970,3
60102511,51904788,1983,1
60102514,51904788,1983,2
60102518,51904788,1983,4
60102520,51900763,1970,1
60102522,51900763,1970,2
60102523,51900763,1970,2
60102524,51900763,1970,3
60102525,51900763,1970,3
60102526,51900763,1970,4
60102527,51900763,1970,4
60102540,51926508,1980,-1
60102541,51926508,1980,0
60102543,51926508,1980,1
60102545,51926508,1980,2
60102548,51926508,1980,4
60102549,51926508,1980,4
60102563,51913200,1970,3
60102564,51913200,1970,4
60102566,51913200,1970,5
60102567,51913200,1970,5
60102572,51917322,1980,2
60102577,51907202,2000,0
60102579,51907202,2000,0
60102580,51907202,2000,0
60102669,51919471,1980,3
60102673,51919471,1980,5
60102680,53229127,1980,1
60102681,53229127,1980,1
60102682,53229127,1980,1
60102687,53229127,1980,3
60102688,53229127,1980,3
60102689,53229127,1980,4
60102690,53229127,1980,4
60102701,53070496,1978,2
60102707,51907742,1990,1
60102717,51844952,2010,1
60102718,51844952,2010,2
60102719,51844952,2010,2
60102727,53226296,1997,3
60102732,53226296,1997,6
60102745,51910870,1980,1
60102748,51910870,1980,2
60102754,51906282,1950,1
60102755,51906282,1950,2
60102757,51906282,1950,3
60102759,51906282,1950,4
60102769,51926540,1970,0
60102770,51926540,1970,0
60102783,53073000,1970,0
60102798,51919041,1980,0
60102828,51907255,1980,0
60102829,51907255,1980,1
60102843,51919859,1970,0
60102844,51919859,1970,0
60102859,51918145,1960,1
60102860,51918145,1960,1
60102875,51902155,1970,0
60102877,51902155,1970,2
60102881,53124377,1970,1
60102907,51913037,1970,0
60102909,51913037,1970,1
60102911,51913037,1970,2
60102914,51913037,1970,1
60102915,51913037,1970,2
60102917,51913037,1970,0
60102918,51913037,1970,1
60102919,51913037,1970,1
60102920,51913037,1970,2
60102921,51913037,1970,2
60102922,51913037,1970,0
60102923,51913037,1970,1
60102926,51913037,1970,2
60102938,51846436,1950,0
60102940,51846436,1950,1
60102944,51915389,1960,1
60102945,51915389,1960,1
60102946,51915389,1960,1
60102952,51914239,1950,0
60102953,51914239,1950,0
60102954,51914239,1950,1
60102957,51914239,1950,1
60102962,51845302,1950,0
60102966,51905415,1960,0
60102971,51908162,1960,0
60102972,51908162,1960,0
60102974,51908458,1960,0
60102975,51908458,1960,0
60102983,52966765,1950,1
60102992,51910741,1970,1
60102997,51910741,1970,0
60103000,51910741,1970,1
60103004,51907530,2002,-1
60103011,51917307,1970,0
60103022,51917307,1970,1
60103023,51917307,1970,1
60103024,51917307,1970,2
60103025,51917307,1970,2
60103026,51917307,1970,2
60103027,51917307,1970,3
60103028,51917307,1970,3
60103029,51917307,1970,3
60103030,51917307,1970,4
60103031,51917307,1970,4
60103032,51917307,1970,4
60103042,51937975,1970,1
60103046,51937975,1970,2
60103047,51937975,1970,2
60103048,51937975,1970,2
60103049,51937975,1970,2
60103050,51937975,1970,3
60103051,51937975,1970,3
60103052,51937975,1970,3
60103053,51937975,1970,3
60103054,51937975,1970,4
60103055,51937975,1970,4
60103056,51937975,1970,4
60103057,51937975,1970,4
60103061,51909211,1980,1
60103063,51909211,1980,2
60103064,51909211,1980,2
60103066,51909211,1980,3
60103067,51909211,1980,3
60103069,51909211,1980,4
60103070,51909211,1980,4
60103071,51909211,1980,4
60103085,51843713,1980,1
60103086,51843713,1980,1
60103087,51843713,1980,2
60103088,51843713,1980,2
60103089,51843713,1980,3
60103090,51843713,1980,3
60103091,51843713,1980,4
60103092,51843713,1980,4
60103097,51843713,1980,2
60103101,51843713,1980,4
60103102,51843713,1980,5
60103103,51843713,1980,1
60103105,51843713,1980,2
60103108,51843713,1980,3
60103110,51843713,1980,4
60103121,53228104,1980,2
60103123,53228104,1980,3
60103124,53228104,1980,3
60103127,53228104,1980,1
60103130,53228104,1980,2
60103132,53228104,1980,3
60103135,51911973,1980,1
60103136,51911973,1980,1
60103138,51911973,1980,1
60103140,51911973,1980,2
60103141,51911973,1980,2
60103142,51911973,1980,2
60103143,51911973,1980,3
60103145,51911973,1980,3
60103147,51911973,1980,4
60103148,51911973,1980,4
60103149,51911973,1980,4
60103152,51911973,1980,5
60103153,51911973,1980,5
60103154,51911973,1980,5
60103156,51911973,1980,6
60103171,51936984,1990,2
60103176,51936984,1990,3
60103177,51936984,1990,3
60103182,51936984,1990,5
60103188,51936984,1990,3
60103190,51936984,1990,4
60103191,51936984,1990,4
60103192,51936984,1990,5
60103243,51907586,1988,1
60103252,51905454,1970,-1
60103256,51905454,1970,2
60103259,51905454,1970,3
60103262,51905454,1970,-1
60103263,51905454,1970,-1
60103264,51905454,1970,1
60103266,51905454,1970,2
60103270,51905454,1970,4
60103271,51905454,1970,4
60103273,51905454,1970,-1
60103278,51905454,1970,3
60103279,51905454,1970,3
60103285,51910375,1970,0
60103287,51910375,1970,1
60103293,51907753,1980,0
60103294,51907753,1980,0
60103295,51907753,1980,1
60103297,51908764,1978,0
60103299,53225788,1970,0
60103302,53225788,1970,0
60103318,51899138,1970,1
60103417,51915381,1980,2
60103420,51915381,1980,4
60103423,51915381,1980,5
60103428,51915381,1980,8
60103431,51915381,1980,0
60103439,53090947,1981,2
60103440,53090947,1981,2
60103443,53226496,1970,1
60103446,53226496,1970,2
60103507,51935378,1960,0
60103513,51935378,1960,2
60103516,51935378,1960,3
60103517,51935378,1960,4
60103518,51935378,1960,4
60103521,65282026,1980,
60103533,51913818,1980,0
60103534,51913818,1980,1
60103536,51913818,1980,2
60103537,51913818,1980,2
60103538,51913818,1980,3
60103539,51913818,1980,3
60103540,51913818,1980,3
60103542,51913818,1980,4
60103544,51913818,1980,5
60103545,51913818,1980,5
60103546,51913818,1980,5
60103547,51913818,1980,6
60103548,51913818,1980,6
60103549,51913818,1980,6
60103550,51913818,1980,7
60103551,51913818,1980,7
60103552,51913818,1980,7
60103553,51913818,1980,8
60103555,51913818,1980,8
60103576,52798407,1990,-1
60103579,51911838,1950,-1
60103580,51911838,1950,-1
60103583,51899001,1953,0
60103598,51911622,1950,0
60103602,51917003,1970,0
60103603,51917003,1970,-1
60103606,51914455,1950,-1
60103607,51914455,1950,0
60103608,51914455,1950,1
60103612,51917468,1960,0
60103613,51917468,1960,1
60103618,51920430,1951,0
60103622,51910635,1970,0
60103626,51913704,1950,0
60103631,51936471,1960,0
60103632,51936471,1960,0
60103635,51907641,1950,0
60103636,51907641,1950,0
60103642,51904608,1975,0
60103646,51923701,1970,0
60103650,51936828,1970,0
60103652,51936828,1970,1
60103653,51936828,1970,1
60103659,51912485,1970,0
60103669,53227784,1970,1
60103670,53227784,1970,2
60103671,53227784,1970,2
60103674,51901660,1960,0
60103675,51901660,1960,0
60103676,51901660,1960,1
60103694,51917702,1950,2
60103697,53227435,1950,0
60103700,53227435,1950,1
60103701,51905199,1970,
60103704,51916961,1950,1
60103706,51916961,1950,2
60103711,51907924,1970,1
60103957,51913239,1970,2
60103959,51913239,1970,3
60103961,51913239,1970,4
60103968,51913239,1970,3
60103975,51913239,1970,3
60103978,51913239,1970,4
60103981,51930364,1970,1
60103982,51930364,1970,1
60103984,51930364,1970,2
60103986,51930364,1970,3
60103989,51930364,1970,1
60103991,51930364,1970,2
60104001,51930364,1970,3
60104002,51930364,1970,3
60104004,51930364,1970,1
60104007,53227106,1970,1
60104011,53227106,1970,3
60104016,53227106,1970,1
60104026,53227106,1970,2
60104027,53227106,1970,3
60104028,53227106,1970,3
60104033,51932780,1970,1
60104034,51932780,1970,1
60104035,51932780,1970,2
60104037,51932780,1970,3
60104039,51932780,1970,4
60104040,51932780,1970,4
60104042,51932780,1970,1
60104043,51932780,1970,2
60104045,51932780,1970,3
60104046,51932780,1970,3
60104047,51932780,1970,4
60104048,51932780,1970,4
60104049,51932780,1970,1
60104051,51932780,1970,2
60104053,51932780,1970,3
60104055,51932780,1970,4
60104056,51932780,1970,4
60104061,51960388,1970,2
60104065,51960388,1970,4
60104066,51960388,1970,4
60104070,51960388,1970,2
60104074,51960388,1970,4
60104075,51960388,1970,1
60104076,51960388,1970,1
60104077,51960388,1970,2
60104078,51960388,1970,2
60104079,51960388,1970,3
60104080,51960388,1970,3
60104082,51960388,1970,4
60104085,51937912,1970,1
60104086,51937912,1970,2
60104088,51937912,1970,3
60104092,51937912,1970,1
60104093,51937912,1970,2
60104096,51937912,1970,3
60104098,51937912,1970,4
60104100,51937912,1970,2
60104101,51937912,1970,2
60104103,51937912,1970,3
60104114,53435136,1970,4
60104116,53435136,1970,2
60104127,53435136,1970,4
60104283,53229614,1950,1
60104288,51910327,1980,1
60104292,51916034,1950,1
60104294,51916034,1950,2
60104300,51904557,1950,2
60104307,51911885,1950,1
60104308,51911885,1950,1
60104315,53129269,1950,2
60104334,53034127,1970,1
60104339,51903220,1970,1
60104341,51903220,1970,2
60104345,51898925,1950,2
60104346,51898925,1950,2
60104356,51915068,1970,2
60104358,51911934,1960,1
60104359,51911934,1960,1
60104361,51911934,1960,2
60104365,51912626,1960,1
60104366,51912626,1960,2
60104367,51912626,1960,2
60104370,51916533,1950,1
60104372,51916533,1950,2
60104376,51915960,1980,2
60104380,51907925,1950,1
60104381,51907925,1950,2
60104384,51912563,1950,1
60104386,51912563,1950,2
60104392,53034116,1970,2
60104401,52973082,1950,1
60104406,53224471,1960,1
60104408,53224471,1960,2
60104409,53224471,1960,2
60104413,51916094,1980,1
60104414,51916094,1980,2
60104420,51915882,1960,3
60104421,51915882,1960,3
60104425,51914044,1950,2
60104430,53227193,1970,2
60104433,51913769,1960,1
60104434,51913769,1960,1
60104435,51913769,1960,2
60104436,51913769,1960,2
60104454,51921837,1960,1
60104456,51921837,1960,1
60104459,51906370,1960,1
60104461,51906370,1960,2
60104462,51906370,1960,2
60104464,51902206,1960,1
60104470,51923738,1955,1
60104474,51915559,1950,1
60104476,51915559,1950,2
60104481,51908728,1960,2
60104486,51919084,1960,2
60104489,51921820,1950,1
60104490,51921820,1950,2
60104491,51921820,1950,2
60104495,51920905,1960,2
60104498,51915986,1950,1
60104499,51915986,1950,1
60104511,51904702,1950,2
60104514,53227105,1960,1
60104515,53227105,1960,2
60104519,51916328,1970,1
60104522,51916328,1970,2
60104530,53225302,1950,1
60104531,53225302,1950,2
60104532,53225302,1950,2
60104535,51915139,1950,1
60104540,53427902,1950,1
60104541,53427902,1950,1
60104542,53427902,1950,2
60104547,51904146,1950,2
60104548,51904146,1950,2
60104566,51913609,1950,1
60104567,51913609,1950,1
60104569,51913609,1950,2
60104574,53228851,1950,2
60104577,51937143,1950,1
60104579,51937143,1950,2
60104582,53226701,1950,1
60104593,53130016,1950,2
60104602,51900831,1950,2
60104613,51915541,1960,2
60104618,51914154,1970,2
60104621,51900769,1960,1
60104622,51900769,1960,1
60104626,51940843,1960,1
60104632,51907241,1970,1
60104633,51907241,1970,2
60104634,51907241,1970,2
60104636,51935294,1960,1
60104638,51935294,1960,2
60104639,51935294,1960,2
60104651,51913764,1980,2
60104652,51913764,1980,2
60104655,51918840,1960,1
60104657,51918840,1960,2
60104660,51942182,1950,1
60104661,51942182,1950,2
60104664,52991406,1960,1
60104665,52991406,1960,1
60104669,53232788,1980,1
60104672,53232788,1980,2
60104674,51939018,1960,1
60104694,53029179,1950,1
60104695,53029179,1950,2
60104699,53151045,1950,1
60104710,51906747,1970,2
60104711,51906747,1970,2
60104714,51936267,1950,1
60104718,53178064,1950,1
60104719,53178064,1950,1
60104720,53178064,1950,2
60104728,51909852,1950,1
60104729,51909852,1950,1
60104740,51916372,1960,2
60104741,51916372,1960,2
60104827,51911653,1970,0
60104828,51911653,1970,1
60104829,51911653,1970,1
60104831,51911653,1970,2
60104928,53439591,1950,2
60104931,51939085,1955,1
60104934,51939085,1955,2
60104941,51905420,1970,1
60104943,51905420,1970,2
60104944,51905420,1970,2
60104949,51918146,1950,2
60104951,51908621,1970,1
60104952,51908621,1970,1
60104953,51908621,1970,2
60104978,51914018,1970,1
60104979,51914018,1970,1
60104982,51914018,1970,2
60104983,51914018,1970,2
60104984,51914018,1970,2
60104986,51914018,1970,3
60104987,51914018,1970,4
60104988,51914018,1970,4
60104990,51914018,1970,4
60104992,51914018,1970,5
60104995,51914018,1970,6
60105000,51914018,1970,7
60105001,51914018,1970,7
60105004,51914018,1970,0
60105010,51914018,1970,2
60105011,51914018,1970,2
60105012,51914018,1970,2
60105013,51914018,1970,3
60105014,51914018,1970,3
60105015,51914018,1970,4
60105017,51914018,1970,4
60105022,51914018,1970,5
60105024,51914018,1970,6
60105025,51914018,1970,6
60105027,51914018,1970,7
60105028,51914018,1970,7
60105030,51914018,1970,7
60105034,51913270,1970,0
60105038,51913270,1970,1
60105041,51913270,1970,2
60105047,51913270,1970,4
60105048,51913270,1970,4
60105049,51913270,1970,5
60105050,51913270,1970,5
60105051,51913270,1970,5
60105053,51913270,1970,6
60105054,51913270,1970,6
60105057,51913270,1970,7
60105059,51913270,1970,7
60105060,51913270,1970,7
60105064,51913270,1970,1
60105065,51913270,1970,1
60105066,51913270,1970,1
60105069,51913270,1970,2
60105073,51913270,1970,4
60105075,51913270,1970,4
60105076,51913270,1970,4
60105077,51913270,1970,5
60105079,51913270,1970,5
60105080,51913270,1970,5
60105081,51913270,1970,6
60105083,51913270,1970,6
60105086,51913270,1970,7
60105087,51913270,1970,7
60105088,51913270,1970,7
60105091,51913534,1970,0
60105097,51913534,1970,2
60105099,51913534,1970,2
60105100,51913534,1970,2
60105101,51913534,1970,3
60105102,51913534,1970,3
60105103,51913534,1970,4
60105111,51913534,1970,6
60105113,51913534,1970,6
60105125,51913534,1970,2
60105130,51913534,1970,3
60105136,51913534,1970,5
60105140,51913534,1970,6
60105146,51913534,1970,7
60105152,53224478,1970,1
60105153,53224478,1970,1
60105155,53224478,1970,2
60105156,53224478,1970,2
60105157,53224478,1970,2
60105160,53224478,1970,3
60105165,53224478,1970,5
60105166,53224478,1970,5
60105167,53224478,1970,5
60105174,53224478,1970,7
60105175,53224478,1970,7
60105177,53224478,1970,0
60105179,53224478,1970,1
60105181,53224478,1970,1
60105182,53224478,1970,1
60105184,53224478,1970,2
60105185,53224478,1970,2
60105186,53224478,1970,2
60105187,53224478,1970,3
60105188,53224478,1970,3
60105191,53224478,1970,4
60105192,53224478,1970,4
60105193,53224478,1970,5
60105195,53224478,1970,5
60105196,53224478,1970,5
60105197,53224478,1970,6
60105199,53224478,1970,6
60105200,53224478,1970,6
60105201,53224478,1970,7
60105203,53224478,1970,7
60105209,51925632,1970,0
60105211,51925632,1970,0
60105212,51925632,1970,0
60105214,51925632,1970,1
60105216,51925632,1970,1
60105218,51925632,1970,2
60105219,51925632,1970,2
60105220,51925632,1970,2
60105221,51925632,1970,3
60105222,51925632,1970,3
60105223,51925632,1970,4
60105224,51925632,1970,4
60105225,51925632,1970,4
60105226,51925632,1970,4
60105227,51925632,1970,5
60105229,51925632,1970,5
60105233,51925632,1970,6
60105234,51925632,1970,6
60105236,51925632,1970,7
60105238,51925632,1970,7
60105242,51925632,1970,1
60105247,51925632,1970,2
60105248,51925632,1970,2
60105250,51925632,1970,3
60105252,51925632,1970,4
60105255,51925632,1970,5
60105257,51925632,1970,5
60105259,51925632,1970,6
60105261,51925632,1970,6
60105262,51925632,1970,6
60105263,51925632,1970,7
60105264,51925632,1970,7
60105266,51925632,1970,7
60105270,51915827,1970,0
60105273,51915827,1970,1
60105274,51915827,1970,1
60105276,51915827,1970,2
60105278,51915827,1970,2
60105285,51915827,1970,5
60105288,51915827,1970,5
60105290,51915827,1970,6
60105292,51915827,1970,6
60105293,51915827,1970,7
60105294,51915827,1970,7
60105297,51915827,1970,0
60105298,51915827,1970,0
60105299,51915827,1970,1
60105300,51915827,1970,1
60105301,51915827,1970,1
60105305,51915827,1970,2
60105307,51915827,1970,3
60105309,51915827,1970,4
60105310,51915827,1970,4
60105311,51915827,1970,4
60105312,51915827,1970,4
60105313,51915827,1970,5
60105316,51915827,1970,5
60105319,51915827,1970,6
60105322,51915827,1970,7
60105358,51906075,1990,1
60105419,51916862,1980,2
60105434,51909893,2000,-1
60105435,51909893,2000,-1
60105437,51909893,2000,-1
60105438,51909893,2000,-1
60105440,51909893,2000,-1
60105443,51909893,2000,1
60105444,51909893,2000,1
60105446,51909893,2000,2
60105447,51909893,2000,0
60105448,51909893,2000,1
60105452,51909893,2000,-1
60105453,51909893,2000,-1
60105454,51909893,2000,-1
60105457,51909893,2000,-1
60105459,51909893,2000,-1
60105460,51909893,2000,-1
60105461,51909893,2000,-1
60105462,51909893,2000,-1
60105465,51909893,2000,1
60105467,51909893,2000,2
60105470,51909893,2000,1
60105529,51940255,2000,0
60105530,51940255,2000,0
60105531,51940255,2000,0
60105532,51940255,2000,0
60105533,51940255,2000,0
60105536,51940255,2000,2
60105537,51940255,2000,2
60105538,51940255,2000,2
60105539,51940255,2000,2
60105542,51908872,1950,0
60105547,51908872,1950,2
60105558,51936082,1990,2
60105567,51952502,1998,0
60105568,51952502,1998,0
60105569,51952502,1998,0
60105572,51952502,1998,2
60105573,51952502,1998,2
60105574,51952502,1998,2
60105575,51952502,1998,2
60105577,51952502,1998,1
60105798,51919847,1970,-1
60105815,51937491,1950,0
60105853,51848819,1960,1
60105857,51848819,1960,3
60105862,51905331,1980,0
60105863,51905331,1980,1
60105864,51905331,1980,1
60105868,51905331,1980,0
60105871,51905331,1980,2
60105872,51905331,1980,2
60105875,53226659,1960,0
60105878,53226659,1960,2
60105880,53226659,1960,3
60105883,53031767,1960,0
60105890,53031767,1960,1
60105891,53031767,1960,1
60105892,53031767,1960,1
60105893,53031767,1960,1
60105897,53031767,1960,2
60105898,53031767,1960,2
60105899,53031767,1960,2
60105900,53031767,1960,2
60105902,53031767,1960,3
60105904,53031767,1960,3
60105905,53031767,1960,3
60105906,53031767,1960,3
60105912,53227299,1980,2
60105913,53227299,1980,2
60105914,53227299,1980,3
60105916,53227299,1980,4
60105917,53227299,1980,4
60105919,53227299,1980,1
60105920,53227299,1980,1
60105927,53227299,1980,5
60105936,51908027,1970,1
60105938,51908027,1970,2
60105939,51908027,1970,2
60105940,51908027,1970,3
60105941,51908027,1970,3
60105943,51908027,1970,4
60105948,53227387,1987,1
60105949,53227387,1987,2
60105950,53227387,1987,2
60105955,53227387,1987,5
60105956,53227387,1987,0
60105957,53227387,1987,0
60105958,53227387,1987,1
60105959,53227387,1987,1
60105960,53227387,1987,2
60105961,53227387,1987,2
60105964,53227387,1987,4
60105970,51909634,1970,1
60105971,51909634,1970,1
60105972,51909634,1970,2
60105974,51909634,1970,3
60105977,51910236,1970,1
60105978,51910236,1970,1
60105981,51910236,1970,3
60105982,51910236,1970,3
60105992,51919952,1980,2
60105995,51919952,1980,4
60105996,51919952,1980,4
60105998,51905851,2000,1
60106003,51905851,2000,3
60106004,51905851,2000,4
60106005,51905851,2000,4
60106011,51916871,1970,1
60106012,51916871,1970,1
60106013,51916871,1970,2
60106014,51916871,1970,2
60106018,51916871,1970,4
60106021,51907823,1950,0
60106022,51907823,1950,0
60106023,51907823,1950,1
60106024,51907823,1950,1
60106025,51907823,1950,2
60106026,51907823,1950,2
60106027,51907823,1950,3
60106032,51903566,2000,-1
60106033,51903566,2000,0
60106035,51903566,2000,0
60106036,51903566,2000,0
60106038,51903566,2000,1
60106040,51903566,2000,1
60106042,51903566,2000,2
60106043,51903566,2000,2
60106046,51903566,2000,3
60106048,51903566,2000,3
60106049,51903566,2000,3
60106051,51903566,2000,4
60106052,51903566,2000,4
60106054,51903566,2000,5
60106056,51903566,2000,5
60106058,51903566,2000,6
60106059,51903566,2000,6
60106060,51903566,2000,6
60106062,51903566,2000,7
60106063,51903566,2000,7
60106070,51917479,1998,2
60106073,51914277,1970,1
60106075,51914277,1970,2
60106077,51914277,1970,3
60106078,51914277,1970,4
60106079,51914277,1970,4
60106086,51902311,1970,3
60106087,51902311,1970,4
60106092,51915821,1980,1
60106096,51911898,1970,0
60106098,51911898,1970,1
60106101,51911898,1970,1
60106102,51911898,1970,1
60106105,51908940,1960,1
60106106,51908940,1960,1
60106107,51908940,1960,2
60106108,51908940,1960,2
60106109,51908940,1960,3
60106110,51908940,1960,3
60106111,51908940,1960,4
60106112,51908940,1960,4
60106114,51905165,1970,1
60106119,51905165,1970,3
60106120,51905165,1970,4
60106121,51905165,1970,4
60106131,51937538,1980,1
60106132,51937538,1980,1
60106134,51937538,1980,0
60106135,51937538,1980,1
60106156,51900380,1970,0
60106159,51900380,1970,2
60106160,51900380,1970,2
60106161,51900380,1970,3
60106162,51900380,1970,3
60106163,51900380,1970,4
60106164,51900380,1970,4
60106166,51900380,1970,1
60106167,51900380,1970,1
60106168,51900380,1970,2
60106169,51900380,1970,2
60106170,51900380,1970,3
60106171,51900380,1970,3
60106172,51900380,1970,4
60106173,51900380,1970,4
60106175,51907500,1960,0
60106176,51907500,1960,0
60106177,51907500,1960,1
60106179,51907500,1960,2
60106184,51907500,1960,4
60106188,51912301,1970,1
60106190,51912301,1970,2
60106193,51912301,1970,3
60106194,51912301,1970,4
60106195,51912301,1970,4
60106199,51936505,1950,0
60106200,51936505,1950,1
60106205,51916022,1980,0
60106206,51916022,1980,0
60106208,51916022,1980,0
60106209,51916022,1980,0
60106210,51916022,1980,0
60106211,51916022,1980,0
60106213,51916022,1980,0
60106214,51916022,1980,0
60106215,51916022,1980,0
60106216,51916022,1980,0
60106221,53231478,1950,0
60106224,53231478,1950,0
60106230,51936491,1930,-1
60106233,51936491,1930,0
60106240,51897038,1980,2
60106241,51897038,1980,2
60106247,51897038,1980,4
60106248,51897038,1980,4
60106250,51897038,1980,5
60106253,51920895,1970,1
60106254,51920895,1970,1
60106256,51920895,1970,2
60106259,51920895,1970,4
60106260,51920895,1970,4
60106262,51920895,1970,0
60106265,51920895,1970,1
60106266,51920895,1970,1
60106270,51936500,1980,1
60106276,51936500,1980,1
60106277,51936500,1980,1
60106278,51936500,1980,1
60106279,51936500,1980,1
60106281,51936500,1980,1
60106282,51936500,1980,1
60106285,51936500,1980,1
60106287,51936500,1980,1
60106289,51936500,1980,1
60106290,51936500,1980,1
60106292,51909793,1980,1
60106293,51909793,1980,1
60106294,51909793,1980,2
60106296,51909793,1980,3
60106297,51909793,1980,3
60106298,51909793,1980,4
60106310,51918582,1980,0
60106315,51918582,1980,3
60106317,51918582,1980,4
60106318,51918582,1980,4
60106322,51907649,1990,0
60106325,51907649,1990,0
60106327,51907649,1990,1
60106329,51907649,1990,2
60106330,51907649,1990,3
60106331,51907649,1990,3
60106332,51907649,1990,4
60106333,51907649,1990,4
60106335,51907649,1990,5
60106336,51907649,1990,6
60106344,51905407,1950,1
60106345,51905407,1950,1
60106354,51907346,1970,1
60106355,51907346,1970,2
60106360,51908797,1970,1
60106362,51908797,1970,1
60106364,51908797,1970,1
60106365,51908797,1970,1
60106366,51908797,1970,2
60106368,51908797,1970,2
60106369,51908797,1970,2
60106370,51908797,1970,2
60106371,51908797,1970,2
60106372,51908797,1970,2
60106374,51908797,1970,3
60106375,51908797,1970,3
60106376,51908797,1970,3
60106378,51908797,1970,3
60106379,51908797,1970,3
60106381,51908797,1970,3
60106382,51908797,1970,4
60106383,51908797,1970,4
60106384,51908797,1970,4
60106385,51908797,1970,4
60106387,51908797,1970,4
60106388,51908797,1970,4
60106392,53449416,1960,1
60106395,53449416,1960,3
60106410,51914909,1990,0
60106412,51914909,1990,0
60106415,51914909,1990,0
60106417,51914909,1990,0
60106421,51907544,1950,0
60106422,51907544,1950,-1
60106423,51907544,1950,0
60106424,51907544,1950,1
60106425,51907544,1950,1
60106426,51907544,1950,1
60106427,51907544,1950,2
60106428,51907544,1950,2
60106444,51907301,1950,0
60106445,51907301,1950,0
60106446,51907301,1950,0
60106449,51907301,1950,1
60106450,51907301,1950,1
60106461,51909343,1950,0
60106462,51909343,1950,1
60106464,51909343,1950,2
60106472,53034482,1989,1
60106481,53228984,1970,1
60106482,53228984,1970,1
60106490,53228984,1970,1
60106493,53228984,1970,2
60106499,53228984,1970,2
60106504,53228984,1970,2
60106520,53228984,1970,3
60106521,53228984,1970,3
60106523,53228984,1970,3
60106525,53228984,1970,3
60106528,53228984,1970,4
60106531,53228984,1970,4
60106532,53228984,1970,4
60106533,53228984,1970,4
60106534,53228984,1970,4
60106536,53228984,1970,4
60106537,53228984,1970,4
60106538,53228984,1970,4
60106542,51914343,1980,1
60106613,51917638,1990,1
60106614,51917638,1990,1
60106617,51917638,1990,3
60106618,51917638,1990,3
60106619,51917638,1990,4
60106620,51917638,1990,4
60106621,51917638,1990,5
60106622,51917638,1990,5
60106625,51917638,1990,2
60106626,51917638,1990,2
60106627,51917638,1990,3
60106628,51917638,1990,3
60106629,51917638,1990,4
60106630,51917638,1990,4
60106631,51917638,1990,5
60106632,51917638,1990,5
60106633,51917638,1990,6
60106634,51917638,1990,6
60106654,53449226,1989,1
60106655,53449226,1989,2
60106656,53449226,1989,2
60106658,53449226,1989,3
60106659,53449226,1989,4
60106660,53449226,1989,4
60106662,53449226,1989,1
60106663,53449226,1989,2
60106664,53449226,1989,2
60106666,53449226,1989,3
60106667,53449226,1989,4
60106668,53449226,1989,4
60106681,53007501,1970,
60106725,51901482,1990,-1
60106728,51901482,1990,1
60106729,51901482,1990,1
60106730,51901482,1990,2
60106731,51901482,1990,2
60106732,51901482,1990,3
60106734,51901482,1990,4
60106735,51901482,1990,4
60106736,51901482,1990,5
60106739,53055896,1998,-1
60106740,53055896,1998,0
60106741,53055896,1998,0
60106742,53055896,1998,1
60106743,53055896,1998,1
60106745,53055896,1998,2
60106746,53055896,1998,2
60106747,53055896,1998,2
60106748,53055896,1998,3
60106750,53055896,1998,3
60106751,53055896,1998,4
60106752,53055896,1998,4
60106753,53055896,1998,4
60106754,53055896,1998,5
60106755,53055896,1998,5
60106760,52985816,1950,0
60106762,52985816,1950,1
60106779,51909218,2000,1
60106781,51909218,2000,1
60106782,51909218,2000,1
60106783,51909218,2000,2
60106784,51909218,2000,2
60106785,51909218,2000,2
60106786,51909218,2000,2
60106787,51909218,2000,3
60106788,51909218,2000,3
60106789,51909218,2000,3
60106790,51909218,2000,3
60106791,51909218,2000,4
60106792,51909218,2000,4
60106793,51909218,2000,4
60106794,51909218,2000,4
60106795,51909218,2000,5
60106796,51909218,2000,5
60106797,51909218,2000,5
60106803,51912543,1999,0
60106804,51912543,1999,1
60106807,51912543,1999,2
60106809,51898396,1999,3
60106811,51898396,1999,4
60106812,51912543,1999,5
60106817,51912543,1999,1
60106819,51912543,1999,2
60106821,51912543,1999,2
60106822,51912543,1999,3
60106823,51912543,1999,3
60106824,51912543,1999,3
60106825,51912543,1999,4
60106826,51912543,1999,4
60106827,51912543,1999,4
60106830,51912543,1999,5
60106831,51914650,1999,0
60106832,51914650,1999,0
60106834,51914650,1999,1
60106835,51914650,1999,2
60106837,51914650,1999,3
60106838,51914650,1999,3
60106839,51914650,1999,4
60106842,51914650,1999,5
60106848,51913774,2000,0
60106849,51913774,2000,1
60106850,51913774,2000,1
60106851,51913774,2000,1
60106852,51913774,2000,1
60106853,51913774,2000,2
60106855,51913774,2000,2
60106857,51913774,2000,3
60106858,51913774,2000,3
60106859,51913774,2000,3
60106860,51913774,2000,3
60106863,51913774,2000,4
60106865,51913774,2000,5
60106866,51913774,2000,5
60106868,51913774,2000,5
60106871,51913774,2000,6
60106872,51913774,2000,7
60106884,51903207,1990,1
60106885,51903207,1990,2
60106886,51903207,1990,2
60106887,51903207,1990,2
60106888,51903207,1990,3
60106890,51903207,1990,3
60106892,51903207,1990,4
60106896,51901953,1990,1
60106897,51901953,1990,1
60106898,51901953,1990,1
60106900,51901953,1990,2
60106903,51901953,1990,3
60106904,51901953,1990,3
60106905,51901953,1990,4
60106906,51901953,1990,4
60106907,51901953,1990,4
60106908,51901953,1990,5
60106909,51901953,1990,5
60106913,51903177,1995,1
60106917,51903635,2000,1
60106918,51905681,2000,2
60106919,51903635,2000,2
60106921,51903635,2000,3
60106923,51903635,2000,4
60106926,51903635,2000,6
60106927,51903635,2000,6
60106928,51903635,2000,1
60106929,51903635,2000,1
60106930,51903635,2000,2
60106932,51903635,2000,3
60106934,51903635,2000,4
60106936,51903635,2000,5
60106938,51903635,2000,6
60106939,51903635,2000,6
60106941,51898876,2000,1
60106945,51898876,2000,2
60106946,51898876,2000,3
60106948,51898876,2000,3
60106950,51898876,2000,4
60106951,51898876,2000,4
60106952,51898876,2000,5
60106953,51898876,2000,5
60106954,51898876,2000,5
60106955,51898876,2000,6
60106957,51898876,2000,6
60106959,51905681,1990,1
60106962,51905681,1990,2
60106963,51905681,1990,2
60106964,51905681,1990,3
60106965,51905681,1990,3
60106968,51905681,1990,4
60106969,51905681,1990,4
60106970,51905681,1990,5
60106971,51905681,1990,5
60106973,51905681,1990,6
60106974,51905681,1990,6
60106975,51905681,1990,6
60106976,51898876,2000,1
60106977,51898876,2000,1
60106979,51898876,2000,2
60106980,51898876,2000,2
60106982,51898876,2000,3
60106983,51898876,2000,3
60106984,51898876,2000,3
60106986,51898876,2000,4
60106987,51898876,2000,4
60106988,51898876,2000,5
60106989,51898876,2000,5
60106990,51898876,2000,5
60106991,51898876,2000,6
60106992,51898876,2000,6
60106994,51903635,2000,1
60106995,51903635,2000,1
60107001,51903635,2000,4
60107002,51903635,2000,5
60107003,51903635,2000,5
60107004,51903635,2000,6
60107005,51903635,2000,6
60107014,51909959,2000,1
60107015,51909959,2000,2
60107016,51909959,2000,2
60107017,51909959,2000,2
60107018,51909959,2000,3
60107019,51909959,2000,3
60107020,51909959,2000,3
60107021,51909959,2000,4
60107022,51909959,2000,4
60107023,51909959,2000,4
60107024,51909959,2000,5
60107025,51909959,2000,5
60107027,51909959,2000,1
60107028,51909959,2000,1
60107029,51909959,2000,1
60107030,51909959,2000,2
60107031,51909959,2000,2
60107032,51909959,2000,2
60107033,51909959,2000,3
60107034,51909959,2000,3
60107035,51909959,2000,3
60107036,51909959,2000,4
60107037,51909959,2000,4
60107038,51909959,2000,4
60107039,51909959,2000,5
60107040,51909959,2000,5
60107041,51909959,2000,5
60107049,51842982,1990,0
60107050,51842982,1990,1
60107051,51842982,1990,1
60107053,51842982,1990,2
60107055,51842982,1990,3
60107056,51842982,1990,4
60107057,51842982,1990,4
60107070,51902750,1980,5
60107072,51910405,1990,0
60107076,51910405,1990,2
60107079,51910405,1990,3
60107080,51910405,1990,4
60107083,51910405,1990,5
60107084,51910814,1995,0
60107085,51910814,1995,0
60107086,51910814,1995,1
60107087,51910814,1995,1
60107088,51910814,1995,2
60107092,51910814,1995,4
60107093,51910814,1995,4
60107094,51910814,1995,5
60107095,51910814,1995,5
60107096,51902750,1997,0
60107097,51918494,1990,0
60107098,51918494,1997,1
60107100,51918494,1997,2
60107101,51918494,1997,2
60107103,51902750,1997,3
60107104,51918494,1997,4
60107106,51918494,1997,5
60107109,51906882,1995,1
60107110,51906882,1995,1
60107111,51906882,1995,2
60107112,51906882,1995,2
60107114,51906882,1995,3
60107115,51906882,1995,4
60107116,51906882,1995,4
60107117,51906882,1995,5
60107119,51906882,1995,6
60107128,51914228,2000,1
60107129,51914228,2000,1
60107131,51914228,2000,2
60107133,51914228,2000,2
60107135,51914228,2000,3
60107136,51914228,2000,3
60107138,51914228,2000,4
60107140,51914228,2000,5
60107751,51915635,1940,1
60107752,51915635,1940,1
60107755,51911533,1960,1
60107763,51941693,1960,1
60107765,51941693,1960,2
60107775,51910722,1970,0
60107778,51914499,1970,-1
60107779,51914499,1970,0
60107788,51910480,1984,0
60107790,51910480,1984,1
60107794,51915531,1953,0
60107799,51915531,1953,1
60107807,51922294,1950,0
60107812,53443695,1970,1
60107813,53443695,1970,2
60107814,53443695,1970,2
60107815,53443695,1970,1
60107816,53443695,1970,1
60107823,51917376,1960,0
60107828,51917376,1960,1
60107838,51910260,1970,1
60107848,51914137,1980,2
60107849,51914137,1980,2
60107853,51914137,1980,3
60107854,51914137,1980,4
60107855,51914137,1980,4
60107857,51914137,1980,4
60107859,51914137,1980,5
60107861,51914137,1980,5
60107862,51914137,1980,6
60107865,51914137,1980,6
60107870,51919994,1970,1
60107871,51919994,1970,1
60107873,51919994,1970,2
60107874,51919994,1970,3
60107876,51919994,1970,4
60107877,51919994,1970,4
60107880,51916187,1980,0
60107882,51916187,1980,2
60107884,51916187,1980,2
60107886,51916187,1980,3
60107889,51916187,1980,3
60107890,51916187,1980,4
60107892,51916187,1980,4
60107896,51916187,1980,5
60107897,51916187,1980,5
60107898,51916187,1980,6
60107899,51916187,1980,6
60107905,51919955,1980,2
60107907,51919955,1980,3
60107909,51919955,1980,4
60107919,51905671,1960,5
60107931,51918025,1970,1
60107934,51918025,1970,1
60107936,51918025,1970,2
60107940,51918025,1970,3
60107943,51918025,1970,4
60107944,51918025,1970,4
60107949,53131692,2000,0
60107950,53131692,2000,0
60107951,53131692,2000,0
60107952,53131692,2000,1
60107953,53131692,2000,1
60107954,53131692,2000,1
60107955,53131692,2000,2
60107956,53131692,2000,2
60107957,53131692,2000,2
60107958,53131692,2000,3
60107959,53131692,2000,3
60107960,53131692,2000,3
60107961,53131692,2000,4
60107962,53131692,2000,4
60107964,53131692,2000,5
60107965,53131692,2000,5
60107970,51914009,1960,0
60107971,51914009,1960,1
60107973,51914009,1960,2
60107974,51914009,1960,2
60107975,51914009,1960,3
60107976,51914009,1960,3
60107992,53076713,1980,1
60107996,51936990,1970,1
60107999,51936990,1970,2
60108000,51936990,1970,3
60108002,51936990,1970,4
60108003,51936990,1970,4
60108009,51914205,1970,1
60108013,51907978,1970,1
60108014,51907978,1970,1
60108016,51907978,1970,2
60108026,51919469,1980,0
60108028,51919469,1980,1
60108029,51919469,1980,1
60108030,51919469,1980,2
60108032,51919469,1980,2
60108035,51919469,1980,3
60108036,51919469,1980,3
60108037,51919469,1980,3
60108038,51919469,1980,4
60108042,51919469,1980,5
60108043,51919469,1980,5
60108045,51919469,1980,6
60108048,51919463,1970,1
60108049,51919463,1970,1
60108050,51919463,1970,2
60108053,51903770,1960,0
60108058,53386611,1980,-1
60108059,53386611,1980,0
60108060,53386611,1980,0
60108061,53386611,1980,1
60108062,53386611,1980,1
60108063,53386611,1980,2
60108064,53386611,1980,2
60108071,51897073,1980,2
60108074,51897073,1980,3
60108075,51897073,1980,3
60108078,51897073,1980,4
60108080,51897073,1980,4
60108081,51897073,1980,5
60108082,51897073,1980,5
60108083,51897073,1980,5
60108084,51897073,1980,5
60108086,51897073,1980,6
60108087,51897073,1980,6
60108088,51897073,1980,6
60108089,51897073,1980,7
60108090,51897073,1980,7
60108091,51897073,1980,7
60108092,51897073,1980,7
60108093,51897073,1980,8
60108094,51897073,1980,8
60108103,53034163,1970,1
60108104,53034163,1970,1
60108105,53034163,1970,2
60108106,53034163,1970,2
60108108,53034163,1970,3
60108113,51900882,1960,0
60108116,51900882,1960,2
60108122,53225918,1970,1
60108123,53225918,1970,2
60108128,51918612,1980,2
60108131,51918612,1980,1
60108132,51918612,1980,1
60108133,51918612,1980,5
60108134,51918612,1980,1
60108135,51918612,1980,6
60108137,51918612,1980,1
60108138,51918612,1980,0
60108139,51918612,1980,0
60108140,51918612,1980,0
60108141,51918612,1980,2
60108142,51918612,1980,2
60108143,51918612,1980,3
60108144,51918612,1980,3
60108145,51918612,1980,1
60108146,51918612,1980,4
60108148,51918612,1980,1
60108151,51918612,1980,1
60108152,51918612,1980,1
60108153,51918612,1980,1
60108154,51918612,1980,4
60108172,51905606,1970,0
60108174,51905606,1970,0
60108176,51905606,1970,1
60108178,51905606,1970,2
60108179,51905606,1970,3
60108180,51905606,1970,3
60108184,51909674,1970,1
60108186,51909674,1970,2
60108187,51909674,1970,3
60108188,51909674,1970,3
60108190,53164609,1960,1
60108194,53164609,1960,3
60108195,53164609,1960,3
60108200,51917549,1950,2
60108201,51917549,1950,3
60108202,51917549,1950,3
60108205,51907356,1980,1
60108206,51907356,1980,2
60108207,51907356,1980,2
60108208,51907356,1980,3
60108211,53032789,1980,0
60108213,53032789,1980,1
60108214,53032789,1980,1
60108215,53032789,1980,1
60108216,53032789,1980,2
60108218,53032789,1980,2
60108219,53032789,1980,3
60108221,53032789,1980,3
60108227,51916739,1960,0
60108239,51917002,1980,1
60108240,51917002,1980,1
60108244,51917002,1980,3
60108245,51917002,1980,4
60108250,53177326,1970,0
60108251,53177326,1970,0
60108252,53177326,1970,0
60108253,53177326,1970,1
60108256,53177326,1970,1
60108258,53177326,1970,2
60108260,53177326,1970,2
60108264,53177326,1970,3
60108265,53177326,1970,4
60108267,53177326,1970,4
60108271,53177326,1970,5
60108273,53177326,1970,6
60108274,53177326,1970,6
60108276,53177326,1970,6
60108280,51906041,1970,1
60108281,51906041,1970,1
60108284,51906041,1970,3
60108286,51906041,1970,4
60108287,51906041,1970,4
60108295,51923691,1970,3
60108296,51923691,1970,0
60108297,51923691,1970,0
60108302,51923691,1970,2
60108303,51923691,1970,3
60108307,51906488,1950,-1
60108309,51906488,1950,1
60108314,51918722,1950,0
60108315,51918722,1950,0
60108328,53003343,1980,0
60108329,53003343,1980,0
60108330,53003343,1980,1
60108331,53003343,1980,1
60108332,53003343,1980,1
60108336,53228267,1980,1
60108338,53228267,1980,1
60108339,53228267,1980,1
60108340,53228267,1980,3
60108341,53228267,1980,3
60108343,53228267,1980,3
60108347,51936609,1970,1
60108348,51936609,1970,1
60108349,51936609,1970,2
60108354,51936609,1970,4
60108360,51909315,1980,1
60108361,51909315,1980,1
60108363,51909315,1980,2
60108365,51909315,1980,3
60108373,51916284,1980,1
60108374,51916284,1980,1
60108375,51916284,1980,2
60108376,51916284,1980,2
60108377,51916284,1980,3
60108378,51916284,1980,3
60108379,51916284,1980,4
60108380,51916284,1980,4
60108386,51907979,1970,1
60108388,51907979,1970,2
60108389,51907979,1970,2
60108396,53034114,1970,3
60108987,51911118,1995,0
60109013,51917796,1996,0
60109018,51940713,2000,0
60109060,51907392,2001,-1
60109121,51916069,1950,0
60109138,51915370,1960,2
60109139,51915370,1960,0
60109140,51915370,1960,1
60109141,51915370,1960,2
60109167,65282064,2000,0
60109170,65282064,2000,0
60109172,65282064,2000,0
60109173,65282064,2000,0
60109175,65282064,2000,0
60109183,65282064,2000,1
60109184,65282064,2000,1
60109190,65282064,2000,2
60109209,51937664,1930,0
60109210,51937664,1930,0
60109215,51916738,1950,1
60109220,51914203,1950,1
60110262,51941674,1999,1
60110271,51907290,2000,-1
60110272,51907290,2000,-1
60110274,51907290,2000,-1
60110275,51907290,2000,-1
60110276,51907290,2000,-1
60110277,51907290,2000,-1
60110279,51907290,2000,-1
60110280,51907290,2000,-1
60110281,51907290,2000,-1
60110283,51907290,2000,0
60110284,51907290,2000,1
60110285,51907290,2000,1
60110286,51907290,2000,2
60110289,51907290,2000,1
60110291,51907290,2000,2
60110293,51907290,2000,-1
60110298,51907290,2000,-1
60110304,51907290,2000,-1
60110307,51907290,2000,1
60110308,51907290,2000,2
60110310,51907290,2000,0
60110311,51907290,2000,1
60110312,51907290,2000,1
60110313,51907290,2000,2
60110316,51907290,2000,-1
60110318,51907290,2000,-1
60110320,51907290,2000,-1
60110321,51907290,2000,-1
60110322,51907290,2000,-1
60110324,51907290,2000,-1
60110325,51907290,2000,-1
60110328,51907290,2000,1
60110330,51907290,2000,2
60110331,51907290,2000,2
60110333,51907290,2000,1
60110334,51907290,2000,1
60110336,51907290,2000,2
60110345,51914641,2000,0
60110346,51914641,2000,0
60110347,51914641,2000,1
60110348,51914641,2000,1
60110349,51914641,2000,2
60110351,51914641,2000,3
60110352,51914641,2000,3
60110353,51914641,2000,4
60110355,51914641,2000,5
60110356,51914641,2000,5
60110359,53027848,1998,0
60110360,53027848,1998,0
60110361,53027848,1998,1
60110362,53027848,1998,1
60110363,53027848,1998,2
60110364,53027848,1998,2
60110367,53027848,1998,4
60110382,51938799,1980,0
60110383,51938799,1980,0
60110384,51918277,2000,0
60110385,51918277,2000,0
60110386,51936039,2000,0
60110387,51936039,2000,0
60110388,51911980,2000,-1
60110389,51918277,2000,-1
60110390,51918277,1996,1
60110391,51911980,1996,1
60110392,51938799,1980,-1
60110393,51938799,1980,-1
60110394,51938799,1980,1
60110395,51938799,1980,1
60110396,51938083,2006,-1
60110399,51914564,1980,0
60110400,51938799,1980,0
60110401,51918277,2000,0
60110402,51918277,2000,0
60110403,51938799,1980,0
60110404,51938799,1980,0
60110407,51938799,1980,0
60110521,51909317,1960,0
60110543,65282707,1950,0
60110544,65282707,1950,0
60110548,65282707,1950,0
60110550,65282707,1950,0
60110552,65282707,1950,1
60110553,65282707,1950,1
60110554,65282707,1950,1
60110555,65282707,1950,2
60110592,51914359,1970,1
60110593,51914359,1970,2
60110780,51911865,1970,0
60110781,51911865,1970,0
60110782,51911865,1970,0
60110784,51911865,1970,0
60110794,51906333,1975,0
60110795,51906333,1975,0
60110802,51908932,1970,1
60110803,51908932,1970,2
60110804,51908932,1970,2
60110806,51908932,1970,3
60110807,51908932,1970,4
60110811,51908971,1970,1
60110812,51908971,1970,2
60110813,51908971,1970,2
60110814,51908971,1970,3
60110815,51908971,1970,3
60110816,51908971,1970,4
60110817,51908971,1970,4
60110821,51914474,1960,1
60110826,51929395,1990,0
60110828,51929395,1990,0
60110830,51929395,1990,0
60110834,51929395,1990,0
60110835,51929395,1990,0
60110836,51929395,1990,0
60110838,51929395,1990,0
60110839,51929395,1990,0
60110840,51929395,1990,0
60110841,51929395,1990,0
60110842,51929395,1990,0
60110843,51929395,1990,0
60110848,53229015,1970,-1
60110849,53229015,1970,0
60110851,53229015,1970,1
60110855,53229015,1970,3
60110856,53229015,1970,4
60110857,53229015,1970,4
60110863,51897986,2000,1
60110864,51897986,2000,1
60110865,51897986,2000,1
60110866,51897986,2000,2
60110867,51897986,2000,2
60110868,51897986,2000,2
60110869,51897986,2000,3
60110870,51897986,2000,3
60110871,51897986,2000,3
60110873,51897986,2000,4
60110875,51897986,2000,5
60110876,51897986,2000,5
60110877,51897986,2000,5
60110879,53228855,2000,1
60110880,53228855,2000,1
60110882,53228855,2000,2
60110883,53228855,2000,2
60110884,53228855,2000,3
60110885,53228855,2000,3
60110886,53228855,2000,3
60110887,53228855,2000,4
60110888,53228855,2000,4
60110889,53228855,2000,4
60110890,53228855,2000,5
60110891,53228855,2000,5
60110892,53228855,2000,5
60110899,53229139,1970,2
60110911,51897222,1983,3
60110912,51897222,1983,3
60110915,51897222,1983,5
60110918,51914500,2000,0
60110919,51914500,2000,1
60110920,51914500,2000,1
60110921,51914500,2000,2
60110922,51914500,2000,2
60110923,51914500,2000,2
60110924,51914500,2000,3
60110926,51914500,2000,3
60110927,51914500,2000,4
60110928,51914500,2000,4
60110929,51914500,2000,4
60110930,51914500,2000,5
60110931,51914500,2000,5
60110932,51914500,2000,5
60110933,51914500,2000,6
60110934,51914500,2000,6
60110951,51899835,1960,0
60110954,51899835,1960,1
60110983,51918357,1980,1
60111004,51910849,1980,1
60111007,51910849,1980,3
60111008,51910849,1980,3
60111016,51937018,1980,1
60111018,51937018,1980,1
60111020,51937018,1980,2
60111027,53227563,1970,1
60111028,53227563,1970,1
60111030,53227563,1970,2
60111031,53227563,1970,3
60111034,53227563,1970,4
60111038,51917916,1976,0
60111041,51917916,1976,1
60111127,51940292,1960,2
60111134,51940292,1960,0
60111135,51940292,1960,0
60111137,51940292,1960,0
60111142,51940292,1960,1
60111145,51940292,1960,1
60111148,51940292,1960,2
60111166,51917800,1970,1
60111167,51917800,1970,2
60111169,51917800,1970,3
60111173,51917800,1970,2
60111174,51917800,1970,2
60111175,51917800,1970,3
60111176,51917800,1970,3
60114814,51912957,2011,
60114818,51940829,1996,1
60114820,51956700,1993,1
60116742,51906446,1980,
60116805,51911911,1960,1
60116808,51905494,1960,1
60116821,53229025,1955,1
60116822,53229025,1955,1
60116832,51928103,1960,1
60116837,51919732,1996,
60116845,51917572,1950,0
60116846,51917572,1950,1
60116850,51914288,1960,0
60116861,51941297,1950,0
60116871,51916152,2000,1
60116877,51918391,2000,1
60116883,53421289,1960,1
60116904,51910673,1988,1
60116905,51910673,1988,1
60116916,51913458,1980,1
60116922,51918594,1950,1
60116923,51918594,1950,1
60116926,51928951,1950,1
60116930,51918699,1994,1
60116932,51954223,1960,1
60116935,53229029,1950,1
60116942,53227411,1950,1
60116945,51953936,1960,1
60116947,51953936,1960,2
60116950,51911868,1970,1
60116955,51914658,1960,1
60116958,51914658,1960,2
60116962,51906917,1970,2
60116967,51918904,1960,2
60116968,51918904,1960,2
60116989,51904553,1970,1
60116992,51915638,1970,1
60116993,51915638,1970,1
60116995,51917771,1950,1
60116996,51917771,1950,1
60116998,51916193,1970,1
60116999,51916193,1970,1
60117000,51916193,1970,1
60117002,51916193,1970,2
60117003,51916193,1970,2
60117004,51916193,1970,2
60117007,51935773,1970,1
60117008,51935773,1970,1
60117010,51935773,1970,1
60117011,51935773,1970,2
60117012,51935773,1970,2
60117013,51935773,1970,2
60117014,51935773,1970,2
60117016,51918029,1970,1
60117018,51918029,1970,1
60117022,51918029,1970,2
60117023,51918029,1970,2
60117025,51905469,1960,1
60117026,51905469,1960,1
60117096,51937478,1970,1
60117106,51917118,1970,1
60117111,51907883,1960,1
60117114,51905461,1970,1
60117115,51905461,1970,1
60117118,51936277,1970,1
60117162,51909516,1950,1
60117165,51953404,1950,1
60117168,53229174,1960,1
60117175,51938066,1960,1
60117179,53426890,1970,1
60117181,51938462,1952,1
60117182,51938462,1952,1
60117190,53226140,2000,1
60117193,51912714,1950,1
60117194,51912714,1950,1
60117197,53228627,1960,1
60117199,51916048,1980,1
60117203,51907846,1950,1
60117217,53125276,1950,1
60117234,51911999,1950,1
60117241,51919097,1950,2
60117250,51910880,1950,1
60117255,51906860,1960,1
60117257,53229968,1960,1
60117263,51939088,1950,2
60117270,53229117,1960,1
60117275,51928494,1980,1
60117282,51912789,1980,1
60117288,53235474,1950,1
60117290,51937383,1970,1
60117294,53233263,1960,1
60117296,51917565,1975,1
60117297,51917565,1975,1
60117299,51936274,1980,1
60117305,51939451,1970,1
60117306,51939451,1970,1
60117309,51938962,1970,1
60117316,51917111,1980,1
60117322,51912960,1965,1
60117335,51935330,1953,1
60117340,51953398,1980,1
60117349,51913598,1950,1
60117352,51937605,1960,1
60117354,51937605,1960,1
60117355,51937605,1960,1
60117358,51937605,1960,2
60117362,51938098,1970,1
60117363,51938098,1970,1
60117364,51938098,1970,1
60117365,51938098,1970,2
60117367,51938098,1970,2
60117368,51938098,1970,2
60117370,51916118,1970,1
60117371,51916118,1970,1
60117373,51916118,1970,1
60117374,51916118,1970,2
60117376,51916118,1970,2
60117394,51916453,1960,0
60117395,51916453,1960,1
60117398,51917236,1997,1
60117405,51906959,1965,1
60117420,51937109,1950,1
60117421,51937109,1950,1
60117460,52965441,1965,1
60117524,51941178,1950,1
60117525,51941178,1950,1
60117537,67798313,,
60117546,66135440,,
60117570,51939944,1980,1
60117572,51910015,1960,1
60117578,51938446,1970,1
60117580,51938446,1970,1
60117581,51938446,1970,1
60117582,51938446,1970,1
60117583,51938446,1970,1
60117585,51938446,1970,1
60117587,51938446,1970,2
60117589,51938446,1970,2
60117591,51938446,1970,2
60117592,51938446,1970,2
60117593,51938446,1970,2
60117595,51938446,1970,3
60117596,51938446,1970,3
60117597,51938446,1970,3
60117600,51938446,1970,3
60117601,51938446,1970,3
60117605,53232708,1970,1
60117606,53232708,1970,2
60117608,53232708,1970,3
60117614,53232708,1970,2
60117615,53232708,1970,3
60117618,53232708,1970,1
60117619,53232708,1970,1
60117620,53232708,1970,2
60117621,53232708,1970,2
60117623,53232708,1970,3
60117628,51916636,1970,1
60117629,51916636,1970,2
60117631,51916636,1970,3
60117632,51916636,1970,3
60117633,51916636,1970,0
60117634,51916636,1970,1
60117635,51916636,1970,1
60117636,51916636,1970,2
60117637,51916636,1970,2
60117638,51916636,1970,3
60117639,51916636,1970,3
60117640,51916636,1970,0
60117641,51916636,1970,1
60117643,51916636,1970,2
60117644,51916636,1970,2
60117645,51916636,1970,3
60117650,51907819,1970,1
60117651,51907819,1970,1
60117652,51907819,1970,1
60117655,51907819,1970,1
60117658,51907819,1970,1
60117659,51907819,1970,1
60117660,51907819,1970,1
60117662,51907819,1970,2
60117663,51907819,1970,2
60117664,51907819,1970,2
60117665,51907819,1970,2
60117666,51907819,1970,2
60117667,51907819,1970,2
60117668,51907819,1970,2
60117669,51907819,1970,2
60117670,51907819,1970,2
60117672,51907819,1970,2
60117673,51907819,1970,3
60117674,51907819,1970,3
60117675,51907819,1970,3
60117676,51907819,1970,3
60117679,51907819,1970,3
60117680,51907819,1970,3
60117682,51907819,1970,3
60117683,51907819,1970,3
60117686,51916122,1970,1
60117687,51916122,1970,1
60117692,51923246,1970,1
60117694,51923246,1970,1
60117696,51923246,1970,1
60117697,51923246,1970,1
60117698,51923246,1970,1
60117699,51923246,1970,2
60117700,51923246,1970,2
60117701,51923246,1970,2
60117702,51923246,1970,2
60117703,51923246,1970,2
60117705,51923246,1970,2
60117706,51923246,1970,2
60117707,51923246,1970,3
60117708,51923246,1970,3
60117710,51923246,1970,3
60117711,51923246,1970,3
60117712,51923246,1970,3
60117713,51923246,1970,3
60117714,51923246,1970,3
60117718,51940806,1970,1
60117719,51940806,1970,1
60117724,51940806,1970,2
60117731,51940806,1970,2
60117732,51940806,1970,3
60117733,51940806,1970,3
60117734,51940806,1970,3
60117736,51940806,1970,3
60117737,51940806,1970,3
60117738,51940806,1970,3
60117739,51940806,1970,3
60117745,51908805,1970,1
60117746,51908805,1970,1
60117747,51908805,1970,1
60117748,51908805,1970,1
60117749,51908805,1970,2
60117750,51908805,1970,2
60117751,51908805,1970,2
60117754,51908805,1970,2
60117755,51908805,1970,2
60117757,51908805,1970,3
60117758,51908805,1970,3
60117759,51908805,1970,3
60117760,51908805,1970,3
60117762,51908805,1970,3
60117763,51908805,1970,3
60117764,51908805,1970,3
60117768,53232321,1970,1
60117770,53232321,1970,1
60117771,53232321,1970,1
60117773,53232321,1970,1
60117774,53232321,1970,1
60117776,53232321,1970,2
60117778,53232321,1970,2
60117779,53232321,1970,2
60117780,53232321,1970,2
60117781,53232321,1970,2
60117783,53232321,1970,3
60117784,53232321,1970,3
60117787,53232321,1970,3
60117788,53232321,1970,3
60117789,53232321,1970,3
60117790,53232321,1970,3
60117799,53232678,1970,1
60117800,53232678,1970,1
60117801,53232678,1970,2
60117802,53232678,1970,2
60117804,53232678,1970,2
60117805,53232678,1970,2
60117807,53232678,1970,2
60117808,53232678,1970,2
60117809,53232678,1970,3
60117810,53232678,1970,3
60117811,53232678,1970,3
60117812,53232678,1970,3
60117813,53232678,1970,3
60117814,53232678,1970,3
60117815,53232678,1970,3
60117816,53232678,1970,3
60117834,53033684,1950,3
60117839,53033684,1950,2
60117840,53033684,1950,2
60117842,53033684,1950,3
60117847,53033684,1950,2
60117849,53033684,1950,3
60117862,53147786,1950,1
60117863,53147786,1950,0
60117867,51942179,1960,1
60117870,51909863,1950,1
60117872,51935352,1960,1
60117876,51936194,1995,1
60117884,51953849,1940,1
60117893,51906994,1975,1
60117914,51938060,1950,1
60117920,51936081,1950,0
60117925,51907850,1985,1
60117927,51938499,1992,1
60117931,53229105,1960,1
60117932,53229105,1960,1
60117933,53229105,1960,1
60117935,53229105,1960,2
60117936,53229105,1960,2
60117937,53229105,1960,2
60117941,53231087,1950,1
60117942,53231087,1950,1
60117944,53231087,1950,2
60117945,53231087,1950,2
60117946,53231087,1950,2
60117947,53231087,1950,2
60117953,51916559,1970,1
60117955,53226239,1960,1
60117959,53175162,1960,1
60117961,51939110,1970,1
60117962,51939110,1970,1
60117983,51917121,1980,1
60118017,51918748,1990,1
60118021,51953546,1991,0
60118022,51953546,1991,1
60118050,51918010,1990,0
60118055,53155140,2000,0
60118058,51935817,1989,-1
60118062,51906490,1980,0
60118063,51906490,1980,0
60118066,53029138,2001,-1
60118075,51935329,1982,-1
60118078,51919151,1983,1
60118079,51919151,1983,1
60118083,51904536,1991,0
60118086,53033590,1980,-1
60118090,53229226,1981,0
60118091,53229226,1981,-1
60118095,53236809,1950,-1
60118099,51913080,1988,-1
60118103,51910306,1982,-1
60118115,51907371,1995,-1
60118124,51910931,2000,-1
60118161,52982210,1980,0
60118163,53034174,1980,1
60118172,51909844,1980,0
60118179,51916627,1997,1
60118236,51917347,1955,0
60118246,51938470,1970,0
60118250,51913596,1960,-1
60118261,51907410,1960,1
60118262,51907410,1960,1
60118267,51935539,1960,0
60118271,53227086,1960,1
60118277,51929922,1970,1
60118281,51939875,1950,-1
60118284,51939875,1950,0
60118288,51937119,1988,0
60118304,53229078,1986,-1
60118310,51928036,1980,0
60118324,51916464,1970,0
60118348,51916396,1950,0
60118356,53232696,1960,-1
60118359,51913243,1970,0
60118360,51913243,1970,0
60118361,51913243,1970,0
60118367,51913243,1970,3
60118369,51913243,1970,1
60118370,51913243,1970,1
60118373,51913243,1970,3
60118374,51913243,1970,3
60118375,51913243,1970,1
60118376,51913243,1970,1
60118377,51913243,1970,2
60118379,51913243,1970,3
60118380,51913243,1970,3
60118384,51913243,1970,2
60118385,51913243,1970,3
60118386,51913243,1970,3
60118387,51913243,1970,1
60118388,51913243,1970,1
60118389,51913243,1970,2
60118390,51913243,1970,2
60118391,51913243,1970,3
60118392,51913243,1970,3
60118393,51913243,1970,1
60118394,51913243,1970,1
60118395,51913243,1970,2
60118396,51913243,1970,2
60118422,51936753,1970,1
60118423,51936753,1970,1
60118429,51936753,1970,1
60118431,51905953,1960,1
60118437,51935716,1950,1
60118438,51935716,1950,1
60118441,51909480,1980,1
60118447,53090816,1960,1
60118453,51905140,1970,1
60118454,51905140,1970,1
60118455,51905140,1970,1
60118458,51905140,1970,1
60118459,51905140,1970,1
60118464,51918267,1990,1
60118465,51918267,1990,1
60118466,51918267,1990,1
60118468,51918267,1990,1
60118473,51930441,1960,1
60118484,51937569,1950,1
60118487,51935612,1960,1
60118494,65282478,1960,1
60118497,51905776,1950,1
60118498,51905776,1950,1
60118503,51915311,1970,1
60118509,51913171,1970,1
60118518,51914554,1950,1
60118527,51916646,1967,-1
60118564,53231329,1970,1
60118565,53231329,1970,1
60118583,51913587,1950,1
60118587,51908860,1970,1
60118590,51912936,1960,1
60118592,53121469,1965,1
60118622,53231433,1950,1
60118627,51908366,1980,-1
60118630,51908366,1980,2
60118631,51908366,1980,2
60118634,51908366,1980,4
60118636,51908366,1980,1
60118637,51908366,1980,1
60118639,51908366,1980,2
60118642,51908366,1980,4
60118645,51908366,1980,1
60118646,51908366,1980,2
60118648,51908366,1980,3
60118653,51908366,1980,1
60118655,51908366,1980,2
60118656,51908366,1980,3
60118657,51908366,1980,3
60118658,51908366,1980,4
60118666,51936269,1970,1
60118668,51936269,1970,2
60118669,51936269,1970,3
60118673,51936269,1970,2
60118674,51936269,1970,2
60118675,51936269,1970,3
60118679,51936170,1970,1
60118681,51936170,1970,2
60118686,51936170,1970,1
60118688,51936170,1970,3
60118694,51936170,1970,3
60118695,51936170,1970,3
60118698,51918627,1970,1
60118700,51918627,1970,2
60118702,51918627,1970,3
60118703,51918627,1970,1
60118704,51918627,1970,1
60118705,51918627,1970,2
60118706,51918627,1970,2
60118712,51912851,1970,1
60118715,51912851,1970,3
60118718,51912851,1970,1
60118719,51912851,1970,2
60118721,51912851,1970,3
60118722,51912851,1970,3
60118726,53226231,1970,1
60118728,53226231,1970,1
60118729,53226231,1970,2
60118731,53226231,1970,2
60118734,53226231,1970,3
60118735,53226231,1970,3
60118736,53226231,1970,3
60118739,51912720,1970,1
60118744,51912720,1970,3
60118746,51912720,1970,2
60118749,51912720,1970,3
60118753,51916382,1970,1
60118756,51916382,1970,2
60118757,51916382,1970,2
60118758,51916382,1970,2
60118759,51916382,1970,3
60118760,51916382,1970,3
60118761,51916382,1970,3
60118762,51916382,1970,3
60118763,51916382,1970,1
60118764,51916382,1970,1
60118767,51937101,1970,1
60118768,51937101,1970,1
60118770,51937101,1970,2
60118771,51937101,1970,3
60118772,51937101,1970,3
60118776,51937101,1970,2
60118777,51937101,1970,3
60118778,51937101,1970,3
60118782,51940000,1970,1
60118785,51940000,1970,2
60118787,51940000,1970,2
60118788,51940000,1970,2
60118789,51940000,1970,3
60118791,51940000,1970,3
60118799,52965251,1970,3
60118802,52965251,1970,1
60118803,52965251,1970,2
60118806,52965251,1970,3
60118807,52965251,1970,1
60118808,52965251,1970,1
60118810,52965251,1970,2
60118811,52965251,1970,3
60118819,51953830,1970,3
60118820,51953830,1970,1
60118821,51953830,1970,1
60118824,51953830,1970,3
60118825,51953830,1970,3
60118826,51953830,1970,1
60118831,51953830,1970,3
60118835,53228169,1970,1
60118837,53228169,1970,2
60118840,53228169,1970,1
60118841,53228169,1970,1
60118842,53228169,1970,2
60118843,53228169,1970,2
60118848,53228169,1970,2
60118850,53228169,1970,3
60118852,53228169,1970,1
60118854,53228169,1970,2
60118855,53228169,1970,2
60118860,53097382,1970,0
60118862,53097382,1970,1
60118863,53097382,1970,2
60118866,53097382,1970,3
60118870,53097382,1970,4
60118875,53097382,1970,5
60118876,53097382,1970,5
60118879,53150665,1970,0
60118883,53150665,1970,2
60118886,53150665,1970,3
60118887,53150665,1970,3
60118888,53150665,1970,3
60118889,53150665,1970,4
60118891,53150665,1970,4
60118892,53150665,1970,4
60118895,53150665,1970,5
60118899,51908183,1970,0
60118902,51908183,1970,1
60118903,51908183,1970,2
60118904,51908183,1970,2
60118906,51908183,1970,3
60118907,51908183,1970,3
60118911,51908183,1970,4
60118912,51908183,1970,4
60118914,51908183,1970,5
60118916,51908183,1970,5
60118920,51918713,1980,0
60118922,51918713,1980,1
60118923,51918713,1980,2
60118928,51918713,1980,3
60118940,51941397,1970,1
60118946,51941397,1970,1
60118949,51941397,1970,3
60118951,51941397,1970,2
60118954,51941397,1970,3
60118955,51941397,1970,3
60118962,51915011,1970,2
60118965,51915011,1970,3
60118967,51915011,1970,4
60118972,51915011,1970,5
60118973,51915011,1970,0
60118974,51915011,1970,0
60118976,51915011,1970,1
60118977,51915011,1970,2
60118979,51915011,1970,3
60118981,51915011,1970,3
60118988,51915011,1970,5
60118989,51915011,1970,5
60118991,51915011,1970,5
60118995,51935792,1970,0
60118996,51935792,1970,1
60118997,51935792,1970,1
60118998,51935792,1970,2
60119001,51935792,1970,3
60119002,51935792,1970,3
60119007,51935792,1970,5
60119009,51935792,1970,5
60119013,51935792,1970,1
60119016,51935792,1970,3
60119017,51935792,1970,3
60119021,51935792,1970,4
60119025,51935792,1970,5
60119026,51935792,1970,5
60119027,51935792,1970,4
60119028,51935792,1970,4
60119031,51934370,1970,1
60119033,51934370,1970,1
60119035,51934370,1970,2
60119037,51934370,1970,2
60119038,51934370,1970,2
60119039,51934370,1970,3
60119042,51934370,1970,3
60119043,51934370,1970,1
60119045,51934370,1970,1
60119046,51934370,1970,1
60119047,51934370,1970,2
60119049,51934370,1970,2
60119052,51934370,1970,3
60119053,51934370,1970,3
60119057,51938534,1970,1
60119058,51938534,1970,1
60119059,51938534,1970,1
60119062,51938534,1970,2
60119063,51938534,1970,2
60119064,51938534,1970,3
60119070,51935256,1970,1
60119071,51935256,1970,1
60119076,51935256,1970,1
60119082,51935256,1970,1
60119083,51935256,1970,1
60119085,51935256,1970,2
60119086,51935256,1970,3
60119091,53446024,1970,1
60119092,53446024,1970,1
60119093,53446024,1970,1
60119094,53446024,1970,2
60119096,53446024,1970,2
60119099,53446024,1970,3
60119101,53446024,1970,3
60119106,51938063,1970,2
60119108,51938063,1970,3
60119109,51938063,1970,3
60119112,51938063,1970,2
60119115,51938063,1970,3
60119118,51938063,1970,2
60119124,51906445,1970,1
60119125,51906445,1970,1
60119126,51906445,1970,2
60119127,51906445,1970,2
60119134,51906445,1970,3
60119135,51906445,1970,3
60119137,51906445,1970,1
60119138,51906445,1970,2
60119139,51906445,1970,2
60119141,51906445,1970,3
60119145,51938050,1970,1
60119146,51938050,1970,2
60119149,51938050,1970,3
60119150,51938050,1970,1
60119151,51938050,1970,1
60119153,51938050,1970,2
60119156,51938050,1970,1
60119160,51938050,1970,3
60119161,51938050,1970,3
60119164,53226849,1970,1
60119165,53226849,1970,2
60119166,53226849,1970,2
60119168,53226849,1970,1
60119169,53226849,1970,1
60119170,53226849,1970,2
60119171,53226849,1970,2
60119173,53226849,1970,3
60119174,53226849,1970,1
60119177,53226849,1970,2
60119178,53226849,1970,3
60119182,65282514,1970,1
60119183,65282514,1970,1
60119184,65282514,1970,2
60119185,65282514,1970,2
60119186,65282514,1970,3
60119187,65282514,1970,3
60119188,65282514,1970,1
60119189,65282514,1970,1
60119191,65282514,1970,2
60119192,65282514,1970,3
60119193,65282514,1970,3
60119194,65282514,1970,1
60119195,65282514,1970,1
60119196,65282514,1970,2
60119199,65282514,1970,3
60119205,51915965,1970,3
60119207,51915965,1970,1
60119208,51915965,1970,1
60119214,51915965,1970,2
60119216,51915965,1970,3
60119219,51915965,1970,2
60119223,53135018,1970,1
60119224,53135018,1970,2
60119225,53135018,1970,2
60119227,53135018,1970,3
60119232,53135018,1970,3
60119234,53135018,1970,1
60119237,53135018,1970,2
60119238,53135018,1970,3
60119239,53135018,1970,3
60119242,51955279,1970,0
60119243,51955279,1970,0
60119244,51955279,1970,1
60119246,51955279,1970,1
60119247,51955279,1970,2
60119251,51955279,1970,3
60119252,51955279,1970,4
60119254,51955279,1970,4
60119255,51955279,1970,5
60119256,51955279,1970,5
60119257,51955279,1970,5
60119258,51955279,1970,6
60119263,51929985,1970,0
60119264,51929985,1970,1
60119265,51929985,1970,1
60119266,51929985,1970,1
60119268,51929985,1970,2
60119271,51929985,1970,3
60119274,51929985,1970,4
60119276,51929985,1970,5
60119277,51929985,1970,5
60119278,51929985,1970,6
60119279,51929985,1970,6
60119282,51915943,1970,0
60119283,51915943,1970,0
60119284,51915943,1970,1
60119286,51915943,1970,1
60119287,51915943,1970,2
60119288,51915943,1970,2
60119289,51915943,1970,3
60119291,51915943,1970,3
60119293,51915943,1970,4
60119294,51915943,1970,4
60119295,51915943,1970,5
60119297,51915943,1970,5
60119298,51915943,1970,6
60119299,51915943,1970,6
60119304,51953494,1970,2
60119309,51953494,1970,4
60119310,51953494,1970,4
60119312,51953494,1970,5
60119318,51953494,1970,6
60119319,51953494,1970,6
60119322,53228647,1970,0
60119325,53228647,1970,1
60119328,53228647,1970,3
60119332,53228647,1970,4
60119333,53228647,1970,4
60119337,53228647,1970,5
60119345,53232713,1970,1
60119353,53232713,1970,3
60119356,53232713,1970,4
60119357,53232713,1970,4
60119363,51911453,1970,1
60119364,51911453,1970,2
60119365,51911453,1970,2
60119368,51911453,1970,3
60119369,51911453,1970,3
60119371,51911453,1970,3
60119372,51911453,1970,4
60119375,51911453,1970,4
60119380,51937090,1960,1
60119381,51937090,1960,1
60119383,51937090,1960,2
60119384,51937090,1960,2
60119385,51937090,1960,2
60119387,51937090,1960,3
60119388,51937090,1960,3
60119392,51911982,1970,1
60119393,51911982,1970,1
60119394,51911982,1970,1
60119399,51911982,1970,2
60119400,51911982,1970,3
60119401,51911982,1970,3
60119402,51911982,1970,3
60119403,51911982,1970,3
60119410,53229240,1970,3
60119411,53229240,1970,3
60119412,53229240,1970,3
60119414,53229240,1970,2
60119415,53229240,1970,2
60119416,53229240,1970,3
60119417,53229240,1970,3
60119418,53229240,1970,1
60119422,53229240,1970,3
60119428,51942172,1970,2
60119429,51942172,1970,2
60119431,51942172,1970,3
60119435,51942172,1970,2
60119436,51942172,1970,3
60119439,51942172,1970,1
60119440,51942172,1970,2
60119441,51942172,1970,2
60119442,51942172,1970,3
60119446,51910272,1960,1
60119450,51910272,1960,2
60119451,51910272,1960,2
60119454,51910272,1960,3
60119455,51910272,1960,3
60119456,51910272,1960,3
60119457,51910272,1960,3
60119485,51935336,1970,1
60119489,51941254,1950,1
60119491,51940495,1950,1
60119492,51940495,1950,1
60119495,51940931,1950,1
60119503,72617989,1960,1
60119506,72617989,1960,2
60119516,51939797,1970,2
60119517,51939797,1970,2
60119518,51939797,1970,2
60119521,51935276,1960,1
60119522,51935276,1960,1
60119525,51935276,1960,2
60119526,51935276,1960,2
60119527,51935276,1960,2
60119528,51935276,1960,2
60119531,51934859,1980,
60119535,51959644,1960,0
60119537,53149179,1950,0
60119539,51959644,1960,0
60119541,51959644,1960,0
60119544,53149179,1950,0
60119547,51959644,1960,0
60119589,53083514,1950,1
60119594,51937903,1960,1
60119603,53076352,1970,1
60119607,51918652,1970,1
60119609,65282764,1960,1
60119610,65282764,1960,1
60119612,51911756,1960,1
60119613,51911756,1960,1
60119622,53228222,1996,1
60119623,53228222,1996,1
60119626,51918343,1960,1
60119635,51953363,1970,1
60119640,51919652,1970,1
60119641,51919652,1970,1
60119649,51937642,1976,2
60119657,51936641,1960,1
60119659,51936641,1960,1
60119660,51936641,1960,1
60119661,51936641,1960,2
60119662,51936641,1960,2
60119664,51936641,1960,2
60119668,51915672,1970,1
60119670,51915672,1970,2
60119673,51915672,1970,2
60119675,51912926,1970,1
60119676,51912926,1970,1
60119678,51912926,1970,2
60119681,51906414,2000,1
60119689,51939414,1971,2
60119691,51929932,1960,1
60119692,51929932,1960,1
60119694,51929932,1960,2
60119698,53227417,1962,2
60119701,51912271,1960,1
60119703,51912271,1960,2
60119708,51918744,1970,1
60119709,51918744,1970,2
60119712,51918262,1960,1
60119714,51918262,1960,2
60119723,51913333,1960,1
60119729,51912378,1950,2
60119732,65282708,1950,1
60119735,65282708,1950,2
60119741,51939999,1950,1
60119742,51939999,1950,1
60119747,51940784,1950,1
60119748,51940784,1950,1
60119754,51913153,1970,1
60119756,51911818,1955,1
60119765,51918312,1970,1
60119768,51914344,1950,1
60119775,65282410,1970,1
60119778,51938951,1950,1
60119779,51938951,1950,1
60119782,51953495,1970,1
60119792,51914052,1950,1
60119807,51916377,1950,1
60119809,51917861,1950,1
60119818,51915940,1955,1
60119832,53228269,1970,0
60119834,51915433,1970,1
60119838,51918282,1950,1
60119841,51936661,1984,1
60119843,53110005,1976,1
60119853,51937543,1955,1
60119862,51940394,1960,1
60119865,51930391,1955,1
60119866,51930391,1955,1
60119908,53227884,1970,0
60119913,51937411,1970,1
60119918,51937411,1970,2
60119924,51918667,1970,1
60119939,65282641,1955,1
60119945,51937629,1970,1
60119948,51937537,1980,1
60119961,51917784,1970,1
60119963,51917784,1970,2
60119966,51918263,1990,1
60119975,51916454,1989,1
60119981,53232377,1950,1
60119984,51917424,1960,1
60119987,52966550,1970,1
60119993,51909790,1950,1
60119994,51909790,1950,1
60120006,51941372,1980,1
60120013,51912779,1970,2
60120014,51912779,1970,2
60120019,51913078,1950,1
60120020,51913078,1950,1
60120025,65282511,1980,0
60120027,65282511,1980,0
60120028,65282511,1980,0
60120031,51916545,1960,1
60120037,51940322,1955,1
60120047,53092373,1950,1
60120048,53092373,1950,1
60120053,51918718,1950,1
60120055,51918718,1950,2
60120069,52993845,1970,1
60120079,53077039,1960,2
60120082,51904716,1950,1
60120090,51922788,1980,2
60120105,51936272,1950,1
60120109,51939274,1960,1
60120111,51939274,1960,2
60120122,53178070,1950,2
60120123,53178070,1950,2
60120137,51913154,1950,1
60120142,53232119,1950,1
60120145,65282316,1980,1
60120148,53122940,1960,1
60120155,51933239,1960,1
60120158,51927070,,1
60120160,51917564,1953,1
60120164,65282941,1950,1
60120168,53227781,1950,1
60120177,51957623,1950,1
60120181,51918405,1950,1
60120183,51940337,1970,1
60120184,51940337,1970,1
60120195,51921410,1950,1
60120196,51921410,1950,1
60120198,51954096,1950,1
60120199,51954096,1950,1
60120207,51909192,1980,1
60120210,53227594,1950,1
60120211,53227594,1950,1
60120213,65282027,1970,1
60120223,51907075,1970,1
60120227,51934137,1970,1
60120232,51958947,1980,1
60120262,53231606,1965,1
60120263,53231606,1965,1
60120276,51960480,1970,1
60120277,51960480,1970,1
60120284,51941129,1970,1
60120287,51912896,1970,1
60120385,51966196,1980,3
60120387,51966196,1980,0
60120390,51966196,1980,2
60120392,51966196,1980,3
60120393,51966196,1980,3
60120397,51966196,1980,2
60120398,51966196,1980,2
60120408,51955223,1950,2
60120411,51955223,1950,2
60120416,51955223,1950,4
60120419,51955223,1950,4
60120424,53232862,1970,2
60120425,53232862,1970,2
60120426,53232862,1970,2
60120438,53148179,1950,2
60120453,51930844,1960,1
60120456,51930844,1960,1
60120457,51930844,1960,1
60120464,51930844,1960,3
60120467,51930844,1960,3
60120468,51930844,1960,3
60120469,51930844,1960,3
60120471,53236992,1960,1
60120474,53236992,1960,1
60120476,53236992,1960,1
60120479,53236992,1960,2
60120485,53236992,1960,3
60120486,53236992,1960,3
60120492,51918021,1970,1
60120493,51918021,1970,1
60120494,51918021,1970,1
60120495,51918021,1970,1
60120502,51918021,1970,3
60120503,51918021,1970,3
60120509,51909745,1960,1
60120513,51909745,1960,2
60120516,51909745,1960,3
60120518,51909745,1960,4
60120524,51956230,1960,1
60120532,51956230,1960,2
60120534,51956230,1960,2
60120541,51956230,1960,3
60120543,51932767,1970,1
60120548,51932767,1970,1
60120553,51932767,1970,2
60120555,51932767,1970,3
60120559,51932767,1970,3
60120560,51932767,1970,3
60120572,53230769,1960,2
60120576,53230769,1960,3
60120578,53230769,1960,3
60120579,53230769,1960,3
60120584,53236038,1970,2
60120587,53236038,1970,3
60120606,51928352,1970,2
60120607,51928352,1970,2
60120609,51928352,1970,2
60120612,51928352,1970,3
60120613,51928352,1970,3
60120615,51928352,1970,3
60120619,51917832,1970,1
60120624,51917832,1970,2
60120626,51917832,1970,2
60120628,51917832,1970,2
60120629,51917832,1970,3
60120630,51917832,1970,3
60120637,51958920,1970,1
60120644,51958920,1970,1
60120647,51958920,1970,1
60120653,51958920,1970,2
60120654,51958920,1970,2
60120656,51958920,1970,2
60120659,51958920,1970,3
60120664,51958920,1970,3
60120665,51958920,1970,3
60120667,51958920,1970,3
60120670,51958920,1970,3
60120671,51958920,1970,3
60120676,51958089,1960,1
60120677,51958089,1960,2
60120680,51958089,1960,2
60120682,51958089,1960,3
60120683,51958089,1960,3
60120686,51913881,1980,1
60120687,51913881,1980,1
60120690,51913881,1980,2
60120691,51913881,1980,2
60120694,51913881,1980,3
60120697,51913881,1980,3
60120703,51959560,1960,2
60120704,51959560,1960,2
60120708,51959560,1960,2
60120710,51959560,1960,2
60120720,51957228,1970,1
60120721,51957228,1970,1
60120723,51957228,1970,1
60120724,51957228,1970,1
60120726,51957228,1970,1
60120727,51957228,1970,1
60120729,51957228,1970,1
60120730,51957228,1970,1
60120731,51957228,1970,1
60120732,51957228,1970,2
60120738,51957228,1970,2
60120740,51957228,1970,2
60120741,51957228,1970,2
60120742,51957228,1970,2
60120743,51957228,1970,2
60120744,51957228,1970,3
60120745,51957228,1970,3
60120747,51957228,1970,3
60120749,51957228,1970,3
60120754,51957228,1970,3
60120757,65282765,1960,1
60120759,65282765,1960,1
60120760,65282765,1960,1
60120765,65282765,1960,1
60120767,65282765,1960,2
60120768,65282765,1960,2
60120770,65282765,1960,3
60120772,65282765,1960,3
60120773,65282765,1960,3
60120774,65282765,1960,3
60120780,51926912,1970,1
60120782,51926912,1970,2
60120783,51926912,1970,2
60120789,51926912,1970,3
60120791,51926912,1970,3
60120792,51926912,1970,3
60120817,53228189,1960,1
60120818,53228189,1960,1
60120820,53228189,1960,1
60120823,51932729,1990,1
60120834,51938829,1990,1
60120860,53032736,1970,1
60120868,53232222,1960,1
60120869,53232222,1960,1
60120883,65282907,1980,1
60120884,65282907,1980,1
60120890,51936611,1950,1
60120891,51936611,1950,1
60120898,53129127,1950,1
60120900,53129127,1950,1
60120902,53129127,1950,1
60120905,51939549,1970,1
60120907,51939549,1970,1
60120908,51939549,1970,1
60120910,53236295,1960,1
60120912,53236295,1970,1
60120927,53178074,1970,1
60120935,51912834,1950,1
60120947,51932240,1950,1
60120955,51930824,1960,1
60120960,53228355,1970,1
60120963,53228355,1970,1
60120978,51958894,1950,1
60120979,51958894,1950,1
60120980,51958894,1950,1
60120993,51914718,1950,1
60120995,51914718,1950,2
60120997,51914718,1950,2
60121000,51960424,1970,1
60121001,51960424,1970,1
60121002,51960424,1970,1
60121004,51960424,1970,2
60121005,51960424,1970,2
60121006,51960424,1970,2
60121015,51930452,1960,1
60121017,51930452,1960,2
60121019,51930452,1960,2
60121021,51930452,1960,2
60121033,51914245,1960,2
60121035,51914245,1960,2
60121036,51914245,1960,1
60121037,51914245,1960,2
60121039,51940703,1957,1
60121043,51940703,1957,2
60121056,53232253,1950,2
60121065,53235741,1960,2
60121066,53235741,1960,2
60121067,53235741,1960,2
60121068,53235741,1960,2
60121076,51929523,1950,1
60121077,51929523,1950,1
60121079,51929523,1950,2
60121080,51929523,1950,2
60121084,51929523,1950,2
60121085,51929523,1950,2
60121088,51929523,1950,3
60121089,51929523,1950,3
60121090,51929523,1950,3
60121101,51953965,1970,1
60121102,51953965,1970,1
60121103,51953965,1970,1
60121107,51953965,1970,2
60121111,51959453,1970,1
60121112,51959453,1970,1
60121113,51959453,1970,1
60121114,51959453,1970,1
60121115,51959453,1970,1
60121116,51959453,1970,2
60121122,53232020,1970,1
60121123,53232020,1970,1
60121124,53232020,1970,2
60121127,53232020,1970,2
60121129,51931367,1950,1
60121130,51931367,1950,1
60121134,51931367,1950,2
60121135,51931367,1950,2
60121139,51958083,1958,1
60121140,51958083,1958,1
60121149,53232592,1970,1
60121154,53232592,1970,1
60121155,53232592,1970,2
60121156,53232592,1970,2
60121158,53232592,1970,2
60121160,53232592,1970,2
60121161,53232592,1970,2
60121166,53232592,1970,3
60121167,53232592,1970,3
60121175,51955742,1970,1
60121177,51955742,1970,1
60121179,51955742,1970,1
60121180,51955742,1970,1
60121181,51955742,1970,2
60121182,51955742,1970,2
60121183,51955742,1970,2
60121184,51955742,1970,2
60121191,51914715,1970,1
60121193,51914715,1970,2
60121194,51914715,1970,2
60121195,51914715,1970,2
60121199,51953959,1970,1
60121200,51953959,1970,1
60121202,51953959,1970,2
60121206,51936057,1960,1
60121209,51936057,1960,1
60121211,51941611,1970,1
60121212,51941611,1970,1
60121213,51941611,1970,1
60121215,51941611,1970,2
60121216,51941611,1970,2
60121217,51941611,1970,2
60121218,51941611,1970,2
60121220,51933201,1970,1
60121223,51933201,1970,1
60121225,51933201,1970,2
60121226,51933201,1970,2
60121234,51936657,1950,2
60121241,51929861,1950,1
60121244,51929861,1950,1
60121246,51929861,1950,1
60121251,51929861,1950,2
60121253,51929861,1950,2
60121255,51929861,1950,2
60121256,51929861,1950,2
60121258,51929861,1950,3
60121261,51929861,1950,3
60121270,51941262,1970,1
60121271,51941262,1970,1
60121272,51941262,1970,2
60121273,51941262,1970,2
60121275,51941262,1970,2
60121279,65282384,1950,1
60121282,65282384,1950,2
60121283,65282384,1950,2
60121288,51937513,1960,1
60121296,51959794,1960,1
60121298,51959794,1960,1
60121300,51959794,1960,2
60121337,51932845,1950,1
60121343,51932845,1950,2
60121386,51958086,1970,1
60121389,51958086,1970,1
60121391,51958086,1970,2
60121392,51958086,1970,2
60121397,51958086,1970,4
60121400,51958086,1970,4
60121406,51936139,1960,1
60121408,51936139,1960,2
60121409,51936139,1960,2
60121412,51936139,1960,3
60121416,51936139,1960,4
60121418,51936139,1960,4
60121422,51926915,1960,1
60121426,51926915,1960,2
60121428,51926915,1960,2
60121431,51926915,1960,3
60121435,51926915,1960,4
60121439,51904661,1960,1
60121443,51904661,1960,2
60121444,51904661,1960,2
60121450,51904661,1960,4
60121451,51904661,1960,4
60121452,51904661,1960,4
60121456,51916090,1970,1
60121457,51916090,1970,1
60121461,51916090,1970,2
60121462,51916090,1970,2
60121467,51916090,1970,4
60121468,51916090,1970,4
60121469,51916090,1970,4
60121470,51916090,1970,4
60121473,51940653,1960,1
60121478,51940653,1960,2
60121479,51940653,1960,2
60121480,51940653,1960,2
60121486,51940653,1960,4
60121490,51955749,1960,1
60121491,51955749,1960,1
60121492,51955749,1960,1
60121493,51955749,1960,1
60121497,51955749,1960,3
60121500,51955749,1960,3
60121507,51927962,1960,1
60121508,51927962,1960,1
60121509,51927962,1960,1
60121511,51927962,1960,2
60121515,51927962,1960,3
60121519,51927962,1960,4
60121544,51917030,1970,0
60121548,51915262,1995,1
60121553,51935755,1995,6
60121596,51929494,1980,1
60121598,51929494,1980,0
60121602,51936051,1980,0
60121603,51936051,1980,0
60121605,51936051,1980,0
60121614,51936051,1980,2
60121621,53233261,1960,1
60121632,51941675,1960,1
60121633,51941675,1960,1
60121634,51941675,1960,1
60121643,51941675,1960,2
60121644,51941675,1960,2
60121646,51941675,1960,2
60121648,51941675,1960,2
60121649,51941675,1960,2
60121650,51941675,1960,2
60121659,51941675,1960,3
60121660,51941675,1960,3
60121670,53232962,1950,1
60121676,65282828,1965,1
60121678,51958566,1950,1
60121681,51929446,1970,1
60121684,51958432,1960,1
60121688,51958077,1950,1
60121691,53233258,1960,1
60121693,51934094,1950,1
60121697,51927092,1984,1
60121700,51928909,1962,1
60121702,51942254,1960,1
60121703,51942254,1960,1
60121705,51955726,1960,1
60121712,53177328,1970,1
60121713,53177328,1970,1
60121715,53234816,1995,1
60121736,53230759,1960,1
60121741,53230759,1960,1
60121742,53230759,1960,1
60121748,53230759,1960,2
60121751,53230759,1960,2
60121754,53230759,1960,2
60121755,53230759,1960,2
60121757,53230759,1960,3
60121759,53230759,1960,3
60121763,53230759,1960,3
60121764,53230759,1960,3
60121765,53230759,1960,3
60121769,51928388,1970,1
60121771,51928388,1970,1
60121791,51935592,1960,1
60121793,51935592,1960,1
60121794,51935592,1960,1
60121795,51935592,1960,1
60121800,51935592,1960,2
60121804,51935621,1970,1
60121807,51935621,1970,2
60121808,51935621,1970,2
60121827,53228618,1970,1
60121828,53228618,1970,1
60121830,53228618,1970,1
60121831,53228618,1970,0
60121833,53228618,1970,1
60121848,53235858,1960,1
60121851,53231101,1970,1
60121871,51955701,1970,1
60121881,51940493,1959,1
60121896,51939315,1970,1
60121901,51932730,1970,1
60121902,51932730,1970,1
60121908,51957091,1970,1
60121928,53228950,1959,1
60121929,53228950,1959,1
60121978,51942205,1960,1
60121982,51942205,1960,0
60121983,51942205,1960,1
60121985,51942205,1960,2
60121991,51942205,1960,2
60121993,51942205,1960,0
60121998,51942205,1960,2
60121999,51942205,1960,0
60122001,51942205,1960,1
60122002,51942205,1960,2
60122011,51942205,1960,1
60122022,51934639,1970,2
60122030,51934639,1970,1
60122041,51934414,1970,1
60122043,51934414,1970,0
60122044,51934414,1970,1
60122045,51934414,1970,0
60122055,51957078,1970,0
60122057,51957078,1970,1
60122068,51957078,1970,3
60122069,51957078,1970,3
60122070,51957078,1970,0
60122073,51957078,1970,1
60122075,51957078,1970,2
60122086,51940688,1960,0
60122087,51940688,1960,1
60122088,51940688,1960,1
60122092,51940688,1960,0
60122096,51940688,1960,2
60122097,51940688,1960,0
60122100,51940688,1960,1
60122101,51940688,1960,2
60122107,51959457,1970,0
60122108,51959457,1970,1
60122112,51959457,1970,0
60122113,51959457,1970,0
60122115,51959457,1970,1
60122119,53230851,1960,1
60122120,53230851,1960,1
60122124,53230851,1960,3
60122125,53230851,1960,0
60122127,53230851,1960,2
60122130,53230851,1960,3
60122132,53230851,1960,1
60122136,53230851,1960,3
60122140,51955215,1970,1
60122141,51955215,1970,1
60122142,51955215,1970,1
60122143,51955215,1970,1
60122144,51955215,1970,1
60122147,51955215,1970,2
60122150,51955215,1970,2
60122151,51955215,1970,2
60122152,51955215,1970,3
60122153,51955215,1970,3
60122162,52964977,1960,1
60122165,52964977,1960,2
60122171,52964977,1960,2
60122175,51955741,1970,1
60122179,51955741,1970,1
60122180,51955741,1970,1
60122183,51955741,1970,2
60122186,51955741,1970,2
60122188,51955741,1970,3
60122190,51955741,1970,3
60122192,51955741,1970,3
60122195,51929911,1970,1
60122196,51929911,1970,1
60122198,51929911,1970,1
60122200,51929911,1970,1
60122202,51929911,1970,2
60122203,51929911,1970,2
60122205,51929911,1970,2
60122207,51929911,1970,3
60122209,51929911,1970,3
60122212,51929911,1970,3
60122215,51957644,1950,1
60122217,51957644,1950,1
60122219,51957644,1950,2
60122224,51957644,1950,3
60122225,51957644,1950,3
60122230,51930872,1950,1
60122233,51930872,1950,2
60122234,51930872,1950,2
60122235,51930872,1950,2
60122242,51930872,1950,3
60122243,51930872,1950,3
60122244,51930872,1950,3
60122246,51907447,1950,1
60122252,51933627,1960,1
60122254,51933627,1960,1
60122261,51933627,1960,2
60122266,51933627,1960,2
60122268,51933627,1960,3
60122269,51933627,1960,3
60122270,51933627,1960,3
60122272,51933627,1960,3
60122291,51941167,1980,0
60122297,51941167,1980,0
60122300,51941167,1980,0
60122305,51941167,1980,0
60122309,51941167,1980,0
60122312,51941167,1980,0
60122315,51941167,1980,0
60122317,51941167,1980,0
60122318,51941167,1980,0
60122322,51941167,1980,1
60122323,51941167,1980,1
60122325,51941167,1980,1
60122326,51941167,1980,1
60122328,51941167,1980,1
60122329,51941167,1980,1
60122330,51941167,1980,1
60122331,51941167,1980,1
60122332,51941167,1980,1
60122333,51941167,1980,1
60122334,51941167,1980,1
60122336,51941167,1980,1
60122337,51941167,1980,1
60122338,51941167,1980,1
60122351,51958547,1980,0
60122357,51958547,1980,1
60122362,51959894,1983,0
60122369,51959894,1983,1
60122371,51959894,1983,1
60122372,51959894,1983,1
60122373,51959894,1983,1
60122375,51959894,1983,1
60122381,51918916,1980,0
60122384,51918916,1980,1
60122387,51918916,1980,1
60122388,51918916,1980,1
60122392,53233271,1982,0
60122404,65282940,1980,0
60122407,65282940,1980,0
60122410,65282940,1980,1
60122753,51916021,1950,0
60122771,51912875,1971,1
60122811,53038137,1999,0
60145843,53227481,1970,1
60145869,66153133,2016,3
60146054,53003292,1940,1
60423161,51940301,1985,1
60423164,51940301,1985,2
60423165,51940301,1985,2
60423167,51940301,1985,3
60423169,51940301,1985,4
70458128,51907999,1980,0
80303413,51955283,1986,0
80303415,51955283,1986,0
80304226,51917429,1985,0
80304227,51917429,1985,1
80304228,51917429,1985,1
80304229,51917429,1985,1
80304230,51917429,1985,1
80304232,51917429,1985,2
80304233,51917429,1985,2
80304236,51917429,1985,3
80304243,51917429,1985,4
80304245,51917429,1985,5
80312453,53433879,1950,0
80312456,53433879,1950,2
80317242,51929046,1980,1
80317246,51929046,1980,2
80317250,51929046,1980,0
80317254,51929046,1980,2
80317258,51929046,1980,3
80341669,51913718,1985,0
80341671,51913718,1985,2
80341672,51939399,1990,0
80341673,51939399,1990,0
80360685,51911430,1970,0
80400743,53445064,1997,0
80400745,53144975,1990,0
80400748,51928952,1990,0
80400750,53032852,1995,0
80400754,51917743,1995,0
80400755,51917743,1995,0
80400761,53232968,2000,-1
80400766,51918760,1999,1
80400768,53229252,1980,-1
80400769,53229252,1980,-1
80400770,53229252,1980,1
80400771,53229252,1980,1
80400772,53229252,1980,2
80400773,53229252,1980,2
80400774,51906978,1996,-1
80400775,51906978,1996,-1
80400776,51906978,1996,1
80400778,51906978,1996,2
80400779,51906978,1996,2
80400780,53232968,2000,-1
80400781,53232968,2000,-1
80400783,53445064,2000,1
80400784,51906930,1990,-1
80400787,51906930,1990,1
80400789,65282044,2011,1
80400791,65282044,2011,2
80400792,65282044,2011,2
80400793,65282044,2011,2
80400794,65282044,2011,3
80400797,65282044,2011,4
80400798,65282044,2011,4
80400800,65282044,2011,5
80400801,65282044,2011,5
80400804,65282044,2011,6
80400808,65282044,2011,7
80400810,65282044,2011,8
80400814,65282044,2011,10
80405283,51909397,2000,0
80405284,51909397,2000,0
80405285,51909397,2000,1
80405286,51909397,2000,1
80405288,51909397,2000,1
80405290,51909397,2000,2
80405291,51909397,2000,2
80405292,51909397,2000,2
80405293,51909397,2000,3
80405294,51909397,2000,3
80405295,51909397,2000,3
80405296,51909397,2000,3
80405297,51909397,2000,4
80405298,51909397,2000,4
80405299,51909397,2000,4
80405300,51909397,2000,4
80405301,51909397,2000,5
80405302,51909397,2000,5
80405303,51909397,2000,5
80405304,51909397,2000,5
80405305,51909397,2000,6
80405306,51909397,2000,6
80405308,51909397,2000,6
80405309,51909397,2000,7
80405310,51909397,2000,7
80405312,51909397,2000,0
80405313,51909397,2000,1
80405314,51909397,2000,1
80405315,51909397,2000,2
80405316,51909397,2000,2
80405317,51909397,2000,3
80405318,51909397,2000,3
80405319,51909397,2000,4
80405320,51909397,2000,4
80405321,51909397,2000,5
80405322,51909397,2000,5
80405323,51909397,2000,6
80405324,51909397,2000,6
80405325,51909397,2000,7
80405728,65282302,2010,0
80405729,65282302,2010,0
80405730,65282302,2010,1
80405731,65282302,2010,1
80405732,65282302,2010,2
80405733,65282302,2010,2
80405734,65282302,2010,2
80405735,65282302,2010,3
80405737,65282302,2010,3
80405738,65282302,2010,4
80406848,65282919,2010,1
80406849,65282919,2010,2
80406852,65282919,2010,3
80406853,65282919,2010,4
80406854,65282919,2010,4
80438420,65282360,2015,1
80438421,65282360,2015,1
80438423,65282360,2015,2
80438425,65282360,2015,3
80438427,65282360,2015,4
80438428,65282360,2015,5
80438430,65282360,2015,5
80438434,65282360,2015,7
80438436,65282360,2015,7
80440593,51910926,1985,2
80440594,51910926,1985,2
80440595,51910926,1985,3
80440596,51910926,1985,3
80440598,51910926,1985,4
80440599,51910926,1985,5
80440600,51910926,1985,5
80440601,51907646,1980,1
80440605,51907646,1980,3
80440606,51907646,1980,3
80440607,51907646,1980,4
80440609,51907646,1980,5
80441796,51905559,1960,-1
80441797,51905559,1960,0
80441798,51905559,1960,1
80441799,51905559,1960,1
80442156,51901302,2000,0
80442157,51901302,2000,0
80442158,51901302,2000,0
80442159,51901302,2000,0
80442163,51901302,2000,1
80442166,51901302,2000,2
80442170,51901302,2000,3
80442171,51901302,2000,3
80442172,51901302,2000,3
80442173,51901302,2000,3
80442176,51901302,2000,4
80442177,51901302,2000,4
80442192,51901302,2000,7
80442196,51901302,2000,8
80442197,51901302,2000,8
80442199,51901302,2000,8
80442205,51901302,2000,10
80442208,51901302,2000,10
80442209,51901302,2000,10
80442211,51901302,2000,11
80442214,51901302,2000,11
80442216,51901302,2000,12
80442220,51901302,2000,13
80442222,51901302,2000,13
80442225,51901302,2000,14
80442226,51901302,2000,14
80462532,51916949,1960,0
80462533,51916949,1960,1
80462534,65586095,1980,1
80462535,65586095,1980,1
80473010,72617087,2016,0
80473011,72617087,2016,0
80473012,72617087,2016,0
80473013,72617087,2016,1
80473014,72617087,2016,1
80473015,72617087,2016,1
80477747,72617111,2017,2
80477748,72617111,2017,2
80477751,72617111,2017,3
80477755,72617111,2017,4
80477761,72617111,2017,6
80477762,72617111,2017,6
80477766,72617111,2017,7
80477767,72617111,2017,7
80477769,72617111,2017,8
80477771,72617111,2017,8
80477774,72617111,2017,9
80477775,72617111,2017,9
80477778,72617111,2017,10
80478204,51912399,1996,1
80478220,51939734,1996,-1
80478222,51912399,1996,-1
80826243,51929494,1980,1
80826244,51929494,1980,1
80826364,65282926,2009,-1
80826367,65282926,2009,0
80826369,65282926,2009,1
80826371,65282926,2009,1
80826372,65282926,2009,1
80826374,65282926,2009,2
80826376,65282926,2009,2
80826379,65282926,2009,3
80826381,65282926,2009,4
80826382,65282926,2009,4
80826383,65282926,2009,4
80826384,65282926,2009,4
80826386,65282926,2009,5
80826389,65282926,2009,6
80826392,51912136,2012,2
80826396,51912136,2012,3
80826398,51912136,2012,4
80826400,51912136,2012,4
80826401,51912136,2012,5
80826402,51912136,2012,5
80826404,51912136,2012,6
80826406,65282926,2009,0
80845924,51917337,2000,1
80845925,51917337,2000,2
80845926,51917337,2000,2
80845928,51917337,2000,3
80845933,51940930,2000,0
80845935,51940930,2000,1
80845936,51940930,2000,2
80845941,51940930,2000,
80847950,51917019,1970,0
80857648,51936113,1980,0
80857650,51936113,1980,1
80857654,51936113,1980,3
80857655,51936113,1980,3
80857656,51936113,1980,4
80857657,51936113,1980,4
80857659,51936113,1980,1
80857662,51936113,1980,2
80857666,51936113,1980,4
80857667,51936113,1980,5
80858119,53231337,1980,0
80858126,51913603,1992,0
80858131,53232714,1980,0
80858161,51929530,1990,0
80858163,51929530,1990,1
80858174,51939481,1993,0
80858181,53229334,1990,0
80858182,53228270,1980,0
80861415,53098790,2001,0
80861417,53098790,2001,0
80861418,53098790,2001,0
80861419,53098790,2001,1
80861420,53098790,2001,1
80861421,53098790,2001,1
80861423,53098790,2001,2
80861424,53098790,2001,2
80861425,53098790,2001,3
80861426,53098790,2001,3
80861427,53098790,2001,3
80861428,53098790,2001,4
80861429,53098790,2001,4
80861430,53098790,2001,4
80861431,53098790,2001,5
80861432,53098790,2001,5
80861433,53098790,2001,5
80861434,53098790,2001,6
80861435,53098790,2001,6
80861436,53098790,2001,6
80870056,51912862,1950,0
80870066,51912862,1950,0
80870068,51912862,1950,0
80881001,51898058,1940,0
80881002,51898058,1940,0
80881003,51898058,1940,0
80886461,65282837,2011,1
80886464,65282837,2011,3
80886465,65282837,2011,3
80886466,65282837,2011,4
80886467,65282837,2011,4
80887792,53149664,2019,-1
80887793,53149664,2019,-1
80887794,53149664,2019,0
80887795,53149664,2019,0
80887796,53149664,2019,0
80887797,53149664,2019,0
80887799,53149664,2019,1
80887800,53149664,2019,1
80887802,53149664,2019,2
80887804,53149664,2019,2
80887805,53149664,2019,2
80887806,53149664,2019,3
80887807,53149664,2019,3
80887809,53149664,2019,3
80887810,53149664,2019,4
80887811,53149664,2019,4
80887812,53149664,2019,4
80887813,53149664,2019,4
80887814,53149664,2019,5
80887815,53149664,2019,5
80887816,53149664,2019,5
80887817,53149664,2019,5
80887818,53149664,2019,6
80887819,53149664,2019,6
80887820,53149664,2019,6
80888627,53227706,2017,0
80888628,53214976,2000,0
80888629,53214976,2000,0
80888633,53214976,2000,3
80888634,53214976,2000,3
80888635,53214976,2000,4
80888636,53214976,2000,4
80888638,53214976,2000,5
80888639,53214976,2000,5
80888640,53214976,2000,5
80888641,53214976,2000,6
80888642,53214976,2000,6
80888643,53214976,2000,6
80888644,53214976,2000,7
80888645,53214976,2000,7
80888646,53214976,2000,7
80888647,53214976,2000,8
80888648,53214976,2000,8
80888649,53214976,2000,8
80888650,53214976,2000,9
80888651,53214976,2000,9
80888652,53214976,2000,9
80888653,53214976,2000,10
80888654,53214976,2000,10
80888655,53214976,2000,10
80888656,53214976,2000,11
80888657,53214976,2000,11
80888658,53214976,2000,11
80888659,53214976,2000,12
80888660,53214976,2000,12
80888661,66222086,2000,1
80888662,66222086,2000,1
80888663,66222086,2000,2
80888664,66222086,2000,2
80888665,66222086,2000,3
80888666,66222086,2000,3
80888667,66222086,2000,3
80888668,66222086,2000,4
80888669,66222086,2000,4
80888670,66222086,2000,4
80888671,66222086,2000,5
80888672,66222086,2000,5
80888673,66222086,2000,5
80888674,66222086,2000,6
80888675,66222086,2000,6
80888676,66222086,2000,6
80888677,66222086,2000,7
80888678,66222086,2000,7
80888679,66222086,2000,7
80888680,66222086,2000,8
80888681,66222086,2000,8
80888682,66222086,2000,8
80888683,66222086,2000,9
80888684,66222086,2000,9
80888686,66222086,2000,10
80888687,66222086,2000,10
80888688,66222086,2000,10
80888689,66222086,2000,11
80888690,66222086,2000,11
80888691,66222086,2000,11
80888692,66222086,2000,12
80888693,66222086,2000,12
80893133,51907065,1970,1
80893139,51907065,1970,1
80893150,53227986,1994,0
80893156,51919647,1990,1
80893157,51919647,1990,1
80893169,51915137,1992,0
80893172,51915137,1992,2
80893173,51915137,1992,2
80893293,51916435,1994,0
80893295,51916435,1994,0
80893431,51936466,1994,0
80893432,51936466,1994,1
80893433,51936466,1994,1
80893436,51936466,1994,3
80893446,53449872,1995,0
80893462,51953331,1993,0
80893466,51953331,1993,2
80893468,51953331,1993,1
80893476,51918625,1994,1
80893478,51913629,1980,0
80893490,51936627,1990,2
80893494,51906431,1990,0
80893501,51906431,1990,2
80893508,51906431,1990,5
80893509,51906431,1990,5
80893510,51906431,1990,2
80893593,51911590,1980,3
80893599,51908330,1985,0
80893603,51908330,1985,3
80893628,51939373,1990,3
80893633,51939883,1970,0
80893651,51910701,1995,0
80893652,51910701,1995,0
80893661,51910701,1995,3
80896584,66217991,2016,0
80896586,66217991,2016,0
80896589,66217991,2016,1
80896590,66217991,2016,2
80896592,66217991,2016,2
80896594,66217991,2016,3
80896595,66217991,1950,3
80896597,66217991,2016,4
80896598,66217991,2016,5
80896600,66217991,2016,6
80898078,51898986,1993,2
80905122,53039464,1950,0
80905123,53039464,1950,0
80910418,51917215,1950,-1
80910420,51917215,1950,1
80914802,65602391,2015,0
80914804,65602391,2015,1
80914806,65602391,2015,2
80914808,65602391,2015,3
80914810,65602391,2015,3
80914814,65602391,2015,4
80914817,65602391,2015,5
80914819,65602391,2015,6
80914821,65602391,2015,6
80914825,65602391,2015,7
80919936,53038458,1992,2
80919939,51915658,1994,0
80919947,53033137,1970,1
80920057,51907414,1970,0
80920061,51907414,1970,3
80920062,51907414,1970,1
80920066,51927045,1992,2
80920067,51927045,1992,2
80920074,53229146,1994,2
80920076,53229146,1994,3
80920079,51906106,1992,1
80920082,51906106,1992,3
80920224,51939714,1994,2
80921846,72616895,2015,0
80921849,72616895,2015,2
80921850,72616895,2015,2
80921851,72616895,2015,2
80921854,72616895,2015,3
80921855,72616895,2015,4
80921857,72616895,2015,4
80921859,72616895,2015,5
80921861,72616895,2015,6
80928368,51908899,1997,1
80943481,51911867,1960,0
80943482,51911867,1960,1
80966662,51937944,1970,2
80968045,65282535,2013,-1
80968046,65282535,2013,0
80968048,65282535,2013,1
80968051,65282535,2013,2
80968053,65282535,2013,3
80968056,65282535,2013,5
80968058,65282535,2013,6
80972619,72617085,2016,1
80972620,72617085,2016,1
80972621,72617085,2016,2
80972622,72617085,2016,2
80972623,72617085,2016,3
80972625,72617085,2016,4
80972626,72617085,2016,4
80972627,72617085,2016,5
80972629,72617085,2016,6
80972630,72617085,2016,6
80972631,72617085,2016,7
80972632,72617085,2016,7
80972633,72617085,2016,8
80972634,72617085,2016,8
80972636,72617084,2016,1
80972637,72617084,2016,1
80972638,72617084,2016,2
80972639,72617084,2016,2
80972640,72617084,2016,3
80972641,72617084,2016,3
80972642,72617084,2016,4
80972643,72617084,2016,4
80972644,72617084,2016,5
80972645,72617084,2016,5
80972646,72617084,2016,6
80972647,72617084,2016,6
80972648,72617084,2016,7
80972649,72617084,2016,7
80972650,72617084,2016,8
80972651,72617084,2016,8
80972653,72617082,2017,1
80972654,72617082,2017,1
80972655,72617082,2017,2
80972656,72617082,2017,2
80972657,72617082,2017,3
80972658,72617082,2017,3
80972659,72617082,2017,4
80972660,72617082,2017,4
80972661,72617082,2017,5
80972662,72617082,2017,5
80972663,72617082,2017,6
80972664,72617082,2017,6
80972665,72617082,2017,7
80972666,72617082,2017,7
80972667,72617082,2017,8
80972668,72617082,2017,8
80972670,72617083,2016,1
80972671,72617083,2016,1
80972672,72617083,2016,2
80972673,72617083,2016,2
80972674,72617083,2016,3
80972675,72617083,2016,3
80972676,72617083,2016,4
80972677,72617083,2016,4
80972678,72617083,2016,5
80972679,72617083,2016,5
80972680,72617083,2016,6
80972681,72617083,2016,6
80972682,72617083,2016,7
80972683,72617083,2016,7
80972684,72617083,2016,8
80972685,72617083,2016,8
80972687,72617080,2016,1
80972688,72617080,2016,1
80972689,72617080,2016,2
80972690,72617080,2016,2
80972691,72617080,2016,3
80972692,72617080,2016,3
80972693,72617080,2016,4
80972694,72617080,2016,4
80972695,72617080,2016,5
80972696,72617080,2016,5
80972697,72617080,2016,6
80972698,72617080,2016,6
80972699,72617080,2016,7
80972700,72617080,2016,7
80972701,72617080,2016,8
80972702,72617080,2016,8
80972704,72617081,2017,1
80972705,72617081,2017,1
80972706,72617081,2017,2
80972707,72617081,2017,2
80972709,72617081,2017,3
80972710,72617081,2017,4
80972711,72617081,2017,4
80972712,72617081,2017,5
80972713,72617081,2017,5
80972714,72617081,2017,6
80972715,72617081,2017,6
80972716,72617081,2017,7
80972717,72617081,2017,7
80972718,72617081,2017,8
80972719,72617081,2017,8
80973673,72616896,2016,1
80973674,72616896,2016,1
80973677,72616896,2016,2
80973678,72616896,2016,2
80973680,72616896,2016,3
80973682,72616896,2016,4
80973684,72616896,2016,4
80973686,72616896,2016,5
80973688,72616896,2016,6
80973690,72616896,2016,7
80973693,72616896,2016,1
80973694,72616896,2016,1
80973696,72616896,2016,2
80973698,72616896,2016,3
80973700,72616896,2016,4
80973702,72616896,2016,5
80973704,72616896,2016,6
80973707,72616896,2016,8
80973708,72616896,2016,8
80973711,72616896,2016,0
80973713,72616896,2016,1
80973715,72616896,2016,1
80973717,72616896,2016,2
80973719,72616896,2016,3
80973721,72616896,2016,3
80973723,72616896,2016,4
80973725,72616896,2016,5
80973727,72616896,2016,5
80973730,72616896,2016,7
80973731,72616896,2016,7
80984190,51901163,1998,0
80984191,51901163,1998,0
80984194,51901163,1998,0
80984195,51901163,1998,0
80984196,51901163,1998,1
80984198,51901163,1998,1
80984200,51901163,1998,1
80984201,51901163,1998,2
80984202,51901163,1998,2
80984204,51901163,1998,2
80984205,51901163,1998,2
80984208,51901163,1998,3
80984209,51901163,1998,3
80984211,51901163,1998,4
80984212,51901163,1998,4
80984213,51901163,1998,5
80984214,51901163,1998,5
80984215,51901163,1998,5
80986087,51915977,1990,1
80986094,51919666,1994,3
80988337,65282603,2014,2
80988352,65282601,2014,2
80989065,51914800,2005,1
80989098,51919818,1990,3
80989105,51940445,1994,3
80989413,51941426,1995,3
80992219,51917245,1980,0
80992221,51917245,1980,2
80994442,51934424,1990,2
80994443,51934424,1990,2
80999956,51918512,2000,0
80999957,51918512,2000,1
80999958,51918512,2000,1
80999959,51918512,2000,1
80999960,51918512,2000,1
80999962,51918512,2000,2
80999963,51918512,2000,2
80999964,51918512,2000,2
80999965,51918512,2000,3
80999966,51918512,2000,3
80999967,51918512,2000,3
80999969,51918512,2000,4
80999970,51918512,2000,4
80999971,51918512,2000,4
80999972,51918512,2000,4
80999973,51918512,2000,5
80999974,51918512,2000,5
80999975,51918512,2000,5
80999976,51918512,2000,5
80999977,51918512,2000,6
80999978,51918512,2000,6
80999979,51918512,2000,6
80999980,51918512,2000,6
80999981,51918512,2000,7
80999982,51918512,2000,7
80999983,51918512,2000,7
80999984,51918512,2000,7
80999988,51918512,2000,1
80999990,51918512,2000,2
80999992,51918512,2000,2
80999993,51918512,2000,2
80999994,51918512,2000,3
80999995,51918512,2000,3
80999996,51918512,2000,3
80999998,51918512,2000,4
81000000,51918512,2000,4
81000001,51918512,2000,4
81000002,51918512,2000,5
81000003,51918512,2000,5
81000004,51918512,2000,5
81000005,51918512,2000,5
81000006,51918512,2000,6
81000007,51918512,2000,6
81000008,51918512,2000,6
81000010,51918512,2000,7
81000011,51918512,2000,7
81000012,51918512,2000,7
81000013,51918512,2000,7
81000017,51918512,2000,1
81000018,51918512,2000,1
81000019,51918512,2000,1
81000020,51918512,2000,2
81000021,51918512,2000,2
81000022,51918512,2000,2
81000023,51918512,2000,2
81000024,51918512,2000,3
81000026,51918512,2000,3
81000027,51918512,2000,3
81000028,51918512,2000,4
81000029,51918512,2000,4
81000031,51918512,2000,4
81000032,51918512,2000,5
81000033,51918512,2000,5
81000034,51918512,2000,5
81000035,51918512,2000,5
81000037,51918512,2000,6
81000038,51918512,2000,6
81000039,51918512,2000,6
81000040,51918512,2000,7
81000041,51918512,2000,7
81000043,51918512,2000,7
81011080,51906904,2015,0
81011081,51906904,2015,1
81011082,51906904,2015,1
81011084,51906904,2015,2
81011086,51906904,2015,3
81011087,51906904,2015,4
81011090,51906904,2015,5
81011093,51906904,2015,7
81011094,51906904,2015,7
81011095,51906904,1970,0
81011096,51906904,2015,1
81011097,51906904,2015,1
81011098,51906904,2015,2
81011100,51906904,2015,3
81011101,51906904,2015,3
81011102,51906904,2015,4
81011106,51906904,2015,6
81011108,51906904,2015,7
81011111,51906904,2015,0
81011112,51906904,2015,0
81011116,51906904,2015,2
81011117,51906904,2015,3
81011119,51906904,2015,4
81011121,51906904,2015,5
81011123,51906904,2015,6
81011243,66220738,2016,2
81011245,66220738,2016,3
81011247,66220738,2016,4
81011248,66220738,2016,5
81011251,66220738,2016,6
81011254,51917689,1985,1
81011255,51917689,1985,1
81011257,51917689,1985,2
81011258,51917689,1985,2
81011262,51917689,1985,4
81014801,51906017,2000,2
81014831,52992634,1970,2
81023023,51905441,1970,3
81023027,51934398,1983,1
81023043,51935806,1995,0
81023072,51937864,1990,1
81023730,51914617,1994,2
81028099,53155096,1994,2
81028101,53155096,1994,3
81028281,72617079,2017,1
81028282,72617079,2017,1
81028283,72617079,2017,2
81028284,72617079,2017,2
81028285,72617079,2017,3
81028286,72617079,2017,3
81028287,72617079,2017,4
81028288,72617079,2017,4
81028289,72617079,2017,5
81028290,72617079,2017,5
81028291,72617079,2017,6
81028292,72617079,2017,6
81028293,72617079,2017,7
81028294,72617079,2017,7
81028295,72617079,2017,8
81028296,72617079,2017,8
81028311,72617077,2017,1
81028312,72617077,2017,1
81028313,72617077,2017,2
81028314,72617077,2017,2
81028315,72617077,2017,3
81028316,72617077,2017,3
81028317,72617077,2017,4
81028318,72617077,2017,4
81028319,72617077,2017,5
81028320,72617077,2017,5
81028321,72617077,2017,6
81028322,72617077,2017,6
81028323,72617077,2017,7
81028324,72617077,2017,7
81028325,72617077,2017,8
81028326,72617077,2017,8
81028672,72617078,2017,1
81028673,72617078,2017,1
81028675,72617078,2017,2
81028676,72617078,2017,3
81028677,72617078,2017,3
81028678,72617078,2017,4
81028679,72617078,2017,4
81028680,72617078,2017,5
81028681,72617078,2017,5
81028682,72617078,2017,6
81028683,72617078,2017,6
81028684,72617078,2017,7
81028685,72617078,2017,7
81028686,72617078,2017,8
81028687,72617078,2017,8
81030920,51918653,1990,0
81031343,51935630,1995,4
81031355,51919076,1995,0
81033913,72617076,2017,1
81033914,72617076,2017,1
81033915,72617076,2017,2
81033916,72617076,2017,2
81033917,72617076,2017,3
81033918,72617076,2017,3
81033919,72617076,2017,4
81033920,72617076,2017,4
81033921,72617076,2017,5
81033922,72617076,2017,5
81033923,72617076,2017,6
81033924,72617076,2017,6
81033925,72617076,2017,7
81033926,72617076,2017,7
81033927,72617076,2017,8
81033928,72617076,2017,8
81039991,51937643,1995,1
81042080,51919130,1994,4
81042098,51904913,2018,5
81042105,51904913,2018,4
81042107,51904913,2018,3
81042108,51904913,2018,5
81043643,51925566,1960,0
81043644,51925566,1960,0
81043879,51937901,1940,0
81043880,51937901,1940,0
81043885,51937901,1940,1
81045118,67836116,,
81045122,67836116,,1
81045127,51903128,1999,-1
81045128,51903128,1999,-1
81045129,51903128,1999,0
81045130,51903128,1999,0
81045132,51903128,1999,1
81045133,51903128,1999,2
81045134,51903128,1999,2
81045135,51903128,1999,3
81045136,51903128,1999,3
81045137,51903128,1999,4
81045138,51903128,1999,4
81045139,51903128,1999,4
81045140,51903128,1999,4
81045144,51903128,1999,5
81048535,51907470,1994,0
81048631,65602389,2017,1
81048632,65602389,2017,2
81048634,65602389,2017,3
81048635,65602389,2017,3
81048636,65602389,2017,4
81048638,65602389,2017,5
81048640,65602389,2017,6
81048644,65602389,2017,8
81050662,51935339,1950,0
81050664,51935339,1950,0
81052171,51914119,1990,3
81052174,51914119,1990,3
81052176,51916364,1990,1
81052181,51916364,1990,3
81052183,51916364,1990,
81053248,53229009,1992,3
81053249,53229009,1992,3
81053290,51961479,1970,2
81053303,52989050,1970,4
81056623,51935351,1995,0
81056653,51937235,1990,0
81063291,51906448,1995,2
81065706,51952503,1995,
81065725,51939262,1991,
81067782,51907404,1992,3
81067785,51907404,1992,4
81067795,51910451,1990,4
81067796,53099018,1994,3
81073702,66220740,2016,1
81073705,66220740,2016,3
81073707,66220740,2016,4
81073709,66220740,2016,5
81073711,66220740,2016,6
81073937,51918028,1960,1
81081513,51915034,1992,2
81081967,51918809,1990,
81089659,72617174,2000,-1
81089660,72617174,2000,0
81089661,72617174,2000,1
81089662,72617174,2000,2
81089663,72617174,2000,2
81089665,72617174,2000,3
81089667,72617174,2000,4
81089669,72617174,2000,6
81089670,72617174,2000,6
81089671,72617174,2000,7
81089672,72617174,2000,7
81089675,72617174,2000,1
81089676,72617174,2000,1
81089678,72617174,2000,2
81089679,72617174,2000,3
81089682,72617174,2000,4
81089685,72617174,2000,6
81089686,72617174,2000,6
81089687,72617174,2000,7
81089811,51921375,2020,
81089812,51921375,2020,0
81089814,51921375,2020,1
81089815,51921375,2020,1
81089820,65282298,2015,1
81089822,65282298,2015,2
81092083,51938939,1970,0
81119510,65282305,2014,1
81119512,65282305,2014,2
81119513,65282305,2014,2
81119514,65282305,2014,3
81119515,65282305,2014,3
81119516,65282305,2014,4
81119517,65282305,2014,4
81119518,65282305,2014,5
81133055,65282045,2014,-3
81133056,65282045,2014,-2
81133058,65282045,2014,-1
81133059,65282045,2014,-1
81133060,65282045,2014,0
81133061,65282045,2014,1
81133062,65282045,2014,1
81133063,65282045,2014,2
81135517,53226522,1950,1
81135519,53226522,1950,0
81135521,53226522,1950,1
81136329,65282046,2012,-4
81136332,65282046,2012,-2
81136333,65282046,2012,-2
81136334,65282046,2012,-1
81136335,65282046,2012,-1
81136336,65282046,2012,0
81136337,65282046,2012,0
81136339,65282046,2012,1
81136340,65282046,2012,1
81136341,65282046,2012,1
81136342,65282046,2012,2
81136343,65282046,2012,2
81136344,65282046,2012,2
81136345,65282046,1950,2
81136346,65282046,2012,3
81136347,65282046,2012,3
81136348,65282046,2012,3
81136349,65282046,2012,3
81136363,65282304,2014,1
81136364,65282304,2014,1
81136365,65282304,2014,2
81136366,65282304,2014,2
81136367,65282304,2014,3
81136368,65282304,2014,3
81136369,65282304,2014,4
81136370,65282304,2014,4
81136371,65282304,2014,5
81136372,65282304,2014,5
81136373,65282304,2014,6
81136381,65282039,2013,0
81136382,65282039,2013,0
81136383,65282039,2013,1
81136384,65282039,2013,1
81136385,65282039,2013,2
81136386,65282039,2013,2
81136388,65282039,2013,3
81136389,65282039,2013,4
81136390,65282039,2013,4
81136391,65282039,2013,5
81136392,65282039,2013,5
81136393,65282039,2013,6
81136394,65282039,2013,6
81136395,65282039,2013,7
81136396,65282039,2013,7
81136397,65282039,1950,8
81136398,65282039,2013,8
81154865,53229689,1981,0
81154866,53229689,1981,0
81174765,51904631,2000,1
81174771,51904631,2000,2
81174773,51904631,2000,2
81177901,51907091,2019,1
81177903,51907091,2019,2
81177905,51907091,2019,3
81177907,51907091,2019,4
81177909,51907091,2019,5
81183306,51908443,2021,1
81183307,51908443,2021,0
81183308,51908443,2021,1
81183309,51908443,2021,1
81183310,51908443,2021,2
81183312,51908443,2021,3
81183314,51908443,2021,4
81183315,51908443,2021,4
81183316,51908443,2021,5
81183318,51908443,2021,6
81184350,72616894,2016,-4
81184353,72616894,2016,-2
81184355,72616894,2016,-2
81184357,72616894,2016,-1
81184359,72616894,2016,-1
81184362,72616894,2016,0
81184363,72616894,2016,0
81184365,72616894,2016,1
81184370,72616894,2016,2
81184371,72616894,2016,2
81184373,72616894,2016,3
81184379,72616894,2016,4
81184381,72616894,2016,5
81184383,51907198,1987,1
81184384,51907198,1987,1
81184385,51907198,1987,2
81192820,72616970,2020,1
81192821,72616970,2020,1
81192822,72616970,2020,1
81192823,72616970,2020,1
81192824,72616970,2020,2
81192825,72616970,2020,2
81192826,72616970,2020,2
81192827,72616970,2020,2
81192828,72616970,2020,3
81192830,72616970,2020,3
81192832,72616970,2020,4
81192833,72616970,2020,4
81192834,72616970,2020,4
81192839,72616970,2020,5
81192840,72616970,2020,6
81192841,72616970,2020,6
81192842,72616970,2020,6
81206899,53228953,2014,0
81208947,67798859,,
81208948,67798859,2019,0
81208950,67798859,2019,2
81208954,67798859,2019,3
81208956,67798859,2019,4
81208958,67798859,2019,4
81208962,67798859,2019,6
81208963,67798859,2019,6
81208964,67798859,2019,6
81208965,67798859,2019,7
81208967,67798859,2019,8
81221498,65282592,2013,1
81221502,65282592,2013,4
81228423,51903496,2000,0
81228424,51903496,2000,0
81228425,51903496,2000,1
81228426,51903496,2000,1
81228427,51903496,2000,2
81228428,51903496,2000,2
81228429,51903496,2000,3
81228430,51903496,2000,3
81228433,51903496,2000,5
81228435,51903496,2000,5
81228436,51903496,2000,5
81228437,51903496,2000,6
81228438,51903496,2000,6
81228439,51903496,2000,6
81228440,51903496,2000,6
81228441,51903496,2000,0
81228443,51903496,2000,1
81228444,51903496,2000,1
81228446,51903496,2000,2
81228448,51903496,2000,3
81228449,51903496,2000,4
81228450,51903496,2000,4
81228451,51903496,2000,5
81228453,51903496,2000,5
81228454,51903496,2000,5
81228455,51903496,2000,6
81228456,51903496,2000,6
81228457,51898849,2005,1
81228458,51898849,2005,1
81228459,51898849,2005,1
81228460,51898849,2005,2
81228461,51898849,2005,2
81228462,51898849,2005,2
81228463,51898849,2005,3
81228464,51898849,2005,3
81228465,51898849,2005,3
81228466,51898849,2005,4
81228468,51898849,2005,4
81228469,51898849,2005,5
81228470,51898849,2005,5
81228471,51898849,2005,5
81228472,51898849,2005,6
81232533,65282589,2006,2
81232581,53091376,2021,
81232583,53091376,2021,0
81232584,53091376,2021,0
81232590,53091376,2021,3
81258261,67798489,,
81258264,67798489,2019,2
81258265,67798489,2019,2
81258268,67798489,2019,3
81258271,67798489,2019,4
81258273,67798489,2019,5
81258547,51941397,1970,
81265090,51899135,2021,0
81274542,51937912,1970,1
81279057,53215802,1992,0
81279058,53215802,1992,1
81279059,53215802,1992,1
81279060,53215802,1992,1
81279062,53215802,1992,2
81279063,53215802,1992,2
81279065,53215802,1992,3
81279066,53215802,1992,3
81279069,53215802,1992,4
81281420,53229893,,
81291431,51910197,1970,1
81291432,51910197,1970,1
81291433,51910197,1970,1
81291434,51910197,1970,2
81291435,51910197,1970,2
81291436,51910197,1970,2
81291438,51910197,1970,3
81295784,51924625,1975,1
81295789,51924625,1975,3
81295790,51924625,1975,4
81295792,51924625,1975,5
81304910,53435136,1970,1
81304911,53435136,1970,1
81309032,72616824,2019,-2
81309035,72616825,2019,-2
81309038,72616824,2019,-2
81309039,72616824,2019,0
81328928,66217283,2018,0
81328931,66217283,2018,1
81328933,66217283,2018,2
81328935,66217283,2018,2
81328936,66217283,2018,2
81328938,66217283,2018,3
81328939,66217283,2018,3
81328941,66217283,2018,4
81328943,66217283,2018,4
81328945,66217283,2018,5
81328946,66217283,2018,5
81328948,66217283,2018,5
81328951,66217283,2018,6
81328952,66217283,2018,6
81328954,66217283,2018,7
81339160,73088558,2022,
81339161,73088558,2022,1
81339162,73088558,2022,1
81339163,73088558,2022,2
81339164,73088558,2022,2
81339169,73088558,2022,5
81343609,72616826,2019,-2
81343610,72616826,2019,0
81343617,72616825,2019,-2
81343618,72616825,2019,0
81346474,51953494,1970,4
81346475,51953494,1970,4
81346827,53226849,1970,3
