dealId,AssetId,date,area,rescode,pricePerMeter
6700000001,60101722,1998-01-05,67.1,1,15595.16
6700000002,60106752,1998-01-22,109.25,1,14583.56
6700000003,60105568,1998-01-25,117.89,1,14697.89
6700000004,60119047,1998-02-09,73.2,1,10815.39
6700000005,4298500,1998-03-15,89.0,1,17721.75
6700000006,60103049,1998-03-17,66.0,1,14081.23
6700000007,60102293,1998-03-20,85.2,1,11863.94
6700000008,60106062,1998-03-25,138.85,1,18230.63
6700000009,60120754,1998-03-27,46.6,1,15421.0
6700000010,60110884,1998-03-29,92.88,1,18360.17
6700000011,60105533,1998-04-03,117.89,1,14618.39
6700000012,4408786,1998-04-13,125.0,1,17551.08
6700000013,80984194,1998-04-22,149.4,1,11685.49
6700000014,60106732,1998-04-23,111.53,1,15366.43
6700000015,4298772,1998-04-29,140.0,1,14342.59
6700000016,60101163,1998-05-12,71.41,1,14283.74
6700000017,60105214,1998-05-21,82.0,1,12275.41
6700000018,60101109,1998-05-28,58.51,1,16577.1
6700000019,60102918,1998-05-28,98.94,1,11989.5
6700000020,60117398,1998-06-02,170.0,1,14078.25
6700000021,60100491,1998-06-14,92.43,1,15223.87
6700000022,60096129,1998-06-16,107.0,1,15592.04
6700000023,60099011,1998-06-17,35.0,3,49677.54
6700000024,60100492,1998-06-28,89.11,1,15705.41
6700000025,60104655,1998-07-08,42.2,1,15862.79
6700000026,60119649,1998-07-10,95.0,1,9353.89
6700000027,60104370,1998-07-16,30.4,1,42042.59
6700000028,60119037,1998-07-24,73.2,1,10846.95
6700000029,60095128,1998-07-27,105.27,3,16896.63
6700000030,60096781,1998-08-04,92.8,1,10124.81
6700000031,60106632,1998-08-05,118.0,1,16022.23
6700000032,60108152,1998-08-19,99.7,1,12664.44
6700000033,60110870,1998-08-19,75.87,1,20150.56
6700000034,60118527,1998-08-30,101.0,1,8430.95
6700000035,60099838,1998-09-01,56.68,1,9415.83
6700000036,60119188,1998-09-03,116.3,1,11674.82
6700000037,60105574,1998-09-07,133.34,1,15246.31
6700000038,60119332,1998-09-07,81.7,1,10153.42
6700000039,81011090,1998-09-08,121.0,1,12520.12
6700000040,80984209,1998-09-13,94.7,1,17870.81
6700000041,60117007,1998-09-28,48.7,1,19098.37
6700000042,60117197,1998-10-01,45.1,1,21664.57
6700000043,60119843,1998-10-01,132.0,1,10930.95
6700000044,60110346,1998-10-04,100.64,1,15583.04
6700000045,60106617,1998-10-17,101.4,1,18318.67
6700000046,60119156,1998-10-23,78.3,1,15918.63
6700000047,81154866,1998-10-25,153.2,1,17085.51
6700000048,60099675,1998-10-26,63.1,1,9297.83
6700000049,60110361,1998-10-27,118.0,1,13921.52
6700000050,60100132,1998-10-28,30.4,1,29926.54
6700000051,80984201,1998-10-28,96.6,1,18356.92
6700000052,60100272,1998-11-02,109.0,1,12918.01
6700000053,60096095,1998-11-04,78.65,1,14078.95
6700000054,60121808,1998-11-06,38.4,1,16458.72
6700000055,4521485,1998-11-22,102.0,1,9749.45
6700000056,60120148,1998-11-23,55.6,1,19237.24
6700000057,60101172,1998-11-26,87.36,1,14401.78
6700000058,60106743,1998-11-30,107.24,1,15318.32
6700000059,60101289,1998-12-06,120.0,1,12291.36
6700000060,60096477,1998-12-09,81.39,1,16208.69
6700000061,60117641,1998-12-17,49.8,1,16035.28
6700000062,60120607,1998-12-18,40.9,1,15319.32
6700000063,4294784,1998-12-23,88.0,1,13107.0
6700000064,60104577,1998-12-30,26.3,1,16263.58
6700000065,60120729,1998-12-30,46.6,1,11276.82
6700000066,60099440,1998-12-31,25.4,1,24056.93
6700000067,80999959,1999-01-04,106.45,1,14260.68
6700000068,4401731,1999-01-08,164.0,1,17118.97
6700000069,4298731,1999-01-14,115.0,1,9326.94
6700000070,60107029,1999-01-20,80.04,1,16476.15
6700000071,4406880,1999-01-26,220.0,1,11136.27
6700000072,60108140,1999-02-01,110.5,1,11431.55
6700000073,60121139,1999-02-05,40.9,1,14782.74
6700000074,60119622,1999-02-10,44.6,1,20169.23
6700000075,60117181,1999-02-22,181.0,1,5611.89
6700000076,4298760,1999-02-25,110.0,1,11180.66
6700000077,4294883,1999-03-03,68.0,1,18535.86
6700000078,80999971,1999-03-04,105.15,1,15153.44
6700000079,60102299,1999-03-10,95.9,1,11568.82
6700000080,60096444,1999-03-11,55.0,1,20931.0
6700000081,81228450,1999-03-11,100.0,1,20280.24
6700000082,60119698,1999-03-17,93.0,1,11155.74
6700000083,60104931,1999-03-19,70.0,1,16218.38
6700000084,80984198,1999-03-25,131.4,1,14558.47
6700000085,60097426,1999-03-29,72.25,1,11178.5
6700000086,60098932,1999-04-08,105.7,1,11253.1
6700000087,60106741,1999-04-11,146.55,1,11057.42
6700000088,80462533,1999-04-11,181.35,1,6570.28
6700000089,4294787,1999-04-22,89.0,1,13407.78
6700000090,60106112,1999-04-25,55.81,1,16714.6
6700000091,4294693,1999-04-28,120.0,1,23408.03
6700000092,81228453,1999-04-28,76.64,1,21642.56
6700000093,4299748,1999-04-29,58.0,1,21567.27
6700000094,60117000,1999-04-30,105.0,1,13418.21
6700000095,60106654,1999-05-02,105.64,1,13982.18
6700000096,60107023,1999-05-02,81.0,1,16311.76
6700000097,60095075,1999-05-09,112.74,1,14067.04
6700000098,60105573,1999-05-10,133.34,1,13219.27
6700000099,81228433,1999-05-16,69.71,1,23550.65
6700000100,60117335,1999-05-17,150.0,1,11257.31
6700000101,60103047,1999-05-20,66.0,1,15508.92
6700000102,60102759,1999-05-30,64.1,1,14284.23
6700000103,80888642,1999-05-31,108.95,1,14566.99
6700000104,60119853,1999-06-02,46.7,1,26224.2
6700000105,80440593,1999-06-11,97.05,1,12612.79
6700000106,81228448,1999-06-23,126.32,1,16106.34
6700000107,60105203,1999-06-25,63.8,1,13432.59
6700000108,60106096,1999-06-28,61.5,1,17891.31
6700000109,60119756,1999-07-12,45.7,1,22502.66
6700000110,60121902,1999-07-13,30.0,1,20208.52
6700000111,80888657,1999-07-14,120.99,1,13028.03
6700000112,60119818,1999-07-15,27.8,1,26073.54
6700000113,60107016,1999-07-18,110.1,1,13708.93
6700000114,60102269,1999-07-19,46.0,1,16537.26
6700000115,80405298,1999-07-23,87.32,1,16072.2
6700000116,60119939,1999-07-29,27.8,1,26309.76
6700000117,60095109,1999-08-02,87.6,1,14860.98
6700000118,60101563,1999-08-05,61.4,1,14359.18
6700000119,81295790,1999-08-05,92.0,1,13482.56
6700000120,81011254,1999-08-13,82.0,1,12602.63
6700000121,60119521,1999-08-19,73.4,1,15344.44
6700000122,60110382,1999-08-25,140.7,1,16995.02
6700000123,60099413,1999-08-29,30.2,1,21209.52
6700000124,60100660,1999-08-29,49.0,1,23881.52
6700000125,60117945,1999-09-02,45.1,1,22048.68
6700000126,80999963,1999-09-02,106.8,1,13966.23
6700000127,60105539,1999-09-03,133.34,1,14345.68
6700000128,4663654,1999-09-08,75.0,1,20770.46
6700000129,60122300,1999-09-14,63.1,3,11841.64
6700000130,60102262,1999-09-16,46.0,1,16740.75
6700000131,60103108,1999-09-26,100.7,1,12515.75
6700000132,60117358,1999-09-26,100.0,1,8738.32
6700000133,60120654,1999-09-26,40.7,1,14554.25
6700000134,60121115,1999-09-26,40.9,1,11555.65
6700000135,80999958,1999-09-29,87.85,1,17163.55
6700000136,60108138,1999-10-04,111.3,1,13243.86
6700000137,60119613,1999-10-06,95.0,1,16443.49
6700000138,60107015,1999-10-08,102.0,1,14838.87
6700000139,60116822,1999-10-10,160.0,1,14072.39
6700000140,60110385,1999-10-13,140.7,1,19163.72
6700000141,60121928,1999-10-17,120.0,1,8955.83
6700000142,60121929,1999-10-17,30.0,1,20847.99
6700000143,81000012,1999-10-19,167.93,1,12322.28
6700000144,60119164,1999-10-20,66.0,1,12342.4
6700000145,81045130,1999-10-24,128.7,1,23386.66
6700000146,60096463,1999-10-31,102.27,1,13781.58
6700000147,80984213,1999-10-31,78.9,1,16927.93
6700000148,60107950,1999-11-03,28.45,1,27343.09
6700000149,60103302,1999-11-04,182.19,1,13516.44
6700000150,4502249,1999-11-11,254.0,1,11596.48
6700000151,4294546,1999-11-18,90.0,1,12313.45
6700000152,60107807,1999-11-21,84.7,1,12406.16
6700000153,60101183,1999-11-22,101.27,1,15839.6
6700000154,81045138,1999-11-28,145.23,1,21250.56
6700000155,4411226,1999-12-01,150.0,1,13557.04
6700000156,4521835,1999-12-04,240.0,1,12634.96
6700000157,4589342,1999-12-09,134.0,1,21870.99
6700000158,60096476,1999-12-09,84.39,1,17217.93
6700000159,60117296,1999-12-09,45.7,1,37823.25
6700000160,60120731,1999-12-09,46.6,1,9503.26
6700000161,60110873,1999-12-12,68.58,1,20233.35
6700000162,4298730,1999-12-15,50.0,1,11244.37
6700000163,60096470,1999-12-26,92.8,1,13948.73
6700000164,60101179,1999-12-26,98.66,1,16147.98
6700000165,60100168,1999-12-27,100.0,1,12209.35
6700000166,60103048,1999-12-27,66.0,1,17897.83
6700000167,60106783,1999-12-28,68.0,1,19177.39
6700000168,4410281,1999-12-29,1400.0,4,7978.29
6700000169,60096475,1999-12-29,90.59,1,14388.28
6700000170,60105572,1999-12-30,133.34,1,13598.83
6700000171,60118808,2000-01-09,59.2,1,12518.22
6700000172,60119284,2000-01-14,106.0,1,11080.27
6700000173,80440606,2000-01-30,107.85,1,12743.29
6700000174,80999976,2000-02-01,103.5,1,14617.61
6700000175,60096401,2000-02-03,72.0,1,13236.27
6700000176,60096784,2000-02-04,87.6,1,11881.15
6700000177,60097303,2000-02-13,61.7,1,15080.23
6700000178,60117935,2000-02-21,45.1,1,19414.12
6700000179,60097419,2000-02-24,69.68,1,13457.05
6700000180,60104359,2000-03-01,45.5,1,20510.08
6700000181,60100213,2000-03-06,88.5,1,14736.98
6700000182,60107033,2000-03-10,102.0,1,14378.24
6700000183,4298766,2000-03-13,86.0,1,17112.14
6700000184,60105532,2000-03-13,117.89,1,14556.4
6700000185,60117175,2000-03-13,27.8,1,28876.26
6700000186,60099824,2000-03-14,56.68,1,14929.35
6700000187,4410220,2000-03-19,108.0,1,10749.21
6700000188,60118674,2000-03-19,71.4,1,12008.1
6700000189,80405308,2000-03-19,63.45,1,17952.54
6700000190,60117008,2000-03-20,45.1,1,10912.5
6700000191,60096466,2000-03-24,92.94,1,14360.68
6700000192,60120791,2000-03-24,46.6,1,10749.4
6700000193,60102579,2000-03-29,190.7,1,15574.02
6700000194,60100207,2000-03-30,87.1,1,14657.3
6700000195,60121255,2000-03-30,45.1,1,15403.46
6700000196,60110863,2000-04-02,79.85,1,16655.69
6700000197,60105530,2000-04-16,117.89,1,14547.84
6700000198,80888645,2000-04-21,110.98,1,16635.51
6700000199,4521474,2000-04-23,104.0,1,16568.54
6700000200,60117618,2000-04-23,49.8,1,17300.48
6700000201,60104028,2000-05-04,60.4,1,10270.77
6700000202,4295216,2000-05-07,100.0,3,14300.72
6700000203,60099421,2000-05-07,100.0,1,12452.53
6700000204,60106036,2000-05-07,90.4,1,18571.85
6700000205,60106792,2000-05-07,68.0,1,19113.44
6700000206,60121220,2000-05-07,100.0,1,9588.45
6700000207,60102272,2000-05-08,61.4,1,15243.61
6700000208,4521383,2000-05-11,150.0,1,12826.21
6700000209,60103607,2000-05-14,58.0,1,25989.53
6700000210,60101184,2000-05-17,100.02,1,16295.32
6700000211,60119742,2000-05-28,28.1,1,35952.34
6700000212,80888639,2000-05-29,112.54,1,16207.1
6700000213,81228446,2000-05-29,154.57,1,14220.99
6700000214,60107954,2000-06-02,77.5,1,18997.9
6700000215,60108137,2000-06-04,105.4,1,13627.34
6700000216,60094942,2000-06-07,161.5,1,20843.96
6700000217,60105216,2000-06-12,82.0,1,9992.83
6700000218,60107964,2000-06-12,93.68,1,15115.96
6700000219,60096860,2000-06-18,99.44,1,12016.29
6700000220,60104065,2000-06-25,60.86,1,8160.0
6700000221,60106748,2000-06-25,130.9,1,12507.47
6700000222,60107018,2000-06-28,102.0,1,14605.73
6700000223,60105075,2000-06-29,63.8,1,11823.72
6700000224,60106740,2000-07-05,144.99,1,10852.63
6700000225,60110403,2000-07-05,140.69,1,18610.75
6700000226,60119506,2000-07-05,37.0,1,15309.98
6700000227,4294611,2000-07-06,86.0,1,14044.76
6700000228,60100212,2000-07-06,87.29,1,14421.13
6700000229,60118466,2000-07-09,76.0,1,15793.17
6700000230,4521689,2000-07-16,150.0,1,25310.27
6700000231,60099468,2000-07-16,70.0,1,12659.25
6700000232,60120676,2000-07-17,40.7,1,14907.97
6700000233,60096834,2000-07-19,65.0,1,27246.12
6700000234,4294480,2000-07-20,36.0,3,14415.94
6700000235,60099407,2000-07-24,68.4,1,10884.21
6700000236,60101903,2000-07-31,99.43,1,12551.63
6700000237,60117842,2000-08-02,49.8,1,15503.43
6700000238,60103545,2000-08-16,98.86,1,14652.07
6700000239,81174765,2000-08-16,95.41,3,11758.39
6700000240,80888659,2000-08-28,130.0,1,16332.26
6700000241,4294889,2000-08-30,57.0,1,15948.26
6700000242,60119657,2000-09-03,34.1,1,20034.52
6700000243,60110383,2000-09-04,137.5,1,18633.44
6700000244,81228449,2000-09-06,110.0,1,18905.28
6700000245,60105531,2000-09-15,117.89,1,13752.47
6700000246,81228456,2000-09-18,72.4,1,26888.33
6700000247,60095112,2000-09-25,88.66,1,16891.23
6700000248,60106751,2000-10-03,134.87,1,12606.55
6700000249,60119528,2000-10-05,74.9,1,6292.59
6700000250,60106779,2000-10-12,68.0,1,19559.07
6700000251,60121130,2000-10-12,56.2,1,18381.18
6700000252,60104978,2000-10-15,63.8,1,13101.59
6700000253,60105567,2000-10-27,117.89,1,13482.26
6700000254,81045128,2000-11-06,175.06,4,19749.18
6700000255,60120464,2000-11-07,46.6,1,18184.45
6700000256,60105529,2000-11-12,112.15,1,14336.42
6700000257,80405303,2000-11-12,63.1,1,17608.59
6700000258,60122217,2000-11-13,45.1,1,12167.37
6700000259,60119984,2000-11-15,110.0,1,11548.54
6700000260,4589618,2000-11-20,75.0,1,16217.99
6700000261,60104401,2000-11-24,30.4,1,21416.08
6700000262,60106850,2000-11-29,105.0,1,19369.04
6700000263,60105262,2000-12-04,69.8,1,10686.24
6700000264,80861426,2000-12-04,90.06,1,19615.85
6700000265,81089676,2000-12-05,118.15,1,13524.08
6700000266,60105995,2000-12-11,94.5,1,14217.8
6700000267,4401416,2000-12-13,125.0,4,19391.32
6700000268,60118390,2000-12-17,69.1,3,13182.08
6700000269,4407449,2000-12-19,2360.0,3,1798.75
6700000270,60122112,2000-12-26,48.5,1,13355.86
6700000271,60105293,2000-12-27,63.8,1,12156.57
6700000272,60104341,2000-12-31,29.2,1,16772.33
6700000273,4298501,2001-01-02,94.0,1,11972.79
6700000274,81089682,2001-01-02,100.0,1,14990.0
6700000275,60118017,2001-01-04,200.0,1,14338.26
6700000276,81291433,2001-01-26,106.2,1,11014.27
6700000277,60100314,2001-01-30,67.0,1,15765.11
6700000278,80405310,2001-02-05,123.48,1,17269.5
6700000279,4294907,2001-02-07,78.0,1,14566.47
6700000280,4298822,2001-02-08,109.0,1,13255.93
6700000281,60102922,2001-02-15,78.84,1,13886.49
6700000282,60104345,2001-02-18,29.2,1,23265.61
6700000283,80400784,2001-02-21,123.0,1,13972.35
6700000284,60104949,2001-02-23,25.6,1,21795.77
6700000285,60120694,2001-02-26,40.9,1,16863.84
6700000286,60100682,2001-03-04,114.0,1,18485.19
6700000287,80999984,2001-03-06,150.45,1,12909.36
6700000288,4407037,2001-03-07,130.0,1,25352.91
6700000289,80888641,2001-03-07,91.36,1,18768.46
6700000290,60101182,2001-03-14,100.69,1,16338.09
6700000291,80442177,2001-03-27,114.05,1,16920.56
6700000292,60122200,2001-03-28,45.1,1,20939.47
6700000293,60105460,2001-04-10,81.6,1,18595.29
6700000294,80984211,2001-04-17,88.7,1,19895.71
6700000295,60105537,2001-04-22,133.34,1,14288.07
6700000296,4643378,2001-05-01,708.0,1,3420.41
6700000297,60100537,2001-05-07,47.0,1,17037.41
6700000298,60106135,2001-05-16,61.5,1,15913.1
6700000299,60121688,2001-05-17,74.6,1,15164.84
6700000300,81045137,2001-05-20,163.82,1,17943.04
6700000301,60122097,2001-05-24,48.5,1,20636.43
6700000302,4299772,2001-05-31,93.0,1,11735.01
6700000303,60110387,2001-05-31,137.5,1,19216.65
6700000304,60110920,2001-06-03,119.8,1,16298.81
6700000305,60099355,2001-06-06,30.2,1,35427.69
6700000306,60099898,2001-06-13,44.0,1,12187.49
6700000307,60106289,2001-06-15,126.08,1,17646.07
6700000308,60100515,2001-06-19,79.0,1,14916.66
6700000309,60101646,2001-06-22,77.3,1,10650.66
6700000310,4411337,2001-06-24,250.0,3,23506.13
6700000311,81295792,2001-07-06,205.3,1,9876.67
6700000312,60122305,2001-07-08,20.7,3,32080.83
6700000313,4521140,2001-07-10,41.0,1,16910.2
6700000314,4589612,2001-07-19,75.0,1,15903.37
6700000315,4589613,2001-07-19,75.0,1,16118.28
6700000316,81089670,2001-08-06,101.75,1,15940.98
6700000317,60105263,2001-08-07,69.8,1,10069.69
6700000318,80888647,2001-08-07,92.11,1,15408.16
6700000319,60100274,2001-08-09,109.0,1,12068.46
6700000320,60103550,2001-08-11,95.82,1,16279.87
6700000321,60106786,2001-08-13,87.5,1,17693.69
6700000322,60107961,2001-08-14,67.06,1,20203.78
6700000323,60106904,2001-08-15,102.53,1,17219.24
6700000324,60110888,2001-08-20,70.96,1,21027.53
6700000325,60106027,2001-08-28,54.0,1,17563.07
6700000326,60107953,2001-08-30,67.06,1,19459.82
6700000327,60119689,2001-08-30,40.8,1,15992.35
6700000328,81089661,2001-08-30,259.75,1,7324.65
6700000329,60100686,2001-09-02,93.0,1,17968.14
6700000330,60110924,2001-09-03,67.8,1,19113.02
6700000331,60119199,2001-09-11,78.3,1,13856.27
6700000332,4406095,2001-09-12,80.0,3,295078.11
6700000333,80861429,2001-09-12,90.06,1,18195.44
6700000334,60100810,2001-09-13,63.2,1,10976.55
6700000335,60094999,2001-09-16,74.48,1,16123.96
6700000336,60096178,2001-09-20,76.85,1,13730.39
6700000337,4589616,2001-09-24,75.0,1,16475.93
6700000338,81089679,2001-09-24,123.28,1,13929.0
6700000339,80400768,2001-09-30,123.0,1,14314.67
6700000340,60102311,2001-10-07,61.9,1,13569.58
6700000341,60106885,2001-10-07,107.81,1,14452.31
6700000342,80861435,2001-10-12,90.06,1,19215.74
6700000343,80861434,2001-10-14,78.86,1,18887.93
6700000344,4298740,2001-10-15,160.0,1,22614.22
6700000345,4299099,2001-10-15,70.0,1,19845.14
6700000346,60107779,2001-10-15,104.8,1,16603.85
6700000347,60106789,2001-10-21,87.5,1,19051.33
6700000348,4408758,2001-10-25,140.0,1,19383.62
6700000349,60117619,2001-10-28,49.8,1,20344.24
6700000350,60119729,2001-10-28,37.0,1,18754.96
6700000351,80861431,2001-10-28,78.86,1,19359.04
6700000352,80888643,2001-10-29,105.89,1,16379.61
6700000353,60110889,2001-10-30,56.02,1,23040.28
6700000354,60110928,2001-10-31,66.2,1,21428.47
6700000355,60110929,2001-10-31,85.0,1,18874.17
6700000356,60100204,2001-11-01,166.24,1,11063.3
6700000357,60099406,2001-11-11,28.6,1,22345.66
6700000358,60095001,2001-11-13,73.08,1,15737.7
6700000359,60100225,2001-11-16,86.2,1,13098.76
6700000360,81089663,2001-11-18,109.47,1,15974.69
6700000361,60103579,2001-11-22,100.58,1,16381.8
6700000362,80861433,2001-11-27,97.72,1,16219.89
6700000363,60101138,2001-11-29,58.06,1,20139.81
6700000364,60102288,2001-11-29,85.2,1,10231.12
6700000365,60105444,2001-11-30,78.5,1,16808.22
6700000366,60100321,2001-12-08,125.0,1,19373.16
6700000367,60107828,2001-12-10,149.0,1,11724.14
6700000368,80861427,2001-12-16,97.72,1,15877.61
6700000369,60104582,2001-12-17,43.8,1,17520.81
6700000370,60110866,2001-12-17,79.85,1,19407.96
6700000371,60106797,2001-12-26,105.0,1,18195.89
6700000372,60106957,2001-12-27,80.0,1,19225.09
6700000373,60117754,2001-12-27,54.0,1,16753.74
6700000374,4298503,2001-12-28,84.0,1,14973.7
6700000375,80442192,2001-12-29,118.25,1,18774.87
6700000376,81228451,2001-12-29,73.12,1,22636.52
6700000377,60095010,2001-12-30,85.78,1,14649.99
6700000378,60101259,2001-12-30,78.5,1,13874.13
6700000379,60102844,2001-12-30,57.28,1,20720.34
6700000380,60100224,2001-12-31,88.31,1,13932.8
6700000381,60100553,2001-12-31,47.0,1,13143.63
6700000382,60099322,2002-01-05,47.1,1,11740.0
6700000383,4406950,2002-01-06,108.0,1,32493.06
6700000384,80888628,2002-01-17,21.68,4,24080.39
6700000385,60100289,2002-01-20,78.0,1,16450.8
6700000386,60100199,2002-01-22,89.96,1,12362.01
6700000387,60101637,2002-01-23,57.7,1,16141.64
6700000388,80400787,2002-02-04,108.0,1,19478.08
6700000389,60102952,2002-02-06,47.5,1,22310.44
6700000390,80881001,2002-02-06,35.4,1,20676.93
6700000391,60118995,2002-02-08,95.4,1,10443.97
6700000392,81228444,2002-02-18,134.57,1,11195.84
6700000393,60120457,2002-02-25,46.6,1,12565.89
6700000394,4294918,2002-02-28,400.0,1,12908.48
6700000395,60103537,2002-03-05,100.44,1,15619.19
6700000396,60104827,2002-03-10,118.0,1,11314.76
6700000397,60118361,2002-03-10,35.6,3,9951.34
6700000398,81089662,2002-03-12,113.37,1,17504.68
6700000399,80999982,2002-03-17,50.0,4,13654.86
6700000400,60119293,2002-03-19,87.0,1,2371.73
6700000401,4299715,2002-03-25,44.0,1,30757.91
6700000402,60118825,2002-04-12,59.2,1,9682.28
6700000403,4299072,2002-04-18,70.0,3,14361.93
6700000404,60096378,2002-04-18,103.85,1,10692.06
6700000405,81000029,2002-04-18,83.0,1,13970.93
6700000406,80888650,2002-04-22,91.8,1,16762.45
6700000407,60108094,2002-04-24,152.21,1,16111.12
6700000408,60100684,2002-04-29,84.0,1,16791.32
6700000409,60122291,2002-05-07,275.15,3,13846.84
6700000410,4294624,2002-05-08,71.0,1,16211.52
6700000411,60101718,2002-05-09,66.8,1,12009.03
6700000412,80888644,2002-05-09,91.63,1,17268.12
6700000413,60105273,2002-05-12,63.8,1,8047.14
6700000414,80888674,2002-05-12,93.17,1,19649.9
6700000415,60101107,2002-05-15,79.78,1,14583.97
6700000416,60100286,2002-05-22,78.0,1,15252.34
6700000417,81089665,2002-05-30,106.66,1,15835.01
6700000418,60099010,2002-06-06,44.0,3,50999.45
6700000419,80888684,2002-06-06,117.82,1,15359.51
6700000420,60101533,2002-06-07,70.0,1,12300.72
6700000421,60100613,2002-06-14,48.0,1,23346.47
6700000422,60094997,2002-06-19,73.08,1,15311.6
6700000423,60107958,2002-06-28,67.06,1,21368.14
6700000424,60103694,2002-07-02,49.94,1,14577.03
6700000425,60099520,2002-07-03,25.4,1,10806.49
6700000426,80442220,2002-07-03,69.68,1,21531.82
6700000427,4298756,2002-07-09,100.0,1,12394.99
6700000428,60104392,2002-07-12,25.6,1,28621.44
6700000429,60117601,2002-07-15,58.7,1,14302.59
6700000430,60118465,2002-07-22,120.0,1,9025.75
6700000431,4298640,2002-07-28,279.0,1,16074.51
6700000432,4406572,2002-08-01,110.0,1,8595.02
6700000433,60110407,2002-08-05,167.56,1,14120.74
6700000434,4408565,2002-08-07,500.0,3,2354.48
6700000435,81000032,2002-08-13,78.5,1,15422.13
6700000436,4298807,2002-08-20,82.0,1,15621.17
6700000437,60095624,2002-08-27,92.3,1,18669.16
6700000438,80888675,2002-09-03,115.42,1,15878.57
6700000439,60099483,2002-09-17,25.5,1,31168.56
6700000440,81067796,2002-09-30,78.0,1,16564.83
6700000441,60103632,2002-10-03,71.45,1,14782.31
6700000442,80888690,2002-10-07,125.7,1,15932.95
6700000443,60101073,2002-10-08,120.16,1,10575.44
6700000444,80861425,2002-10-08,78.86,1,19653.05
6700000445,80888678,2002-10-16,125.44,1,14820.72
6700000446,4408606,2002-10-23,121.0,1,27145.05
6700000447,80861415,2002-10-24,66.93,3,30521.89
6700000448,60118907,2002-10-28,73.2,1,9891.81
6700000449,60118997,2002-11-14,73.2,1,11905.59
6700000450,60100713,2002-11-19,68.0,1,14734.21
6700000451,60121213,2002-11-24,40.9,1,19578.18
6700000452,60119091,2002-12-01,73.2,1,10251.38
6700000453,60099810,2002-12-03,64.5,1,5311.31
6700000454,60100693,2002-12-17,84.0,1,17013.08
6700000455,60104711,2002-12-19,25.6,1,17093.48
6700000456,60108093,2002-12-19,120.0,1,12097.63
6700000457,4298642,2002-12-20,100.0,1,26469.39
6700000458,60096848,2002-12-20,52.0,1,19523.68
6700000459,60104300,2002-12-22,29.2,1,20002.27
6700000460,60101212,2002-12-23,63.11,1,16306.06
6700000461,60105998,2002-12-25,96.84,1,13697.36
6700000462,80304230,2002-12-25,96.0,1,12281.96
6700000463,60100703,2002-12-29,108.0,1,16109.0
6700000464,60106033,2002-12-31,108.35,4,14336.57
6700000465,80405302,2002-12-31,87.11,1,15335.74
6700000466,60102680,2003-01-02,99.76,1,14839.79
6700000467,60100405,2003-01-08,97.05,1,11928.35
6700000468,80861417,2003-01-18,26.18,3,23281.54
6700000469,60100681,2003-01-21,134.0,1,14445.46
6700000470,60118887,2003-02-03,73.2,1,6588.71
6700000471,80861424,2003-02-06,97.72,4,17831.36
6700000472,60095003,2003-02-19,73.08,1,15474.84
6700000473,60121983,2003-02-19,37.3,1,7924.92
6700000474,4298765,2003-02-20,92.0,1,13190.36
6700000475,60099340,2003-02-20,90.0,1,10771.23
6700000476,60104987,2003-02-24,63.8,1,10923.37
6700000477,60104042,2003-02-26,67.57,1,6677.19
6700000478,60101898,2003-03-02,99.43,1,11096.91
6700000479,60105974,2003-03-06,90.2,1,15364.72
6700000480,60106250,2003-03-07,94.66,1,13080.46
6700000481,4408277,2003-03-11,160.0,1,12544.77
6700000482,60108374,2003-03-14,109.26,1,12374.58
6700000483,60109183,2003-03-18,38.52,3,11947.4
6700000484,60117699,2003-03-20,41.0,1,18727.3
6700000485,60095121,2003-03-24,93.19,1,13675.17
6700000486,4294823,2003-03-27,78.0,1,14949.56
6700000487,60116993,2003-03-27,34.5,1,32321.46
6700000488,60116850,2003-04-01,33.9,1,26749.19
6700000489,60100685,2003-04-03,111.0,1,16369.1
6700000490,4299717,2003-04-06,58.0,1,19243.77
6700000491,60110851,2003-04-07,84.51,1,14263.75
6700000492,60106952,2003-04-10,82.0,1,17172.58
6700000493,60100153,2003-04-12,95.0,1,14310.34
6700000494,60094998,2003-04-13,68.78,1,16480.04
6700000495,60102285,2003-04-13,83.2,1,13805.1
6700000496,60106785,2003-04-13,87.5,1,3592.96
6700000497,60117362,2003-04-13,73.0,1,22734.34
6700000498,60119526,2003-04-13,50.5,1,17694.25
6700000499,80400776,2003-04-13,66.5,1,15417.9
6700000500,60106939,2003-04-14,69.0,1,17069.36
6700000501,60119607,2003-04-14,55.0,1,17579.77
6700000502,81089686,2003-04-28,89.33,3,15775.83
6700000503,60095006,2003-04-30,67.03,1,16850.66
6700000504,60106795,2003-05-12,112.2,1,19602.96
6700000505,81295784,2003-05-12,93.0,1,14096.04
6700000506,60102367,2003-05-20,92.9,1,10312.41
6700000507,60118179,2003-06-01,188.0,1,16490.65
6700000508,60110934,2003-06-04,161.7,1,14236.25
6700000509,4406866,2003-06-15,110.0,1,21737.67
6700000510,60100450,2003-06-15,109.08,1,12901.41
6700000511,60099375,2003-06-16,30.2,1,41499.65
6700000512,4407020,2003-06-22,160.0,1,15336.3
6700000513,60116905,2003-06-22,182.0,1,14770.04
6700000514,60108081,2003-06-23,113.97,1,15534.23
6700000515,60106049,2003-06-30,122.0,1,14057.6
6700000516,60116995,2003-07-02,92.0,1,15991.42
6700000517,80984215,2003-07-17,80.0,1,19073.63
6700000518,60106214,2003-08-07,101.0,1,17412.6
6700000519,60103004,2003-08-10,278.42,1,15870.93
6700000520,60117322,2003-08-11,28.1,1,40633.03
6700000521,60102783,2003-08-20,41.27,1,20805.99
6700000522,60107038,2003-08-22,81.0,1,15115.93
6700000523,60100697,2003-08-24,111.0,1,16562.81
6700000524,80984195,2003-09-02,98.2,1,19114.84
6700000525,60117581,2003-09-04,58.7,1,13578.76
6700000526,60096889,2003-09-07,144.6,4,13034.85
6700000527,60094994,2003-09-08,83.91,1,15527.32
6700000528,60117460,2003-09-09,27.1,1,32165.63
6700000529,60110869,2003-09-14,79.85,1,18062.26
6700000530,60103103,2003-09-30,103.42,1,11204.08
6700000531,4502250,2003-10-09,114.0,1,11739.26
6700000532,80888682,2003-10-23,106.78,1,16280.64
6700000533,60122312,2003-10-30,27.3,3,11465.17
6700000534,60119809,2003-11-17,27.8,1,29529.5
6700000535,60101070,2003-11-23,120.61,1,9937.35
6700000536,60099370,2003-11-24,46.4,1,22769.92
6700000537,60100337,2003-11-24,95.1,1,19370.61
6700000538,60103642,2003-11-30,76.98,1,18594.04
6700000539,60110400,2003-12-03,155.33,1,14124.13
6700000540,60110794,2003-12-03,95.5,1,14865.82
6700000541,60120817,2003-12-04,29.8,1,22191.18
6700000542,4294763,2003-12-07,120.0,1,9899.58
6700000543,60101171,2003-12-08,63.47,1,17804.07
6700000544,60099610,2003-12-10,53.0,1,17232.04
6700000545,60101243,2003-12-11,99.0,1,11002.59
6700000546,80999990,2003-12-11,78.5,1,15726.0
6700000547,60118592,2003-12-14,33.2,1,32014.07
6700000548,4407462,2003-12-21,115.0,1,23969.04
6700000549,4521138,2003-12-25,40.0,3,18034.33
6700000550,60103154,2003-12-26,102.87,1,9907.53
6700000551,60101785,2003-12-31,101.91,1,16072.81
6700000552,80888666,2004-01-05,118.05,1,15963.21
6700000553,60117364,2004-01-15,37.0,1,15724.59
6700000554,60105250,2004-01-19,69.8,1,6511.13
6700000555,80888663,2004-01-21,93.67,1,18445.43
6700000556,4401720,2004-01-25,90.0,1,20133.09
6700000557,81228441,2004-01-25,160.27,1,13934.79
6700000558,4407809,2004-01-26,64.0,1,38504.53
6700000559,80888671,2004-01-29,93.45,1,19911.08
6700000560,60104719,2004-02-08,26.3,1,30504.91
6700000561,4405633,2004-02-12,60.0,1,9139.25
6700000562,60100727,2004-03-01,99.0,1,16377.95
6700000563,60100683,2004-03-16,93.0,1,17434.59
6700000564,4411138,2004-03-29,272.0,1,10813.42
6700000565,60106849,2004-03-29,105.0,1,13990.51
6700000566,60121468,2004-04-04,57.0,1,10992.84
6700000567,60106131,2004-04-18,61.5,1,30126.92
6700000568,4408537,2004-04-19,235.0,3,9352.73
6700000569,4410895,2004-04-20,200.0,1,14636.54
6700000570,60120013,2004-04-29,104.0,1,11339.21
6700000571,80341669,2004-04-29,155.45,1,20697.23
6700000572,4589621,2004-05-02,100.0,1,14350.77
6700000573,60110395,2004-05-02,75.55,1,16245.22
6700000574,60110891,2004-05-02,92.16,1,17479.01
6700000575,80888687,2004-05-02,115.07,1,16998.79
6700000576,60122153,2004-05-03,45.1,1,16257.2
6700000577,4294771,2004-05-13,71.0,1,16656.06
6700000578,80400769,2004-05-23,123.0,1,14604.38
6700000579,4521859,2004-05-24,90.0,1,19532.1
6700000580,80999967,2004-05-27,108.05,1,14198.59
6700000581,60100729,2004-05-30,111.0,1,16412.72
6700000582,60101782,2004-06-01,91.18,1,17973.0
6700000583,81089667,2004-06-04,103.66,1,14783.43
6700000584,60095114,2004-06-07,88.66,1,15946.85
6700000585,60101248,2004-06-14,99.0,1,10076.16
6700000586,60117676,2004-07-06,43.9,1,19699.49
6700000587,60101210,2004-07-19,75.53,1,12175.18
6700000588,60101168,2004-07-22,65.5,1,13167.96
6700000589,80304245,2004-08-01,124.35,1,14047.57
6700000590,60095568,2004-08-04,89.3,1,11208.82
6700000591,60099576,2004-08-04,25.4,1,17264.25
6700000592,60120773,2004-08-04,46.6,1,7898.94
6700000593,60100626,2004-08-23,48.0,1,12038.28
6700000594,60110402,2004-08-26,136.44,1,16683.88
6700000595,60120263,2004-08-29,70.2,1,12545.65
6700000596,80312453,2004-08-30,114.87,1,11719.82
6700000597,60103145,2004-08-31,102.87,1,12359.33
6700000598,60105211,2004-09-23,36.1,3,8832.86
6700000599,60101170,2004-09-26,64.76,1,14573.68
6700000600,60117799,2004-09-26,54.0,1,13102.37
6700000601,60117944,2004-10-05,45.1,1,9787.09
6700000602,60099335,2004-10-08,30.2,1,14618.0
6700000603,60119792,2004-10-10,112.0,1,14482.88
6700000604,60117591,2004-10-14,58.7,1,15153.6
6700000605,60103046,2004-10-17,66.0,1,13677.19
6700000606,60106533,2004-10-20,46.9,1,10888.02
6700000607,80888677,2004-10-23,93.52,1,18670.74
6700000608,4298504,2004-10-24,77.0,1,12707.38
6700000609,60107129,2004-11-22,70.0,1,16143.81
6700000610,4521495,2004-12-06,250.0,1,14580.88
6700000611,60106975,2004-12-13,137.0,1,14246.12
6700000612,4410219,2004-12-24,86.0,1,8929.58
6700000613,60116945,2004-12-26,120.0,1,11122.33
6700000614,60102284,2004-12-29,85.2,1,13665.77
6700000615,60100726,2005-01-03,111.0,1,17239.79
6700000616,60118850,2005-01-03,78.1,1,7737.52
6700000617,80888661,2005-01-04,93.52,1,19744.15
6700000618,60117168,2005-01-06,110.0,1,11409.37
6700000619,60103580,2005-01-14,110.66,1,11923.81
6700000620,60117297,2005-01-25,88.0,1,15796.88
6700000621,60100348,2005-02-03,228.0,1,10762.06
6700000622,60114818,2005-02-04,125.0,4,13976.19
6700000623,60107861,2005-02-09,113.85,1,9134.65
6700000624,60095000,2005-02-14,68.78,1,17435.3
6700000625,60118161,2005-02-15,227.7,1,10312.02
6700000626,60100637,2005-02-20,47.0,1,14244.42
6700000627,60101122,2005-02-24,48.0,1,12388.81
6700000628,4407659,2005-03-17,115.0,1,21576.79
6700000629,4298726,2005-03-27,100.0,1,10004.3
6700000630,80888676,2005-03-28,106.89,1,15701.69
6700000631,60108987,2005-03-30,270.87,1,10108.36
6700000632,60106293,2005-04-05,90.0,1,11650.89
6700000633,60104988,2005-05-06,63.8,1,13713.5
6700000634,80400775,2005-05-10,123.0,1,11610.59
6700000635,60100735,2005-05-20,108.0,1,18192.85
6700000636,81228472,2005-05-23,160.74,1,14260.91
6700000637,60095036,2005-05-24,127.07,1,14070.93
6700000638,4299069,2005-06-25,110.0,1,17298.41
6700000639,60100532,2005-07-01,105.11,1,21503.23
6700000640,60105212,2005-08-17,44.3,3,7265.97
6700000641,60104033,2005-08-21,60.86,1,5101.42
6700000642,60102828,2005-08-23,145.82,1,15943.78
6700000643,60110926,2005-08-29,85.0,1,20650.99
6700000644,60108215,2005-09-01,78.0,1,13496.73
6700000645,60119365,2005-09-07,81.7,1,39617.51
6700000646,60120387,2005-09-20,57.3,1,7888.72
6700000647,60104380,2005-09-21,147.0,1,7329.16
6700000648,60117340,2005-10-19,45.7,1,22908.55
6700000649,60109184,2005-10-26,43.06,3,13615.32
6700000650,60117421,2005-10-27,40.7,1,14407.92
6700000651,60096758,2005-10-31,100.0,1,11971.7
6700000652,60107855,2005-10-31,117.2,1,11294.27
6700000653,60119709,2005-10-31,40.8,1,15310.13
6700000654,60096368,2005-11-02,60.0,1,12378.29
6700000655,60121795,2005-11-04,38.4,1,12058.66
6700000656,60108086,2005-11-10,93.65,1,16240.7
6700000657,60121603,2005-11-28,33.7,1,8834.4
6700000658,60104409,2005-12-01,25.6,1,18715.42
6700000659,60117696,2005-12-02,41.0,1,9791.37
6700000660,60103420,2005-12-04,136.0,1,11209.98
6700000661,60116968,2005-12-08,46.5,1,13813.2
6700000662,60100707,2005-12-11,134.0,1,14859.5
6700000663,4298790,2005-12-16,118.0,1,10696.16
6700000664,81228469,2005-12-19,102.0,1,18028.87
6700000665,60121160,2005-12-22,45.1,1,13162.45
6700000666,60105209,2006-01-09,44.3,3,5624.0
6700000667,60106790,2006-01-11,87.5,1,15026.61
6700000668,80999996,2006-01-11,108.05,1,12148.27
6700000669,60099822,2006-01-15,100.0,1,11772.81
6700000670,4408604,2006-01-18,197.0,1,18388.07
6700000671,4411257,2006-01-24,2730.0,3,5956.48
6700000672,60096362,2006-01-24,167.5,1,15768.19
6700000673,60103027,2006-02-08,63.58,1,11494.21
6700000674,60111028,2006-02-16,99.94,1,11935.78
6700000675,60101550,2006-03-02,103.6,1,10166.07
6700000676,60101810,2006-03-10,102.07,1,9023.28
6700000677,80861436,2006-03-19,97.72,1,18720.78
6700000678,60099570,2006-03-26,25.4,1,20054.18
6700000679,60100311,2006-03-27,78.17,1,12059.69
6700000680,60110391,2006-04-09,65.08,1,14728.45
6700000681,60120164,2006-04-11,107.0,1,19277.82
6700000682,60099936,2006-04-26,190.0,3,24882.19
6700000683,80888660,2006-04-26,183.08,1,12246.53
6700000684,60108267,2006-05-11,110.5,1,9945.07
6700000685,4294769,2006-05-17,89.0,1,10211.0
6700000686,60100413,2006-05-17,97.05,1,8330.99
6700000687,60121019,2006-05-19,40.9,1,10048.76
6700000688,60095570,2006-05-21,89.3,1,11372.55
6700000689,60118583,2006-05-22,28.5,1,30543.41
6700000690,4294906,2006-05-29,105.0,1,10410.68
6700000691,60102319,2006-06-04,61.9,1,10710.63
6700000692,60104626,2006-06-07,69.0,1,9491.35
6700000693,60099444,2006-06-09,25.4,1,26809.83
6700000694,60105948,2006-06-09,122.3,1,11933.28
6700000695,4408066,2006-06-14,121.0,3,18175.04
6700000696,60095119,2006-06-21,77.78,3,26195.37
6700000697,81279063,2006-06-21,95.96,1,13597.23
6700000698,4405632,2006-06-23,35.0,1,12012.33
6700000699,60095540,2006-06-28,87.26,1,8628.34
6700000700,60096460,2006-07-03,82.21,1,10385.62
6700000701,60118704,2006-07-05,71.4,1,8749.54
6700000702,4411050,2006-07-09,300.0,1,14115.18
6700000703,60103147,2006-07-09,105.41,1,12097.49
6700000704,80888649,2006-07-12,110.52,1,13985.64
6700000705,4589044,2006-07-13,289.0,3,4000.17
6700000706,60104307,2006-08-29,30.4,1,13959.93
6700000707,60117199,2006-08-31,49.7,1,21994.06
6700000708,60095052,2006-09-05,33.0,1,8639.03
6700000709,60099280,2006-09-07,30.0,1,23975.28
6700000710,4294691,2006-09-08,75.0,1,11246.59
6700000711,60106059,2006-09-10,92.5,1,16823.93
6700000712,60107909,2006-09-11,123.0,1,7241.17
6700000713,60099417,2006-09-20,30.2,1,10284.4
6700000714,60099293,2006-10-08,52.9,1,8513.37
6700000715,81228465,2006-10-08,100.7,1,17301.48
6700000716,60101221,2006-11-02,79.9,1,11415.32
6700000717,60120211,2006-11-02,63.7,1,17927.29
6700000718,80858126,2006-11-05,149.3,1,15297.64
6700000719,60110875,2006-11-06,108.16,1,17236.96
6700000720,4407418,2006-11-07,97.0,1,16877.19
6700000721,60096885,2006-11-16,110.0,1,12074.16
6700000722,60099667,2006-11-26,46.4,1,11860.8
6700000723,60106048,2006-12-29,92.5,1,16876.85
6700000724,60100279,2007-01-07,65.0,1,16848.3
6700000725,60120277,2007-01-07,70.2,1,11977.8
6700000726,60098139,2007-01-11,388.4,3,12473.86
6700000727,60110360,2007-01-11,106.61,1,15648.96
6700000728,60108388,2007-01-12,76.3,1,10161.98
6700000729,60114820,2007-01-14,480.0,4,6395.29
6700000730,80888633,2007-01-21,101.85,1,18673.57
6700000731,60119138,2007-01-31,117.0,1,9097.42
6700000732,4411094,2007-02-04,100.0,1,4938.27
6700000733,60095115,2007-02-11,87.6,1,16257.74
6700000734,60100710,2007-02-18,44.0,3,19034.2
6700000735,60100711,2007-02-18,67.0,3,21115.66
6700000736,60100554,2007-02-25,48.0,1,18640.88
6700000737,60096764,2007-03-01,67.6,1,25143.59
6700000738,60103697,2007-03-01,134.69,1,12727.28
6700000739,60105569,2007-03-04,117.89,1,14610.52
6700000740,81000038,2007-03-05,101.65,1,13548.77
6700000741,60117578,2007-03-07,58.7,1,13046.6
6700000742,81011258,2007-03-07,80.5,1,8781.66
6700000743,60121261,2007-03-11,45.1,1,5809.54
6700000744,80440596,2007-03-11,96.4,1,12574.2
6700000745,60107957,2007-03-13,77.5,1,19096.18
6700000746,60120724,2007-03-14,46.6,1,9095.53
6700000747,60118055,2007-03-19,183.4,1,16570.6
6700000748,80861421,2007-03-19,97.72,1,15915.52
6700000749,4409050,2007-03-23,125.0,1,30957.5
6700000750,60100718,2007-03-27,93.0,1,18059.7
6700000751,60100373,2007-03-29,140.0,1,12506.66
6700000752,4516678,2007-04-05,30.0,3,11610.98
6700000753,60121715,2007-04-18,30.0,1,23650.33
6700000754,60119660,2007-04-19,34.1,1,23405.1
6700000755,60095589,2007-04-20,114.03,1,12159.55
6700000756,4276212,2007-04-22,100.0,1,29929.27
6700000757,60110795,2007-05-02,106.02,1,10582.54
6700000758,60119994,2007-05-04,125.0,1,13583.39
6700000759,60099311,2007-05-10,28.6,1,18411.05
6700000760,60121015,2007-05-13,40.9,1,8954.0
6700000761,60101039,2007-05-22,63.2,1,6159.56
6700000762,60102877,2007-06-07,85.84,1,21720.79
6700000763,60107027,2007-06-07,102.0,1,17015.91
6700000764,60110393,2007-06-25,135.75,1,13167.04
6700000765,60423169,2007-06-25,125.0,1,8839.63
6700000766,60120995,2007-06-26,40.9,1,8740.47
6700000767,60101023,2007-06-27,63.2,1,8495.1
6700000768,60100737,2007-07-01,117.0,1,16955.0
6700000769,60108103,2007-07-02,81.5,1,10796.11
6700000770,81011094,2007-07-04,194.56,1,9080.3
6700000771,60119993,2007-07-05,70.0,1,21254.31
6700000772,60099516,2007-07-08,25.5,1,31368.36
6700000773,60105174,2007-07-10,63.8,1,5549.4
6700000774,60100123,2007-07-25,29.2,1,11505.31
6700000775,60116996,2007-07-29,85.6,1,17193.97
6700000776,60100181,2007-07-30,72.0,1,8932.14
6700000777,60110923,2007-08-05,85.0,1,15486.5
6700000778,60121006,2007-08-05,40.9,1,13534.86
6700000779,60104376,2007-08-12,25.6,1,24821.4
6700000780,60120037,2007-08-30,207.0,1,9272.68
6700000781,4401726,2007-09-02,150.0,1,12897.43
6700000782,60106725,2007-09-04,126.25,3,6371.97
6700000783,81228459,2007-09-04,100.62,1,16507.97
6700000784,60100704,2007-09-05,106.0,1,15977.37
6700000785,4408356,2007-09-10,120.0,1,11209.25
6700000786,80861423,2007-09-11,90.06,1,16888.57
6700000787,81000020,2007-09-24,78.5,1,12239.4
6700000788,4294910,2007-09-25,109.0,1,10218.98
6700000789,4298606,2007-09-25,21.0,3,131384.38
6700000790,4521174,2007-09-26,100.0,1,19215.86
6700000791,60110836,2007-10-09,90.68,1,14156.24
6700000792,60106169,2007-10-10,86.35,1,8389.11
6700000793,60108144,2007-10-14,89.0,1,12742.76
6700000794,60118497,2007-10-16,50.9,1,22356.83
6700000795,80984190,2007-10-21,80.3,1,20594.4
6700000796,60108354,2007-10-25,120.05,1,10147.38
6700000797,60100319,2007-10-26,68.11,1,24413.95
6700000798,60118236,2007-10-29,125.1,1,13611.92
6700000799,60122297,2007-11-05,27.93,3,11175.52
6700000800,60100222,2007-11-25,88.31,1,10816.14
6700000801,60107763,2007-11-26,104.0,1,10316.67
6700000802,60117810,2007-11-28,54.0,1,16961.47
6700000803,60110841,2007-12-04,91.94,1,11200.38
6700000804,60117405,2007-12-05,100.0,1,16754.96
6700000805,60117250,2007-12-06,37.0,1,12310.13
6700000806,60100342,2007-12-11,95.1,1,18131.41
6700000807,60109173,2007-12-13,72.19,3,47817.05
6700000808,80861419,2007-12-16,78.86,1,15161.31
6700000809,60121101,2007-12-17,40.9,1,8352.23
6700000810,4508706,2007-12-19,318.0,1,10046.64
6700000811,60120177,2007-12-19,120.0,1,9055.27
6700000812,60122246,2007-12-27,100.0,1,8556.42
6700000813,80442216,2007-12-27,69.56,1,15902.14
6700000814,60097365,2007-12-28,61.91,1,10510.07
6700000815,60108032,2008-01-02,115.49,1,9698.26
6700000816,4407843,2008-01-07,160.0,1,18747.61
6700000817,60117190,2008-01-08,73.0,1,23049.77
6700000818,60095093,2008-01-24,141.0,1,11933.57
6700000819,60119049,2008-01-24,73.2,1,5835.11
6700000820,60105815,2008-01-27,174.54,1,18557.75
6700000821,60111134,2008-01-29,28.0,3,10400.89
6700000822,60100764,2008-02-04,63.2,1,3590.63
6700000823,60102860,2008-02-04,60.0,1,14808.88
6700000824,60119525,2008-02-17,90.0,1,7651.61
6700000825,60097395,2008-02-20,72.25,1,7166.48
6700000826,4406571,2008-02-23,110.0,1,4619.91
6700000827,60099515,2008-02-24,25.5,1,19427.65
6700000828,60117762,2008-02-26,54.0,1,9101.07
6700000829,4411049,2008-03-02,300.0,1,11490.23
6700000830,60104621,2008-03-02,43.9,1,9364.88
6700000831,4298573,2008-03-04,85.0,1,5990.05
6700000832,60117870,2008-03-05,230.0,1,8799.85
6700000833,60118454,2008-03-07,160.0,1,8499.08
6700000834,60104613,2008-03-13,25.6,1,22235.96
6700000835,60117010,2008-03-16,105.0,1,7228.45
6700000836,60118429,2008-03-17,75.0,1,18553.02
6700000837,60106739,2008-03-19,100.0,1,17551.58
6700000838,60108145,2008-03-19,100.65,1,10525.78
6700000839,60100955,2008-03-20,63.2,1,6004.65
6700000840,4407378,2008-03-25,190.0,1,2346.87
6700000841,4408089,2008-03-26,125.0,1,20366.16
6700000842,60101716,2008-03-27,76.1,1,12466.94
6700000843,60103026,2008-03-30,90.28,1,12610.56
6700000844,60118022,2008-03-30,99.03,1,14051.06
6700000845,60120160,2008-04-08,73.9,1,16227.33
6700000846,60100891,2008-04-09,63.2,1,6191.74
6700000847,80888658,2008-04-10,109.72,1,16250.65
6700000848,60106106,2008-04-14,55.81,1,8432.76
6700000849,60106035,2008-04-15,72.95,3,10814.91
6700000850,80405293,2008-04-15,86.78,1,14909.81
6700000851,60116955,2008-04-16,117.0,1,11867.93
6700000852,4589083,2008-04-18,75.0,1,5470.04
6700000853,60098108,2008-04-29,90.0,3,5785.61
6700000854,60104672,2008-05-02,61.0,1,7972.99
6700000855,60104992,2008-05-14,63.8,1,5303.01
6700000856,60095020,2008-05-16,117.94,1,7835.75
6700000857,4295312,2008-05-18,90.0,1,13575.06
6700000858,60107896,2008-05-18,95.46,1,9057.48
6700000859,81000043,2008-05-18,130.0,1,12169.36
6700000860,60096888,2008-05-19,145.6,1,7530.54
6700000861,60106375,2008-05-20,63.95,1,5388.55
6700000862,60100341,2008-05-21,95.1,1,15811.77
6700000863,60103583,2008-05-21,109.0,1,13795.4
6700000864,4294777,2008-05-28,115.0,1,7082.64
6700000865,60100518,2008-06-01,83.5,1,7933.82
6700000866,60100197,2008-06-02,89.96,1,10739.3
6700000867,60100873,2008-06-03,63.2,1,6502.83
6700000868,4294885,2008-06-10,100.0,1,9661.07
6700000869,60108377,2008-06-16,109.26,1,8421.22
6700000870,60117004,2008-06-16,114.0,1,5380.72
6700000871,60105872,2008-06-19,73.7,1,6824.82
6700000872,60100977,2008-06-26,63.2,1,3603.25
6700000873,60122811,2008-06-29,155.37,1,13225.82
6700000874,60116922,2008-06-30,78.9,1,16520.64
6700000875,80888686,2008-07-03,93.67,1,16862.16
6700000876,60120047,2008-07-07,37.5,1,16045.49
6700000877,60101087,2008-07-13,89.77,1,8780.6
6700000878,60099392,2008-07-16,30.2,1,23012.26
6700000879,60095033,2008-07-17,103.77,1,9277.53
6700000880,81228436,2008-07-17,73.11,1,16048.78
6700000881,81000037,2008-07-18,86.4,1,12535.54
6700000882,60099622,2008-07-22,30.2,1,7969.62
6700000883,60103243,2008-07-28,99.0,1,9754.93
6700000884,60096775,2008-08-05,140.0,1,10829.24
6700000885,60117920,2008-08-11,183.74,1,18767.65
6700000886,60102580,2008-08-13,190.22,1,12502.29
6700000887,60106247,2008-08-13,69.23,1,11379.08
6700000888,60100226,2008-08-14,155.62,1,10506.38
6700000889,4409423,2008-08-15,195.0,1,14086.18
6700000890,60098110,2008-08-18,24.1,3,7400.99
6700000891,60100165,2008-08-18,29.2,1,11198.65
6700000892,80999974,2008-08-18,86.38,1,13387.27
6700000893,4589059,2008-08-19,60.0,1,10900.02
6700000894,4401411,2008-08-20,180.0,1,9083.35
6700000895,60102308,2008-08-25,61.9,1,8164.21
6700000896,60119741,2008-09-01,28.1,1,31441.18
6700000897,60106793,2008-09-03,87.5,1,14135.95
6700000898,60110835,2008-09-04,91.94,1,12543.85
6700000899,60099812,2008-09-08,64.5,1,5935.64
6700000900,60106852,2008-09-14,86.3,1,11773.14
6700000901,60117849,2008-09-16,49.8,1,11531.59
6700000902,60097416,2008-09-18,69.68,1,10566.12
6700000903,60102327,2008-09-18,63.6,1,9260.98
6700000904,60117669,2008-09-18,43.9,1,13416.81
6700000905,60095554,2008-09-21,80.0,1,9939.34
6700000906,60101667,2008-09-21,77.3,1,7619.64
6700000907,60102770,2008-09-23,65.0,1,7702.28
6700000908,60097298,2008-09-28,61.7,1,6531.48
6700000909,60120183,2008-10-03,51.0,1,25432.74
6700000910,60101719,2008-10-07,67.1,1,8786.55
6700000911,4521145,2008-10-15,200.0,1,4244.96
6700000912,4521146,2008-10-15,200.0,1,2122.48
6700000913,4521148,2008-10-15,2200.0,3,1258.21
6700000914,60106887,2008-10-16,107.81,1,10800.62
6700000915,60106054,2008-10-23,114.9,1,13597.73
6700000916,60110364,2008-10-26,93.74,1,16038.21
6700000917,60119748,2008-10-26,28.1,1,29898.49
6700000918,4407466,2008-10-27,200.0,1,16213.37
6700000919,60110349,2008-11-02,91.66,1,13870.19
6700000920,60117862,2008-11-05,51.0,1,33624.16
6700000921,60100338,2008-11-07,95.1,1,10466.76
6700000922,60105193,2008-11-14,63.8,1,3939.05
6700000923,60106622,2008-11-14,112.9,1,11784.53
6700000924,4406784,2008-11-16,68.0,1,10435.09
6700000925,60098129,2008-11-18,188.0,3,5708.77
6700000926,60118453,2008-11-20,139.0,1,12124.22
6700000927,60100595,2008-11-21,48.0,1,30797.99
6700000928,60106863,2008-11-25,87.0,1,11554.56
6700000929,60096779,2008-11-26,92.8,1,13572.36
6700000930,60106224,2008-12-01,108.97,1,10529.68
6700000931,4510809,2008-12-04,200.0,3,12224.43
6700000932,60101201,2008-12-04,108.0,1,13620.83
6700000933,60104408,2008-12-07,25.6,1,10343.32
6700000934,60106417,2008-12-08,138.64,1,14854.8
6700000935,60100343,2008-12-11,95.1,1,15468.45
6700000936,60105538,2008-12-11,133.34,1,12135.56
6700000937,60111142,2008-12-11,25.0,3,32218.35
6700000938,60095503,2008-12-14,63.89,1,9209.89
6700000939,60103056,2008-12-14,66.0,1,6686.59
6700000940,60111135,2008-12-16,28.0,3,14096.34
6700000941,60099844,2008-12-17,85.23,1,5281.49
6700000942,60105960,2008-12-22,121.6,1,9677.96
6700000943,80861428,2008-12-29,78.86,1,15930.47
6700000944,80405291,2008-12-31,63.32,1,13939.2
6700000945,60099837,2009-01-07,56.68,1,5851.16
6700000946,60103152,2009-01-07,105.41,1,9048.88
6700000947,60094935,2009-01-11,50.6,3,11020.37
6700000948,80826389,2009-01-14,145.0,1,17204.58
6700000949,60096179,2009-01-20,76.85,1,10120.34
6700000950,60120710,2009-01-21,40.9,1,6099.42
6700000951,60100178,2009-01-29,65.4,1,12789.7
6700000952,60116871,2009-01-30,127.0,1,15945.52
6700000953,60096373,2009-02-01,74.0,1,15649.84
6700000954,60119268,2009-02-02,87.0,1,9317.95
6700000955,60120820,2009-02-02,110.0,1,5000.83
6700000956,80405299,2009-02-02,63.32,1,15225.97
6700000957,60110404,2009-02-03,157.37,1,15030.78
6700000958,60117652,2009-02-03,43.9,1,5935.53
6700000959,60101271,2009-02-09,102.83,1,16752.46
6700000960,60116904,2009-02-11,34.5,1,51610.44
6700000961,60099524,2009-02-12,45.1,1,8473.81
6700000962,60100149,2009-02-12,30.4,1,8571.37
6700000963,4410925,2009-02-16,125.0,1,22698.52
6700000964,60100389,2009-02-16,85.0,1,11921.49
6700000965,60100555,2009-02-18,47.0,1,16016.11
6700000966,60099295,2009-02-25,109.0,1,5312.33
6700000967,60096771,2009-03-05,110.0,1,8569.8
6700000968,60100394,2009-03-05,78.0,1,9888.23
6700000969,60108143,2009-03-08,99.5,1,12919.29
6700000970,60121553,2009-03-08,150.0,1,9521.99
6700000971,60095453,2009-03-09,95.6,3,31710.93
6700000972,60098112,2009-03-09,38.75,3,7740.46
6700000973,60106254,2009-03-15,98.24,1,10467.99
6700000974,80888691,2009-03-17,109.35,1,13714.81
6700000975,60118746,2009-03-18,59.2,1,10953.51
6700000976,60106056,2009-03-19,92.5,1,13896.97
6700000977,60119681,2009-03-19,34.1,1,10555.17
6700000978,60099464,2009-03-22,140.0,1,8773.84
6700000979,60119251,2009-03-22,77.6,1,6626.13
6700000980,60108378,2009-03-23,109.26,1,8104.94
6700000981,80826369,2009-03-23,114.0,1,16538.2
6700000982,60100832,2009-03-25,63.2,1,2440.76
6700000983,60100615,2009-03-26,97.0,1,8245.85
6700000984,60101188,2009-03-27,64.3,1,22657.31
6700000985,60094936,2009-03-29,50.6,3,10161.81
6700000986,60104531,2009-03-29,25.6,1,10265.9
6700000987,60096857,2009-03-31,52.0,1,10437.57
6700000988,60102875,2009-04-02,78.68,1,17213.91
6700000989,80442173,2009-04-02,66.51,1,15060.66
6700000990,60097335,2009-04-06,150.0,1,6207.62
6700000991,60100950,2009-04-06,63.2,1,6696.95
6700000992,60107019,2009-04-06,103.1,1,12862.99
6700000993,80893446,2009-04-07,66.13,1,10667.05
6700000994,60120644,2009-04-16,40.7,1,5546.24
6700000995,60117600,2009-04-24,58.7,1,8652.41
6700000996,60099834,2009-04-27,56.68,1,6471.67
6700000997,81000035,2009-04-28,107.35,1,12616.59
6700000998,60103141,2009-04-30,102.87,1,9600.24
6700000999,60118124,2009-05-01,211.5,1,10524.32
6700001000,60109167,2009-05-05,42.7,3,22154.68
6700001001,60106837,2009-05-06,60.0,1,14306.0
6700001002,60121279,2009-05-07,40.9,1,8163.42
6700001003,81000000,2009-05-07,108.15,1,12091.65
6700001004,60095055,2009-05-10,60.68,1,15590.06
6700001005,80910420,2009-05-10,120.0,1,2848.89
6700001006,60097299,2009-05-12,61.7,1,6764.26
6700001007,60102313,2009-05-17,61.9,1,8765.13
6700001008,60096125,2009-05-20,106.0,1,10237.01
6700001009,60116877,2009-05-20,34.5,1,14516.7
6700001010,60101552,2009-05-21,92.4,1,6022.44
6700001011,60098919,2009-05-25,79.97,1,3479.26
6700001012,60100972,2009-05-25,63.2,1,6647.74
6700001013,60117662,2009-05-27,43.9,1,9190.05
6700001014,60110321,2009-05-28,101.3,1,13101.57
6700001015,60104406,2009-05-31,26.3,1,13224.18
6700001016,60106332,2009-06-03,50.04,1,15752.04
6700001017,60101559,2009-06-04,92.4,1,4927.19
6700001018,80440598,2009-06-05,96.4,1,9868.41
6700001019,60117664,2009-06-08,43.9,1,8048.87
6700001020,4521556,2009-06-09,270.0,1,14596.89
6700001021,60105863,2009-06-10,84.25,1,8710.64
6700001022,80826384,2009-06-11,111.0,1,13712.64
6700001023,60118590,2009-06-14,28.5,1,23747.1
6700001024,4589544,2009-06-15,199.0,1,16390.2
6700001025,60107892,2009-06-15,95.46,1,7403.0
6700001026,60106663,2009-06-16,116.5,1,16214.93
6700001027,60122057,2009-06-19,56.1,1,6613.42
6700001028,60102945,2009-06-21,90.0,1,15100.23
6700001029,80405285,2009-06-23,86.43,1,12264.68
6700001030,60117658,2009-06-24,43.9,1,9410.99
6700001031,60099482,2009-06-25,25.5,1,8420.6
6700001032,60101082,2009-06-28,81.5,1,10672.07
6700001033,60106731,2009-06-29,98.64,1,13226.48
6700001034,60118770,2009-07-01,59.2,1,6293.71
6700001035,4411316,2009-07-02,86.0,1,5724.98
6700001036,60100658,2009-07-05,49.0,1,6408.94
6700001037,60095017,2009-07-06,104.95,1,11411.18
6700001038,60108264,2009-07-07,109.32,1,11441.91
6700001039,60095622,2009-07-08,100.13,1,12757.85
6700001040,60100655,2009-07-08,100.0,1,6387.22
6700001041,60106043,2009-07-08,114.9,1,10098.73
6700001042,60117394,2009-07-08,120.0,1,13750.26
6700001043,4508707,2009-07-13,318.0,1,8218.35
6700001044,60102354,2009-07-13,61.4,1,11269.52
6700001045,60121085,2009-07-13,49.7,1,8567.7
6700001046,60106092,2009-07-14,161.26,1,11255.33
6700001047,60095004,2009-07-16,67.03,1,11117.04
6700001048,60104007,2009-07-16,60.4,1,7049.91
6700001049,60121056,2009-07-16,40.9,1,9630.28
6700001050,4407749,2009-07-17,83.0,1,12825.74
6700001051,60095556,2009-07-19,74.7,1,11405.22
6700001052,60117193,2009-07-20,82.1,1,12836.67
6700001053,60106114,2009-07-21,75.15,1,9561.7
6700001054,4589287,2009-07-27,450.0,4,7836.17
6700001055,60117933,2009-08-02,45.1,1,11657.08
6700001056,60106927,2009-08-05,69.0,1,14286.26
6700001057,60119981,2009-08-05,69.9,1,27790.96
6700001058,60117638,2009-08-09,49.8,1,9501.22
6700001059,60117670,2009-08-09,43.9,1,10778.15
6700001060,80405325,2009-08-09,130.22,1,13661.14
6700001061,81045127,2009-08-13,175.06,1,16517.42
6700001062,4406786,2009-08-16,60.0,1,15333.92
6700001063,81279069,2009-08-22,121.95,1,15519.83
6700001064,60106168,2009-08-23,86.35,1,9153.93
6700001065,4409051,2009-08-24,150.0,1,21029.37
6700001066,60101062,2009-08-26,91.6,1,9900.56
6700001067,60106170,2009-08-30,86.35,1,6088.41
6700001068,60096914,2009-08-31,63.36,1,12446.36
6700001069,60096420,2009-09-01,50.6,1,11752.71
6700001070,60120079,2009-09-01,37.5,1,7584.42
6700001071,60119266,2009-09-02,77.6,1,4997.93
6700001072,60095538,2009-09-07,87.26,1,7111.43
6700001073,60106941,2009-09-08,70.0,1,13666.73
6700001074,60118091,2009-09-08,271.6,1,8701.16
6700001075,60096761,2009-09-09,106.56,1,11646.83
6700001076,60117003,2009-09-10,45.1,1,30327.74
6700001077,60122132,2009-09-13,48.5,1,18658.95
6700001078,4408090,2009-09-23,252.0,1,6053.58
6700001079,60102283,2009-09-29,85.2,1,7890.32
6700001080,60122127,2009-09-29,48.5,1,9062.92
6700001081,4511450,2009-09-30,127.0,1,6718.48
6700001082,60119187,2009-10-01,78.3,1,6459.49
6700001083,60099829,2009-10-05,56.68,1,8031.06
6700001084,60101247,2009-10-07,99.0,1,7407.86
6700001085,60104990,2009-10-15,63.8,1,6936.61
6700001086,60108200,2009-10-18,81.5,1,12256.59
6700001087,60106634,2009-10-19,116.6,1,11711.84
6700001088,81228462,2009-10-22,100.7,1,10045.25
6700001089,60100730,2009-10-25,108.0,1,11824.91
6700001090,60117706,2009-10-25,41.0,1,15940.65
6700001091,60119402,2009-10-25,73.2,1,7600.49
6700001092,80405321,2009-10-25,87.35,1,14026.88
6700001093,60118837,2009-10-26,78.0,1,5835.9
6700001094,60119178,2009-10-27,59.2,1,12174.56
6700001095,60095122,2009-10-28,105.27,1,13212.6
6700001096,60101644,2009-10-28,118.8,1,11920.7
6700001097,80888689,2009-10-28,105.61,1,12691.15
6700001098,60095520,2009-10-29,122.28,1,10961.01
6700001099,60096774,2009-10-29,43.1,1,16722.36
6700001100,60100195,2009-10-31,89.48,1,12717.94
6700001101,60118389,2009-11-01,69.1,1,9593.15
6700001102,81011257,2009-11-01,82.0,1,6619.72
6700001103,60101575,2009-11-02,61.4,1,8433.26
6700001104,60110304,2009-11-02,89.9,1,13912.46
6700001105,60117757,2009-11-03,54.0,1,9727.9
6700001106,60120770,2009-11-03,46.6,1,7246.72
6700001107,60119393,2009-11-04,73.2,1,8543.24
6700001108,60100700,2009-11-08,108.0,1,13202.15
6700001109,60117936,2009-11-08,45.1,1,12479.57
6700001110,60098921,2009-11-09,66.94,1,5530.57
6700001111,60097408,2009-11-10,74.57,1,11222.56
6700001112,60100914,2009-11-10,63.2,1,6530.71
6700001113,80405314,2009-11-10,86.91,1,11225.05
6700001114,60096895,2009-11-11,121.36,1,7832.52
6700001115,60110849,2009-11-11,68.56,1,10945.71
6700001116,81291431,2009-11-11,81.1,1,8636.36
6700001117,60119388,2009-11-12,61.3,1,13874.33
6700001118,80999956,2009-11-13,122.4,1,15327.57
6700001119,60100618,2009-11-15,110.0,1,7163.27
6700001120,60105959,2009-11-15,119.4,1,10475.13
6700001121,60097332,2009-11-17,120.0,1,5211.38
6700001122,60106918,2009-11-17,78.0,1,12667.65
6700001123,60108151,2009-11-17,104.2,1,13203.48
6700001124,60103051,2009-11-19,66.0,1,10612.26
6700001125,60104470,2009-11-19,48.8,1,11892.19
6700001126,60096168,2009-11-22,76.85,1,10415.97
6700001127,80405283,2009-11-23,81.35,1,7533.59
6700001128,60108244,2009-11-24,114.34,1,7657.08
6700001129,60095567,2009-11-26,77.2,1,6480.47
6700001130,60106040,2009-11-26,92.5,1,12980.55
6700001131,60106631,2009-11-29,101.4,1,12704.65
6700001132,60096465,2009-11-30,72.26,1,12808.47
6700001133,60101786,2009-12-01,80.74,1,12372.11
6700001134,60096421,2009-12-02,89.43,1,4116.67
6700001135,60096773,2009-12-02,157.0,1,9848.7
6700001136,60100442,2009-12-03,94.8,1,11520.99
6700001137,60118163,2009-12-03,143.92,1,12790.23
6700001138,60107973,2009-12-06,89.35,1,7691.33
6700001139,60099365,2009-12-09,48.6,1,12625.31
6700001140,60106058,2009-12-09,114.9,1,12175.67
6700001141,60117702,2009-12-09,41.0,1,9577.99
6700001142,81279057,2009-12-11,107.37,1,10355.08
6700001143,60106791,2009-12-15,68.0,1,15267.56
6700001144,60100392,2009-12-16,74.0,1,10115.94
6700001145,4589661,2009-12-22,682.0,3,5923.57
6700001146,60102545,2009-12-22,76.67,1,10563.96
6700001147,60108123,2009-12-23,82.9,1,11842.51
6700001148,60106842,2009-12-27,76.0,1,12917.68
6700001149,80826382,2009-12-27,114.0,1,14962.98
6700001150,60099875,2009-12-28,66.0,1,7437.45
6700001151,60106796,2009-12-29,105.0,1,16011.77
6700001152,60108379,2009-12-30,108.86,1,7891.11
6700001153,60106422,2009-12-31,58.66,1,8786.49
6700001154,60110389,2010-01-01,137.5,1,11559.19
6700001155,60106233,2010-01-04,83.9,1,12436.42
6700001156,60108195,2010-01-04,92.1,1,9221.41
6700001157,60105558,2010-01-05,75.0,1,27500.88
6700001158,60117774,2010-01-05,53.1,1,18279.08
6700001159,60106278,2010-01-06,80.05,1,16672.1
6700001160,60119723,2010-01-07,37.0,1,17051.42
6700001161,60118277,2010-01-09,61.5,1,17360.67
6700001162,60097328,2010-01-13,78.8,1,10777.81
6700001163,81089659,2010-01-13,128.0,1,8909.98
6700001164,4511449,2010-01-14,120.0,1,10919.47
6700001165,60118703,2010-01-14,71.4,1,9345.95
6700001166,60117755,2010-01-15,54.0,1,7054.96
6700001167,4406859,2010-01-17,260.0,1,5991.71
6700001168,60116930,2010-01-17,33.2,1,36544.4
6700001169,60122328,2010-01-18,67.75,1,11103.02
6700001170,60105014,2010-01-20,63.8,1,7606.73
6700001171,60111169,2010-01-20,56.8,1,7689.76
6700001172,4406785,2010-01-21,64.0,1,13270.18
6700001173,60096090,2010-01-22,74.4,1,15002.85
6700001174,60108250,2010-01-24,107.62,3,4058.53
6700001175,60106866,2010-01-27,105.0,1,11439.44
6700001176,60120765,2010-01-27,46.6,1,10154.01
6700001177,60101732,2010-01-28,76.1,1,11160.21
6700001178,60102921,2010-01-28,98.94,1,8829.16
6700001179,60105964,2010-01-31,151.6,1,12004.69
6700001180,60108376,2010-02-04,108.86,1,7695.8
6700001181,60121548,2010-02-04,75.0,1,11010.62
6700001182,60120572,2010-02-05,40.7,1,11174.11
6700001183,60121180,2010-02-07,95.0,1,7558.78
6700001184,60099674,2010-02-08,45.8,1,14110.82
6700001185,60101176,2010-02-08,66.73,1,12913.24
6700001186,4405951,2010-02-09,120.0,1,12446.79
6700001187,4522269,2010-02-09,170.0,1,8096.04
6700001188,60108340,2010-02-09,125.0,1,8042.54
6700001189,60120740,2010-02-09,46.6,1,6163.81
6700001190,60122124,2010-02-10,48.5,1,8636.75
6700001191,4663677,2010-02-11,90.0,1,14361.68
6700001192,60119436,2010-02-12,105.5,1,6352.72
6700001193,60120955,2010-02-14,142.0,1,5899.75
6700001194,60095569,2010-02-15,91.7,1,6264.64
6700001195,60101809,2010-02-15,104.7,1,6172.64
6700001196,60120025,2010-02-16,27.0,1,28368.74
6700001197,81011082,2010-02-21,121.0,1,8776.84
6700001198,60104548,2010-02-22,25.6,1,9752.01
6700001199,60105030,2010-02-22,63.8,1,5477.55
6700001200,60095512,2010-02-24,68.62,1,15348.14
6700001201,60096439,2010-02-24,104.12,1,8276.03
6700001202,60100454,2010-02-25,109.08,1,8777.46
6700001203,60108251,2010-02-28,105.28,1,10117.38
6700001204,60106070,2010-03-01,80.0,1,9850.06
6700001205,60108361,2010-03-01,120.2,1,8880.1
6700001206,80405319,2010-03-01,86.98,1,10706.81
6700001207,81279058,2010-03-01,104.54,1,10050.44
6700001208,60096850,2010-03-03,52.0,1,15613.15
6700001209,60117800,2010-03-04,54.0,1,16803.69
6700001210,60095050,2010-03-07,73.0,1,9649.71
6700001211,60107849,2010-03-08,124.7,1,7851.13
6700001212,60121033,2010-03-10,40.9,1,16931.27
6700001213,60103057,2010-03-11,66.0,1,8502.35
6700001214,60106932,2010-03-12,78.0,1,14847.8
6700001215,60104694,2010-03-16,32.3,1,20700.0
6700001216,60101690,2010-03-17,99.5,1,6959.69
6700001217,60118761,2010-03-17,62.8,1,10266.42
6700001218,60107133,2010-03-18,82.0,1,13104.29
6700001219,60117663,2010-03-18,43.9,1,13054.54
6700001220,80826372,2010-03-18,111.0,1,14198.28
6700001221,80888667,2010-03-18,95.38,1,12017.08
6700001222,60117876,2010-03-21,91.7,1,22134.23
6700001223,60118086,2010-03-21,235.2,1,10660.24
6700001224,4521836,2010-03-22,234.0,1,8163.74
6700001225,60118565,2010-03-26,28.5,1,31838.58
6700001226,60119039,2010-03-28,73.2,1,6687.41
6700001227,60095471,2010-03-29,101.42,1,11301.41
6700001228,60106868,2010-03-29,86.3,1,11897.96
6700001229,81000011,2010-04-01,53.38,1,15000.43
6700001230,4521276,2010-04-06,75.0,1,3202.89
6700001231,60118841,2010-04-07,76.6,1,9377.22
6700001232,60122332,2010-04-07,61.0,1,11003.18
6700001233,60107886,2010-04-11,105.75,1,10021.56
6700001234,60118757,2010-04-12,61.3,1,9105.23
6700001235,60094967,2010-04-13,95.29,1,11368.78
6700001236,60097221,2010-04-14,91.8,1,8594.2
6700001237,80405305,2010-04-14,83.77,1,12510.5
6700001238,80999998,2010-04-14,87.35,1,11458.54
6700001239,60107960,2010-04-15,77.5,1,15193.98
6700001240,60118348,2010-04-15,114.9,1,16602.3
6700001241,4408726,2010-04-16,100.0,1,7653.97
6700001242,4298688,2010-04-18,59.0,1,3991.64
6700001243,60097263,2010-04-18,79.3,1,11730.79
6700001244,60110856,2010-04-19,84.51,1,9196.21
6700001245,60118359,2010-04-19,35.6,3,11548.56
6700001246,60103539,2010-04-22,102.91,1,13273.14
6700001247,60106175,2010-04-22,71.0,1,9950.99
6700001248,60101064,2010-04-23,92.23,1,9064.82
6700001249,60120868,2010-04-23,30.0,1,16092.96
6700001250,60122086,2010-04-23,90.0,1,6123.17
6700001251,60101889,2010-04-25,101.17,1,9311.32
6700001252,60105051,2010-04-25,63.8,1,7382.65
6700001253,60120869,2010-04-25,42.0,1,11494.97
6700001254,60120947,2010-04-28,90.0,1,14549.08
6700001255,60101137,2010-05-02,60.86,1,14427.0
6700001256,60120624,2010-05-03,40.9,1,10451.36
6700001257,60103534,2010-05-06,112.36,1,14394.96
6700001258,60122175,2010-05-06,61.9,1,11944.93
6700001259,60102524,2010-05-07,107.52,1,7285.09
6700001260,81279062,2010-05-10,99.37,1,11858.76
6700001261,60121129,2010-05-11,40.9,1,17795.55
6700001262,60101239,2010-05-12,92.0,1,6906.68
6700001263,80888664,2010-05-12,110.95,1,10829.3
6700001264,4408418,2010-05-16,86.0,1,6448.18
6700001265,60120137,2010-05-17,27.8,1,26596.8
6700001266,60106366,2010-05-20,63.95,1,7948.89
6700001267,60121703,2010-05-20,74.6,1,10840.6
6700001268,80405728,2010-05-21,124.4,1,17088.02
6700001269,60118928,2010-05-24,73.2,1,4734.83
6700001270,60119492,2010-05-24,158.0,1,13161.63
6700001271,4406758,2010-05-25,150.0,1,10012.59
6700001272,60095005,2010-05-25,105.8,1,9936.88
6700001273,60099596,2010-05-25,25.4,1,13645.26
6700001274,60101834,2010-05-25,103.0,1,9534.02
6700001275,60106888,2010-05-25,107.81,1,9858.78
6700001276,60109013,2010-05-26,216.3,1,12391.55
6700001277,60101584,2010-05-27,89.0,1,7269.29
6700001278,60104037,2010-05-27,60.86,1,10060.93
6700001279,81000034,2010-05-28,101.65,1,11933.73
6700001280,4411314,2010-05-30,323.0,4,4399.43
6700001281,60100469,2010-05-30,66.43,1,11478.2
6700001282,80888670,2010-05-31,114.96,1,10049.57
6700001283,60106812,2010-06-01,81.0,1,13934.73
6700001284,80826371,2010-06-03,111.0,1,14111.51
6700001285,60106211,2010-06-06,101.0,1,12087.65
6700001286,60100795,2010-06-07,63.2,1,10205.36
6700001287,60110784,2010-06-07,73.96,1,12458.06
6700001288,60122186,2010-06-07,45.1,1,10215.06
6700001289,80405320,2010-06-09,86.29,1,10677.93
6700001290,60119454,2010-06-13,73.2,1,7237.76
6700001291,60118799,2010-06-14,59.2,1,10311.26
6700001292,60122771,2010-06-14,156.4,1,11046.18
6700001293,60108029,2010-06-16,41.27,1,16465.5
6700001294,60117758,2010-06-17,54.0,1,12242.65
6700001295,60121226,2010-06-17,40.9,1,10700.84
6700001296,60119108,2010-06-21,61.7,1,12320.16
6700001297,4407632,2010-06-22,125.0,1,15479.49
6700001298,4411042,2010-06-22,220.0,1,13925.68
6700001299,60105259,2010-06-23,69.8,1,6996.29
6700001300,4407081,2010-06-24,170.0,1,10839.98
6700001301,60104459,2010-06-25,30.4,1,18564.36
6700001302,60099328,2010-06-27,170.0,1,6639.49
6700001303,60107017,2010-06-27,80.04,1,12950.69
6700001304,60099617,2010-06-29,30.2,1,19068.68
6700001305,60107109,2010-06-30,94.0,1,15193.27
6700001306,80405295,2010-07-01,62.4,1,15304.4
6700001307,60122141,2010-07-06,45.1,1,20166.7
6700001308,60118103,2010-07-07,241.4,1,8948.24
6700001309,4589666,2010-07-10,138.0,1,12192.82
6700001310,60099427,2010-07-11,39.1,1,25878.24
6700001311,60099429,2010-07-11,30.2,1,7529.13
6700001312,60107999,2010-07-11,71.0,1,12489.87
6700001313,80406849,2010-07-11,110.94,1,15166.84
6700001314,80406852,2010-07-11,109.01,1,15643.95
6700001315,60107119,2010-07-14,148.0,1,11061.71
6700001316,60119623,2010-07-14,62.4,1,15668.79
6700001317,60096785,2010-07-15,87.6,1,11940.02
6700001318,60095547,2010-07-18,87.26,1,11204.82
6700001319,4506845,2010-07-19,130.0,1,10844.26
6700001320,60105992,2010-07-21,97.38,1,10507.38
6700001321,60096105,2010-07-22,82.87,1,13170.29
6700001322,60101090,2010-07-22,89.77,1,7244.13
6700001323,60100158,2010-07-23,69.2,1,12157.58
6700001324,60096144,2010-07-26,120.08,1,15337.9
6700001325,60096169,2010-07-26,76.85,1,11775.81
6700001326,60106946,2010-07-29,82.0,1,13587.32
6700001327,80826386,2010-07-29,114.0,1,15318.2
6700001328,60119485,2010-08-01,85.7,1,14841.74
6700001329,60121017,2010-08-01,40.9,1,14265.11
6700001330,60107949,2010-08-02,58.81,3,13297.63
6700001331,81258547,2010-08-02,114.0,1,8661.1
6700001332,60121596,2010-08-03,68.0,1,9240.05
6700001333,60121693,2010-08-03,76.0,1,10334.27
6700001334,60107815,2010-08-04,93.0,1,14236.21
6700001335,60117692,2010-08-04,41.0,1,14558.71
6700001336,60120142,2010-08-09,32.0,1,25946.39
6700001337,60121998,2010-08-12,79.6,1,13813.64
6700001338,80400745,2010-08-17,164.0,1,16419.6
6700001339,60096160,2010-08-18,107.55,1,14605.38
6700001340,60103521,2010-08-18,100.0,1,4488.02
6700001341,60106860,2010-08-19,86.3,1,11701.11
6700001342,60096156,2010-08-25,102.52,1,15321.97
6700001343,60100792,2010-08-26,63.2,1,7101.3
6700001344,4406323,2010-08-29,70.0,1,48085.97
6700001345,60106318,2010-08-29,91.54,1,7967.05
6700001346,60106855,2010-08-30,87.0,1,11477.99
6700001347,60117732,2010-08-30,41.0,1,8483.46
6700001348,60102915,2010-08-31,98.94,1,12020.68
6700001349,60117781,2010-08-31,53.1,1,10565.03
6700001350,60099526,2010-09-01,25.4,1,13647.8
6700001351,60105219,2010-09-01,82.0,1,7636.76
6700001352,60104828,2010-09-03,26.3,1,15461.81
6700001353,4410807,2010-09-05,100.0,1,15208.06
6700001354,60107040,2010-09-05,106.1,1,12647.38
6700001355,60094992,2010-09-06,83.91,1,10661.32
6700001356,60119865,2010-09-06,27.8,1,32581.8
6700001357,60099272,2010-09-14,30.7,1,15266.85
6700001358,60099273,2010-09-14,70.0,1,4820.57
6700001359,80405317,2010-09-16,86.67,1,11870.09
6700001360,60096901,2010-09-21,109.92,1,10987.07
6700001361,60101927,2010-09-21,89.2,1,7271.06
6700001362,60106184,2010-09-22,106.5,1,7664.93
6700001363,60106111,2010-10-05,55.81,1,7526.85
6700001364,4589266,2010-10-06,158.0,1,20989.69
6700001365,60120682,2010-10-06,40.7,1,14449.71
6700001366,60120902,2010-10-07,65.0,1,13605.63
6700001367,60099873,2010-10-10,66.4,1,9989.07
6700001368,60100828,2010-10-10,63.2,1,10145.02
6700001369,60103701,2010-10-11,105.0,1,7790.84
6700001370,60119076,2010-10-11,116.3,1,9029.96
6700001371,80405731,2010-10-11,104.48,1,15870.84
6700001372,60100894,2010-10-14,63.2,1,2098.97
6700001373,80400779,2010-10-14,42.0,1,15792.25
6700001374,60097353,2010-10-19,61.91,1,9999.29
6700001375,60097361,2010-10-19,61.91,1,8927.94
6700001376,4589267,2010-10-27,170.0,1,19508.07
6700001377,60106838,2010-10-28,76.0,1,14545.49
6700001378,60101139,2010-11-01,58.06,1,18006.1
6700001379,60100789,2010-11-02,63.2,1,6478.82
6700001380,60099260,2010-11-03,29.2,1,14917.72
6700001381,60106994,2010-11-07,65.0,1,17591.44
6700001382,60101912,2010-11-09,93.71,1,11853.31
6700001383,60119244,2010-11-11,87.0,1,10764.77
6700001384,80406848,2010-11-11,108.58,1,14442.36
6700001385,4406845,2010-11-15,90.0,1,10647.94
6700001386,60099252,2010-11-15,30.7,1,17736.06
6700001387,60119834,2010-11-15,27.8,1,60325.56
6700001388,81000018,2010-11-15,101.65,1,13070.07
6700001389,4589265,2010-11-16,200.0,1,12523.43
6700001390,60108271,2010-11-16,109.08,1,8485.93
6700001391,60102317,2010-11-18,61.9,1,11083.46
6700001392,60106787,2010-11-18,68.0,1,14701.42
6700001393,60100624,2010-11-21,48.0,1,17696.15
6700001394,60101189,2010-11-21,127.45,1,15380.06
6700001395,80826383,2010-11-21,111.0,1,13735.06
6700001396,4509849,2010-11-22,130.0,1,7522.43
6700001397,4521375,2010-11-22,160.0,1,13804.36
6700001398,60116742,2010-11-24,287.0,1,7209.37
6700001399,60118695,2010-11-24,71.4,1,10981.45
6700001400,60096459,2010-11-25,88.34,1,12499.88
6700001401,60098130,2010-11-28,148.81,3,8781.62
6700001402,4406875,2010-11-30,140.0,1,4931.59
6700001403,60104080,2010-11-30,60.86,1,8946.71
6700001404,4589511,2010-12-01,72.0,1,7171.39
6700001405,60100696,2010-12-02,84.0,1,12806.06
6700001406,60102520,2010-12-03,106.13,1,7399.11
6700001407,60106655,2010-12-12,98.58,1,13530.93
6700001408,4293930,2010-12-13,179.0,3,18028.64
6700001409,60119294,2010-12-13,77.6,1,10258.05
6700001410,60121116,2010-12-13,40.9,1,11993.23
6700001411,4510881,2010-12-16,270.0,1,11952.32
6700001412,60106102,2010-12-19,61.5,1,24487.68
6700001413,4411132,2010-12-22,175.0,3,6884.54
6700001414,4406759,2010-12-26,200.0,1,15974.27
6700001415,60096152,2010-12-26,101.65,1,15238.76
6700001416,60100952,2010-12-28,63.2,1,8510.35
6700001417,60099509,2010-12-29,59.5,1,11281.38
6700001418,60119287,2010-12-29,107.3,1,9122.97
6700001419,80400797,2010-12-29,116.38,1,16267.81
6700001420,60099684,2010-12-30,29.3,1,11014.08
6700001421,60117941,2010-12-31,45.1,1,20035.37
6700001422,60121712,2010-12-31,30.0,1,10757.09
6700001423,60106365,2011-01-02,63.95,1,13631.88
6700001424,80888692,2011-01-05,176.05,1,10265.86
6700001425,60096162,2011-01-06,107.55,1,14431.95
6700001426,60120708,2011-01-09,40.9,1,12216.79
6700001427,60119641,2011-01-10,27.8,1,26769.22
6700001428,4406619,2011-01-11,4700.0,3,1617.3
6700001429,60102360,2011-01-12,61.4,1,8657.33
6700001430,60111173,2011-01-12,56.8,1,12240.86
6700001431,80400808,2011-01-12,126.35,1,14135.68
6700001432,4410609,2011-01-13,300.0,1,6803.97
6700001433,60099843,2011-01-13,73.97,1,7761.05
6700001434,60117270,2011-01-16,67.9,1,14091.44
6700001435,80405735,2011-01-19,110.69,1,16173.95
6700001436,60096164,2011-01-23,202.43,1,11028.77
6700001437,60102331,2011-01-24,63.6,1,9695.12
6700001438,60120145,2011-01-24,27.8,1,30593.4
6700001439,60107020,2011-01-25,80.04,1,14185.57
6700001440,60100541,2011-01-28,47.0,1,13571.75
6700001441,60101585,2011-02-02,109.9,1,6323.98
6700001442,60104476,2011-02-06,25.6,1,20978.5
6700001443,60097230,2011-02-07,101.0,1,10843.17
6700001444,60108108,2011-02-08,81.7,1,11600.18
6700001445,80400794,2011-02-10,124.18,1,14924.68
6700001446,60106905,2011-02-14,115.42,1,12955.42
6700001447,60107057,2011-02-15,94.0,1,12994.94
6700001448,60110550,2011-02-15,43.0,3,21550.55
6700001449,60095597,2011-02-17,88.9,1,13266.62
6700001450,60101143,2011-02-17,57.86,1,15287.8
6700001451,60106335,2011-02-21,49.5,1,16167.86
6700001452,60106444,2011-02-22,59.91,1,11600.82
6700001453,60106392,2011-02-23,64.49,1,14695.84
6700001454,60104639,2011-02-24,25.6,1,20978.5
6700001455,60097393,2011-03-02,69.68,1,11342.07
6700001456,81011097,2011-03-02,115.62,1,9083.96
6700001457,60110919,2011-03-06,96.5,1,10776.05
6700001458,60121508,2011-03-14,57.0,1,12040.82
6700001459,60101942,2011-03-15,101.31,1,7493.03
6700001460,80341672,2011-03-15,155.45,1,10703.26
6700001461,81291436,2011-03-17,106.2,1,9400.13
6700001462,4663685,2011-03-22,163.0,1,12759.37
6700001463,60100205,2011-03-22,87.1,1,10745.12
6700001464,60105218,2011-03-23,82.0,1,8369.84
6700001465,60110367,2011-03-23,108.85,1,14139.05
6700001466,60117589,2011-03-27,58.7,1,14420.27
6700001467,4408419,2011-03-28,68.0,1,10093.04
6700001468,60100772,2011-03-29,63.2,1,8885.13
6700001469,60097226,2011-03-31,91.8,1,9685.24
6700001470,60106848,2011-03-31,105.0,1,14063.26
6700001471,60101649,2011-04-05,77.3,1,11100.24
6700001472,60108239,2011-04-05,114.34,1,10849.67
6700001473,60118115,2011-04-05,230.0,1,8540.03
6700001474,60106105,2011-04-06,55.81,1,11855.0
6700001475,60110552,2011-04-06,133.0,3,6995.59
6700001476,80826406,2011-04-07,22.5,3,11486.59
6700001477,60100708,2011-04-10,114.0,1,13602.54
6700001478,4521907,2011-04-13,190.0,1,11970.24
6700001479,60096383,2011-04-14,97.5,1,9118.59
6700001480,60105298,2011-04-15,63.8,1,10046.27
6700001481,60106063,2011-04-15,138.63,1,14988.99
6700001482,80405738,2011-04-18,109.28,1,19298.48
6700001483,60100942,2011-04-26,63.2,1,7851.59
6700001484,60108106,2011-04-28,81.5,1,12177.19
6700001485,81000028,2011-04-29,82.0,1,11346.51
6700001486,60107004,2011-05-01,65.0,1,15975.41
6700001487,4407474,2011-05-03,300.0,1,10623.91
6700001488,60119640,2011-05-04,143.0,1,14379.31
6700001489,80400798,2011-05-04,116.65,1,15512.15
6700001490,60120884,2011-05-05,29.8,1,21390.43
6700001491,80405732,2011-05-11,113.88,1,14806.09
6700001492,60098117,2011-05-12,145.5,3,2614.47
6700001493,60106108,2011-05-12,55.81,1,12158.39
6700001494,60106620,2011-05-13,112.9,1,14752.48
6700001495,80405733,2011-05-15,102.53,1,14439.62
6700001496,60099479,2011-05-16,120.0,1,11652.03
6700001497,60108373,2011-05-16,109.26,1,10727.23
6700001498,60117118,2011-05-16,27.8,1,36982.76
6700001499,80400801,2011-05-22,116.65,1,15512.15
6700001500,60121161,2011-05-23,45.1,1,11854.16
6700001501,80826379,2011-05-23,111.0,1,14541.89
6700001502,60119522,2011-05-25,37.0,1,15838.62
6700001503,60103069,2011-05-26,83.0,1,7432.2
6700001504,60106023,2011-05-26,92.0,1,10057.7
6700001505,60107084,2011-05-26,77.0,1,14553.92
6700001506,60110394,2011-05-27,75.55,1,14288.9
6700001507,4408389,2011-05-30,108.0,1,8377.28
6700001508,60100716,2011-05-31,84.0,1,13953.07
6700001509,4521176,2011-06-01,125.0,1,20816.61
6700001510,60108014,2011-06-01,160.0,1,15625.21
6700001511,60119139,2011-06-02,78.3,1,10686.41
6700001512,60108036,2011-06-03,115.49,1,12016.4
6700001513,4407517,2011-06-05,80.0,1,14285.91
6700001514,80999978,2011-06-09,91.85,1,11887.33
6700001515,60105575,2011-06-13,133.34,1,14693.34
6700001516,4521550,2011-06-14,140.0,1,10933.09
6700001517,60101936,2011-06-14,101.31,1,9669.38
6700001518,80405294,2011-06-14,87.12,1,14758.17
6700001519,60101724,2011-06-15,76.1,1,12228.97
6700001520,81089811,2011-06-18,703.0,1,4017.82
6700001521,60103064,2011-06-22,83.0,1,12294.24
6700001522,60106898,2011-06-23,115.4,1,9947.79
6700001523,60119118,2011-06-27,91.8,1,9670.67
6700001524,60102983,2011-07-04,110.0,1,14903.88
6700001525,60119966,2011-07-04,49.4,1,28858.06
6700001526,60101820,2011-07-05,107.67,1,10970.57
6700001527,60107865,2011-07-05,107.3,1,9964.5
6700001528,60108253,2011-07-05,101.46,1,11039.87
6700001529,60096181,2011-07-06,76.85,1,10520.65
6700001530,60108105,2011-07-07,81.2,1,10910.11
6700001531,60121275,2011-07-07,40.9,1,8962.83
6700001532,60105941,2011-07-08,94.8,1,10311.67
6700001533,60110983,2011-07-12,48.5,1,19735.68
6700001534,4408392,2011-07-13,87.0,1,6952.38
6700001535,4589143,2011-07-13,4562.0,3,4419.53
6700001536,60118759,2011-07-13,61.3,1,13953.55
6700001537,60120006,2011-07-17,53.0,1,13448.94
6700001538,60105226,2011-07-18,82.0,1,11176.21
6700001539,60122338,2011-07-18,76.8,1,9016.0
6700001540,60096158,2011-07-19,101.43,1,15460.39
6700001541,4589050,2011-07-20,75.0,1,12219.33
6700001542,60099874,2011-07-20,116.3,1,4728.03
6700001543,4408290,2011-07-21,380.0,1,7503.1
6700001544,60100852,2011-07-21,63.2,1,7250.39
6700001545,60119149,2011-07-22,78.2,1,11068.23
6700001546,60106973,2011-07-24,82.0,1,21731.53
6700001547,60100876,2011-07-27,63.2,1,9892.76
6700001548,60106923,2011-07-27,69.0,1,16085.83
6700001549,60106052,2011-07-29,92.5,1,15191.59
6700001550,60119531,2011-08-02,40.0,1,18392.64
6700001551,4408292,2011-08-04,380.0,1,8604.74
6700001552,60100276,2011-08-10,65.0,1,16191.81
6700001553,60108113,2011-08-11,64.74,1,15783.34
6700001554,80341673,2011-08-14,155.45,1,10451.48
6700001555,60101725,2011-08-15,76.1,1,12621.61
6700001556,60106628,2011-08-18,118.0,1,13248.93
6700001557,4407067,2011-08-21,300.0,1,12261.76
6700001558,60110592,2011-08-21,72.27,1,8483.3
6700001559,60110593,2011-08-21,58.7,1,7659.25
6700001560,60106205,2011-08-29,46.85,1,15049.12
6700001561,60121107,2011-08-29,40.9,1,16988.58
6700001562,4407601,2011-08-31,120.0,1,10218.13
6700001563,60100865,2011-09-08,63.2,1,9790.86
6700001564,60104829,2011-09-08,143.0,1,8077.34
6700001565,80826392,2011-09-08,124.0,1,14471.52
6700001566,60119038,2011-09-13,73.2,1,5635.54
6700001567,60106995,2011-09-14,73.0,1,16952.94
6700001568,60117632,2011-09-14,49.8,1,11182.81
6700001569,4401733,2011-09-15,120.0,1,12891.3
6700001570,60119417,2011-09-19,78.3,1,10273.52
6700001571,4409424,2011-09-20,340.0,1,9700.32
6700001572,60105274,2011-09-20,63.8,1,10668.66
6700001573,60106107,2011-09-20,55.81,1,11826.45
6700001574,60108058,2011-09-20,30.8,1,8036.13
6700001575,4521568,2011-09-23,70.0,1,10902.35
6700001576,4521569,2011-10-03,84.0,1,8133.88
6700001577,80400789,2011-10-04,173.51,1,15035.2
6700001578,4406389,2011-10-05,47.0,1,12114.29
6700001579,60103546,2011-10-05,90.97,1,14452.35
6700001580,60103417,2011-10-06,128.5,1,14984.52
6700001581,60098104,2011-10-09,27.2,4,30447.68
6700001582,60121241,2011-10-11,45.1,1,16067.73
6700001583,60102881,2011-10-24,108.18,1,19138.86
6700001584,60119609,2011-10-27,45.1,1,22494.82
6700001585,60119610,2011-10-27,61.6,1,18486.09
6700001586,80360685,2011-10-28,110.0,1,1771.64
6700001587,60097396,2011-10-31,72.25,1,11290.71
6700001588,60104569,2011-11-01,35.0,1,18188.49
6700001589,60103070,2011-11-02,83.0,1,7719.65
6700001590,60107110,2011-11-02,72.0,1,13578.21
6700001591,80406854,2011-11-02,94.03,1,21981.0
6700001592,4401407,2011-11-04,100.0,1,21908.86
6700001593,60106298,2011-11-04,109.5,1,12457.87
6700001594,60096135,2011-11-06,97.0,1,8523.19
6700001595,60096138,2011-11-06,99.0,1,5845.7
6700001596,60108043,2011-11-06,139.42,1,5929.92
6700001597,60107070,2011-11-09,129.0,1,12497.37
6700001598,60103507,2011-11-10,72.45,1,16332.44
6700001599,80406853,2011-11-10,93.72,1,18745.65
6700001600,60120997,2011-11-11,80.0,1,7750.78
6700001601,60121270,2011-11-15,40.9,1,15918.46
6700001602,60106913,2011-11-16,75.0,1,11574.49
6700001603,60110277,2011-11-18,101.3,1,9895.69
6700001604,60099621,2011-11-20,120.0,1,9473.17
6700001605,60099885,2011-11-20,66.0,1,6576.42
6700001606,60100709,2011-11-25,95.0,3,10878.28
6700001607,4408728,2011-11-29,90.0,1,7234.06
6700001608,60101582,2011-12-04,89.0,1,9531.41
6700001609,60106626,2011-12-04,112.9,1,13378.03
6700001610,81228464,2011-12-06,103.28,1,17428.75
6700001611,60121258,2011-12-07,45.1,1,15139.12
6700001612,60096473,2011-12-12,89.69,1,14071.78
6700001613,60097381,2011-12-15,69.68,1,11877.23
6700001614,4521687,2011-12-16,120.0,1,12758.91
6700001615,60095572,2011-12-20,89.3,1,11584.62
6700001616,4406620,2011-12-25,130.0,1,10504.22
6700001617,4589098,2011-12-25,100.0,1,26897.17
6700001618,60096121,2011-12-25,111.5,1,12989.32
6700001619,60104530,2011-12-26,26.3,1,35401.37
6700001620,60104532,2011-12-26,25.6,1,24246.25
6700001621,60108297,2011-12-26,32.25,1,16680.42
6700001622,81000006,2011-12-28,78.5,1,12190.05
6700001623,60096146,2012-01-04,103.63,1,13163.53
6700001624,60100623,2012-01-04,48.0,1,12659.6
6700001625,60110554,2012-01-09,102.5,4,4307.38
6700001626,60118021,2012-01-10,94.02,1,24181.67
6700001627,80888672,2012-01-10,118.05,1,10680.16
6700001628,60097274,2012-01-11,61.8,1,16454.72
6700001629,60101205,2012-01-11,67.0,1,14807.45
6700001630,60096469,2012-01-12,98.57,1,13419.89
6700001631,60122108,2012-01-15,48.5,1,10653.99
6700001632,60100277,2012-01-16,65.0,1,14468.11
6700001633,60107794,2012-01-16,27.85,1,7421.45
6700001634,60107799,2012-01-16,95.7,1,13390.4
6700001635,81011086,2012-01-16,121.0,1,8455.39
6700001636,60117839,2012-01-17,56.0,1,14763.38
6700001637,60100692,2012-01-18,97.0,1,13210.94
6700001638,60104436,2012-01-18,29.2,1,17695.83
6700001639,80857657,2012-01-22,104.56,1,11959.24
6700001640,60117718,2012-01-26,41.0,1,14115.23
6700001641,60117597,2012-01-30,58.7,1,11267.45
6700001642,60110811,2012-01-31,110.9,1,10995.99
6700001643,60101787,2012-02-01,106.72,1,16923.01
6700001644,60101641,2012-02-02,57.7,1,12520.1
6700001645,60118726,2012-02-02,61.3,1,11347.1
6700001646,60096101,2012-02-03,82.87,1,11955.27
6700001647,60108131,2012-02-03,94.7,1,10461.81
6700001648,60104633,2012-02-05,25.6,1,32250.43
6700001649,81136342,2012-02-05,113.9,1,15946.83
6700001650,60102914,2012-02-06,98.94,1,11473.77
6700001651,60106025,2012-02-12,70.0,1,7371.53
6700001652,81279065,2012-02-13,99.27,1,14554.44
6700001653,60106162,2012-02-14,79.42,1,12344.66
6700001654,60117111,2012-02-14,94.7,1,15692.71
6700001655,4407022,2012-02-15,219.0,1,8953.54
6700001656,4406386,2012-02-20,53.0,4,7710.9
6700001657,60107951,2012-02-20,77.5,1,19974.46
6700001658,60099578,2012-02-26,25.5,1,19021.43
6700001659,81136339,2012-02-27,113.9,1,15946.83
6700001660,60106681,2012-03-01,100.0,1,19414.45
6700001661,4663693,2012-03-05,127.0,1,14160.56
6700001662,60103540,2012-03-05,94.57,1,15558.96
6700001663,60106831,2012-03-05,60.0,1,19073.85
6700001664,60104943,2012-03-09,25.6,1,38318.0
6700001665,60121621,2012-03-12,27.5,3,8917.64
6700001666,4409802,2012-03-13,97.0,1,22121.73
6700001667,60096175,2012-03-14,76.85,1,12498.43
6700001668,60101077,2012-03-16,83.4,1,11761.88
6700001669,4663683,2012-03-17,120.0,1,13624.18
6700001670,81136347,2012-03-20,113.9,1,15789.21
6700001671,4406578,2012-03-21,160.0,1,9068.59
6700001672,60097254,2012-03-21,94.1,1,9555.75
6700001673,60107870,2012-03-26,102.21,1,11796.69
6700001674,80440607,2012-03-28,107.85,1,9796.52
6700001675,60100307,2012-03-29,94.56,1,13680.37
6700001676,60102769,2012-04-03,76.0,1,7230.68
6700001677,60107876,2012-04-03,104.56,1,8467.45
6700001678,60096893,2012-04-04,121.6,1,11046.87
6700001679,60106619,2012-04-04,101.4,1,13849.69
6700001680,60108087,2012-04-12,93.65,1,16734.46
6700001681,60108116,2012-04-24,202.14,1,6329.23
6700001682,60099275,2012-04-29,29.2,1,19516.6
6700001683,4539242,2012-04-30,100.0,1,4782.96
6700001684,60100437,2012-04-30,89.8,1,12805.63
6700001685,60100818,2012-04-30,63.2,1,9822.26
6700001686,60106762,2012-05-08,78.5,1,16397.26
6700001687,60105064,2012-05-09,63.8,1,7980.74
6700001688,81136344,2012-05-14,122.25,1,15160.6
6700001689,60100377,2012-05-15,63.0,1,7112.23
6700001690,60118310,2012-05-15,78.7,1,24326.35
6700001691,80861430,2012-05-20,97.72,1,14589.43
6700001692,4663692,2012-05-23,121.0,1,13735.0
6700001693,60119192,2012-05-23,78.3,1,13265.76
6700001694,60122325,2012-05-28,75.0,1,8554.08
6700001695,81000002,2012-05-28,78.5,1,15489.18
6700001696,60097366,2012-05-29,61.91,1,9211.3
6700001697,4410993,2012-05-31,75.0,4,12220.11
6700001698,4410994,2012-05-31,315.0,1,1228.48
6700001699,60099377,2012-05-31,45.7,1,13369.92
6700001700,60101011,2012-06-04,63.2,1,8327.85
6700001701,60102449,2012-06-04,105.45,1,10174.33
6700001702,60108260,2012-06-04,106.35,1,9897.89
6700001703,60118438,2012-06-04,50.0,1,29554.9
6700001704,60102274,2012-06-07,61.4,1,9561.06
6700001705,80845941,2012-06-07,91.0,1,11345.02
6700001706,81136337,2012-06-10,113.9,1,16350.86
6700001707,81136340,2012-06-10,122.25,1,15068.47
6700001708,60099679,2012-06-12,58.7,1,15518.54
6700001709,60101319,2012-06-12,63.74,1,13275.19
6700001710,80826398,2012-06-12,120.0,1,14338.85
6700001711,60108216,2012-06-17,81.2,1,12464.95
6700001712,60103022,2012-06-18,63.58,1,10665.98
6700001713,4663682,2012-06-19,138.0,1,13495.39
6700001714,4521181,2012-06-20,90.0,1,15519.69
6700001715,60106370,2012-06-21,63.95,1,12978.36
6700001716,60117771,2012-06-22,53.1,1,15630.25
6700001717,60096471,2012-06-26,91.65,1,13252.42
6700001718,60099412,2012-06-26,30.2,1,18433.27
6700001719,60106822,2012-06-26,85.0,1,14289.23
6700001720,60108328,2012-06-26,65.6,1,6017.38
6700001721,80400810,2012-06-27,106.73,1,16690.63
6700001722,4521646,2012-06-28,365.0,1,1192.4
6700001723,60111038,2012-06-30,242.0,4,7946.66
6700001724,60119775,2012-07-02,32.0,1,26507.63
6700001725,80405322,2012-07-02,87.35,1,15417.72
6700001726,60118050,2012-07-04,202.5,1,9429.9
6700001727,4406395,2012-07-06,64.0,1,5339.21
6700001728,60095514,2012-07-07,185.0,1,10865.17
6700001729,60103090,2012-07-08,105.07,1,12147.96
6700001730,80888635,2012-07-08,92.11,1,15821.21
6700001731,60097301,2012-07-13,61.7,1,13519.83
6700001732,81136334,2012-07-13,126.7,1,15547.4
6700001733,60103061,2012-07-15,83.0,1,12108.78
6700001734,60103706,2012-07-16,146.25,1,10445.42
6700001735,60106490,2012-07-16,140.74,3,5641.41
6700001736,60106982,2012-07-18,82.0,1,14952.86
6700001737,60110544,2012-07-22,28.0,3,21536.32
6700001738,60100712,2012-07-25,45.0,3,13579.05
6700001739,4663695,2012-07-30,138.0,1,13546.04
6700001740,80400792,2012-07-30,126.45,1,17485.67
6700001741,60102339,2012-08-05,61.4,1,11702.96
6700001742,80861420,2012-08-05,90.06,1,15957.4
6700001743,60099808,2012-08-07,64.5,1,9190.91
6700001744,60102926,2012-08-08,98.94,1,8109.91
6700001745,60114814,2012-08-09,395.0,4,18696.76
6700001746,81136345,2012-08-09,122.25,1,14857.79
6700001747,81136336,2012-08-14,113.9,1,16122.26
6700001748,4406394,2012-08-16,60.0,1,7485.02
6700001749,60103533,2012-08-16,94.54,1,19529.35
6700001750,4589054,2012-08-18,198.0,1,16784.59
6700001751,60101875,2012-08-19,112.22,1,11383.38
6700001752,60106965,2012-08-19,70.0,1,14399.75
6700001753,60106823,2012-08-21,69.0,1,15042.36
6700001754,81136341,2012-08-21,122.25,1,14857.79
6700001755,60097358,2012-08-22,61.91,1,9027.32
6700001756,60095599,2012-08-23,89.4,1,12056.41
6700001757,60110280,2012-08-23,81.7,1,16735.17
6700001758,4409803,2012-08-28,105.0,1,20891.52
6700001759,80405729,2012-08-28,81.4,1,17164.66
6700001760,60103066,2012-08-30,105.5,1,11730.08
6700001761,60102829,2012-08-31,118.68,1,14968.36
6700001762,60117660,2012-09-02,43.9,1,13540.96
6700001763,4406807,2012-09-04,130.0,1,17833.44
6700001764,81045133,2012-09-04,145.1,1,19801.28
6700001765,60100816,2012-09-05,63.2,1,9405.82
6700001766,81136349,2012-09-06,122.25,1,14749.77
6700001767,60100778,2012-09-13,63.2,1,9876.12
6700001768,81136332,2012-09-19,126.7,1,16421.22
6700001769,60106213,2012-09-24,101.0,1,12556.0
6700001770,60120723,2012-09-24,46.6,1,13819.43
6700001771,4509784,2012-09-27,150.0,1,18493.94
6700001772,80440594,2012-09-27,96.4,1,11305.2
6700001773,60119779,2012-10-10,28.1,1,43960.07
6700001774,60108074,2012-10-11,93.65,1,14446.59
6700001775,4510882,2012-10-14,270.0,1,11256.21
6700001776,60096102,2012-10-14,82.87,1,15379.43
6700001777,60099589,2012-10-15,158.0,1,7445.92
6700001778,60106926,2012-10-15,78.0,1,15309.0
6700001779,60097220,2012-10-17,91.8,1,7262.07
6700001780,60106938,2012-10-22,78.0,1,15585.52
6700001781,60107116,2012-10-24,82.0,1,15662.16
6700001782,60096117,2012-10-25,117.0,1,16758.62
6700001783,81136329,2012-10-25,153.15,1,14723.29
6700001784,60096137,2012-10-31,73.0,1,17861.71
6700001785,60104366,2012-10-31,25.6,1,26041.33
6700001786,80405304,2012-10-31,63.15,1,16300.84
6700001787,80826401,2012-10-31,124.0,1,13756.94
6700001788,80405306,2012-11-01,83.52,1,16412.06
6700001789,60096391,2012-11-04,97.5,1,10921.4
6700001790,60106315,2012-11-04,82.1,1,10729.73
6700001791,60119866,2012-11-04,44.3,1,25348.06
6700001792,4411319,2012-11-05,110.0,1,7198.65
6700001793,4663689,2012-11-05,139.0,1,16714.25
6700001794,60104934,2012-11-06,44.0,1,12760.44
6700001795,60106817,2012-11-06,69.0,1,13187.7
6700001796,60110821,2012-11-08,84.0,1,13829.05
6700001797,60097362,2012-11-11,61.91,1,7073.98
6700001798,60106633,2012-11-11,97.0,1,15368.78
6700001799,60100935,2012-11-13,63.2,1,9190.19
6700001800,60101167,2012-11-14,65.46,1,14048.76
6700001801,60106277,2012-11-14,73.12,1,13900.92
6700001802,60101627,2012-11-15,77.3,1,8716.06
6700001803,60100992,2012-11-18,63.2,1,6525.04
6700001804,60103670,2012-11-18,102.08,1,11379.71
6700001805,60097379,2012-11-19,74.57,1,8983.23
6700001806,4407286,2012-11-21,40.0,1,12100.42
6700001807,60099870,2012-11-22,66.0,1,12027.08
6700001808,60120587,2012-11-22,35.5,1,14725.02
6700001809,60095009,2012-11-25,90.87,1,13167.05
6700001810,60117596,2012-11-26,58.7,1,12203.49
6700001811,60106963,2012-11-27,80.0,1,15246.53
6700001812,60096762,2012-11-28,200.75,1,7715.34
6700001813,60106970,2012-11-28,82.0,1,14874.66
6700001814,4589058,2012-11-29,70.0,1,7744.27
6700001815,4521313,2012-12-01,130.0,1,13470.87
6700001816,4412861,2012-12-03,300.0,1,9993.33
6700001817,60101005,2012-12-07,63.2,1,9939.12
6700001818,60122318,2012-12-09,20.2,3,11307.87
6700001819,80400761,2012-12-10,123.0,1,21665.76
6700001820,60104384,2012-12-11,26.3,1,28950.45
6700001821,60106782,2012-12-11,87.5,1,11964.81
6700001822,60101140,2012-12-12,57.86,1,15297.68
6700001823,60102469,2012-12-12,102.63,1,7604.32
6700001824,60101586,2012-12-16,89.0,1,10693.78
6700001825,60102489,2012-12-16,106.85,1,9441.75
6700001826,60106976,2012-12-16,78.0,1,17448.68
6700001827,4410399,2012-12-17,1657.0,4,1838.01
6700001828,80826396,2012-12-18,120.0,1,14117.57
6700001829,60102341,2012-12-20,61.4,1,10230.49
6700001830,4589489,2012-12-23,114.0,1,13826.65
6700001831,60096280,2012-12-23,179.0,1,13824.24
6700001832,60102681,2012-12-23,98.11,1,13193.1
6700001833,60119399,2012-12-24,73.2,1,9101.4
6700001834,60102689,2012-12-25,99.56,1,12140.59
6700001835,60106086,2012-12-25,55.81,1,12448.93
6700001836,60106504,2012-12-25,35.68,4,3647.79
6700001837,60096853,2012-12-26,52.0,1,15813.63
6700001838,60104665,2012-12-26,26.3,1,18094.03
6700001839,81133058,2012-12-26,114.36,1,16311.84
6700001840,4589443,2012-12-30,116.0,1,15061.28
6700001841,4589444,2012-12-30,114.0,1,14176.01
6700001842,4589447,2012-12-30,88.0,1,16184.01
6700001843,4589448,2012-12-30,94.0,1,13684.39
6700001844,4589449,2012-12-30,84.0,1,15176.36
6700001845,4589452,2012-12-30,84.0,1,15199.18
6700001846,4589453,2012-12-30,96.0,1,13998.6
6700001847,4589454,2012-12-30,84.0,1,14284.96
6700001848,4589455,2012-12-30,84.0,1,15049.05
6700001849,4589456,2012-12-30,88.0,1,16362.79
6700001850,4589457,2012-12-30,84.0,1,15084.93
6700001851,4589458,2012-12-30,84.0,1,14956.01
6700001852,4589459,2012-12-30,84.0,1,14582.11
6700001853,4589460,2012-12-30,84.0,1,14444.97
6700001854,4589462,2012-12-30,73.0,1,14696.0
6700001855,4589463,2012-12-30,73.0,1,13999.48
6700001856,4589465,2012-12-30,71.0,1,15415.6
6700001857,4589466,2012-12-30,84.0,1,14216.41
6700001858,4589467,2012-12-30,84.0,1,14170.68
6700001859,4589468,2012-12-30,71.0,1,15954.11
6700001860,4589473,2012-12-30,73.0,1,14938.5
6700001861,4589475,2012-12-30,73.0,1,14888.96
6700001862,4589476,2012-12-30,71.0,1,15522.84
6700001863,4589477,2012-12-30,73.0,1,13465.59
6700001864,4589481,2012-12-30,73.0,1,13480.9
6700001865,4589482,2012-12-30,71.0,1,14209.17
6700001866,4589483,2012-12-30,73.0,1,13546.08
6700001867,4589484,2012-12-30,71.0,1,14304.61
6700001868,4589485,2012-12-30,73.0,1,15175.11
6700001869,4589486,2012-12-30,73.0,1,15146.95
6700001870,4589488,2012-12-30,85.0,1,15539.91
6700001871,60095476,2012-12-30,114.8,1,13762.18
6700001872,60101588,2012-12-30,89.0,1,6630.14
6700001873,60108389,2012-12-30,55.56,1,10278.03
6700001874,60117640,2012-12-31,34.8,1,13893.3
6700001875,4663690,2013-01-01,139.0,1,16226.97
6700001876,60107092,2013-01-01,77.0,1,15134.63
6700001877,60119271,2013-01-01,77.6,1,11142.1
6700001878,4589434,2013-01-02,114.0,1,13686.55
6700001879,4589439,2013-01-02,114.0,1,15680.02
6700001880,60099839,2013-01-02,56.68,1,9616.99
6700001881,60102567,2013-01-02,91.2,1,8037.87
6700001882,60118634,2013-01-02,73.19,1,9502.13
6700001883,80886467,2013-01-03,111.2,1,14367.63
6700001884,4589442,2013-01-06,132.0,1,14951.55
6700001885,4589433,2013-01-07,114.0,1,13719.8
6700001886,4589445,2013-01-07,94.0,1,13916.17
6700001887,60101291,2013-01-07,74.0,1,10033.13
6700001888,60117738,2013-01-07,41.0,1,12607.23
6700001889,81133062,2013-01-13,111.9,1,16461.41
6700001890,60099287,2013-01-14,46.6,1,15327.4
6700001891,60100545,2013-01-15,47.0,1,12897.42
6700001892,60121149,2013-01-15,49.6,1,11747.65
6700001893,4589437,2013-01-21,73.0,1,13296.41
6700001894,4589436,2013-01-23,132.0,1,13864.93
6700001895,81133056,2013-01-23,129.0,1,16027.8
6700001896,60106962,2013-01-24,70.0,1,14231.44
6700001897,4589381,2013-01-27,84.0,1,14074.24
6700001898,4589382,2013-01-27,114.0,1,13140.88
6700001899,4589421,2013-01-27,84.0,1,13985.3
6700001900,4589432,2013-01-27,73.0,1,13778.23
6700001901,4589435,2013-01-27,73.0,1,13803.7
6700001902,4589438,2013-01-27,73.0,1,13870.7
6700001903,4589446,2013-01-27,73.0,1,13290.51
6700001904,60120818,2013-01-27,29.8,1,18922.39
6700001905,81136395,2013-01-27,96.0,1,17229.89
6700001906,4589402,2013-01-29,73.0,1,13260.39
6700001907,4589417,2013-01-29,73.0,1,13330.52
6700001908,4589418,2013-01-29,73.0,1,13414.85
6700001909,4589419,2013-01-29,73.0,1,13767.34
6700001910,4589424,2013-01-29,73.0,1,13375.71
6700001911,4589427,2013-01-29,114.0,1,13140.88
6700001912,4589428,2013-01-29,84.0,1,14074.24
6700001913,4589429,2013-01-29,94.0,1,14117.17
6700001914,4589430,2013-01-29,114.0,1,13586.76
6700001915,60101615,2013-01-29,77.3,1,11063.76
6700001916,80400793,2013-01-29,128.39,1,14640.83
6700001917,4589306,2013-01-30,96.0,1,13803.49
6700001918,60104039,2013-01-31,60.86,1,5528.31
6700001919,60103538,2013-02-03,95.94,1,13684.13
6700001920,81136383,2013-02-05,96.0,1,17192.16
6700001921,60121700,2013-02-06,74.6,1,11816.21
6700001922,60119017,2013-02-11,73.2,1,10761.11
6700001923,4408727,2013-02-13,70.0,1,12030.05
6700001924,60097407,2013-02-13,74.57,1,8802.84
6700001925,60110828,2013-02-13,76.18,1,12679.01
6700001926,4503710,2013-02-17,180.0,1,13441.14
6700001927,60099475,2013-02-17,25.5,1,14709.87
6700001928,60118487,2013-02-17,28.8,1,19536.54
6700001929,60120223,2013-02-18,94.3,1,11734.36
6700001930,60103030,2013-02-19,63.58,1,10412.94
6700001931,60117165,2013-02-19,27.8,1,26985.73
6700001932,60107812,2013-02-25,110.0,1,10912.05
6700001933,80999992,2013-02-26,105.15,1,12485.55
6700001934,81133059,2013-02-26,114.36,1,16072.04
6700001935,81136389,2013-02-26,96.0,1,17192.16
6700001936,4589614,2013-02-28,93.0,1,11696.72
6700001937,60117705,2013-03-04,41.0,1,13710.37
6700001938,60100416,2013-03-05,65.9,1,18765.93
6700001939,4406287,2013-03-06,80.0,1,21079.69
6700001940,60100159,2013-03-06,43.6,1,17835.01
6700001941,60118673,2013-03-06,108.1,1,9880.09
6700001942,80893468,2013-03-06,85.0,1,16511.04
6700001943,60101092,2013-03-08,89.77,1,5009.47
6700001944,60102467,2013-03-08,103.6,1,9585.79
6700001945,4589405,2013-03-09,73.0,1,13333.91
6700001946,4589361,2013-03-10,73.0,1,13321.59
6700001947,4589420,2013-03-11,114.0,1,15020.41
6700001948,4589423,2013-03-11,132.0,1,14904.83
6700001949,4589422,2013-03-12,73.0,1,13333.91
6700001950,80968053,2013-03-12,115.14,1,13306.98
6700001951,4589413,2013-03-14,132.0,1,14257.89
6700001952,4589414,2013-03-14,115.0,1,14745.6
6700001953,4589425,2013-03-14,114.0,1,13806.58
6700001954,60107104,2013-03-14,77.0,1,14600.65
6700001955,60106754,2013-03-18,155.31,1,12667.81
6700001956,4410970,2013-03-19,86.0,1,8322.94
6700001957,60107117,2013-03-19,94.0,1,14551.46
6700001958,4589412,2013-03-20,94.0,1,14451.8
6700001959,4589415,2013-03-20,84.0,1,14722.32
6700001960,60099669,2013-03-21,109.0,1,13752.29
6700001961,60119185,2013-03-21,78.3,1,9931.11
6700001962,4589410,2013-03-29,132.0,1,14851.6
6700001963,4589411,2013-03-29,94.0,1,14551.46
6700001964,4589407,2013-03-30,73.0,1,13501.27
6700001965,4298527,2013-03-31,2836.0,4,13676.53
6700001966,4589408,2013-03-31,94.0,1,14073.06
6700001967,4589085,2013-04-02,150.0,1,15013.46
6700001968,60105547,2013-04-02,132.51,1,16570.21
6700001969,60111041,2013-04-02,21.0,4,183199.94
6700001970,4589426,2013-04-03,84.0,1,13963.41
6700001971,60121089,2013-04-04,45.1,1,11651.24
6700001972,80999960,2013-04-05,95.3,1,11421.57
6700001973,60120184,2013-04-07,100.6,1,16789.4
6700001974,60120027,2013-04-08,138.5,1,14227.56
6700001975,60118763,2013-04-09,61.3,1,11633.59
6700001976,60101600,2013-04-10,57.3,1,13673.91
6700001977,4299799,2013-04-11,139.0,1,4036.89
6700001978,60121646,2013-04-11,40.6,1,12711.52
6700001979,4589416,2013-04-13,132.0,1,14928.15
6700001980,60108256,2013-04-14,109.54,1,10022.45
6700001981,80910418,2013-04-14,47.92,1,46278.7
6700001982,81133060,2013-04-14,171.75,1,8413.66
6700001983,81136394,2013-04-14,76.0,1,18766.82
6700001984,60103608,2013-04-17,116.8,1,13336.01
6700001985,80400791,2013-04-17,124.83,1,16236.62
6700001986,60102358,2013-04-18,61.4,1,10697.7
6700001987,4407288,2013-04-19,37.0,1,3753.36
6700001988,4299083,2013-04-21,29.0,4,17796.13
6700001989,81011093,2013-04-21,95.17,1,10747.0
6700001990,60107874,2013-04-22,102.81,1,9126.94
6700001991,4589403,2013-04-28,114.0,1,14157.43
6700001992,60105309,2013-04-28,63.8,1,12060.18
6700001993,60110284,2013-04-28,74.3,1,14649.74
6700001994,60117801,2013-04-28,54.0,1,12580.72
6700001995,4408782,2013-04-29,300.0,1,11260.09
6700001996,4589087,2013-04-29,67.0,1,14257.18
6700001997,4589404,2013-04-29,71.0,1,13633.7
6700001998,4589406,2013-04-29,116.0,1,13259.73
6700001999,4589409,2013-04-29,114.0,1,13120.31
6700002000,60094946,2013-04-29,47.0,1,9982.35
6700002001,60121426,2013-04-29,57.0,1,11029.62
6700002002,4589389,2013-04-30,114.0,1,13992.64
6700002003,4589390,2013-04-30,114.0,1,14239.74
6700002004,60106297,2013-04-30,109.5,1,10111.8
6700002005,60095042,2013-05-01,55.2,1,9326.91
6700002006,4411205,2013-05-02,28.0,1,5974.23
6700002007,4589391,2013-05-02,114.0,1,14102.9
6700002008,60120492,2013-05-02,46.6,1,11965.55
6700002009,80826402,2013-05-02,124.0,1,12740.74
6700002010,60096791,2013-05-03,55.24,1,15477.52
6700002011,60096790,2013-05-05,129.3,1,11715.38
6700002012,60098990,2013-05-05,115.89,1,8901.11
6700002013,60119612,2013-05-08,70.0,1,15599.37
6700002014,60119626,2013-05-08,44.6,1,25004.24
6700002015,4589388,2013-05-11,84.0,1,14037.71
6700002016,60121713,2013-05-11,30.0,1,10532.34
6700002017,60108245,2013-05-12,114.34,1,8615.39
6700002018,60102345,2013-05-16,46.0,1,10505.4
6700002019,60104464,2013-05-17,30.4,1,18341.93
6700002020,4589401,2013-05-18,88.0,1,16263.17
6700002021,4589398,2013-05-19,84.0,1,12722.89
6700002022,4589399,2013-05-20,114.0,1,14184.42
6700002023,4589400,2013-05-21,114.0,1,14184.42
6700002024,81136391,2013-05-23,76.0,1,18831.04
6700002025,4589470,2013-05-24,114.0,1,14428.98
6700002026,60095537,2013-05-24,87.26,1,2108.71
6700002027,60106026,2013-05-27,55.0,1,14193.32
6700002028,81228423,2013-05-27,70.0,1,15134.71
6700002029,4407290,2013-05-28,50.0,1,13382.27
6700002030,80442166,2013-05-29,70.98,1,14271.11
6700002031,60105027,2013-05-30,63.8,1,5826.48
6700002032,60105236,2013-05-30,82.0,1,4986.62
6700002033,80400755,2013-06-03,164.0,1,14790.22
6700002034,60105443,2013-06-06,73.5,1,14500.57
6700002035,60095068,2013-06-09,115.28,1,9564.05
6700002036,60100551,2013-06-09,48.0,1,17610.07
6700002037,81136388,2013-06-09,76.0,1,18375.73
6700002038,60105577,2013-06-10,138.0,1,11038.75
6700002039,60103516,2013-06-12,81.0,1,13157.93
6700002040,4407422,2013-06-16,50.0,3,3050.37
6700002041,4589471,2013-06-16,94.0,1,13801.34
6700002042,4589472,2013-06-16,132.0,1,14741.98
6700002043,80999994,2013-06-16,82.25,1,13628.2
6700002044,4663661,2013-06-18,75.0,1,19968.29
6700002045,60101765,2013-06-19,110.83,1,9284.86
6700002046,60096065,2013-06-20,90.65,1,9831.47
6700002047,60108214,2013-06-20,81.4,1,12416.03
6700002048,60109175,2013-06-20,51.46,4,14640.59
6700002049,60117370,2013-06-20,87.0,1,11722.45
6700002050,4589393,2013-06-22,114.0,1,13217.63
6700002051,4589469,2013-06-22,88.0,1,16078.76
6700002052,4589394,2013-06-23,114.0,1,13217.63
6700002053,80400773,2013-06-23,42.0,1,15313.11
6700002054,60110331,2013-06-25,68.7,1,15781.19
6700002055,60100690,2013-06-27,84.0,1,13781.8
6700002056,60104292,2013-06-27,64.4,1,19402.94
6700002057,60118891,2013-06-28,73.2,1,9790.35
6700002058,60106215,2013-06-30,179.28,1,9214.51
6700002059,81000013,2013-06-30,150.45,1,12213.84
6700002060,4589431,2013-07-03,71.0,1,14915.17
6700002061,60117697,2013-07-05,41.0,1,16031.61
6700002062,60099549,2013-07-07,90.0,1,13287.93
6700002063,81000003,2013-07-08,86.33,1,13112.59
6700002064,81279060,2013-07-14,95.85,1,12762.66
6700002065,60106807,2013-07-21,69.0,1,15347.49
6700002066,60117299,2013-07-21,120.0,1,11867.84
6700002067,4521353,2013-07-22,50.0,1,34690.62
6700002068,4406547,2013-07-23,185.0,1,11645.78
6700002069,60106659,2013-07-23,121.24,1,10165.21
6700002070,80888629,2013-07-23,1052.45,4,24287.62
6700002071,4409746,2013-07-25,150.0,1,12780.76
6700002072,4521442,2013-07-25,200.0,1,12780.76
6700002073,60101128,2013-07-30,110.0,1,7801.24
6700002074,60110521,2013-07-31,50.18,4,10187.93
6700002075,60099825,2013-08-01,76.0,1,10041.15
6700002076,60101101,2013-08-01,97.0,1,6125.25
6700002077,60106445,2013-08-05,56.34,1,14190.04
6700002078,60095616,2013-08-06,100.13,1,14462.45
6700002079,70458128,2013-08-08,75.5,1,18290.03
6700002080,60105798,2013-08-11,116.78,1,12447.13
6700002081,60105034,2013-08-14,63.8,1,9682.91
6700002082,60117114,2013-08-15,50.9,1,21061.14
6700002083,60099937,2013-08-27,1100.0,4,4955.37
6700002084,81136397,2013-08-27,151.5,1,16790.48
6700002085,4408753,2013-09-02,120.0,3,10647.39
6700002086,60102373,2013-09-08,98.3,1,8912.8
6700002087,60121195,2013-09-09,40.9,1,14503.95
6700002088,4407299,2013-09-11,116.0,1,5239.77
6700002089,60120687,2013-09-11,40.9,1,17851.02
6700002090,80968048,2013-09-11,127.0,1,13437.98
6700002091,4521957,2013-09-15,2689.0,4,6020.87
6700002092,60119918,2013-09-16,37.0,1,16279.4
6700002093,60101060,2013-09-24,59.27,1,12780.25
6700002094,60110892,2013-10-01,94.32,1,13488.81
6700002095,81089685,2013-10-01,100.92,1,9004.76
6700002096,4411134,2013-10-02,38.0,4,7174.42
6700002097,81291438,2013-10-02,85.0,1,6307.87
6700002098,60106908,2013-10-04,119.49,1,15590.92
6700002099,4410943,2013-10-07,237.0,1,11495.63
6700002100,60104951,2013-10-07,26.3,1,18658.96
6700002101,4410898,2013-10-08,240.0,1,1363.14
6700002102,60107094,2013-10-08,129.0,1,11271.44
6700002103,60120823,2013-10-09,120.0,1,11359.5
6700002104,60106021,2013-10-13,35.0,1,14020.87
6700002105,60095039,2013-10-14,86.0,1,12152.03
6700002106,60100947,2013-10-16,63.2,1,10439.24
6700002107,60103423,2013-10-17,117.2,1,10545.34
6700002108,80968051,2013-10-17,127.0,1,13209.22
6700002109,60120898,2013-10-20,68.0,1,16036.95
6700002110,60101830,2013-10-21,98.15,1,7962.65
6700002111,80968046,2013-10-23,107.82,1,14497.01
6700002112,80858182,2013-10-30,123.0,1,12855.63
6700002113,60103428,2013-10-31,118.0,1,10319.82
6700002114,60110842,2013-10-31,90.68,1,12126.16
6700002115,60107050,2013-11-01,94.0,1,10475.66
6700002116,60117309,2013-11-01,33.2,1,16178.18
6700002117,60101783,2013-11-03,91.18,1,13745.01
6700002118,60097412,2013-11-10,69.68,1,8736.09
6700002119,60108071,2013-11-10,93.65,1,12617.77
6700002120,81011255,2013-11-10,80.5,1,9785.96
6700002121,60106281,2013-11-11,72.32,1,13368.47
6700002122,60106260,2013-11-14,105.46,1,6366.34
6700002123,81228463,2013-11-17,102.1,1,13853.13
6700002124,80968056,2013-11-18,119.4,1,12745.62
6700002125,60110855,2013-11-21,84.51,1,12605.36
6700002126,60121154,2013-12-02,45.1,1,18481.52
6700002127,60096864,2013-12-03,103.29,1,11160.19
6700002128,4589345,2013-12-04,160.0,1,16515.16
6700002129,60099790,2013-12-04,64.5,1,10173.22
6700002130,81136386,2013-12-04,76.0,1,17967.75
6700002131,4589344,2013-12-05,164.0,1,13765.79
6700002132,4589100,2013-12-08,100.0,1,17734.4
6700002133,60095469,2013-12-08,113.5,1,14375.02
6700002134,80438425,2013-12-15,94.23,1,16561.89
6700002135,60106760,2013-12-16,71.81,1,13582.95
6700002136,60106493,2013-12-17,30.76,3,72067.61
6700002137,60110353,2013-12-23,88.7,1,17994.32
6700002138,4411093,2013-12-25,412.0,1,4519.69
6700002139,4589295,2013-12-29,95.0,1,18481.09
6700002140,4589298,2013-12-30,95.0,1,18462.44
6700002141,60101151,2013-12-30,74.7,1,10920.78
6700002142,60107907,2013-12-31,124.59,1,7287.91
6700002143,80888652,2013-12-31,113.09,1,13486.23
6700002144,80920062,2013-12-31,75.0,1,13241.68
6700002145,60099671,2014-01-01,58.3,1,15058.18
6700002146,60103156,2014-01-01,130.0,1,12830.72
6700002147,60122130,2014-01-01,48.5,1,11946.57
6700002148,60100396,2014-01-02,74.0,1,15422.42
6700002149,60101574,2014-01-02,46.0,1,13359.22
6700002150,60107931,2014-01-02,100.93,1,8698.02
6700002151,80826244,2014-01-02,88.0,1,7422.17
6700002152,4401409,2014-01-05,111.0,1,12654.29
6700002153,60117700,2014-01-05,41.0,1,13703.67
6700002154,60101845,2014-01-06,74.6,1,12003.34
6700002155,60102426,2014-01-06,107.17,1,8191.58
6700002156,4406387,2014-01-08,100.0,1,1738.23
6700002157,60104048,2014-01-08,67.57,1,6626.09
6700002158,60121166,2014-01-08,45.1,1,12380.02
6700002159,80826367,2014-01-09,137.0,1,15379.12
6700002160,4406756,2014-01-12,6068.0,3,2531.82
6700002161,4410806,2014-01-12,102.0,1,13082.31
6700002162,60108132,2014-01-15,97.3,1,11999.96
6700002163,4407570,2014-01-17,240.0,1,13534.16
6700002164,81136385,2014-01-17,76.0,1,17788.86
6700002165,4589297,2014-01-18,95.0,1,18297.11
6700002166,4589296,2014-01-19,95.0,1,18297.11
6700002167,60101206,2014-01-19,63.11,1,14466.92
6700002168,60106824,2014-01-19,83.0,1,15019.35
6700002169,60099682,2014-01-20,31.2,1,14912.9
6700002170,60100316,2014-01-20,88.0,1,6963.28
6700002171,60111027,2014-01-20,100.1,1,12979.82
6700002172,60100973,2014-01-21,63.2,1,11112.55
6700002173,60095490,2014-01-22,95.62,1,15240.54
6700002174,4509782,2014-01-23,200.0,1,13168.37
6700002175,60107971,2014-01-23,89.35,1,9825.31
6700002176,60100281,2014-01-27,122.0,1,5612.75
6700002177,4589304,2014-01-30,95.0,1,18278.63
6700002178,60094996,2014-01-30,68.78,1,15571.79
6700002179,60100688,2014-01-30,111.0,1,16608.76
6700002180,60118099,2014-01-30,342.9,1,7936.61
6700002181,60096835,2014-02-02,66.47,1,25728.17
6700002182,60110328,2014-02-04,74.3,1,14091.94
6700002183,81136381,2014-02-04,76.0,1,17909.75
6700002184,60101144,2014-02-05,70.29,1,13654.56
6700002185,60101565,2014-02-05,61.4,1,11439.47
6700002186,4511447,2014-02-06,80.0,1,8943.39
6700002187,60100221,2014-02-06,86.2,1,15183.17
6700002188,60104315,2014-02-08,29.2,1,20797.2
6700002189,60105358,2014-02-09,131.0,1,14653.11
6700002190,60121486,2014-02-11,57.0,1,9490.64
6700002191,60103297,2014-02-14,180.84,1,15439.53
6700002192,60100691,2014-02-16,111.0,1,13614.55
6700002193,81136382,2014-02-16,76.0,1,17909.75
6700002194,60108141,2014-02-17,90.0,1,12506.21
6700002195,80888662,2014-02-19,96.14,1,19240.23
6700002196,60100542,2014-02-20,47.0,1,11138.63
6700002197,60099615,2014-02-24,90.0,1,9597.79
6700002198,60100733,2014-02-24,108.0,1,10034.05
6700002199,60099586,2014-02-25,35.0,1,10968.9
6700002200,60101211,2014-02-25,61.58,1,11051.81
6700002201,4407750,2014-03-01,66.0,1,19789.56
6700002202,60105111,2014-03-06,63.8,1,8948.01
6700002203,81119518,2014-03-06,179.1,1,13522.77
6700002204,81136398,2014-03-06,151.5,1,15986.32
6700002205,60117925,2014-03-09,70.0,1,24713.54
6700002206,60120155,2014-03-12,51.1,1,23697.92
6700002207,4407473,2014-03-13,306.0,1,7202.46
6700002208,60101155,2014-03-13,74.7,1,7989.72
6700002209,60101542,2014-03-17,57.4,1,11904.69
6700002210,60101028,2014-03-23,63.2,1,10949.04
6700002211,80405300,2014-03-23,63.15,1,12327.42
6700002212,80888646,2014-03-24,116.85,1,12436.08
6700002213,60120979,2014-03-25,50.0,1,16780.5
6700002214,81136392,2014-03-25,76.0,1,17527.11
6700002215,4589302,2014-03-26,115.0,1,18954.21
6700002216,4589299,2014-03-27,115.0,1,18954.21
6700002217,60108050,2014-03-30,80.0,1,13731.46
6700002218,60111137,2014-04-01,48.0,3,32745.32
6700002219,60106292,2014-04-02,90.0,1,13014.4
6700002220,60117637,2014-04-03,49.8,1,13143.52
6700002221,4589170,2014-04-05,141.0,1,12827.08
6700002222,60100549,2014-04-08,48.0,1,19198.63
6700002223,60109018,2014-04-09,258.5,1,10994.64
6700002224,60120109,2014-04-09,70.0,1,10039.68
6700002225,4663671,2014-04-10,120.0,1,11483.29
6700002226,81136366,2014-04-10,152.66,1,14104.0
6700002227,80858131,2014-04-11,171.0,1,12591.33
6700002228,81119517,2014-04-11,102.45,1,15636.11
6700002229,4408733,2014-04-18,90.0,1,9569.41
6700002230,4589166,2014-04-21,140.0,1,16609.76
6700002231,60117784,2014-04-23,53.1,1,14435.21
6700002232,60100535,2014-04-24,47.0,1,15026.01
6700002233,60105177,2014-04-29,63.8,1,14579.1
6700002234,60101925,2014-04-30,89.2,1,11103.52
6700002235,4589615,2014-05-04,104.0,1,8956.58
6700002236,4409371,2014-05-05,100.0,1,11384.81
6700002237,81136365,2014-05-11,152.66,1,13898.3
6700002238,60106667,2014-05-12,151.0,1,10624.0
6700002239,81228458,2014-05-14,103.27,1,10022.1
6700002240,4406364,2014-05-19,49.0,3,9821.77
6700002241,80312456,2014-05-19,30.34,1,13306.21
6700002242,60101012,2014-05-20,63.2,1,10344.37
6700002243,60111030,2014-05-20,99.94,1,11564.25
6700002244,4589392,2014-05-21,94.0,1,14313.59
6700002245,60102446,2014-05-21,105.45,1,9814.91
6700002246,60107848,2014-05-21,128.5,1,10067.93
6700002247,81136368,2014-05-21,135.25,1,14029.34
6700002248,4589162,2014-05-22,147.0,1,12086.53
6700002249,80405288,2014-05-22,100.0,1,9487.34
6700002250,4589165,2014-05-26,120.0,1,14087.27
6700002251,81136364,2014-05-26,141.36,1,14033.09
6700002252,60101119,2014-05-28,48.0,1,17429.4
6700002253,60104941,2014-05-28,67.35,1,11525.42
6700002254,80845924,2014-05-28,73.45,1,15734.93
6700002255,80826376,2014-05-29,111.0,1,14141.66
6700002256,4589300,2014-05-31,115.0,1,19349.68
6700002257,4589293,2014-06-01,95.0,1,17965.68
6700002258,4589294,2014-06-01,95.0,1,17965.68
6700002259,4589301,2014-06-01,115.0,1,19338.55
6700002260,4589288,2014-06-02,95.0,1,17965.68
6700002261,4589290,2014-06-02,95.0,1,17965.68
6700002262,60096825,2014-06-02,113.0,1,10526.95
6700002263,60106101,2014-06-02,61.5,1,13455.45
6700002264,60117666,2014-06-02,43.9,1,16493.65
6700002265,80968045,2014-06-02,116.0,1,13598.63
6700002266,4589149,2014-06-05,147.0,1,12196.86
6700002267,81119514,2014-06-05,118.08,1,14308.09
6700002268,4589144,2014-06-06,100.0,1,17929.38
6700002269,60120195,2014-06-08,38.5,1,26867.21
6700002270,60104004,2014-06-09,100.0,1,8619.9
6700002271,60106193,2014-06-09,87.5,1,5910.79
6700002272,60118762,2014-06-10,61.3,1,12093.17
6700002273,60099866,2014-06-11,66.4,1,7789.06
6700002274,60100397,2014-06-15,55.0,1,12538.03
6700002275,60110307,2014-06-15,83.3,1,13555.9
6700002276,60122152,2014-06-16,45.1,1,14525.77
6700002277,4407953,2014-06-19,340.0,1,10997.97
6700002278,60117780,2014-06-19,53.1,1,17207.33
6700002279,60096836,2014-06-21,109.98,1,15675.39
6700002280,60106666,2014-06-22,116.5,1,12430.41
6700002281,60108302,2014-06-24,80.61,1,13666.08
6700002282,80857667,2014-06-24,133.81,1,10693.54
6700002283,60099484,2014-06-25,25.4,1,20701.33
6700002284,60118686,2014-06-26,71.4,1,5734.52
6700002285,60121602,2014-06-26,33.7,1,14426.18
6700002286,81136363,2014-06-26,141.36,1,14025.02
6700002287,81228439,2014-06-26,72.34,1,15252.24
6700002288,60119237,2014-06-27,59.1,1,1969.01
6700002289,60101771,2014-07-01,103.3,1,11595.46
6700002290,4410400,2014-07-02,63.0,4,5924.3
6700002291,60119703,2014-07-02,40.8,1,12764.4
6700002292,60120628,2014-07-02,40.9,1,16128.71
6700002293,60105185,2014-07-03,63.8,1,10475.61
6700002294,80888655,2014-07-08,106.62,1,13920.88
6700002295,81135517,2014-07-10,549.0,1,4347.8
6700002296,4407147,2014-07-11,90.0,1,10589.35
6700002297,4589172,2014-07-14,74.0,1,16655.82
6700002298,60104070,2014-07-14,66.77,1,9359.67
6700002299,4408935,2014-07-19,98.0,1,14171.09
6700002300,4408933,2014-07-20,100.0,1,13193.28
6700002301,60106177,2014-07-20,89.0,1,11703.09
6700002302,60121079,2014-07-20,45.1,1,19245.66
6700002303,60110336,2014-07-21,68.8,1,13877.57
6700002304,81119512,2014-07-21,137.35,1,14534.78
6700002305,4406757,2014-07-24,43.0,1,11102.06
6700002306,60100728,2014-07-28,84.0,1,13639.67
6700002307,60106520,2014-07-28,46.9,1,15916.04
6700002308,60121194,2014-07-29,40.9,1,10186.55
6700002309,60110814,2014-07-31,110.9,1,10957.36
6700002310,60101083,2014-08-06,88.59,1,8823.05
6700002311,60106294,2014-08-07,90.0,1,10518.28
6700002312,60109190,2014-08-10,37.11,3,17786.21
6700002313,60119101,2014-08-11,73.2,1,13762.83
6700002314,60095058,2014-08-12,68.28,1,17807.19
6700002315,60121111,2014-08-12,40.9,1,17560.75
6700002316,81136369,2014-08-12,117.35,1,14505.54
6700002317,60100701,2014-08-13,108.0,1,12062.25
6700002318,80400772,2014-08-13,42.0,1,21505.27
6700002319,60099585,2014-08-20,25.4,1,18190.25
6700002320,4589303,2014-08-21,95.0,1,20825.29
6700002321,4589174,2014-08-24,130.0,1,12292.36
6700002322,60099566,2014-08-24,81.0,1,8148.72
6700002323,60104381,2014-08-24,90.0,1,8684.82
6700002324,4589514,2014-08-25,2873.0,4,5308.83
6700002325,60107778,2014-08-28,121.4,1,14794.24
6700002326,4408385,2014-09-01,82.0,1,6935.97
6700002327,4589171,2014-09-01,125.0,1,13374.23
6700002328,60101570,2014-09-01,61.4,1,11227.91
6700002329,60117672,2014-09-01,43.9,1,15311.13
6700002330,4589375,2014-09-03,116.0,1,13148.99
6700002331,4589178,2014-09-08,108.0,1,14043.2
6700002332,4589343,2014-09-08,165.0,1,16712.57
6700002333,4589346,2014-09-09,165.0,1,16712.57
6700002334,60110312,2014-09-10,74.3,1,12062.07
6700002335,60101175,2014-09-11,100.57,1,14566.58
6700002336,60099664,2014-09-16,61.1,1,16924.55
6700002337,81011081,2014-09-16,95.17,1,10684.62
6700002338,4589111,2014-09-17,225.0,1,12255.88
6700002339,60099452,2014-09-17,45.1,1,19107.36
6700002340,60100419,2014-09-17,57.57,1,5987.44
6700002341,60106132,2014-09-17,61.5,1,15413.27
6700002342,4589199,2014-09-18,125.0,1,13374.23
6700002343,60103123,2014-09-21,102.4,1,6732.36
6700002344,60106658,2014-09-22,111.75,1,11721.23
6700002345,4409370,2014-09-24,75.0,1,15281.56
6700002346,60105223,2014-09-24,82.0,1,11559.95
6700002347,60106209,2014-10-02,101.0,1,13766.6
6700002348,60107882,2014-10-02,119.63,1,10116.08
6700002349,60100087,2014-10-06,95.0,1,7715.56
6700002350,60119517,2014-10-06,37.0,1,19021.52
6700002351,60105013,2014-10-07,63.8,1,10762.23
6700002352,80857650,2014-10-07,104.56,1,11492.0
6700002353,4589384,2014-10-11,114.0,1,13250.76
6700002354,60101728,2014-10-13,76.1,1,13308.54
6700002355,60119099,2014-10-16,73.2,1,11068.63
6700002356,60096497,2014-10-21,78.87,1,12253.48
6700002357,60100849,2014-10-21,63.2,1,8963.13
6700002358,60096279,2014-10-22,179.0,1,10069.3
6700002359,60104049,2014-10-23,62.48,1,10989.6
6700002360,60105437,2014-10-23,102.5,1,13816.34
6700002361,60117863,2014-10-23,69.1,1,18631.43
6700002362,80405296,2014-10-23,63.39,1,17060.15
6700002363,60095595,2014-10-26,49.5,1,18899.68
6700002364,81228435,2014-10-27,76.64,1,16798.43
6700002365,4406788,2014-10-29,110.0,1,6242.09
6700002366,4589215,2014-10-29,123.0,1,12909.21
6700002367,60102755,2014-10-29,64.1,1,14728.81
6700002368,60100464,2014-11-02,81.84,1,23006.39
6700002369,60106012,2014-11-02,78.63,1,13366.0
6700002370,60117002,2014-11-02,45.1,1,20874.09
6700002371,60120082,2014-11-03,158.0,1,8450.04
6700002372,60096757,2014-11-04,98.7,1,12833.23
6700002373,60097293,2014-11-04,61.7,1,9987.09
6700002374,60119333,2014-11-04,81.7,1,10475.37
6700002375,60100923,2014-11-05,63.2,1,10291.72
6700002376,60120199,2014-11-05,120.0,1,20326.15
6700002377,60100385,2014-11-06,63.0,1,9101.77
6700002378,60102563,2014-11-06,91.23,1,10694.46
6700002379,60120606,2014-11-06,40.9,1,13810.59
6700002380,60101540,2014-11-09,57.4,1,12524.46
6700002381,60101784,2014-11-09,91.18,1,15675.03
6700002382,60110388,2014-11-10,151.8,1,10993.96
6700002383,60101688,2014-11-13,99.5,1,7225.16
6700002384,60101890,2014-11-13,105.17,1,10660.34
6700002385,60099786,2014-11-16,64.5,1,7695.91
6700002386,60117983,2014-11-16,51.0,1,26178.57
6700002387,4410964,2014-11-17,90.0,1,8292.12
6700002388,4589205,2014-11-17,124.0,1,13527.76
6700002389,60120468,2014-11-19,46.6,1,13957.87
6700002390,4408012,2014-11-20,128.0,1,30756.67
6700002391,4589207,2014-11-21,120.0,1,13122.85
6700002392,4411382,2014-11-23,159.0,1,15071.36
6700002393,60103555,2014-11-25,128.4,1,11691.12
6700002394,4406792,2014-11-26,78.0,1,8668.1
6700002395,60120680,2014-11-26,40.7,1,14719.57
6700002396,4589374,2014-11-29,75.0,1,14834.52
6700002397,4589204,2014-12-01,238.0,1,10934.95
6700002398,81011095,2014-12-01,107.02,1,9377.55
6700002399,60110915,2014-12-03,156.69,1,9444.53
6700002400,60106921,2014-12-07,69.0,1,15777.33
6700002401,80888673,2014-12-09,109.19,1,12618.41
6700002402,4409733,2014-12-10,70.0,1,9841.46
6700002403,60105153,2014-12-14,63.8,1,10264.61
6700002404,60122362,2014-12-14,127.1,1,11241.81
6700002405,4589214,2014-12-15,96.0,1,12757.45
6700002406,81011116,2014-12-15,99.88,1,14469.0
6700002407,4663658,2014-12-16,88.0,1,14593.75
6700002408,60103982,2014-12-17,62.4,1,10494.91
6700002409,60110922,2014-12-17,66.3,1,12828.0
6700002410,60121871,2014-12-17,188.0,1,8595.44
6700002411,4521572,2014-12-18,84.0,1,13769.94
6700002412,60101141,2014-12-21,67.59,1,16483.95
6700002413,80999964,2014-12-21,109.0,1,12328.3
6700002414,4589187,2014-12-22,125.0,1,13335.78
6700002415,60101735,2014-12-24,108.1,1,13375.06
6700002416,60118083,2014-12-24,254.8,1,11482.37
6700002417,60095596,2014-12-26,88.9,1,12054.28
6700002418,4408918,2014-12-27,100.0,1,13301.76
6700002419,4589183,2014-12-28,127.0,1,13125.77
6700002420,4589184,2014-12-28,108.0,1,13229.94
6700002421,60099265,2014-12-29,100.0,1,12247.15
6700002422,60106032,2014-12-29,85.7,3,4366.61
6700002423,4589182,2014-12-31,124.0,1,12757.45
6700002424,4589189,2014-12-31,225.0,1,9638.96
6700002425,4589195,2014-12-31,123.0,1,12792.02
6700002426,60122045,2014-12-31,71.8,1,9831.64
6700002427,81136367,2015-01-02,135.25,1,13744.64
6700002428,4408939,2015-01-04,96.0,1,13730.98
6700002429,60096130,2015-01-04,101.0,1,14222.49
6700002430,60106077,2015-01-05,55.81,1,12112.28
6700002431,60096847,2015-01-07,52.0,1,18199.64
6700002432,60110281,2015-01-07,89.9,1,15790.56
6700002433,60120028,2015-01-07,138.5,1,12812.02
6700002434,60117770,2015-01-13,53.1,1,16947.4
6700002435,60096866,2015-01-15,103.19,1,9335.02
6700002436,60120883,2015-01-15,70.0,1,9656.95
6700002437,4408920,2015-01-17,108.0,1,13222.42
6700002438,60095029,2015-01-18,102.7,1,11518.76
6700002439,4589210,2015-01-19,129.0,1,13100.51
6700002440,4589216,2015-01-20,126.0,1,12875.93
6700002441,4589217,2015-01-20,130.0,1,11699.77
6700002442,60118447,2015-01-20,28.8,1,23471.75
6700002443,60097305,2015-01-21,61.7,1,12051.62
6700002444,4589211,2015-01-25,96.0,1,12322.67
6700002445,60095578,2015-01-26,33.96,1,14929.03
6700002446,60094978,2015-01-27,101.14,1,11445.79
6700002447,60117962,2015-01-27,210.0,1,11185.97
6700002448,60102798,2015-01-29,126.54,1,16026.23
6700002449,4411091,2015-01-30,200.0,1,9294.81
6700002450,4589084,2015-02-02,360.0,1,1859.4
6700002451,60121509,2015-02-02,57.0,1,12624.33
6700002452,4406363,2015-02-03,40.0,1,11714.21
6700002453,4589185,2015-02-04,140.0,1,12491.17
6700002454,60096107,2015-02-04,82.87,1,13327.89
6700002455,80441796,2015-02-05,100.0,1,8534.64
6700002456,4406356,2015-02-08,40.0,1,10459.11
6700002457,4589186,2015-02-09,96.0,1,12202.3
6700002458,4589188,2015-02-09,130.0,1,12100.39
6700002459,4589206,2015-02-09,141.0,1,12343.24
6700002460,60106811,2015-02-10,69.0,1,15643.19
6700002461,4410555,2015-02-11,500.0,4,5522.41
6700002462,60108053,2015-02-11,82.0,1,15714.18
6700002463,60100841,2015-02-12,63.2,1,5957.72
6700002464,60118464,2015-02-12,28.8,1,21034.44
6700002465,80438428,2015-02-12,111.45,1,13348.62
6700002466,4589201,2015-02-15,125.0,1,13119.91
6700002467,60099018,2015-02-16,49.2,4,5340.1
6700002468,81136370,2015-02-16,117.35,1,13975.19
6700002469,4589203,2015-02-17,96.0,1,12725.25
6700002470,4589198,2015-02-18,96.0,1,12550.93
6700002471,60103188,2015-02-18,99.0,1,12339.64
6700002472,60103071,2015-02-22,105.5,1,10865.58
6700002473,80438421,2015-02-22,113.04,1,14508.04
6700002474,80921851,2015-02-22,119.0,1,17859.59
6700002475,80921857,2015-02-22,132.0,1,13058.04
6700002476,4663673,2015-02-23,98.0,1,14156.09
6700002477,60105091,2015-02-23,63.8,1,11803.39
6700002478,80317242,2015-02-23,72.0,1,10923.96
6700002479,60118731,2015-02-25,61.3,1,13103.75
6700002480,60100698,2015-02-26,108.0,1,13945.48
6700002481,60105902,2015-02-26,84.25,1,10527.39
6700002482,60108347,2015-03-01,117.2,1,11023.75
6700002483,60101154,2015-03-02,74.7,1,12242.72
6700002484,60107956,2015-03-02,67.06,1,17356.83
6700002485,60119318,2015-03-08,72.95,1,8661.52
6700002486,4589223,2015-03-11,238.0,1,10689.33
6700002487,4589219,2015-03-12,127.0,1,12045.37
6700002488,60106917,2015-03-12,63.0,1,19795.05
6700002489,60118503,2015-03-12,47.1,1,21181.96
6700002490,60106521,2015-03-15,46.9,1,11345.22
6700002491,60107025,2015-03-17,151.4,1,10982.72
6700002492,4589220,2015-03-18,120.0,1,12470.88
6700002493,4410672,2015-03-19,37.0,4,14830.24
6700002494,60102962,2015-03-19,216.0,1,11162.21
6700002495,80441798,2015-03-20,78.0,1,12470.88
6700002496,4412797,2015-03-24,500.0,4,5986.02
6700002497,4589643,2015-03-24,130.0,1,10936.0
6700002498,60106788,2015-03-24,68.0,1,15894.26
6700002499,60100306,2015-03-25,80.37,1,15103.05
6700002500,60101295,2015-03-25,107.0,1,10101.03
6700002501,60107974,2015-03-26,89.35,1,10607.58
6700002502,60120726,2015-03-29,46.6,1,14272.83
6700002503,4589125,2015-04-12,123.0,1,12406.12
6700002504,4589093,2015-04-13,70.0,1,9454.27
6700002505,4589132,2015-04-13,127.0,1,12015.38
6700002506,60120513,2015-04-14,35.5,1,16820.06
6700002507,80988337,2015-04-14,154.95,1,14183.31
6700002508,4589129,2015-04-15,130.0,1,11738.1
6700002509,60102504,2015-04-15,80.55,1,11325.32
6700002510,60096277,2015-04-19,172.0,1,13500.6
6700002511,60100694,2015-04-19,111.0,1,14046.18
6700002512,60106742,2015-04-19,130.8,1,10651.85
6700002513,80438427,2015-04-19,106.7,1,13757.27
6700002514,4589664,2015-04-20,136.0,1,18049.96
6700002515,60107976,2015-04-20,89.35,1,10209.9
6700002516,60102270,2015-04-21,61.4,1,13236.74
6700002517,4589235,2015-04-23,121.0,1,13433.65
6700002518,4589234,2015-04-26,125.0,1,12207.62
6700002519,60119661,2015-04-26,34.1,1,19456.24
6700002520,4589137,2015-04-27,130.0,1,11738.1
6700002521,4589237,2015-04-27,125.0,1,12194.35
6700002522,60118391,2015-04-27,69.1,1,10801.59
6700002523,81089822,2015-04-27,120.0,1,17450.32
6700002524,60100689,2015-04-29,97.0,1,13337.55
6700002525,60105950,2015-04-30,123.0,1,9843.99
6700002526,60104098,2015-05-01,67.2,1,8567.67
6700002527,4589644,2015-05-02,124.0,1,11276.16
6700002528,60100494,2015-05-03,89.84,1,10436.84
6700002529,60101949,2015-05-03,108.96,1,6944.72
6700002530,60103264,2015-05-06,72.0,1,16564.17
6700002531,60098100,2015-05-07,60.9,4,12587.3
6700002532,4589619,2015-05-10,130.0,1,10818.99
6700002533,60101548,2015-05-11,103.6,1,9209.42
6700002534,60103544,2015-05-12,96.2,1,12995.79
6700002535,4589383,2015-05-13,132.0,1,13877.39
6700002536,60095543,2015-05-13,87.26,1,10651.17
6700002537,60110351,2015-05-13,91.66,1,14357.35
6700002538,60102302,2015-05-14,95.9,1,5832.09
6700002539,81000033,2015-05-14,83.0,1,13873.44
6700002540,80888656,2015-05-15,103.07,1,12129.57
6700002541,4589620,2015-05-17,210.0,1,12141.62
6700002542,60101583,2015-05-17,118.7,1,7760.71
6700002543,4589176,2015-05-18,125.0,1,12896.75
6700002544,60100139,2015-05-18,46.6,1,13061.1
6700002545,60108154,2015-05-18,102.8,1,11121.31
6700002546,60119380,2015-05-18,61.3,1,13283.39
6700002547,60120760,2015-05-18,46.6,1,20827.17
6700002548,80861418,2015-05-18,90.35,1,13291.03
6700002549,4589168,2015-05-19,125.0,1,12896.75
6700002550,4589177,2015-05-19,120.0,1,12337.45
6700002551,4623624,2015-05-19,83.0,1,13714.88
6700002552,60106449,2015-05-19,51.05,1,9666.95
6700002553,81089671,2015-05-25,106.79,1,8472.2
6700002554,4589380,2015-05-27,77.0,1,13459.03
6700002555,60121991,2015-05-27,39.5,1,10411.35
6700002556,60099695,2015-05-28,25.9,1,24135.03
6700002557,60105457,2015-05-28,100.7,1,13885.24
6700002558,60122330,2015-05-28,74.85,1,5494.3
6700002559,60118468,2015-05-31,230.0,1,8332.25
6700002560,80888653,2015-05-31,91.83,1,15047.31
6700002561,60103576,2015-06-02,84.36,1,17175.66
6700002562,60104928,2015-06-03,25.6,1,16979.75
6700002563,4589617,2015-06-05,126.0,1,11047.28
6700002564,60121748,2015-06-05,40.6,1,13232.68
6700002565,60103552,2015-06-08,94.38,1,11816.0
6700002566,60106424,2015-06-09,45.35,1,8436.27
6700002567,60107072,2015-06-09,94.0,1,12469.95
6700002568,4409745,2015-06-10,150.0,1,13295.5
6700002569,60102417,2015-06-10,108.9,1,6503.11
6700002570,60120090,2015-06-11,34.1,1,23871.27
6700002571,60106376,2015-06-14,63.95,1,10946.82
6700002572,80400771,2015-06-14,66.5,1,16402.61
6700002573,4406148,2015-06-15,890.0,4,5945.02
6700002574,60117955,2015-06-15,71.2,1,17606.4
6700002575,80921846,2015-06-15,163.0,1,12984.21
6700002576,80921850,2015-06-15,115.0,1,13802.78
6700002577,60117712,2015-06-16,41.0,1,16677.28
6700002578,60104661,2015-06-18,100.0,1,6349.28
6700002579,60106345,2015-06-18,75.5,1,14447.34
6700002580,80921849,2015-06-18,114.0,1,13923.86
6700002581,4589385,2015-06-19,73.0,1,11485.35
6700002582,60119165,2015-06-19,59.2,1,13062.67
6700002583,4295241,2015-06-21,65.0,1,4758.83
6700002584,4408921,2015-06-21,98.0,1,12791.59
6700002585,4411099,2015-06-21,30.0,4,13566.84
6700002586,4589251,2015-06-21,123.0,1,11945.44
6700002587,60100958,2015-06-21,63.2,1,10046.33
6700002588,60106821,2015-06-21,83.0,1,14711.03
6700002589,60110802,2015-06-21,110.9,1,11523.86
6700002590,4589386,2015-06-22,73.0,1,13559.4
6700002591,60100788,2015-06-22,63.2,1,11591.92
6700002592,60102306,2015-06-22,61.9,1,13150.41
6700002593,60103124,2015-06-22,102.4,1,7154.39
6700002594,60106728,2015-06-22,88.3,1,13643.66
6700002595,4589248,2015-06-23,130.0,1,11771.84
6700002596,4589253,2015-06-23,121.0,1,13185.62
6700002597,4589254,2015-06-23,223.0,1,10585.78
6700002598,60096461,2015-06-23,81.3,1,13216.4
6700002599,60121435,2015-06-23,57.0,1,9996.62
6700002600,80438420,2015-06-23,111.67,1,14433.07
6700002601,80441797,2015-06-23,154.3,1,7913.26
6700002602,80896594,2015-06-23,102.78,1,15047.87
6700002603,81089820,2015-06-23,120.0,1,16266.64
6700002604,60122195,2015-06-24,61.9,1,14728.46
6700002605,60100884,2015-06-25,63.2,1,9531.13
6700002606,4408922,2015-06-28,99.0,1,14306.85
6700002607,60103653,2015-06-29,128.42,1,9254.44
6700002608,60110838,2015-06-30,90.68,1,5834.88
6700002609,60104433,2015-07-02,50.5,1,9969.43
6700002610,60120227,2015-07-03,70.2,1,17119.64
6700002611,60105956,2015-07-05,120.3,1,9450.01
6700002612,4406736,2015-07-06,70.0,1,12760.41
6700002613,60118246,2015-07-06,118.0,1,14588.94
6700002614,60119243,2015-07-06,87.0,1,13440.43
6700002615,60122384,2015-07-06,133.2,1,7925.18
6700002616,60120476,2015-07-12,46.6,1,17251.2
6700002617,4589628,2015-07-13,141.0,1,12669.91
6700002618,60100985,2015-07-15,63.2,1,10278.86
6700002619,60106208,2015-07-15,101.0,1,12381.39
6700002620,60104034,2015-07-16,62.48,1,9097.6
6700002621,81136384,2015-07-17,96.0,1,17593.9
6700002622,4411102,2015-07-19,250.0,1,15590.9
6700002623,60106221,2015-07-22,99.15,1,10319.24
6700002624,60110362,2015-07-22,120.0,1,11368.36
6700002625,60106977,2015-07-28,70.0,1,15486.5
6700002626,60118281,2015-07-29,235.0,1,6910.86
6700002627,60099288,2015-07-30,46.6,1,13940.36
6700002628,60102271,2015-08-02,46.0,1,13423.35
6700002629,60102298,2015-08-02,61.9,1,17063.1
6700002630,60118989,2015-08-02,73.0,1,11352.27
6700002631,60117805,2015-08-03,54.0,1,12939.28
6700002632,60096501,2015-08-04,74.52,1,15699.83
6700002633,4589397,2015-08-10,114.0,1,10690.34
6700002634,60104074,2015-08-10,66.77,1,9734.51
6700002635,60110386,2015-08-10,137.5,1,15363.0
6700002636,4589358,2015-08-11,131.0,1,10853.56
6700002637,4589387,2015-08-11,135.0,1,9027.4
6700002638,60099787,2015-08-11,64.5,1,10832.88
6700002639,60105201,2015-08-12,63.8,1,10162.19
6700002640,60117023,2015-08-12,46.4,1,9350.36
6700002641,4521175,2015-08-16,130.0,1,11874.5
6700002642,4589255,2015-08-16,125.0,1,12999.46
6700002643,60104636,2015-08-17,110.0,1,11374.53
6700002644,4623625,2015-08-18,80.0,1,13730.68
6700002645,4411077,2015-08-20,54.0,1,10501.88
6700002646,60096281,2015-08-20,179.0,1,9985.62
6700002647,60095477,2015-08-27,114.24,1,18192.3
6700002648,60105220,2015-08-27,82.0,1,8818.23
6700002649,60106018,2015-08-27,74.21,1,11386.13
6700002650,80400800,2015-08-30,116.38,1,14939.66
6700002651,60106745,2015-09-02,138.45,1,9097.84
6700002652,4589624,2015-09-05,126.0,1,10958.02
6700002653,60099650,2015-09-09,44.9,1,9710.78
6700002654,60119422,2015-09-09,78.3,1,11343.25
6700002655,60104346,2015-09-10,44.6,1,16655.58
6700002656,60107030,2015-09-10,102.0,1,13663.04
6700002657,4623628,2015-09-17,87.0,1,13995.51
6700002658,60102328,2015-09-18,61.9,1,11087.53
6700002659,60105419,2015-09-21,97.0,1,13318.49
6700002660,80972643,2015-10-01,125.41,1,17124.68
6700002661,80972677,2015-10-01,125.41,1,17124.68
6700002662,80972634,2015-10-07,81.36,1,19487.23
6700002663,80972659,2015-10-07,125.41,1,17124.68
6700002664,60106992,2015-10-08,86.0,1,18622.04
6700002665,80972660,2015-10-08,125.41,1,17124.68
6700002666,81000031,2015-10-08,103.5,1,12378.71
6700002667,60103000,2015-10-11,107.7,1,14275.17
6700002668,80972644,2015-10-11,98.97,1,18738.33
6700002669,4407082,2015-10-12,170.0,1,13188.79
6700002670,60095031,2015-10-13,102.17,1,10972.37
6700002671,4406796,2015-10-15,92.0,1,7311.18
6700002672,60105181,2015-10-18,63.8,1,8911.14
6700002673,80972648,2015-10-18,81.36,1,19241.18
6700002674,80972665,2015-10-18,81.36,1,17715.66
6700002675,60099620,2015-10-19,90.0,1,13345.8
6700002676,80972622,2015-10-19,116.18,1,17423.74
6700002677,60101618,2015-10-20,77.3,1,12223.58
6700002678,60119254,2015-10-20,77.6,1,10938.05
6700002679,60120703,2015-10-20,40.9,1,17620.37
6700002680,4521486,2015-10-21,123.0,1,14960.31
6700002681,60105868,2015-10-22,73.7,1,13037.96
6700002682,60105875,2015-10-22,70.12,1,10277.71
6700002683,80478204,2015-10-22,160.0,1,13712.81
6700002684,4652124,2015-10-25,108.0,1,13049.22
6700002685,4623623,2015-10-26,79.0,1,13703.94
6700002686,4652125,2015-10-26,111.0,1,13850.77
6700002687,4652126,2015-10-26,108.0,1,15570.1
6700002688,80972626,2015-10-26,125.41,1,17635.48
6700002689,80972649,2015-10-27,81.36,1,19241.18
6700002690,4521141,2015-10-28,41.0,3,8671.51
6700002691,4589395,2015-10-28,125.0,1,12448.11
6700002692,4589305,2015-10-29,125.0,1,12440.42
6700002693,60121039,2015-10-29,74.0,1,12227.64
6700002694,60122242,2015-10-29,61.1,1,6028.54
6700002695,60119246,2015-11-01,77.6,1,11666.96
6700002696,80972642,2015-11-01,125.41,1,16255.8
6700002697,80972670,2015-11-01,125.97,1,16795.07
6700002698,80972684,2015-11-01,81.36,1,18546.3
6700002699,4410982,2015-11-02,150.0,1,15872.85
6700002700,80972674,2015-11-02,94.04,1,18494.65
6700002701,80984202,2015-11-02,80.1,1,14872.14
6700002702,4652114,2015-11-03,111.0,1,14023.22
6700002703,4652120,2015-11-03,109.0,1,12823.33
6700002704,60100125,2015-11-04,113.0,1,8714.81
6700002705,60120031,2015-11-09,67.1,1,24854.87
6700002706,4652115,2015-11-10,110.0,1,13284.33
6700002707,60100283,2015-11-10,122.0,1,9764.41
6700002708,60104101,2015-11-10,60.4,1,9992.9
6700002709,80972651,2015-11-10,81.36,1,17374.96
6700002710,4408603,2015-11-11,200.0,1,15486.36
6700002711,60101863,2015-11-12,145.52,1,9059.41
6700002712,60105940,2015-11-12,101.8,1,10843.8
6700002713,4589245,2015-11-13,125.0,1,12071.42
6700002714,60105898,2015-11-14,84.25,1,10274.75
6700002715,4589309,2015-11-15,123.0,1,12487.23
6700002716,4589622,2015-11-15,283.0,1,9574.97
6700002717,60104541,2015-11-15,86.0,1,6464.19
6700002718,60100988,2015-11-16,63.2,1,7539.61
6700002719,60110316,2015-11-16,98.6,1,12887.18
6700002720,4589242,2015-11-17,124.0,1,14858.71
6700002721,4589625,2015-11-18,100.0,1,11277.25
6700002722,60096926,2015-11-18,86.45,1,19291.63
6700002723,60103674,2015-11-18,90.09,1,15867.58
6700002724,80921855,2015-11-19,128.0,1,12098.72
6700002725,60102312,2015-11-22,61.9,1,10905.43
6700002726,60106819,2015-11-23,85.0,1,15117.3
6700002727,60095008,2015-11-24,86.31,1,12329.87
6700002728,60105266,2015-11-24,69.8,1,6826.7
6700002729,60106825,2015-11-24,85.0,1,15304.17
6700002730,60119429,2015-11-25,113.2,1,9260.67
6700002731,4589339,2015-11-28,124.0,1,12809.23
6700002732,4408484,2015-11-29,250.0,1,10165.4
6700002733,60102974,2015-11-29,55.2,1,30069.2
6700002734,60118648,2015-11-29,73.19,1,11284.86
6700002735,4408936,2015-11-30,98.0,1,12641.92
6700002736,4589258,2015-11-30,135.0,1,17118.82
6700002737,4408937,2015-12-01,96.0,1,12971.1
6700002738,4589261,2015-12-01,130.0,1,17641.71
6700002739,60099545,2015-12-02,90.0,1,10508.24
6700002740,60102287,2015-12-02,83.2,1,7199.15
6700002741,60110553,2015-12-02,119.5,1,7914.15
6700002742,4623627,2015-12-03,80.0,1,13082.75
6700002743,4589337,2015-12-05,117.0,1,16166.52
6700002744,4589338,2015-12-05,117.0,1,17513.73
6700002745,81000039,2015-12-06,106.8,1,10773.89
6700002746,60106022,2015-12-08,45.0,1,11383.92
6700002747,60121881,2015-12-08,45.4,1,15623.48
6700002748,4623641,2015-12-09,95.0,1,13107.64
6700002749,60105878,2015-12-09,84.25,1,11786.69
6700002750,81000021,2015-12-09,89.4,1,12694.51
6700002751,60108348,2015-12-10,117.2,1,11297.25
6700002752,60106839,2015-12-11,60.0,1,17338.59
6700002753,60119183,2015-12-13,78.3,1,11675.82
6700002754,4401725,2015-12-14,200.0,1,9851.47
6700002755,4623655,2015-12-14,80.0,1,13319.19
6700002756,60116808,2015-12-14,54.5,1,30367.84
6700002757,4589627,2015-12-15,124.0,1,10957.38
6700002758,80857666,2015-12-15,119.57,1,9886.9
6700002759,4299804,2015-12-16,67.0,1,8375.22
6700002760,60105536,2015-12-17,133.34,1,12294.02
6700002761,4652116,2015-12-19,92.0,1,12022.22
6700002762,60117707,2015-12-20,41.0,1,12686.77
6700002763,4589243,2015-12-26,124.0,1,11758.21
6700002764,60110283,2015-12-27,91.9,1,16122.54
6700002765,4406362,2015-12-28,41.0,1,10764.54
6700002766,4589341,2015-12-29,117.0,1,17513.73
6700002767,80973723,2015-12-29,116.0,1,18004.41
6700002768,80896584,2015-12-30,137.74,1,14533.32
6700002769,80973696,2015-12-30,125.0,1,15762.36
6700002770,80896592,2016-01-03,106.0,1,13941.29
6700002771,4652156,2016-01-04,93.0,1,14284.16
6700002772,60104489,2016-01-05,42.6,1,10333.07
6700002773,60121511,2016-01-05,57.0,1,12411.34
6700002774,4663611,2016-01-06,130.0,1,11851.24
6700002775,60101589,2016-01-06,57.4,1,11749.69
6700002776,60101315,2016-01-07,80.3,1,12725.61
6700002777,60106532,2016-01-07,46.9,1,10056.09
6700002778,80973731,2016-01-07,131.3,1,21552.06
6700002779,4589396,2016-01-09,114.0,1,13431.83
6700002780,4663602,2016-01-09,128.0,1,12036.41
6700002781,4663636,2016-01-09,238.0,1,9247.66
6700002782,4663652,2016-01-09,128.0,1,12036.41
6700002783,4652157,2016-01-10,137.0,1,10327.68
6700002784,60099297,2016-01-10,30.7,1,23043.85
6700002785,60100815,2016-01-10,63.2,1,12437.52
6700002786,4663649,2016-01-11,128.0,1,12036.41
6700002787,60101305,2016-01-11,43.7,1,14929.58
6700002788,60116950,2016-01-11,46.5,1,22398.24
6700002789,4663605,2016-01-12,130.0,1,11851.24
6700002790,60100657,2016-01-13,49.0,1,13956.42
6700002791,60096812,2016-01-14,47.59,1,18499.21
6700002792,80973694,2016-01-14,75.3,1,20877.86
6700002793,60103148,2016-01-15,105.41,1,10439.92
6700002794,60105196,2016-01-15,63.8,1,10718.88
6700002795,4589626,2016-01-17,121.0,1,11108.66
6700002796,80888681,2016-01-17,118.17,1,11840.33
6700002797,4623659,2016-01-18,83.0,1,12652.59
6700002798,60118380,2016-01-18,69.1,1,13650.68
6700002799,4663608,2016-01-19,130.0,1,14511.72
6700002800,4663638,2016-01-19,130.0,1,14874.51
6700002801,60098985,2016-01-19,41.0,3,21089.18
6700002802,4623663,2016-01-20,90.0,1,12664.16
6700002803,60103140,2016-01-20,105.41,1,10514.49
6700002804,60100939,2016-01-21,63.2,1,8457.51
6700002805,60101917,2016-01-21,92.47,1,10897.78
6700002806,80826381,2016-01-21,114.0,1,12411.34
6700002807,80914806,2016-01-21,104.0,1,13967.53
6700002808,80972683,2016-01-21,81.36,1,21255.08
6700002809,4663595,2016-01-24,130.0,1,11851.24
6700002810,4663648,2016-01-24,238.0,1,9247.66
6700002811,60122113,2016-01-24,48.5,1,25218.47
6700002812,80999995,2016-01-24,83.0,1,13448.11
6700002813,60119166,2016-01-25,59.2,1,16464.59
6700002814,4623654,2016-01-26,90.0,1,12943.65
6700002815,60104434,2016-01-26,60.6,1,17900.18
6700002816,4408751,2016-01-27,90.0,4,34935.62
6700002817,4623657,2016-01-27,83.0,1,12804.11
6700002818,4663622,2016-01-27,130.0,3,11851.24
6700002819,4411342,2016-01-28,130.0,1,13592.64
6700002820,4623656,2016-01-28,79.0,1,13034.52
6700002821,4623658,2016-01-28,79.0,1,12736.02
6700002822,60117751,2016-01-28,54.0,1,14410.94
6700002823,81119510,2016-01-28,125.0,1,11696.44
6700002824,4652152,2016-01-30,99.0,1,14609.44
6700002825,4663623,2016-01-30,128.0,1,12036.41
6700002826,80972640,2016-01-31,94.04,1,17386.08
6700002827,60099480,2016-02-01,71.0,1,8796.95
6700002828,4663647,2016-02-02,130.0,1,15014.02
6700002829,80847950,2016-02-03,83.0,1,7901.36
6700002830,80973693,2016-02-03,75.3,1,20529.13
6700002831,4652155,2016-02-06,118.0,1,15217.6
6700002832,4663597,2016-02-06,130.0,1,11770.99
6700002833,4589379,2016-02-07,114.0,1,13012.15
6700002834,4652121,2016-02-07,125.0,1,14365.42
6700002835,60095574,2016-02-07,89.3,1,7343.92
6700002836,60100756,2016-02-07,34.32,3,2274.85
6700002837,60119411,2016-02-08,78.2,1,10982.12
6700002838,4589332,2016-02-09,117.0,1,17349.54
6700002839,4589629,2016-02-13,138.0,1,11880.66
6700002840,4589246,2016-02-14,141.0,1,13289.01
6700002841,4589630,2016-02-14,130.0,1,12611.78
6700002842,60094948,2016-02-14,109.05,1,16466.55
6700002843,80972681,2016-02-14,98.97,1,17275.91
6700002844,80973727,2016-02-14,100.0,1,21470.05
6700002845,60099579,2016-02-15,25.5,1,22044.12
6700002846,60099533,2016-02-17,45.0,1,18217.01
6700002847,60116998,2016-02-17,45.1,1,20773.28
6700002848,4663624,2016-02-21,127.0,1,15368.68
6700002849,80999979,2016-02-21,101.65,1,13517.79
6700002850,4663594,2016-02-22,238.0,1,9185.05
6700002851,4663596,2016-02-23,238.0,1,9185.05
6700002852,4663643,2016-02-24,130.0,1,11770.99
6700002853,60110548,2016-02-24,43.0,3,13072.67
6700002854,4643457,2016-02-29,120.0,1,16915.8
6700002855,60105010,2016-02-29,63.8,1,7342.28
6700002856,60106265,2016-03-01,94.52,1,7336.5
6700002857,80896595,2016-03-01,100.48,1,14569.49
6700002858,4408938,2016-03-02,99.0,1,12296.81
6700002859,60104288,2016-03-02,100.0,1,13868.93
6700002860,60108206,2016-03-02,81.5,1,13519.13
6700002861,80888679,2016-03-02,109.33,1,11557.79
6700002862,80972636,2016-03-02,125.97,1,16783.69
6700002863,60106266,2016-03-03,24.21,1,5728.59
6700002864,80921854,2016-03-03,119.0,1,13467.49
6700002865,4663632,2016-03-06,128.0,1,11798.22
6700002866,60102717,2016-03-06,121.2,1,11697.3
6700002867,4410398,2016-03-07,300.0,4,6420.8
6700002868,60096111,2016-03-07,77.0,1,40025.77
6700002869,60101031,2016-03-07,63.2,1,7314.84
6700002870,4663598,2016-03-08,113.0,1,12137.02
6700002871,80921861,2016-03-09,172.0,1,12722.14
6700002872,60106290,2016-03-10,194.45,1,8241.87
6700002873,4652122,2016-03-12,107.0,1,13825.72
6700002874,4663614,2016-03-12,127.0,1,15167.24
6700002875,4623665,2016-03-13,87.0,1,13532.39
6700002876,60121158,2016-03-13,45.1,1,10250.5
6700002877,60105438,2016-03-14,81.6,1,15485.46
6700002878,60106331,2016-03-14,42.68,1,12998.06
6700002879,60109220,2016-03-14,87.2,3,2933.54
6700002880,60119291,2016-03-14,77.6,1,10127.65
6700002881,60117714,2016-03-15,41.0,1,16913.33
6700002882,60121184,2016-03-15,40.9,1,11303.12
6700002883,4589376,2016-03-16,80.0,1,9920.14
6700002884,80973686,2016-03-17,102.3,1,21390.11
6700002885,81011084,2016-03-17,121.0,1,9551.6
6700002886,60120891,2016-03-18,29.8,1,14479.12
6700002887,4408941,2016-03-19,119.0,1,14891.94
6700002888,4407516,2016-03-20,70.0,1,14529.35
6700002889,60096118,2016-03-20,121.4,1,10789.48
6700002890,60120768,2016-03-21,46.6,1,16203.56
6700002891,4411071,2016-03-22,76.0,1,7502.2
6700002892,60118367,2016-03-27,69.6,1,13063.01
6700002893,80972653,2016-03-27,125.97,1,19120.19
6700002894,4663626,2016-03-28,238.0,1,9064.66
6700002895,80972641,2016-03-28,94.04,1,17533.62
6700002896,4589355,2016-03-29,164.0,1,15879.73
6700002897,4589352,2016-03-30,164.0,1,15879.73
6700002898,60117946,2016-03-30,45.1,1,14350.7
6700002899,81089660,2016-03-30,100.0,1,12327.94
6700002900,80972668,2016-03-31,81.36,1,18940.41
6700002901,60098109,2016-04-04,51.0,3,7833.89
6700002902,60116821,2016-04-04,200.0,1,10833.37
6700002903,60100732,2016-04-05,108.0,1,12947.68
6700002904,60121830,2016-04-06,114.5,1,7918.1
6700002905,4652123,2016-04-09,110.0,1,12432.88
6700002906,4589334,2016-04-12,120.0,1,17287.29
6700002907,60107898,2016-04-12,147.51,1,6354.52
6700002908,60104047,2016-04-13,67.57,1,8869.21
6700002909,4663600,2016-04-14,128.0,1,11764.96
6700002910,4408930,2016-04-18,99.0,1,12417.36
6700002911,4408931,2016-04-18,96.0,1,11812.98
6700002912,4408929,2016-04-20,112.0,1,14406.07
6700002913,60117686,2016-04-20,29.6,4,9084.91
6700002914,4408942,2016-04-21,112.0,1,14406.07
6700002915,80972631,2016-04-21,81.36,1,20114.68
6700002916,4521928,2016-04-25,75.0,1,13317.61
6700002917,4663615,2016-04-25,238.0,1,9039.11
6700002918,4589335,2016-04-26,121.0,1,17715.9
6700002919,4589634,2016-04-30,119.0,1,10976.06
6700002920,60118906,2016-05-03,73.2,1,8377.66
6700002921,60107083,2016-05-05,136.0,1,10314.69
6700002922,60106379,2016-05-06,63.95,1,10308.65
6700002923,4408940,2016-05-07,99.0,1,12079.06
6700002924,4663613,2016-05-07,128.0,1,11737.89
6700002925,60102522,2016-05-09,106.44,1,9722.38
6700002926,60103182,2016-05-09,105.4,1,12654.72
6700002927,60122180,2016-05-09,61.9,1,17832.64
6700002928,60095486,2016-05-10,114.76,1,9618.69
6700002929,60106953,2016-05-10,70.0,1,15112.1
6700002930,60121124,2016-05-10,100.0,1,9091.35
6700002931,80896597,2016-05-10,124.46,1,16013.54
6700002932,80972623,2016-05-10,94.04,1,17606.98
6700002933,80972619,2016-05-11,125.97,1,16977.78
6700002934,60096756,2016-05-16,98.7,1,12426.44
6700002935,4521376,2016-05-17,86.0,1,4438.89
6700002936,4521381,2016-05-17,86.0,1,3333.63
6700002937,4589377,2016-05-17,74.0,1,13673.7
6700002938,60097251,2016-05-17,76.4,1,11638.81
6700002939,60097265,2016-05-17,80.54,1,13991.02
6700002940,60120532,2016-05-18,40.7,1,14314.07
6700002941,60121681,2016-05-18,81.9,1,11605.97
6700002942,4521180,2016-05-19,120.0,1,12903.69
6700002943,60106537,2016-05-19,54.05,1,14182.35
6700002944,60108329,2016-05-19,111.6,1,10564.18
6700002945,4589240,2016-05-22,96.0,1,11178.94
6700002946,60107035,2016-05-22,80.04,1,11492.59
6700002947,60121206,2016-05-22,30.4,3,27838.08
6700002948,80896590,2016-05-22,115.82,1,12442.8
6700002949,4411227,2016-05-23,150.0,1,10006.11
6700002950,4589623,2016-05-25,130.0,1,10436.95
6700002951,4663591,2016-05-25,85.0,1,13707.82
6700002952,60096395,2016-05-25,97.5,1,6195.34
6700002953,60100122,2016-05-25,124.5,1,7634.77
6700002954,60097269,2016-05-26,85.63,1,10652.83
6700002955,4652129,2016-05-28,108.0,1,13485.71
6700002956,60107034,2016-05-29,103.1,1,13383.13
6700002957,60101839,2016-05-30,108.16,1,7512.47
6700002958,4652136,2016-05-31,110.0,1,13379.88
6700002959,60117731,2016-05-31,41.0,1,18696.48
6700002960,4663645,2016-06-02,130.0,1,14069.06
6700002961,60102745,2016-06-02,94.94,1,7737.94
6700002962,4521927,2016-06-05,75.0,1,12855.68
6700002963,4589646,2016-06-05,126.0,1,10705.33
6700002964,81184365,2016-06-05,116.0,1,12942.12
6700002965,60102938,2016-06-08,51.5,1,14797.56
6700002966,81184373,2016-06-08,116.0,1,13139.21
6700002967,4407197,2016-06-10,120.0,1,2375.13
6700002968,4663691,2016-06-12,121.0,1,14737.63
6700002969,4406881,2016-06-13,214.0,1,10320.05
6700002970,60119309,2016-06-13,73.2,1,11660.15
6700002971,60120834,2016-06-13,160.0,1,10954.82
6700002972,80914808,2016-06-13,105.97,1,12944.55
6700002973,4509783,2016-06-14,220.0,1,10530.48
6700002974,4652128,2016-06-14,108.0,1,13547.99
6700002975,60097249,2016-06-14,52.5,1,12338.34
6700002976,60097425,2016-06-14,72.25,1,9914.88
6700002977,4408919,2016-06-15,70.0,1,14152.81
6700002978,4589637,2016-06-15,126.0,1,10705.33
6700002979,60117354,2016-06-15,100.0,1,9144.89
6700002980,81184350,2016-06-15,165.55,1,13165.4
6700002981,4408927,2016-06-18,99.0,1,12624.26
6700002982,4408934,2016-06-18,104.0,1,13189.75
6700002983,4589580,2016-06-18,130.0,1,10375.93
6700002984,60110334,2016-06-19,74.3,1,12308.06
6700002985,4623667,2016-06-21,80.0,1,12574.22
6700002986,4663599,2016-06-21,128.0,1,14288.89
6700002987,60118078,2016-06-21,80.0,1,15241.48
6700002988,60119345,2016-06-21,84.7,1,12236.37
6700002989,60119782,2016-06-21,110.0,1,11084.72
6700002990,80972680,2016-06-21,98.97,1,17402.12
6700002991,80972647,2016-06-22,98.97,1,16940.12
6700002992,80972667,2016-06-22,81.36,1,20232.06
6700002993,80973717,2016-06-22,130.0,1,17586.33
6700002994,60106974,2016-06-26,125.0,1,11583.53
6700002995,4663629,2016-06-27,238.0,1,8965.58
6700002996,60121218,2016-06-27,40.9,1,16396.71
6700002997,60103518,2016-06-28,75.2,1,13782.19
6700002998,4663588,2016-06-29,73.0,1,15533.79
6700002999,60100951,2016-06-29,63.2,1,11575.81
6700003000,60107098,2016-06-29,77.0,1,15815.51
6700003001,60107136,2016-06-29,82.0,1,15037.03
6700003002,80972693,2016-06-29,125.41,1,17743.85
6700003003,60100722,2016-06-30,84.0,1,14243.53
6700003004,60103618,2016-06-30,92.99,1,18849.02
6700003005,81184370,2016-06-30,116.0,1,12942.12
6700003006,4589610,2016-07-03,141.0,1,11487.39
6700003007,60106528,2016-07-03,54.05,1,13443.19
6700003008,60117736,2016-07-04,41.0,1,17352.85
6700003009,60119357,2016-07-04,81.7,1,13432.99
6700003010,60095461,2016-07-06,114.4,1,12504.39
6700003011,60117750,2016-07-06,54.0,1,14016.29
6700003012,80400770,2016-07-06,66.5,1,17072.47
6700003013,60096869,2016-07-07,65.0,1,11644.3
6700003014,60096871,2016-07-07,89.0,1,20410.24
6700003015,60117789,2016-07-07,53.1,1,15109.08
6700003016,80973713,2016-07-07,113.0,1,17816.81
6700003017,80973715,2016-07-07,98.6,1,18730.08
6700003018,60096870,2016-07-08,73.0,1,12027.13
6700003019,60119196,2016-07-11,78.3,1,12469.66
6700003020,60105465,2016-07-17,73.5,1,14416.75
6700003021,60117179,2016-07-17,142.9,1,12552.87
6700003022,60122096,2016-07-19,48.5,1,14294.88
6700003023,80972627,2016-07-19,98.97,1,17895.3
6700003024,60099789,2016-07-20,64.5,1,10326.42
6700003025,80973721,2016-07-21,130.0,1,18048.67
6700003026,60102669,2016-07-22,125.12,1,10283.69
6700003027,4521906,2016-07-24,200.0,1,10407.09
6700003028,4589611,2016-07-24,138.0,1,11737.12
6700003029,4652130,2016-07-24,92.0,1,12144.63
6700003030,60095573,2016-07-24,91.7,1,11142.72
6700003031,81011245,2016-07-24,126.87,1,11454.31
6700003032,60118973,2016-07-27,73.2,1,11580.67
6700003033,81136348,2016-07-27,122.25,1,15044.72
6700003034,4521931,2016-07-31,76.0,1,12269.42
6700003035,60101326,2016-08-01,80.3,1,11203.3
6700003036,81184355,2016-08-01,116.0,1,13959.7
6700003037,60119924,2016-08-02,74.0,1,17222.55
6700003038,60121678,2016-08-02,47.1,1,17508.62
6700003039,60105454,2016-08-03,101.0,1,13657.67
6700003040,60107996,2016-08-03,71.0,1,14254.62
6700003041,60118423,2016-08-03,28.8,1,25510.2
6700003042,60121113,2016-08-04,100.0,1,8696.37
6700003043,80473012,2016-08-04,107.17,1,17907.99
6700003044,80972704,2016-08-04,125.97,1,16544.66
6700003045,60100959,2016-08-10,63.2,1,8066.26
6700003046,80972712,2016-08-10,98.97,1,17965.38
6700003047,4652131,2016-08-13,118.0,1,14612.55
6700003048,60107055,2016-08-15,82.0,1,11885.29
6700003049,80973704,2016-08-15,102.8,1,23044.87
6700003050,4589259,2016-08-17,135.0,1,18492.29
6700003051,60101147,2016-08-17,72.81,1,12149.86
6700003052,60106735,2016-08-17,88.8,1,11819.4
6700003053,4406737,2016-08-18,65.0,1,8396.5
6700003054,4408553,2016-08-18,61.0,1,21114.15
6700003055,4589257,2016-08-18,135.0,1,18492.29
6700003056,60107039,2016-08-18,112.6,1,11185.39
6700003057,80972694,2016-08-18,125.41,1,17933.68
6700003058,60101788,2016-08-22,68.9,1,13818.62
6700003059,60102701,2016-08-22,217.95,1,12383.0
6700003060,60118639,2016-08-22,73.19,1,12598.93
6700003061,60103542,2016-08-23,98.24,1,13278.26
6700003062,80888683,2016-08-23,93.39,1,12843.99
6700003063,4589239,2016-08-24,90.0,1,12494.79
6700003064,4652127,2016-08-24,93.0,1,13623.35
6700003065,80972696,2016-08-29,98.97,1,18634.24
6700003066,80972687,2016-08-30,125.97,1,18925.19
6700003067,4511446,2016-08-31,123.0,1,8533.03
6700003068,60106730,2016-08-31,80.0,1,14993.75
6700003069,60117018,2016-08-31,69.0,1,6899.3
6700003070,80972671,2016-08-31,125.97,1,17020.77
6700003071,80999975,2016-08-31,106.5,1,11966.84
6700003072,4589581,2016-09-01,124.0,1,10527.53
6700003073,81136346,2016-09-01,113.9,1,15498.46
6700003074,4589583,2016-09-02,130.0,1,10041.64
6700003075,60121066,2016-09-04,40.9,1,14507.81
6700003076,81184379,2016-09-04,117.75,1,12976.02
6700003077,60120393,2016-09-05,57.3,1,9061.05
6700003078,4589356,2016-09-06,145.0,1,10997.8
6700003079,60097422,2016-09-07,72.25,1,8007.41
6700003080,60108205,2016-09-08,81.5,1,12741.07
6700003081,80896586,2016-09-08,107.17,1,14007.89
6700003082,4589607,2016-09-10,121.0,1,10543.34
6700003083,4624348,2016-09-11,83.0,1,13886.99
6700003084,4412527,2016-09-13,50.0,3,3738.23
6700003085,4652135,2016-09-13,109.0,1,12928.93
6700003086,4411110,2016-09-14,570.0,1,702.67
6700003087,60099800,2016-09-14,64.5,1,12419.36
6700003088,60106886,2016-09-15,112.62,1,11591.31
6700003089,81184357,2016-09-15,116.0,1,13235.72
6700003090,4652117,2016-09-18,106.0,1,13434.78
6700003091,60108187,2016-09-19,92.1,1,10710.93
6700003092,60119035,2016-09-20,73.2,1,11652.58
6700003093,60099538,2016-09-21,45.1,1,19077.29
6700003094,60102859,2016-09-21,61.6,1,17579.54
6700003095,60118820,2016-09-21,59.2,1,12779.5
6700003096,60106179,2016-09-22,89.0,1,10917.33
6700003097,60122309,2016-09-22,27.3,4,10867.58
6700003098,60106525,2016-09-23,54.05,1,8233.62
6700003099,4589238,2016-09-24,83.0,1,13404.43
6700003100,80972625,2016-09-25,125.41,1,17742.89
6700003101,60105276,2016-09-28,63.8,1,11916.22
6700003102,60107024,2016-09-28,140.5,1,11508.41
6700003103,60118736,2016-09-28,61.3,1,13551.67
6700003104,80440605,2016-09-28,107.85,1,10315.88
6700003105,80473011,2016-09-28,113.08,1,17709.78
6700003106,4408569,2016-09-29,911.0,3,4557.74
6700003107,80888648,2016-09-29,113.65,1,11486.26
6700003108,80972657,2016-09-29,94.04,1,17746.19
6700003109,4589606,2016-10-05,124.0,1,10522.32
6700003110,80473010,2016-10-07,113.08,1,17701.03
6700003111,4411103,2016-10-09,300.0,1,12602.87
6700003112,60121114,2016-10-09,40.9,1,21388.44
6700003113,60105892,2016-10-10,84.25,1,9239.32
6700003114,60106241,2016-10-10,69.23,1,14242.22
6700003115,60117570,2016-10-10,80.1,1,16640.93
6700003116,80405734,2016-10-10,74.54,1,15017.86
6700003117,4652118,2016-10-12,110.0,1,12805.05
6700003118,4511452,2016-10-13,100.0,1,9785.76
6700003119,60103105,2016-10-13,100.7,1,12662.5
6700003120,80473015,2016-10-13,102.11,1,22506.81
6700003121,60103536,2016-10-25,103.15,1,15811.53
6700003122,60121209,2016-10-25,30.0,3,6869.8
6700003123,4589190,2016-10-26,97.0,1,12992.65
6700003124,60110815,2016-10-26,110.9,1,8489.71
6700003125,60101040,2016-10-27,63.2,1,7507.29
6700003126,80972679,2016-10-31,98.97,1,18426.89
6700003127,60102577,2016-11-01,80.07,1,13943.24
6700003128,60100702,2016-11-02,99.0,1,12931.1
6700003129,60101224,2016-11-07,184.7,1,5641.61
6700003130,4589191,2016-11-09,238.0,1,9569.44
6700003131,4623193,2016-11-09,95.0,1,12880.13
6700003132,60096897,2016-11-09,96.3,1,12366.19
6700003133,60100345,2016-11-09,95.1,1,14400.56
6700003134,60106948,2016-11-09,80.0,1,14606.69
6700003135,4410269,2016-11-14,240.0,1,10047.91
6700003136,4624350,2016-11-14,80.0,1,13546.08
6700003137,60097368,2016-11-14,61.91,1,6972.83
6700003138,80405318,2016-11-16,86.97,1,7231.52
6700003139,4623526,2016-11-17,91.0,1,12350.31
6700003140,60097277,2016-11-20,51.8,1,13075.36
6700003141,60110355,2016-11-20,85.3,1,15706.0
6700003142,60119227,2016-11-20,59.1,1,13853.11
6700003143,60100163,2016-11-21,30.4,1,27910.87
6700003144,60101904,2016-11-22,105.23,1,8487.58
6700003145,60117643,2016-11-22,49.8,1,14945.58
6700003146,80440595,2016-11-22,97.05,1,12884.15
6700003147,4623196,2016-11-23,103.0,1,12790.23
6700003148,80972676,2016-11-24,125.41,1,17448.47
6700003149,4589604,2016-11-26,121.0,1,10949.06
6700003150,80972637,2016-11-27,125.97,1,17146.38
6700003151,60100137,2016-11-28,46.0,1,13591.38
6700003152,60104461,2016-11-29,29.2,1,15803.42
6700003153,60119174,2016-11-29,89.5,1,12141.49
6700003154,80442157,2016-11-30,114.05,1,12203.61
6700003155,60105312,2016-12-01,63.8,1,10517.67
6700003156,60120910,2016-12-01,150.0,1,9742.32
6700003157,60118753,2016-12-04,61.3,1,19460.64
6700003158,80972698,2016-12-04,98.97,1,17025.6
6700003159,60100514,2016-12-05,199.4,1,6431.33
6700003160,60118991,2016-12-05,73.2,1,12222.72
6700003161,4294195,2016-12-06,90.0,1,14895.14
6700003162,60094983,2016-12-07,149.55,1,8475.4
6700003163,60098947,2016-12-07,75.18,1,13884.28
6700003164,60104055,2016-12-07,62.48,1,10071.61
6700003165,60100561,2016-12-08,47.0,1,22208.94
6700003166,60106276,2016-12-08,91.03,1,12122.01
6700003167,60108078,2016-12-08,93.65,1,14012.07
6700003168,60107005,2016-12-13,74.0,1,14508.69
6700003169,60118666,2016-12-13,71.4,1,14201.63
6700003170,60099262,2016-12-14,47.8,1,18405.67
6700003171,60105047,2016-12-15,63.8,1,9816.49
6700003172,81011243,2016-12-16,126.87,1,10108.04
6700003173,4589603,2016-12-19,119.0,1,11152.46
6700003174,60121763,2016-12-20,40.6,1,16527.76
6700003175,80304236,2016-12-20,70.38,1,12712.46
6700003176,60104462,2016-12-22,43.8,1,11915.75
6700003177,60118675,2016-12-22,108.1,1,9656.06
6700003178,80914804,2016-12-22,126.7,1,14064.32
6700003179,60119265,2016-12-26,87.0,1,13711.92
6700003180,60117636,2016-12-27,49.8,1,11977.28
6700003181,80972678,2016-12-27,98.97,1,18682.96
6700003182,60098982,2016-12-29,40.0,3,8947.03
6700003183,80972716,2016-12-29,81.36,1,20893.99
6700003184,4589194,2017-01-01,125.0,1,16672.1
6700003185,80914814,2017-01-01,94.86,1,14123.15
6700003186,60108194,2017-01-02,92.1,1,10344.1
6700003187,60102687,2017-01-03,98.24,1,10834.03
6700003188,60117592,2017-01-04,58.7,1,17751.38
6700003189,60103612,2017-01-05,72.05,1,18160.47
6700003190,60103613,2017-01-05,71.26,1,10862.5
6700003191,80972630,2017-01-05,98.97,1,17868.37
6700003192,60106098,2017-01-08,61.5,1,13312.5
6700003193,4604742,2017-01-10,106.0,1,12702.08
6700003194,4652134,2017-01-10,121.0,1,17715.33
6700003195,60099007,2017-01-12,251.0,3,504.1
6700003196,60117942,2017-01-12,45.1,1,14852.79
6700003197,4589218,2017-01-15,124.0,1,13925.43
6700003198,60108360,2017-01-15,121.16,1,10136.01
6700003199,60118564,2017-01-15,51.1,1,22430.66
6700003200,60099616,2017-01-16,30.2,1,36968.04
6700003201,60120647,2017-01-16,40.7,1,10460.29
6700003202,60120467,2017-01-17,46.6,1,11819.2
6700003203,80438430,2017-01-17,84.86,1,14910.36
6700003204,4589605,2017-01-18,140.0,1,12440.28
6700003205,4604739,2017-01-18,106.0,1,12638.89
6700003206,80972719,2017-01-18,81.36,1,19211.02
6700003207,81011247,2017-01-18,126.87,1,10970.46
6700003208,60118782,2017-01-19,61.3,1,14812.95
6700003209,80972621,2017-01-19,116.18,1,15503.37
6700003210,80972718,2017-01-19,81.36,1,19211.02
6700003211,81184362,2017-01-19,116.0,1,12704.26
6700003212,4408924,2017-01-22,96.0,1,13335.2
6700003213,4652137,2017-01-22,118.0,1,14507.35
6700003214,80972695,2017-01-23,98.97,1,18800.9
6700003215,4623197,2017-01-24,84.0,1,13273.17
6700003216,4406825,2017-01-25,160.0,1,14420.62
6700003217,4521930,2017-01-25,85.0,1,11733.51
6700003218,4663590,2017-01-25,83.0,1,14078.74
6700003219,60099796,2017-01-26,64.5,1,10385.44
6700003220,80405313,2017-01-29,86.67,1,14770.73
6700003221,4589319,2017-01-30,125.0,1,8693.31
6700003222,60122136,2017-01-30,48.5,1,18722.35
6700003223,60122323,2017-01-30,69.0,1,10786.81
6700003224,4521179,2017-01-31,125.0,1,11432.29
6700003225,60119151,2017-01-31,78.3,1,11977.08
6700003226,4411388,2017-02-01,200.0,4,4442.58
6700003227,4604736,2017-02-02,106.0,1,12922.59
6700003228,60116989,2017-02-03,140.0,1,14808.59
6700003229,60100825,2017-02-05,63.2,1,11247.03
6700003230,60102320,2017-02-05,61.9,1,11004.77
6700003231,80972692,2017-02-07,94.04,1,17321.84
6700003232,80972717,2017-02-07,81.36,1,20749.51
6700003233,4407647,2017-02-08,86.0,1,8902.38
6700003234,60110285,2017-02-10,83.3,1,13333.07
6700003235,81228457,2017-02-10,102.06,1,13058.73
6700003236,4663609,2017-02-12,81.0,1,16271.17
6700003237,60110320,2017-02-12,101.9,1,12570.59
6700003238,60117673,2017-02-13,43.9,1,14842.33
6700003239,81184383,2017-02-13,130.18,1,10124.17
6700003240,60099021,2017-02-14,40.5,3,24863.81
6700003241,60105919,2017-02-15,128.26,1,9698.44
6700003242,60107992,2017-02-15,95.0,1,10911.6
6700003243,4406374,2017-02-16,57.0,1,10911.6
6700003244,60117583,2017-02-16,58.7,1,9838.76
6700003245,4589608,2017-02-20,122.0,1,12745.1
6700003246,60100982,2017-02-20,63.2,1,9489.68
6700003247,60101880,2017-02-20,96.26,1,10768.77
6700003248,4652138,2017-02-21,106.0,1,12573.34
6700003249,4401405,2017-02-22,115.0,1,12490.73
6700003250,60101539,2017-02-22,103.0,1,6182.23
6700003251,4589244,2017-02-23,127.0,1,13525.96
6700003252,60100900,2017-02-23,63.2,1,11598.5
6700003253,60110401,2017-02-23,153.4,1,15445.73
6700003254,80972702,2017-02-23,81.36,1,19384.41
6700003255,60120743,2017-02-26,46.6,1,19702.42
6700003256,4589598,2017-03-01,121.0,1,10841.4
6700003257,60118441,2017-03-01,38.9,1,30312.45
6700003258,4408386,2017-03-02,110.0,1,7396.51
6700003259,4589546,2017-03-02,54.0,1,10781.62
6700003260,60117778,2017-03-05,53.1,1,16654.72
6700003261,80857662,2017-03-05,119.57,1,9245.27
6700003262,4408923,2017-03-06,119.0,1,10528.16
6700003263,4589193,2017-03-06,123.0,1,9586.62
6700003264,4589224,2017-03-07,125.0,1,9669.07
6700003265,4589247,2017-03-07,125.0,1,9433.24
6700003266,60103259,2017-03-07,72.0,1,11771.07
6700003267,60118374,2017-03-07,69.1,1,12798.35
6700003268,60121771,2017-03-07,158.0,1,7929.44
6700003269,81073705,2017-03-07,91.4,1,15158.71
6700003270,4589595,2017-03-08,98.0,1,12393.15
6700003271,60095504,2017-03-08,68.19,1,14455.19
6700003272,60108396,2017-03-08,122.39,1,8731.18
6700003273,4589599,2017-03-09,138.0,1,9505.86
6700003274,4589600,2017-03-09,100.0,1,12675.91
6700003275,4589601,2017-03-09,138.0,1,19011.73
6700003276,4589227,2017-03-13,123.0,1,11264.28
6700003277,60106542,2017-03-14,90.0,1,25384.57
6700003278,80972639,2017-03-15,116.18,1,15604.66
6700003279,80972688,2017-03-15,125.97,1,17200.1
6700003280,81184363,2017-03-15,102.22,1,15861.25
6700003281,60119675,2017-03-16,34.1,1,21612.07
6700003282,81048631,2017-03-19,101.85,1,14471.7
6700003283,60096150,2017-03-20,92.12,1,12960.2
6700003284,81048632,2017-03-20,101.85,1,14471.7
6700003285,81048634,2017-03-22,101.85,1,14471.7
6700003286,60120900,2017-03-23,64.0,1,14969.73
6700003287,60108059,2017-03-26,75.18,1,14508.08
6700003288,81042105,2017-03-26,99.0,1,16228.26
6700003289,80400750,2017-03-27,164.0,1,13660.93
6700003290,60117724,2017-03-28,41.0,1,18262.51
6700003291,60120111,2017-03-28,34.1,1,30905.26
6700003292,60121215,2017-03-28,40.9,1,22703.77
6700003293,80914810,2017-03-29,82.05,1,15269.35
6700003294,80984196,2017-03-29,125.4,1,12694.25
6700003295,4408393,2017-03-30,90.0,1,7926.54
6700003296,60101169,2017-03-30,84.96,1,11797.1
6700003297,60101556,2017-03-30,46.0,1,14419.01
6700003298,80972689,2017-03-30,116.18,1,15858.4
6700003299,81048635,2017-03-30,101.85,1,14471.7
6700003300,60099258,2017-04-01,49.6,1,5455.78
6700003301,60103270,2017-04-02,72.0,1,13277.06
6700003302,81048640,2017-04-02,101.85,1,14439.76
6700003303,60103635,2017-04-03,84.18,1,17296.06
6700003304,60107788,2017-04-04,92.15,1,12767.78
6700003305,60120626,2017-04-04,40.9,1,16181.18
6700003306,80972700,2017-04-04,81.36,1,21330.06
6700003307,4408559,2017-04-05,135.0,1,15796.29
6700003308,80400783,2017-04-05,108.0,1,15251.59
6700003309,4408625,2017-04-06,200.0,1,12868.53
6700003310,60110839,2017-04-06,91.94,1,13196.85
6700003311,60106481,2017-04-13,57.6,4,7468.34
6700003312,4589602,2017-04-18,122.0,1,12657.57
6700003313,81000008,2017-04-19,107.05,1,12433.2
6700003314,60097206,2017-04-20,88.0,1,6684.95
6700003315,60104043,2017-04-20,67.57,1,10447.4
6700003316,60118860,2017-04-20,73.2,1,12858.49
6700003317,60122192,2017-04-20,45.1,1,20380.95
6700003318,4604737,2017-04-23,106.0,1,12625.73
6700003319,4604740,2017-04-23,106.0,1,14568.15
6700003320,4408737,2017-04-24,47.0,3,16740.82
6700003321,4589250,2017-04-24,128.0,1,10351.12
6700003322,4589256,2017-04-24,125.0,1,11765.51
6700003323,80972710,2017-04-24,125.41,1,17942.39
6700003324,4406787,2017-04-25,76.0,1,13352.31
6700003325,4589222,2017-04-25,130.0,1,11312.99
6700003326,60103636,2017-04-25,169.0,1,11748.11
6700003327,60110931,2017-04-25,68.3,1,15826.6
6700003328,4408280,2017-04-26,164.0,1,8967.62
6700003329,4589229,2017-04-26,125.0,1,10599.55
6700003330,60095002,2017-04-26,68.78,1,14582.87
6700003331,60106534,2017-04-26,54.05,1,13468.85
6700003332,81228470,2017-04-27,102.93,1,16431.48
6700003333,4412860,2017-04-30,200.0,1,17648.27
6700003334,60096278,2017-04-30,179.0,1,9736.13
6700003335,80972620,2017-04-30,125.97,1,17337.25
6700003336,80972629,2017-04-30,98.97,1,17386.14
6700003337,60106166,2017-05-04,86.35,1,11869.8
6700003338,4663618,2017-05-06,128.0,3,10752.9
6700003339,60102471,2017-05-07,102.27,1,6156.42
6700003340,60107775,2017-05-08,48.18,1,24312.57
6700003341,60104011,2017-05-09,60.4,1,12484.7
6700003342,60097234,2017-05-14,101.0,1,9350.74
6700003343,60097280,2017-05-14,96.8,1,9832.09
6700003344,80888669,2017-05-14,115.1,1,12085.26
6700003345,60106110,2017-05-15,55.81,1,13117.94
6700003346,80972714,2017-05-15,98.97,1,17161.77
6700003347,60118095,2017-05-17,213.0,1,10311.44
6700003348,4589551,2017-05-18,115.0,1,13114.36
6700003349,60100198,2017-05-18,89.33,1,12293.39
6700003350,60120727,2017-05-21,46.6,1,18852.68
6700003351,60107100,2017-05-22,77.0,1,15212.72
6700003352,60100310,2017-05-25,108.57,1,10519.44
6700003353,60104574,2017-05-25,25.6,1,9723.37
6700003354,60102548,2017-05-28,76.67,1,9930.83
6700003355,4411303,2017-05-29,70.0,3,12550.5
6700003356,60106296,2017-06-01,90.0,1,10329.03
6700003357,80303413,2017-06-01,211.7,1,4802.85
6700003358,4683431,2017-06-02,210.0,3,3942.55
6700003359,60099422,2017-06-02,86.9,1,4039.37
6700003360,60109060,2017-06-04,213.42,1,13952.14
6700003361,81011248,2017-06-04,126.92,1,10872.15
6700003362,60097241,2017-06-06,76.4,1,9125.78
6700003363,60101883,2017-06-06,96.26,1,7031.73
6700003364,60104046,2017-06-06,67.57,1,9673.43
6700003365,60099662,2017-06-07,31.2,1,13966.53
6700003366,60101181,2017-06-07,103.24,1,9567.16
6700003367,80888668,2017-06-07,93.52,1,12425.32
6700003368,60100347,2017-06-09,95.1,1,11302.46
6700003369,60102301,2017-06-09,95.9,1,8784.79
6700003370,60095113,2017-06-12,87.6,1,12933.39
6700003371,4589594,2017-06-14,140.0,1,11931.41
6700003372,4407631,2017-06-15,150.0,1,11039.15
6700003373,60101562,2017-06-15,61.4,1,13011.17
6700003374,81028325,2017-06-15,81.36,1,18567.11
6700003375,81033913,2017-06-15,125.97,1,16604.17
6700003376,81033919,2017-06-15,125.41,1,17141.6
6700003377,81033922,2017-06-15,98.97,1,17171.34
6700003378,4408631,2017-06-18,104.0,1,10055.9
6700003379,60107890,2017-06-18,114.23,1,10172.59
6700003380,4589543,2017-06-20,200.0,1,13428.54
6700003381,80972715,2017-06-20,98.97,1,17318.11
6700003382,60119547,2017-06-21,23.4,3,4345.14
6700003383,4406882,2017-06-22,100.0,1,5592.2
6700003384,80973684,2017-06-25,125.36,1,14773.15
6700003385,80826400,2017-06-26,108.0,1,13718.24
6700003386,81073702,2017-06-26,132.4,1,15358.97
6700003387,4652133,2017-06-27,106.0,1,13360.44
6700003388,4589351,2017-06-28,147.0,1,16797.84
6700003389,81028322,2017-06-29,98.97,1,17244.72
6700003390,81033920,2017-06-29,125.41,1,17489.07
6700003391,60108307,2017-06-30,130.0,1,10726.3
6700003392,60095019,2017-07-03,104.95,1,13238.4
6700003393,81184353,2017-07-03,143.7,1,12085.68
6700003394,4408568,2017-07-09,567.0,3,6189.78
6700003395,60103256,2017-07-09,72.0,1,15578.15
6700003396,60105024,2017-07-09,63.8,1,9527.42
6700003397,4521378,2017-07-10,90.0,1,6753.88
6700003398,60095481,2017-07-10,90.0,1,13346.96
6700003399,60107128,2017-07-10,87.0,1,12925.53
6700003400,60110932,2017-07-10,85.9,1,15163.38
6700003401,81028320,2017-07-10,98.97,1,18279.03
6700003402,4589353,2017-07-12,165.0,1,14034.04
6700003403,60100839,2017-07-12,63.2,1,11564.34
6700003404,4589597,2017-07-13,122.0,1,13642.21
6700003405,80473013,2017-07-13,98.91,1,18802.24
6700003406,60104491,2017-07-14,25.6,1,22330.78
6700003407,60105938,2017-07-15,101.8,1,10662.53
6700003408,80972705,2017-07-17,125.97,1,17061.06
6700003409,60096116,2017-07-18,110.0,1,18419.68
6700003410,60105049,2017-07-18,63.8,1,9867.68
6700003411,60100780,2017-07-19,63.2,1,9961.37
6700003412,80317246,2017-07-19,60.26,1,16091.35
6700003413,60117749,2017-07-21,54.0,1,13400.56
6700003414,4407417,2017-07-23,110.0,1,14209.47
6700003415,60106190,2017-07-23,87.5,1,9924.07
6700003416,60119247,2017-07-23,88.3,1,11555.14
6700003417,81014831,2017-07-23,68.0,1,15962.43
6700003418,4652149,2017-07-30,82.0,1,15178.59
6700003419,60100725,2017-08-01,84.0,1,14159.48
6700003420,81136373,2017-08-02,178.65,1,15332.86
6700003421,60100717,2017-08-03,111.0,1,12338.81
6700003422,60105179,2017-08-03,63.8,1,8699.87
6700003423,80972658,2017-08-03,94.04,1,17476.92
6700003424,81028324,2017-08-03,81.36,1,20555.11
6700003425,60108258,2017-08-06,116.31,1,8924.59
6700003426,60110325,2017-08-06,89.9,1,15715.89
6700003427,60099581,2017-08-07,25.4,1,17311.66
6700003428,60100471,2017-08-07,99.37,1,12187.0
6700003429,60120667,2017-08-10,40.7,1,16648.54
6700003430,81028673,2017-08-10,125.97,1,17167.1
6700003431,60106936,2017-08-15,78.0,1,15525.92
6700003432,80999973,2017-08-15,78.5,1,11019.31
6700003433,81028678,2017-08-16,125.41,1,17646.11
6700003434,60105461,2017-08-17,81.6,1,14575.94
6700003435,60100420,2017-08-20,62.23,1,14595.31
6700003436,60117804,2017-08-20,54.0,1,12815.05
6700003437,4401727,2017-08-21,200.0,1,9003.37
6700003438,60096155,2017-08-21,102.52,1,14062.55
6700003439,60098101,2017-08-21,39.5,3,16424.35
6700003440,81028317,2017-08-21,125.41,1,17646.11
6700003441,60106428,2017-08-22,59.83,1,11614.51
6700003442,60099583,2017-08-24,25.5,1,22614.79
6700003443,80888680,2017-08-29,93.65,1,15394.48
6700003444,60100490,2017-09-04,91.28,1,13467.15
6700003445,60117768,2017-09-04,53.1,1,24512.09
6700003446,81028684,2017-09-05,81.36,1,20264.05
6700003447,4589233,2017-09-06,125.0,1,16197.59
6700003448,60098134,2017-09-07,25.84,3,10074.24
6700003449,80400814,2017-09-11,238.45,1,12130.12
6700003450,81028685,2017-09-11,81.36,1,20441.8
6700003451,60106450,2017-09-12,33.52,1,12080.54
6700003452,81073709,2017-09-13,91.4,1,18671.02
6700003453,60108172,2017-09-14,31.02,1,17949.45
6700003454,60099593,2017-09-17,112.0,1,19368.93
6700003455,80826364,2017-09-17,110.0,1,19063.72
6700003456,60105004,2017-09-18,63.8,1,11107.28
6700003457,4410968,2017-09-19,108.0,1,7324.8
6700003458,80973680,2017-09-27,132.9,1,18281.7
6700003459,60119219,2017-10-01,59.3,1,14392.44
6700003460,81045136,2017-10-02,145.1,1,13458.71
6700003461,60119385,2017-10-03,61.3,1,12388.99
6700003462,80968058,2017-10-03,106.36,1,15096.69
6700003463,4589555,2017-10-09,96.0,1,15520.41
6700003464,81136393,2017-10-15,76.0,1,17415.85
6700003465,81043880,2017-10-16,737.83,3,3382.36
6700003466,60097384,2017-10-22,72.25,1,11912.86
6700003467,60100851,2017-10-22,63.2,1,10299.89
6700003468,60105300,2017-10-22,63.8,1,9069.36
6700003469,60118728,2017-10-24,61.3,1,13568.89
6700003470,4408731,2017-10-25,110.0,1,11177.98
6700003471,60118261,2017-10-25,90.2,1,17641.0
6700003472,81045118,2017-10-25,1355.0,1,4056.78
6700003473,4589553,2017-10-26,96.0,1,16876.56
6700003474,60105257,2017-10-26,69.8,1,9533.22
6700003475,80405316,2017-10-26,87.43,1,14477.2
6700003476,4410929,2017-10-30,109.0,1,9953.41
6700003477,60094971,2017-10-30,97.44,1,11282.71
6700003478,60101884,2017-10-30,96.26,1,7063.0
6700003479,4407047,2017-11-01,108.0,1,14826.5
6700003480,4589596,2017-11-01,122.0,1,13721.7
6700003481,60117182,2017-11-02,59.0,1,17764.39
6700003482,80999983,2017-11-02,162.83,1,8492.96
6700003483,60096863,2017-11-05,104.09,1,10069.16
6700003484,4514049,2017-11-07,66.0,1,12130.78
6700003485,60100082,2017-11-07,85.0,1,7449.72
6700003486,81028679,2017-11-07,125.41,1,17875.51
6700003487,60108146,2017-11-08,89.0,1,12267.08
6700003488,60100603,2017-11-09,112.0,1,7278.47
6700003489,4625688,2017-11-12,140.0,1,14097.87
6700003490,4625684,2017-11-13,140.0,1,13058.09
6700003491,4625689,2017-11-13,120.0,1,14506.59
6700003492,60105191,2017-11-14,63.8,1,10267.43
6700003493,80896589,2017-11-14,105.69,1,13222.3
6700003494,4521502,2017-11-15,100.0,1,7278.47
6700003495,81028321,2017-11-15,98.97,1,17208.86
6700003496,81028676,2017-11-16,94.04,1,17646.64
6700003497,4625887,2017-11-20,115.0,1,10443.02
6700003498,60100536,2017-11-20,152.0,1,10055.77
6700003499,60104567,2017-11-20,90.0,1,11483.8
6700003500,60096083,2017-11-21,74.4,1,15261.3
6700003501,60105238,2017-11-21,82.0,1,7988.56
6700003502,4589230,2017-11-22,125.0,1,11645.55
6700003503,60101282,2017-11-23,110.0,1,8707.69
6700003504,60110812,2017-11-23,110.9,1,9844.63
6700003505,4604747,2017-11-25,106.0,1,12496.99
6700003506,60105017,2017-11-25,63.8,1,10267.43
6700003507,4589291,2017-11-26,97.0,1,19734.4
6700003508,4604744,2017-11-26,121.0,1,10947.77
6700003509,4408301,2017-11-27,86.0,1,7617.0
6700003510,4589140,2017-11-27,123.0,3,11834.9
6700003511,60118920,2017-11-27,73.2,1,13323.97
6700003512,4589122,2017-11-28,123.0,1,11834.9
6700003513,60106781,2017-11-28,87.5,1,13641.92
6700003514,60104361,2017-11-30,165.0,1,3970.07
6700003515,60100916,2017-12-03,63.2,1,11167.05
6700003516,60108035,2017-12-03,115.49,1,9777.58
6700003517,60096134,2017-12-04,127.6,1,11868.64
6700003518,81184381,2017-12-04,174.07,1,13514.83
6700003519,4410401,2017-12-06,68.0,4,6702.97
6700003520,4589121,2017-12-09,128.0,1,11716.68
6700003521,60110275,2017-12-09,101.3,1,11974.54
6700003522,60105955,2017-12-10,152.6,1,10020.59
6700003523,4411130,2017-12-12,94.0,1,10401.79
6700003524,60101731,2017-12-12,66.8,1,11665.78
6700003525,60104051,2017-12-12,62.48,1,12707.71
6700003526,60105080,2017-12-12,63.8,1,9909.74
6700003527,4511453,2017-12-13,120.0,1,14825.81
6700003528,4623852,2017-12-17,84.0,1,13845.59
6700003529,60121181,2017-12-17,40.9,1,14379.74
6700003530,4411302,2017-12-19,70.0,3,6805.52
6700003531,4412513,2017-12-19,2277.0,4,3744.59
6700003532,4589120,2017-12-19,124.0,1,11857.49
6700003533,60103440,2017-12-20,91.6,1,13483.36
6700003534,60105012,2017-12-21,63.8,1,11177.26
6700003535,60120181,2017-12-21,52.7,1,16739.98
6700003536,4410608,2017-12-24,345.0,1,8949.83
6700003537,80442156,2017-12-25,66.12,1,14231.86
6700003538,4409366,2017-12-26,104.0,1,12017.11
6700003539,4589117,2017-12-27,126.0,1,11669.27
6700003540,4625885,2017-12-28,94.0,1,15641.79
6700003541,60098132,2017-12-31,26.22,3,10654.56
6700003542,60097417,2018-01-02,72.25,1,11234.14
6700003543,4406861,2018-01-03,160.0,1,9223.48
6700003544,60118356,2018-01-03,85.7,1,16531.23
6700003545,60100957,2018-01-04,63.2,1,11908.8
6700003546,60094973,2018-01-08,96.94,1,12178.72
6700003547,60120677,2018-01-10,40.7,1,14503.75
6700003548,80477755,2018-01-10,49.7,1,19597.58
6700003549,4407159,2018-01-11,106.0,1,19491.13
6700003550,4407414,2018-01-11,113.0,1,14169.88
6700003551,4625886,2018-01-14,115.0,1,12191.03
6700003552,60118622,2018-01-14,295.0,1,6903.54
6700003553,60119375,2018-01-14,81.7,1,12102.29
6700003554,60100960,2018-01-15,63.2,1,7705.69
6700003555,4407621,2018-01-17,350.0,1,10646.53
6700003556,60097424,2018-01-17,69.68,1,10589.53
6700003557,60119207,2018-01-17,59.1,1,14857.45
6700003558,60104358,2018-01-18,30.4,1,34466.69
6700003559,4589554,2018-01-20,96.0,1,17217.16
6700003560,60105862,2018-01-20,84.25,1,9634.02
6700003561,60105188,2018-01-22,63.8,1,11496.1
6700003562,60098918,2018-01-23,75.09,1,11791.9
6700003563,60118262,2018-01-23,80.3,1,27567.06
6700003564,4589631,2018-01-24,145.0,1,9923.19
6700003565,60101775,2018-01-25,113.4,1,7808.24
6700003566,81028313,2018-01-25,116.18,1,15712.78
6700003567,60108090,2018-01-28,82.3,1,12910.63
6700003568,4411072,2018-01-29,76.0,1,8058.41
6700003569,60104995,2018-01-30,63.8,1,10177.63
6700003570,4626102,2018-01-31,143.0,1,12383.97
6700003571,4652145,2018-01-31,103.0,1,16476.9
6700003572,4652150,2018-01-31,103.0,1,16476.9
6700003573,60096896,2018-01-31,121.5,1,14575.38
6700003574,81028289,2018-01-31,98.97,1,18862.61
6700003575,81028295,2018-01-31,81.36,1,20315.24
6700003576,80826404,2018-02-01,152.0,1,13751.67
6700003577,4626099,2018-02-06,130.0,1,12499.48
6700003578,60100344,2018-02-06,95.1,1,17086.56
6700003579,60116947,2018-02-07,46.5,1,20013.83
6700003580,60101080,2018-02-08,81.53,1,9059.31
6700003581,4626106,2018-02-11,217.0,1,10040.95
6700003582,60101153,2018-02-11,74.7,1,10678.63
6700003583,60103671,2018-02-11,112.08,1,9884.98
6700003584,60110298,2018-02-11,101.9,1,11814.79
6700003585,60108211,2018-02-12,57.3,1,14179.16
6700003586,81028285,2018-02-13,94.04,1,18535.83
6700003587,60103055,2018-02-14,100.0,1,7090.61
6700003588,60119258,2018-02-14,87.0,1,11036.63
6700003589,81028677,2018-02-14,94.04,1,18457.29
6700003590,4626108,2018-02-15,217.0,1,10211.14
6700003591,4626110,2018-02-15,143.0,1,12396.18
6700003592,4626109,2018-02-18,75.0,3,15756.92
6700003593,4407023,2018-02-19,207.0,1,7849.91
6700003594,4626113,2018-02-19,130.0,1,11079.08
6700003595,60107905,2018-02-19,124.01,1,10006.11
6700003596,4589549,2018-02-20,115.0,1,13230.67
6700003597,4626114,2018-02-20,130.0,1,11079.08
6700003598,60108380,2018-02-20,111.48,1,8414.33
6700003599,4589559,2018-02-22,130.0,1,11704.06
6700003600,4626125,2018-02-22,144.0,1,11797.17
6700003601,60120287,2018-02-22,83.3,1,21280.35
6700003602,60117812,2018-02-23,54.0,1,10942.3
6700003603,4626120,2018-02-26,130.0,1,12499.48
6700003604,60117734,2018-02-26,41.0,1,15492.7
6700003605,4625703,2018-02-27,120.0,1,15695.37
6700003606,60106804,2018-02-27,81.0,1,14954.48
6700003607,60121177,2018-02-27,40.9,1,22934.7
6700003608,4626119,2018-02-28,130.0,1,11079.08
6700003609,4626118,2018-03-01,130.0,1,11062.73
6700003610,4663781,2018-03-01,1618.0,1,546.98
6700003611,4410822,2018-03-06,80.0,1,22125.46
6700003612,60096123,2018-03-06,107.0,1,12131.09
6700003613,60117763,2018-03-06,54.0,1,16116.08
6700003614,4626089,2018-03-08,274.0,1,10228.32
6700003615,60110543,2018-03-08,28.0,3,19280.76
6700003616,4663617,2018-03-09,238.0,1,8676.65
6700003617,80477762,2018-03-09,48.2,1,23869.79
6700003618,4401444,2018-03-13,250.0,1,7740.96
6700003619,4589557,2018-03-13,115.0,1,13211.14
6700003620,60117115,2018-03-13,98.0,1,9783.37
6700003621,60119195,2018-03-13,118.2,1,10903.62
6700003622,60100776,2018-03-14,63.2,1,11202.77
6700003623,60104514,2018-03-14,43.9,1,20663.87
6700003624,4411070,2018-03-15,70.0,1,9903.78
6700003625,4625101,2018-03-18,109.0,1,10149.29
6700003626,4626064,2018-03-18,217.0,1,10875.8
6700003627,60106906,2018-03-19,109.2,1,12832.23
6700003628,80972701,2018-03-22,81.36,1,20123.94
6700003629,81028286,2018-03-22,94.04,1,18508.47
6700003630,80317254,2018-03-25,70.6,1,12849.06
6700003631,81328946,2018-03-25,100.28,1,12355.66
6700003632,60104053,2018-03-26,62.48,1,10387.54
6700003633,60108208,2018-03-26,81.5,1,12307.01
6700003634,60120479,2018-03-26,46.6,1,13294.27
6700003635,80972650,2018-03-26,81.36,1,18129.68
6700003636,4589116,2018-03-27,97.0,1,15206.5
6700003637,60100695,2018-03-29,99.0,1,12962.39
6700003638,80999988,2018-03-29,101.65,1,11753.81
6700003639,60103153,2018-04-01,102.87,1,11622.99
6700003640,4663592,2018-04-08,84.0,1,14761.2
6700003641,60110782,2018-04-09,73.96,1,14370.02
6700003642,60110877,2018-04-09,94.66,1,14658.28
6700003643,81028315,2018-04-10,94.04,1,17972.75
6700003644,4626052,2018-04-11,130.0,1,11070.9
6700003645,60104495,2018-04-12,25.6,1,9802.36
6700003646,60116845,2018-04-15,44.5,1,18575.89
6700003647,60095544,2018-04-16,87.26,1,11503.11
6700003648,4410809,2018-04-17,270.0,1,508.44
6700003649,60106325,2018-04-17,26.94,3,98627.18
6700003650,80858181,2018-04-17,123.0,1,15121.23
6700003651,60096380,2018-04-22,97.5,1,10294.99
6700003652,81328936,2018-04-25,100.51,1,12483.36
6700003653,60116861,2018-04-26,92.5,1,13005.82
6700003654,81028290,2018-04-26,98.97,1,18941.83
6700003655,81011123,2018-04-27,141.66,1,13025.2
6700003656,60105247,2018-04-30,69.8,1,8882.1
6700003657,60118977,2018-04-30,73.2,1,12099.35
6700003658,60119146,2018-04-30,124.0,1,11249.46
6700003659,60122372,2018-04-30,118.6,1,10268.12
6700003660,4623519,2018-05-01,281.0,1,2868.02
6700003661,60102505,2018-05-01,80.55,1,10732.79
6700003662,60099282,2018-05-02,99.0,1,8140.55
6700003663,60101325,2018-05-03,63.74,1,12413.88
6700003664,60103087,2018-05-06,106.37,1,10469.37
6700003665,60106858,2018-05-06,105.0,1,10466.42
6700003666,60117814,2018-05-07,54.0,1,12753.52
6700003667,4408303,2018-05-08,80.0,1,10073.92
6700003668,4589609,2018-05-09,122.0,1,15613.83
6700003669,60117764,2018-05-09,54.0,1,14652.98
6700003670,4521571,2018-05-10,84.0,1,14827.42
6700003671,60101778,2018-05-10,104.58,1,15412.39
6700003672,81000017,2018-05-11,83.0,1,16771.48
6700003673,4652140,2018-05-12,92.0,1,18634.77
6700003674,4652141,2018-05-13,103.0,1,16644.65
6700003675,60100538,2018-05-13,47.0,1,17645.93
6700003676,60099317,2018-05-14,46.3,1,20887.62
6700003677,60107028,2018-05-14,103.1,1,17410.19
6700003678,60108303,2018-05-15,67.93,1,14236.67
6700003679,4652147,2018-05-16,110.0,1,11988.8
6700003680,60099411,2018-05-16,63.1,1,5201.69
6700003681,60120494,2018-05-16,46.6,1,15722.08
6700003682,4589558,2018-05-17,102.0,1,14796.64
6700003683,60096120,2018-05-17,112.86,1,14281.66
6700003684,60110311,2018-05-17,83.3,1,12929.1
6700003685,60110322,2018-05-17,101.9,1,11000.52
6700003686,60110865,2018-05-17,90.14,1,13817.43
6700003687,4407447,2018-05-21,110.0,1,10789.92
6700003688,81028292,2018-05-22,98.97,1,17322.41
6700003689,81033915,2018-05-22,116.18,1,15765.39
6700003690,60119255,2018-05-23,87.0,1,12631.88
6700003691,81028291,2018-05-23,98.97,1,17914.63
6700003692,60118719,2018-05-24,59.2,1,13588.66
6700003693,60122753,2018-05-27,134.5,1,10349.69
6700003694,60119832,2018-05-29,100.8,1,11992.77
6700003695,4408018,2018-05-30,100.0,3,24455.83
6700003696,4589561,2018-05-30,128.0,1,11791.07
6700003697,60099836,2018-05-30,56.68,1,12021.24
6700003698,60105452,2018-05-31,97.3,1,14758.4
6700003699,4652181,2018-06-02,105.0,1,12937.25
6700003700,4643406,2018-06-03,74.0,1,14409.19
6700003701,60105186,2018-06-04,63.8,1,9959.03
6700003702,60095552,2018-06-06,73.7,1,14864.22
6700003703,60107096,2018-06-06,77.0,1,14796.27
6700003704,81023072,2018-06-06,511.0,1,3830.3
6700003705,60105871,2018-06-07,86.75,1,11870.47
6700003706,60107919,2018-06-07,76.0,1,14990.96
6700003707,81048638,2018-06-07,101.85,1,17209.52
6700003708,81328939,2018-06-07,75.84,1,15022.59
6700003709,81328943,2018-06-07,75.84,1,15003.33
6700003710,4589556,2018-06-08,130.0,1,11909.98
6700003711,60102336,2018-06-10,63.6,1,11023.83
6700003712,4407751,2018-06-12,75.0,1,7790.17
6700003713,4407752,2018-06-12,150.0,1,7790.17
6700003714,60100540,2018-06-12,47.0,1,18646.69
6700003715,60102297,2018-06-13,106.0,1,9094.66
6700003716,80405290,2018-06-13,87.44,1,13363.75
6700003717,60101625,2018-06-14,77.3,1,10014.86
6700003718,60110882,2018-06-14,70.96,1,14408.97
6700003719,81073937,2018-06-14,794.0,1,5886.78
6700003720,60102911,2018-06-17,98.94,1,11072.3
6700003721,4643405,2018-06-19,84.0,1,15128.24
6700003722,4624099,2018-06-20,75.0,1,14431.3
6700003723,60106060,2018-06-20,92.5,1,8416.55
6700003724,4408415,2018-06-21,90.0,1,8358.21
6700003725,60118484,2018-06-21,140.0,1,14606.58
6700003726,60106621,2018-06-24,106.5,1,11657.83
6700003727,4652177,2018-06-25,107.0,1,16094.54
6700003728,4625687,2018-06-26,150.0,1,13105.51
6700003729,4625685,2018-06-27,160.0,1,12278.65
6700003730,4643408,2018-06-27,74.0,1,12889.32
6700003731,60103273,2018-06-28,63.5,1,16101.74
6700003732,80303415,2018-06-28,249.35,1,9138.26
6700003733,4589099,2018-07-01,174.0,1,9288.35
6700003734,4624103,2018-07-01,73.0,1,13283.61
6700003735,4643385,2018-07-01,84.0,1,14902.37
6700003736,4643409,2018-07-01,73.0,1,14893.74
6700003737,4643411,2018-07-01,84.0,1,14640.0
6700003738,60100724,2018-07-01,97.0,1,12117.51
6700003739,60106360,2018-07-01,63.95,1,13784.97
6700003740,60107049,2018-07-01,72.0,1,12855.92
6700003741,60103177,2018-07-02,106.6,1,11370.82
6700003742,60106625,2018-07-02,105.3,1,11162.38
6700003743,60106736,2018-07-02,149.84,1,13727.62
6700003744,4643399,2018-07-03,91.0,1,14078.95
6700003745,60100931,2018-07-05,63.2,1,13251.13
6700003746,60101112,2018-07-05,58.51,1,11299.97
6700003747,4626061,2018-07-09,130.0,1,12432.1
6700003748,60099884,2018-07-09,66.6,1,9486.13
6700003749,60117537,2018-07-09,552.0,1,2182.58
6700003750,81028687,2018-07-09,81.36,1,20406.22
6700003751,81184371,2018-07-09,133.17,1,13073.95
6700003752,4683442,2018-07-10,650.0,1,2215.17
6700003753,60100291,2018-07-10,78.0,1,11301.91
6700003754,4624108,2018-07-12,74.0,1,14692.48
6700003755,81328931,2018-07-12,75.84,1,14529.74
6700003756,4652180,2018-07-13,125.0,1,11166.28
6700003757,60105920,2018-07-24,125.79,1,10395.35
6700003758,80440601,2018-07-24,107.85,1,10898.45
6700003759,81028293,2018-07-24,81.36,1,19864.46
6700003760,81028318,2018-07-24,125.41,1,20502.22
6700003761,81028672,2018-07-24,125.97,1,17320.26
6700003762,60096772,2018-07-25,100.0,1,14251.7
6700003763,81028288,2018-07-25,125.41,1,18627.73
6700003764,60098989,2018-07-29,39.48,3,18607.49
6700003765,4683436,2018-07-31,312.0,1,3743.76
6700003766,80477747,2018-07-31,49.7,1,20398.01
6700003767,60106826,2018-08-01,69.0,1,15677.57
6700003768,4589092,2018-08-05,655.0,1,12358.39
6700003769,60106327,2018-08-05,42.68,1,14103.91
6700003770,81033918,2018-08-05,94.04,1,18311.07
6700003771,4625694,2018-08-06,120.0,1,15453.61
6700003772,4626053,2018-08-06,75.0,3,16071.75
6700003773,4626049,2018-08-07,75.0,3,13736.54
6700003774,4643386,2018-08-12,74.0,1,14518.83
6700003775,4643407,2018-08-12,84.0,1,14927.98
6700003776,4410788,2018-08-16,97.0,1,12593.51
6700003777,60106423,2018-08-17,58.14,1,2689.64
6700003778,4624107,2018-08-19,91.0,1,14313.39
6700003779,4643388,2018-08-19,84.0,1,15111.14
6700003780,4643410,2018-08-19,74.0,1,14319.95
6700003781,4652179,2018-08-19,119.0,1,12120.48
6700003782,81028282,2018-08-19,125.97,1,17174.77
6700003783,4410972,2018-08-20,88.0,1,6857.12
6700003784,4643415,2018-08-20,84.0,1,15716.42
6700003785,4652176,2018-08-20,119.0,1,12108.11
6700003786,60101152,2018-08-20,74.7,1,11427.41
6700003787,4643387,2018-08-21,90.0,1,14259.84
6700003788,4643389,2018-08-21,85.0,1,14215.59
6700003789,60116967,2018-08-21,46.5,1,17882.82
6700003790,4623853,2018-08-22,80.0,1,13981.84
6700003791,60108265,2018-08-22,101.46,1,12330.05
6700003792,60119544,2018-08-22,107.0,3,9756.76
6700003793,60121036,2018-08-22,80.3,1,11913.47
6700003794,81328951,2018-08-22,75.84,1,14554.71
6700003795,60100463,2018-08-23,77.09,1,17850.66
6700003796,4625889,2018-08-25,94.0,1,16753.15
6700003797,60119286,2018-08-26,77.6,1,12327.99
6700003798,60121461,2018-08-26,57.0,1,14459.52
6700003799,4663678,2018-08-27,75.0,1,11774.18
6700003800,60099598,2018-08-27,87.0,1,2886.37
6700003801,60102429,2018-08-27,107.17,1,6866.53
6700003802,60096375,2018-08-28,81.16,1,12240.59
6700003803,4626057,2018-08-29,217.0,1,11055.25
6700003804,60107871,2018-08-29,104.03,1,12732.82
6700003805,4626051,2018-08-30,217.0,1,11055.25
6700003806,60094945,2018-08-30,138.65,1,12738.02
6700003807,60119441,2018-09-03,113.2,1,9705.19
6700003808,81042107,2018-09-04,99.0,1,16444.78
6700003809,60122404,2018-09-06,110.6,1,10133.34
6700003810,81028284,2018-09-06,116.18,1,16120.06
6700003811,4410965,2018-09-07,90.0,1,8192.6
6700003812,4663631,2018-09-11,130.0,1,15881.04
6700003813,4663627,2018-09-12,130.0,1,15881.04
6700003814,60100579,2018-09-12,100.0,1,8656.3
6700003815,80972706,2018-09-13,116.18,1,15993.13
6700003816,81033923,2018-09-13,98.97,1,17880.18
6700003817,60102518,2018-09-16,102.16,1,5485.26
6700003818,60104593,2018-09-16,25.6,1,21889.6
6700003819,60106270,2018-09-16,88.25,3,8997.75
6700003820,81328954,2018-09-16,117.03,1,14490.88
6700003821,80405286,2018-09-17,86.67,1,14122.24
6700003822,60118772,2018-09-25,59.2,1,12803.71
6700003823,60100999,2018-10-02,63.2,1,10053.12
6700003824,60119416,2018-10-05,78.3,1,3700.17
6700003825,60106928,2018-10-07,78.0,1,17427.81
6700003826,4626055,2018-10-08,130.0,1,12275.24
6700003827,4643443,2018-10-09,722.0,1,3427.89
6700003828,60095083,2018-10-09,90.73,1,8142.7
6700003829,4589364,2018-10-10,100.0,1,10934.06
6700003830,60110921,2018-10-10,67.8,1,14383.48
6700003831,4626054,2018-10-11,130.0,1,12843.54
6700003832,81028294,2018-10-11,81.36,1,21520.73
6700003833,60095620,2018-10-14,100.13,1,12100.39
6700003834,60122317,2018-10-14,20.2,3,11703.57
6700003835,60096133,2018-10-15,108.0,1,11629.06
6700003836,60106078,2018-10-15,55.81,1,11913.79
6700003837,60118636,2018-10-15,60.33,1,15429.68
6700003838,4663427,2018-10-16,641.0,1,1267.81
6700003839,60118768,2018-10-16,59.2,1,9983.62
6700003840,60122030,2018-10-17,90.6,1,17124.22
6700003841,81052183,2018-10-18,99.0,1,9701.25
6700003842,60117790,2018-10-19,53.1,1,16667.94
6700003843,81028319,2018-10-21,98.97,1,18930.64
6700003844,60118063,2018-10-22,222.7,1,8625.27
6700003845,4408091,2018-10-23,165.0,3,4925.25
6700003846,4643440,2018-10-23,103.0,1,17400.96
6700003847,60096093,2018-10-23,74.4,1,6454.46
6700003848,60096479,2018-10-23,91.82,1,13195.51
6700003849,4663585,2018-10-24,75.0,1,14578.74
6700003850,4411069,2018-10-25,54.0,1,6348.1
6700003851,4623846,2018-10-25,84.0,1,13861.06
6700003852,60100859,2018-10-25,63.2,1,11222.09
6700003853,60102422,2018-10-25,107.17,1,4122.38
6700003854,4589086,2018-10-28,96.0,1,16160.98
6700003855,60099886,2018-10-28,66.6,1,10871.05
6700003856,81011108,2018-10-28,110.0,1,9402.75
6700003857,60100862,2018-10-29,63.2,1,14027.61
6700003858,60101610,2018-10-31,94.1,1,10049.4
6700003859,60103294,2018-10-31,146.86,1,10061.11
6700003860,60105156,2018-10-31,63.8,1,11301.83
6700003861,60121492,2018-10-31,57.0,1,13738.86
6700003862,4409023,2018-11-01,177.0,1,16708.12
6700003863,4623847,2018-11-01,88.0,1,14696.48
6700003864,4626058,2018-11-01,274.0,1,7825.07
6700003865,4643404,2018-11-01,84.0,1,14821.89
6700003866,81228455,2018-11-01,73.2,1,12726.24
6700003867,4652178,2018-11-04,135.0,1,14129.5
6700003868,4663423,2018-11-04,313.0,1,3425.03
6700003869,60106988,2018-11-04,82.0,1,14786.68
6700003870,60110871,2018-11-04,76.43,1,17025.1
6700003871,4589662,2018-11-05,110.0,1,13106.38
6700003872,80861432,2018-11-05,90.06,1,15433.58
6700003873,81065706,2018-11-06,72.0,1,7138.02
6700003874,4623807,2018-11-08,88.0,1,14333.76
6700003875,60100838,2018-11-08,63.2,1,13102.12
6700003876,60110289,2018-11-08,83.3,1,13313.34
6700003877,60094956,2018-11-11,90.0,1,9857.79
6700003878,60109121,2018-11-11,66.0,1,11202.03
6700003879,60117914,2018-11-14,120.0,1,12879.2
6700003880,4623808,2018-11-18,84.0,1,13923.07
6700003881,4626056,2018-11-18,143.0,1,12408.41
6700003882,60108365,2018-11-18,121.5,1,10953.1
6700003883,60119541,2018-11-19,46.2,3,2720.49
6700003884,4408757,2018-11-21,60.0,1,2070.14
6700003885,4623850,2018-11-21,80.0,1,13268.52
6700003886,60095584,2018-11-21,109.8,1,10369.53
6700003887,80400804,2018-11-21,116.65,1,13309.92
6700003888,81028296,2018-11-21,81.36,1,20718.8
6700003889,81281420,2018-11-22,507.0,1,3190.66
6700003890,4589639,2018-11-25,105.0,1,13364.35
6700003891,4604743,2018-11-25,123.0,1,12502.56
6700003892,60099025,2018-11-25,99.0,3,13890.52
6700003893,60122407,2018-11-25,96.3,1,15354.81
6700003894,4589104,2018-11-26,127.0,1,10478.75
6700003895,4623832,2018-11-26,80.0,1,14052.64
6700003896,81033916,2018-11-27,116.18,1,16889.25
6700003897,4385860,2018-11-28,2100.0,3,1549.08
6700003898,4408416,2018-11-28,112.0,1,6469.17
6700003899,4589636,2018-11-28,125.0,1,13012.28
6700003900,4408390,2018-11-29,108.0,1,7393.34
6700003901,60110876,2018-11-29,98.25,1,12341.05
6700003902,80984205,2018-11-29,103.4,1,11440.37
6700003903,4643418,2018-12-02,330.0,1,3129.3
6700003904,60102491,2018-12-05,106.85,1,10191.57
6700003905,60107880,2018-12-05,79.82,3,24130.15
6700003906,60122070,2018-12-05,55.3,1,15673.25
6700003907,81028316,2018-12-05,94.04,1,18590.79
6700003908,4652165,2018-12-09,312.0,1,3205.37
6700003909,60099378,2018-12-09,53.4,1,11098.06
6700003910,60101254,2018-12-09,68.0,1,13835.45
6700003911,60108142,2018-12-10,89.0,1,12252.26
6700003912,80888638,2018-12-10,102.76,1,11318.11
6700003913,60099339,2018-12-11,51.8,1,18248.17
6700003914,4663428,2018-12-12,641.0,1,1444.61
6700003915,60121212,2018-12-12,40.9,1,23546.07
6700003916,4652182,2018-12-13,127.0,1,14815.91
6700003917,4623851,2018-12-16,84.0,1,13499.34
6700003918,60117275,2018-12-16,62.5,1,23705.46
6700003919,4589635,2018-12-17,116.0,1,13538.68
6700003920,60099826,2018-12-17,106.0,1,8078.87
6700003921,81045139,2018-12-17,105.66,1,12620.03
6700003922,4589056,2018-12-18,87.0,1,9877.28
6700003923,4623669,2018-12-18,80.0,1,14167.72
6700003924,4604741,2018-12-19,138.0,1,11165.62
6700003925,60095127,2018-12-19,93.19,1,12877.87
6700003926,60120207,2018-12-19,100.0,1,20742.28
6700003927,60120232,2018-12-19,70.2,1,22899.24
6700003928,60121397,2018-12-23,57.0,1,11176.92
6700003929,80984208,2018-12-23,94.7,1,14393.5
6700003930,4626060,2018-12-25,143.0,1,12432.93
6700003931,60106199,2018-12-25,88.6,1,16722.25
6700003932,60117953,2018-12-25,110.0,1,22897.32
6700003933,4623859,2018-12-26,88.0,1,14310.83
6700003934,4623862,2018-12-26,80.0,1,14023.98
6700003935,4623856,2018-12-27,80.0,1,13638.59
6700003936,60122269,2018-12-27,45.1,1,15111.57
6700003937,80888693,2018-12-27,206.05,1,10857.57
6700003938,60104740,2018-12-28,52.0,1,14246.07
6700003939,4589101,2018-12-30,160.0,1,12963.92
6700003940,4589340,2018-12-30,124.0,1,16727.64
6700003941,60119046,2018-12-30,73.2,1,13156.21
6700003942,81028287,2018-12-30,125.41,1,18784.23
6700003943,4624104,2018-12-31,85.0,1,15460.84
6700003944,4663625,2018-12-31,130.0,1,10257.17
6700003945,4663637,2018-12-31,238.0,1,8403.98
6700003946,4663646,2018-12-31,238.0,1,8403.98
6700003947,60096064,2018-12-31,90.65,1,17161.29
6700003948,60117635,2018-12-31,49.8,1,12644.1
6700003949,60118473,2018-12-31,120.0,1,8642.62
6700003950,80304243,2018-12-31,51.0,1,14176.8
6700003951,60097349,2019-01-01,68.0,1,6046.88
6700003952,60099680,2019-01-01,70.9,1,13048.98
6700003953,60119403,2019-01-01,73.2,1,12839.59
6700003954,81028281,2019-01-02,125.97,1,17836.37
6700003955,60097215,2019-01-03,91.8,1,10877.99
6700003956,80405309,2019-01-03,122.82,1,14348.1
6700003957,4623860,2019-01-06,92.0,1,14036.19
6700003958,4589097,2019-01-07,165.0,1,10235.2
6700003959,80442209,2019-01-07,70.76,1,13489.87
6700003960,4625691,2019-01-08,160.0,1,12390.71
6700003961,4589638,2019-01-09,126.0,1,13985.98
6700003962,60099880,2019-01-09,66.6,1,9260.99
6700003963,60119440,2019-01-09,113.2,1,9989.1
6700003964,4623854,2019-01-10,80.0,1,14106.13
6700003965,60105167,2019-01-10,63.8,1,9667.43
6700003966,60119009,2019-01-10,73.2,1,3035.14
6700003967,60100273,2019-01-12,109.0,1,10845.55
6700003968,4623797,2019-01-13,80.0,1,13353.51
6700003969,4521380,2019-01-14,104.0,1,7695.65
6700003970,60106990,2019-01-14,80.0,1,15786.68
6700003971,60119442,2019-01-14,113.2,1,8432.36
6700003972,4623802,2019-01-15,84.0,1,13574.27
6700003973,60096854,2019-01-15,52.0,1,15532.51
6700003974,80999972,2019-01-16,103.5,1,11563.77
6700003975,4623799,2019-01-20,95.0,1,13750.46
6700003976,60106262,2019-01-20,80.75,1,12366.55
6700003977,4589095,2019-01-21,165.0,1,9790.19
6700003978,60121660,2019-01-22,40.6,1,5635.39
6700003979,60122202,2019-01-22,61.9,1,14827.63
6700003980,4407515,2019-01-24,100.0,1,20559.39
6700003981,60119191,2019-01-24,116.3,1,9849.11
6700003982,4408391,2019-01-27,108.0,1,7342.64
6700003983,4410980,2019-01-27,90.0,1,6526.79
6700003984,60100219,2019-01-28,86.2,1,13288.3
6700003985,4652185,2019-01-29,119.0,1,11846.95
6700003986,60110392,2019-01-31,135.75,1,18065.87
6700003987,81028312,2019-01-31,125.97,1,17836.37
6700003988,60094988,2019-02-03,85.56,1,14885.05
6700003989,60101720,2019-02-03,76.9,1,12563.75
6700003990,80845933,2019-02-03,82.45,1,16866.87
6700003991,60102357,2019-02-04,61.4,1,11563.12
6700003992,60120630,2019-02-04,40.9,1,15998.74
6700003993,80887802,2019-02-04,89.0,1,15378.83
6700003994,80887810,2019-02-04,89.0,1,14967.63
6700003995,4623796,2019-02-05,80.0,1,13347.72
6700003996,60108026,2019-02-06,60.6,1,12802.8
6700003997,4589565,2019-02-09,96.0,1,16163.53
6700003998,4589550,2019-02-10,96.0,1,17078.45
6700003999,60102330,2019-02-10,61.9,1,10878.5
6700004000,60106410,2019-02-14,109.67,1,11279.0
6700004001,4406173,2019-02-17,86.0,1,6808.68
6700004002,60122212,2019-02-17,45.1,1,16391.42
6700004003,4623801,2019-02-18,84.0,1,13913.31
6700004004,4589323,2019-02-24,85.0,1,13071.47
6700004005,4589324,2019-02-24,84.0,1,14133.29
6700004006,4589328,2019-02-24,90.0,1,13191.07
6700004007,60103675,2019-02-24,75.47,1,12413.87
6700004008,60103676,2019-02-24,67.67,1,12114.17
6700004009,4408917,2019-02-25,119.0,1,15376.76
6700004010,4623824,2019-02-25,80.0,1,14097.96
6700004011,60122333,2019-02-26,68.4,1,10700.78
6700004012,81033914,2019-02-26,125.97,1,17082.52
6700004013,81033924,2019-02-26,98.97,1,17453.4
6700004014,60102972,2019-02-28,204.0,1,7821.64
6700004015,4589133,2019-03-03,100.0,1,12406.52
6700004016,60100983,2019-03-04,63.2,1,10161.71
6700004017,60106747,2019-03-04,107.3,1,10066.15
6700004018,60122022,2019-03-04,44.4,1,13149.47
6700004019,80887799,2019-03-05,89.0,1,14759.91
6700004020,4643403,2019-03-10,85.0,1,14527.22
6700004021,60101938,2019-03-10,101.31,1,10085.02
6700004022,60094982,2019-03-11,96.94,1,10840.78
6700004023,4623803,2019-03-12,80.0,1,13272.24
6700004024,80999965,2019-03-13,83.7,1,12555.62
6700004025,60119383,2019-03-15,95.9,1,10806.15
6700004026,4589509,2019-03-17,1265.0,1,1061.52
6700004027,60121001,2019-03-17,40.9,1,16772.81
6700004028,60121828,2019-03-17,85.9,1,11384.47
6700004029,80973700,2019-03-17,102.8,1,23072.32
6700004030,81028311,2019-03-17,125.97,1,17264.35
6700004031,80905123,2019-03-20,779.7,3,6551.97
6700004032,4589329,2019-03-24,74.0,1,14595.91
6700004033,4589325,2019-03-25,85.0,1,13926.22
6700004034,4408088,2019-03-26,250.0,4,2773.22
6700004035,4623800,2019-03-26,88.0,1,13724.3
6700004036,60104066,2019-03-26,65.04,1,10547.48
6700004037,80972711,2019-03-26,125.41,1,18738.07
6700004038,81028314,2019-03-26,116.18,1,15955.25
6700004039,60100278,2019-03-28,65.0,1,13248.6
6700004040,60103132,2019-03-28,98.18,1,8027.9
6700004041,60110817,2019-03-28,110.9,1,7896.8
6700004042,80473014,2019-03-29,99.09,1,17970.54
6700004043,4626070,2019-03-31,219.0,1,11330.16
6700004044,4385859,2019-04-01,27.0,1,13446.0
6700004045,4623811,2019-04-01,84.0,1,13999.28
6700004046,4623812,2019-04-01,88.0,1,14091.75
6700004047,60117747,2019-04-01,54.0,1,13446.0
6700004048,81048644,2019-04-01,149.7,1,16490.88
6700004049,4623805,2019-04-02,84.0,1,13985.76
6700004050,4623806,2019-04-02,88.0,1,14076.12
6700004051,4626076,2019-04-03,130.0,1,12287.57
6700004052,60103669,2019-04-03,93.42,1,10026.21
6700004053,4626069,2019-04-04,130.0,1,11729.05
6700004054,80888636,2019-04-04,110.97,1,14002.16
6700004055,60102348,2019-04-05,61.4,1,11707.21
6700004056,4589648,2019-04-07,93.0,1,14365.53
6700004057,4623804,2019-04-07,84.0,1,13999.28
6700004058,4406719,2019-04-08,98.0,1,14003.04
6700004059,60100721,2019-04-08,97.0,1,11228.1
6700004060,80887792,2019-04-08,89.0,1,16887.57
6700004061,80999980,2019-04-08,103.5,1,12276.78
6700004062,4589134,2019-04-13,103.0,1,11278.97
6700004063,4623798,2019-04-13,80.0,1,14166.8
6700004064,4589110,2019-04-14,126.0,1,9220.11
6700004065,4623809,2019-04-14,80.0,1,14158.63
6700004066,4626073,2019-04-14,143.0,1,12186.02
6700004067,4409029,2019-04-15,130.0,1,9327.38
6700004068,60103652,2019-04-15,125.33,1,9269.4
6700004069,60423161,2019-04-16,67.0,1,16038.87
6700004070,60106900,2019-04-17,114.14,1,12722.69
6700004071,60100180,2019-04-21,64.2,1,10404.94
6700004072,60105459,2019-04-30,102.5,1,11759.02
6700004073,80887814,2019-04-30,89.0,1,15990.16
6700004074,4589378,2019-05-01,100.0,1,11366.48
6700004075,60118862,2019-05-01,73.2,1,12560.85
6700004076,60119862,2019-05-01,45.0,1,24132.66
6700004077,4405824,2019-05-02,129.0,1,12122.45
6700004078,4413334,2019-05-02,1033.0,4,5046.13
6700004079,60104602,2019-05-02,82.0,1,10065.08
6700004080,4652188,2019-05-06,110.0,1,4396.53
6700004081,4589048,2019-05-07,188.0,3,18923.6
6700004082,60104983,2019-05-07,63.8,1,10212.88
6700004083,4625884,2019-05-08,115.0,1,13220.5
6700004084,60096891,2019-05-08,146.0,1,10115.88
6700004085,4407922,2019-05-09,222.0,1,10174.85
6700004086,80477774,2019-05-10,48.2,1,27156.75
6700004087,4589135,2019-05-12,124.0,1,9341.67
6700004088,60101937,2019-05-12,101.31,1,9290.04
6700004089,60105297,2019-05-12,63.8,1,10212.88
6700004090,4413335,2019-05-14,25.0,1,17259.68
6700004091,60108276,2019-05-14,110.37,1,12463.18
6700004092,4623810,2019-05-19,104.0,1,12852.03
6700004093,60097387,2019-05-19,72.25,1,13327.24
6700004094,4408388,2019-05-20,86.0,1,9815.82
6700004095,60105917,2019-05-20,86.39,1,15084.66
6700004096,60108016,2019-05-21,79.0,1,9164.3
6700004097,4413328,2019-05-22,25.0,1,8687.76
6700004098,4413340,2019-05-22,25.0,1,20271.43
6700004099,60117659,2019-05-23,43.9,1,14842.41
6700004100,81065725,2019-05-24,174.0,1,10818.09
6700004101,4626074,2019-05-26,130.0,1,12084.89
6700004102,60099319,2019-05-26,175.0,1,7281.17
6700004103,60119173,2019-05-26,59.2,1,13550.16
6700004104,80400778,2019-05-26,42.0,1,22926.02
6700004105,80919936,2019-05-26,83.0,1,5268.48
6700004106,60105048,2019-05-28,63.8,1,10439.83
6700004107,80881003,2019-05-28,72.22,1,14435.49
6700004108,4589045,2019-05-29,508.0,3,17101.88
6700004109,4589107,2019-05-30,128.0,1,11538.43
6700004110,60100481,2019-05-30,107.0,1,10149.25
6700004111,60110930,2019-05-30,68.4,1,16405.97
6700004112,60119353,2019-05-30,81.7,1,12051.56
6700004113,60100404,2019-06-02,97.05,1,11872.65
6700004114,4643375,2019-06-03,617.0,1,1691.31
6700004115,81328928,2019-06-03,100.28,1,12285.16
6700004116,4626075,2019-06-04,143.0,1,12162.46
6700004117,81011112,2019-06-04,100.53,1,12326.69
6700004118,81258261,2019-06-04,1140.0,1,4303.58
6700004119,4407446,2019-06-06,142.0,1,11472.39
6700004120,4623840,2019-06-06,92.0,1,13698.62
6700004121,60100516,2019-06-06,89.2,1,11373.9
6700004122,60121491,2019-06-07,57.0,1,13222.23
6700004123,4625686,2019-06-10,120.0,1,14493.59
6700004124,60119659,2019-06-10,57.5,1,16888.19
6700004125,4589260,2019-06-11,152.0,1,15923.88
6700004126,4624087,2019-06-11,80.0,1,14783.47
6700004127,60100643,2019-06-11,49.0,1,17451.47
6700004128,60101001,2019-06-11,63.2,1,11695.78
6700004129,60116942,2019-06-11,150.0,1,10145.52
6700004130,4643452,2019-06-12,128.0,1,12228.97
6700004131,60100940,2019-06-13,63.2,1,9173.16
6700004132,4652167,2019-06-16,100.0,1,13913.85
6700004133,4589322,2019-06-17,85.0,1,13470.52
6700004134,4625692,2019-06-17,120.0,1,12681.9
6700004135,4652172,2019-06-17,119.0,1,11692.31
6700004136,4663694,2019-06-17,127.0,1,11982.89
6700004137,60117645,2019-06-17,49.8,1,14551.8
6700004138,60117802,2019-06-17,54.0,1,13285.79
6700004139,60101266,2019-06-19,199.5,1,8717.95
6700004140,60103262,2019-06-19,68.5,1,15234.14
6700004141,60119635,2019-06-20,38.0,1,30703.54
6700004142,4663586,2019-06-24,85.0,1,13470.52
6700004143,60102748,2019-06-25,94.99,1,11748.68
6700004144,60122125,2019-06-25,88.2,1,12324.49
6700004145,4624168,2019-06-26,648.0,1,1297.27
6700004146,80440609,2019-06-27,107.85,1,10589.66
6700004147,81304911,2019-06-27,145.0,1,8996.02
6700004148,4411098,2019-06-29,44.0,1,9552.6
6700004149,4623841,2019-06-30,88.0,1,13938.69
6700004150,60101004,2019-06-30,63.2,1,11466.45
6700004151,60101142,2019-07-01,60.76,1,14984.46
6700004152,60117746,2019-07-01,54.0,1,7092.03
6700004153,60118916,2019-07-01,73.2,1,12141.78
6700004154,60121408,2019-07-01,57.0,1,3023.44
6700004155,4663557,2019-07-02,1152.0,1,2182.81
6700004156,60098089,2019-07-02,86.0,1,5041.28
6700004157,4652148,2019-07-03,82.0,1,21589.39
6700004158,60106945,2019-07-03,80.0,1,14812.97
6700004159,60118855,2019-07-04,78.0,1,9819.73
6700004160,60120392,2019-07-04,76.6,1,11980.17
6700004161,60118657,2019-07-05,73.19,1,11156.16
6700004162,60103961,2019-07-07,60.4,1,1744.25
6700004163,60117665,2019-07-07,43.9,1,14813.79
6700004164,4409735,2019-07-08,105.0,1,7845.2
6700004165,4643477,2019-07-09,197.0,1,9169.84
6700004166,4643487,2019-07-09,108.0,1,13381.18
6700004167,80893510,2019-07-09,78.0,1,9078.62
6700004168,4643485,2019-07-10,197.0,1,9169.84
6700004169,4643497,2019-07-10,121.0,1,11943.53
6700004170,60108042,2019-07-10,78.1,1,11102.44
6700004171,60116999,2019-07-11,45.1,1,20507.92
6700004172,60098111,2019-07-14,34.0,3,6375.74
6700004173,4643451,2019-07-15,126.0,1,12387.15
6700004174,60119242,2019-07-15,87.0,1,13072.95
6700004175,60103431,2019-07-16,105.3,1,15096.72
6700004176,60105290,2019-07-16,63.8,1,8494.32
6700004177,60096503,2019-07-17,78.87,1,10994.05
6700004178,60101021,2019-07-17,63.2,1,12119.28
6700004179,60102707,2019-07-17,116.48,1,13647.7
6700004180,60103513,2019-07-17,81.0,1,13559.6
6700004181,60104026,2019-07-17,60.4,1,1819.62
6700004182,60118376,2019-07-17,108.5,1,8857.48
6700004183,60119225,2019-07-17,59.1,1,15160.81
6700004184,4625699,2019-07-18,120.0,1,7225.84
6700004185,60104093,2019-07-18,67.2,1,11096.82
6700004186,4626072,2019-07-20,143.0,1,12127.28
6700004187,4626078,2019-07-21,143.0,1,12127.28
6700004188,60119439,2019-07-24,140.6,1,8222.86
6700004189,4411041,2019-07-25,180.0,3,9634.45
6700004190,60097239,2019-07-25,76.4,1,4061.22
6700004191,60117711,2019-07-25,41.0,1,12900.76
6700004192,60119186,2019-07-25,78.3,1,13473.46
6700004193,60121416,2019-07-25,57.0,1,11409.22
6700004194,60117605,2019-07-28,49.8,1,15293.24
6700004195,60119765,2019-07-28,62.1,1,18617.29
6700004196,60118642,2019-07-29,60.33,1,3405.71
6700004197,60423165,2019-07-29,63.6,1,15451.48
6700004198,60099449,2019-07-30,63.0,1,14451.68
6700004199,60096499,2019-07-31,68.7,1,14304.42
6700004200,60105264,2019-07-31,69.8,1,7350.06
6700004201,81052174,2019-07-31,99.0,1,9342.5
6700004202,4589641,2019-08-01,97.0,1,14763.88
6700004203,4589642,2019-08-01,122.0,1,12272.06
6700004204,60108048,2019-08-02,25.0,3,17358.75
6700004205,60108049,2019-08-02,88.0,1,10438.26
6700004206,4406790,2019-08-04,97.0,1,6338.03
6700004207,60100770,2019-08-05,63.2,1,11787.65
6700004208,60118518,2019-08-07,28.5,1,25378.28
6700004209,60100206,2019-08-11,87.43,1,14725.38
6700004210,4589656,2019-08-13,33.0,3,17753.26
6700004211,60101640,2019-08-13,82.6,1,7968.35
6700004212,60108386,2019-08-13,102.54,1,9875.11
6700004213,60122381,2019-08-13,96.3,1,12768.2
6700004214,4589315,2019-08-14,110.0,1,11835.51
6700004215,4410979,2019-08-15,95.0,1,7765.75
6700004216,4624100,2019-08-15,108.0,1,14197.74
6700004217,60120411,2019-08-15,35.5,1,8407.38
6700004218,4409734,2019-08-18,115.0,1,6603.87
6700004219,60100829,2019-08-18,63.2,1,11444.32
6700004220,60122142,2019-08-18,45.1,1,9622.36
6700004221,80893133,2019-08-19,68.81,1,11141.96
6700004222,60118902,2019-08-20,73.2,1,12746.35
6700004223,60108153,2019-08-21,111.8,1,10221.68
6700004224,80896600,2019-08-22,132.54,1,16785.97
6700004225,60100933,2019-08-26,63.2,1,10299.89
6700004226,4623839,2019-08-27,95.0,1,13737.18
6700004227,4652174,2019-08-27,128.0,1,11301.27
6700004228,4652166,2019-08-28,128.0,1,11301.27
6700004229,80881002,2019-08-28,69.35,1,14601.2
6700004230,60102333,2019-08-29,63.6,1,11031.17
6700004231,60107097,2019-09-02,69.0,1,14601.29
6700004232,4589570,2019-09-03,96.0,1,15442.17
6700004233,4589571,2019-09-03,142.0,1,11351.99
6700004234,60122001,2019-09-03,54.0,1,12207.14
6700004235,4385858,2019-09-04,31.0,1,11607.02
6700004236,80400774,2019-09-04,123.0,1,13105.55
6700004237,4410564,2019-09-05,271.0,1,9878.39
6700004238,4521929,2019-09-05,92.0,1,13766.93
6700004239,60106134,2019-09-05,61.5,1,15094.79
6700004240,60107032,2019-09-05,80.04,1,12767.14
6700004241,60120745,2019-09-05,46.6,1,12663.11
6700004242,80857655,2019-09-05,104.56,1,10736.71
6700004243,60107036,2019-09-08,102.0,1,11288.39
6700004244,81208947,2019-09-10,1340.0,1,4296.33
6700004245,60119252,2019-09-11,87.0,1,12903.8
6700004246,60120509,2019-09-11,39.5,1,15012.14
6700004247,4623578,2019-09-12,122.0,1,16103.31
6700004248,60104420,2019-09-12,43.8,1,15115.62
6700004249,60118767,2019-09-12,90.2,1,11648.2
6700004250,4663601,2019-09-15,117.0,1,14884.76
6700004251,60099433,2019-09-15,132.0,1,8722.85
6700004252,60104056,2019-09-15,60.86,1,9814.28
6700004253,80972638,2019-09-15,116.18,1,16600.29
6700004254,60096464,2019-09-16,77.5,1,12442.72
6700004255,60118972,2019-09-16,82.0,1,890.77
6700004256,4623580,2019-09-17,120.0,1,12233.8
6700004257,4589552,2019-09-18,102.0,1,14533.81
6700004258,60117776,2019-09-18,53.1,1,16805.04
6700004259,60118771,2019-09-19,90.2,1,11408.85
6700004260,60100455,2019-09-22,107.88,1,10673.12
6700004261,4410978,2019-09-23,117.0,1,7503.89
6700004262,60108133,2019-09-23,99.5,1,10197.84
6700004263,80888654,2019-09-23,110.71,1,12480.35
6700004264,60100661,2019-09-24,49.0,1,19092.36
6700004265,81011251,2019-09-24,108.0,1,11327.59
6700004266,60099408,2019-09-25,30.2,1,18110.02
6700004267,60117614,2019-09-25,49.8,1,12138.42
6700004268,60118360,2019-09-25,35.6,3,4245.04
6700004269,60119319,2019-09-25,72.87,1,13035.8
6700004270,81265090,2019-09-26,156.57,1,22981.26
6700004271,60097232,2019-10-02,101.0,1,9216.17
6700004272,60118458,2019-10-03,66.0,1,4120.1
6700004273,4643484,2019-10-06,130.0,1,10685.31
6700004274,4413332,2019-10-07,24.0,1,10143.7
6700004275,4683437,2019-10-10,627.0,1,3654.36
6700004276,60102315,2019-10-10,61.9,1,11567.46
6700004277,60102372,2019-10-10,61.4,1,11661.66
6700004278,60108139,2019-10-10,105.25,1,11837.39
6700004279,80986087,2019-10-10,160.0,1,8950.32
6700004280,81089678,2019-10-10,118.54,1,10268.63
6700004281,81309039,2019-10-22,99.7,1,18313.6
6700004282,80400748,2019-10-27,164.0,1,10478.43
6700004283,4625696,2019-10-28,150.0,1,12220.17
6700004284,60095594,2019-10-28,56.0,1,19179.26
6700004285,4626080,2019-10-29,130.0,1,12337.68
6700004286,60117683,2019-10-29,43.9,1,14842.45
6700004287,81028683,2019-10-29,98.97,1,15699.46
6700004288,4643479,2019-10-31,130.0,1,9693.89
6700004289,81343617,2019-10-31,238.45,1,13813.04
6700004290,81343618,2019-10-31,99.25,1,18829.49
6700004291,60106046,2019-11-03,114.9,1,9961.25
6700004292,60102369,2019-11-04,92.9,1,8008.14
6700004293,60105448,2019-11-04,78.5,1,11481.93
6700004294,60118811,2019-11-04,59.2,1,2869.1
6700004295,4643444,2019-11-05,130.0,1,11874.68
6700004296,4643445,2019-11-05,130.0,1,11885.69
6700004297,60118785,2019-11-06,62.8,1,13441.15
6700004298,4643459,2019-11-07,253.0,1,5654.88
6700004299,60119025,2019-11-07,73.2,1,11238.3
6700004300,60104579,2019-11-09,25.6,1,9500.64
6700004301,60106329,2019-11-10,42.68,1,13408.48
6700004302,60118875,2019-11-11,73.2,1,3713.53
6700004303,80857656,2019-11-11,104.56,1,10399.01
6700004304,4625697,2019-11-12,219.0,1,9341.91
6700004305,4589311,2019-11-13,100.0,1,10014.79
6700004306,81328933,2019-11-13,107.03,1,12565.11
6700004307,4661719,2019-11-14,1433.0,1,4311.02
6700004308,60122252,2019-11-14,45.1,1,16337.09
6700004309,4410716,2019-11-17,231.0,1,9785.64
6700004310,60118777,2019-11-17,94.0,1,10654.04
6700004311,60121103,2019-11-17,59.5,1,21159.71
6700004312,4623837,2019-11-18,95.0,1,13788.32
6700004313,60121156,2019-11-18,49.6,1,14854.89
6700004314,60100893,2019-11-19,63.2,1,7923.1
6700004315,81343610,2019-11-19,99.2,1,18921.96
6700004316,60105853,2019-11-20,87.2,1,12879.44
6700004317,60105936,2019-11-20,101.8,1,10610.68
6700004318,60117615,2019-11-20,49.8,1,11491.44
6700004319,60119085,2019-11-21,113.2,1,9478.92
6700004320,60102971,2019-11-22,126.0,1,15044.9
6700004321,60097262,2019-11-24,93.8,1,5338.38
6700004322,60099428,2019-11-25,28.6,1,19009.1
6700004323,4407957,2019-11-26,216.0,1,11260.02
6700004324,4623834,2019-11-26,88.0,1,14490.66
6700004325,60102688,2019-11-26,96.8,1,10641.46
6700004326,60117282,2019-11-26,82.9,1,18120.86
6700004327,4643460,2019-11-27,126.0,1,9651.45
6700004328,60100391,2019-11-27,64.0,1,14753.94
6700004329,60108184,2019-11-27,92.1,1,10873.83
6700004330,60119288,2019-11-27,87.0,1,13566.84
6700004331,60121043,2019-11-27,61.0,1,13134.16
6700004332,4623831,2019-11-28,95.0,1,13591.79
6700004333,60096478,2019-11-28,93.44,1,12095.9
6700004334,60102342,2019-11-28,46.0,1,12129.72
6700004335,81258273,2019-12-02,112.0,1,15237.87
6700004336,60104481,2019-12-03,45.4,1,21928.21
6700004337,60122196,2019-12-04,61.9,1,14244.99
6700004338,60103975,2019-12-05,63.2,1,10576.5
6700004339,60121080,2019-12-05,45.1,1,3263.81
6700004340,80442197,2019-12-05,114.05,1,15587.47
6700004341,60121000,2019-12-07,40.9,1,20168.13
6700004342,4625890,2019-12-08,115.0,1,12366.97
6700004343,81258268,2019-12-08,112.0,1,15237.87
6700004344,60095074,2019-12-09,115.28,1,10116.28
6700004345,60095067,2019-12-10,115.28,1,9252.7
6700004346,60118886,2019-12-10,73.2,1,11657.39
6700004347,60096481,2019-12-11,71.22,1,11981.48
6700004348,60102946,2019-12-11,105.0,1,10226.3
6700004349,4589569,2019-12-12,115.0,1,22260.54
6700004350,60105182,2019-12-15,63.8,1,11480.15
6700004351,60110262,2019-12-15,90.0,1,9955.41
6700004352,60117587,2019-12-15,58.7,1,12841.0
6700004353,4408398,2019-12-16,95.0,1,6587.04
6700004354,4623836,2019-12-16,84.0,1,13036.84
6700004355,4589308,2019-12-17,100.0,1,12799.81
6700004356,81258265,2019-12-17,112.0,1,15237.87
6700004357,60097322,2019-12-18,92.1,1,10037.25
6700004358,60100495,2019-12-18,87.87,1,10601.36
6700004359,80845926,2019-12-18,69.95,1,18298.51
6700004360,60118744,2019-12-19,59.2,1,14414.2
6700004361,81042080,2019-12-19,66.0,1,12713.62
6700004362,60100835,2019-12-20,63.2,1,9451.34
6700004363,4589348,2019-12-23,120.0,1,21095.98
6700004364,60120730,2019-12-23,46.6,1,9155.8
6700004365,4407419,2019-12-24,1508.0,4,2941.54
6700004366,4589354,2019-12-24,120.0,1,21095.98
6700004367,60099364,2019-12-24,48.6,1,10095.87
6700004368,60121155,2019-12-26,49.6,1,12903.03
6700004369,81258271,2019-12-26,112.0,1,15237.87
6700004370,81328938,2019-12-27,100.28,1,12054.96
6700004371,4626084,2019-12-28,143.0,1,11685.92
6700004372,60108190,2020-01-02,92.1,1,11447.21
6700004373,81258264,2020-01-02,112.0,1,15162.35
6700004374,4589651,2020-01-04,508.0,3,3900.03
6700004375,4626087,2020-01-04,143.0,1,12305.89
6700004376,4626085,2020-01-05,143.0,1,12300.94
6700004377,60100986,2020-01-05,63.2,1,10076.24
6700004378,60103279,2020-01-05,72.0,1,11399.84
6700004379,60118393,2020-01-08,69.1,1,14335.84
6700004380,60104490,2020-01-09,25.6,1,20729.77
6700004381,4625891,2020-01-11,115.0,1,12449.65
6700004382,4643501,2020-01-12,106.0,1,11748.43
6700004383,60119387,2020-01-12,95.9,1,10846.06
6700004384,81073711,2020-01-12,91.4,1,15664.22
6700004385,4406928,2020-01-13,106.0,1,10680.39
6700004386,4643480,2020-01-13,123.0,1,10124.67
6700004387,60121462,2020-01-14,57.0,1,13903.25
6700004388,4623858,2020-01-16,88.0,1,13869.3
6700004389,4410789,2020-01-19,163.0,1,10071.02
6700004390,60101944,2020-01-19,100.14,1,8902.99
6700004391,60118721,2020-01-19,59.2,1,12430.39
6700004392,60120613,2020-01-20,40.9,1,14878.13
6700004393,4643461,2020-01-21,125.0,1,12453.34
6700004394,60102975,2020-01-22,94.1,1,21054.34
6700004395,60107031,2020-01-23,103.1,1,12216.15
6700004396,60120210,2020-01-23,129.0,1,13493.31
6700004397,60121751,2020-01-23,40.6,1,13245.27
6700004398,60103130,2020-01-26,98.18,1,9844.66
6700004399,60105971,2020-01-26,90.2,1,12002.12
6700004400,81011080,2020-01-28,101.8,1,10425.97
6700004401,60095582,2020-01-29,109.8,1,10310.76
6700004402,60097364,2020-01-29,61.91,1,12572.02
6700004403,60099423,2020-01-29,110.0,1,9648.77
6700004404,60103024,2020-01-29,63.58,1,13911.14
6700004405,80887807,2020-01-29,89.0,1,14946.55
6700004406,80893172,2020-01-29,66.13,1,13267.72
6700004407,4589647,2020-01-30,125.0,1,8490.91
6700004408,4663653,2020-02-02,117.0,1,13533.98
6700004409,80845928,2020-02-02,73.1,1,13538.61
6700004410,4623855,2020-02-03,95.0,1,13278.59
6700004411,81274542,2020-02-04,149.0,1,8350.06
6700004412,4409079,2020-02-05,122.0,1,13315.38
6700004413,60105981,2020-02-05,90.2,1,10188.26
6700004414,60101576,2020-02-06,46.0,1,12601.42
6700004415,60108104,2020-02-06,81.2,1,14190.41
6700004416,60110318,2020-02-06,101.9,1,12556.48
6700004417,80886465,2020-02-07,116.88,1,11370.54
6700004418,4623577,2020-02-09,80.0,1,14138.17
6700004419,60096467,2020-02-10,99.47,1,11939.35
6700004420,4626083,2020-02-11,143.0,1,11864.2
6700004421,4623835,2020-02-12,95.0,1,13431.55
6700004422,60104088,2020-02-12,60.4,1,11469.71
6700004423,60107962,2020-02-12,67.06,1,14336.35
6700004424,60110912,2020-02-12,86.11,1,11985.68
6700004425,60121067,2020-02-12,40.9,1,15209.77
6700004426,81011101,2020-02-13,115.62,1,7336.88
6700004427,80462534,2020-02-16,164.1,1,17231.17
6700004428,80887797,2020-02-16,89.0,1,14138.17
6700004429,81000023,2020-02-16,103.5,1,10928.06
6700004430,60106983,2020-02-17,70.0,1,14441.14
6700004431,60108000,2020-02-17,71.0,1,12644.71
6700004432,60117022,2020-02-17,46.4,1,16758.61
6700004433,4521903,2020-02-18,197.0,1,10765.11
6700004434,60106959,2020-02-18,70.0,1,14744.1
6700004435,81177907,2020-02-18,107.5,1,10521.43
6700004436,60119535,2020-02-20,62.1,3,4098.02
6700004437,4405804,2020-02-23,130.0,1,11745.56
6700004438,4405825,2020-02-23,130.0,1,11636.81
6700004439,4406430,2020-02-23,106.0,1,7695.97
6700004440,4623857,2020-02-24,95.0,1,13298.53
6700004441,4624549,2020-02-25,110.0,1,19279.33
6700004442,60100961,2020-02-25,63.2,1,8892.29
6700004443,60118831,2020-02-25,59.2,1,14329.23
6700004444,4589103,2020-02-26,165.0,1,9425.45
6700004445,60100210,2020-02-27,87.58,1,12914.52
6700004446,60102944,2020-03-01,95.0,1,10352.96
6700004447,4411065,2020-03-03,85.0,1,7325.49
6700004448,4624098,2020-03-04,91.0,1,13529.48
6700004449,4643454,2020-03-04,126.0,1,12129.88
6700004450,60105982,2020-03-04,90.2,1,8628.98
6700004451,80304229,2020-03-06,85.73,1,11554.96
6700004452,4521451,2020-03-08,103.0,1,13327.16
6700004453,60106830,2020-03-08,83.0,1,20460.03
6700004454,60119435,2020-03-11,118.2,1,10176.64
6700004455,60100699,2020-03-13,99.0,1,12579.13
6700004456,60104001,2020-03-17,62.4,1,11112.57
6700004457,60106395,2020-03-17,64.49,1,6583.12
6700004458,60106784,2020-03-22,68.0,1,15608.3
6700004459,60106618,2020-03-23,118.0,1,9294.43
6700004460,60116805,2020-03-25,85.5,1,27144.44
6700004461,60105313,2020-03-26,63.8,1,9981.48
6700004462,60120789,2020-03-26,46.6,1,17309.8
6700004463,4406778,2020-04-07,231.0,1,7311.31
6700004464,4589118,2020-04-07,96.0,1,10392.4
6700004465,60105102,2020-04-19,63.8,1,11169.62
6700004466,60106160,2020-04-20,79.42,1,12920.87
6700004467,60108218,2020-04-20,83.7,1,11664.18
6700004468,4663547,2020-04-21,144.0,1,12866.78
6700004469,60117257,2020-04-22,80.0,1,15232.29
6700004470,4643500,2020-04-24,108.0,1,11613.1
6700004471,4643481,2020-04-26,130.0,1,9647.8
6700004472,4385857,2020-04-27,38.0,1,13089.74
6700004473,4406181,2020-04-30,108.0,1,7258.19
6700004474,60121225,2020-04-30,40.9,1,15158.46
6700004475,4663425,2020-05-03,220.0,1,10979.32
6700004476,4643462,2020-05-04,130.0,1,13989.94
6700004477,60118715,2020-05-04,59.2,1,12480.47
6700004478,4625698,2020-05-05,160.0,1,11455.63
6700004479,4626086,2020-05-05,143.0,1,11923.24
6700004480,4663426,2020-05-05,160.0,1,15096.56
6700004481,4626088,2020-05-06,143.0,1,11923.24
6700004482,4643463,2020-05-06,220.0,1,8266.78
6700004483,60101237,2020-05-06,92.0,1,10656.4
6700004484,60121211,2020-05-07,40.9,1,31265.72
6700004485,4663657,2020-05-10,156.0,1,8698.17
6700004486,60117687,2020-05-10,29.6,1,13440.5
6700004487,60103266,2020-05-11,72.0,1,14208.53
6700004488,60102501,2020-05-13,80.55,1,11465.61
6700004489,81000019,2020-05-13,86.7,1,11143.95
6700004490,60100989,2020-05-14,63.2,1,8992.74
6700004491,60118758,2020-05-14,61.3,1,13559.53
6700004492,60097319,2020-05-15,92.1,1,10490.55
6700004493,60117708,2020-05-15,41.0,1,14728.36
6700004494,60121021,2020-05-18,40.9,1,13895.87
6700004495,4410587,2020-05-19,180.0,1,13024.49
6700004496,4626092,2020-05-19,143.0,1,12121.96
6700004497,4626104,2020-05-19,130.0,1,13115.57
6700004498,60100869,2020-05-19,63.2,1,9374.93
6700004499,80972666,2020-05-19,81.36,1,20432.62
6700004500,4626091,2020-05-20,143.0,1,12121.96
6700004501,80442225,2020-05-20,72.28,1,11794.57
6700004502,4626090,2020-05-21,130.0,1,13115.57
6700004503,60122044,2020-05-21,106.7,1,8655.62
6700004504,80304226,2020-05-24,162.9,3,9184.52
6700004505,60100646,2020-05-27,49.0,1,13483.61
6700004506,60104652,2020-05-27,122.0,1,7570.12
6700004507,4405823,2020-05-31,130.0,1,11804.01
6700004508,4589289,2020-05-31,100.0,1,21028.63
6700004509,60121428,2020-05-31,57.0,1,3795.17
6700004510,4643482,2020-06-01,108.0,1,11072.44
6700004511,4643478,2020-06-02,106.0,1,11944.96
6700004512,4626062,2020-06-03,268.0,1,8924.06
6700004513,4626100,2020-06-03,145.0,1,10430.1
6700004514,4626107,2020-06-03,130.0,1,11904.13
6700004515,4643499,2020-06-03,120.0,1,10551.38
6700004516,4643504,2020-06-03,121.0,1,9882.84
6700004517,4409372,2020-06-04,120.0,1,9847.96
6700004518,4626115,2020-06-04,268.0,1,8924.06
6700004519,4626116,2020-06-04,143.0,1,10575.98
6700004520,4626117,2020-06-04,130.0,1,11904.13
6700004521,81031343,2020-06-04,71.0,1,11294.44
6700004522,60120759,2020-06-05,46.6,1,2230.73
6700004523,4406872,2020-06-07,101.0,1,16715.06
6700004524,4408401,2020-06-07,85.0,1,6289.45
6700004525,4626123,2020-06-07,143.0,1,11608.98
6700004526,60121470,2020-06-08,57.0,1,1376.25
6700004527,4623842,2020-06-10,95.0,1,13366.85
6700004528,60105157,2020-06-11,63.8,1,7717.84
6700004529,60111175,2020-06-11,56.8,1,11641.2
6700004530,4406922,2020-06-12,105.0,1,11388.8
6700004531,60105113,2020-06-13,63.8,1,3659.49
6700004532,4406927,2020-06-14,105.0,1,11388.8
6700004533,60106042,2020-06-14,114.9,1,10958.5
6700004534,60117620,2020-06-14,49.8,1,12147.51
6700004535,60118940,2020-06-14,59.2,1,14020.98
6700004536,81177905,2020-06-14,107.5,1,11778.29
6700004537,4589057,2020-06-15,85.0,1,10592.76
6700004538,60106896,2020-06-16,110.94,1,10652.2
6700004539,60118810,2020-06-16,59.2,1,12832.76
6700004540,60117893,2020-06-18,267.0,1,4262.29
6700004541,60120782,2020-06-19,46.6,1,16604.47
6700004542,4407847,2020-06-21,138.0,1,9888.74
6700004543,80928368,2020-06-21,95.0,1,13328.06
6700004544,4643449,2020-06-22,128.0,1,11760.4
6700004545,60107014,2020-06-22,80.04,1,12655.33
6700004546,4589091,2020-06-23,50.0,1,11817.55
6700004547,4625179,2020-06-23,108.0,1,11723.76
6700004548,4625182,2020-06-23,108.0,1,10942.18
6700004549,60108375,2020-06-23,109.26,1,9528.37
6700004550,60110951,2020-06-23,63.8,1,13230.58
6700004551,60095588,2020-06-24,104.51,1,13797.94
6700004552,60097363,2020-06-24,61.91,1,11589.31
6700004553,60106930,2020-06-24,78.0,1,14970.34
6700004554,60118304,2020-06-25,92.0,1,11560.65
6700004555,60106903,2020-06-28,124.24,1,11040.57
6700004556,4406925,2020-06-29,105.0,1,12058.72
6700004557,4643464,2020-06-30,140.0,1,10450.89
6700004558,60100966,2020-06-30,63.2,1,9571.93
6700004559,60102727,2020-06-30,115.0,1,10643.14
6700004560,4623617,2020-07-01,95.0,1,14290.65
6700004561,4408841,2020-07-02,272.0,1,6723.92
6700004562,60117203,2020-07-02,104.4,1,13475.59
6700004563,60120284,2020-07-02,86.0,1,13904.93
6700004564,60120397,2020-07-02,75.4,1,10262.18
6700004565,60107053,2020-07-03,94.0,1,12871.19
6700004566,60101569,2020-07-06,46.0,1,14833.11
6700004567,80943481,2020-07-06,107.2,1,12073.72
6700004568,4643465,2020-07-07,128.0,1,10419.49
6700004569,60104079,2020-07-08,65.04,1,8652.22
6700004570,60120486,2020-07-08,46.6,1,14400.6
6700004571,81081967,2020-07-08,202.0,1,9402.22
6700004572,81328948,2020-07-08,100.51,1,11197.7
6700004573,81343609,2020-07-08,231.1,1,13971.11
6700004574,60107115,2020-07-12,94.0,1,12497.03
6700004575,81000041,2020-07-12,53.3,1,13197.48
6700004576,60099294,2020-07-13,67.0,1,6299.33
6700004577,60117096,2020-07-13,38.5,1,28137.02
6700004578,60106374,2020-07-14,63.95,1,11329.61
6700004579,4407291,2020-07-15,30.0,1,17351.17
6700004580,60105066,2020-07-15,63.8,1,10143.44
6700004581,60101314,2020-07-16,63.74,1,11256.58
6700004582,4410880,2020-07-19,102.0,1,17240.82
6700004583,60120584,2020-07-19,35.5,1,12483.33
6700004584,60423167,2020-07-19,55.5,1,20025.45
6700004585,81177903,2020-07-20,107.5,1,11778.29
6700004586,60104741,2020-07-21,25.6,1,22256.83
6700004587,81000026,2020-07-21,101.65,1,12317.73
6700004588,4625180,2020-07-26,128.0,1,10276.61
6700004589,60102572,2020-07-27,201.0,1,6999.26
6700004590,4643498,2020-07-28,120.0,1,8792.82
6700004591,4643450,2020-08-02,126.0,1,12047.42
6700004592,60118679,2020-08-02,71.4,1,12008.05
6700004593,81000010,2020-08-02,107.85,1,13683.9
6700004594,60117012,2020-08-03,127.0,1,8300.39
6700004595,60119092,2020-08-03,73.2,1,12480.82
6700004596,60104372,2020-08-04,29.2,1,18291.17
6700004597,60118911,2020-08-04,73.2,1,12288.81
6700004598,60099357,2020-08-05,110.0,1,10860.93
6700004599,60105165,2020-08-06,63.8,1,8481.66
6700004600,60108176,2020-08-06,97.62,1,11518.39
6700004601,4626094,2020-08-07,143.0,1,11401.52
6700004602,60117834,2020-08-09,49.8,1,12136.12
6700004603,81192828,2020-08-09,88.6,1,6345.52
6700004604,81192830,2020-08-09,107.11,1,5905.05
6700004605,81192839,2020-08-09,128.83,1,5454.99
6700004606,4589350,2020-08-10,120.0,1,21317.24
6700004607,4645007,2020-08-10,96.0,1,18594.02
6700004608,60095472,2020-08-10,113.5,1,11145.19
6700004609,60119002,2020-08-10,73.2,1,4293.98
6700004610,60106167,2020-08-12,86.35,1,9766.29
6700004611,4661714,2020-08-13,197.0,1,11058.76
6700004612,4506274,2020-08-16,471.0,3,9250.85
6700004613,60100209,2020-08-16,88.5,1,12149.51
6700004614,60121633,2020-08-16,44.3,1,13642.86
6700004615,60101715,2020-08-17,66.8,1,12308.93
6700004616,60121978,2020-08-17,54.0,1,6283.9
6700004617,60121167,2020-08-19,45.1,1,5596.23
6700004618,60121234,2020-08-20,40.9,1,4910.08
6700004619,4589365,2020-08-23,100.0,1,13071.45
6700004620,60118955,2020-08-23,59.2,1,13770.42
6700004621,80887811,2020-08-23,89.0,1,15271.34
6700004622,81056623,2020-08-24,64.66,1,26084.73
6700004623,81154865,2020-08-24,148.48,1,11359.37
6700004624,81192823,2020-08-24,128.83,1,10364.48
6700004625,60108060,2020-08-25,77.82,1,12642.93
6700004626,4661715,2020-08-27,197.0,1,11058.76
6700004627,4663665,2020-08-28,75.0,1,14992.34
6700004628,60119298,2020-08-28,106.0,1,9281.82
6700004629,80888651,2020-08-28,120.53,1,11194.81
6700004630,4406361,2020-08-30,50.0,1,9164.07
6700004631,60122087,2020-08-30,48.5,1,14634.92
6700004632,81011262,2020-08-30,103.2,1,6605.46
6700004633,60120398,2020-08-31,56.2,1,14755.59
6700004634,60121500,2020-08-31,57.0,1,4627.55
6700004635,4589081,2020-09-02,65.0,1,13150.3
6700004636,60108038,2020-09-02,78.1,1,12379.91
6700004637,60121175,2020-09-02,107.0,1,9821.93
6700004638,60099611,2020-09-03,30.2,1,23199.7
6700004639,60103443,2020-09-03,104.6,1,14133.19
6700004640,80893156,2020-09-03,66.13,1,12713.7
6700004641,80999993,2020-09-03,103.5,1,10289.46
6700004642,4406923,2020-09-04,150.0,1,11210.1
6700004643,4410225,2020-09-06,104.0,1,6467.36
6700004644,60096776,2020-09-06,43.1,1,24383.91
6700004645,60104425,2020-09-06,43.8,1,13436.76
6700004646,60118988,2020-09-06,73.0,1,3437.31
6700004647,60119428,2020-09-06,113.2,1,9902.91
6700004648,4408291,2020-09-07,370.0,1,4052.3
6700004649,4589310,2020-09-07,100.0,1,12611.36
6700004650,60100936,2020-09-08,63.2,1,8868.75
6700004651,60104356,2020-09-08,29.2,1,20635.02
6700004652,81042108,2020-09-08,99.0,1,16277.29
6700004653,81208963,2020-09-08,104.0,1,14147.36
6700004654,4406926,2020-09-09,104.0,1,16168.41
6700004655,60099990,2020-09-09,3314.0,3,1702.74
6700004656,60120732,2020-09-09,46.6,1,3712.35
6700004657,4411095,2020-09-10,56.0,1,10634.58
6700004658,60101923,2020-09-13,89.2,1,10179.57
6700004659,4623576,2020-09-14,79.0,1,13657.87
6700004660,60117585,2020-09-14,58.7,1,12055.15
6700004661,60099299,2020-09-16,85.0,1,7418.45
6700004662,60118066,2020-09-16,246.4,1,8530.41
6700004663,4626121,2020-09-18,143.0,1,11856.83
6700004664,4661723,2020-09-18,184.0,1,11042.55
6700004665,4663421,2020-09-18,206.0,1,15713.18
6700004666,4663550,2020-09-21,100.0,1,14012.62
6700004667,60119754,2020-09-21,120.0,1,10509.46
6700004668,81309032,2020-09-21,236.3,1,13698.33
6700004669,4405817,2020-09-22,125.0,1,11210.1
6700004670,60119603,2020-09-22,46.2,1,21231.24
6700004671,4663604,2020-09-23,130.0,1,15090.51
6700004672,60101214,2020-09-23,61.58,1,10239.82
6700004673,4409032,2020-09-24,480.0,3,20435.07
6700004674,4509471,2020-09-24,120.0,1,16581.6
6700004675,4661716,2020-09-24,185.0,1,10982.86
6700004676,4661734,2020-09-24,195.0,1,12216.13
6700004677,4626097,2020-09-29,268.0,1,10378.75
6700004678,60121418,2020-09-29,57.0,1,3239.18
6700004679,60102420,2020-09-30,109.25,1,8978.34
6700004680,4661718,2020-10-05,195.0,1,12105.79
6700004681,4626095,2020-10-07,143.0,1,12138.16
6700004682,60118722,2020-10-07,59.2,1,3441.3
6700004683,4406924,2020-10-11,105.0,1,13886.06
6700004684,4626093,2020-10-11,268.0,1,10285.01
6700004685,81011117,2020-10-11,124.76,1,10239.8
6700004686,60103086,2020-10-14,100.7,1,11721.1
6700004687,4663564,2020-10-15,114.0,1,18088.42
6700004688,60103603,2020-10-15,73.38,1,31318.38
6700004689,60107101,2020-10-15,77.0,1,13164.7
6700004690,4405816,2020-10-18,129.0,1,11517.89
6700004691,4408395,2020-10-18,86.0,1,8557.69
6700004692,4626126,2020-10-18,143.0,1,12138.16
6700004693,60102356,2020-10-18,61.4,1,11760.18
6700004694,80920079,2020-10-18,48.58,1,20008.73
6700004695,60101693,2020-10-19,99.5,1,12560.25
6700004696,60107853,2020-10-19,121.35,1,7209.08
6700004697,60120019,2020-10-19,93.0,1,13572.5
6700004698,80887818,2020-10-19,89.0,1,15056.23
6700004699,4405813,2020-10-20,129.0,1,11517.89
6700004700,60102343,2020-10-20,61.4,1,9543.84
6700004701,60118967,2020-10-20,73.2,1,11609.66
6700004702,81177901,2020-10-21,108.45,1,13444.32
6700004703,4410679,2020-10-22,139.0,1,10059.9
6700004704,60100781,2020-10-22,63.2,1,10766.09
6700004705,60122143,2020-10-22,45.1,1,21798.96
6700004706,4626127,2020-10-24,143.0,1,12526.58
6700004707,4663584,2020-10-25,73.0,1,16929.58
6700004708,60101203,2020-10-25,67.85,1,10376.17
6700004709,60101638,2020-10-25,57.7,1,12995.62
6700004710,4411561,2020-10-26,102.0,1,15111.3
6700004711,4405814,2020-10-27,129.0,1,11517.89
6700004712,4589357,2020-10-27,74.0,1,14073.71
6700004713,60108037,2020-10-27,95.92,1,10712.76
6700004714,4626068,2020-10-28,143.0,1,12526.58
6700004715,60102682,2020-10-29,97.14,1,5717.96
6700004716,4626105,2020-10-30,268.0,1,8808.32
6700004717,60103989,2020-11-01,67.2,1,5302.89
6700004718,60101066,2020-11-02,92.88,1,9927.2
6700004719,60103192,2020-11-02,99.0,1,10147.56
6700004720,60103968,2020-11-02,65.5,1,10925.37
6700004721,60119150,2020-11-03,128.0,1,10106.29
6700004722,4626050,2020-11-04,268.0,1,8729.48
6700004723,4643467,2020-11-04,130.0,1,10056.67
6700004724,4601094,2020-11-06,156.0,1,11115.27
6700004725,60100858,2020-11-08,63.2,1,10451.97
6700004726,60100407,2020-11-09,95.05,1,10134.91
6700004727,60119278,2020-11-09,87.0,1,12100.86
6700004728,4589078,2020-11-10,68.0,1,11677.26
6700004729,60118756,2020-11-10,61.3,1,14480.16
6700004730,60122334,2020-11-10,69.24,1,8546.44
6700004731,4405631,2020-11-11,53.0,1,12982.79
6700004732,4408735,2020-11-11,115.0,1,10171.74
6700004733,4411078,2020-11-11,80.0,1,7568.97
6700004734,60097208,2020-11-11,26.0,1,14291.06
6700004735,60117420,2020-11-12,215.0,1,7680.98
6700004736,60096452,2020-11-15,106.17,1,11017.71
6700004737,4411313,2020-11-20,95.0,1,4997.69
6700004738,4405812,2020-11-22,130.0,1,11432.85
6700004739,4405815,2020-11-22,130.0,1,11326.99
6700004740,60106355,2020-11-22,108.0,1,6855.4
6700004741,60119194,2020-11-22,116.3,1,18932.78
6700004742,80477761,2020-11-22,48.2,1,22555.59
6700004743,4405805,2020-11-23,130.0,1,11326.99
6700004744,4405809,2020-11-23,130.0,1,11432.85
6700004745,60096122,2020-11-23,115.0,1,11368.41
6700004746,60097288,2020-11-23,61.7,1,10259.99
6700004747,60101805,2020-11-24,102.07,1,9303.04
6700004748,60102289,2020-11-24,83.2,1,10420.57
6700004749,4661713,2020-11-25,25.0,4,12605.77
6700004750,81228471,2020-11-25,100.62,1,12582.81
6700004751,4589640,2020-11-26,133.0,1,10605.87
6700004752,60099379,2020-11-26,130.0,1,12703.17
6700004753,60122101,2020-11-26,48.5,1,15606.12
6700004754,4406365,2020-11-29,28.0,1,11058.56
6700004755,4406375,2020-11-29,29.0,1,10250.14
6700004756,4406376,2020-11-29,30.0,1,9724.98
6700004757,4406383,2020-11-29,29.0,1,9965.41
6700004758,4406839,2020-11-29,38.0,1,16658.98
6700004759,4407277,2020-11-29,30.0,1,11468.14
6700004760,4623192,2020-11-29,200.0,1,16101.26
6700004761,80973702,2020-11-29,102.8,1,22757.78
6700004762,4645001,2020-11-30,668.0,3,14421.01
6700004763,60104076,2020-11-30,60.86,1,10627.72
6700004764,60109170,2020-11-30,46.0,3,17950.13
6700004765,60116923,2020-11-30,210.0,1,7405.14
6700004766,60118498,2020-11-30,33.2,1,46114.34
6700004767,81028682,2020-11-30,98.97,1,16825.03
6700004768,4589080,2020-12-01,85.0,1,11265.99
6700004769,4589649,2020-12-01,1100.0,1,3637.67
6700004770,4624167,2020-12-01,648.0,1,1340.57
6700004771,4643468,2020-12-02,139.0,1,10432.33
6700004772,60095018,2020-12-06,118.07,1,10022.28
6700004773,4626112,2020-12-07,268.0,1,9953.82
6700004774,4663422,2020-12-08,206.0,1,14991.69
6700004775,60096483,2020-12-08,86.15,1,11353.79
6700004776,60106317,2020-12-08,82.1,1,7498.24
6700004777,60104953,2020-12-09,25.6,1,27787.76
6700004778,81208962,2020-12-09,105.0,1,13680.13
6700004779,4521876,2020-12-10,208.0,1,14469.37
6700004780,60101926,2020-12-10,106.5,1,7771.34
6700004781,60119283,2020-12-10,87.0,1,11321.49
6700004782,81309035,2020-12-10,238.75,1,12935.24
6700004783,80920076,2020-12-13,77.59,1,14633.98
6700004784,4405799,2020-12-14,130.0,1,11259.8
6700004785,60101307,2020-12-14,43.7,1,12991.43
6700004786,4643469,2020-12-15,127.0,1,9586.86
6700004787,60118494,2020-12-15,28.8,1,28025.26
6700004788,4408685,2020-12-17,778.0,1,1846.29
6700004789,81192822,2020-12-17,107.11,1,11175.53
6700004790,60101543,2020-12-22,57.4,1,14418.95
6700004791,60104096,2020-12-22,67.2,1,10687.6
6700004792,60110807,2020-12-23,110.9,1,17886.55
6700004793,60101208,2020-12-24,61.58,1,13773.43
6700004794,60104728,2020-12-24,202.0,1,5891.94
6700004795,60108331,2020-12-24,57.58,1,14373.88
6700004796,80845925,2020-12-24,69.95,1,13885.48
6700004797,81192826,2020-12-24,107.11,1,10217.63
6700004798,81232581,2020-12-24,1384.0,1,2377.22
6700004799,4623843,2020-12-27,92.0,1,13116.27
6700004800,4643503,2020-12-27,130.0,1,9997.02
6700004801,60101149,2020-12-27,75.3,1,10718.83
6700004802,81279066,2020-12-27,95.96,1,10692.05
6700004803,4589076,2020-12-28,73.0,1,7495.96
6700004804,80441799,2020-12-28,66.65,1,12725.7
6700004805,81208950,2020-12-29,105.0,1,16285.87
6700004806,4643394,2020-12-30,136.0,1,12573.65
6700004807,60119027,2020-12-30,73.2,1,11586.99
6700004808,60118288,2020-12-31,188.6,1,7253.51
6700004809,80440599,2020-12-31,97.05,1,12686.36
6700004810,4623844,2021-01-03,103.0,1,13528.5
6700004811,60100089,2021-01-03,180.0,3,3193.07
6700004812,60105467,2021-01-03,66.1,1,14870.66
6700004813,60105883,2021-01-03,39.09,1,20081.75
6700004814,60119431,2021-01-03,82.6,1,12065.41
6700004815,4589591,2021-01-05,120.0,1,12969.49
6700004816,4623830,2021-01-05,95.0,1,13436.54
6700004817,4623833,2021-01-05,92.0,1,13287.79
6700004818,4623845,2021-01-05,95.0,1,14011.36
6700004819,80405730,2021-01-05,115.54,1,12347.62
6700004820,4625704,2021-01-06,120.0,1,14220.93
6700004821,60099342,2021-01-06,64.4,1,14839.23
6700004822,60099601,2021-01-06,110.0,1,8439.48
6700004823,60110399,2021-01-06,153.4,1,12904.52
6700004824,4643505,2021-01-07,120.0,1,11376.75
6700004825,60105939,2021-01-07,95.7,1,10199.84
6700004826,81000005,2021-01-07,107.0,1,11483.07
6700004827,81192827,2021-01-07,128.83,1,9802.21
6700004828,4407131,2021-01-11,945.0,3,5706.43
6700004829,60101662,2021-01-12,77.3,1,9713.65
6700004830,4663687,2021-01-14,124.0,1,12110.73
6700004831,60103626,2021-01-17,109.15,1,11457.0
6700004832,60119691,2021-01-17,40.8,1,2948.25
6700004833,60095070,2021-01-19,115.26,1,10067.92
6700004834,80972699,2021-01-19,81.36,1,18038.35
6700004835,4385856,2021-01-20,28.0,1,14627.24
6700004836,4405810,2021-01-20,130.0,1,11341.74
6700004837,4521264,2021-01-20,300.0,1,9556.47
6700004838,60101619,2021-01-20,77.3,1,5298.36
6700004839,60100990,2021-01-21,63.2,1,12960.85
6700004840,60119948,2021-01-21,113.0,1,12081.5
6700004841,60111174,2021-01-26,56.8,1,12498.4
6700004842,60118705,2021-01-26,71.4,1,3744.04
6700004843,60121389,2021-01-27,57.0,1,22993.0
6700004844,80400766,2021-01-27,108.0,1,14979.38
6700004845,4406381,2021-01-28,38.0,1,11496.5
6700004846,60106156,2021-01-28,80.94,1,8096.13
6700004847,4521490,2021-01-29,108.0,1,4108.27
6700004848,4589142,2021-01-31,125.0,1,9829.51
6700004849,60099324,2021-01-31,30.2,1,37294.63
6700004850,60118387,2021-02-01,69.1,1,12348.51
6700004851,4623574,2021-02-02,120.0,1,14227.49
6700004852,60120213,2021-02-02,64.7,1,24073.86
6700004853,60100970,2021-02-03,63.2,1,10072.4
6700004854,4405806,2021-02-04,130.0,1,11252.07
6700004855,60107037,2021-02-04,103.1,1,11560.49
6700004856,60108064,2021-02-04,79.17,1,12445.85
6700004857,4589584,2021-02-05,193.0,1,7719.47
6700004858,60117788,2021-02-07,53.1,1,14500.67
6700004859,60119031,2021-02-09,73.2,1,9066.45
6700004860,60118386,2021-02-10,69.1,1,12544.52
6700004861,4589585,2021-02-11,104.0,1,11864.16
6700004862,60121605,2021-02-11,33.7,1,19291.39
6700004863,4643470,2021-02-14,153.0,1,9737.63
6700004864,60120469,2021-02-14,46.6,1,14532.36
6700004865,60101623,2021-02-15,77.3,1,10250.11
6700004866,60103598,2021-02-15,74.82,1,11585.49
6700004867,81089812,2021-02-15,131.2,1,14452.61
6700004868,4385855,2021-02-16,43.0,1,11339.3
6700004869,4589113,2021-02-16,104.0,1,11720.91
6700004870,4589654,2021-02-16,33.0,3,29756.11
6700004871,60103149,2021-02-16,102.87,1,8821.41
6700004872,60103711,2021-02-17,127.0,1,8318.46
6700004873,4589106,2021-02-18,129.0,1,8399.48
6700004874,60117719,2021-02-19,41.0,1,1816.9
6700004875,60105294,2021-02-20,63.8,1,2411.39
6700004876,4663628,2021-02-21,106.0,1,14055.26
6700004877,60105435,2021-02-21,100.7,1,11701.51
6700004878,60118996,2021-02-21,73.2,1,11194.29
6700004879,4408396,2021-02-23,86.0,1,6772.08
6700004880,4411075,2021-02-23,74.0,1,8419.34
6700004881,60105041,2021-02-23,63.8,1,9871.53
6700004882,60107079,2021-02-23,82.0,1,13213.82
6700004883,81183306,2021-02-23,719.0,1,3202.37
6700004884,80405312,2021-02-24,54.98,1,13425.91
6700004885,81011102,2021-02-24,113.89,1,8384.08
6700004886,60107003,2021-02-25,74.0,1,14367.79
6700004887,80973708,2021-02-25,125.4,1,21601.53
6700004888,80999957,2021-02-25,103.0,1,15450.86
6700004889,60095464,2021-03-01,110.8,1,11341.94
6700004890,4409254,2021-03-02,260.0,1,2776.64
6700004891,60100493,2021-03-02,86.84,1,10468.59
6700004892,60117783,2021-03-02,53.1,1,17044.86
6700004893,60119052,2021-03-02,73.2,1,14610.94
6700004894,80973673,2021-03-02,98.6,1,18982.36
6700004895,60096793,2021-03-03,69.5,1,13849.91
6700004896,60119205,2021-03-03,59.1,1,12441.55
6700004897,4407596,2021-03-04,250.0,1,8021.4
6700004898,4663430,2021-03-04,264.0,1,11140.84
6700004899,60100211,2021-03-04,88.5,1,12236.04
6700004900,60106871,2021-03-04,89.1,1,15829.75
6700004901,60102564,2021-03-07,91.2,1,8795.4
6700004902,60122337,2021-03-07,79.37,1,7074.44
6700004903,81174771,2021-03-07,64.8,3,35073.01
6700004904,4623838,2021-03-08,103.0,1,13239.21
6700004905,4661722,2021-03-09,197.0,1,10518.76
6700004906,4661724,2021-03-09,183.0,1,10592.93
6700004907,60108061,2021-03-09,75.18,1,12447.87
6700004908,60108134,2021-03-09,106.5,1,9477.56
6700004909,60119415,2021-03-09,78.3,1,11268.9
6700004910,81309038,2021-03-09,235.5,1,12943.24
6700004911,4623825,2021-03-10,80.0,1,13627.2
6700004912,60102364,2021-03-10,61.4,1,8927.19
6700004913,60106884,2021-03-10,107.81,1,11160.47
6700004914,60096913,2021-03-11,85.6,1,17023.62
6700004915,4503714,2021-03-12,86.0,1,6917.68
6700004916,4290879,2021-03-14,214.0,1,7871.47
6700004917,60110879,2021-03-14,70.96,1,13376.54
6700004918,60117580,2021-03-14,58.7,1,13665.08
6700004919,60118379,2021-03-14,69.1,1,12575.77
6700004920,60119289,2021-03-14,106.0,1,9648.39
6700004921,80887796,2021-03-14,89.0,1,13519.22
6700004922,4623889,2021-03-15,81.0,1,14069.64
6700004923,4652169,2021-03-15,96.0,1,15945.33
6700004924,4661725,2021-03-15,183.0,1,10592.93
6700004925,4589545,2021-03-16,200.0,1,16042.81
6700004926,60106051,2021-03-17,92.5,1,11201.06
6700004927,60117807,2021-03-17,54.0,1,13864.16
6700004928,60096789,2021-03-18,38.36,1,13940.57
6700004929,60106969,2021-03-18,80.0,1,14204.57
6700004930,60119058,2021-03-18,73.2,1,12054.02
6700004931,81339160,2021-03-18,651.0,1,2104.95
6700004932,4623633,2021-03-21,121.0,1,14805.35
6700004933,4623890,2021-03-21,80.0,1,13619.68
6700004934,60099012,2021-03-21,386.0,3,9940.17
6700004935,60117162,2021-03-21,27.8,1,37029.27
6700004936,4385854,2021-03-22,49.0,1,11131.75
6700004937,4406178,2021-03-22,93.0,1,5462.61
6700004938,60100602,2021-03-22,48.0,1,16293.48
6700004939,60102540,2021-03-22,76.67,1,13862.48
6700004940,60106832,2021-03-22,60.0,1,16042.81
6700004941,60120780,2021-03-22,46.6,1,14487.87
6700004942,60121216,2021-03-22,40.9,1,16343.53
6700004943,81183307,2021-03-22,166.38,1,13707.25
6700004944,81183315,2021-03-22,116.35,1,12936.93
6700004945,60117773,2021-03-24,53.1,1,15861.53
6700004946,60118172,2021-03-24,211.54,1,7394.22
6700004947,4589369,2021-03-25,126.0,1,14111.73
6700004948,60101611,2021-03-25,99.3,1,9155.01
6700004949,60104027,2021-03-25,63.2,1,11634.42
6700004950,60107955,2021-03-25,67.06,1,14453.52
6700004951,81045135,2021-03-25,145.1,1,14741.84
6700004952,60099677,2021-03-26,47.8,1,8390.59
6700004953,80999981,2021-03-29,107.85,1,14255.32
6700004954,60105073,2021-03-30,63.8,1,9220.01
6700004955,60107751,2021-04-04,90.65,1,17733.63
6700004956,80893603,2021-04-04,77.68,1,11097.66
6700004957,81089669,2021-04-04,106.54,1,6473.18
6700004958,4589119,2021-04-05,127.0,1,12270.47
6700004959,60101302,2021-04-05,53.8,1,10969.96
6700004960,4407285,2021-04-06,50.0,1,9283.79
6700004961,4407289,2021-04-06,34.0,1,8581.65
6700004962,4643402,2021-04-06,130.0,1,13619.62
6700004963,60099332,2021-04-06,160.0,1,7418.74
6700004964,60103110,2021-04-07,103.26,1,9504.44
6700004965,60119503,2021-04-07,55.7,1,13333.98
6700004966,60097356,2021-04-08,61.91,1,13281.83
6700004967,60119418,2021-04-08,78.3,1,11433.23
6700004968,60121769,2021-04-08,126.0,1,12104.71
6700004969,60097289,2021-04-09,61.7,1,11822.37
6700004970,60095487,2021-04-12,90.0,1,10315.32
6700004971,60119363,2021-04-12,84.7,1,13231.24
6700004972,60121993,2021-04-12,37.3,1,7088.53
6700004973,4408397,2021-04-13,88.0,1,8364.45
6700004974,60106415,2021-04-13,95.27,1,10440.76
6700004975,80914819,2021-04-13,104.82,1,11513.95
6700004976,80920066,2021-04-13,102.08,1,15395.89
6700004977,4589082,2021-04-14,62.0,1,13048.64
6700004978,4409365,2021-04-16,101.0,1,10242.37
6700004979,60106240,2021-04-18,69.23,1,12452.2
6700004980,60119257,2021-04-18,77.6,1,11621.82
6700004981,60120456,2021-04-18,93.8,1,10604.39
6700004982,60121273,2021-04-18,40.9,1,13132.85
6700004983,4589320,2021-04-19,94.0,1,13403.64
6700004984,60120416,2021-04-19,35.5,1,13449.35
6700004985,81183316,2021-04-19,116.35,1,13165.66
6700004986,4623891,2021-04-20,123.0,1,14879.94
6700004987,60120670,2021-04-20,40.7,1,13686.17
6700004988,4411063,2021-04-21,54.0,1,11052.13
6700004989,4623892,2021-04-21,95.0,1,12879.77
6700004990,81042098,2021-04-21,99.0,1,15539.96
6700004991,4410824,2021-04-22,42.0,4,3157.75
6700004992,4623591,2021-04-22,90.0,1,14220.4
6700004993,81183312,2021-04-23,116.35,1,12890.89
6700004994,4623895,2021-04-25,103.0,1,12898.15
6700004995,4410942,2021-04-26,230.0,1,9226.12
6700004996,4623575,2021-04-26,99.0,1,12592.73
6700004997,4623590,2021-04-26,94.0,1,13121.46
6700004998,4623894,2021-04-26,103.0,1,13249.68
6700004999,60101069,2021-04-26,120.61,1,11436.08
6700005000,60107965,2021-04-26,96.89,1,15057.08
6700005001,60110885,2021-04-26,56.65,1,15451.52
6700005002,80972709,2021-04-26,94.04,1,18334.03
6700005003,60122190,2021-04-27,45.1,1,14997.56
6700005004,4623572,2021-04-28,121.0,1,14446.32
6700005005,4623888,2021-04-28,95.0,1,12591.29
6700005006,4623896,2021-04-28,95.0,1,13820.98
6700005007,80887800,2021-04-28,89.0,1,13411.57
6700005008,60101088,2021-04-29,89.77,1,8568.88
6700005009,60102966,2021-04-29,55.2,1,29552.43
6700005010,60107051,2021-04-30,82.0,1,13100.81
6700005011,4521308,2021-05-02,315.0,1,9048.29
6700005012,60097423,2021-05-02,69.68,1,12498.53
6700005013,4643502,2021-05-03,130.0,1,10150.33
6700005014,60104498,2021-05-03,42.2,1,12507.51
6700005015,4406380,2021-05-04,36.0,1,13195.42
6700005016,4663587,2021-05-04,114.0,1,18045.32
6700005017,4683435,2021-05-04,627.0,1,1946.69
6700005018,60119282,2021-05-04,106.0,1,10830.21
6700005019,80405315,2021-05-04,87.9,1,12159.6
6700005020,60095507,2021-05-05,68.19,1,12191.11
6700005021,80973698,2021-05-05,100.45,1,24302.17
6700005022,4623592,2021-05-06,80.0,1,13607.78
6700005023,4643390,2021-05-06,84.0,1,14609.22
6700005024,4661720,2021-05-06,238.0,1,8593.66
6700005025,60101879,2021-05-06,96.39,1,9582.73
6700005026,4406577,2021-05-09,160.0,1,11133.64
6700005027,4623893,2021-05-09,103.0,1,12426.76
6700005028,4663546,2021-05-09,80.0,1,10721.28
6700005029,60101653,2021-05-09,116.7,1,6558.14
6700005030,60102909,2021-05-09,98.94,1,6501.69
6700005031,4408304,2021-05-10,86.0,1,7058.02
6700005032,60102370,2021-05-10,61.4,1,10208.19
6700005033,60104566,2021-05-10,26.3,1,16055.27
6700005034,4623584,2021-05-12,80.0,1,13360.37
6700005035,4623868,2021-05-13,92.0,1,12865.54
6700005036,4643507,2021-05-13,80.0,1,18143.71
6700005037,4652162,2021-05-13,130.0,1,11165.36
6700005038,60118267,2021-05-18,62.0,1,14898.06
6700005039,60119747,2021-05-18,44.9,1,16633.87
6700005040,80477766,2021-05-18,48.2,1,23269.94
6700005041,80920082,2021-05-18,77.59,1,10203.96
6700005042,4623865,2021-05-19,80.0,1,13384.28
6700005043,60101905,2021-05-19,99.43,1,5971.98
6700005044,60103190,2021-05-20,99.0,1,13328.71
6700005045,80887793,2021-05-20,89.0,1,16308.95
6700005046,4643438,2021-05-22,103.0,1,20625.85
6700005047,4601099,2021-05-23,156.0,1,10996.19
6700005048,4661717,2021-05-23,178.0,1,10378.42
6700005049,60097209,2021-05-23,68.0,1,12419.22
6700005050,81184385,2021-05-23,130.18,1,9122.66
6700005051,60116926,2021-05-24,82.6,1,17572.6
6700005052,60119153,2021-05-24,78.3,1,13481.91
6700005053,4411304,2021-05-25,75.0,4,10556.34
6700005054,60100497,2021-05-25,87.87,1,8634.76
6700005055,80972713,2021-05-25,98.97,1,20665.76
6700005056,81183310,2021-05-25,116.35,1,12542.12
6700005057,4410817,2021-05-26,1388.0,1,3662.97
6700005058,60105864,2021-05-26,84.25,1,10572.0
6700005059,81228466,2021-05-26,102.11,1,9692.06
6700005060,4589588,2021-05-27,115.0,1,9179.42
6700005061,4623877,2021-05-27,84.0,1,13980.86
6700005062,60101017,2021-05-27,63.2,1,1523.95
6700005063,60106163,2021-05-27,79.42,1,7975.07
6700005064,60120390,2021-05-27,77.4,1,11286.01
6700005065,4643439,2021-05-30,106.0,1,11203.66
6700005066,60108174,2021-05-30,20.27,1,35478.57
6700005067,60118965,2021-05-30,73.2,1,10275.12
6700005068,80400743,2021-05-30,164.0,1,10741.4
6700005069,4589089,2021-05-31,62.0,1,19154.65
6700005070,60102525,2021-05-31,106.14,1,6589.01
6700005071,80405301,2021-05-31,87.19,1,12258.62
6700005072,4385853,2021-06-01,27.0,1,14244.8
6700005073,4510950,2021-06-01,200.0,1,9126.33
6700005074,4589336,2021-06-01,120.0,1,16840.26
6700005075,60099310,2021-06-01,49.1,1,17923.4
6700005076,4589316,2021-06-02,100.0,1,11342.73
6700005077,60102940,2021-06-02,51.5,1,14429.98
6700005078,60119083,2021-06-02,116.3,1,8968.27
6700005079,60119456,2021-06-02,73.2,1,11399.01
6700005080,4408300,2021-06-03,120.0,1,5215.05
6700005081,4661730,2021-06-06,184.0,1,11691.34
6700005082,60100196,2021-06-06,89.03,1,10470.51
6700005083,60105028,2021-06-06,63.8,1,6600.55
6700005084,80919947,2021-06-06,102.08,1,15581.79
6700005085,80887794,2021-06-07,89.0,1,13477.09
6700005086,60097406,2021-06-08,74.57,1,12675.7
6700005087,60106987,2021-06-08,80.0,1,12059.8
6700005088,60104040,2021-06-10,62.48,1,12520.12
6700005089,60106164,2021-06-10,79.42,1,8454.26
6700005090,4521453,2021-06-11,61.0,1,17098.51
6700005091,4407283,2021-06-13,38.0,1,12866.07
6700005092,81011087,2021-06-14,95.17,1,8219.58
6700005093,4411062,2021-06-15,74.0,1,8104.46
6700005094,60099298,2021-06-15,75.0,1,12168.44
6700005095,60106890,2021-06-15,107.81,1,10279.17
6700005096,80893633,2021-06-15,61.89,1,15799.34
6700005097,4385852,2021-06-16,39.0,1,10697.53
6700005098,4661737,2021-06-16,183.0,1,10330.35
6700005099,60110890,2021-06-16,121.76,1,13170.39
6700005100,60118998,2021-06-16,73.2,1,2695.06
6700005101,60119115,2021-06-16,61.7,1,11621.86
6700005102,4623867,2021-06-17,80.0,1,13526.53
6700005103,60096142,2021-06-17,120.31,1,13220.76
6700005104,60101915,2021-06-17,93.37,1,9355.47
6700005105,60102923,2021-06-17,98.94,1,9224.11
6700005106,60102953,2021-06-17,47.5,1,17209.65
6700005107,60119537,2021-06-17,32.4,3,8852.7
6700005108,4408289,2021-06-20,876.0,3,8929.87
6700005109,60103631,2021-06-20,94.8,1,12790.07
6700005110,80405737,2021-06-20,71.32,1,15903.99
6700005111,60104413,2021-06-21,230.0,1,8077.65
6700005112,60096276,2021-06-22,172.0,1,15084.22
6700005113,60100284,2021-06-22,78.0,1,14207.66
6700005114,60117628,2021-06-22,49.8,1,11388.28
6700005115,4407918,2021-06-23,55.0,1,13274.66
6700005116,4623864,2021-06-23,95.0,1,11998.4
6700005117,60104435,2021-06-23,117.0,1,10196.08
6700005118,60104515,2021-06-23,67.0,1,15567.3
6700005119,80972645,2021-06-23,98.97,1,20155.15
6700005120,4407919,2021-06-24,88.0,1,17630.41
6700005121,60101635,2021-06-24,89.0,1,7287.88
6700005122,60102347,2021-06-24,46.0,1,9353.07
6700005123,80999969,2021-06-24,78.5,1,12373.28
6700005124,60104002,2021-06-27,60.4,1,3114.78
6700005125,4623586,2021-06-28,87.0,1,12438.19
6700005126,60101911,2021-06-28,93.03,1,9319.59
6700005127,4407287,2021-06-29,38.0,1,9263.57
6700005128,4408402,2021-06-29,108.0,1,9778.21
6700005129,4409427,2021-06-29,129.0,1,12633.35
6700005130,4623869,2021-06-30,92.0,1,12343.22
6700005131,60146054,2021-06-30,250.0,3,7822.57
6700005132,81043879,2021-06-30,250.83,3,10915.36
6700005133,4589126,2021-07-01,126.0,1,8895.78
6700005134,60099347,2021-07-01,113.0,1,10147.21
6700005135,60118324,2021-07-01,157.0,1,13745.18
6700005136,80442172,2021-07-01,114.05,1,5535.23
6700005137,81052171,2021-07-01,87.2,1,11154.9
6700005138,4406767,2021-07-02,65.0,1,3944.35
6700005139,60121256,2021-07-02,45.1,1,12854.97
6700005140,4643435,2021-07-04,106.0,1,11060.4
6700005141,4643437,2021-07-04,103.0,1,11507.63
6700005142,60100888,2021-07-04,63.2,1,9988.82
6700005143,60119234,2021-07-04,59.1,1,6031.07
6700005144,4407599,2021-07-06,104.0,1,7185.05
6700005145,60119414,2021-07-06,78.3,1,10366.07
6700005146,60121614,2021-07-06,68.0,1,1002.26
6700005147,4407379,2021-07-08,240.0,1,9394.25
6700005148,4589367,2021-07-08,105.0,1,15632.03
6700005149,4623884,2021-07-08,123.0,1,13878.61
6700005150,4663581,2021-07-08,73.0,1,13942.46
6700005151,60096148,2021-07-08,103.15,1,12115.4
6700005152,60100144,2021-07-08,102.0,1,7831.17
6700005153,60100791,2021-07-08,63.2,1,10192.67
6700005154,60106171,2021-07-08,86.35,1,7161.67
6700005155,60106322,2021-07-08,58.8,3,7490.86
6700005156,60119712,2021-07-08,62.0,1,12883.54
6700005157,60119913,2021-07-08,130.0,1,10901.46
6700005158,60122107,2021-07-08,48.5,1,15539.94
6700005159,4589373,2021-07-09,85.0,1,12125.69
6700005160,80442222,2021-07-11,114.05,1,16379.78
6700005161,60121123,2021-07-12,40.9,1,17955.06
6700005162,60106668,2021-07-13,138.66,1,10963.93
6700005163,60120683,2021-07-13,40.7,1,1940.13
6700005164,4661732,2021-07-14,184.0,1,10152.79
6700005165,60096770,2021-07-16,100.0,1,12432.62
6700005166,4290880,2021-07-19,212.0,1,7717.97
6700005167,4406382,2021-07-19,38.0,1,10849.3
6700005168,4643436,2021-07-19,106.0,1,10938.86
6700005169,60102413,2021-07-19,110.9,1,6738.01
6700005170,60108284,2021-07-19,102.28,1,9951.11
6700005171,60110333,2021-07-19,83.3,1,11228.63
6700005172,60110363,2021-07-19,93.74,1,15942.94
6700005173,60118848,2021-07-19,76.6,1,11268.89
6700005174,60120516,2021-07-19,35.5,1,11613.33
6700005175,60096482,2021-07-21,77.0,1,11043.04
6700005176,60105307,2021-07-21,63.8,1,10096.82
6700005177,4406392,2021-07-22,45.0,1,11022.59
6700005178,4408394,2021-07-22,86.0,1,7790.05
6700005179,4411224,2021-07-22,121.0,1,6654.72
6700005180,4589141,2021-07-22,120.0,1,12561.45
6700005181,4623585,2021-07-22,96.0,1,12480.93
6700005182,60109138,2021-07-22,90.25,1,10706.54
6700005183,60117194,2021-07-22,27.8,1,44026.49
6700005184,60119297,2021-07-22,77.6,1,10791.63
6700005185,80893433,2021-07-22,66.13,1,13637.5
6700005186,4643433,2021-07-25,106.0,1,12883.54
6700005187,80462535,2021-07-25,164.1,1,18842.47
6700005188,4408605,2021-07-26,140.0,1,19325.31
6700005189,4589517,2021-07-26,184.0,1,10502.89
6700005190,60099510,2021-07-26,96.0,1,7381.2
6700005191,60122171,2021-07-27,48.5,1,10625.6
6700005192,80972661,2021-07-27,98.97,1,19786.79
6700005193,4406791,2021-07-29,151.0,1,8062.88
6700005194,4410673,2021-08-01,2375.0,3,1890.91
6700005195,4589592,2021-08-01,198.0,1,6558.15
6700005196,4643489,2021-08-01,119.0,1,10459.01
6700005197,60096852,2021-08-01,52.0,1,18012.97
6700005198,81043885,2021-08-01,40.0,1,19246.74
6700005199,4623886,2021-08-02,80.0,1,12831.16
6700005200,60110867,2021-08-02,67.79,1,11356.68
6700005201,60119071,2021-08-02,116.3,1,8826.25
6700005202,81028681,2021-08-02,98.97,1,18798.81
6700005203,4625888,2021-08-03,115.0,1,12161.71
6700005204,4408926,2021-08-04,100.0,1,13023.63
6700005205,4645005,2021-08-04,96.0,1,12831.16
6700005206,60102318,2021-08-05,61.9,1,10882.65
6700005207,60106194,2021-08-05,87.5,1,6745.52
6700005208,60119457,2021-08-05,73.2,1,10254.41
6700005209,60120963,2021-08-05,66.0,1,13803.22
6700005210,60105184,2021-08-06,63.8,1,10357.4
6700005211,4521471,2021-08-08,219.0,1,5858.98
6700005212,4643471,2021-08-08,126.0,1,7230.26
6700005213,60110276,2021-08-08,101.9,1,11773.44
6700005214,60100585,2021-08-10,47.0,1,10920.13
6700005215,60106660,2021-08-10,152.88,1,9987.62
6700005216,60119216,2021-08-10,59.1,1,12700.89
6700005217,4410973,2021-08-11,104.0,1,7649.34
6700005218,4623883,2021-08-11,103.0,1,12146.0
6700005219,81011111,2021-08-11,120.96,1,8698.37
6700005220,60111008,2021-08-13,93.74,1,9581.62
6700005221,4663582,2021-08-15,114.0,1,32152.18
6700005222,60095071,2021-08-15,116.01,1,9290.73
6700005223,60106336,2021-08-15,106.4,1,10250.45
6700005224,60119381,2021-08-15,61.3,1,12977.68
6700005225,4663669,2021-08-16,100.0,1,9495.06
6700005226,60097329,2021-08-16,93.7,1,8558.67
6700005227,60105192,2021-08-16,63.8,1,10156.32
6700005228,60105234,2021-08-16,82.0,1,8371.55
6700005229,4643442,2021-08-17,108.0,1,11286.67
6700005230,60101602,2021-08-17,57.3,1,10972.54
6700005231,60104695,2021-08-17,122.0,1,8571.63
6700005232,60118787,2021-08-17,61.3,1,13291.66
6700005233,60121765,2021-08-17,40.6,1,12009.46
6700005234,60122371,2021-08-17,119.1,1,11581.44
6700005235,80887819,2021-08-17,89.0,1,14272.86
6700005236,60100599,2021-08-19,47.0,1,13104.16
6700005237,60102526,2021-08-19,103.06,1,7781.36
6700005238,60122272,2021-08-19,45.1,1,11380.18
6700005239,60100954,2021-08-22,63.2,1,9542.16
6700005240,4406789,2021-08-23,97.0,1,7870.66
6700005241,4407468,2021-08-23,341.0,1,3762.8
6700005242,4410772,2021-08-23,338.0,1,10629.36
6700005243,60117815,2021-08-23,54.0,1,12712.35
6700005244,4643441,2021-08-24,106.0,1,11983.82
6700005245,4408387,2021-08-25,86.0,1,7907.57
6700005246,4623882,2021-08-25,92.0,1,11884.82
6700005247,4643488,2021-08-25,103.0,1,12146.0
6700005248,4645008,2021-08-25,102.0,1,13837.52
6700005249,60107135,2021-08-25,70.0,1,12770.67
6700005250,60121901,2021-08-25,30.0,1,22240.67
6700005251,4623594,2021-08-26,80.0,1,12029.21
6700005252,4661733,2021-08-26,245.0,1,8327.16
6700005253,4643434,2021-08-28,103.0,1,20554.77
6700005254,60099448,2021-08-29,45.1,1,11380.18
6700005255,4589138,2021-08-30,126.0,1,10692.63
6700005256,4623593,2021-08-30,87.0,1,13421.1
6700005257,60100552,2021-08-30,126.0,1,8146.77
6700005258,60118870,2021-08-31,73.2,1,10867.92
6700005259,60121755,2021-08-31,40.6,1,9481.15
6700005260,4643446,2021-09-01,224.0,1,10059.26
6700005261,4643483,2021-09-01,120.0,1,10078.2
6700005262,60100984,2021-09-01,63.2,1,8661.48
6700005263,60107114,2021-09-01,82.0,1,12109.37
6700005264,60118370,2021-09-01,100.3,1,9601.71
6700005265,60120720,2021-09-01,46.6,1,14888.51
6700005266,4645009,2021-09-02,125.0,1,10184.29
6700005267,4589139,2021-09-05,125.0,1,11100.87
6700005268,60100785,2021-09-05,63.2,1,7855.76
6700005269,60105446,2021-09-05,67.0,1,13870.39
6700005270,60108221,2021-09-05,80.2,1,9841.43
6700005271,60120534,2021-09-05,40.7,1,14075.34
6700005272,60108062,2021-09-09,81.82,1,10113.34
6700005273,60108063,2021-09-09,46.91,1,15739.95
6700005274,60117737,2021-09-09,41.0,1,12419.86
6700005275,4623881,2021-09-11,80.0,1,13366.88
6700005276,4407323,2021-09-12,100.0,1,8911.25
6700005277,4407440,2021-09-12,200.0,1,1368.51
6700005278,60145869,2021-09-13,80.0,1,13080.45
6700005279,81052181,2021-09-13,87.2,1,10803.29
6700005280,4411311,2021-09-14,83.0,1,6441.87
6700005281,60122375,2021-09-14,119.4,1,10128.85
6700005282,60117698,2021-09-17,41.0,1,18008.8
6700005283,4661731,2021-09-19,183.0,1,10086.9
6700005284,60101733,2021-09-19,76.1,1,10538.93
6700005285,80893462,2021-09-19,66.13,1,16940.45
6700005286,80973711,2021-09-19,104.0,1,29377.76
6700005287,81208954,2021-09-19,104.0,1,13219.99
6700005288,60119064,2021-09-20,73.2,1,1808.69
6700005289,4661735,2021-09-26,184.0,1,10931.51
6700005290,4683432,2021-09-26,127.0,1,14925.6
6700005291,81183314,2021-09-27,116.35,1,13030.1
6700005292,4589321,2021-09-29,75.0,1,13579.05
6700005293,60106907,2021-09-29,116.92,1,12140.23
6700005294,80887809,2021-09-29,89.0,1,13302.51
6700005295,4643496,2021-09-30,120.0,1,10290.38
6700005296,60101723,2021-09-30,66.8,1,11434.46
6700005297,60103025,2021-09-30,63.58,1,10011.29
6700005298,4589130,2021-10-03,124.0,1,10630.77
6700005299,4589368,2021-10-03,100.0,1,17074.04
6700005300,4643495,2021-10-03,120.0,1,10148.17
6700005301,60116935,2021-10-03,33.2,1,26470.2
6700005302,60118702,2021-10-04,71.4,1,10813.7
6700005303,60120453,2021-10-04,46.6,1,22899.73
6700005304,4589312,2021-10-05,100.0,1,10671.27
6700005305,60118388,2021-10-05,99.1,1,10286.79
6700005306,4663537,2021-10-06,177.0,1,5319.68
6700005307,4663548,2021-10-06,177.0,1,4965.03
6700005308,4406391,2021-10-07,68.0,1,9046.58
6700005309,4589632,2021-10-07,198.0,1,6974.69
6700005310,60103101,2021-10-07,104.34,1,9926.6
6700005311,60103606,2021-10-07,87.05,1,12979.89
6700005312,60100980,2021-10-10,63.2,1,7051.94
6700005313,60119410,2021-10-10,78.3,1,9780.6
6700005314,60120772,2021-10-10,46.6,1,13066.32
6700005315,80462532,2021-10-10,160.0,1,12554.44
6700005316,81228460,2021-10-10,102.11,1,13893.37
6700005317,60100904,2021-10-11,63.2,1,6356.68
6700005318,60106835,2021-10-12,60.0,1,14228.36
6700005319,60118904,2021-10-12,73.2,1,10290.52
6700005320,60118946,2021-10-12,59.2,1,11875.82
6700005321,60099661,2021-10-13,79.0,1,8740.43
6700005322,60101666,2021-10-13,77.3,1,7633.36
6700005323,80888688,2021-10-13,106.89,1,10923.03
6700005324,81028283,2021-10-13,116.18,1,15668.74
6700005325,4623589,2021-10-14,80.0,1,12868.3
6700005326,4643412,2021-10-14,85.0,1,13292.94
6700005327,60101566,2021-10-14,61.4,1,12165.95
6700005328,60105225,2021-10-14,82.0,1,7808.25
6700005329,80405284,2021-10-14,70.66,1,11637.64
6700005330,4410996,2021-10-15,170.0,1,8123.46
6700005331,4589349,2021-10-17,120.0,1,20087.1
6700005332,60101006,2021-10-17,63.2,1,10230.28
6700005333,60108188,2021-10-17,92.1,1,11586.62
6700005334,60117668,2021-10-17,43.9,1,13583.96
6700005335,81011096,2021-10-17,113.89,1,7606.08
6700005336,4509478,2021-10-18,101.0,1,13424.55
6700005337,4521570,2021-10-18,78.0,1,9979.17
6700005338,4623907,2021-10-18,103.0,1,11896.24
6700005339,60099393,2021-10-18,30.2,1,20993.35
6700005340,60107086,2021-10-18,77.0,1,12587.05
6700005341,80989065,2021-10-18,95.0,1,16519.0
6700005342,60106950,2021-10-19,70.0,1,13002.81
6700005343,60119086,2021-10-19,113.2,1,8262.42
6700005344,60103023,2021-10-20,90.28,1,9873.34
6700005345,4410971,2021-10-21,88.0,1,7347.2
6700005346,4643494,2021-10-24,118.0,1,10320.17
6700005347,60102470,2021-10-24,103.6,1,8482.73
6700005348,60120560,2021-10-24,40.7,1,14189.29
6700005349,4625322,2021-10-25,325.0,1,7390.51
6700005350,60100336,2021-10-25,95.1,1,16831.66
6700005351,60105897,2021-10-25,84.25,1,10207.47
6700005352,80477775,2021-10-25,49.7,1,23997.42
6700005353,4408399,2021-10-27,108.0,1,7904.65
6700005354,4410790,2021-10-27,97.0,1,12295.58
6700005355,4410963,2021-10-27,100.0,1,7532.66
6700005356,4623912,2021-10-27,92.0,1,11810.04
6700005357,60106630,2021-10-27,112.9,1,12120.76
6700005358,60106172,2021-10-28,86.35,1,7269.51
6700005359,60118842,2021-10-28,78.1,1,11573.87
6700005360,80442163,2021-10-28,66.51,1,11703.13
6700005361,4406793,2021-10-31,80.0,1,9415.83
6700005362,4589128,2021-10-31,223.0,1,14074.48
6700005363,4661721,2021-10-31,184.0,1,9893.44
6700005364,60101919,2021-10-31,93.19,1,7544.25
6700005365,60106079,2021-10-31,55.81,1,13496.98
6700005366,60107940,2021-10-31,100.13,1,7522.88
6700005367,60111004,2021-10-31,94.88,1,12173.36
6700005368,80317258,2021-10-31,67.86,1,9712.76
6700005369,80893431,2021-10-31,81.25,1,13133.87
6700005370,81174773,2021-10-31,52.94,3,21343.02
6700005371,4623913,2021-11-01,96.0,1,15540.0
6700005372,4624183,2021-11-01,85.0,1,13216.49
6700005373,60117011,2021-11-01,110.0,1,8327.31
6700005374,4406171,2021-11-02,86.0,1,7320.91
6700005375,4643492,2021-11-02,103.0,1,8989.13
6700005376,4643493,2021-11-02,120.0,1,9773.18
6700005377,4661736,2021-11-02,197.0,1,4856.56
6700005378,60094952,2021-11-02,119.63,1,12796.03
6700005379,60108179,2021-11-02,97.62,1,9484.53
6700005380,80405324,2021-11-02,84.9,1,12068.8
6700005381,81136343,2021-11-02,113.9,1,13764.91
6700005382,60103439,2021-11-03,89.4,1,12427.92
6700005383,60119401,2021-11-03,73.2,1,10287.56
6700005384,60122069,2021-11-03,55.3,1,11831.62
6700005385,60102511,2021-11-04,102.16,1,8096.32
6700005386,81031355,2021-11-04,67.83,1,4622.89
6700005387,81045122,2021-11-04,45.8,1,35040.59
6700005388,4406393,2021-11-05,40.0,1,13270.95
6700005389,60096892,2021-11-05,144.5,1,9098.61
6700005390,60106989,2021-11-05,70.0,1,13755.93
6700005391,4589123,2021-11-07,141.0,1,11381.98
6700005392,4623573,2021-11-07,94.0,1,12607.73
6700005393,60119170,2021-11-07,59.2,1,11990.57
6700005394,4645004,2021-11-08,113.0,1,11252.58
6700005395,60122392,2021-11-08,96.3,1,7691.63
6700005396,4511451,2021-11-09,200.0,1,8024.29
6700005397,60108083,2021-11-09,93.65,1,12127.56
6700005398,80858163,2021-11-09,132.85,1,13474.11
6700005399,4409736,2021-11-10,112.0,1,7385.0
6700005400,60103050,2021-11-10,66.0,1,8884.71
6700005401,60118653,2021-11-10,73.19,1,3480.96
6700005402,80888640,2021-11-10,113.37,1,10290.28
6700005403,4589124,2021-11-11,124.0,1,10652.6
6700005404,4643472,2021-11-11,140.0,1,10405.13
6700005405,4663542,2021-11-11,101.0,1,12100.61
6700005406,60102492,2021-11-11,106.85,1,8087.55
6700005407,4623607,2021-11-14,80.0,1,13193.79
6700005408,4645003,2021-11-14,121.0,1,17242.29
6700005409,4663579,2021-11-14,84.0,1,13079.89
6700005410,60101947,2021-11-14,100.12,1,8199.63
6700005411,60105076,2021-11-14,63.8,1,7739.86
6700005412,60107131,2021-11-14,87.0,1,10926.1
6700005413,4643391,2021-11-15,107.0,1,12921.94
6700005414,4663544,2021-11-15,142.0,1,10432.45
6700005415,4663580,2021-11-15,114.0,1,31761.48
6700005416,60097414,2021-11-15,72.25,1,11448.02
6700005417,80972664,2021-11-15,98.97,1,4465.53
6700005418,4410995,2021-11-16,220.0,1,12625.64
6700005419,4589090,2021-11-16,73.0,1,10704.7
6700005420,60095571,2021-11-16,91.7,1,9962.21
6700005421,60102424,2021-11-16,107.17,1,8639.36
6700005422,60105857,2021-11-16,93.42,1,9250.21
6700005423,60108332,2021-11-16,57.58,1,13614.31
6700005424,4406599,2021-11-17,111.0,1,9286.61
6700005425,60097326,2021-11-17,78.8,1,11044.76
6700005426,60100731,2021-11-17,99.0,1,11846.28
6700005427,60101223,2021-11-17,184.7,1,6149.14
6700005428,60103650,2021-11-17,87.18,1,14160.44
6700005429,60106892,2021-11-17,167.62,1,8911.55
6700005430,4589589,2021-11-18,193.0,1,7036.05
6700005431,4643448,2021-11-18,215.0,1,10163.15
6700005432,60100176,2021-11-18,64.7,1,9540.24
6700005433,60103318,2021-11-18,180.0,1,20575.11
6700005434,60119539,2021-11-18,39.2,3,1763.58
6700005435,80442159,2021-11-18,71.38,1,13974.24
6700005436,60122100,2021-11-20,48.5,1,1715.33
6700005437,60102997,2021-11-21,107.7,1,11806.33
6700005438,60103102,2021-11-21,177.94,1,11794.21
6700005439,81183309,2021-11-21,116.35,1,11733.85
6700005440,4407284,2021-11-22,45.0,1,15637.09
6700005441,4410966,2021-11-22,86.0,1,7895.1
6700005442,4410967,2021-11-22,108.0,1,7315.6
6700005443,60096500,2021-11-22,78.87,1,10487.13
6700005444,60105261,2021-11-22,69.8,1,8666.31
6700005445,60120425,2021-11-22,35.5,1,16344.18
6700005446,80887817,2021-11-22,89.0,1,12969.26
6700005447,80914825,2021-11-22,110.19,1,11203.44
6700005448,81232590,2021-11-22,100.0,1,17283.1
6700005449,4407600,2021-11-23,86.0,1,6890.27
6700005450,4589653,2021-11-23,90.0,1,5994.22
6700005451,4623906,2021-11-23,88.0,1,12765.92
6700005452,60097201,2021-11-23,80.0,1,15971.43
6700005453,60107944,2021-11-23,100.13,1,8013.88
6700005454,80477771,2021-11-23,49.7,1,23597.21
6700005455,4589127,2021-11-24,100.0,1,11851.27
6700005456,4663553,2021-11-24,85.0,1,12345.07
6700005457,60119768,2021-11-24,149.0,1,17399.09
6700005458,60120518,2021-11-24,35.5,1,4884.79
6700005459,4663549,2021-11-25,126.0,1,9797.67
6700005460,60095511,2021-11-25,87.92,1,13339.19
6700005461,60104720,2021-11-25,41.2,1,20974.63
6700005462,60105166,2021-11-25,63.8,1,9384.57
6700005463,60106109,2021-11-25,55.81,1,11170.51
6700005464,60120541,2021-11-25,40.7,1,14559.3
6700005465,81208956,2021-11-25,105.0,1,12580.21
6700005466,4406860,2021-11-26,107.0,1,10383.7
6700005467,60106536,2021-11-26,46.9,1,13161.05
6700005468,60117371,2021-11-26,37.0,1,16682.53
6700005469,4521479,2021-11-28,174.0,1,7094.87
6700005470,4589071,2021-11-28,74.0,1,10676.82
6700005471,60108178,2021-11-28,97.62,1,10306.53
6700005472,4623609,2021-11-30,95.0,1,12345.07
6700005473,60103547,2021-11-30,96.01,1,11572.3
6700005474,60100998,2021-12-01,63.2,1,11957.23
6700005475,80887820,2021-12-01,89.0,1,12702.5
6700005476,81232584,2021-12-01,105.0,1,10939.61
6700005477,60106753,2021-12-02,108.25,1,8935.72
6700005478,4407644,2021-12-03,90.0,1,10747.69
6700005479,4663577,2021-12-05,84.0,1,12810.86
6700005480,60101811,2021-12-06,102.17,1,6804.75
6700005481,60110843,2021-12-06,159.0,1,9125.39
6700005482,4290872,2021-12-07,142.0,1,13623.83
6700005483,4589167,2021-12-08,130.0,1,11626.1
6700005484,4652154,2021-12-08,110.0,1,12970.5
6700005485,60104308,2021-12-08,220.0,1,6045.57
6700005486,80920074,2021-12-08,102.08,1,2427.14
6700005487,4406846,2021-12-09,100.0,1,5682.84
6700005488,4408736,2021-12-09,110.0,1,8793.56
6700005489,4410976,2021-12-10,104.0,1,1197.49
6700005490,4623818,2021-12-12,96.0,1,15454.0
6700005491,4623908,2021-12-12,150.0,1,13026.2
6700005492,60110359,2021-12-12,106.61,1,19507.34
6700005493,60121112,2021-12-12,75.0,1,10156.56
6700005494,80857648,2021-12-12,36.63,3,9268.89
6700005495,80887812,2021-12-12,89.0,1,12906.28
6700005496,60095513,2021-12-13,50.0,1,13300.26
6700005497,60101838,2021-12-13,108.16,1,7266.31
6700005498,60106121,2021-12-13,75.15,1,8527.36
6700005499,60117931,2021-12-13,45.1,1,15281.49
6700005500,60119495,2021-12-13,65.7,1,26685.18
6700005501,4406008,2021-12-14,230.0,1,15771.06
6700005502,81208958,2021-12-14,102.7,1,12950.6
6700005503,4623909,2021-12-15,80.0,1,12242.29
6700005504,4625323,2021-12-15,230.0,1,5835.29
6700005505,4663541,2021-12-15,101.0,1,11732.0
6700005506,4589047,2021-12-16,103.0,3,17608.47
6700005507,4625324,2021-12-16,230.0,1,5835.29
6700005508,60102353,2021-12-16,61.4,1,13489.31
6700005509,60119182,2021-12-16,78.3,1,13125.77
6700005510,60122115,2021-12-16,48.5,1,14210.21
6700005511,60102757,2021-12-19,57.6,1,11545.37
6700005512,4405798,2021-12-20,251.0,1,9152.66
6700005513,4626111,2021-12-20,143.0,1,12217.98
6700005514,60117655,2021-12-20,43.9,1,11567.84
6700005515,4298570,2021-12-21,93.0,3,11701.11
6700005516,4663589,2021-12-22,73.0,1,12919.31
6700005517,60119276,2021-12-22,87.0,1,10145.45
6700005518,60121035,2021-12-22,40.9,1,15963.86
6700005519,60122147,2021-12-22,45.1,1,21983.9
6700005520,80886461,2021-12-22,116.0,1,9798.0
6700005521,60099803,2021-12-23,64.5,1,9372.98
6700005522,4661728,2021-12-25,195.0,1,9920.94
6700005523,4663561,2021-12-25,78.0,1,13021.24
6700005524,4601095,2021-12-26,156.0,1,10657.26
6700005525,4661729,2021-12-26,195.0,1,9920.94
6700005526,4663558,2021-12-26,90.0,1,12762.88
6700005527,4663782,2021-12-27,157.0,1,10897.44
6700005528,60096462,2021-12-27,94.93,1,18341.15
6700005529,60103121,2021-12-27,102.4,1,8501.59
6700005530,4408400,2021-12-28,126.0,1,7197.11
6700005531,60099534,2021-12-28,63.0,1,12570.95
6700005532,60102329,2021-12-28,61.9,1,13087.35
6700005533,60106024,2021-12-28,55.0,1,14949.05
6700005534,60110274,2021-12-28,101.9,1,12411.52
6700005535,4623611,2021-12-29,87.0,1,12160.64
6700005536,60118090,2021-12-29,162.9,1,13917.07
6700005537,60110886,2021-12-30,69.64,1,13855.16
6700005538,4408413,2022-01-02,108.0,1,6887.47
6700005539,4411068,2022-01-02,80.0,1,8033.55
6700005540,4521905,2022-01-02,420.0,1,5384.03
6700005541,60096131,2022-01-02,111.6,1,9598.02
6700005542,60108363,2022-01-02,119.3,1,8978.54
6700005543,60117234,2022-01-02,37.0,1,13938.71
6700005544,60121191,2022-01-02,40.9,1,16004.53
6700005545,81183308,2022-01-02,116.35,1,12274.91
6700005546,4411584,2022-01-03,60.0,1,8033.55
6700005547,60105065,2022-01-03,63.8,1,1368.3
6700005548,60105462,2022-01-03,94.0,1,14560.4
6700005549,4407380,2022-01-04,1372.0,1,1734.92
6700005550,60104540,2022-01-04,86.1,1,9676.06
6700005551,60097223,2022-01-05,91.8,1,8686.32
6700005552,60101717,2022-01-05,76.1,1,11182.14
6700005553,60104638,2022-01-05,43.2,1,12672.94
6700005554,60117633,2022-01-05,34.8,1,16347.53
6700005555,60119109,2022-01-05,62.9,1,12109.68
6700005556,80972633,2022-01-05,81.36,1,16456.79
6700005557,81089814,2022-01-05,176.15,1,9965.82
6700005558,4385849,2022-01-06,32.0,1,15248.86
6700005559,4589650,2022-01-06,177.0,1,19835.91
6700005560,4652171,2022-01-06,100.0,1,14995.95
6700005561,60102278,2022-01-06,61.4,1,9401.06
6700005562,60107022,2022-01-06,110.1,1,9999.03
6700005563,60110271,2022-01-06,98.4,1,11490.32
6700005564,60118735,2022-01-08,61.3,1,10484.23
6700005565,60121251,2022-01-08,45.1,1,14514.08
6700005566,4604738,2022-01-09,109.0,1,13408.35
6700005567,60105199,2022-01-09,63.8,1,7461.79
6700005568,60108148,2022-01-09,94.3,1,9465.71
6700005569,60103135,2022-01-10,105.41,1,9597.11
6700005570,60101240,2022-01-11,92.0,1,8149.97
6700005571,60119491,2022-01-11,38.5,1,26276.15
6700005572,4408407,2022-01-12,104.0,1,6522.96
6700005573,60096498,2022-01-12,74.52,1,11738.64
6700005574,80966662,2022-01-12,108.3,1,8187.12
6700005575,4401719,2022-01-13,253.0,1,6632.88
6700005576,4407415,2022-01-13,108.0,1,12121.95
6700005577,60095470,2022-01-13,97.82,1,11436.78
6700005578,60095553,2022-01-16,78.0,1,10986.04
6700005579,60120783,2022-01-17,46.6,1,13280.7
6700005580,60122120,2022-01-18,63.2,1,14406.15
6700005581,80973725,2022-01-18,125.3,1,17097.2
6700005582,4408587,2022-01-19,178.0,1,13038.21
6700005583,4626103,2022-01-19,130.0,1,11352.25
6700005584,60121697,2022-01-19,74.6,1,8774.6
6700005585,81011100,2022-01-19,113.89,1,8569.03
6700005586,4589072,2022-01-20,1365.0,1,2179.77
6700005587,60101899,2022-01-20,102.33,1,8490.31
6700005588,60116916,2022-01-20,33.2,1,41225.24
6700005589,4683443,2022-01-23,149.0,1,9984.52
6700005590,60099358,2022-01-23,169.0,1,7042.34
6700005591,60101727,2022-01-23,66.8,1,13540.68
6700005592,60119384,2022-01-23,61.3,1,12425.76
6700005593,4407080,2022-01-24,156.0,1,19072.99
6700005594,60100173,2022-01-24,64.9,1,13570.33
6700005595,60096176,2022-01-25,76.85,1,11460.18
6700005596,60105079,2022-01-25,63.8,1,9700.32
6700005597,60108240,2022-01-26,114.34,1,9368.02
6700005598,60120749,2022-01-26,46.6,1,14046.89
6700005599,81192824,2022-01-27,88.6,1,10746.32
6700005600,4385848,2022-01-30,32.0,1,10674.2
6700005601,4623900,2022-01-30,88.0,1,14592.92
6700005602,60100920,2022-01-30,63.2,1,9604.1
6700005603,4521088,2022-01-31,108.0,1,6942.57
6700005604,60105059,2022-01-31,63.8,1,7834.88
6700005605,60107813,2022-01-31,43.1,1,17672.83
6700005606,81000022,2022-01-31,106.95,1,10571.74
6700005607,4604746,2022-02-01,160.0,1,12591.72
6700005608,60104334,2022-02-01,61.7,1,12529.54
6700005609,60120757,2022-02-01,46.6,1,13321.91
6700005610,60122198,2022-02-01,61.9,1,14381.34
6700005611,4405782,2022-02-02,1293.0,1,672.17
6700005612,4412733,2022-02-02,72.0,1,44331.3
6700005613,60097373,2022-02-02,74.57,1,9738.77
6700005614,80973719,2022-02-02,125.3,1,12563.91
6700005615,4510808,2022-02-06,172.0,1,11577.02
6700005616,4521048,2022-02-07,240.0,1,19522.04
6700005617,60102363,2022-02-07,61.4,1,7821.53
6700005618,60104511,2022-02-07,116.0,1,10602.49
6700005619,60121134,2022-02-07,40.9,1,12314.64
6700005620,60108075,2022-02-08,93.65,1,11569.39
6700005621,60105233,2022-02-09,82.0,1,7427.9
6700005622,80972655,2022-02-09,116.18,1,15526.22
6700005623,60110887,2022-02-10,91.93,1,11913.27
6700005624,60106384,2022-02-13,63.95,1,9158.11
6700005625,60099320,2022-02-14,120.0,1,9272.97
6700005626,60103088,2022-02-14,106.37,1,8809.42
6700005627,80984212,2022-02-14,88.7,1,12941.33
6700005628,81232583,2022-02-14,109.72,1,14945.79
6700005629,60096085,2022-02-15,78.65,1,14892.85
6700005630,60121479,2022-02-15,57.0,1,3573.03
6700005631,60122219,2022-02-15,45.1,1,19738.47
6700005632,4624548,2022-02-16,250.0,1,16164.25
6700005633,81208948,2022-02-16,127.0,1,11989.92
6700005634,60097355,2022-02-17,61.91,1,10405.87
6700005635,60103622,2022-02-17,130.0,1,11713.23
6700005636,60108315,2022-02-17,62.88,1,31294.88
6700005637,4626124,2022-02-20,143.0,1,13310.48
6700005638,81043643,2022-02-20,84.23,1,14601.55
6700005639,60118712,2022-02-21,59.2,1,10486.5
6700005640,60119171,2022-02-21,59.2,1,12465.09
6700005641,80893169,2022-02-21,66.13,1,15409.81
6700005642,60094953,2022-02-22,142.5,1,8630.8
6700005643,60118587,2022-02-22,44.6,1,24949.7
6700005644,4624169,2022-02-23,250.0,1,14290.13
6700005645,60102340,2022-02-23,46.0,1,11203.95
6700005646,60102465,2022-02-23,103.29,1,8505.1
6700005647,4589075,2022-02-24,188.0,1,8411.09
6700005648,4589154,2022-02-24,128.0,1,9791.52
6700005649,60096782,2022-02-24,92.8,1,10728.71
6700005650,60105000,2022-02-24,63.8,1,7527.31
6700005651,80304227,2022-02-27,96.0,1,11469.2
6700005652,81328945,2022-02-27,107.03,1,11491.06
6700005653,60101781,2022-02-28,91.18,1,11947.03
6700005654,60117703,2022-03-01,41.0,1,14143.51
6700005655,60121004,2022-03-01,40.9,1,2377.1
6700005656,4625702,2022-03-02,120.0,1,12564.15
6700005657,4652168,2022-03-02,105.0,1,14027.67
6700005658,60105060,2022-03-02,63.8,1,7271.27
6700005659,60104499,2022-03-03,38.8,1,44836.39
6700005660,60106364,2022-03-03,63.95,1,11788.1
6700005661,60106865,2022-03-03,105.0,1,8836.33
6700005662,60117959,2022-03-03,210.0,1,8366.9
6700005663,4623897,2022-03-05,92.0,1,13791.15
6700005664,4623616,2022-03-06,80.0,1,13482.3
6700005665,60096480,2022-03-06,75.08,1,12203.21
6700005666,60100282,2022-03-06,122.0,1,9506.29
6700005667,60119987,2022-03-06,197.0,1,5887.15
6700005668,60120548,2022-03-06,40.7,1,4953.95
6700005669,60121691,2022-03-06,90.0,1,10695.64
6700005670,81183318,2022-03-06,210.5,1,13223.01
6700005671,4625328,2022-03-07,195.0,1,18734.71
6700005672,60100822,2022-03-07,63.2,1,10643.44
6700005673,60105914,2022-03-07,131.36,1,8078.47
6700005674,60119208,2022-03-07,59.1,1,11087.46
6700005675,81192821,2022-03-07,112.15,1,10341.22
6700005676,60096472,2022-03-08,91.34,1,10792.67
6700005677,60121467,2022-03-08,57.0,1,3289.81
6700005678,80870056,2022-03-09,477.36,3,10690.0
6700005679,60097231,2022-03-10,89.3,1,8441.76
6700005680,60106216,2022-03-10,101.0,1,10449.39
6700005681,60106369,2022-03-10,63.95,1,11606.75
6700005682,60103031,2022-03-11,69.7,1,8818.9
6700005683,60095051,2022-03-13,77.0,1,15664.4
6700005684,60096106,2022-03-13,82.87,1,10041.4
6700005685,60108349,2022-03-13,114.4,1,10543.34
6700005686,60121409,2022-03-13,57.0,1,11862.19
6700005687,81184359,2022-03-14,116.47,1,12795.58
6700005688,60101283,2022-03-15,110.0,1,6958.61
6700005689,60103143,2022-03-15,105.41,1,9132.03
6700005690,4643398,2022-03-17,107.0,1,11922.85
6700005691,81050662,2022-03-18,54.0,3,7517.01
6700005692,81050664,2022-03-18,52.0,3,17842.58
6700005693,4408278,2022-03-20,227.0,1,8685.49
6700005694,4623664,2022-03-21,95.0,1,13734.09
6700005695,4663569,2022-03-21,120.0,1,9742.05
6700005696,60095478,2022-03-21,114.24,1,18476.69
6700005697,60100478,2022-03-21,21.0,1,22090.82
6700005698,60105906,2022-03-21,84.25,1,6607.58
6700005699,60106176,2022-03-21,31.5,1,17856.74
6700005700,60119224,2022-03-21,59.1,1,12755.48
6700005701,60122162,2022-03-21,48.5,1,23912.74
6700005702,80477767,2022-03-21,49.7,1,21001.83
6700005703,81192833,2022-03-21,112.15,1,10341.22
6700005704,60101123,2022-03-22,48.0,1,15705.19
6700005705,60118914,2022-03-22,73.2,1,11090.68
6700005706,4411131,2022-03-23,61.0,1,21864.48
6700005707,60103551,2022-03-24,89.06,1,12501.43
6700005708,80972632,2022-03-24,81.36,1,19030.11
6700005709,81011121,2022-03-24,118.16,1,10698.6
6700005710,4406372,2022-03-27,30.0,1,14690.39
6700005711,4408279,2022-03-27,180.0,1,11919.84
6700005712,60099477,2022-03-28,85.0,1,11870.57
6700005713,60107936,2022-03-28,100.13,1,8223.66
6700005714,81033927,2022-03-28,81.36,1,17105.72
6700005715,4407956,2022-03-29,340.0,1,9755.69
6700005716,60107884,2022-03-29,95.46,1,8443.73
6700005717,60111034,2022-03-29,100.1,1,8979.22
6700005718,60122119,2022-03-29,76.6,1,13626.52
6700005719,60122369,2022-03-29,80.0,1,8698.26
6700005720,60105977,2022-03-30,90.2,1,9000.42
6700005721,4521473,2022-03-31,120.0,1,9181.5
6700005722,4643413,2022-03-31,124.0,1,14497.1
6700005723,60110911,2022-03-31,86.11,1,11582.86
6700005724,60118791,2022-03-31,62.8,1,12280.98
6700005725,4407021,2022-04-03,160.0,1,9987.63
6700005726,4407416,2022-04-03,100.0,1,16208.49
6700005727,60097291,2022-04-03,61.7,1,10822.43
6700005728,60108186,2022-04-03,92.1,1,9295.14
6700005729,60118284,2022-04-03,64.9,1,19522.37
6700005730,60118962,2022-04-03,73.2,1,19335.92
6700005731,60122373,2022-04-03,118.6,1,9191.21
6700005732,80887816,2022-04-03,89.0,1,13466.46
6700005733,60105221,2022-04-04,82.0,1,10161.63
6700005734,4511444,2022-04-05,124.0,1,7778.38
6700005735,60100379,2022-04-05,116.22,1,10803.54
6700005736,60117947,2022-04-05,45.1,1,21702.6
6700005737,60095484,2022-04-06,114.76,1,7957.08
6700005738,60104103,2022-04-06,60.4,1,10204.95
6700005739,60111031,2022-04-06,100.1,1,7982.12
6700005740,60117106,2022-04-06,66.7,1,41071.41
6700005741,60108092,2022-04-07,97.9,1,10493.35
6700005742,60110286,2022-04-07,66.8,1,11106.86
6700005743,4401420,2022-04-10,240.0,1,6563.3
6700005744,4623898,2022-04-10,83.0,1,11276.91
6700005745,80341671,2022-04-10,134.15,1,14890.24
6700005746,60100215,2022-04-11,158.98,1,9477.32
6700005747,60103138,2022-04-12,102.87,1,9542.54
6700005748,60104100,2022-04-12,62.4,1,10060.8
6700005749,60108080,2022-04-12,113.97,1,11016.82
6700005750,60118375,2022-04-12,69.1,1,9911.23
6700005751,81192820,2022-04-12,88.6,1,11594.79
6700005752,60100723,2022-04-13,111.0,1,11825.76
6700005753,4652158,2022-04-14,123.0,1,11507.23
6700005754,60096173,2022-04-14,76.85,1,11733.77
6700005755,60106256,2022-04-14,107.34,1,7762.75
6700005756,60095551,2022-04-25,93.0,1,11475.8
6700005757,60105316,2022-04-25,63.8,1,4267.35
6700005758,4408566,2022-04-26,325.0,3,5004.79
6700005759,4624101,2022-04-26,85.0,1,12260.44
6700005760,4625325,2022-04-26,258.0,1,6193.88
6700005761,80442158,2022-04-26,63.01,1,9963.4
6700005762,60096394,2022-04-27,97.5,1,11121.75
6700005763,60100924,2022-04-27,63.2,1,10357.87
6700005764,4411073,2022-04-28,74.0,1,7866.7
6700005765,60106909,2022-04-29,123.5,1,11090.94
6700005766,60096419,2022-05-01,154.94,1,7937.49
6700005767,4406917,2022-05-02,400.0,1,8944.25
6700005768,4513779,2022-05-03,104.0,1,2365.07
6700005769,60105447,2022-05-03,101.5,1,13879.0
6700005770,60105958,2022-05-03,121.5,1,7637.58
6700005771,60117779,2022-05-03,53.1,1,12633.12
6700005772,4411390,2022-05-04,250.0,4,4695.73
6700005773,60120774,2022-05-05,46.6,1,4070.26
6700005774,4663424,2022-05-08,231.0,1,16697.86
6700005775,60103271,2022-05-08,72.0,1,9316.92
6700005776,60101284,2022-05-09,105.0,1,7293.82
6700005777,60097297,2022-05-10,75.0,1,9540.53
6700005778,60118879,2022-05-10,73.2,1,946.97
6700005779,60120686,2022-05-10,120.0,1,8664.74
6700005780,60095617,2022-05-11,121.3,1,12304.79
6700005781,60096414,2022-05-11,104.38,1,13710.29
6700005782,60100943,2022-05-11,63.2,1,8845.18
6700005783,60106929,2022-05-11,63.0,1,14907.08
6700005784,60107970,2022-05-11,45.35,1,13066.29
6700005785,60121199,2022-05-11,78.0,1,10750.3
6700005786,60122261,2022-05-11,45.1,1,14130.32
6700005787,60104674,2022-05-12,26.3,1,47186.86
6700005788,80994443,2022-05-12,102.08,1,17195.42
6700005789,60104986,2022-05-13,63.8,1,10076.3
6700005790,60121478,2022-05-15,57.0,1,10591.87
6700005791,4405801,2022-05-16,253.0,1,8617.23
6700005792,4407934,2022-05-16,161.0,1,35520.05
6700005793,4589313,2022-05-16,60.0,1,18820.19
6700005794,4624102,2022-05-16,91.0,1,12286.05
6700005795,60108028,2022-05-16,115.49,1,11616.91
6700005796,4405802,2022-05-17,253.0,1,8617.23
6700005797,60118455,2022-05-17,180.0,1,9316.92
6700005798,60118776,2022-05-18,59.2,1,11709.11
6700005799,60122144,2022-05-18,45.1,1,13386.62
6700005800,60099221,2022-05-19,126.28,1,9738.95
6700005801,81011119,2022-05-19,124.29,1,9894.88
6700005802,60108309,2022-05-22,119.15,1,13042.91
6700005803,4623899,2022-05-23,97.0,1,13727.58
6700005804,60101951,2022-05-23,99.58,1,7073.3
6700005805,60105913,2022-05-23,88.79,1,10073.49
6700005806,4623910,2022-05-24,103.0,1,13752.87
6700005807,4623911,2022-05-24,122.0,1,15001.78
6700005808,60106872,2022-05-24,170.43,1,12464.11
6700005809,60120664,2022-05-24,40.7,1,4655.82
6700005810,60121807,2022-05-24,38.4,1,11908.19
6700005811,4623905,2022-05-25,80.0,1,13276.62
6700005812,60102349,2022-05-25,46.0,1,8506.76
6700005813,4623826,2022-05-26,80.0,1,13975.39
6700005814,60101213,2022-05-26,75.53,1,8881.49
6700005815,60104092,2022-05-26,135.3,1,7023.85
6700005816,60121648,2022-05-26,40.6,1,4626.33
6700005817,80442226,2022-05-26,108.25,1,13426.7
6700005818,80893651,2022-05-26,57.05,1,11758.43
6700005819,60102460,2022-05-27,106.0,1,8227.02
6700005820,80984204,2022-05-27,103.4,1,11461.44
6700005821,4275084,2022-05-29,85.0,1,9667.68
6700005822,60120485,2022-05-29,46.6,1,11636.16
6700005823,60101322,2022-05-30,63.74,1,11225.91
6700005824,4407280,2022-05-31,45.0,1,12422.57
6700005825,60095081,2022-05-31,91.94,1,9302.74
6700005826,60100844,2022-05-31,63.2,1,9729.7
6700005827,60102954,2022-05-31,47.5,1,14546.17
6700005828,60107790,2022-05-31,142.91,1,9661.8
6700005829,60118627,2022-05-31,318.2,3,7807.24
6700005830,60121800,2022-05-31,38.4,1,10190.39
6700005831,4589314,2022-06-01,73.0,1,15104.26
6700005832,60100285,2022-06-01,78.0,1,6361.22
6700005833,60101258,2022-06-01,69.0,1,10546.72
6700005834,60101605,2022-06-01,57.3,1,8659.25
6700005835,4643376,2022-06-02,186.0,1,12982.36
6700005836,60097244,2022-06-02,76.4,1,10102.46
6700005837,60105310,2022-06-02,63.8,1,9211.47
6700005838,60110347,2022-06-02,106.24,1,16605.59
6700005839,80478222,2022-06-02,138.2,1,9574.05
6700005840,80893494,2022-06-02,57.05,1,13335.7
6700005841,80943482,2022-06-02,117.71,1,11053.28
6700005842,4411223,2022-06-03,121.0,1,7198.87
6700005843,60100953,2022-06-06,63.2,1,12038.0
6700005844,60105292,2022-06-06,63.8,1,8122.68
6700005845,60107877,2022-06-06,107.48,1,8207.01
6700005846,80405297,2022-06-06,87.44,1,12609.92
6700005847,81089815,2022-06-06,119.1,1,13886.79
6700005848,81208967,2022-06-06,135.72,1,17873.16
6700005849,60110883,2022-06-07,68.35,1,12663.49
6700005850,60120629,2022-06-07,40.9,1,16175.23
6700005851,80893436,2022-06-07,86.2,1,17652.01
6700005852,4663552,2022-06-08,143.0,1,10794.8
6700005853,60118951,2022-06-08,59.2,1,10430.11
6700005854,4385829,2022-06-09,40.0,3,14609.6
6700005855,4663572,2022-06-12,120.0,1,12183.85
6700005856,60100441,2022-06-13,89.8,1,7367.11
6700005857,60101841,2022-06-13,108.16,1,5606.84
6700005858,60105038,2022-06-13,63.8,1,13480.2
6700005859,60106279,2022-06-13,88.83,1,11047.21
6700005860,60110356,2022-06-13,85.3,1,12150.7
6700005861,4589548,2022-06-14,60.0,1,8453.35
6700005862,60101019,2022-06-14,63.2,1,12561.39
6700005863,60121456,2022-06-14,57.0,1,11026.11
6700005864,4623647,2022-06-15,95.0,1,17015.03
6700005865,60100928,2022-06-15,63.2,1,10031.67
6700005866,60119021,2022-06-15,73.2,1,10167.52
6700005867,60119106,2022-06-15,98.5,1,10802.23
6700005868,80972656,2022-06-15,116.18,1,14995.06
6700005869,80972663,2022-06-15,98.97,1,16432.77
6700005870,4385847,2022-06-16,144.0,1,4211.36
6700005871,4623643,2022-06-16,95.0,1,17015.03
6700005872,60096504,2022-06-16,74.52,1,11097.13
6700005873,60119141,2022-06-16,78.3,1,11687.96
6700005874,4683440,2022-06-18,225.0,1,7105.72
6700005875,4411076,2022-06-19,74.0,1,8493.09
6700005876,4521483,2022-06-19,110.0,1,6836.19
6700005877,4407927,2022-06-20,86.0,1,24103.59
6700005878,60102277,2022-06-20,61.4,1,8978.92
6700005879,60102673,2022-06-20,124.82,1,10600.33
6700005880,60106210,2022-06-20,101.0,1,9934.42
6700005881,80888665,2022-06-20,93.67,1,11771.23
6700005882,4663660,2022-06-21,98.0,1,12713.78
6700005883,60105285,2022-06-21,63.8,1,10542.21
6700005884,60108088,2022-06-21,113.97,1,12335.08
6700005885,60117816,2022-06-21,54.0,1,16130.79
6700005886,60121908,2022-06-21,30.0,1,22052.23
6700005887,60096433,2022-06-22,50.6,1,20701.2
6700005888,60105893,2022-06-22,84.25,1,12171.26
6700005889,81073707,2022-06-22,91.4,1,16285.83
6700005890,4623652,2022-06-23,87.0,1,13307.38
6700005891,60095043,2022-06-23,89.1,1,22274.97
6700005892,60110813,2022-06-23,110.9,1,5965.44
6700005893,60096119,2022-06-24,112.9,1,12451.99
6700005894,60117867,2022-06-24,51.0,1,32429.74
6700005895,4652142,2022-06-26,115.0,1,12656.06
6700005896,60120980,2022-06-26,220.0,1,7116.85
6700005897,60101633,2022-06-27,78.1,1,5647.18
6700005898,60106011,2022-06-27,74.21,1,14857.99
6700005899,4623649,2022-06-28,94.0,1,12551.0
6700005900,60121068,2022-06-28,40.9,1,14827.29
6700005901,60121480,2022-06-28,57.0,1,11412.99
6700005902,60121791,2022-06-28,38.4,1,5349.76
6700005903,81328952,2022-06-28,100.51,1,12615.69
6700005904,4410223,2022-06-29,93.0,1,8892.03
6700005905,4411101,2022-06-30,491.0,1,7859.75
6700005906,80896598,2022-06-30,176.17,1,9263.01
6700005907,80914802,2022-06-30,128.29,1,13751.48
6700005908,4409740,2022-07-03,86.0,1,6926.75
6700005909,60104339,2022-07-03,70.0,1,15472.75
6700005910,60106003,2022-07-03,94.5,1,7793.68
6700005911,4407924,2022-07-05,261.0,1,14316.74
6700005912,4663560,2022-07-05,109.0,1,14408.11
6700005913,60105083,2022-07-05,63.8,1,9506.77
6700005914,60121759,2022-07-05,40.6,1,3106.87
6700005915,60101015,2022-07-06,63.2,1,9425.65
6700005916,60101852,2022-07-06,74.3,1,10058.33
6700005917,81119516,2022-07-06,102.45,1,13056.31
6700005918,4410741,2022-07-07,143.0,1,3718.87
6700005919,4683428,2022-07-07,240.0,1,8123.19
6700005920,60096434,2022-07-07,128.29,1,9708.91
6700005921,60105255,2022-07-07,69.8,1,9232.67
6700005922,60101190,2022-07-10,127.45,1,11047.63
6700005923,60110864,2022-07-10,63.51,1,13643.11
6700005924,60118509,2022-07-10,28.5,1,19001.62
6700005925,80972675,2022-07-10,94.04,1,16700.17
6700005926,80986094,2022-07-10,77.59,1,3636.84
6700005927,4589155,2022-07-11,124.0,1,9389.71
6700005928,60119013,2022-07-11,73.2,1,1203.14
6700005929,60119673,2022-07-11,34.1,1,19851.4
6700005930,60122331,2022-07-11,67.75,1,8472.9
6700005931,4643377,2022-07-13,170.0,1,14526.18
6700005932,60106446,2022-07-13,31.04,1,13608.44
6700005933,60106656,2022-07-13,103.66,1,10970.93
6700005934,60111018,2022-07-13,84.37,1,11425.3
6700005935,60121982,2022-07-13,39.5,1,14532.63
6700005936,80893661,2022-07-13,68.6,1,13420.24
6700005937,60118079,2022-07-14,283.0,1,8771.9
6700005938,60121452,2022-07-14,57.0,1,9120.78
6700005939,80893157,2022-07-14,83.25,1,11579.01
6700005940,60121848,2022-07-15,190.0,1,8778.75
6700005941,60109215,2022-07-17,50.0,1,1083.09
6700005942,81028323,2022-07-17,81.36,1,17838.54
6700005943,4623648,2022-07-18,80.0,1,14892.52
6700005944,60118698,2022-07-18,81.0,1,2581.96
6700005945,81339164,2022-07-18,109.41,1,13067.2
6700005946,60102266,2022-07-19,46.0,1,12714.56
6700005947,60103299,2022-07-19,258.9,1,7111.85
6700005948,60118271,2022-07-19,60.4,1,23849.55
6700005949,81339163,2022-07-20,109.41,1,13067.2
6700005950,4411074,2022-07-21,74.0,1,8781.83
6700005951,60096796,2022-07-21,85.84,1,17033.72
6700005952,60103054,2022-07-21,66.0,1,12307.87
6700005953,60117525,2022-07-21,55.0,1,13981.74
6700005954,4407633,2022-07-22,270.0,1,14260.72
6700005955,4623821,2022-07-23,96.0,1,16040.83
6700005956,4623650,2022-07-24,79.0,1,15423.79
6700005957,4589542,2022-07-25,2293.0,3,1390.12
6700005958,4683453,2022-07-25,100.0,1,14667.24
6700005959,4683455,2022-07-25,114.0,1,13387.59
6700005960,4683457,2022-07-25,121.0,1,12531.2
6700005961,4683458,2022-07-25,100.0,1,14369.93
6700005962,4683459,2022-07-25,112.0,1,15042.41
6700005963,4683460,2022-07-25,112.0,1,14246.05
6700005964,4683461,2022-07-25,151.0,1,12469.91
6700005965,4683462,2022-07-25,112.0,1,13715.14
6700005966,4683463,2022-07-25,114.0,1,16082.5
6700005967,4683474,2022-07-25,112.0,1,14599.99
6700005968,60105197,2022-07-25,63.8,1,9761.41
6700005969,60117595,2022-07-25,58.7,1,11624.33
6700005970,4623829,2022-07-26,97.0,1,11947.52
6700005971,4643392,2022-07-26,75.0,1,12275.05
6700005972,60120697,2022-07-26,40.9,1,15756.48
6700005973,60121634,2022-07-26,44.3,1,12224.52
6700005974,60100918,2022-07-27,63.2,1,11567.84
6700005975,60101309,2022-07-27,43.7,1,11153.13
6700005976,60104944,2022-07-27,25.6,1,18531.04
6700005977,60119446,2022-07-27,73.2,1,10505.41
6700005978,80438423,2022-07-27,99.78,1,14328.34
6700005979,60110834,2022-07-28,148.07,1,11337.84
6700005980,80888634,2022-07-28,106.37,1,17309.93
6700005981,60121999,2022-08-01,39.5,1,7151.32
6700005982,80920224,2022-08-01,102.08,1,2663.33
6700005983,4683467,2022-08-07,151.0,1,12334.0
6700005984,4407648,2022-08-08,54.0,1,9522.56
6700005985,4408404,2022-08-08,92.0,1,7568.88
6700005986,4521370,2022-08-08,275.0,1,6817.29
6700005987,60096091,2022-08-08,74.4,1,14079.38
6700005988,60103287,2022-08-08,242.0,1,8853.62
6700005989,80973682,2022-08-08,113.0,1,18486.83
6700005990,81228443,2022-08-08,134.38,1,11958.12
6700005991,4623822,2022-08-09,123.0,1,13890.6
6700005992,60100520,2022-08-09,70.5,1,13448.09
6700005993,60103252,2022-08-09,68.5,1,9383.55
6700005994,60107106,2022-08-09,129.0,1,11377.25
6700005995,60101601,2022-08-10,57.3,1,12152.48
6700005996,60102267,2022-08-10,46.0,1,14671.99
6700005997,60104714,2022-08-10,42.4,1,14780.75
6700005998,81339161,2022-08-10,109.41,1,12924.78
6700005999,81339169,2022-08-10,182.26,1,13812.83
6700006000,4411341,2022-08-11,235.0,1,8433.55
6700006001,60101734,2022-08-11,66.8,1,10384.12
6700006002,60105880,2022-08-11,84.25,1,5722.01
6700006003,60106613,2022-08-11,106.5,1,10964.36
6700006004,60121469,2022-08-11,57.0,1,7517.81
6700006005,60095046,2022-08-14,81.0,1,10580.62
6700006006,60121598,2022-08-14,33.7,1,17483.93
6700006007,4411061,2022-08-15,74.0,1,1129.2
6700006008,4503715,2022-08-15,86.0,1,8346.08
6700006009,60117608,2022-08-15,49.8,1,2251.21
6700006010,4683466,2022-08-16,121.0,1,12793.48
6700006011,81208965,2022-08-16,131.0,1,14474.66
6700006012,4623823,2022-08-17,92.0,1,12747.51
6700006013,4663641,2022-08-17,140.0,1,16834.53
6700006014,60105222,2022-08-17,82.0,1,7446.76
6700006015,60108295,2022-08-17,105.83,1,7895.73
6700006016,60118764,2022-08-17,61.3,1,11009.98
6700006017,60122150,2022-08-17,45.1,1,14727.24
6700006018,4410881,2022-08-18,50.0,1,15855.07
6700006019,60100883,2022-08-18,63.2,1,10543.37
6700006020,60120426,2022-08-18,35.5,1,15390.34
6700006021,4409741,2022-08-21,95.0,1,8371.84
6700006022,4652170,2022-08-21,110.0,1,13147.63
6700006023,4663680,2022-08-21,110.0,1,10420.71
6700006024,60100390,2022-08-21,86.0,1,9813.5
6700006025,60104085,2022-08-21,123.7,1,2505.01
6700006026,80972685,2022-08-21,81.36,1,20145.91
6700006027,4407467,2022-08-22,271.0,1,7586.38
6700006028,60100280,2022-08-22,122.0,1,9132.29
6700006029,60100912,2022-08-22,63.2,1,12035.04
6700006030,80994442,2022-08-22,102.08,1,12331.15
6700006031,60121005,2022-08-23,40.9,1,15715.72
6700006032,80478220,2022-08-23,138.2,1,10852.41
6700006033,4385846,2022-08-24,34.0,3,4726.27
6700006034,60100388,2022-08-24,111.0,3,3860.5
6700006035,81192841,2022-08-24,112.15,1,11940.35
6700006036,4408734,2022-08-25,82.0,1,10190.3
6700006037,4683469,2022-08-25,136.0,1,12613.24
6700006038,60120069,2022-08-25,110.0,1,16069.32
6700006039,60120653,2022-08-25,40.7,1,14476.87
6700006040,60121343,2022-08-25,40.9,1,13751.25
6700006041,4623828,2022-08-27,80.0,1,14808.55
6700006042,60106253,2022-08-28,103.38,1,9015.48
6700006043,4683456,2022-08-30,98.0,1,14905.12
6700006044,4683464,2022-08-30,100.0,1,16626.39
6700006045,4683465,2022-08-30,112.0,1,14659.43
6700006046,4683470,2022-08-30,98.0,1,15003.5
6700006047,4683471,2022-08-30,98.0,1,14648.23
6700006048,4683473,2022-08-30,100.0,1,15795.07
6700006049,60105248,2022-08-31,69.8,1,9208.78
6700006050,60106005,2022-08-31,97.25,1,8261.86
6700006051,60118729,2022-08-31,61.3,1,13980.92
6700006052,60120907,2022-08-31,29.8,1,15278.44
6700006053,4643414,2022-09-01,107.0,1,10309.37
6700006054,60122388,2022-09-01,126.8,1,8197.65
6700006055,80893432,2022-09-01,66.13,1,17322.39
6700006056,60122357,2022-09-02,131.9,1,9488.99
6700006057,4408305,2022-09-04,80.0,1,9877.54
6700006058,60100200,2022-09-04,89.03,1,10245.77
6700006059,80893173,2022-09-04,81.64,1,14291.32
6700006060,4623642,2022-09-05,120.0,1,10606.76
6700006061,60099860,2022-09-05,66.0,1,2559.28
6700006062,60105022,2022-09-05,63.8,1,9808.76
6700006063,60106755,2022-09-05,110.93,1,16159.22
6700006064,60107093,2022-09-05,77.0,1,13086.26
6700006065,60122243,2022-09-05,61.1,1,13106.55
6700006066,80973730,2022-09-05,111.3,1,18773.87
6700006067,4503713,2022-09-06,96.0,1,7734.09
6700006068,60099008,2022-09-06,33.0,3,20056.41
6700006069,60100803,2022-09-06,63.2,1,9901.88
6700006070,60105146,2022-09-06,63.8,1,8478.76
6700006071,60119033,2022-09-06,73.2,1,11012.48
6700006072,60119295,2022-09-06,106.0,1,9405.99
6700006073,60096886,2022-09-08,147.7,1,9694.73
6700006074,60101063,2022-09-08,92.23,1,21275.62
6700006075,60104669,2022-09-08,61.4,1,12697.01
6700006076,60122254,2022-09-08,45.1,1,15051.72
6700006077,60117682,2022-09-09,43.9,1,14013.48
6700006078,60119732,2022-09-11,66.0,1,2933.65
6700006079,60104547,2022-09-12,25.6,1,26931.22
6700006080,4683468,2022-09-13,99.0,1,14999.46
6700006081,4683472,2022-09-13,99.0,1,14785.18
6700006082,80477778,2022-09-13,48.2,1,38510.01
6700006083,4409739,2022-09-14,97.0,1,7107.62
6700006084,4407878,2022-09-15,678.0,4,1055.98
6700006085,60100856,2022-09-15,63.2,1,10908.85
6700006086,60104729,2022-09-15,56.6,1,11243.91
6700006087,60118630,2022-09-15,73.19,1,2581.4
6700006088,81192842,2022-09-15,110.2,1,10694.45
6700006089,4589450,2022-09-16,115.0,1,10145.59
6700006090,4401730,2022-09-18,120.0,1,6965.1
6700006091,4502053,2022-09-18,83.0,1,13418.19
6700006092,4502058,2022-09-18,127.0,1,14198.02
6700006093,4683480,2022-09-18,114.0,1,17677.93
6700006094,4406373,2022-09-19,30.0,1,14849.46
6700006095,4411380,2022-09-19,145.0,1,12069.76
6700006096,60104535,2022-09-19,116.0,1,9600.94
6700006097,4589327,2022-09-20,73.0,1,12786.23
6700006098,4623661,2022-09-20,121.0,1,14199.47
6700006099,4683484,2022-09-20,112.0,1,14678.99
6700006100,60100409,2022-09-20,97.05,1,9836.25
6700006101,60105270,2022-09-20,68.0,1,11386.67
6700006102,60106038,2022-09-20,114.9,1,11354.49
6700006103,4623819,2022-09-21,80.0,1,12779.15
6700006104,60095079,2022-09-21,90.57,1,8783.34
6700006105,60108281,2022-09-21,102.13,1,13137.71
6700006106,60103978,2022-09-22,60.4,1,5780.6
6700006107,60119279,2022-09-23,87.0,1,11582.09
6700006108,4589590,2022-09-28,124.0,1,10435.68
6700006109,60099539,2022-09-28,90.0,1,9781.79
6700006110,81177909,2022-09-28,107.5,1,14405.46
6700006111,4410222,2022-09-29,118.0,1,4584.28
6700006112,80973677,2022-09-29,147.4,1,14751.6
6700006113,81339162,2022-09-29,109.41,1,12796.75
6700006114,60121298,2022-10-01,40.9,1,36197.89
6700006115,4683475,2022-10-02,98.0,1,14810.33
6700006116,4683476,2022-10-02,98.0,1,14459.63
6700006117,4683477,2022-10-02,98.0,1,14713.22
6700006118,4683482,2022-10-02,100.0,1,16412.33
6700006119,4683483,2022-10-02,112.0,1,14470.69
6700006120,4683485,2022-10-02,100.0,1,15591.71
6700006121,60100892,2022-10-02,63.2,1,10708.82
6700006122,60103981,2022-10-03,60.4,1,2826.8
6700006123,4643506,2022-10-05,143.0,1,11092.61
6700006124,80984191,2022-10-06,80.1,1,19143.18
6700006125,81228438,2022-10-06,72.31,1,15355.7
6700006126,60119168,2022-10-09,59.2,1,10628.55
6700006127,60106372,2022-10-10,63.95,1,14055.84
6700006128,4405820,2022-10-12,117.0,1,13738.4
6700006129,60100398,2022-10-12,74.0,1,9288.81
6700006130,60103028,2022-10-12,63.58,1,11027.36
6700006131,80477748,2022-10-17,50.0,1,17977.43
6700006132,60096089,2022-10-18,78.65,1,14790.15
6700006133,60118062,2022-10-18,222.7,1,9734.47
6700006134,60105305,2022-10-19,63.8,1,9497.57
6700006135,4411067,2022-10-20,74.0,1,9574.62
6700006136,60121497,2022-10-20,57.0,1,9276.28
6700006137,80973690,2022-10-20,131.36,1,20125.91
6700006138,60122387,2022-10-21,133.2,1,8494.9
6700006139,4623660,2022-10-23,96.0,1,15785.32
6700006140,4643384,2022-10-23,127.0,1,10408.42
6700006141,60117524,2022-10-23,37.0,1,22864.54
6700006142,4623632,2022-10-24,84.0,1,14603.51
6700006143,60119001,2022-10-24,73.2,1,3664.4
6700006144,60121702,2022-10-24,74.6,1,15593.1
6700006145,60121804,2022-10-24,38.4,1,15146.42
6700006146,60100616,2022-10-25,28.42,1,18604.78
6700006147,60102427,2022-10-25,107.17,1,7400.59
6700006148,60102541,2022-10-25,76.67,1,9379.12
6700006149,60106195,2022-10-25,87.5,1,8399.54
6700006150,60120474,2022-10-25,46.6,1,13615.82
6700006151,60102920,2022-10-26,98.94,1,8550.6
6700006152,4409737,2022-10-27,86.0,1,6763.05
6700006153,4683445,2022-10-27,106.0,1,14964.56
6700006154,60119112,2022-10-27,97.6,1,11485.1
6700006155,60096086,2022-10-30,74.4,1,12792.29
6700006156,60119368,2022-10-30,81.7,1,10872.66
6700006157,60099840,2022-10-31,85.23,1,9926.04
6700006158,60106629,2022-11-01,101.4,1,10938.82
6700006159,60106984,2022-11-02,80.0,1,13534.84
6700006160,60120424,2022-11-02,35.5,1,16068.84
6700006161,4413336,2022-11-03,23.0,1,14881.15
6700006162,4503716,2022-11-03,90.0,1,8098.9
6700006163,60105057,2022-11-03,63.8,1,9106.7
6700006164,60117701,2022-11-05,41.0,1,15459.19
6700006165,60102690,2022-11-06,97.39,1,8742.59
6700006166,60096132,2022-11-07,113.2,1,8865.36
6700006167,60106371,2022-11-07,63.95,1,11563.17
6700006168,4683481,2022-11-08,115.0,1,13549.19
6700006169,60111148,2022-11-08,178.0,3,1109.79
6700006170,80405323,2022-11-09,85.74,1,13984.01
6700006171,81192834,2022-11-09,107.11,1,12328.19
6700006172,60101273,2022-11-10,109.8,1,12507.2
6700006173,60105054,2022-11-10,63.8,1,9106.7
6700006174,60106538,2022-11-10,46.9,1,9309.93
6700006175,60116962,2022-11-10,168.0,1,5344.77
6700006176,60119735,2022-11-11,90.0,1,10739.84
6700006177,60119778,2022-11-11,66.1,1,14383.36
6700006178,60103085,2022-11-14,105.63,1,11100.82
6700006179,60104386,2022-11-14,100.0,1,14155.46
6700006180,81228437,2022-11-14,69.93,1,14653.03
6700006181,60119082,2022-11-15,116.3,1,8174.89
6700006182,60120196,2022-11-15,68.3,1,27871.05
6700006183,60121659,2022-11-15,40.6,1,2411.72
6700006184,4406795,2022-11-16,107.0,1,9379.05
6700006185,81328935,2022-11-16,75.84,1,19500.64
6700006186,60106354,2022-11-17,83.0,1,24818.51
6700006187,60120908,2022-11-19,51.0,1,15534.97
6700006188,80870066,2022-11-20,55.6,3,24699.48
6700006189,60102917,2022-11-21,78.84,1,11389.16
6700006190,60119670,2022-11-21,34.1,1,20136.23
6700006191,60108003,2022-11-22,71.0,1,11902.85
6700006192,80857659,2022-11-22,119.57,1,9276.55
6700006193,4623662,2022-11-23,87.0,1,14935.0
6700006194,60097287,2022-11-23,91.7,1,8524.75
6700006195,60095116,2022-11-24,88.66,1,13106.42
6700006196,60121282,2022-11-25,40.9,1,20662.65
6700006197,81011106,2022-11-25,113.89,1,7142.07
6700006198,80887813,2022-11-27,89.0,1,15430.24
6700006199,60103957,2022-11-28,60.4,1,2754.63
6700006200,80304233,2022-11-28,72.0,1,11737.53
6700006201,4411208,2022-11-29,214.0,1,9551.83
6700006202,60096783,2022-11-29,92.8,1,10131.21
6700006203,4385845,2022-11-30,42.0,1,10815.3
6700006204,60096112,2022-11-30,80.0,1,21128.88
6700006205,60102718,2022-11-30,96.0,1,14030.02
6700006206,60106421,2022-11-30,42.09,1,13803.94
6700006207,60117016,2022-11-30,120.0,1,10563.78
6700006208,81000024,2022-11-30,78.5,1,11640.34
6700006209,4683446,2022-12-01,106.0,1,16411.81
6700006210,80898078,2022-12-02,66.13,1,13870.72
6700006211,4623653,2022-12-03,80.0,1,15221.95
6700006212,4408406,2022-12-04,86.0,1,9194.78
6700006213,4511445,2022-12-04,100.0,1,11070.51
6700006214,60096867,2022-12-04,103.09,1,8181.86
6700006215,60117631,2022-12-04,49.8,1,14608.25
6700006216,4405783,2022-12-05,100.0,1,56934.06
6700006217,4589145,2022-12-05,125.0,1,9699.88
6700006218,60106382,2022-12-05,63.95,1,10881.33
6700006219,60107814,2022-12-05,120.0,1,9225.43
6700006220,81291435,2022-12-05,80.1,1,9806.23
6700006221,4406603,2022-12-06,165.0,3,734.84
6700006222,4502056,2022-12-06,118.0,1,13223.86
6700006223,60098107,2022-12-06,26.3,3,14031.07
6700006224,4521647,2022-12-07,390.0,1,7704.75
6700006225,60099666,2022-12-07,87.0,1,9089.09
6700006226,60107752,2022-12-07,80.24,1,23651.57
6700006227,4407966,2022-12-11,129.0,1,14302.99
6700006228,60116958,2022-12-11,110.0,1,9584.86
6700006229,60118437,2022-12-11,64.5,1,13077.02
6700006230,4623820,2022-12-13,94.0,1,14244.73
6700006231,60121088,2022-12-13,45.1,1,4668.43
6700006232,81089672,2022-12-14,101.31,1,12488.42
6700006233,4589593,2022-12-15,120.0,1,11202.3
6700006234,4661727,2022-12-15,183.0,1,9794.36
6700006235,60104127,2022-12-15,63.2,1,3473.97
6700006236,60106087,2022-12-18,55.81,1,10390.32
6700006237,60107943,2022-12-18,100.51,1,5769.42
6700006238,4589158,2022-12-19,125.0,1,9699.88
6700006239,60121223,2022-12-19,87.0,1,8483.15
6700006240,60108286,2022-12-20,102.13,1,9084.64
6700006241,60102523,2022-12-21,103.06,1,8593.45
6700006242,4406930,2022-12-22,105.0,1,12712.26
6700006243,4408902,2022-12-22,84.0,1,12551.6
6700006244,60106119,2022-12-22,75.15,1,10101.41
6700006245,60110781,2022-12-22,81.53,1,10862.76
6700006246,80914817,2022-12-23,90.58,1,11057.82
6700006247,60099454,2022-12-25,45.0,1,16400.76
6700006248,60107823,2022-12-25,118.07,1,7143.79
6700006249,60107859,2022-12-25,106.2,1,6850.2
6700006250,60117241,2022-12-26,37.0,1,15387.58
6700006251,4406175,2022-12-27,108.0,1,8005.13
6700006252,4407653,2022-12-27,86.0,1,9991.66
6700006253,60121076,2022-12-27,45.1,1,8094.25
6700006254,60096438,2022-12-28,102.24,1,13612.3
6700006255,60097247,2022-12-28,76.4,1,9177.13
6700006256,60101245,2022-12-29,99.0,1,9052.37
6700006257,60116832,2022-12-29,34.5,1,33616.46
6700006258,60121179,2022-12-29,40.9,1,17606.61
6700006259,60102549,2023-01-01,76.67,1,7975.92
6700006260,60120744,2023-01-01,46.6,1,13235.74
6700006261,60108201,2023-01-02,81.5,1,12936.62
6700006262,60118949,2023-01-03,59.2,1,11398.21
6700006263,4623817,2023-01-04,80.0,1,15287.85
6700006264,60100473,2023-01-04,99.77,1,9616.56
6700006265,60106259,2023-01-04,100.16,1,8421.2
6700006266,60120048,2023-01-04,37.5,1,27553.27
6700006267,4589152,2023-01-05,130.0,1,8110.26
6700006268,60096468,2023-01-05,97.58,1,12911.76
6700006269,60100833,2023-01-05,63.2,1,8341.25
6700006270,60119694,2023-01-05,40.8,1,17313.83
6700006271,4623814,2023-01-09,80.0,1,15024.27
6700006272,60099473,2023-01-09,25.5,1,22327.08
6700006273,60107080,2023-01-09,82.0,1,14529.24
6700006274,60120419,2023-01-09,35.5,1,4384.75
6700006275,60119059,2023-01-10,73.2,1,10802.61
6700006276,4413342,2023-01-11,26.0,1,15409.5
6700006277,60101853,2023-01-11,94.4,1,8943.97
6700006278,4626098,2023-01-12,130.0,1,14598.48
6700006279,60103959,2023-01-12,60.4,1,2631.75
6700006280,60119945,2023-01-12,45.1,1,18702.16
6700006281,60121271,2023-01-12,40.9,1,8506.85
6700006282,80984214,2023-01-12,80.0,1,14760.68
6700006283,4276245,2023-01-15,81.0,1,16791.25
6700006284,60108202,2023-01-15,81.5,1,13260.03
6700006285,60121300,2023-01-15,127.0,1,9962.22
6700006286,81192825,2023-01-15,112.15,1,12033.42
6700006287,4502054,2023-01-16,126.0,1,15898.69
6700006288,60104454,2023-01-16,49.0,1,13986.07
6700006289,60104456,2023-01-16,47.8,1,9484.6
6700006290,60104710,2023-01-17,25.6,1,21622.09
6700006291,81045134,2023-01-17,145.1,1,17700.61
6700006292,81133063,2023-01-17,152.9,1,16549.4
6700006293,4502052,2023-01-18,108.0,1,15326.9
6700006294,60119328,2023-01-18,81.7,1,1191.54
6700006295,4385844,2023-01-19,64.0,1,7907.51
6700006296,4626096,2023-01-19,143.0,1,13271.34
6700006297,60104522,2023-01-19,41.7,1,16181.63
6700006298,60107002,2023-01-19,65.0,1,10543.34
6700006299,4589371,2023-01-22,124.0,1,12328.91
6700006300,60108135,2023-01-22,90.0,1,12066.27
6700006301,60117014,2023-01-22,45.1,1,16224.13
6700006302,60094993,2023-01-24,95.44,1,11599.45
6700006303,60106897,2023-01-24,106.4,1,13773.73
6700006304,4503712,2023-01-25,108.0,1,7224.14
6700006305,60107952,2023-01-25,67.06,1,13363.92
6700006306,81136372,2023-01-25,102.5,1,16457.9
6700006307,4496462,2023-01-26,292.0,4,671.6
6700006308,60110830,2023-01-26,75.78,1,13913.79
6700006309,60097259,2023-01-29,76.4,1,10902.15
6700006310,60101632,2023-01-29,57.7,1,11877.25
6700006311,60101656,2023-01-29,103.3,1,8318.32
6700006312,60104519,2023-01-29,47.3,1,14488.74
6700006313,60121764,2023-01-29,40.6,1,15581.3
6700006314,4407279,2023-01-30,45.0,1,12769.16
6700006315,4408729,2023-01-30,91.0,1,9848.18
6700006316,4589586,2023-01-31,105.0,1,11045.41
6700006317,60098991,2023-01-31,41.86,1,7441.9
6700006318,60106381,2023-01-31,63.95,1,11870.54
6700006319,60120105,2023-01-31,53.6,1,13769.29
6700006320,60100601,2023-02-02,47.0,1,13683.92
6700006321,60101127,2023-02-02,46.0,1,22461.91
6700006322,60119299,2023-02-02,87.0,1,10906.91
6700006323,4385840,2023-02-05,64.0,1,6589.59
6700006324,60099881,2023-02-05,66.0,1,9105.62
6700006325,60108274,2023-02-05,110.75,1,7996.76
6700006326,4683447,2023-02-06,106.0,1,15914.48
6700006327,4683450,2023-02-06,106.0,1,14919.83
6700006328,80972654,2023-02-06,125.97,1,21552.05
6700006329,60100938,2023-02-07,63.2,1,10009.5
6700006330,60119007,2023-02-07,73.2,1,1345.0
6700006331,80893295,2023-02-07,61.66,1,15799.2
6700006332,60101818,2023-02-08,109.63,1,8174.63
6700006333,60103263,2023-02-08,68.5,1,15391.74
6700006334,60118843,2023-02-11,78.1,1,10057.35
6700006335,4663556,2023-02-12,214.0,1,7390.19
6700006336,81000004,2023-02-12,101.65,1,12654.09
6700006337,60119263,2023-02-14,87.0,1,13088.29
6700006338,60119841,2023-02-14,27.8,1,24651.7
6700006339,4406174,2023-02-15,105.0,1,8233.85
6700006340,4411312,2023-02-15,106.0,1,6465.26
6700006341,60096457,2023-02-15,86.44,3,7297.53
6700006342,60106075,2023-02-15,55.81,1,17946.92
6700006343,60122233,2023-02-15,61.1,1,3552.54
6700006344,4623644,2023-02-16,102.0,1,13334.23
6700006345,60105100,2023-02-16,63.8,1,2128.5
6700006346,60106614,2023-02-19,118.0,1,10096.59
6700006347,80886466,2023-02-19,88.1,1,15557.72
6700006348,60101626,2023-02-21,77.3,1,11593.59
6700006349,60100720,2023-02-22,111.0,1,11873.14
6700006350,4589347,2023-02-23,194.0,1,15760.67
6700006351,60106161,2023-02-23,79.42,1,10222.08
6700006352,4406172,2023-02-27,108.0,1,8005.13
6700006353,60106859,2023-02-27,87.0,1,11149.28
6700006354,4406794,2023-02-28,110.0,1,8147.13
6700006355,60105152,2023-02-28,63.8,1,4312.0
6700006356,4623815,2023-03-01,94.0,1,11069.49
6700006357,60120198,2023-03-01,51.1,1,33076.41
6700006358,60120691,2023-03-02,40.9,1,5435.88
6700006359,60103986,2023-03-05,62.4,1,3626.0
6700006360,60101209,2023-03-06,63.11,1,13390.94
6700006361,60121002,2023-03-09,40.9,1,25828.31
6700006362,60121065,2023-03-09,40.9,1,12914.15
6700006363,60104082,2023-03-13,60.86,1,11282.38
6700006364,60118883,2023-03-13,73.2,1,12122.37
6700006365,60121643,2023-03-14,40.6,1,16912.45
6700006366,60103136,2023-03-15,105.41,1,8518.37
6700006367,60121127,2023-03-15,102.0,1,9476.33
6700006368,4411315,2023-03-16,83.0,1,10181.95
6700006369,4385843,2023-03-19,42.0,1,12248.95
6700006370,4652143,2023-03-19,256.0,1,8500.54
6700006371,4683486,2023-03-19,115.0,1,15064.87
6700006372,60097210,2023-03-19,67.0,1,13401.81
6700006373,60106627,2023-03-20,101.4,1,10417.93
6700006374,60105155,2023-03-21,63.8,1,2387.61
6700006375,60106004,2023-03-21,97.11,1,10769.37
6700006376,60107138,2023-03-21,70.0,1,13582.0
6700006377,60101256,2023-03-22,78.5,1,12111.34
6700006378,80992221,2023-03-23,102.08,1,13349.6
6700006379,60118806,2023-03-25,59.2,1,4353.28
6700006380,4589372,2023-03-28,148.0,1,14275.37
6700006381,4683487,2023-03-29,104.0,1,16759.84
6700006382,60105288,2023-03-29,63.8,1,11259.2
6700006383,60106014,2023-03-29,76.96,1,11667.37
6700006384,60110868,2023-03-29,81.95,1,13706.92
6700006385,60117748,2023-03-29,54.0,1,13889.41
6700006386,60119372,2023-03-29,81.7,1,11934.35
6700006387,60108314,2023-03-30,154.0,1,16120.05
6700006388,60111145,2023-03-30,26.0,3,12798.42
6700006389,81291432,2023-03-30,80.1,1,10616.53
6700006390,60116846,2023-03-31,123.7,1,10162.41
6700006391,60104651,2023-04-01,51.6,1,15430.45
6700006392,4623646,2023-04-02,86.0,1,14196.01
6700006393,60097238,2023-04-02,76.4,1,11046.91
6700006394,60103042,2023-04-02,66.0,1,13672.31
6700006395,60104831,2023-04-02,25.6,1,22808.13
6700006396,60117294,2023-04-02,71.3,1,20845.17
6700006397,4408009,2023-04-03,67.0,1,18617.87
6700006398,4623645,2023-04-03,83.0,1,14389.36
6700006399,60105103,2023-04-03,63.8,1,2917.03
6700006400,60118749,2023-04-03,59.2,1,12911.53
6700006401,60118802,2023-04-03,59.2,1,12821.87
6700006402,60105125,2023-04-04,63.8,1,5823.91
6700006403,81228424,2023-04-04,128.0,1,20037.98
6700006404,81228425,2023-04-04,117.0,1,16477.71
6700006405,81228427,2023-04-04,127.0,1,22703.51
6700006406,81228428,2023-04-04,161.75,1,18482.27
6700006407,60099305,2023-04-13,40.0,3,6635.09
6700006408,60102527,2023-04-13,106.44,1,5784.82
6700006409,60120438,2023-04-13,35.5,1,11752.52
6700006410,60119516,2023-04-16,37.0,1,18649.99
6700006411,60120122,2023-04-17,190.0,1,7598.93
6700006412,81023043,2023-04-17,67.83,1,8230.14
6700006413,60119392,2023-04-18,73.2,1,10152.05
6700006414,60120543,2023-04-18,40.7,1,5848.01
6700006415,60122329,2023-04-19,53.9,1,9552.56
6700006416,60095541,2023-04-20,24.08,3,21602.63
6700006417,60100808,2023-04-20,63.2,1,7726.94
6700006418,80999966,2023-04-22,83.0,1,10232.43
6700006419,60106159,2023-04-23,79.42,1,10359.5
6700006420,81328941,2023-04-23,107.03,1,10811.55
6700006421,60096765,2023-04-24,59.0,1,18173.4
6700006422,60105011,2023-04-24,63.8,1,10982.22
6700006423,60106857,2023-04-25,105.0,1,12233.85
6700006424,60104077,2023-04-26,65.04,1,12241.87
6700006425,60103191,2023-04-27,100.35,1,11637.03
6700006426,60105542,2023-04-27,111.84,1,13099.32
6700006427,60119394,2023-04-27,73.2,1,12327.49
6700006428,80920067,2023-04-27,102.08,1,16639.73
6700006429,81192832,2023-04-27,88.6,1,11383.0
6700006430,4412526,2023-04-30,26.0,3,22457.23
6700006431,60095506,2023-04-30,63.89,1,9969.77
6700006432,60106853,2023-05-01,105.0,1,11189.03
6700006433,60120168,2023-05-01,59.5,1,28720.52
6700006434,4663679,2023-05-02,111.0,1,9622.02
6700006435,60117813,2023-05-02,54.0,1,15011.95
6700006436,60106200,2023-05-04,101.07,1,12680.85
6700006437,60119975,2023-05-04,320.0,1,7009.04
6700006438,60118803,2023-05-07,59.2,1,13170.14
6700006439,80438436,2023-05-07,70.86,1,13414.61
6700006440,60119356,2023-05-08,81.7,1,9150.93
6700006441,60101604,2023-05-09,57.3,1,9319.76
6700006442,60122326,2023-05-09,53.9,1,10898.41
6700006443,60106834,2023-05-10,76.0,1,16161.19
6700006444,60107959,2023-05-10,67.06,1,16723.03
6700006445,60110293,2023-05-10,98.4,1,13459.09
6700006446,4409364,2023-05-11,102.0,1,9423.92
6700006447,4411358,2023-05-11,297.0,1,11147.94
6700006448,60110803,2023-05-11,111.28,1,11037.48
6700006449,60118788,2023-05-11,61.3,1,14809.75
6700006450,4521553,2023-05-14,266.0,1,1971.47
6700006451,60100339,2023-05-14,95.1,1,13448.82
6700006452,4645006,2023-05-15,96.0,1,18579.52
6700006453,60095085,2023-05-15,90.67,1,10012.55
6700006454,60118688,2023-05-15,71.4,1,11966.88
6700006455,60119312,2023-05-15,73.2,1,1785.91
6700006456,4408276,2023-05-16,144.0,1,14833.95
6700006457,60105077,2023-05-16,63.8,1,11718.35
6700006458,60107975,2023-05-16,89.35,1,9801.86
6700006459,60108273,2023-05-16,104.43,1,8672.81
6700006460,81279059,2023-05-16,95.82,1,9028.55
6700006461,60102957,2023-05-17,47.5,1,15289.9
6700006462,60104952,2023-05-17,43.1,1,19824.44
6700006463,60106287,2023-05-17,89.93,1,11543.86
6700006464,60106955,2023-05-17,82.0,1,18886.15
6700006465,60107085,2023-05-17,69.0,1,13931.01
6700006466,60095483,2023-05-18,90.0,1,9503.22
6700006467,60096431,2023-05-21,158.67,1,6192.73
6700006468,60104718,2023-05-21,130.0,1,11912.8
6700006469,4407281,2023-05-22,27.0,1,23734.32
6700006470,4411209,2023-05-22,214.0,1,4990.86
6700006471,4589292,2023-05-22,100.0,1,7476.31
6700006472,60110816,2023-05-22,110.96,1,7604.14
6700006473,60119053,2023-05-22,73.2,1,11672.61
6700006474,81039991,2023-05-22,87.2,1,13473.03
6700006475,4411207,2023-05-23,214.0,1,5405.1
6700006476,4509362,2023-05-23,99.0,1,10464.68
6700006477,4663539,2023-05-23,179.0,1,10620.77
6700006478,60120555,2023-05-23,40.7,1,16086.27
6700006479,60119093,2023-05-24,73.2,1,18968.0
6700006480,60118656,2023-05-25,60.33,1,2702.24
6700006481,4589490,2023-05-28,110.0,1,16506.14
6700006482,60120553,2023-05-28,40.7,1,19901.84
6700006483,60117621,2023-05-29,49.8,1,13940.34
6700006484,60103548,2023-05-30,98.0,1,11007.39
6700006485,60104114,2023-05-30,63.2,1,2221.43
6700006486,60106919,2023-05-30,69.0,1,10835.23
6700006487,60122268,2023-05-31,45.1,1,1386.56
6700006488,80972697,2023-05-31,98.97,1,16726.97
6700006489,4294207,2023-06-01,210.0,1,8153.46
6700006490,60101110,2023-06-01,79.78,1,10999.19
6700006491,60105088,2023-06-01,63.8,1,9393.09
6700006492,60106383,2023-06-01,63.95,1,7530.31
6700006493,60099318,2023-06-04,108.0,1,9908.71
6700006494,60117713,2023-06-04,41.0,1,11745.45
6700006495,60120665,2023-06-04,40.7,1,16827.77
6700006496,60117373,2023-06-05,100.0,1,7490.99
6700006497,60119369,2023-06-05,81.7,1,2791.02
6700006498,60104699,2023-06-06,32.2,1,14955.39
6700006499,60122230,2023-06-07,61.1,1,2894.64
6700006500,60097266,2023-06-08,104.91,1,11322.62
6700006501,60118431,2023-06-08,205.0,1,9004.84
6700006502,81023027,2023-06-08,66.0,1,4181.51
6700006503,81089687,2023-06-08,175.78,1,8523.14
6700006504,4623600,2023-06-11,70.0,1,17733.77
6700006505,60110880,2023-06-11,69.64,1,14598.42
6700006506,60118645,2023-06-11,60.33,1,14900.02
6700006507,4406906,2023-06-12,403.0,3,10621.75
6700006508,4407635,2023-06-12,117.0,1,8597.71
6700006509,60096440,2023-06-13,104.75,1,13485.31
6700006510,4386651,2023-06-14,1000.0,3,751.24
6700006511,4663565,2023-06-15,83.0,1,15149.59
6700006512,60095585,2023-06-15,109.8,1,9551.35
6700006513,60118824,2023-06-15,59.2,1,4660.72
6700006514,60121400,2023-06-18,57.0,1,10889.15
6700006515,4623598,2023-06-19,80.0,1,14125.86
6700006516,60105227,2023-06-19,82.0,1,9918.38
6700006517,81135519,2023-06-19,78.54,1,12944.16
6700006518,81135521,2023-06-19,78.54,1,10219.07
6700006519,60101218,2023-06-20,65.15,1,13304.9
6700006520,4589146,2023-06-21,130.0,1,8231.85
6700006521,60100479,2023-06-21,108.0,1,8917.84
6700006522,60105099,2023-06-22,63.8,1,3065.25
6700006523,60105195,2023-06-22,63.8,1,6038.41
6700006524,60094949,2023-06-23,142.5,1,11489.93
6700006525,60121386,2023-06-23,57.0,1,3444.39
6700006526,4663681,2023-06-24,123.0,1,9091.85
6700006527,4663684,2023-06-24,110.0,1,8804.34
6700006528,4663686,2023-06-24,175.0,1,7674.44
6700006529,4663674,2023-06-25,116.0,1,6633.03
6700006530,60101165,2023-06-25,65.87,1,14053.01
6700006531,60110291,2023-06-25,68.7,1,7635.4
6700006532,60110310,2023-06-25,91.9,1,7549.11
6700006533,60110384,2023-06-25,137.5,1,9721.9
6700006534,60110396,2023-06-25,222.41,1,6390.75
6700006535,60121246,2023-06-25,94.0,1,10246.03
6700006536,4623602,2023-06-26,84.0,1,14013.75
6700006537,60117675,2023-06-26,43.9,1,9750.72
6700006538,4506914,2023-06-27,295.0,1,10157.27
6700006539,60110918,2023-06-27,65.0,1,12759.37
6700006540,80870068,2023-06-27,93.0,3,12657.58
6700006541,60105136,2023-06-28,63.8,1,2751.15
6700006542,60105299,2023-06-28,63.8,1,9711.78
6700006543,60106803,2023-06-28,69.0,1,18921.33
6700006544,60118739,2023-06-28,59.2,1,12653.69
6700006545,60119063,2023-06-28,73.2,1,11695.53
6700006546,4410224,2023-06-29,100.0,1,6099.8
6700006547,4589065,2023-06-29,100.0,1,8454.11
6700006548,4663642,2023-06-29,130.0,1,13459.08
6700006549,80442214,2023-06-29,74.96,1,10707.12
6700006550,60100790,2023-07-01,63.2,1,3271.57
6700006551,60118821,2023-07-01,59.2,1,1654.14
6700006552,4624351,2023-07-02,90.0,1,13715.64
6700006553,60106664,2023-07-02,114.8,1,12155.2
6700006554,81028686,2023-07-02,81.36,1,18866.26
6700006555,4411040,2023-07-03,180.0,1,9541.31
6700006556,4683491,2023-07-04,98.0,1,16429.56
6700006557,60104618,2023-07-04,25.6,1,27673.54
6700006558,60105301,2023-07-04,63.8,1,13341.76
6700006559,60106333,2023-07-04,42.68,1,12574.95
6700006560,60109140,2023-07-04,73.0,1,9263.57
6700006561,60118974,2023-07-04,73.2,1,13197.51
6700006562,81136371,2023-07-04,102.5,1,16336.59
6700006563,4589318,2023-07-05,107.0,1,16301.6
6700006564,4589333,2023-07-05,120.0,1,13417.47
6700006565,60100475,2023-07-05,98.48,1,11281.14
6700006566,60105890,2023-07-05,84.25,1,10192.5
6700006567,80442170,2023-07-05,69.68,1,10937.32
6700006568,4623816,2023-07-06,88.0,1,13661.43
6700006569,60120471,2023-07-06,66.6,1,13715.64
6700006570,60122351,2023-07-06,127.1,1,9374.28
6700006571,60110313,2023-07-09,68.7,1,13905.74
6700006572,4405792,2023-07-10,98.0,1,14786.6
6700006573,4406371,2023-07-11,30.0,1,19321.16
6700006574,60119184,2023-07-11,78.3,1,15559.47
6700006575,60119223,2023-07-11,59.1,1,13621.8
6700006576,81067785,2023-07-11,59.73,1,4745.22
6700006577,60099467,2023-07-12,25.5,1,21678.43
6700006578,60103646,2023-07-12,82.97,1,17853.31
6700006579,60119304,2023-07-12,73.2,1,4223.79
6700006580,4409367,2023-07-13,124.0,1,1826.51
6700006581,4623813,2023-07-13,80.0,1,15161.74
6700006582,60100934,2023-07-13,63.2,1,11039.69
6700006583,4623605,2023-07-17,121.0,1,14502.85
6700006584,60103089,2023-07-17,100.7,1,11458.81
6700006585,60108280,2023-07-17,99.8,1,10217.71
6700006586,60121431,2023-07-17,57.0,1,1928.54
6700006587,81000001,2023-07-17,110.5,1,11608.24
6700006588,4407413,2023-07-18,125.0,1,10691.04
6700006589,60104075,2023-07-18,65.04,1,12130.19
6700006590,60106991,2023-07-18,82.0,1,12173.9
6700006591,4408403,2023-07-19,82.0,1,9817.66
6700006592,60120860,2023-07-19,150.0,1,12880.77
6700006593,60118681,2023-07-20,71.4,1,1100.46
6700006594,60118807,2023-07-20,59.2,1,13598.79
6700006595,60121490,2023-07-25,57.0,1,1073.4
6700006596,4408408,2023-07-30,86.0,1,7988.08
6700006597,4589062,2023-07-30,78.0,1,9633.06
6700006598,60097418,2023-07-30,72.25,1,12553.93
6700006599,60102992,2023-07-30,107.7,1,13454.85
6700006600,60118854,2023-07-30,78.0,1,12798.2
6700006601,81023023,2023-07-30,59.75,1,14371.85
6700006602,4407652,2023-07-31,86.0,1,10234.72
6700006603,60119518,2023-08-03,37.0,1,5596.67
6700006604,60103142,2023-08-06,102.87,1,8869.33
6700006605,60104421,2023-08-06,45.0,1,15266.1
6700006606,60118058,2023-08-06,230.7,1,9305.57
6700006607,4589070,2023-08-08,68.0,1,14206.74
6700006608,60099702,2023-08-08,69.02,1,4733.71
6700006609,60105001,2023-08-08,63.8,1,2603.75
6700006610,60106368,2023-08-08,63.95,1,11749.47
6700006611,60121827,2023-08-08,42.3,1,13956.71
6700006612,81023730,2023-08-09,87.13,1,18479.25
6700006613,81053248,2023-08-09,87.2,1,9232.21
6700006614,4406601,2023-08-10,150.0,3,429.36
6700006615,4683451,2023-08-10,106.0,1,16911.08
6700006616,60100625,2023-08-10,48.0,1,18560.84
6700006617,60105101,2023-08-10,63.8,1,7570.99
6700006618,80826243,2023-08-11,34.95,1,17813.18
6700006619,4521551,2023-08-13,116.0,1,10178.77
6700006620,80999970,2023-08-13,86.75,1,7424.08
6700006621,60096445,2023-08-15,99.02,1,12791.45
6700006622,60119137,2023-08-15,78.3,1,19192.3
6700006623,4408626,2023-08-17,313.0,1,9362.22
6700006624,60117288,2023-08-18,112.0,1,17730.23
6700006625,4589362,2023-08-20,100.0,1,14812.89
6700006626,60096396,2023-08-20,97.5,1,9688.1
6700006627,60121183,2023-08-21,40.9,1,19552.11
6700006628,60121684,2023-08-21,94.0,1,8733.32
6700006629,81028101,2023-08-21,59.75,1,14820.97
6700006630,60120738,2023-08-22,46.6,1,15663.32
6700006631,80826374,2023-08-22,114.0,1,14123.66
6700006632,60108338,2023-08-23,103.26,1,9979.29
6700006633,4408409,2023-08-24,112.0,1,6229.54
6700006634,60119838,2023-08-24,68.0,1,19336.95
6700006635,4623672,2023-08-27,80.0,1,14222.52
6700006636,4683489,2023-08-27,105.0,1,16663.22
6700006637,60121444,2023-08-27,57.0,1,3375.91
6700006638,4407921,2023-08-28,120.0,1,6261.49
6700006639,4643395,2023-08-28,85.0,1,16921.8
6700006640,60099595,2023-08-28,25.4,1,23242.87
6700006641,60118658,2023-08-28,60.33,1,4266.19
6700006642,4663783,2023-08-30,665.0,1,3551.09
6700006643,60100774,2023-08-31,63.2,1,13672.23
6700006644,60104016,2023-08-31,65.5,1,7716.17
6700006645,60105097,2023-08-31,63.8,1,5809.47
6700006646,60121182,2023-09-02,40.9,1,15751.44
6700006647,4410969,2023-09-03,88.0,1,9594.09
6700006648,60119125,2023-09-03,118.0,1,11848.9
6700006649,60106378,2023-09-04,63.95,1,10090.84
6700006650,60121140,2023-09-04,40.9,1,25244.38
6700006651,4508705,2023-09-05,327.0,1,9373.76
6700006652,60121754,2023-09-06,40.6,1,17218.85
6700006653,60105916,2023-09-07,127.74,1,8251.18
6700006654,60122092,2023-09-07,102.0,1,12916.73
6700006655,60094941,2023-09-11,161.5,1,15117.16
6700006656,60118863,2023-09-11,73.2,1,12709.3
6700006657,60120495,2023-09-11,46.6,1,24579.92
6700006658,60121337,2023-09-11,40.9,1,4013.72
6700006659,4623921,2023-09-12,95.0,1,14038.31
6700006660,4663566,2023-09-12,92.0,1,13736.21
6700006661,4623918,2023-09-13,107.0,1,13971.65
6700006662,60119450,2023-09-14,73.2,1,13223.55
6700006663,60099811,2023-09-15,64.5,1,6750.52
6700006664,4663559,2023-09-17,92.0,1,13443.95
6700006665,60121649,2023-09-18,40.6,1,20662.62
6700006666,60122002,2023-09-19,54.0,1,10555.99
6700006667,60101296,2023-09-20,90.0,1,9321.14
6700006668,60108180,2023-09-20,97.62,1,11017.37
6700006669,60102514,2023-09-21,102.16,1,10001.37
6700006670,60119238,2023-09-21,59.1,1,14740.57
6700006671,60121493,2023-09-21,57.0,1,9811.72
6700006672,4589307,2023-09-26,100.0,1,12368.43
6700006673,4643400,2023-09-27,97.0,1,13028.15
6700006674,60098122,2023-09-27,34.0,3,9489.84
6700006675,60122235,2023-09-27,61.1,1,9857.43
6700006676,60106385,2023-09-28,63.95,1,10931.75
6700006677,4406334,2023-10-09,210.0,1,5147.36
6700006678,4521139,2023-10-10,1200.0,1,5494.8
6700006679,60122209,2023-10-10,45.1,1,16537.73
6700006680,60101665,2023-10-11,113.5,1,6857.09
6700006681,4623523,2023-10-12,75.0,1,16574.48
6700006682,60117290,2023-10-12,65.0,1,18292.91
6700006683,60119961,2023-10-12,140.0,1,10037.34
6700006684,60111176,2023-10-13,56.8,1,12560.27
6700006685,60101780,2023-10-15,91.18,1,13870.42
6700006686,60120905,2023-10-15,29.8,1,19129.31
6700006687,60102371,2023-10-16,92.9,1,9890.24
6700006688,60107001,2023-10-16,74.0,1,15337.73
6700006689,60119062,2023-10-16,73.2,1,13807.15
6700006690,60121200,2023-10-16,51.0,1,9084.17
6700006691,60097385,2023-10-17,69.68,1,12410.39
6700006692,60118922,2023-10-19,73.2,1,12108.94
6700006693,4663555,2023-10-23,215.0,1,15284.05
6700006694,4623919,2023-10-24,80.0,1,15241.32
6700006695,60101071,2023-10-24,120.61,1,9410.43
6700006696,60105086,2023-10-24,63.8,1,11012.76
6700006697,4410974,2023-10-25,86.0,1,1520.86
6700006698,4663551,2023-10-25,319.0,1,8979.63
6700006699,60104045,2023-10-25,67.57,1,11998.05
6700006700,4521877,2023-10-26,208.0,1,862.68
6700006701,4589657,2023-10-26,2230.0,3,3780.88
6700006702,4408410,2023-10-29,95.0,1,9102.69
6700006703,4589163,2023-10-31,141.0,1,11882.72
6700006704,4623615,2023-10-31,80.0,1,14862.99
6700006705,60096780,2023-11-01,92.8,1,13663.48
6700006706,60102843,2023-11-01,65.07,1,17793.6
6700006707,60100784,2023-11-03,63.2,1,8671.23
6700006708,4663562,2023-11-06,73.0,1,13542.3
6700006709,60100787,2023-11-06,63.2,1,11391.61
6700006710,4663571,2023-11-07,92.0,1,10979.12
6700006711,60119412,2023-11-07,78.3,1,12351.17
6700006712,4589317,2023-11-12,100.0,1,9939.61
6700006713,4663688,2023-11-12,126.0,1,11513.06
6700006714,60106809,2023-11-13,69.0,1,14171.63
6700006715,4623597,2023-11-14,78.0,1,15842.75
6700006716,4623601,2023-11-14,102.0,1,13379.23
6700006717,4406368,2023-11-15,60.0,1,10745.52
6700006718,60100547,2023-11-15,47.0,1,16689.85
6700006719,60111127,2023-11-15,525.0,3,9108.11
6700006720,60117674,2023-11-15,43.9,1,14196.81
6700006721,60118734,2023-11-15,61.3,1,13672.93
6700006722,4405821,2023-11-19,130.0,1,11985.39
6700006723,4407846,2023-11-19,200.0,1,4894.58
6700006724,60101577,2023-11-19,61.4,1,12250.59
6700006725,60107873,2023-11-20,107.48,1,8797.97
6700006726,60119664,2023-11-20,100.0,1,9456.06
6700006727,60108089,2023-11-21,83.2,1,13302.75
6700006728,60119070,2023-11-21,116.3,1,10348.22
6700006729,4521470,2023-11-22,140.0,1,6907.83
6700006730,60096426,2023-11-22,91.7,1,14061.75
6700006731,4683448,2023-11-23,106.0,1,25343.21
6700006732,60096458,2023-11-23,91.37,1,16758.64
6700006733,60102907,2023-11-23,78.84,1,9268.08
6700006734,60106464,2023-11-23,65.0,1,16531.57
6700006735,60119310,2023-11-23,73.2,1,13578.7
6700006736,81045129,2023-11-23,128.7,1,17533.48
6700006737,4411336,2023-11-27,3760.0,3,2100.52
6700006738,60117733,2023-11-27,41.0,1,15594.11
6700006739,60121135,2023-11-27,40.9,1,32052.65
6700006740,60111166,2023-11-29,79.6,1,12689.43
6700006741,4623920,2023-11-30,85.0,1,13779.55
6700006742,60107112,2023-12-05,82.0,1,12533.34
6700006743,60106330,2023-12-07,50.04,1,12557.06
6700006744,60110272,2023-12-07,98.6,1,14311.73
6700006745,60116992,2023-12-13,100.0,1,19170.16
6700006746,81192840,2023-12-14,88.6,1,14785.11
6700006747,4408411,2023-12-17,86.0,1,8421.0
6700006748,4522245,2023-12-17,190.0,1,18497.52
6700006749,4409030,2023-12-18,130.0,1,8847.77
6700006750,4411318,2023-12-18,63.0,1,5578.62
6700006751,60096843,2023-12-19,75.56,1,14517.72
6700006752,60100962,2023-12-19,63.2,1,10447.87
6700006753,60118903,2023-12-19,73.2,1,13094.37
6700006754,60119096,2023-12-19,73.2,1,19641.56
6700006755,60119678,2023-12-20,34.1,1,48097.18
6700006756,60121077,2023-12-20,45.1,1,16530.07
6700006757,60108002,2023-12-21,71.0,1,11400.1
6700006758,60110780,2023-12-21,73.96,1,15119.79
6700006759,60110840,2023-12-21,90.68,1,12801.72
6700006760,81053303,2023-12-21,59.73,1,13372.79
6700006761,4589069,2023-12-24,80.0,1,9664.96
6700006762,60103984,2023-12-25,62.4,1,13483.29
6700006763,60096182,2023-12-26,76.85,1,12056.7
6700006764,60119527,2023-12-26,88.0,1,10589.58
6700006765,60122073,2023-12-26,56.1,1,11485.39
6700006766,4623613,2023-12-27,85.0,1,15536.6
6700006767,4589331,2023-12-28,1900.0,3,8856.39
6700006768,60107889,2023-12-29,114.72,1,9840.56
6700006769,60121670,2023-12-29,47.4,1,17929.9
6700006770,60119161,2024-01-01,176.0,1,8558.94
6700006771,60122088,2024-01-02,62.9,1,11388.2
6700006772,4623914,2024-01-03,95.0,1,14415.06
6700006773,4623917,2024-01-03,91.0,1,14932.93
6700006774,60107862,2024-01-03,96.35,1,11698.46
6700006775,60119714,2024-01-04,120.0,1,10095.16
6700006776,4290890,2024-01-07,72.0,1,7768.89
6700006777,60100898,2024-01-07,63.2,1,10500.75
6700006778,60107095,2024-01-07,129.0,1,8802.9
6700006779,4643396,2024-01-08,85.0,1,14673.36
6700006780,60117809,2024-01-08,54.0,1,6766.69
6700006781,60108091,2024-01-09,82.3,1,10559.68
6700006782,4683490,2024-01-10,136.0,1,15684.94
6700006783,60101551,2024-01-10,46.0,1,6873.49
6700006784,60122207,2024-01-10,61.9,1,20183.23
6700006785,4411229,2024-01-11,123.0,1,12846.44
6700006786,4623606,2024-01-11,82.0,1,15287.27
6700006787,60100874,2024-01-14,63.2,1,10750.77
6700006788,60120978,2024-01-14,45.0,1,7490.9
6700006789,60118700,2024-01-15,71.4,1,2319.05
6700006790,60119239,2024-01-15,59.1,1,14081.09
6700006791,80893150,2024-01-15,66.0,1,6588.61
6700006792,4506489,2024-01-16,100.0,1,12114.2
6700006793,60103176,2024-01-16,105.4,1,11443.57
6700006794,60104664,2024-01-16,169.0,1,10284.76
6700006795,60104982,2024-01-16,63.8,1,9246.22
6700006796,60100734,2024-01-17,99.0,1,11704.54
6700006797,60105081,2024-01-17,63.8,1,12218.22
6700006798,81000027,2024-01-17,103.5,1,8651.18
6700006799,4624091,2024-01-18,99.0,1,11491.73
6700006800,60103171,2024-01-18,117.65,1,8058.37
6700006801,4410997,2024-01-21,157.0,1,13083.73
6700006802,4624085,2024-01-21,121.0,1,14894.41
6700006803,60100880,2024-01-21,63.2,1,11500.82
6700006804,60117582,2024-01-21,58.7,1,17945.63
6700006805,60121985,2024-01-21,37.3,1,12002.64
6700006806,81063291,2024-01-21,65.68,1,2963.63
6700006807,60097327,2024-01-22,78.8,1,12699.72
6700006808,60103446,2024-01-22,92.6,1,9897.03
6700006809,60096931,2024-01-23,119.81,1,10682.67
6700006810,81033926,2024-01-23,81.36,1,17867.54
6700006811,4624170,2024-01-24,603.0,1,2620.42
6700006812,60105025,2024-01-24,63.8,1,9081.11
6700006813,4406879,2024-01-25,250.0,1,3160.22
6700006814,60099470,2024-01-28,25.4,1,12441.83
6700006815,60103602,2024-01-28,63.1,1,53571.91
6700006816,60122041,2024-01-28,42.2,1,14228.5
6700006817,4645000,2024-01-29,802.0,3,14119.87
6700006818,60120912,2024-01-29,130.0,1,17016.6
6700006819,4624353,2024-01-30,83.0,1,16181.87
6700006820,81067782,2024-01-30,65.68,1,14033.68
6700006821,4643508,2024-01-31,101.0,1,11472.76
6700006822,60101281,2024-01-31,112.0,1,10157.87
6700006823,60107897,2024-01-31,104.53,1,9976.79
6700006824,60118892,2024-01-31,73.2,1,12448.06
6700006825,80442205,2024-01-31,69.68,1,13303.66
6700006826,4589326,2024-02-04,85.0,1,14515.6
6700006827,60106248,2024-02-04,76.56,1,10217.12
6700006828,60117847,2024-02-04,49.8,1,21885.49
6700006829,60119193,2024-02-04,78.3,1,13320.1
6700006830,60121644,2024-02-04,40.6,1,16697.7
6700006831,4624089,2024-02-05,92.0,1,13603.88
6700006832,60100382,2024-02-05,42.33,1,17247.22
6700006833,60100384,2024-02-05,60.75,3,8584.07
6700006834,60100800,2024-02-06,63.2,1,11221.76
6700006835,60118631,2024-02-06,60.33,1,23338.33
6700006836,60106387,2024-02-07,63.95,1,9622.34
6700006837,81136333,2024-02-07,126.7,1,13170.82
6700006838,60100449,2024-02-08,107.88,1,10634.6
6700006839,60119668,2024-02-08,50.4,1,16348.05
6700006840,4407377,2024-02-11,240.0,1,13037.05
6700006841,60095475,2024-02-11,97.82,1,13327.59
6700006842,4407872,2024-02-13,1057.0,3,5555.24
6700006843,60105053,2024-02-13,63.8,1,10380.6
6700006844,60107056,2024-02-13,82.0,1,13990.98
6700006845,60107087,2024-02-14,77.0,1,15983.08
6700006846,4623878,2024-02-15,80.0,1,14340.75
6700006847,60107103,2024-02-18,77.0,1,14560.86
6700006848,60117644,2024-02-18,49.8,1,12356.4
6700006849,60120927,2024-02-18,50.0,1,16687.42
6700006850,60104660,2024-02-19,63.8,1,18309.09
6700006851,60100768,2024-02-20,63.2,1,12707.0
6700006852,60101840,2024-02-20,108.16,1,9160.65
6700006853,80972707,2024-02-20,116.18,1,15261.14
6700006854,81043644,2024-02-21,81.06,1,18270.53
6700006855,60106964,2024-02-22,82.0,1,14499.74
6700006856,4625326,2024-02-25,158.0,1,14668.83
6700006857,60096061,2024-02-25,101.54,1,13815.11
6700006858,60096754,2024-02-25,98.8,1,15834.47
6700006859,60100848,2024-02-26,63.2,1,13532.13
6700006860,60120576,2024-02-26,40.7,1,17169.19
6700006861,60117811,2024-02-27,54.0,1,14678.75
6700006862,4683441,2024-02-28,100.0,1,13037.05
6700006863,60095583,2024-02-28,109.8,1,10686.11
6700006864,81206899,2024-02-28,222.0,1,11510.19
6700006865,4589063,2024-02-29,70.0,1,9237.68
6700006866,4624352,2024-02-29,80.0,1,14992.61
6700006867,60106188,2024-02-29,87.5,1,10191.25
6700006868,60101065,2024-03-03,91.6,1,9940.21
6700006869,60101089,2024-03-03,89.77,1,10373.36
6700006870,60122205,2024-03-03,45.1,1,13765.21
6700006871,81011098,2024-03-03,113.89,1,10447.69
6700006872,81048636,2024-03-03,101.85,1,17270.15
6700006873,4589064,2024-03-04,68.0,1,11411.97
6700006874,80973674,2024-03-04,100.9,1,16817.48
6700006875,4624354,2024-03-05,80.0,1,15520.28
6700006876,60118369,2024-03-05,100.3,1,9284.31
6700006877,80972673,2024-03-05,116.18,1,14249.41
6700006878,60117808,2024-03-06,54.0,1,17819.58
6700006879,60107076,2024-03-07,82.0,1,13501.38
6700006880,60117667,2024-03-07,43.9,1,16498.4
6700006881,60119963,2024-03-07,100.0,1,9519.1
6700006882,80858161,2024-03-07,130.0,1,8755.03
6700006883,60099001,2024-03-11,27.3,3,15160.22
6700006884,60117572,2024-03-11,240.0,1,9269.05
6700006885,60118395,2024-03-11,69.1,1,12128.73
6700006886,80317250,2024-03-11,63.4,1,16319.95
6700006887,60101299,2024-03-12,53.8,1,11539.24
6700006888,60105160,2024-03-12,63.8,1,11514.52
6700006889,60121519,2024-03-12,57.0,1,12888.18
6700006890,4521552,2024-03-13,117.0,1,12292.41
6700006891,4623525,2024-03-13,90.0,1,14370.63
6700006892,4623691,2024-03-13,85.0,1,13816.09
6700006893,60096759,2024-03-13,99.7,1,12868.7
6700006894,60119322,2024-03-13,83.4,1,13646.93
6700006895,4663567,2024-03-14,85.0,1,12172.77
6700006896,60119807,2024-03-14,44.6,1,22735.23
6700006897,4683488,2024-03-17,98.0,1,15784.23
6700006898,60118954,2024-03-17,59.2,1,15205.68
6700006899,81045144,2024-03-17,251.08,1,12568.86
6700006900,60099267,2024-03-18,30.7,4,5055.46
6700006901,60101636,2024-03-18,57.7,1,12731.83
6700006902,4663573,2024-03-19,73.0,1,12614.65
6700006903,60117395,2024-03-19,126.8,1,19583.94
6700006904,60095489,2024-03-21,62.35,1,12081.01
6700006905,60119057,2024-03-21,73.2,1,12580.19
6700006906,60107765,2024-03-24,52.0,1,14843.75
6700006907,4408932,2024-03-25,119.0,1,11564.13
6700006908,60108045,2024-03-26,140.1,1,7606.89
6700006909,60111167,2024-03-26,56.8,1,14481.95
6700006910,60120659,2024-03-26,40.7,1,19066.68
6700006911,60099437,2024-03-27,25.5,1,26780.08
6700006912,81092083,2024-03-27,79.47,1,14321.8
6700006913,60117306,2024-03-28,49.9,1,29029.24
6700006914,60118373,2024-03-28,100.3,1,9800.11
6700006915,60118422,2024-03-28,120.0,1,13364.68
6700006916,60118866,2024-03-28,73.2,1,13244.53
6700006917,60119274,2024-03-28,77.6,1,12533.56
6700006918,60094943,2024-03-29,145.53,1,12655.39
6700006919,60119489,2024-03-31,120.0,1,17072.3
6700006920,60118706,2024-04-01,71.4,1,13382.31
6700006921,60120935,2024-04-03,29.8,1,17238.52
6700006922,4408315,2024-04-07,2727.0,4,1280.97
6700006923,60103293,2024-04-07,78.38,1,7930.42
6700006924,60103295,2024-04-07,152.53,1,13134.87
6700006925,4407382,2024-04-08,124.0,1,11185.58
6700006926,4408420,2024-04-08,88.0,1,8114.25
6700006927,60105927,2024-04-08,142.74,1,9213.2
6700006928,60106954,2024-04-08,80.0,1,14126.97
6700006929,60117639,2024-04-08,49.8,1,14090.83
6700006930,81053249,2024-04-08,87.2,1,11311.0
6700006931,4409744,2024-04-09,160.0,1,16502.87
6700006932,4625181,2024-04-09,108.0,1,10464.42
6700006933,60095126,2024-04-09,105.27,1,10735.8
6700006934,60100217,2024-04-09,87.13,1,14739.7
6700006935,60120960,2024-04-09,67.0,1,10552.73
6700006936,60121794,2024-04-09,38.4,1,19130.27
6700006937,60106951,2024-04-10,80.0,1,15411.24
6700006938,60110345,2024-04-10,100.64,1,19396.77
6700006939,60117694,2024-04-10,41.0,1,18418.31
6700006940,60119169,2024-04-10,59.2,1,14751.75
6700006941,80845936,2024-04-10,69.95,1,14394.11
6700006942,60106362,2024-04-12,63.95,1,13334.72
6700006943,4589061,2024-04-14,74.0,1,8469.24
6700006944,60105900,2024-04-16,84.25,1,9085.16
6700006945,80973678,2024-04-16,127.0,1,22651.69
6700006946,4643374,2024-04-17,617.0,1,1665.18
6700006947,60096084,2024-04-17,74.4,1,16985.51
6700006948,60121736,2024-04-17,40.6,1,30366.98
6700006949,81067795,2024-04-17,59.73,1,12900.75
6700006950,4502186,2024-04-18,900.0,4,2625.62
6700006951,4385837,2024-04-21,27.0,1,13128.09
6700006952,60103091,2024-04-21,106.37,1,10624.78
6700006953,60109172,2024-04-21,79.91,3,7071.44
6700006954,81221502,2024-04-21,116.0,1,16828.37
6700006955,4409028,2024-04-30,95.0,1,11896.4
6700006956,81136335,2024-05-01,126.7,1,13058.34
6700006957,60121202,2024-05-06,40.9,1,12485.22
6700006958,60104657,2024-05-07,41.5,1,14396.51
6700006959,60108009,2024-05-07,78.85,1,14247.56
6700006960,60120890,2024-05-07,29.8,1,9054.64
6700006961,80972682,2024-05-07,81.36,1,18640.82
6700006962,4652159,2024-05-08,122.0,1,13645.12
6700006963,60118912,2024-05-08,73.2,1,12417.34
6700006964,4410975,2024-05-09,108.0,1,3782.56
6700006965,60099257,2024-05-12,119.0,1,7294.94
6700006966,60101038,2024-05-12,63.2,1,8887.82
6700006967,60105069,2024-05-12,63.8,1,10405.0
6700006968,80919939,2024-05-12,129.26,1,12562.69
6700006969,4623199,2024-05-13,80.0,1,15000.21
6700006970,60097420,2024-05-13,69.68,1,10259.81
6700006971,4385841,2024-05-15,40.0,1,8936.3
6700006972,4589547,2024-05-15,55.0,1,8356.02
6700006973,80442199,2024-05-15,74.25,1,12104.19
6700006974,60106662,2024-05-16,116.5,1,11834.7
6700006975,60121705,2024-05-16,93.0,1,3261.83
6700006976,80858119,2024-05-16,171.0,1,16125.65
6700006977,60119094,2024-05-19,73.2,1,11998.78
6700006978,80893466,2024-05-19,73.38,1,13221.95
6700006979,4623879,2024-05-21,108.0,1,11820.5
6700006980,60121412,2024-05-21,57.0,1,11771.72
6700006981,60102732,2024-05-22,175.72,1,9647.98
6700006982,60107816,2024-05-22,116.0,1,12502.01
6700006983,80973707,2024-05-22,108.6,1,26801.84
6700006984,4623599,2024-05-23,100.0,1,13787.43
6700006985,60100656,2024-05-23,49.0,1,15632.01
6700006986,4589164,2024-05-27,129.0,1,9342.04
6700006987,60110804,2024-05-27,110.9,1,10866.76
6700006988,60118385,2024-05-27,69.1,1,12562.92
6700006989,60102754,2024-05-28,57.6,1,15780.37
6700006990,60121507,2024-05-28,57.0,1,11287.95
6700006991,60118075,2024-05-29,335.3,1,7767.05
6700006992,4401413,2024-05-30,120.0,1,9361.84
6700006993,4623618,2024-05-30,150.0,1,10893.77
6700006994,60108219,2024-05-30,80.8,1,12639.74
6700006995,4683452,2024-06-02,106.0,1,19116.61
6700006996,4683495,2024-06-02,114.0,1,15997.58
6700006997,80887806,2024-06-03,89.0,1,16222.27
6700006998,4410893,2024-06-04,223.0,1,6133.6
6700006999,60100544,2024-06-04,47.0,1,16598.91
6700007000,60097270,2024-06-05,58.83,1,11366.63
6700007001,80999962,2024-06-05,86.4,1,9498.56
6700007002,60096171,2024-06-06,76.85,1,14370.41
6700007003,60101222,2024-06-06,82.7,1,10658.61
6700007004,60104061,2024-06-06,60.86,1,10821.02
6700007005,4409368,2024-06-09,101.0,1,13040.93
6700007006,4623195,2024-06-09,95.0,1,14611.12
6700007007,60101257,2024-06-09,68.0,1,11770.77
6700007008,60116883,2024-06-10,34.5,1,23494.03
6700007009,4406367,2024-06-11,63.0,1,3473.76
6700007010,80999977,2024-06-13,78.5,1,11938.75
6700007011,4385839,2024-06-16,40.0,1,7598.85
6700007012,4623634,2024-06-16,96.0,1,13192.45
6700007013,4623673,2024-06-16,99.0,1,12588.0
6700007014,60101242,2024-06-16,85.0,1,9714.61
6700007015,60101645,2024-06-16,157.0,1,7227.78
6700007016,60106425,2024-06-16,39.27,1,18060.25
6700007017,4623629,2024-06-17,103.0,1,14263.22
6700007018,60117884,2024-06-17,82.5,1,24561.94
6700007019,60120619,2024-06-17,40.9,1,19817.7
6700007020,60121793,2024-06-17,38.4,1,30342.63
6700007021,60122179,2024-06-18,45.1,1,13928.42
6700007022,4406359,2024-06-19,42.0,1,8443.17
6700007023,60094974,2024-06-19,96.94,1,9824.52
6700007024,60101664,2024-06-19,77.3,1,10485.69
6700007025,60122225,2024-06-19,45.1,1,16399.59
6700007026,80905122,2024-06-19,109.0,3,723.98
6700007027,60105440,2024-06-26,94.0,1,16706.69
6700007028,80989413,2024-06-27,70.0,1,12737.12
6700007029,60118852,2024-06-28,78.0,1,12729.7
6700007030,60102719,2024-06-30,121.2,1,13375.32
6700007031,4406176,2024-07-01,90.0,1,9212.52
6700007032,60100902,2024-07-01,63.2,1,9599.33
6700007033,80972690,2024-07-01,116.18,1,16666.5
6700007034,81053290,2024-07-01,87.2,1,13682.72
6700007035,4683493,2024-07-02,112.0,1,14896.11
6700007036,60106472,2024-07-02,116.0,1,8716.64
6700007037,4643401,2024-07-03,73.0,1,15513.23
6700007038,4411034,2024-07-04,89.0,1,17609.56
6700007039,60117927,2024-07-04,286.0,1,10075.94
6700007040,60109210,2024-07-07,42.4,1,9348.18
6700007041,60121451,2024-07-07,57.0,1,11796.51
6700007042,4604745,2024-07-08,100.0,1,18453.12
6700007043,4623639,2024-07-08,97.0,1,12717.3
6700007044,60109209,2024-07-08,47.69,1,58305.87
6700007045,60122266,2024-07-08,45.1,1,17487.39
6700007046,60102543,2024-07-10,76.67,1,15825.69
6700007047,60105252,2024-07-10,69.8,1,11444.02
6700007048,60107041,2024-07-10,74.4,1,13046.84
6700007049,60118655,2024-07-10,73.19,1,12848.08
6700007050,4643447,2024-07-11,100.0,1,16461.19
6700007051,4408730,2024-07-14,99.0,1,2389.94
6700007052,4410267,2024-07-14,250.0,1,16097.19
6700007053,60097250,2024-07-14,76.4,1,8602.54
6700007054,60102409,2024-07-14,108.9,1,7288.68
6700007055,4407148,2024-07-15,86.0,1,3527.2
6700007056,4408789,2024-07-15,700.0,4,17694.77
6700007057,4408898,2024-07-15,246.0,1,17229.9
6700007058,60105961,2024-07-15,116.1,1,9797.77
6700007059,60108252,2024-07-15,108.62,1,11636.09
6700007060,60119145,2024-07-15,124.0,1,10845.18
6700007061,4663666,2024-07-16,124.0,1,9132.79
6700007062,81228429,2024-07-16,120.76,1,17164.76
6700007063,4298552,2024-07-18,40.0,1,13650.25
6700007064,4521452,2024-07-18,102.0,1,12688.69
6700007065,60096409,2024-07-18,72.83,1,14022.26
6700007066,80972672,2024-07-18,116.18,1,16448.92
6700007067,4683478,2024-07-21,98.0,1,16508.24
6700007068,60108343,2024-07-21,103.62,1,11807.25
6700007069,4411097,2024-07-22,68.0,3,11672.6
6700007070,60103029,2024-07-22,97.39,1,8150.09
6700007071,60109141,2024-07-22,73.0,1,15513.23
6700007072,60122183,2024-07-22,45.1,1,15693.81
6700007073,60122043,2024-07-24,106.7,1,7107.29
6700007074,4623640,2024-07-25,87.0,1,14295.28
6700007075,60120262,2024-07-25,83.3,1,13959.18
6700007076,4401722,2024-07-28,131.0,1,10960.34
6700007077,60120615,2024-07-28,40.9,1,12361.0
6700007078,60120993,2024-07-28,106.0,1,9729.74
6700007079,60120579,2024-07-29,40.7,1,18756.83
6700007080,60103700,2024-07-30,110.08,1,13723.0
6700007081,60102335,2024-08-02,63.6,1,9548.62
6700007082,60100782,2024-08-04,63.2,1,13052.3
6700007083,60106388,2024-08-04,63.95,1,7597.09
6700007084,60117739,2024-08-04,41.0,1,18638.44
6700007085,60099396,2024-08-06,162.0,1,9809.15
6700007086,4511448,2024-08-08,85.0,1,13396.16
6700007087,60119455,2024-08-11,73.2,1,7466.71
6700007088,60105434,2024-08-14,100.7,1,12061.42
6700007089,60107854,2024-08-14,121.0,1,9368.7
6700007090,60117255,2024-08-14,162.0,1,10059.06
6700007091,60105278,2024-08-15,63.8,1,9518.69
6700007092,60117650,2024-08-15,43.9,1,17637.76
6700007093,60118377,2024-08-15,69.1,1,14208.24
6700007094,81136390,2024-08-15,96.0,1,18345.29
6700007095,60106794,2024-08-18,87.5,1,14459.34
6700007096,60099655,2024-08-19,99.0,1,10980.34
6700007097,60100426,2024-08-19,50.0,1,10420.49
6700007098,60107021,2024-08-19,109.0,1,12535.85
6700007099,60117217,2024-08-19,125.0,1,14575.02
6700007100,4411228,2024-08-20,117.0,1,16004.14
6700007101,4623876,2024-08-20,100.0,1,13411.04
6700007102,60096760,2024-08-20,106.86,1,10371.59
6700007103,60099499,2024-08-21,45.0,1,11246.16
6700007104,60103659,2024-08-21,59.93,1,22800.06
6700007105,60119232,2024-08-21,59.1,1,13872.16
6700007106,60121391,2024-08-21,57.0,1,15093.52
6700007107,4643473,2024-08-22,170.0,1,10597.85
6700007108,60106734,2024-08-22,113.55,1,12835.77
6700007109,60122336,2024-08-22,79.37,1,11222.07
6700007110,60118646,2024-08-25,73.19,1,11962.2
6700007111,60119676,2024-08-25,98.0,1,14614.26
6700007112,60119908,2024-08-25,113.4,1,10710.62
6700007113,81000007,2024-08-25,83.0,1,14023.82
6700007114,4623630,2024-08-27,115.0,1,13378.03
6700007115,4623638,2024-08-27,100.0,1,12854.36
6700007116,4683430,2024-08-28,158.0,1,14093.28
6700007117,60099540,2024-08-28,45.0,1,13495.39
6700007118,80920057,2024-08-28,114.95,1,14528.53
6700007119,4407278,2024-08-29,35.0,1,17351.21
6700007120,4589513,2024-08-29,2873.0,3,4298.04
6700007121,4663570,2024-08-29,90.0,1,15744.62
6700007122,60106173,2024-08-29,100.0,1,7236.9
6700007123,60105130,2024-09-01,63.8,1,9499.45
6700007124,60107755,2024-09-01,52.0,1,21367.67
6700007125,60121392,2024-09-01,61.0,1,976.99
6700007126,4623873,2024-09-02,95.0,1,15151.62
6700007127,60100387,2024-09-02,88.0,3,15495.97
6700007128,60100827,2024-09-02,63.2,1,10388.77
6700007129,60108082,2024-09-02,93.65,1,14021.78
6700007130,81228426,2024-09-02,115.0,1,16600.9
6700007131,80888627,2024-09-03,103.0,1,15396.79
6700007132,81291434,2024-09-03,81.1,1,8718.56
6700007133,60117932,2024-09-04,45.1,1,20605.3
6700007134,60122011,2024-09-04,45.8,1,15438.33
6700007135,60101131,2024-09-05,80.0,1,10290.49
6700007136,4385838,2024-09-06,31.0,1,12381.97
6700007137,4683429,2024-09-06,98.0,1,7472.74
6700007138,4406797,2024-09-08,113.0,1,9475.35
6700007139,4623874,2024-09-08,123.0,1,15060.44
6700007140,4624349,2024-09-08,122.0,1,16409.05
6700007141,60102321,2024-09-08,61.9,1,15502.46
6700007142,81028680,2024-09-08,98.97,1,18881.47
6700007143,81208964,2024-09-08,102.7,1,14556.57
6700007144,60101156,2024-09-09,74.7,1,10682.53
6700007145,60101675,2024-09-10,105.9,1,8202.95
6700007146,60102919,2024-09-10,98.94,1,11740.69
6700007147,81232533,2024-09-11,110.0,1,15610.76
6700007148,60119662,2024-09-12,56.7,1,16033.46
6700007149,4589051,2024-09-13,68.0,1,7427.26
6700007150,60103052,2024-09-14,66.0,1,12243.73
6700007151,4643490,2024-09-15,100.0,1,15959.7
6700007152,60096902,2024-09-15,106.21,1,10461.53
6700007153,60097275,2024-09-15,65.3,1,12993.73
6700007154,60101639,2024-09-15,57.7,1,11641.59
6700007155,60104414,2024-09-15,28.9,1,18349.71
6700007156,60105970,2024-09-15,90.2,1,12878.31
6700007157,60106968,2024-09-16,70.0,1,23809.68
6700007158,81228461,2024-09-16,103.3,1,14178.67
6700007159,60097295,2024-09-17,61.7,1,12605.88
6700007160,80893508,2024-09-17,61.13,1,13219.14
6700007161,81048535,2024-09-18,150.71,1,14242.45
6700007162,60110348,2024-09-19,106.24,1,12597.82
6700007163,60117961,2024-09-19,180.0,1,6734.05
6700007164,60119451,2024-09-19,73.2,1,13523.3
6700007165,81028675,2024-09-20,116.18,1,18692.82
6700007166,60121422,2024-09-22,57.0,1,13822.53
6700007167,60098116,2024-09-23,85.0,3,5941.81
6700007168,60108213,2024-09-23,81.2,1,12066.56
6700007169,60117634,2024-09-23,49.8,1,16023.8
6700007170,60098114,2024-09-24,23.3,3,8236.93
6700007171,60100777,2024-09-24,63.2,1,11667.38
6700007172,60118923,2024-09-24,73.2,1,14351.26
6700007173,60121102,2024-09-24,40.9,1,19831.7
6700007174,80438434,2024-09-24,93.75,1,12929.38
6700007175,60105015,2024-09-25,63.8,1,10766.04
6700007176,60106282,2024-09-25,80.05,1,14763.6
6700007177,60108330,2024-09-26,75.0,1,12660.02
6700007178,60117546,2024-09-26,467.0,1,1514.08
6700007179,81056653,2024-09-26,146.1,1,11753.48
6700007180,4406929,2024-09-29,121.0,1,12313.3
6700007181,4589576,2024-09-30,128.0,1,11048.05
6700007182,4683479,2024-09-30,101.0,1,15801.69
6700007183,4521366,2024-10-01,112.0,1,5832.75
6700007184,4643474,2024-10-01,144.0,1,12213.89
6700007185,60095467,2024-10-01,101.42,1,11891.48
6700007186,60104086,2024-10-01,60.4,1,12978.84
6700007187,60117013,2024-10-01,45.1,1,19387.47
6700007188,60104283,2024-10-08,45.1,1,16156.22
6700007189,60111020,2024-10-08,67.0,1,15750.45
6700007190,4385836,2024-10-09,64.0,1,8636.96
6700007191,4623872,2024-10-09,123.0,1,15169.57
6700007192,4623875,2024-10-09,90.0,1,16192.13
6700007193,60101078,2024-10-09,82.59,1,11803.82
6700007194,81030920,2024-10-09,135.66,1,19632.36
6700007195,4663603,2024-10-10,117.0,1,14946.58
6700007196,60121193,2024-10-10,40.9,1,17692.43
6700007197,80893652,2024-10-13,57.05,1,11979.31
6700007198,81133061,2024-10-13,111.9,1,14639.83
6700007199,60100881,2024-10-14,63.2,1,10018.48
6700007200,81081513,2024-10-14,87.2,3,10891.65
6700007201,4406806,2024-10-21,276.0,1,14383.56
6700007202,60099584,2024-10-21,45.1,1,15376.27
6700007203,4406015,2024-10-22,521.0,1,7098.86
6700007204,4589359,2024-10-22,74.0,1,16297.76
6700007205,4521575,2024-10-28,200.0,1,15577.94
6700007206,60098997,2024-10-29,25.9,3,12999.4
6700007207,60101603,2024-10-29,57.3,1,6138.92
6700007208,60104486,2024-10-29,25.6,1,19629.46
6700007209,80477769,2024-10-29,48.2,1,22936.33
6700007210,81033917,2024-10-29,94.04,1,18168.32
6700007211,4521382,2024-10-31,86.0,1,5375.73
6700007212,60121473,2024-11-04,57.0,1,12819.85
6700007213,4521482,2024-11-05,110.0,1,10920.02
6700007214,60106746,2024-11-05,107.3,1,13060.6
6700007215,60106750,2024-11-05,106.3,1,10829.27
6700007216,60118459,2024-11-05,95.0,1,12380.81
6700007217,4623671,2024-11-06,111.0,1,12444.89
6700007218,4623692,2024-11-06,77.0,1,18200.03
6700007219,80442208,2024-11-06,66.51,1,17082.2
6700007220,4411317,2024-11-07,112.0,1,8669.39
6700007221,4408011,2024-11-10,62.0,1,16548.82
6700007222,60099447,2024-11-10,101.0,1,9910.91
6700007223,60099531,2024-11-10,80.0,1,10635.64
6700007224,60117759,2024-11-10,54.0,1,14180.86
6700007225,60121544,2024-11-10,32.2,1,37304.41
6700007226,4625098,2024-11-12,125.0,1,11371.38
6700007227,4385835,2024-11-13,34.0,1,9715.6
6700007228,60103517,2024-11-13,75.2,1,12645.63
6700007229,60104035,2024-11-13,60.86,1,19737.13
6700007230,60118899,2024-11-13,73.2,1,9162.17
6700007231,60121253,2024-11-13,48.5,1,17027.35
6700007232,81000040,2024-11-14,107.85,1,15314.35
6700007233,60106206,2024-11-17,51.35,1,17154.46
6700007234,60107838,2024-11-17,88.42,1,24340.12
6700007235,4623925,2024-11-18,80.0,1,16266.28
6700007236,4623926,2024-11-18,87.0,1,16108.07
6700007237,4408421,2024-11-19,108.0,1,6673.34
6700007238,60096364,2024-11-19,214.2,1,14954.27
6700007239,60117606,2024-11-20,49.8,1,14070.3
6700007240,60119134,2024-11-20,118.5,1,12586.43
6700007241,4589049,2024-11-21,85.0,1,6477.07
6700007242,4589159,2024-11-21,104.0,1,14437.52
6700007243,60121217,2024-11-21,40.9,1,17132.06
6700007244,60100824,2024-11-24,63.2,1,12116.56
6700007245,60116932,2024-11-24,207.0,1,8704.36
6700007246,60117355,2024-11-24,100.0,1,11511.52
6700007247,60121515,2024-11-24,57.0,1,12293.0
6700007248,4623902,2024-11-25,122.0,1,14813.9
6700007249,4623923,2024-11-25,88.0,1,14218.77
6700007250,60103092,2024-11-25,100.7,1,9940.43
6700007251,60108122,2024-11-27,74.53,1,22160.91
6700007252,60118778,2024-11-27,59.2,1,15217.93
6700007253,60119177,2024-11-27,59.2,1,15894.28
6700007254,80893478,2024-11-27,66.37,1,16590.35
6700007255,4410977,2024-11-28,90.0,1,9231.46
6700007256,4683449,2024-11-28,104.0,1,21896.91
6700007257,60100662,2024-11-28,49.0,1,13278.59
6700007258,60103285,2024-11-28,106.22,1,14135.78
6700007259,60106729,2024-11-28,111.45,1,12349.73
6700007260,60110899,2024-12-01,100.75,1,12271.87
6700007261,60120721,2024-12-01,46.6,1,17086.6
6700007262,60122270,2024-12-01,45.1,1,16667.97
6700007263,4406355,2024-12-02,42.0,1,8242.6
6700007264,60101580,2024-12-02,108.1,1,7502.98
6700007265,60100719,2024-12-04,84.0,1,13541.42
6700007266,60106344,2024-12-04,75.5,1,12445.79
6700007267,60119701,2024-12-04,57.8,1,12663.38
6700007268,60121296,2024-12-04,40.9,1,19346.94
6700007269,60108207,2024-12-05,81.5,1,12743.17
6700007270,60108287,2024-12-05,99.8,1,7730.54
6700007271,4410884,2024-12-08,274.0,1,10468.71
6700007272,81028099,2024-12-08,87.22,1,18598.31
6700007273,81033928,2024-12-08,81.36,1,18235.85
6700007274,60120637,2024-12-09,40.7,1,18226.89
6700007275,81295789,2024-12-09,104.0,1,10461.77
6700007276,4385834,2024-12-10,40.0,1,11127.52
6700007277,4623903,2024-12-10,143.0,1,14333.68
6700007278,60101835,2024-12-10,108.16,1,9144.9
6700007279,60102332,2024-12-10,61.9,1,7989.6
6700007280,60120671,2024-12-10,40.7,1,18226.89
6700007281,60121757,2024-12-10,40.6,1,12790.25
6700007282,60100408,2024-12-11,95.05,1,9573.73
6700007283,60104474,2024-12-11,69.7,1,14900.55
6700007284,60101026,2024-12-12,63.2,1,10564.1
6700007285,60103097,2024-12-12,100.7,1,9822.37
6700007286,60104542,2024-12-12,25.6,1,17000.37
6700007287,60122151,2024-12-12,45.1,1,17545.23
6700007288,4401724,2024-12-15,100.0,1,11869.35
6700007289,60121090,2024-12-15,45.1,1,16667.97
6700007290,81045140,2024-12-15,206.06,1,4680.12
6700007291,60101634,2024-12-16,57.7,1,12856.75
6700007292,80887805,2024-12-16,89.0,1,14781.12
6700007293,80972691,2024-12-16,94.04,1,18932.4
6700007294,4623527,2024-12-17,95.0,1,13795.52
6700007295,80858174,2024-12-19,143.9,1,18902.43
6700007296,4623631,2024-12-20,105.0,1,12811.36
6700007297,4623901,2024-12-22,124.0,1,14853.11
6700007298,4401723,2024-12-23,95.0,1,24467.52
6700007299,60096474,2024-12-23,92.14,1,11701.03
6700007300,60121244,2024-12-23,45.1,1,20286.68
6700007301,4589196,2024-12-24,96.0,1,10303.26
6700007302,60102375,2024-12-24,98.3,1,11068.4
6700007303,60117365,2024-12-24,76.0,1,12363.91
6700007304,60120578,2024-12-24,40.7,1,18348.4
6700007305,4663668,2024-12-25,90.0,1,8462.41
6700007306,60101795,2024-12-25,81.6,1,10424.47
6700007307,4409369,2024-12-26,124.0,1,11167.4
6700007308,60117316,2024-12-29,61.7,1,20199.06
6700007309,4683433,2024-12-30,165.0,1,9591.39
6700007310,60102566,2024-12-31,91.2,1,8676.43
6700007311,60106499,2025-01-01,35.68,3,9369.76
6700007312,4643393,2025-01-02,85.0,1,14459.9
6700007313,60094972,2025-01-02,97.94,1,12549.43
6700007314,60095499,2025-01-03,63.22,1,14775.54
6700007315,4411096,2025-01-06,324.0,3,8952.64
6700007316,60117787,2025-01-06,53.1,1,18054.45
6700007317,4589052,2025-01-07,110.0,1,2565.45
6700007318,4589066,2025-01-07,110.0,1,2708.47
6700007319,4589575,2025-01-09,102.0,1,13736.91
6700007320,60095600,2025-01-09,89.4,1,6599.15
6700007321,60097267,2025-01-09,56.94,1,14160.24
6700007322,60120612,2025-01-09,40.9,1,17309.45
6700007323,80893139,2025-01-09,81.82,1,11897.34
6700007324,60110555,2025-01-10,98.0,3,10033.4
6700007325,60118835,2025-01-11,78.0,1,15505.46
6700007326,60103553,2025-01-12,128.14,1,12354.22
6700007327,80400780,2025-01-12,123.0,1,15028.89
6700007328,4589209,2025-01-13,96.0,1,12290.92
6700007329,60423164,2025-01-13,109.4,1,11459.54
6700007330,60094975,2025-01-14,164.27,1,10175.71
6700007331,60101030,2025-01-14,63.2,1,10890.68
6700007332,60105957,2025-01-14,116.4,1,8869.73
6700007333,80914821,2025-01-14,108.96,1,13130.16
6700007334,60101180,2025-01-15,99.75,1,12617.44
6700007335,60103991,2025-01-16,67.2,1,13973.6
6700007336,60117263,2025-01-16,37.0,1,21259.96
6700007337,81033925,2025-01-16,81.36,1,18128.19
6700007338,4589046,2025-01-17,188.0,3,11867.27
6700007339,4589330,2025-01-19,73.0,1,14142.97
6700007340,4589515,2025-01-19,165.0,1,11620.5
6700007341,60119124,2025-01-19,78.3,1,13813.54
6700007342,60100949,2025-01-20,63.2,1,11201.85
6700007343,4408414,2025-01-21,123.0,1,6475.21
6700007344,60104622,2025-01-21,26.3,1,20562.75
6700007345,4521573,2025-01-23,110.0,1,7776.8
6700007346,60104078,2025-01-23,60.86,1,12682.71
6700007347,60117593,2025-01-23,58.7,1,14740.72
6700007348,60119016,2025-01-23,73.2,1,12089.42
6700007349,60119135,2025-01-23,118.4,1,13453.57
6700007350,60105311,2025-01-24,63.8,1,10510.85
6700007351,60119371,2025-01-25,81.7,1,12636.93
6700007352,60120014,2025-01-25,75.0,1,12192.59
6700007353,60097200,2025-01-26,66.8,1,13247.69
6700007354,60103704,2025-01-27,173.52,1,10369.93
6700007355,80887795,2025-01-27,89.0,1,15246.26
6700007356,60106986,2025-01-28,70.0,1,15451.44
6700007357,60108084,2025-01-28,113.97,1,14235.33
6700007358,60105050,2025-01-29,63.8,1,10325.89
6700007359,60108296,2025-01-29,67.93,1,13461.56
6700007360,60103549,2025-01-30,90.97,1,14051.39
6700007361,60119126,2025-01-30,78.3,1,20092.43
6700007362,60121851,2025-01-30,70.0,1,22474.82
6700007363,4589363,2025-02-02,101.0,1,14144.13
6700007364,4663568,2025-02-03,73.0,1,12011.49
6700007365,60101914,2025-02-03,93.37,1,10024.11
6700007366,60106980,2025-02-03,70.0,1,15481.9
6700007367,60117025,2025-02-03,94.0,1,12367.55
6700007368,60121741,2025-02-03,40.6,1,20141.03
6700007369,80857654,2025-02-03,104.56,1,10082.03
6700007370,60101018,2025-02-04,63.2,1,10912.16
6700007371,60110933,2025-02-04,174.9,1,12392.6
6700007372,60120493,2025-02-04,46.6,1,19239.12
6700007373,60119594,2025-02-05,97.0,1,15235.24
6700007374,60120503,2025-02-08,46.6,1,15856.42
6700007375,4407645,2025-02-09,23.0,3,36410.01
6700007376,4589582,2025-02-09,102.0,1,13522.52
6700007377,60095598,2025-02-09,88.9,1,14019.05
6700007378,60101655,2025-02-09,116.7,1,9708.6
6700007379,60119214,2025-02-09,59.1,1,15586.69
6700007380,60118637,2025-02-11,73.19,1,14807.12
6700007381,60121742,2025-02-11,40.6,1,20626.36
6700007382,60122315,2025-02-11,20.2,3,43895.58
6700007383,60117840,2025-02-13,84.1,1,10777.59
6700007384,60122203,2025-02-13,45.1,1,5271.21
6700007385,60119045,2025-02-15,73.2,1,12476.66
6700007386,4405811,2025-02-16,130.0,1,12428.83
6700007387,4663663,2025-02-16,100.0,1,15664.87
6700007388,60103011,2025-02-16,63.19,1,15123.53
6700007389,60105087,2025-02-16,63.8,1,10191.85
6700007390,60106971,2025-02-16,70.0,1,14778.18
6700007391,60117376,2025-02-16,55.0,1,17375.56
6700007392,80893293,2025-02-16,62.14,1,16171.81
6700007393,60101178,2025-02-18,97.42,1,14057.12
6700007394,60111016,2025-02-18,76.7,1,11560.51
6700007395,4407651,2025-02-19,111.0,1,7633.17
6700007396,60098970,2025-02-20,48.0,3,102626.25
6700007397,60105200,2025-02-20,63.8,1,10809.54
6700007398,4623521,2025-02-23,70.0,1,19000.52
6700007399,60100819,2025-02-23,63.2,1,12315.15
6700007400,80972662,2025-02-23,98.97,1,17122.0
6700007401,60099405,2025-02-24,59.8,1,11862.08
6700007402,60119160,2025-02-24,78.3,1,15350.68
6700007403,60120792,2025-02-24,46.6,1,18393.44
6700007404,80400781,2025-02-24,123.0,1,16500.3
6700007405,60120690,2025-02-25,90.0,1,14230.84
6700007406,60122234,2025-02-25,61.1,1,9674.75
6700007407,4624092,2025-02-26,122.0,1,16204.14
6700007408,60101590,2025-02-26,89.0,1,8158.44
6700007409,60117679,2025-02-26,43.9,1,16270.58
6700007410,60121406,2025-02-26,57.0,1,10140.18
6700007411,60119692,2025-02-28,40.8,1,26562.09
6700007412,4589366,2025-03-01,100.0,1,15202.24
6700007413,60119325,2025-03-02,116.7,1,13534.31
6700007414,60120020,2025-03-02,129.0,1,21044.07
6700007415,60120053,2025-03-02,85.0,1,17420.44
6700007416,4683496,2025-03-03,100.0,1,15695.82
6700007417,4406177,2025-03-04,93.0,1,6687.2
6700007418,4408636,2025-03-04,160.0,1,10488.56
6700007419,60099652,2025-03-04,51.2,1,16966.78
6700007420,60104634,2025-03-04,25.6,1,19280.44
6700007421,60118826,2025-03-04,59.2,1,13339.98
6700007422,60122322,2025-03-05,53.94,1,13963.7
6700007423,60099313,2025-03-06,92.0,1,11802.98
6700007424,60105905,2025-03-06,84.25,1,9596.23
6700007425,80989105,2025-03-07,76.0,1,11040.59
6700007426,4408788,2025-03-09,700.0,4,634.6
6700007427,81136396,2025-03-09,96.0,1,16246.98
6700007428,4521875,2025-03-10,255.0,1,3096.97
6700007429,60099430,2025-03-10,30.2,1,15363.06
6700007430,60099459,2025-03-10,175.0,1,9307.49
6700007431,60118250,2025-03-10,208.2,1,12090.56
6700007432,60118394,2025-03-10,69.6,1,12977.73
6700007433,4385833,2025-03-11,27.0,1,13162.11
6700007434,4409255,2025-03-11,122.0,1,14969.2
6700007435,4411064,2025-03-11,74.0,1,8003.99
6700007436,4623635,2025-03-11,85.0,1,14749.31
6700007437,4683494,2025-03-12,99.0,1,15854.36
6700007438,60106934,2025-03-12,78.0,1,14427.7
6700007439,60098999,2025-03-13,25.9,3,6098.28
6700007440,60099009,2025-03-13,44.0,3,13954.87
6700007441,60103067,2025-03-13,83.0,1,10704.13
6700007442,60105972,2025-03-16,90.2,1,8755.26
6700007443,60099403,2025-03-17,30.2,1,22881.15
6700007444,60101029,2025-03-17,63.2,1,10465.13
6700007445,4589067,2025-03-18,96.0,1,14704.55
6700007446,60110308,2025-03-18,66.8,1,14777.82
6700007447,60119364,2025-03-18,81.7,1,17157.47
6700007448,60120385,2025-03-19,75.4,1,12044.9
6700007449,80400754,2025-03-19,164.0,1,16131.61
6700007450,80886464,2025-03-21,91.77,1,12908.25
6700007451,60106531,2025-03-23,54.05,1,14611.04
6700007452,60117349,2025-03-23,57.2,1,32790.23
6700007453,60117629,2025-03-23,49.8,1,14470.39
6700007454,60102445,2025-03-24,105.45,1,9361.39
6700007455,60096096,2025-03-25,74.4,1,13268.26
6700007456,81346827,2025-03-25,59.0,1,11377.42
6700007457,4408302,2025-03-26,85.0,1,9000.56
6700007458,60101010,2025-03-26,63.2,1,12417.58
6700007459,80304232,2025-03-26,70.38,1,12974.16
6700007460,60098920,2025-03-27,67.06,1,12659.65
6700007461,60101941,2025-03-27,101.31,1,7795.15
6700007462,60105899,2025-03-27,84.25,1,12888.71
6700007463,60107934,2025-03-27,93.59,1,11075.08
6700007464,4407968,2025-03-30,129.0,1,7843.7
6700007465,60099814,2025-03-30,64.5,1,14539.54
6700007466,60102448,2025-03-30,105.45,1,7489.11
6700007467,60120747,2025-03-30,46.6,1,15464.07
6700007468,81089675,2025-03-31,112.99,1,12231.36
6700007469,60106230,2025-04-01,130.0,1,11435.47
6700007470,60122055,2025-04-01,56.1,1,16076.25
6700007471,60105978,2025-04-02,90.2,1,9339.39
6700007472,4663574,2025-04-03,85.0,1,14574.62
6700007473,60121272,2025-04-03,40.9,1,11631.19
6700007474,60099353,2025-04-04,63.9,1,884.06
6700007475,4411225,2025-04-06,121.0,1,7207.81
6700007476,4623928,2025-04-06,80.0,1,15609.42
6700007477,60096382,2025-04-06,97.5,1,23175.89
6700007478,60106013,2025-04-06,74.21,1,12687.25
6700007479,60121457,2025-04-06,57.0,1,14170.62
6700007480,80887815,2025-04-06,89.0,1,17483.0
6700007481,4407149,2025-04-07,102.0,1,8258.95
6700007482,60118669,2025-04-08,100.0,1,11754.14
6700007483,80304228,2025-04-08,70.38,1,12110.31
6700007484,4406358,2025-04-09,30.0,1,16517.91
6700007485,60117026,2025-04-09,107.0,1,7409.9
6700007486,60118668,2025-04-09,140.0,1,8494.92
6700007487,4521488,2025-04-10,147.0,1,7416.2
6700007488,60118396,2025-04-10,69.6,1,12246.03
6700007489,80893476,2025-04-10,62.14,1,7273.18
6700007490,60110806,2025-04-15,107.66,1,10862.6
6700007491,60106979,2025-04-21,82.0,1,15953.88
6700007492,60122410,2025-04-21,133.2,1,11532.77
6700007493,80440600,2025-04-22,96.4,1,11617.37
6700007494,81228454,2025-04-22,73.04,1,14247.37
6700007495,60101290,2025-04-23,115.0,1,7196.06
6700007496,60110954,2025-04-27,67.2,1,8362.19
6700007497,60100820,2025-04-28,63.2,1,10977.09
6700007498,60121288,2025-04-28,40.9,1,19385.32
6700007499,81014801,2025-04-28,72.8,1,17017.07
6700007500,80442171,2025-04-29,70.71,1,14716.84
6700007501,4652187,2025-04-30,110.0,1,3351.63
6700007502,81184384,2025-04-30,129.8,1,9162.48
6700007503,60120704,2025-05-02,40.9,1,16664.79
6700007504,4589213,2025-05-04,126.0,1,10503.01
6700007505,4643417,2025-05-07,190.0,1,19376.74
6700007506,60107899,2025-05-07,157.33,1,7779.04
6700007507,60119043,2025-05-07,73.2,1,16991.49
6700007508,60119589,2025-05-07,44.6,1,22309.9
6700007509,60120408,2025-05-07,35.5,1,14995.4
6700007510,60121833,2025-05-07,72.5,1,12626.48
6700007511,4589370,2025-05-08,85.0,1,12291.44
6700007512,60104430,2025-05-08,54.2,1,13952.33
6700007513,60117367,2025-05-08,37.0,1,26892.47
6700007514,4506811,2025-05-11,299.0,1,4658.96
6700007515,60121676,2025-05-11,64.5,1,20826.03
6700007516,4589574,2025-05-13,150.0,1,13266.95
6700007517,4589652,2025-05-13,250.0,4,7960.17
6700007518,60118694,2025-05-13,177.0,1,7364.28
6700007519,4522178,2025-05-14,113.0,1,15849.9
6700007520,60103063,2025-05-14,83.0,1,10789.39
6700007521,60121896,2025-05-14,120.0,1,11442.75
6700007522,4521548,2025-05-15,120.0,1,10364.81
6700007523,60101027,2025-05-19,63.2,1,11020.81
6700007524,80893509,2025-05-19,59.9,1,14119.67
6700007525,4623621,2025-05-20,147.0,1,14529.87
6700007526,60099619,2025-05-20,64.7,1,20761.66
6700007527,60104984,2025-05-20,63.8,1,9513.53
6700007528,80887804,2025-05-20,89.0,1,14534.02
6700007529,4589579,2025-05-21,146.0,1,14141.57
6700007530,60101807,2025-05-21,102.07,1,9748.42
6700007531,60101829,2025-05-21,98.15,1,9630.88
6700007532,60117710,2025-05-21,41.0,1,14075.91
6700007533,4521379,2025-05-22,86.0,1,8446.11
6700007534,4589360,2025-05-22,100.0,1,14397.96
6700007535,4589487,2025-05-22,100.0,1,12238.77
6700007536,60097376,2025-05-25,74.57,1,9740.72
6700007537,60110826,2025-05-25,76.18,1,13061.45
6700007538,4624090,2025-05-26,79.0,1,16121.87
6700007539,60122215,2025-05-26,45.1,1,30115.4
6700007540,80442211,2025-05-26,70.46,1,13415.7
6700007541,60097324,2025-05-28,78.8,1,14521.25
6700007542,4624088,2025-06-01,80.0,1,15562.71
6700007543,4663563,2025-06-03,109.0,1,15534.15
6700007544,60104294,2025-06-03,118.0,1,7765.53
6700007545,4385832,2025-06-04,27.0,3,12911.28
6700007546,4624086,2025-06-04,118.0,1,12196.94
6700007547,60094990,2025-06-04,83.91,1,13650.52
6700007548,60118895,2025-06-04,73.2,1,12926.37
6700007549,60121450,2025-06-04,57.0,1,12406.48
6700007550,60122140,2025-06-04,45.1,1,28709.92
6700007551,60104365,2025-06-05,223.0,1,10496.1
6700007552,60104367,2025-06-05,142.0,1,7014.18
6700007553,60106827,2025-06-05,83.0,1,13320.18
6700007554,80893628,2025-06-05,59.75,1,14085.84
6700007555,80972646,2025-06-05,98.97,1,16504.62
6700007556,4411059,2025-06-08,76.0,1,9829.08
6700007557,60096104,2025-06-08,82.87,1,15985.25
6700007558,60118718,2025-06-08,59.2,1,14637.36
6700007559,60100457,2025-06-09,161.63,1,10722.41
6700007560,60100773,2025-06-10,63.2,1,12134.97
6700007561,80893501,2025-06-11,67.77,1,12786.36
6700007562,4385831,2025-06-12,27.0,1,9222.35
6700007563,60096066,2025-06-12,91.31,1,15489.42
6700007564,60097236,2025-06-12,81.5,1,10998.92
6700007565,60108030,2025-06-12,95.92,1,12252.87
6700007566,60118789,2025-06-12,62.8,1,14908.48
6700007567,60121650,2025-06-12,40.6,1,18889.91
6700007568,4589510,2025-06-15,1265.0,1,2755.77
6700007569,60108341,2025-06-15,99.26,1,11037.83
6700007570,4589512,2025-06-17,1265.0,1,1417.25
6700007571,60108013,2025-06-17,82.0,1,19738.07
6700007572,4502057,2025-06-18,83.0,1,15600.21
6700007573,4406369,2025-06-19,49.0,1,11992.81
6700007574,60106412,2025-06-22,110.27,1,11471.27
6700007575,4515597,2025-06-23,87.0,1,10532.55
6700007576,60120524,2025-06-23,40.7,1,21290.7
6700007577,60121084,2025-06-23,45.1,1,28709.92
6700007578,60122244,2025-06-23,61.1,1,20018.07
6700007579,80920061,2025-06-23,77.59,1,13863.83
6700007580,60107140,2025-06-24,87.0,1,17516.1
6700007581,60117368,2025-06-24,37.0,1,20189.46
6700007582,60119708,2025-06-25,40.8,1,27097.42
6700007583,81228440,2025-06-26,73.01,1,18075.85
6700007584,60118876,2025-06-29,73.2,1,13198.54
6700007585,81028326,2025-06-29,81.36,1,18975.18
6700007586,60095077,2025-06-30,91.88,1,9376.92
6700007587,60106120,2025-06-30,75.15,1,10006.52
6700007588,60121831,2025-07-01,72.5,1,14453.83
6700007589,81346474,2025-07-01,73.2,1,10907.13
6700007590,60120502,2025-07-02,46.6,1,17261.59
6700007591,60105187,2025-07-03,63.8,1,11028.09
6700007592,60106523,2025-07-03,46.9,1,13618.8
6700007593,60119042,2025-07-03,73.2,1,12952.22
6700007594,60121439,2025-07-03,57.0,1,14357.23
6700007595,60100866,2025-07-06,63.2,1,11843.39
6700007596,4410221,2025-07-07,89.0,1,8970.81
6700007597,4623520,2025-07-07,91.0,1,13818.5
6700007598,4623666,2025-07-07,148.0,1,15044.22
6700007599,60094950,2025-07-09,119.63,1,10845.13
6700007600,60101607,2025-07-09,99.3,1,8743.83
6700007601,60104116,2025-07-09,65.5,1,11732.25
6700007602,60105470,2025-07-09,78.5,1,13921.18
6700007603,60108339,2025-07-09,103.42,1,11522.1
6700007604,60095539,2025-07-10,87.26,1,12237.71
6700007605,60120609,2025-07-10,40.9,1,19520.83
6700007606,80893490,2025-07-10,66.13,1,14186.04
6700007607,60145843,2025-07-11,80.0,1,24950.07
6700007608,4661726,2025-07-13,183.0,1,17724.09
6700007609,4623922,2025-07-14,99.0,1,14012.36
6700007610,60111007,2025-07-14,110.9,1,9899.03
6700007611,60117623,2025-07-14,49.8,1,15430.96
6700007612,60118976,2025-07-14,73.2,1,14315.61
6700007613,80992219,2025-07-14,118.09,1,12507.78
6700007614,4623622,2025-07-15,86.0,1,15086.09
6700007615,60100917,2025-07-15,63.2,1,12269.75
6700007616,60104979,2025-07-15,63.8,1,8603.47
6700007617,60107111,2025-07-15,94.0,1,12209.61
6700007618,60095082,2025-07-16,91.53,1,10031.27
6700007619,60120742,2025-07-18,46.6,1,12849.82
6700007620,60122075,2025-07-18,56.1,1,16900.22
6700007621,81304910,2025-07-18,60.4,1,15366.6
6700007622,4663780,2025-07-20,179.0,1,10872.1
6700007623,60100843,2025-07-20,63.2,1,12317.12
6700007624,60101773,2025-07-20,112.8,1,8847.54
6700007625,60119127,2025-07-20,118.0,1,13955.12
6700007626,60104632,2025-07-21,38.75,1,15452.94
6700007627,60103278,2025-07-22,72.0,1,11781.98
6700007628,60117305,2025-07-22,33.2,1,37575.4
6700007629,60117680,2025-07-22,43.9,1,16595.49
6700007630,4589478,2025-07-23,100.0,1,16866.25
6700007631,4663578,2025-07-23,84.0,1,14851.23
6700007632,60117363,2025-07-23,90.0,1,10090.92
6700007633,4407630,2025-07-24,160.0,1,12475.03
6700007634,60099402,2025-07-24,51.0,1,18981.62
6700007635,60103127,2025-07-24,98.18,1,8945.23
6700007636,60105319,2025-07-24,63.8,1,10949.87
6700007637,60119189,2025-07-24,116.3,1,12442.85
6700007638,81133055,2025-07-24,131.5,1,16468.94
6700007639,4623620,2025-07-25,101.0,1,13932.51
6700007640,4623916,2025-07-25,88.0,1,17011.41
6700007641,4385830,2025-07-28,27.0,1,12937.07
6700007642,4521478,2025-08-04,188.0,1,12016.18
6700007643,60120055,2025-08-04,100.0,1,16064.3
6700007644,4405863,2025-08-05,233.0,1,17236.37
6700007645,4407275,2025-08-05,45.0,1,12271.34
6700007646,60101035,2025-08-05,63.2,1,9849.55
6700007647,4406833,2025-08-06,132.0,1,18254.89
6700007648,60097281,2025-08-06,65.3,1,10762.84
6700007649,60100586,2025-08-06,48.0,1,26146.32
6700007650,60100906,2025-08-06,63.2,1,13026.83
6700007651,60106310,2025-08-06,91.28,1,10999.33
6700007652,80973688,2025-08-06,131.36,1,15286.52
6700007653,81221498,2025-08-06,118.0,1,13869.07
6700007654,60099418,2025-08-07,30.2,1,12633.35
6700007655,60101557,2025-08-07,92.4,1,6845.58
6700007656,60108336,2025-08-10,99.26,1,15071.41
6700007657,4510948,2025-08-11,648.0,1,495.81
6700007658,60105891,2025-08-11,84.25,1,10010.39
6700007659,60105912,2025-08-11,127.29,1,8991.92
6700007660,4406180,2025-08-12,105.0,1,9562.08
6700007661,60106482,2025-08-12,57.6,4,6972.35
6700007662,60107857,2025-08-12,121.35,1,7653.21
6700007663,80477751,2025-08-12,49.7,1,21615.7
6700007664,4515963,2025-08-13,125.0,1,12771.12
6700007665,4663675,2025-08-13,126.0,1,12351.02
6700007666,60102487,2025-08-13,81.01,1,12145.89
6700007667,60106461,2025-08-13,31.0,4,3238.77
6700007668,60106462,2025-08-13,53.0,1,6630.31
6700007669,60110324,2025-08-13,92.8,1,14064.92
6700007670,60105996,2025-08-14,97.38,1,7320.33
6700007671,60119256,2025-08-14,87.0,1,14367.85
6700007672,60120123,2025-08-14,34.1,1,22965.82
6700007673,4663576,2025-08-17,85.0,1,14646.86
6700007674,60097279,2025-08-17,65.3,1,14145.44
6700007675,60105140,2025-08-17,63.8,1,11724.04
6700007676,60106427,2025-08-18,52.04,1,12347.66
6700007677,60118888,2025-08-18,73.2,1,13716.1
6700007678,60122188,2025-08-18,45.1,1,18700.13
6700007679,60095615,2025-08-19,58.8,1,7256.94
6700007680,4624347,2025-08-20,80.0,1,16716.91
6700007681,60099274,2025-08-20,101.0,1,8250.85
6700007682,60120559,2025-08-21,40.7,1,20968.45
6700007683,60110390,2025-08-26,65.08,1,18512.95
6700007684,60118981,2025-08-26,73.2,1,13716.1
6700007685,80989098,2025-08-26,70.0,1,12908.81
6700007686,60119277,2025-08-27,77.6,1,13585.31
6700007687,4411060,2025-08-28,104.0,1,8302.46
6700007688,4623927,2025-08-28,83.0,1,15604.63
6700007689,4663540,2025-08-28,108.0,1,11806.52
6700007690,60105322,2025-08-28,63.8,1,8938.6
6700007691,60094976,2025-08-30,96.94,1,8285.69
6700007692,60120767,2025-08-31,46.6,1,17990.46
6700007693,60101554,2025-09-01,46.0,1,14617.42
6700007694,60110927,2025-09-01,67.8,1,17150.43
6700007695,60121632,2025-09-01,40.6,1,21791.59
6700007696,4589208,2025-09-02,120.0,1,10532.6
6700007697,60117352,2025-09-02,63.3,1,15734.01
6700007698,60118819,2025-09-02,59.2,1,15798.9
6700007699,60121122,2025-09-02,40.9,1,18294.28
6700007700,4624106,2025-09-03,74.0,1,16396.7
6700007701,60118760,2025-09-03,62.8,1,16100.79
6700007702,80442176,2025-09-03,66.51,1,17483.08
6700007703,80988352,2025-09-03,154.95,1,15269.72
6700007704,4408417,2025-09-04,108.0,1,8051.59
6700007705,60118889,2025-09-04,73.2,1,13813.25
6700007706,80984200,2025-09-04,80.1,1,15905.41
6700007707,81346475,2025-09-04,73.2,1,14503.91
6700007708,4652161,2025-09-07,118.0,1,14909.88
6700007709,60119264,2025-09-07,87.0,1,13365.51
6700007710,80405292,2025-09-07,63.32,1,16607.31
6700007711,4406840,2025-09-08,50.0,1,9100.17
6700007712,4623198,2025-09-08,95.0,1,16284.51
6700007713,60106285,2025-09-08,72.04,1,5614.27
6700007714,60108227,2025-09-08,63.98,1,19280.69
6700007715,60117760,2025-09-08,54.0,1,14979.7
6700007716,60105175,2025-09-09,63.8,1,9192.09
6700007717,60121283,2025-09-10,40.9,1,19406.77
6700007718,4643416,2025-09-14,91.0,1,9444.62
6700007719,60100944,2025-09-14,63.2,1,10399.28
6700007720,4521549,2025-09-16,120.0,1,10448.34
6700007721,4589578,2025-09-16,131.0,1,13121.53
6700007722,60101327,2025-09-16,85.94,1,10824.29
6700007723,60103053,2025-09-16,66.0,1,13788.13
6700007724,60110857,2025-09-16,84.78,1,10912.76
6700007725,60118840,2025-09-18,76.6,1,15444.15
6700007726,60119337,2025-09-18,81.7,1,13923.15
6700007727,80893593,2025-09-18,77.68,1,14318.27
6700007728,60117937,2025-09-21,45.1,1,17935.78
6700007729,60120158,2025-09-21,27.8,1,50920.21
6700007730,4589577,2025-09-30,170.0,1,12490.43
6700007731,80921859,2025-09-30,116.0,1,16670.57
6700007732,60105224,2025-10-01,82.0,1,9508.31
6700007733,60122068,2025-10-03,55.3,1,14190.08
6700007734,4409252,2025-10-05,128.0,1,9431.63
6700007735,60101940,2025-10-05,101.31,1,6951.22
6700007736,60102428,2025-10-05,107.17,1,7322.12
6700007737,60107088,2025-10-05,77.0,1,15025.28
6700007738,60116837,2025-10-12,94.0,1,22475.37
6700007739,60117872,2025-10-16,138.0,1,17131.85
6700007740,4663543,2025-10-17,145.0,1,6730.06
6700007741,60096183,2025-10-17,76.85,1,11127.32
6700007742,60100846,2025-10-19,63.2,1,11142.85
6700007743,81119515,2025-10-21,118.08,1,7241.99
6700007744,4521484,2025-10-22,110.0,1,9603.11
6700007745,4589249,2025-10-22,108.0,1,16301.58
6700007746,80442196,2025-10-22,70.68,1,14518.41
6700007747,4407448,2025-10-23,104.0,1,12575.5
6700007748,60119026,2025-10-23,73.2,1,13743.72
6700007749,60118979,2025-10-24,73.2,1,15392.97
6700007750,4406370,2025-10-26,63.0,1,11178.23
6700007751,60105904,2025-10-27,84.25,1,10627.61
6700007752,4589252,2025-10-28,97.0,1,18150.21
6700007753,60101763,2025-10-28,110.83,1,9349.65
6700007754,4589479,2025-10-29,100.0,1,14688.19
6700007755,4623636,2025-10-29,96.0,1,13466.27
6700007756,60105949,2025-10-29,115.1,1,10270.18
6700007757,60117745,2025-10-29,54.0,1,15183.76
6700007758,60120276,2025-10-29,70.2,1,20063.48
6700007759,60099333,2025-10-30,120.0,1,10060.4
6700007760,60122165,2025-11-02,48.5,1,20577.37
6700007761,4623637,2025-11-03,70.0,1,18819.48
6700007762,60105229,2025-11-05,82.0,1,9919.17
6700007763,60110279,2025-11-05,81.7,1,15025.01
6700007764,80845935,2025-11-05,73.45,1,14946.26
6700007765,80893599,2025-11-05,115.82,1,15510.32
6700007766,60106426,2025-11-06,45.65,1,12461.37
6700007767,81228430,2025-11-06,126.31,1,19120.94
6700007768,81045132,2025-11-08,139.46,1,13417.86
6700007769,4409738,2025-11-09,86.0,1,9283.75
6700007770,4294461,2025-11-11,46.0,3,12583.51
6700007771,81228468,2025-11-11,100.7,1,15559.72
6700007772,4623929,2025-11-12,85.0,1,16496.4
6700007773,4683492,2025-11-12,121.0,1,14433.92
6700007774,60118392,2025-11-12,69.1,1,14298.45
6700007775,60096437,2025-11-13,121.45,1,9450.0
6700007776,60108128,2025-11-13,90.0,1,11754.25
6700007777,60119028,2025-11-13,73.2,1,14520.12
6700007778,4623930,2025-11-16,102.0,1,12768.56
6700007779,60117651,2025-11-17,43.9,1,18186.84
6700007780,60121037,2025-11-17,67.2,1,14034.41
6700007781,60121443,2025-11-17,57.0,1,13131.61
6700007782,60096062,2025-11-18,90.65,1,14312.23
6700007783,60120656,2025-11-19,40.7,1,18145.5
6700007784,4589060,2025-11-20,50.0,1,14970.04
6700007785,60105943,2025-11-20,95.7,1,11419.15
6700007786,4406179,2025-11-23,108.0,1,5775.48
6700007787,60101025,2025-11-23,63.2,1,11606.52
6700007788,60101676,2025-11-23,77.3,1,9683.08
6700007789,4624105,2025-11-24,84.0,1,15445.28
6700007790,60096887,2025-11-24,123.6,1,10432.2
6700007791,4623524,2025-11-25,80.0,1,15968.04
6700007792,60100915,2025-11-25,63.2,1,11432.82
6700007793,60105242,2025-11-25,69.8,1,9436.7
6700007794,60120741,2025-11-26,46.6,1,13492.31
6700007795,81052176,2025-11-26,62.31,1,13133.72
6700007796,60110352,2025-11-27,91.66,1,16876.55
6700007797,60110330,2025-11-30,66.8,1,17330.59
6700007798,60103032,2025-12-02,90.28,1,9959.02
6700007799,60110848,2025-12-03,102.34,1,13763.83
6700007800,81119513,2025-12-03,137.35,1,16365.13
6700007801,60117374,2025-12-04,127.0,1,9478.7
6700007802,81033921,2025-12-04,98.97,1,17765.39
6700007803,4410818,2025-12-08,149.0,1,11330.94
6700007804,60106851,2025-12-10,87.0,1,13032.94
6700007805,4408412,2025-12-14,86.0,1,9293.03
6700007806,60106073,2025-12-14,55.81,1,14230.52
6700007807,60101081,2025-12-15,82.01,1,11816.0
6700007808,60109139,2025-12-16,24.0,1,25391.26
6700007809,60122224,2025-12-17,45.1,1,19160.43
6700007810,60118384,2025-12-22,69.1,1,16625.91
6700007811,60119400,2025-12-24,73.2,1,14193.45
6700007812,4407166,2025-12-25,117.0,1,6830.77
6700007813,4643397,2025-12-25,84.0,1,15817.51
6700007814,4407381,2025-12-28,112.0,1,10257.59
6700007815,4408405,2025-12-28,82.0,1,10355.49
6700007816,4623522,2025-12-28,95.0,1,15247.9
6700007817,60101177,2025-12-29,99.52,1,13852.7
6700007818,60102265,2026-01-05,61.4,1,12947.88
6700007819,60105453,2026-01-07,97.3,1,15416.24
