dealId,AssetId,date,area,rescode,pricePerMeter
9538022255,50175165,31/07/2025,73.7,1,13135.17
8846121146,50175164,06/10/2024,73.0,1,12941.46
7075026087,50175162,24/07/2024,73.7,1,8917.7
4902883819,50175170,23/05/2023,73.7,1,11593.42
8188686768,50175166,09/03/2023,73.7,1,12685.13
9697387457,50175176,23/11/2021,73.0,1,14374.4
5463413389,50175173,27/11/2017,73.7,1,12245.99
3707194485,50175179,15/07/2015,73.0,1,12347.25
3179189627,50175163,26/05/2014,73.0,1,13468.95
8795930759,50175177,21/03/2014,73.7,1,12722.27
9594153742,50175160,08/10/2013,73.0,1,14166.7
3073720709,50175180,20/12/2007,73.0,1,6150.25
4487520479,50175159,30/12/2004,73.0,1,7763.51
6461326320,50175174,24/12/2002,73.7,1,13868.6
1378354843,50175181,13/06/2001,53.0,1,13890.2
4690996288,50175172,28/10/1998,73.0,1,11934.78
3817035669,50175172,31/07/2025,73.7,1,13135.17
9712530012,50175187,11/06/2025,73.7,1,12595.45
8348685174,50175206,13/10/2024,73.7,1,10909.4
1020778812,50175191,08/07/2024,73.7,1,11250.02
1486868835,50175188,18/10/2023,73.0,1,12290.2
9877788204,50175186,20/08/2023,73.7,1,12816.69
9584495520,50175192,07/09/2022,73.0,1,12045.21
9814261398,50175189,24/02/2022,73.0,1,11713.22
9698190937,50175204,17/11/2021,73.0,1,12514.18
3463795896,50175198,28/10/2021,73.7,1,14138.65
3876368995,50175202,18/06/2020,73.7,1,13362.22
8945781368,50175197,14/05/2019,73.0,1,12396.92
9366487871,50175190,19/12/2018,73.7,1,11257.68
6683415075,50175201,25/10/2018,73.0,1,10221.58
6912523832,50175193,03/05/2018,73.0,1,12043.55
7376818383,50175195,05/11/2017,73.7,1,9283.26
2924183181,50175203,04/07/2011,73.7,1,8843.14
8714718588,50175200,16/04/2010,73.0,1,11936.64
5367508148,50175184,28/10/2002,73.0,1,8272.79
4095067840,50175184,11/06/2025,73.7,1,12595.45
3375991853,50175245,11/02/2025,42.6,1,7631.93
3945696465,50175243,18/03/2024,62.2,1,9481.84
6974085727,50175217,05/07/2023,98.8,1,7813.94
2850907706,50175237,28/06/2023,98.1,1,7745.16
9873879877,50175247,31/01/2023,32.2,1,12442.45
5986845749,50175210,25/05/2022,62.2,1,12222.85
5604104194,50175211,25/10/2021,79.8,1,9754.08
7122029013,50175235,21/07/2021,62.2,1,12324.28
6599329622,50175224,26/05/2021,32.2,1,12580.73
2184078358,50175208,10/02/2020,83.8,1,8266.95
1012304800,50175212,24/06/2019,114.7,1,9565.52
1151187976,50175240,22/10/2018,63.3,1,10504.09
2774602599,50175209,26/02/2018,62.2,1,7362.3
7100706280,50175241,06/02/2018,62.2,1,7837.29
8766503308,50175219,07/01/2018,62.2,1,7473.69
2552235772,50175216,03/05/2017,63.3,1,8443.0
8027156682,50175215,23/02/2017,63.3,1,8188.0
3741141591,50175226,08/09/2016,42.6,1,7312.65
6420840096,50175248,31/08/2016,42.6,1,9327.1
6048719216,50175244,01/07/2016,62.2,1,4843.05
7183132238,50175223,17/06/2015,42.6,1,8178.32
3253369785,50175227,18/02/2015,42.6,1,7306.64
4825185196,50175252,12/08/2014,126.0,1,11703.83
6689680876,50175221,30/01/2014,62.2,1,7198.15
4260082423,50175230,24/01/2012,42.6,1,9703.63
4049242146,50175214,26/09/2010,52.5,1,7454.92
7076921903,50175220,29/06/2010,62.2,1,8147.41
9514194947,50175250,15/12/2008,32.2,1,17360.22
6900356833,50175249,05/12/2000,42.6,1,16246.28
4221278207,50175218,29/10/2000,88.9,1,7267.8
8640709188,50175255,16/09/2025,62.2,1,11704.4
4989367290,50175259,27/05/2025,62.2,1,12797.7
7615290481,50175269,22/05/2025,62.2,1,7278.69
9959717336,50175261,24/12/2024,52.5,1,13188.16
5681679633,50175280,05/12/2024,62.2,1,10336.39
5762265663,50175289,26/11/2024,62.2,1,9495.03
3781318056,50175281,18/02/2024,62.2,1,7629.4
5090401856,50175282,19/10/2023,62.2,1,5196.18
9588212312,50175260,19/09/2023,92.9,1,7756.68
5301154665,50175299,08/12/2022,42.6,1,8414.88
2335498368,50175279,02/12/2022,62.2,1,11272.23
2899753755,50175262,20/10/2022,103.5,1,6539.1
8412859226,50175265,30/01/2022,63.3,1,10717.04
5059725879,50175266,14/11/2021,62.2,1,10519.11
5085075537,50175288,16/06/2021,62.2,1,9013.15
3005897964,50175254,16/12/2020,52.5,1,12246.97
3072754511,50175291,06/09/2020,62.2,1,9011.33
1650195458,50175298,25/08/2020,32.9,1,11534.77
2690444385,50175277,18/03/2020,42.6,1,8769.95
9574498482,50175256,23/02/2020,62.2,1,9433.02
6703304953,50175295,04/09/2019,42.6,1,7939.63
5271468279,50175296,23/07/2018,42.6,1,8484.39
4812933719,50175263,16/11/2017,63.3,1,7979.87
9547363140,50175283,23/03/2017,52.5,1,10780.84
6042042678,50175294,09/03/2016,32.9,1,10304.51
4640353787,50175292,23/12/2012,42.6,1,10053.66
5921032930,50175290,08/08/2012,62.2,1,8503.88
1323265306,50175286,07/10/1999,63.3,1,12014.39
7198468931,50175308,09/12/2025,76.1,1,9845.6
5822980794,50175311,23/12/2024,96.1,1,8234.03
6537935673,50175322,30/10/2024,32.9,1,13441.11
4471865461,50175336,02/09/2024,62.2,1,9094.21
9293449647,50175314,04/07/2024,62.2,1,9428.54
3941666688,50175310,02/07/2024,63.3,1,11660.74
1007236405,50175346,02/06/2024,42.6,1,10226.94
5364310981,50175301,04/03/2024,52.5,1,12810.38
1258210479,50175318,14/06/2023,32.9,1,13010.84
2424607514,50175326,06/06/2023,62.2,1,11183.15
2105544400,50175339,27/04/2023,42.6,1,10217.42
1933377594,50175307,18/11/2021,62.2,1,13297.74
9633755222,50175337,23/07/2021,62.2,1,8078.1
9818034379,50175309,19/04/2020,91.2,1,8282.66
3540835809,50175324,16/01/2020,42.6,1,8969.28
5019771241,50175319,21/11/2019,32.9,1,11262.83
2416879767,50175320,11/02/2019,42.6,1,9793.48
9776080715,50175340,09/01/2018,32.9,1,10675.68
9824674510,50175334,18/05/2015,98.1,1,5449.77
4102831081,50175344,09/05/2013,32.9,1,10733.83
7088078891,50175302,14/08/2011,62.2,1,6571.15
4208789187,50175332,24/07/2011,78.0,1,9661.19
2363752575,50175321,30/06/2011,42.6,1,7665.14
8065449340,50175327,27/02/2011,62.2,1,10496.52
4784134102,50175330,11/12/2009,81.3,1,7547.23
6458368461,50175303,17/12/2003,62.2,1,8512.03
2567631014,50175317,10/09/2001,42.6,1,17809.94
6185206405,50175315,08/02/1998,62.2,1,13590.14
1420164695,50175351,17/04/2024,52.5,1,11154.81
2132305453,50175355,03/11/2023,52.5,1,13303.97
2859653746,50175350,29/08/2023,62.2,1,9836.6
9143057197,50175357,30/07/2023,97.5,1,8160.06
9298318551,50175349,28/03/2022,62.2,1,11933.31
1509211919,50175360,09/08/2021,62.2,1,11139.59
1279353290,50175363,14/08/2019,62.2,1,7790.97
7141217251,50175366,23/12/2018,32.9,1,11123.2
4157634521,50175348,26/11/2017,87.0,1,6107.22
9505502188,50175359,30/10/2016,63.3,1,8198.13
7467481333,50175362,10/11/2013,62.2,1,8635.29
9657762493,50175381,05/06/2025,62.2,1,11049.02
9797435938,50175396,09/06/2023,32.9,1,12848.19
4053342607,50175380,26/12/2022,52.5,1,6004.69
2179450097,50175393,21/07/2022,32.9,1,10501.72
5906009045,50175394,01/09/2021,42.6,1,8965.05
8657724146,50175397,01/02/2019,32.9,1,12235.97
9107296002,50175377,27/06/2018,62.2,1,8688.8
6568141846,50175389,24/06/2018,62.2,1,6340.47
5311943652,50175384,16/04/2018,63.3,1,6296.24
2298373310,50175387,07/03/2018,62.2,1,7825.72
4866740182,50175383,03/07/2017,91.4,1,5621.19
8037305179,50175379,24/11/2014,52.5,1,10433.07
3806004122,50175390,18/04/2013,62.2,1,5430.91
6870959337,50175382,29/03/2011,62.2,1,7188.95
9534449337,50175405,01/04/2025,62.2,1,10675.56
4366512447,50175404,17/03/2025,62.2,1,12696.57
1802745008,50175418,07/01/2025,42.6,1,8309.35
1519454959,50175400,01/04/2024,62.2,1,8258.97
7555047116,50175412,03/12/2023,62.2,1,9502.9
5420019330,50175410,06/07/2022,62.2,1,8010.01
3114745911,50175401,17/11/2021,62.2,1,10916.06
1794876838,50175419,20/04/2021,32.9,1,12093.51
6095241427,50175409,13/11/2018,63.3,1,5022.33
3959041595,50175403,01/05/2018,52.5,1,9489.55
9285348886,50175417,26/04/2018,42.6,1,9009.18
4065243770,50175402,26/03/2018,52.5,1,9552.58
6596991272,50175406,05/06/2017,63.3,1,10325.97
2869842850,50175421,13/03/2014,42.6,1,10152.28
7535562008,50175413,07/05/2009,62.2,1,8946.51
4515856583,50175428,17/01/2024,80.2,1,12478.03
2283962813,50175434,19/06/2023,62.2,1,9290.62
6786154645,50175430,26/07/2021,106.4,1,4238.0
9619415460,50175433,07/07/2021,62.2,1,9735.15
8293770222,50175429,03/03/2020,92.6,1,6861.81
3139186034,50175444,19/08/2019,42.6,1,6248.06
4373509953,50175442,05/11/2018,32.9,1,11910.25
6666484456,50175443,22/08/2018,32.9,1,11631.03
9755146253,50175432,02/03/2017,86.8,1,5773.51
9093789380,50175427,08/11/2016,62.2,1,9572.86
9361048202,50175423,24/07/2014,62.2,1,12559.18
6631494867,50175436,23/06/2013,62.2,1,7356.2
5984590438,50175435,09/12/2005,62.2,1,8571.06
2960794469,50175431,30/04/2004,63.3,1,9289.6
7137035139,50175424,14/12/1999,62.2,1,7981.14
1455431021,50175468,01/12/2025,42.4,1,11780.67
2848340621,50175467,18/11/2025,53.0,1,10789.73
3349922404,50175491,27/04/2025,53.0,1,11219.71
3683319545,50175456,17/02/2025,40.5,1,12528.0
1433762667,50175481,26/11/2024,53.0,1,9840.04
1298183008,50175455,15/01/2024,36.8,1,14885.11
2486500155,50175484,18/07/2023,42.4,1,12138.64
1233497486,50175449,17/07/2023,53.0,1,10115.53
1620921658,50175471,06/12/2022,36.8,1,4813.27
2161439198,50175454,03/07/2022,43.8,1,8654.85
6278671185,50175464,14/04/2022,35.5,1,6880.81
9004227177,50175489,23/11/2021,53.0,1,10248.73
5359807881,50175457,11/11/2021,53.0,1,6987.77
2902635668,50175485,24/11/2020,53.0,1,8854.27
9516125408,50175483,29/06/2020,53.0,1,11414.08
2702973362,50175486,21/06/2020,42.4,1,8958.72
6970582368,50175451,18/03/2020,53.0,1,10012.87
2339875513,50175492,17/04/2019,42.4,1,10103.53
9744973302,50175477,13/12/2016,53.0,1,8412.46
1622118212,50175458,14/07/2015,42.4,1,9767.29
3073465890,50175465,11/05/2015,53.0,1,9621.66
2396444827,50175476,01/06/2011,42.4,1,5535.31
7839055188,50175473,26/05/2005,53.0,1,6734.78
5484878204,50175869,15/01/2026,41.6,1,9735.58
2407579572,50175883,12/01/2026,41.6,1,12019.23
3502888568,50175878,25/11/2025,48.1,1,9336.83
9625310732,50175863,06/11/2025,41.6,1,9236.32
8650000569,50175871,07/08/2025,48.1,1,9914.95
9115759451,50175886,04/08/2025,41.6,1,11826.18
5696362852,50175843,15/07/2025,41.6,1,11395.47
5785280707,50175851,30/06/2025,41.5,1,8856.11
4820005161,50175877,05/06/2025,41.6,1,10055.9
5290450521,50175889,16/05/2025,41.6,1,10643.86
3382213432,50175853,28/04/2025,48.1,1,11641.52
4072288278,50175840,27/11/2024,41.5,1,10854.24
1497101477,50175855,04/09/2024,41.6,1,12310.69
7804591993,50175848,02/05/2024,41.6,1,8838.1
3713749371,50175854,23/08/2023,41.6,1,11611.27
3039864336,50175876,29/03/2023,41.6,1,9903.54
1090129022,50175857,23/02/2023,48.1,1,9863.84
6986377880,50175873,02/11/2022,41.6,1,11554.13
1271527514,50175859,06/10/2022,41.6,1,10676.63
2126757833,50175874,11/09/2022,48.1,1,9923.16
9795149831,50175864,17/11/2021,48.1,1,11292.79
6572581815,50175842,02/11/2017,41.6,1,9448.01
7163124402,50175870,06/11/2016,48.1,1,7427.43
3547273922,50175845,23/09/2016,41.6,1,7702.4
2820252204,50175884,31/07/2016,48.1,1,7553.06
6436129498,50175875,27/07/2015,48.1,1,11479.78
9323045326,50175881,02/09/2013,48.1,1,9107.36
6274692013,50175850,23/06/2011,48.1,1,9122.28
4720472398,50175927,04/01/2026,48.1,1,12162.16
5877990089,50175907,24/07/2025,41.6,1,7197.13
5001715109,50175949,06/06/2024,41.6,1,11641.83
5555795987,50175910,24/08/2023,41.6,1,8927.78
2892274233,50175941,04/06/2023,41.6,1,9775.33
5795003085,50175945,06/02/2023,41.6,1,7071.14
9014417398,50175930,22/01/2023,41.6,1,10898.17
5090237962,50175936,19/12/2022,48.1,1,10083.03
4950720782,50175916,29/09/2022,48.1,1,9923.16
7741802265,50175953,27/06/2022,41.6,1,10602.03
6470155321,50175918,09/05/2022,41.6,1,11637.2
5872226580,50175944,29/12/2021,48.1,1,11311.88
4212753883,50175932,06/10/2021,48.1,1,11484.31
6349682883,50175921,18/08/2021,41.6,1,9962.65
1842716254,50175922,28/07/2021,41.6,1,10220.12
5461520059,50175947,04/02/2021,48.1,1,14642.33
9714481463,50175940,11/12/2020,48.1,1,10053.9
9443136954,50175924,08/10/2020,48.1,1,11547.66
6774326776,50175942,14/09/2020,41.6,1,9498.94
5336228876,50175904,05/07/2020,41.6,1,10145.57
2143893697,50175954,15/03/2020,48.1,1,7355.26
6615775752,50175948,01/02/2020,48.1,1,11169.45
4727720367,50175952,07/05/2019,41.6,1,12530.42
3443703047,50175914,29/11/2018,41.6,1,9952.58
4614025481,50175912,27/11/2018,48.1,1,10452.12
9487196654,50175937,18/08/2016,41.6,1,10091.94
4592240353,50175931,16/02/2016,48.1,1,6492.55
1436133524,50175925,23/09/2014,41.6,1,9073.15
8653665204,50175934,07/08/2014,41.6,1,8810.08
6053591218,50175908,27/05/2014,48.1,1,7531.06
1872806783,50175943,31/12/2013,48.1,1,8295.71
8463135670,50175939,05/06/2006,48.1,1,9883.81
8422104108,4604881,06/03/2024,26.0,3,3183.65
2535096700,4604884,01/11/2023,21.0,3,7675.38
5676310548,4604896,24/11/2021,22.0,3,6172.54
3582694205,4604890,19/07/2021,22.0,3,11712.31
4258509951,4604893,12/12/2017,21.0,3,3850.86
8019081058,4604898,30/10/2016,24.0,3,3088.94
7961419395,50177056,02/09/2025,71.5,1,9899.18
8168673163,50177052,19/08/2024,71.5,1,11324.8
3608460436,50177061,03/05/2024,71.5,1,10427.17
1136671163,50177059,18/03/2024,71.5,1,11142.77
6101706472,50177062,17/03/2024,71.5,1,10708.63
6698215471,50177064,22/06/2023,71.5,1,10776.25
1837570624,50177058,14/11/2022,71.5,1,13888.04
6455072952,50177049,16/06/2020,71.5,1,14265.27
6082284337,50177075,07/03/2018,71.5,1,9696.01
4812712288,50177054,14/11/2017,71.5,1,11299.44
4663695136,50177066,05/04/2017,71.5,1,10284.54
3710438352,50177063,02/12/2013,71.5,1,12525.69
8495763929,50177060,13/03/2013,71.5,1,11032.85
3219050893,50177053,24/11/2011,71.5,1,10262.1
4368415050,50177065,10/02/2011,71.5,1,10309.46
1677097245,50177083,18/12/2025,59.5,1,8954.06
4056362340,50177079,08/07/2025,59.5,1,10567.09
1279810836,50177095,30/06/2025,59.5,1,11968.9
9786190992,50177086,06/06/2024,59.5,1,7662.7
8093737581,50177101,13/02/2024,59.5,1,9465.55
1135767170,50177081,07/02/2024,59.5,1,7712.68
8026632661,50177100,05/12/2023,59.5,1,7159.72
3098056489,50177082,17/07/2023,59.5,1,11172.98
4625272713,50177104,04/01/2022,59.5,1,12201.59
9703279793,50177093,30/12/2021,59.5,1,10770.27
6563784059,50177085,05/12/2021,59.5,1,10465.45
6958875939,50177099,22/11/2021,59.5,1,11535.89
1203243735,50177090,27/01/2021,59.5,1,7801.2
7966075864,50177077,22/11/2020,59.5,1,8095.16
8731520045,50177098,16/07/2020,59.5,1,10876.49
8124255764,50177105,04/09/2018,59.5,1,9170.2
5684660111,50177096,18/12/2017,59.5,1,10502.35
6593358883,50177097,15/11/2017,59.5,1,6091.89
3318965998,50177089,27/09/2017,59.5,1,7437.67
8973868459,50177094,09/05/2017,59.5,1,9843.53
5472182335,50177102,20/11/2016,59.5,1,8255.99
5056811350,50177108,18/09/2016,59.5,1,6980.82
5058887408,50177106,15/06/2016,59.5,1,7684.78
9637190385,50177092,02/07/2014,59.5,1,7556.52
7139610638,50177080,20/08/2008,59.5,1,9492.75
2829820299,50177118,16/02/2026,44.4,1,10135.14
5073154612,50177141,19/01/2026,28.8,1,10625.0
3175052640,50177150,19/09/2025,38.0,1,9978.25
6495445924,50177116,29/07/2024,44.4,1,10475.67
9221484072,50177127,24/07/2024,44.4,1,10247.94
8956713518,50177143,16/06/2024,44.4,1,12094.27
2158311459,50177113,17/03/2024,44.4,1,12933.56
4735673667,50177131,25/12/2023,44.4,1,9594.68
4667250793,50177130,10/09/2023,44.4,1,11384.97
7672930053,50177121,04/06/2023,44.4,1,14943.41
9604328941,50177144,21/11/2022,28.8,1,10637.14
2025896685,50177128,05/09/2022,44.4,1,10272.31
1993963611,50177115,06/04/2021,44.4,1,4480.59
3346807684,50177140,22/10/2020,44.4,1,11102.6
1390845360,50177155,30/10/2019,44.4,1,7902.09
3592212672,50177132,07/06/2019,28.8,1,13839.37
1026239378,50177153,01/01/2019,28.8,1,12594.67
6359897207,50177111,06/02/2018,28.8,1,13335.94
8715356235,50177125,04/01/2018,44.4,1,11134.65
2209073914,50177139,03/11/2013,44.4,1,12500.44
7298350840,50177149,03/07/2012,44.4,1,11770.6
9748552630,50177152,06/04/2011,44.4,1,8475.24
9048870277,50177177,02/12/2025,71.5,1,11177.62
1987320016,50177174,08/07/2025,71.5,1,10608.14
1560413628,50177165,30/03/2025,71.5,1,9664.48
1477669170,50177179,02/12/2021,71.5,1,11499.28
9012052774,50177169,20/05/2021,71.5,1,11442.19
7829895925,50177163,22/12/2020,71.5,1,8609.87
6144341833,50177172,08/01/2020,71.5,1,8906.55
8728011878,50177186,06/01/2020,71.5,1,11875.4
1779995501,50177178,21/09/2019,71.5,1,10064.82
9666811162,50177175,01/08/2019,71.5,1,9104.24
9652871647,50177161,30/05/2019,71.5,1,11948.19
7849084017,50177185,06/09/2017,71.5,1,10619.05
3734650377,50177176,03/05/2017,71.5,1,9624.98
6955863170,50177167,11/02/2014,71.5,1,10738.79
2093751694,50177164,07/01/2013,71.5,1,11041.15
6375874494,50177184,15/12/2011,71.5,1,10128.03
5327065563,50177829,27/04/2025,44.0,1,11712.7
5355870603,50177840,27/10/2024,44.0,1,11420.78
9826099597,50177833,28/05/2024,44.0,1,8472.07
9787058496,50177827,20/05/2024,44.0,1,13114.31
8221534309,50177821,23/08/2023,44.0,1,6001.27
9881027738,50177832,17/05/2023,44.0,1,10923.18
3161636061,50177809,23/05/2022,44.0,1,11180.31
2745586894,50177799,11/04/2022,44.0,1,9987.63
3167920051,50177830,19/11/2021,44.0,1,12064.5
1370201562,50177806,12/05/2021,44.0,1,11396.05
3377898069,50177811,16/02/2020,44.0,1,5012.62
6088589838,50177802,24/10/2019,44.0,1,4947.08
3816200585,50177838,02/10/2019,44.0,1,11358.78
7886831066,50177826,27/02/2018,44.0,1,11414.82
6044425286,50177834,01/08/2016,44.0,1,12097.23
8982218018,50177807,11/03/2016,44.0,1,6304.06
4656719069,50177828,08/11/2015,44.0,1,11912.59
8255008430,50177815,26/08/2015,44.0,1,8493.96
4017578787,50177839,16/10/2013,44.0,1,9913.75
2443172230,50177852,06/02/2026,53.5,1,13271.02
9671235478,50177861,30/12/2025,63.0,1,9038.58
7544033669,50177849,28/03/2024,53.5,1,8993.06
1366770557,50177860,30/03/2022,63.0,1,9848.82
8551763333,50177853,20/09/2021,53.5,1,12849.33
8871040228,50177862,19/07/2021,63.0,1,10613.58
7499766227,50177850,16/03/2021,53.5,1,9995.52
1369600089,50177848,29/03/2020,53.5,1,8464.46
6366035467,50177865,11/12/2019,63.0,1,4356.9
6461155115,50177854,28/05/2019,53.5,1,11367.16
6857240669,50177857,15/07/2014,63.0,1,9644.21
4791600360,50177866,15/03/2013,63.0,1,8922.62
5218912482,50177847,09/11/2012,53.5,1,7237.64
7082516132,50177864,31/01/2012,63.0,1,8858.03
7933594516,50177846,30/06/2010,53.5,1,7750.08
6736447203,50177868,11/12/2005,63.0,1,10960.12
2607534218,50177888,14/08/2025,53.5,1,5630.01
8349737401,50177882,02/06/2024,63.0,1,8684.41
5522669724,50177875,09/05/2024,63.0,1,7619.16
8604614340,50177876,19/09/2022,63.0,1,8670.6
1432441421,50177873,14/09/2022,63.0,1,9091.5
1519056527,50177878,18/07/2022,63.0,1,5157.58
6886950368,50177893,23/05/2022,53.5,1,14314.97
5775450675,50177894,13/04/2022,53.5,1,14934.76
8519024916,50177880,01/12/2021,63.0,1,11419.41
3974248183,50177872,08/08/2021,63.0,1,11812.82
7912180486,50177884,20/01/2019,53.5,1,10156.17
2738251547,50177891,11/04/2014,53.5,1,10109.59
2452950154,50177889,10/10/2013,53.5,1,8459.12
8810597061,50177890,17/02/2011,53.5,1,6692.21
5222852208,50178261,20/06/2025,60.8,1,8354.71
4876934556,50178247,11/05/2025,60.8,1,9819.29
6199709013,50178245,04/06/2024,60.8,1,9831.85
8938008158,50178236,11/04/2024,60.8,1,10138.98
4023732399,50178262,10/03/2024,60.8,1,9615.09
2252592942,50178246,25/04/2023,60.8,1,9079.6
7945978072,50178237,09/01/2023,60.8,1,9537.56
6688725584,50178244,04/07/2022,60.8,1,8907.01
9642025157,50178258,02/08/2021,60.8,1,10762.97
3853849527,50178263,27/08/2020,60.8,1,8322.23
1987282480,50178233,25/08/2020,60.8,1,11327.47
2222229390,50178243,21/02/2019,60.8,1,10473.39
8325820148,50178255,23/07/2018,60.8,1,8820.32
4785466004,50178257,03/11/2017,60.8,1,7182.7
7534852761,50178235,25/06/2017,48.2,1,9643.28
1674569417,50178240,06/04/2016,60.8,1,10109.53
7967522872,50178260,19/11/2010,60.8,1,5910.66
9239095095,50178285,27/01/2026,60.8,1,10690.79
7328074932,50178306,09/07/2025,60.8,1,9766.64
5708944448,50178310,27/05/2025,60.8,1,9901.12
7729855420,50178303,26/01/2025,60.8,1,9784.21
1237575748,50178271,19/11/2024,60.8,1,10783.82
2475059510,50178266,13/11/2024,60.8,1,7408.73
6376875557,50178299,21/08/2024,58.1,1,13326.99
7528598970,50178289,13/06/2024,60.8,1,8998.64
5025881483,50178274,30/04/2024,60.8,1,9885.5
4802362712,50178278,20/02/2024,60.8,1,9434.71
8306381688,50178275,03/01/2024,60.8,1,9702.45
8078966345,50178287,10/11/2023,60.8,1,9808.82
5453425123,50178284,08/08/2023,48.2,1,5923.73
5435503246,50178294,22/11/2022,60.8,1,8687.32
7407943804,50178291,31/01/2022,60.8,1,9787.46
6783953728,50178270,05/09/2021,60.8,1,9409.58
3112150938,50178272,15/07/2021,60.8,1,8687.92
8916834585,50178302,22/04/2020,60.8,1,9400.05
8175169058,50178295,26/06/2018,60.8,1,9249.23
6369171052,50178281,24/10/2017,48.2,1,10053.91
6926815721,50178277,18/07/2017,60.8,1,8331.27
5174531899,50178292,08/06/2017,60.8,1,9078.24
7625554019,50178296,06/09/2016,60.8,1,7075.54
4468370352,50178298,24/07/2016,60.8,1,8963.04
6122248045,50178311,18/07/2016,60.8,1,7469.21
3935012672,50178308,23/05/2013,60.8,1,10271.47
6554872561,50178288,23/12/2012,60.8,1,4696.11
4297079280,50178268,29/04/2012,48.2,1,9712.02
6307020778,50178283,14/06/2010,60.8,1,10418.77
7756065287,4647270,26/10/2005,100.0,1,12467.87
2543404293,4610995,30/01/2023,103.0,1,12283.51
7535224739,4600894,10/12/2017,110.0,1,9757.63
1800803564,50178316,08/02/2012,110.0,1,11821.25
1551951547,4607825,13/07/2015,74.0,1,9875.99
4527270505,4642661,08/10/2024,99.0,1,11674.57
8611064874,4642662,07/12/2016,60.0,1,13669.07
5913173451,4642659,05/08/2016,70.0,1,12209.19
4966557131,4642660,23/06/2002,60.0,1,17342.56
5441996554,4610748,12/11/2020,111.0,1,12274.0
4924129271,4610749,17/12/2018,111.0,1,9610.32
1845902515,4609525,01/10/2013,117.0,1,12116.8
4371540275,4618478,02/03/2023,117.0,1,14762.2
5214368014,4618480,06/02/2020,117.0,1,9425.45
1383080164,4618479,03/09/2018,163.0,1,10042.22
5603346552,4618477,14/05/2013,159.0,1,10275.17
7202218388,4618476,27/04/2011,163.0,1,8435.24
9474590454,4646728,22/07/2021,180.0,1,10020.53
7178789495,4646729,15/02/2004,120.0,1,12865.66
5364356949,4646727,01/06/2003,90.0,1,14804.94
9447889914,4607812,10/09/2014,118.0,1,11670.03
2221884313,4607811,17/07/2003,100.0,1,16706.41
7959064734,50178369,30/12/2012,142.4,1,9089.71
3091070882,50178373,06/08/2025,71.8,1,16780.26
6221932368,50178407,22/10/2025,66.1,1,7914.38
1314431587,50178398,24/06/2025,66.1,1,9417.67
6644339609,50178377,31/12/2024,66.1,1,9127.96
1078548402,50178402,12/12/2024,66.1,1,8679.05
7629055568,50178385,20/11/2024,66.1,1,8480.5
1268106985,50178397,15/03/2024,66.1,1,9392.0
1201967352,50178391,15/02/2024,66.1,1,8047.07
4404515673,50178405,23/04/2023,66.1,1,8351.58
6623614237,50178381,29/03/2023,66.1,1,9908.54
3936020391,50178380,20/10/2021,66.1,1,9686.48
4776671819,50178396,08/08/2021,66.1,1,8929.4
5416503214,50178382,04/02/2019,66.1,1,9301.42
7405255768,50178386,16/08/2016,66.1,1,9504.36
6524502158,50178404,28/01/2016,66.1,1,6231.33
6167160355,50178403,16/11/2015,66.1,1,8626.56
3252533042,50178378,21/09/2014,66.1,1,8734.75
8477259823,50178383,07/02/2011,66.1,1,8602.74
1490149466,50178399,21/07/2010,66.1,1,7567.85
1538480432,50178421,30/12/2025,66.1,1,8085.7
4342029229,50178430,03/06/2025,66.1,1,9266.99
7330181731,50178413,29/09/2024,66.1,1,9413.41
9939158399,50178439,04/12/2023,66.1,1,8861.65
2723955234,50178428,23/05/2023,66.1,1,9290.86
8975075436,50178415,17/08/2022,66.1,1,8751.83
7555939261,50178412,23/12/2021,66.1,1,11341.17
2421500081,50178409,22/02/2021,66.1,1,6556.93
1747446229,50178437,15/05/2019,66.1,1,8543.18
2782127789,50178433,21/02/2019,66.1,1,8858.5
6145232663,50178435,29/11/2018,66.1,1,8053.26
6739052280,50178414,03/11/2017,66.1,1,8368.58
7478871449,50178434,20/08/2017,66.1,1,8506.2
7856769119,50178423,21/05/2015,66.1,1,7341.5
3367434460,50178422,31/01/2013,66.1,1,10379.16
4581960723,50178411,28/06/2012,66.1,1,10106.23
4032933467,50178425,09/03/2007,66.1,1,6047.4
3994130221,50178444,16/02/2026,66.2,1,9290.03
4743378385,50178456,31/07/2024,54.5,1,7606.66
3387050449,50178443,15/11/2023,54.5,1,9858.28
2233984612,50178458,20/09/2023,54.5,1,4677.02
4322475951,50178455,31/03/2023,66.2,1,6542.52
9424802100,50178449,27/11/2022,66.2,1,9382.93
6873078967,50178448,20/10/2022,54.5,1,13097.43
7171401915,50178460,29/08/2022,66.2,1,12056.04
8498317144,50178451,13/04/2022,54.5,1,11519.15
4915755686,50178459,18/11/2020,66.2,1,8356.84
2613597525,50178447,13/09/2017,22.3,1,14462.14
3997387201,50178445,24/01/2017,66.2,1,7645.27
4850387249,50178453,23/10/2012,54.5,1,7735.1
8249446821,50178476,20/03/2024,34.6,1,11961.68
6915954360,50178484,17/05/2022,28.7,1,13244.97
4962896312,50178464,23/08/2021,34.6,1,16131.65
1445379412,50178469,11/12/2019,28.7,1,8919.73
1482298262,50178471,02/12/2018,34.6,1,13702.57
8480822169,50178480,24/06/2011,66.4,1,8913.32
1500682887,50178485,26/08/2010,66.4,1,7097.03
6830714853,50178502,22/05/2025,34.6,1,13228.61
7999031943,50178504,03/04/2025,66.4,1,9104.75
4148949420,50178489,12/09/2022,34.6,1,13488.36
4645103270,50178500,12/06/2022,28.7,1,13638.58
7729307675,50178509,18/02/2021,28.7,1,13921.7
8419471725,50178498,06/09/2020,66.4,1,8441.34
8104739890,50178496,01/07/2020,34.6,1,13824.55
9153325881,50178492,26/05/2020,66.4,1,10057.24
5188683382,50178499,27/05/2018,66.4,1,8981.57
3260490354,50178508,07/02/2017,34.6,1,11299.04
5201301422,50178506,13/07/2016,28.7,1,10496.1
8218003580,50178505,07/07/2016,66.4,1,6292.13
8298255971,50178497,17/02/2014,28.7,1,12768.68
4868046683,50178490,30/12/2010,34.6,1,9637.85
3130199300,50178511,05/07/2006,66.4,1,4219.23
9297817981,50178514,04/07/2025,66.2,1,9648.36
7266456406,50178524,16/05/2025,66.2,1,8567.41
2365326518,50178517,11/09/2022,54.5,1,9925.59
5130662630,50178528,28/10/2021,66.2,1,10809.71
5805243094,50178515,23/12/2020,54.5,1,11170.01
4959217145,50178525,13/02/2020,54.5,1,8820.15
4717284179,50178532,28/07/2019,54.5,1,8750.55
1643420517,50178533,25/07/2019,66.2,1,9823.65
2181379880,50178526,23/03/2017,30.0,1,10563.26
5586845475,50178523,21/01/2016,66.2,1,6293.16
6613141916,50178531,10/02/2013,22.3,1,10092.42
9519943227,50178519,19/12/2011,66.2,1,7813.49
1153617751,50178545,02/02/2026,66.2,1,7552.87
2087904868,50178549,07/01/2026,66.2,1,8836.86
2590327950,50178539,04/08/2024,66.2,1,9555.83
4437456426,50178553,19/05/2024,54.5,1,9557.04
7782829401,50178543,01/03/2021,54.5,1,9444.16
1266116538,50178538,01/04/2020,54.5,1,6563.97
5407800708,50178554,16/12/2011,66.2,1,6250.79
2881658755,50178542,06/04/2011,22.3,1,12980.36
1336900089,50178548,01/12/1999,54.5,1,12291.33
5897182662,4602617,25/10/2020,130.0,1,12817.9
1417898385,50178647,11/07/2016,92.7,1,13553.62
8974784641,50178656,30/04/2025,96.0,1,7525.97
3749009168,50178651,23/01/2023,84.0,1,14246.06
7031960254,50178657,13/04/2022,64.4,1,17369.78
4361236970,50178653,02/08/2020,85.4,1,11356.17
6643851806,50178650,07/04/2011,92.42,1,16778.72
6593846328,50178659,14/08/2011,100.1,1,12147.43
3425808784,50178664,26/04/2021,173.0,1,10349.39
9579074264,50178663,07/06/2018,99.4,1,11021.06
1590576407,50178667,04/03/2020,101.8,1,13901.29
8121842991,50178675,06/08/2020,76.4,1,15637.47
1129834313,50178672,01/03/2020,68.3,1,14503.75
3357909105,50178674,19/03/2017,142.0,1,8293.52
3573628318,50178676,18/07/2011,111.5,1,11507.72
8775381349,50178671,09/12/2010,148.0,1,7675.32
3176554357,50178669,30/11/2010,64.4,1,14711.56
4164405954,50178680,25/12/2012,140.6,1,11507.6
4779461394,50178682,23/08/2021,104.4,1,11675.86
1918427405,50178687,21/08/2011,101.1,1,12128.35
5847459669,50178691,09/01/2018,98.7,1,12709.15
7180975697,4606536,14/09/2022,116.0,1,14355.7
3074823799,4606538,19/05/2019,100.0,1,10859.7
4514683143,4606535,18/02/1998,80.0,1,14193.59
7791597813,50178695,14/02/2023,93.3,1,17515.74
5265242829,4645008,12/12/2010,120.0,1,11474.23
3529079590,4599173,26/01/2015,100.0,1,10967.88
9396922527,50178782,17/09/2010,80.0,3,27955.98
1249219475,50178794,14/10/2021,106.5,1,12377.61
8176718877,50178796,04/02/2014,106.5,1,10158.99
1691050944,50178795,20/05/2012,106.5,1,11378.66
6490871802,50178799,01/10/2020,106.5,1,13168.94
1324210198,50178800,08/07/2018,106.5,1,12416.18
8793385034,50178801,28/03/2016,106.5,1,10128.59
2029704828,50178805,26/10/2022,106.5,1,6821.59
4050042514,50178804,23/12/2021,106.5,1,13056.17
2899997119,50178803,13/03/2016,106.5,1,10128.59
3761579311,50178811,13/12/2022,106.5,1,13859.8
4014384436,50178809,04/04/2021,106.5,1,14943.73
4734443667,4598197,21/03/2011,150.0,1,12478.67
5230677936,4599305,03/11/2010,133.0,1,15966.45
7733404996,4598855,01/05/2011,144.0,1,11780.55
6859848049,4644204,16/08/2020,175.0,1,9678.09
3316425048,4644837,11/03/2004,243.0,1,6912.71
3364496426,50178880,29/09/2025,101.0,1,17519.58
6783730661,50178879,29/08/2019,101.0,1,13319.83
3860810183,4611639,05/11/2017,212.0,1,8239.77
9741228655,4611640,16/06/2015,179.0,1,9777.22
4790374806,4604787,10/08/2021,165.0,1,10731.51
2670169482,4604788,09/11/2018,165.0,1,9723.37
6880100861,4610735,06/10/2019,105.0,1,18316.63
3425824970,4610738,11/05/2017,110.0,1,12645.57
6367898421,4599373,07/02/2011,150.0,1,12004.64
5912563208,4599374,04/08/2008,160.0,1,9364.1
8638049824,4642657,23/06/2015,230.0,1,6653.65
8551183873,4642658,28/05/2008,128.0,1,10426.04
7142619422,4611001,25/10/2013,330.0,1,6741.35
9977000688,4596904,01/08/2016,100.0,1,10495.63
2371513200,4603462,13/08/2013,111.0,1,15550.64
3738978369,4603463,14/03/2005,75.0,1,15006.46
3830169159,4657710,07/07/2015,197.0,1,9068.31
7142875608,4657711,17/09/2003,160.0,1,13341.67
8007538157,4657712,24/04/2022,176.0,1,7782.57
5754512936,4657746,13/05/2012,176.0,1,9315.52
6232190044,4597516,15/07/2015,162.0,1,13032.51
1588833381,4597517,17/07/2003,157.0,1,13264.85
5788571261,4611196,26/07/2018,180.0,1,8978.73
7760190966,4657748,11/05/2003,80.0,1,19451.11
4917396552,4644743,01/11/2021,148.0,1,11510.94
9697395016,50179462,08/01/2026,82.04,1,9751.34
1992178696,50179442,06/08/2025,83.32,1,10845.14
7265749379,50179443,13/11/2024,82.04,1,10737.22
3059102325,50179454,26/01/2024,83.32,1,9482.19
8074489314,50179448,03/01/2018,83.32,1,7084.77
3327889813,50179461,29/11/2016,83.32,1,8932.91
2806703481,50179450,15/01/2013,83.32,1,7106.12
6184332836,50179458,29/10/2012,82.04,1,7887.01
4659728810,50179479,31/08/2025,55.8,1,8996.58
1758676539,50179472,14/07/2025,55.8,1,10999.49
1831023334,50179473,10/03/2025,55.8,1,8397.92
1453645815,50179470,19/01/2025,55.8,1,11453.9
5741840154,50179488,30/12/2024,55.8,1,10812.87
1752492631,50179481,24/05/2022,55.8,1,10018.2
4362219605,50179469,24/02/2022,55.8,1,11335.38
8574610791,50179482,11/02/2018,55.8,1,7412.53
6362263123,50179476,03/05/2017,55.8,1,9761.5
2232167401,50179487,03/03/2015,55.8,1,10876.63
4645243196,50179477,13/03/2013,55.8,1,8394.94
6884766923,50180093,14/10/2024,68.0,1,9163.49
2583364773,50180107,05/02/2024,66.0,1,9955.56
9098791737,50180112,09/08/2022,39.0,1,15107.91
7768490197,50180092,25/08/2020,68.0,1,13228.53
3224101367,50180113,15/05/2020,83.0,1,10271.23
7478778337,50180082,28/10/2019,39.0,1,12851.75
8463710226,50180117,02/08/2018,83.0,1,8369.59
5310876641,50180100,14/06/2018,68.0,1,8162.5
3584743699,50180116,22/11/2016,68.0,1,7990.17
6377561576,50180091,11/11/2015,68.0,1,6773.82
6159920331,50180105,15/02/2015,66.0,1,9381.51
9515486522,50180089,08/09/2013,35.0,1,18252.66
4706764696,50180094,30/04/2013,68.0,1,10211.36
7619341018,50180142,02/07/2025,56.0,1,9267.17
5689765026,50180133,04/06/2024,56.0,1,9227.18
7966730757,50180143,16/03/2023,55.0,1,9123.26
9923284737,50180125,03/06/2018,55.0,1,9295.1
6228384052,50180140,30/03/2016,55.0,1,8965.78
7905351634,50180139,13/11/2015,56.0,1,9076.25
7686769085,50180131,22/05/2015,55.0,1,12262.68
6990045676,50180137,11/12/2014,55.0,1,9278.14
3771694960,50180141,02/06/2014,53.0,1,8131.98
5002332966,50180128,16/01/2014,55.0,1,10023.93
7559558489,50180132,06/11/2012,53.0,1,9095.86
5579375231,50180145,14/09/2011,56.0,1,3683.22
7411860279,50180167,03/03/2025,68.0,1,9653.82
1566434982,50180153,29/09/2024,83.0,1,10587.88
7654578097,50180158,26/02/2024,66.0,1,10350.62
3872614898,50180173,19/02/2024,68.0,1,9816.13
1066966411,50180174,14/02/2024,68.0,1,11349.9
3254213244,50180151,10/09/2023,83.0,1,11143.89
5727137297,50180185,03/09/2023,83.0,1,10366.42
2826272967,50180170,11/04/2022,66.0,1,8733.77
6639287487,50180159,24/02/2022,68.0,1,9904.57
9215887492,50180156,06/02/2022,68.0,1,9301.68
8121200587,50180183,23/12/2021,83.0,1,11071.41
6170526398,50180152,28/11/2021,68.0,1,9531.12
1691304989,50180162,11/11/2021,66.0,1,9730.16
1441769037,50180163,18/08/2021,68.0,1,8491.21
9060751654,50180165,14/03/2021,68.0,1,8650.53
4075648005,50180182,29/11/2019,66.0,1,10404.98
6249946066,50180168,14/08/2019,66.0,1,9862.92
4566498905,50180177,05/08/2019,68.0,1,7445.54
8512299257,50180154,18/05/2015,68.0,1,8708.79
9949338822,50180172,06/07/2014,35.0,1,15822.02
6010871753,50180180,06/03/2012,66.0,1,8669.93
9520949533,50180171,15/02/2011,35.0,1,11132.12
9595193716,50180184,22/12/2010,66.0,1,6193.48
3956943223,50180216,27/10/2025,68.0,1,4697.32
4222774758,50180211,30/06/2025,66.0,1,8672.86
5990902144,50180191,23/01/2025,35.0,1,17277.52
3321338746,50180224,04/01/2024,83.0,1,10343.71
2828649033,50180214,11/11/2022,68.0,1,9320.98
5721612178,50180208,10/03/2022,68.0,1,10830.19
7668073324,50180198,17/02/2020,35.0,1,18177.65
3061764355,50180201,25/12/2019,66.0,1,11743.94
8832301583,50180192,17/12/2018,83.0,1,9246.56
7885187902,50180202,24/04/2017,68.0,1,9126.92
4942801485,50180197,10/11/2016,68.0,1,7005.08
8086182009,50180200,01/01/2014,68.0,1,6971.49
8058635220,50180212,14/12/2012,35.0,1,13596.37
6688365182,50180196,15/11/2012,83.0,1,8257.44
2822284964,50180213,19/10/2012,35.0,1,14845.75
2895510515,50180220,24/09/2012,39.0,1,14226.11
9541361207,50180219,17/03/2011,68.0,1,8410.87
2074695167,50180237,27/11/2024,90.0,1,8341.68
5333194644,50180239,23/11/2022,90.0,1,9976.9
6736935211,50180240,11/07/2022,90.0,1,10349.55
4236267695,50180235,02/01/2022,90.0,1,10579.15
6999366983,50180250,29/07/2021,90.0,1,9018.48
6784362124,50180247,03/08/2020,90.0,1,11088.09
4547095556,50180253,04/06/2018,90.0,1,7465.58
7018698277,50180234,18/10/2016,90.0,1,7413.45
1444272678,50180231,28/10/2015,90.0,1,11922.25
1919845099,50180249,23/12/2013,90.0,1,9852.44
4445952488,50180243,08/07/2009,90.0,1,8575.43
3400947484,50180263,03/02/2026,68.0,1,9558.83
3098173289,50180281,07/08/2025,68.0,1,10335.48
1836679505,50180265,27/06/2025,66.0,1,8073.75
3279809698,50180274,04/06/2025,68.0,1,8788.35
1330947410,50180275,09/01/2024,66.0,1,9576.44
2702326765,50180264,09/11/2022,35.0,1,18109.33
4979467003,50180288,29/12/2021,83.0,1,10197.35
4520615382,50180285,02/08/2021,68.0,1,10095.1
6932012086,50180272,09/02/2020,68.0,1,9356.14
2438309275,50180284,23/12/2019,68.0,1,7738.45
9208136495,50180276,02/12/2019,68.0,1,8365.89
9997161097,50180256,06/02/2019,39.0,1,10885.17
5390956430,50180283,11/11/2018,68.0,1,9350.41
4865529443,50180261,11/02/2018,68.0,1,9123.95
8848131799,50180262,17/09/2017,83.0,1,8712.12
8232484320,50180292,25/06/2017,83.0,1,7875.11
8320827315,50180257,15/04/2016,35.0,1,12249.28
5406846288,50180273,27/08/2014,66.0,1,8421.64
4801131120,50180311,28/11/2025,68.0,1,9539.73
9805548114,50180301,30/10/2025,83.0,1,10302.82
3895283652,50180297,07/03/2025,83.0,1,10168.92
1091610518,50180314,16/02/2025,66.0,1,9165.46
3960875624,50180324,18/07/2024,68.0,1,9813.9
3187304875,50180325,18/04/2024,39.0,1,15806.4
4989149242,50180307,07/03/2024,68.0,1,10194.69
9861741466,50180320,12/02/2024,68.0,1,10736.39
1457046804,50180308,11/02/2024,66.0,1,9402.48
7757726277,50180296,28/01/2024,35.0,1,17606.96
9416758358,50180304,21/11/2023,66.0,1,7196.24
6901625662,50180322,16/07/2023,68.0,1,8041.84
4430460968,50180302,17/01/2023,68.0,1,10388.29
2402938871,50180319,28/11/2022,68.0,1,10175.4
6684241497,50180300,08/07/2021,68.0,1,8241.68
6027949519,50180312,25/06/2018,66.0,1,9627.06
2730419266,50180330,28/05/2017,68.0,1,5706.17
1524066696,50180310,27/05/2016,35.0,1,12264.89
4818771562,50180298,13/12/2015,68.0,1,8112.98
1383209986,50180316,30/07/2015,66.0,1,8661.61
2283009421,50180328,05/01/2015,68.0,1,9369.37
1151875399,50180329,20/10/2014,83.0,1,7238.58
4162572092,50180295,21/10/2013,39.0,1,11277.95
7548591073,50180305,27/03/2013,68.0,1,11573.17
1608187703,50180306,30/07/2012,66.0,1,9593.45
3620894940,50180318,14/08/2011,35.0,1,14597.33
7060764645,50180607,24/07/2025,81.0,1,11273.73
6870330740,50180605,05/06/2025,81.0,1,10206.06
7846883307,50180603,01/09/2024,68.0,1,8912.71
8366059037,50180598,04/02/2024,74.0,1,10500.11
4433836890,50180608,11/10/2023,81.0,1,8007.0
1239529233,50180600,18/09/2022,68.0,1,9670.87
4714359259,50180604,03/12/2020,81.0,1,9288.97
2940567714,50180601,18/06/2018,81.0,1,8385.26
8218021167,50180609,23/10/2017,68.0,1,6169.16
4716562895,50180599,05/02/2015,74.0,1,9045.72
2108620752,50180606,13/08/2013,68.0,1,10688.05
6860025507,50180616,15/01/2025,83.0,1,8766.53
2782012042,50180614,03/05/2023,83.0,1,10809.12
6251579754,50180619,21/12/2022,91.0,1,9616.46
5407045772,50180618,19/01/2021,68.0,1,10439.84
2010949259,50180620,08/03/2017,91.0,1,7693.66
1090363689,50180623,12/10/2015,91.0,1,5455.64
7965176012,50180629,16/07/2024,81.0,1,9674.39
1564009664,50180635,05/03/2024,81.0,1,9580.42
5109417782,50180628,18/07/2023,68.0,1,9461.0
2152337677,50180627,07/11/2021,74.0,1,9759.28
9142498443,50180636,29/10/2020,81.0,1,8314.49
5026633364,50180634,31/01/2019,68.0,1,8746.38
6183082134,50180637,31/08/2014,68.0,1,9323.41
7286137142,50180630,16/12/2013,81.0,1,11385.04
5011048971,50180631,14/06/2012,68.0,1,9228.46
2391738718,50180641,20/01/2025,83.0,1,7818.8
1648903924,50180649,14/11/2024,68.0,1,8243.55
1455409980,50180645,18/07/2024,83.0,1,10720.41
7646295700,50180640,13/05/2021,68.0,1,10866.81
4410281013,50180648,15/03/2020,91.0,1,9097.41
4259985343,50180650,18/11/2019,91.0,1,7845.19
7586350593,50180646,27/05/2014,68.0,1,10679.6
9146350298,50180647,26/08/2010,91.0,1,7225.23
9978854854,50180658,08/01/2026,81.0,1,11234.57
4763202933,50180663,29/08/2023,81.0,1,7818.58
4995311481,50180661,03/03/2023,81.0,1,9390.03
2562223218,50180660,25/03/2021,81.0,1,9077.72
7043658255,50180662,03/12/2019,68.0,1,11565.84
3387436392,50180657,02/07/2019,81.0,1,8028.7
9212597903,50180655,14/02/2019,74.0,1,10880.1
4612330536,50180659,16/12/2018,68.0,1,10022.52
3300994368,50180665,30/10/2012,68.0,1,6920.32
2592416234,50180654,11/07/2011,74.0,1,9632.97
2976597338,50180664,06/09/2010,81.0,1,7388.66
1431067008,50180674,13/06/2023,68.0,1,11016.16
6527147420,50180678,18/08/2022,91.0,1,7063.44
6713876644,50180677,04/08/2022,68.0,1,4726.28
9961659286,50180679,16/02/2022,91.0,1,10683.49
1358845952,50180676,04/07/2021,91.0,1,9202.53
1110800404,50180668,17/03/2021,68.0,1,10223.35
4765926528,50180675,27/10/2016,91.0,1,6843.19
3671629947,50180671,14/05/2002,68.0,1,15570.84
4772740963,50180682,16/12/2025,74.0,1,11070.01
7678705018,50180685,14/03/2024,81.0,1,10346.85
5222598873,50180689,18/08/2021,81.0,1,11643.09
5548725691,50180683,08/03/2021,74.0,1,9936.43
5806000887,50180692,30/03/2020,81.0,1,6813.7
4762869670,50180693,24/02/2019,68.0,1,9364.44
3023589315,50180688,01/08/2011,81.0,1,8073.59
7634872816,50180697,24/06/2025,74.0,1,9421.74
2326703265,50180702,07/11/2024,81.0,1,9268.54
9393886519,50180699,27/06/2024,81.0,1,10006.72
3969771360,50180703,03/08/2023,81.0,1,9806.35
4777585171,50180701,04/05/2023,68.0,1,11308.71
7414799142,50180698,30/06/2016,68.0,1,5603.48
3521696446,50180707,02/10/2003,80.0,1,10865.29
9890627520,4662670,21/05/2014,170.0,1,12166.12
1791713759,4596928,14/04/2016,155.0,1,10409.55
5407452513,4598815,17/11/2009,100.0,1,8254.82
2716913317,4603140,18/03/2019,180.0,1,7703.4
4891099105,4600297,16/08/2021,296.0,1,6979.11
6558510178,4619459,10/07/2025,201.0,1,10625.5
5315290437,4606392,04/09/2010,200.0,1,6653.53
1302434702,4606391,08/08/2002,179.0,1,9677.73
3356857019,4600083,19/01/2012,150.0,1,14330.32
8271727710,4600082,04/01/2005,289.0,1,7167.49
2491567183,4596068,29/03/2012,200.0,1,8000.8
6211482206,4596069,23/08/2001,205.0,1,9312.11
4964895229,4599840,18/09/2000,150.0,1,12690.28
4349226386,4598198,05/08/2024,266.0,1,5707.64
5026462250,4598199,17/05/2000,266.0,1,9886.76
3441299226,4597105,06/12/2011,164.0,1,11038.94
1425147010,4598548,08/07/2013,196.0,1,10246.96
9556540154,4603152,29/07/2019,180.0,1,10349.01
6129700518,4619711,11/12/2013,239.0,1,9275.32
4964304446,4613199,02/08/2018,172.0,1,9840.34
7075289269,4644133,11/07/2018,170.0,1,11062.57
7319935872,4644134,05/12/2007,100.0,1,18218.99
7839061041,4600279,24/06/2013,163.0,1,12964.47
6501674378,4599955,14/10/2014,170.0,1,13429.68
2623551354,4642889,05/02/2014,150.0,1,11750.02
1839452083,4601068,30/03/2014,149.0,1,12190.91
9221876841,4601069,02/02/1998,147.0,1,15384.43
2946525924,4613202,24/05/2012,150.0,1,12966.89
6920241669,4602487,06/12/2023,127.0,1,14843.04
3774544680,4602486,29/05/2022,123.0,1,12725.55
1318630963,4602489,20/03/2018,123.0,1,13191.34
7207208575,4602488,08/06/2003,124.0,1,14602.21
5761571865,4600169,30/06/2021,207.0,1,11085.12
1877040627,4600178,25/07/2016,178.0,1,9346.19
3426670928,4600280,09/06/2013,156.0,1,11779.31
6267772907,4599946,02/02/2014,150.0,1,12797.05
3212706985,4598948,13/05/2012,190.0,1,9969.04
6901524165,4598992,12/12/2018,287.0,1,6711.04
4498757764,4602030,01/12/2010,163.0,1,9371.21
9579082842,4602008,25/06/2023,243.0,1,9027.94
9084172507,4602768,31/01/2000,130.0,1,14887.53
6539465321,50181363,25/09/2025,105.0,1,18296.64
9371972151,50181371,26/04/2018,150.0,1,8955.13
8331231058,50181375,10/11/2020,56.0,1,18799.55
1540337622,50181378,13/11/2018,145.0,1,9585.85
3083366938,50181382,04/12/2025,124.3,1,14466.62
2129732642,50181381,25/08/2015,56.0,1,18860.82
9086287362,50181385,23/03/2014,170.0,1,8853.27
5174726921,50181576,28/11/2024,62.0,1,11027.17
8266450229,50181578,23/12/2018,62.0,1,9080.72
9301859602,50181574,12/07/2018,62.0,1,8531.12
4659847262,50181575,24/08/2014,62.0,1,7396.1
5271468736,50181585,16/11/2025,62.0,1,10462.93
9938427477,50181589,29/06/2021,62.0,1,10514.2
8029758494,50181586,03/09/2018,62.0,1,8015.54
2534947532,50181587,13/03/2016,62.0,1,11184.62
5072801018,50181584,21/02/2014,62.0,1,9710.37
5450200697,50181582,23/05/2013,62.0,1,10462.39
8538546715,50181605,12/11/2025,62.0,1,9625.89
3941214442,50181601,05/03/2025,62.0,1,9553.15
5205368666,50181602,16/08/2024,62.0,1,10203.16
7089619816,50181595,14/05/2024,62.0,1,9801.1
4618828229,50181600,15/04/2024,62.0,1,9379.32
8513144392,50181604,04/09/2017,62.0,1,9307.08
3397629046,50181596,16/08/2012,62.0,1,11267.77
4998617943,50181606,18/08/1999,62.0,1,13560.94
3044020601,50181614,19/03/2025,62.0,1,10588.07
9236490161,50181615,07/03/2025,62.0,1,10349.24
3614718670,50181620,28/10/2021,77.0,1,14021.84
2368050823,50181613,04/03/2021,62.0,1,10026.75
3840832886,50181619,06/08/2018,77.0,1,9270.26
8513831627,50181617,27/12/2017,62.0,1,7897.09
6251431555,50181616,26/11/2012,62.0,1,8431.26
7689231584,50181612,01/11/2012,62.0,1,10929.41
4624026290,50181622,14/02/2012,77.0,1,8845.83
5220964949,50181623,09/12/2010,77.0,1,8382.15
7725277694,50181660,09/05/2025,62.0,1,10431.68
2436740786,50181658,25/11/2024,81.0,1,10133.6
3880522174,50181655,18/07/2024,81.0,1,9986.47
9872332348,50181661,12/11/2023,63.0,1,11768.9
2318354591,50181628,25/10/2023,81.0,1,9608.39
2310583414,50181639,13/11/2022,63.0,1,10999.74
6073294020,50181638,23/05/2022,63.0,1,10647.91
2947031856,50181654,20/04/2022,81.0,1,10709.83
1821736093,50181666,19/12/2021,62.0,1,10335.98
6993285550,50181632,22/09/2020,81.0,1,7784.78
1566429124,50181665,22/09/2019,63.0,1,9366.68
1857653244,50181648,19/12/2017,81.0,1,8531.54
2831482061,50181651,15/11/2017,81.0,1,9524.91
4937409982,50181627,22/03/2017,81.0,1,8898.25
4251548518,50181634,17/01/2017,81.0,1,7516.41
2750236667,50181635,17/01/2017,63.0,1,6214.23
6260062683,50181643,27/01/2015,81.0,1,9693.31
2811782561,50181659,13/05/2014,63.0,1,10678.39
6378541872,50181633,06/05/2013,81.0,1,8719.59
7819666104,50181664,05/05/2013,62.0,1,9892.81
4658719359,50181678,23/12/2025,77.0,1,10379.23
1452033660,50181677,10/07/2023,77.0,1,10165.45
7496147581,50181675,01/07/2022,77.0,1,9846.29
8834852622,50181679,28/03/2022,77.0,1,9940.87
9791759183,50181669,15/10/2020,62.0,1,8958.74
3707782533,50181676,21/09/2020,77.0,1,8935.32
6554993009,50181721,15/02/2026,78.0,1,10128.2
3518634296,50181707,22/12/2025,83.0,1,9929.83
5924171824,50181724,02/07/2025,63.0,1,5148.43
5089790362,50181701,29/06/2025,78.0,1,10598.6
6701444363,50181729,07/04/2025,66.0,1,9009.76
9231575565,50181705,20/02/2025,78.0,1,10104.74
7791607432,50181719,22/09/2024,83.0,1,9127.48
2295950487,50181717,29/08/2024,78.0,1,10640.6
5024870492,50181702,14/08/2024,83.0,1,10609.32
9259338176,50181711,01/05/2024,83.0,1,10274.44
1880294289,50181697,22/03/2024,78.0,1,11806.03
1866414351,50181716,08/05/2023,78.0,1,11638.95
4060788652,50181699,10/01/2023,83.0,1,10035.23
7396404162,50181725,13/11/2022,66.0,1,7842.8
5007091318,50181713,29/06/2022,78.0,1,10743.39
4732887133,50181714,13/09/2021,83.0,1,11810.1
5758961859,50181720,06/07/2021,78.0,1,12057.67
7725554468,50181700,17/02/2021,78.0,1,11286.8
4029357118,50181685,15/05/2020,65.0,1,9836.68
8167582397,50181686,15/04/2019,66.0,1,9747.12
7186812655,50181722,09/11/2017,83.0,1,9996.93
6428474846,50181727,11/09/2017,66.0,1,8326.68
5113712956,50181712,26/06/2017,78.0,1,10614.56
1401720500,50181696,21/02/2017,78.0,1,8733.27
7485908447,50181723,01/02/2017,64.0,1,7172.91
5219879700,50181728,03/02/2016,65.0,1,8888.3
8472540387,50181730,28/03/2014,65.0,1,9581.25
8619941626,50181698,11/09/2013,83.0,1,10335.84
8080978212,50181747,01/01/2025,63.0,1,9208.43
4681830156,50181756,24/12/2024,81.0,1,11967.04
6174509760,50181746,20/05/2024,63.0,1,11671.89
5815280360,50181742,31/07/2023,63.0,1,10722.47
7380646622,50181736,26/07/2022,62.0,1,11355.0
9584635091,50181751,10/08/2021,81.0,1,11088.66
1972206285,50181752,03/08/2021,81.0,1,11088.66
1237546507,50181743,22/12/2019,63.0,1,8804.1
7989197478,50181753,14/08/2016,81.0,1,8329.86
4796378499,50181755,13/06/2014,81.0,1,8194.22
9081495460,50181737,13/01/2000,62.0,1,12792.55
9845330301,50181763,02/02/2025,77.0,1,8956.48
5590954946,50181759,09/07/2021,77.0,1,10373.77
6701435448,50181762,12/07/2019,77.0,1,8445.79
4989310309,50181760,07/07/2019,77.0,1,8821.15
6087339040,50181775,12/05/2025,62.0,1,9629.24
4326281743,50181795,16/01/2025,81.0,1,11532.22
2560578578,50181788,12/09/2024,63.0,1,9058.9
8212621271,50181779,09/09/2024,62.0,1,9449.4
1182363508,50181774,26/06/2024,63.0,1,10292.62
4932735778,50181777,19/03/2024,62.0,1,10780.75
1482985268,50181786,17/12/2023,63.0,1,8790.55
2517035307,50181789,30/06/2023,81.0,1,11626.22
9214576583,50181784,29/03/2023,63.0,1,10982.97
6288823488,50181787,17/02/2022,63.0,1,4108.92
9533889068,50181773,27/12/2021,62.0,1,13651.29
6127013363,50181796,07/07/2021,81.0,1,12406.37
1635091023,50181785,25/06/2021,63.0,1,10864.68
4152107422,50181783,27/07/2020,63.0,1,11835.41
9046514179,50181793,23/04/2019,81.0,1,9322.56
3025573635,50181790,10/04/2019,81.0,1,12011.76
8229540762,50181791,27/03/2019,81.0,1,10000.9
3771868737,50181794,11/03/2018,81.0,1,8376.72
1164014192,50181778,31/10/2013,63.0,1,11539.82
6722244222,50181792,17/12/2012,81.0,1,11726.46
7143501110,50182159,27/03/2023,90.3,1,14155.23
2211501698,50182162,13/07/2022,74.4,1,12082.88
8195125604,50182163,13/05/2018,71.8,1,9183.62
4496193009,50182166,04/04/2013,65.7,1,9968.99
8064708026,50182165,10/07/2011,67.9,1,11698.19
2999876150,50182172,17/07/2016,94.3,1,11236.81
7163443487,50182188,07/08/2025,72.0,1,11853.0
1592219206,50182183,02/07/2023,96.3,1,15031.49
8520523409,50182182,20/12/2020,109.0,1,12801.59
9995611224,50182185,15/08/2012,90.0,1,11310.7
6397250063,50182190,26/09/2011,73.9,1,11722.53
5022199125,50182184,02/12/1999,90.2,1,13759.06
7689310181,50182194,06/11/2018,122.7,1,10845.98
1273537704,50182195,07/10/2014,122.7,1,10492.52
5754606387,50182243,25/01/2026,65.5,1,10839.7
7246551907,50182220,27/03/2024,51.2,1,11013.74
7165176119,50182223,25/04/2023,65.5,1,12966.29
3295434605,50182227,25/10/2018,65.5,1,12745.49
5805334359,50182222,21/06/2018,64.0,1,12096.07
2213149738,50182219,18/03/2018,47.8,1,11787.9
6754009853,50182236,07/09/2016,77.5,1,11542.0
4237708531,50182234,21/08/2016,64.0,1,10542.48
4188389807,50182237,17/04/2011,66.1,1,10478.69
9658079021,80437954,19/01/2026,73.4,1,11580.38
1744542279,80437974,16/09/2025,73.0,1,13851.1
6639591052,80437955,13/06/2025,72.7,1,11371.27
7912423798,80437950,28/01/2025,72.9,1,11060.14
7425340378,80437959,24/05/2023,84.7,1,11979.24
2680984446,80437978,18/05/2023,72.2,1,11094.65
2104221647,80437934,27/02/2023,90.1,1,14393.25
3063943077,80437943,28/07/2022,77.0,1,12237.53
9651307130,80437973,06/07/2022,72.8,1,14356.92
7692174643,80437958,05/07/2022,89.4,1,13326.64
9712986922,80437960,12/05/2022,85.8,1,12704.9
6105862248,80437961,21/12/2021,86.8,1,12091.15
8071336238,80437957,17/11/2019,90.1,1,10638.84
9485378083,80437965,05/08/2019,76.9,1,12039.01
5048033895,80437944,31/05/2007,84.0,1,9829.24
9111766582,4601875,06/12/2011,60.0,1,10345.07
5891554382,4617062,19/09/2023,80.0,1,11024.04
1698001088,4598437,05/11/2020,115.0,1,12206.08
3843553262,4602671,28/01/2011,99.0,1,9664.74
9806397371,4602669,23/12/2024,81.0,1,12211.27
7842184407,4602668,27/01/2019,60.0,1,15174.79
6441546055,4602670,13/11/2007,60.0,1,11994.18
9460745844,4602672,26/02/2003,60.0,1,16232.04
6786044251,4600250,18/01/2026,60.0,1,16666.67
3908481227,4598903,09/08/2022,106.0,1,14149.09
4811590674,4602742,19/01/2012,66.0,1,13622.57
7665743002,4602741,23/09/1998,60.0,1,17386.28
5347223273,4642906,29/09/2024,61.0,1,16559.14
1815506844,4642905,31/10/2011,60.0,1,11387.43
2699829989,4642904,03/05/2008,60.0,1,10964.48
4849195266,4599424,14/02/2020,60.0,1,12606.54
6718142201,4599425,24/01/2018,80.0,1,9223.48
2945176957,4601850,12/10/2012,140.0,1,10994.25
9283625400,50187989,03/05/2020,144.6,1,10317.4
5104774007,50187987,08/01/2020,111.7,1,13302.69
3446521167,50187998,06/05/2021,79.2,1,12329.06
3631731462,50187999,12/11/2002,91.0,1,14771.42
6650870481,50188006,28/11/2024,131.9,1,13356.8
6398150037,50188004,17/02/2020,126.3,1,9515.0
9031040004,50188010,11/12/2025,161.0,1,11293.05
8167143386,50188013,14/08/2025,77.8,1,17938.12
5992681090,50188011,08/06/2021,130.4,1,12697.68
7424468376,50188016,27/10/2021,157.0,1,12314.54
2180453713,50188025,30/09/2022,137.1,1,12765.25
7742920140,50188024,06/01/2022,111.4,1,14390.83
4542313620,50188022,03/12/2019,137.1,1,11410.81
6905906705,4497758,24/08/2025,117.0,1,11044.21
8662741490,4500016,16/05/2023,104.0,1,12837.07
8069775054,4515271,02/03/2023,117.0,1,14762.2
7840546317,4497759,12/12/2022,120.0,1,11861.26
2109812035,4504247,14/09/2022,116.0,1,14355.7
4617808525,4500017,01/12/2021,100.0,1,14509.38
4239881068,4508183,12/11/2020,111.0,1,12274.0
3936442507,4515270,06/02/2020,117.0,1,9425.45
1573592862,4504248,19/05/2019,100.0,1,10859.7
2301947618,4508182,17/12/2018,111.0,1,9610.32
9002962721,4515268,03/09/2018,163.0,1,10042.22
1761260385,4497647,27/08/2014,100.0,1,13895.72
7166212066,4506990,01/10/2013,117.0,1,12116.8
8710429953,4515269,14/05/2013,159.0,1,10275.17
1026642519,4500014,30/05/2011,75.0,1,12337.45
5354183056,4515267,27/04/2011,163.0,1,8435.24
8475395195,4538769,12/12/2010,120.0,1,11474.23
5731510456,4500013,26/05/2009,75.0,1,12242.41
3720224840,4500015,07/07/2003,70.0,1,14618.7
6163182026,4497646,17/01/2000,110.0,1,15562.09
8499378865,4504246,18/02/1998,80.0,1,14193.59
5872365268,4501026,04/09/2025,149.0,1,11875.69
1789746950,4499353,22/07/2024,149.0,1,11536.38
8436769074,4499976,31/05/2024,149.0,1,11561.84
5074690829,4501027,06/03/2024,149.0,1,12499.55
2296600850,4500996,30/01/2024,148.0,1,12455.84
2983779967,4500573,20/12/2022,148.0,1,13179.18
3813805273,4500305,14/11/2022,149.0,1,11839.93
2344303690,4503941,18/10/2022,151.0,1,11625.45
9512243956,4497391,01/03/2022,148.0,1,11754.41
5279233938,4499979,30/01/2022,106.0,1,16617.26
6319848085,4500995,22/12/2021,149.0,1,12172.29
1050981218,4538199,04/03/2021,120.0,1,14705.91
9523610072,4500306,10/02/2021,150.0,1,11738.27
8853784981,4499563,07/01/2021,149.0,1,11911.23
9349561322,4652860,13/12/2020,120.0,1,13110.12
5489303869,4497989,17/05/2020,147.0,1,11598.8
9973088552,4500371,13/10/2019,167.0,1,10461.7
4088359667,4538231,28/11/2018,149.0,1,10420.15
9114316597,4501434,09/10/2018,120.0,1,14406.36
2307894832,4501342,13/09/2018,138.0,1,12278.21
6773018118,4501447,05/08/2018,140.0,1,10670.35
7574869617,4503388,13/06/2018,158.0,1,10954.94
4977568163,4497389,23/02/2018,148.0,1,11478.33
5370710968,4499980,08/01/2018,106.0,1,13072.98
1937736743,4501239,02/11/2017,149.0,1,8675.54
4585388409,4503389,26/04/2017,150.0,1,9216.32
3883554922,4497991,24/04/2017,170.0,1,9256.69
3318907895,4500368,28/12/2016,160.0,1,9319.82
3976394854,4500037,06/04/2016,142.0,1,9739.32
9215254353,4501433,13/03/2016,152.0,1,9428.44
2911004849,4500994,15/07/2015,250.0,1,6301.32
7980676617,4500387,09/07/2015,154.0,1,9491.21
6422410471,4499567,15/02/2015,130.0,1,12744.03
8975767124,4501379,08/12/2014,135.0,1,10949.36
8758531406,4538197,21/10/2014,127.0,1,12151.19
6018523975,4496618,25/08/2014,145.0,1,10781.16
6007980200,4499566,12/08/2014,180.0,1,8192.68
4583251253,4497390,30/01/2014,148.0,1,10546.56
4229101494,4499354,08/01/2014,148.0,1,10795.7
6038280217,4501237,31/12/2013,149.0,1,10462.11
6272361729,4538230,17/01/2012,150.0,1,11574.49
6565419526,4499352,09/02/2011,150.0,1,10038.96
3571636252,4499569,20/01/2011,130.0,1,10631.2
3403889177,4499977,13/05/2010,147.0,1,11474.4
7006716897,4499983,17/07/2009,147.0,1,10319.49
1414103216,4500369,28/04/2009,110.0,1,16288.6
7948699680,4503942,17/02/2009,130.0,1,10935.02
8553057405,4500372,12/02/2009,120.0,1,12063.42
7061109729,4501238,11/09/2008,149.0,1,9882.52
2454788406,4538229,13/07/2008,180.0,1,6969.76
2176005480,4499981,27/03/2008,149.0,1,9657.13
8652803810,4496617,15/03/2007,140.0,1,12308.71
9427145443,4501378,21/07/2005,120.0,1,13372.87
3349972462,4501236,20/05/2004,127.0,1,14420.48
3867821555,4499982,24/07/2001,100.0,1,18600.49
5364444041,4500992,18/01/2001,110.0,1,19422.12
7064507755,4500993,07/02/1999,136.0,1,15592.45
1955742199,4501025,07/06/1998,100.0,1,17253.09
9086367221,4499978,26/02/1998,120.0,1,16480.32
3681405302,50176081,27/07/2016,73.79,3,1538.58
2401435231,50176089,14/10/2015,54.6,3,4399.72
5905280570,50176087,14/12/2004,54.6,3,6448.97
9895428502,4516204,10/07/2025,201.0,1,10625.5
2847461495,4497835,01/09/2021,223.0,1,5708.68
8742760375,4500653,03/01/2019,200.0,1,8811.17
8051785642,4511752,21/11/2017,146.0,1,7776.99
8536725667,4498131,20/11/2017,274.0,1,7437.84
9179404943,4540488,11/01/2017,124.0,1,11992.67
6804766234,4495141,14/04/2016,155.0,1,10409.55
8187111424,4540750,23/12/2015,137.0,1,11447.84
7922028042,4497378,05/06/2014,120.0,1,16722.6
9991320550,4556645,21/05/2014,170.0,1,12166.12
9000928252,4511755,27/03/2014,150.0,1,9445.52
2366343258,4495517,08/12/2013,187.0,1,9957.82
7547911835,4497836,21/11/2013,220.0,1,7015.06
9624823863,4500698,28/10/2012,350.0,1,4817.87
9302362923,4494379,29/03/2012,200.0,1,8000.8
7006133337,4511754,29/08/2011,129.0,1,9346.82
4887516546,4536408,25/08/2011,274.0,1,6563.47
8241546564,4537876,24/03/2011,175.0,1,11587.34
8441861195,4500652,14/03/2011,80.0,1,10918.84
9638719428,4515017,14/09/2010,280.0,1,7532.14
9667734994,4496812,17/11/2009,100.0,1,8254.82
1635671253,4540751,24/08/2009,138.0,1,11238.52
3348144695,4498130,23/02/2006,180.0,1,11584.94
1396072568,4494380,23/08/2001,205.0,1,9312.11
9412941003,4497824,18/09/2000,150.0,1,12690.28
3134592650,4511757,01/10/1998,130.0,1,13967.8
4259750222,4501172,25/02/2025,129.0,1,12143.31
4032501426,4540765,28/11/2023,100.0,1,16548.1
7335667095,4557606,25/04/2023,122.0,1,11312.29
2439679261,4540767,13/10/2021,100.0,1,17576.22
3987681962,4510020,14/09/2021,80.0,1,17981.63
9873434068,4540798,24/01/2019,155.0,1,10421.81
9864855519,4510021,16/01/2019,80.0,1,15144.2
5981612363,4501173,27/03/2018,110.0,1,13141.18
8080130986,50184145,12/02/2017,110.75,1,11098.09
8185168402,50183804,01/07/2015,111.95,1,11315.41
5564937860,50183802,10/04/2014,110.75,1,11509.21
9098155003,4510022,27/10/2010,90.0,1,11914.37
8661223805,50184142,16/09/2010,110.75,1,11409.58
9911807495,4540766,26/08/2004,75.0,1,13647.33
3178609712,4540799,01/05/2003,80.0,1,13619.86
5574653310,4540770,20/03/2002,60.0,1,21139.74
7923776478,4540769,03/05/1999,60.0,1,18416.57
5533533459,4504819,16/05/2025,78.0,1,13777.22
4779849341,4500385,05/05/2024,80.0,1,8936.3
6899200635,4500386,11/01/2024,80.0,1,9217.32
1154026971,4495929,05/04/2022,177.0,1,8899.38
6118913672,4497601,31/03/2022,85.0,1,15008.76
5987888699,4500648,10/06/2021,255.0,1,4192.49
2621731951,4497053,23/07/2019,60.0,1,15655.98
6091375796,4504820,04/02/2018,60.0,1,13541.1
6893320539,4516570,15/08/2017,65.0,1,12864.34
5806908517,4504250,12/09/2016,100.0,1,10369.14
5652485109,4516572,24/12/2015,60.0,1,14947.96
5804390964,4539565,16/01/2015,60.0,1,16899.66
1410454043,4536717,20/01/2013,67.0,1,14728.4
2685151057,4501323,08/01/2013,67.0,1,14588.13
9792605374,4538227,30/10/2012,60.0,1,14771.05
1088350388,4555246,05/03/2012,60.0,1,15327.2
9603231319,4497602,28/02/2012,60.0,1,14104.19
6743375147,4555215,11/11/2011,60.0,1,18085.15
9708470892,4539564,14/09/2010,75.0,1,10436.9
3618418107,4538228,04/12/2009,70.0,1,9817.44
8349371781,4497054,22/06/2009,75.0,1,9966.15
2141326951,4536716,04/03/2009,60.0,1,13092.75
3967151224,4504249,11/04/2008,100.0,1,13254.31
8477249563,4504818,22/05/2007,60.0,1,6547.54
5710910844,4516573,30/06/2004,60.0,1,15156.02
9993339560,4495930,22/06/2000,100.0,1,14836.42
5802414398,4500384,02/04/2000,60.0,1,18132.86
6563803427,4536718,29/02/2000,60.0,1,16913.38
4644331972,4555245,16/02/2000,60.0,1,19130.69
7250356446,50175136,05/10/2025,54.9,1,12827.48
4193849930,50177694,18/09/2025,44.0,1,10800.71
8509072928,50177349,05/08/2025,63.0,1,8733.37
2260288560,50177244,28/07/2025,63.0,1,9457.26
2973662077,50177347,21/07/2025,63.0,1,7128.59
3316706425,50175641,17/07/2025,62.2,1,6418.02
2390919400,50179418,06/05/2025,130.9,3,9121.67
6533710715,50175637,24/04/2025,32.9,1,10392.72
5534146811,50175688,17/03/2025,52.5,1,12221.96
8893958870,50179289,31/12/2024,35.4,3,19558.73
9064067139,50177673,24/12/2024,44.0,1,11914.31
8095500100,50177226,10/12/2024,63.0,1,10362.14
6556530646,50175676,08/12/2024,62.2,1,9223.23
7662211249,50177236,03/12/2024,63.0,1,9655.63
3010570433,50177343,25/11/2024,63.0,1,9056.68
9163239340,50175118,31/10/2024,43.7,1,12074.14
8938426275,50177675,27/10/2024,44.0,1,12106.03
5480425375,50177674,15/08/2024,44.0,1,12076.83
4365786762,50175115,30/07/2024,43.7,1,12725.89
3548973974,50177646,14/07/2024,71.2,1,10082.9
2332306380,50177623,31/05/2024,58.7,1,10352.1
5002396819,50177225,27/05/2024,63.0,1,10375.02
7008263390,50177645,03/04/2024,106.8,1,7696.0
8694281129,50177627,02/04/2024,58.7,1,8926.44
3299608210,50177664,03/03/2024,44.0,1,12933.56
2616936626,50177690,22/02/2024,44.0,1,11851.87
8121618731,50177229,11/01/2024,63.0,1,8527.59
1820111619,50175500,04/01/2024,98.0,3,9136.7
4979968973,50175622,11/12/2023,62.2,1,10376.13
4702311858,50175505,29/11/2023,50.8,3,11633.93
9281594075,50175642,23/11/2023,52.5,1,14122.68
1057000572,50177648,27/08/2023,71.2,1,8743.98
7963004121,50175628,23/08/2023,62.2,1,10009.18
6859975175,50177927,12/07/2023,77.0,1,11140.21
1712780076,50177637,22/06/2023,71.4,1,10266.76
4234688537,50175645,31/05/2023,62.2,1,11418.8
3037143912,50177930,25/04/2023,77.0,1,9513.18
4504487828,50177667,10/01/2023,44.0,1,9584.86
6070459790,50175380,26/12/2022,52.5,1,6009.71
7673975567,50177628,21/11/2022,58.7,1,9537.99
7926437741,50177346,10/10/2022,63.0,1,9903.53
8301490512,50179286,13/09/2022,35.4,3,17977.55
3289681746,50175658,10/08/2022,42.6,1,7544.28
3838005573,50177240,30/06/2022,63.0,1,10413.56
9224263758,50175495,18/05/2022,36.9,3,9847.16
6287301174,50177340,08/05/2022,63.0,1,10559.18
4748290042,50177693,14/04/2022,44.0,1,11673.84
5420601808,50177925,11/04/2022,61.0,1,12443.6
1079104767,50175155,03/03/2022,54.9,1,9295.04
9632641590,50175634,21/02/2022,42.6,1,8798.66
9147098972,50177339,16/02/2022,63.0,1,9296.21
2376263766,50175696,13/02/2022,62.2,1,10357.35
9605843208,50175698,31/01/2022,62.2,1,10523.88
3926678904,50175625,26/12/2021,63.3,1,11460.81
2239928280,50175672,22/12/2021,63.3,1,9168.64
5496677970,50175629,15/12/2021,62.2,1,10108.36
9876903724,50177691,12/12/2021,44.0,1,11816.35
4741254634,50179303,23/11/2021,417.3,3,6508.3
9054156808,50175694,14/11/2021,98.1,1,8494.31
7635929921,50175664,28/10/2021,97.2,1,9041.27
1265759238,50177625,01/09/2021,58.7,1,11385.76
1364948578,50177250,17/08/2021,63.0,1,11201.81
6429502278,50177238,17/08/2021,63.0,1,12218.11
9008371398,50177653,12/08/2021,58.7,1,11585.21
9041249008,50175644,15/06/2021,80.9,1,7574.39
2675460415,50175670,18/05/2021,77.3,1,8023.1
6902903803,50177248,02/05/2021,63.0,1,8378.05
5562084998,50177924,14/03/2021,61.0,1,10739.04
7521311234,50175498,31/01/2021,36.9,3,13263.62
3172357235,50177671,25/12/2020,44.0,1,12281.02
2187082478,50177632,30/11/2020,58.7,1,8439.93
8121089100,50177921,22/11/2020,61.0,1,13987.37
6695412893,50179378,22/10/2020,46.7,3,20814.22
4548796459,50175111,19/08/2020,43.7,1,12543.65
2083423749,50177688,02/08/2020,44.0,1,10860.93
4491714634,50175566,12/07/2020,32.0,1,11430.66
4494791688,50177666,10/07/2020,44.0,1,12789.56
7423807976,50175110,10/06/2020,43.7,1,11267.68
1432667402,50175137,13/05/2020,53.9,1,10544.37
4421393941,50175665,23/04/2020,52.5,1,8144.25
5574212059,50177235,04/03/2020,63.0,1,8423.52
7688713578,50175429,03/03/2020,92.6,1,6877.09
7737481220,50179304,02/01/2020,78.1,3,10871.84
1743574692,50177636,16/12/2019,65.8,1,8645.6
6753342768,50177695,01/12/2019,44.0,1,9696.83
4198625007,50175667,07/11/2019,82.3,1,6605.84
1329738712,50177644,26/06/2019,58.7,1,12222.02
8685140682,50177940,13/06/2019,61.0,1,12355.2
5300689072,50177344,30/04/2019,63.0,1,7721.84
1542378784,50175673,26/03/2019,62.2,1,7039.83
3397841811,50177935,24/01/2019,77.0,1,11157.0
6816001117,50175141,31/12/2018,53.9,1,12369.5
1361845331,50175146,09/12/2018,53.9,1,11476.15
4513579966,50175139,29/11/2018,53.9,1,13168.1
4731492960,50175674,29/11/2018,62.2,1,7963.88
7133661344,50179337,11/11/2018,30.8,3,8161.48
9556312511,50175623,17/10/2018,83.4,1,8238.27
2050298714,50177230,08/05/2018,63.0,1,9001.12
1647677650,50175643,27/04/2018,52.5,1,9981.38
5847924917,50177630,15/04/2018,58.7,1,7544.06
2956128703,50175650,11/04/2018,62.2,1,9492.73
6776780487,50177640,11/02/2018,58.7,1,8807.9
3618982415,50177634,01/02/2018,65.8,1,7745.26
2684181353,50177658,12/01/2018,44.0,1,11604.82
7762650567,50175679,16/11/2017,32.9,1,11282.73
2829145376,50175699,01/11/2017,62.2,1,8191.2
5128188259,50175693,19/10/2017,63.3,1,5941.65
8435924378,50177660,21/08/2017,44.0,1,10976.53
6883032172,50177227,20/07/2017,63.0,1,8040.33
7779539601,50177670,23/06/2017,44.0,1,9573.42
3419344062,50175627,09/04/2017,62.2,1,8866.7
9751936686,50177635,29/03/2017,71.4,1,14243.98
5106303244,50177938,21/02/2017,77.0,1,9039.01
1155898573,50175668,07/02/2017,62.2,1,8094.73
8388187544,50175661,11/09/2016,42.6,1,7660.88
6782566187,50175142,23/08/2016,53.9,1,9736.2
7587138623,50177242,20/07/2016,63.0,1,7448.65
9087591094,4536943,19/04/2016,290.0,1,2278.48
4131392467,50175144,04/04/2016,53.9,1,9764.41
1391098103,50177246,29/03/2016,63.0,1,6359.65
1897535231,50175591,17/03/2016,32.0,1,11701.91
2248950116,50175133,01/02/2016,53.9,1,7242.38
5830889753,50175609,27/11/2015,57.1,1,8345.07
6436369018,50179395,11/11/2015,92.4,3,8921.55
4804706016,50175703,28/07/2015,42.6,1,7815.28
9779373196,50179305,31/03/2015,78.7,3,10299.96
8139487969,50177692,01/01/2015,44.0,1,11522.49
7307783470,50175584,02/12/2014,56.4,1,8897.03
8970029695,50175652,18/11/2014,62.2,1,8255.67
5221345053,50175559,23/09/2014,55.0,1,7834.02
7768160660,50177624,04/09/2014,58.7,1,11157.14
6852686525,50179332,26/08/2014,38.9,3,17860.82
2646396080,50175156,06/04/2014,80.0,3,20454.62
6588087365,50177942,16/01/2014,77.0,1,10489.1
5580857944,50175654,14/01/2014,42.6,1,9603.23
3463889555,50179389,12/01/2014,42.2,3,11649.74
5354926123,50175541,22/12/2013,62.1,1,7139.45
1475860934,50175621,19/12/2013,74.5,1,7855.51
7571479189,50175117,30/10/2013,43.7,1,11853.4
7351559259,50177946,11/09/2013,77.0,1,12326.48
8945776798,50175575,28/08/2013,42.4,1,11570.33
8439414972,50177662,18/07/2013,44.0,1,12158.31
3710061174,50175107,30/06/2013,43.7,1,11773.92
6783001381,50177685,24/05/2013,44.0,1,9293.24
8505850356,50177936,11/04/2013,61.0,1,12152.29
4971233577,50175572,19/03/2013,56.4,1,10896.99
3341732571,50179392,11/03/2013,21.0,3,13383.93
6300375215,50175138,27/02/2013,53.9,1,10438.82
7192907738,50177629,06/01/2013,58.7,1,12007.82
8236470871,50175707,24/12/2012,42.6,1,8042.93
1434586187,50177245,17/12/2012,63.0,1,9064.25
8065708550,50175580,26/11/2012,56.4,1,9440.05
2155767772,50175647,21/10/2012,99.5,1,6010.37
4691641010,50175706,19/10/2012,32.9,1,11323.53
7728296735,50175588,14/10/2012,32.0,1,16237.53
2055190558,50175542,08/08/2012,62.1,1,8437.22
5836460298,50179329,30/07/2012,47.8,3,14717.99
6429254038,50175563,22/07/2012,32.0,1,11934.72
9028967743,50175697,13/06/2012,62.2,1,6932.11
3915694884,50175154,08/05/2012,53.9,1,10202.32
4912068470,50179280,04/11/2011,34.2,3,18130.47
5263674651,50177243,25/08/2011,63.0,1,5838.94
1471594830,50177672,23/08/2011,44.0,1,11611.51
9327377291,50177654,11/08/2011,58.7,1,8181.47
9133977736,50177922,30/06/2011,77.0,1,10071.7
9184262530,50175561,14/06/2011,49.3,1,8900.24
5314732158,50177941,15/03/2011,61.0,1,7330.37
2695047114,50175587,27/02/2011,49.3,1,9611.91
5470040241,50175562,08/02/2011,55.0,1,9573.07
3954467577,50175592,30/12/2010,55.0,1,9388.0
8900805833,50175599,30/11/2010,57.1,1,9955.43
1169262241,50177641,29/11/2010,106.8,1,6525.8
7355710576,50177228,04/11/2010,63.0,1,8988.52
4828287229,50177650,04/10/2010,58.7,1,10734.42
7149722839,50177649,04/10/2010,58.7,1,9416.16
1935094454,50177348,04/08/2010,63.0,1,7836.24
5209854535,50175603,29/07/2010,57.1,1,8959.79
9299149077,50175646,27/07/2010,63.3,1,8980.24
7444001406,50175504,09/07/2010,50.8,3,6713.96
7974893654,50175569,17/06/2010,42.4,1,9507.36
7602224507,50179292,11/06/2010,29.9,3,31725.07
6107644922,50175143,08/06/2010,53.9,1,9402.03
5679340182,50175678,13/04/2010,100.0,1,7300.71
9171451559,50175624,03/03/2010,63.3,1,9053.62
1733550103,50177680,19/01/2010,44.0,1,6617.86
8978431425,50175638,31/03/2009,90.0,1,6760.61
1650718947,50177341,03/03/2009,63.0,1,7254.85
3538109304,50175147,02/12/2008,53.9,1,4475.92
7698582031,50175684,04/02/2008,82.0,1,8964.85
2337698890,50175114,30/01/2008,43.7,1,11477.21
7068259815,50175503,21/06/2007,97.0,3,7087.38
6177547859,50175135,22/11/2006,53.9,1,12003.69
2712503810,50175499,04/05/2006,36.9,3,21648.24
4312734898,50175435,09/12/2005,62.2,1,8608.04
2297024036,50175651,26/10/2005,62.2,1,7078.42
9081615373,50175631,06/07/2005,42.6,1,5533.03
4082531471,50175145,07/01/2005,53.9,1,8193.74
9479766035,50175431,30/04/2004,63.3,1,9326.16
6889504237,50175620,13/04/2003,81.2,1,13028.71
4365167819,50175127,10/04/2003,43.7,1,10914.29
1160594617,50175660,25/12/2002,82.0,1,11682.84
5777479389,50175626,14/10/2001,81.4,1,15087.79
9762160724,50175657,19/06/2000,42.6,1,20614.27
9753486293,50175424,14/12/1999,62.2,1,8009.99
2995601832,50175502,12/10/1999,97.0,3,12898.7
2230125741,50178174,18/11/2025,60.8,1,9930.79
3562919745,50178205,24/10/2025,60.8,1,9928.02
5405103783,50178210,28/08/2025,60.8,1,7678.76
6796985326,50178226,04/05/2025,60.8,1,10392.08
4154167854,50178229,12/02/2025,60.8,1,9074.32
1666352995,50178208,06/11/2024,60.8,1,13171.07
2246280538,50178201,30/09/2024,60.8,1,9968.17
3920248390,50178142,18/08/2024,60.8,1,9405.71
5810546292,50178163,21/05/2024,60.8,1,9238.65
5374688988,50178186,13/05/2024,60.8,1,10078.53
3236678587,50178157,21/02/2024,60.8,1,10035.1
9830039883,50178219,02/01/2024,60.8,1,11261.77
1382180312,50178180,18/10/2023,60.8,1,9422.71
5601608213,50178162,20/08/2023,60.8,1,9710.01
1120420039,50178284,08/08/2023,48.2,1,5941.54
2685531100,50178161,18/06/2023,60.8,1,8888.5
5540615497,50178193,16/05/2023,60.8,1,9485.92
7446569900,4508425,30/01/2023,103.0,1,12283.51
2939535743,50178154,12/12/2022,60.8,1,11098.26
5247725812,50178211,08/12/2022,60.8,1,10231.21
5277709524,50178285,01/08/2022,60.8,1,11452.92
8342400526,50178214,26/05/2022,60.8,1,9745.99
7361428987,50178182,02/05/2022,48.2,1,4286.55
1780820932,50178167,14/04/2022,60.8,1,7884.97
9081016212,50178168,10/01/2022,60.8,1,10374.7
9220754734,50178151,22/11/2021,58.1,1,13279.97
2414653724,50178164,21/11/2021,60.8,1,11167.42
4383925985,50178199,21/11/2021,48.2,1,11269.36
2631318467,50178270,05/09/2021,60.8,1,9317.45
9534893381,50178172,10/08/2021,60.8,1,10974.02
2283892662,50178204,04/08/2021,60.8,1,12451.29
5667945270,50178141,09/07/2021,60.8,1,9323.62
7536213185,50178148,10/02/2021,60.8,1,9801.69
9811007516,50178178,26/01/2021,60.8,1,8308.02
4604020444,50178169,07/01/2021,48.2,1,8497.16
5455398377,50178213,07/12/2020,60.8,1,7650.07
9295534866,50178223,27/11/2020,60.8,1,11317.24
3327686758,50178233,25/08/2020,60.8,1,22654.96
9350699371,50178173,03/08/2020,60.8,1,10865.14
5912415445,50178190,17/01/2020,60.8,1,11637.76
4057997196,50178144,15/01/2020,60.8,1,9310.22
4977201363,50178153,15/11/2019,60.8,1,6353.37
3017832014,50178216,17/07/2019,60.8,1,8319.23
5588285817,50178177,17/06/2019,60.8,1,9058.49
5277970825,50178176,12/06/2019,60.8,1,10369.59
3438480778,50178212,16/04/2019,60.8,1,8598.36
3551428249,50178217,18/11/2018,58.1,1,7889.63
3196616103,50178137,11/07/2018,60.8,1,8457.84
3594851981,50178191,25/04/2018,60.8,1,7890.45
1456582241,4498865,10/12/2017,110.0,1,9757.63
6942647706,50178200,16/01/2017,60.8,1,8569.12
3434536783,50178181,24/11/2016,60.8,1,7344.97
8966078767,50178138,05/10/2016,60.8,1,9022.95
9805638098,50178222,09/08/2016,60.8,1,8631.27
9974313923,50178146,27/07/2016,60.8,1,6971.26
9484733655,50178139,23/06/2016,60.8,1,8773.88
3134568717,50178194,21/04/2016,60.8,1,7582.14
2908763116,50178228,14/04/2016,60.8,1,7405.22
4809714107,4505408,13/07/2015,74.0,1,9875.99
3496452064,50178207,21/10/2014,60.8,1,7340.62
6343710386,50178230,10/12/2013,60.8,1,9333.9
3374653000,50178220,01/03/2012,60.8,1,6722.46
7219156000,50178170,01/08/2010,60.8,1,6698.82
6928801043,50178227,04/06/2009,60.8,1,5811.61
4195593234,4540808,26/10/2005,100.0,1,12467.87
7225743043,50181839,01/01/2026,61.0,1,10655.74
3455582125,50181832,24/04/2025,61.0,1,9748.27
2914018786,50181885,24/11/2024,61.0,1,9845.92
9659294386,50181810,17/11/2024,62.0,1,9444.94
9894684607,50181845,25/09/2024,61.0,1,9107.53
2695676342,50181833,15/09/2024,61.0,1,10101.08
9105268494,50181849,16/11/2023,61.0,1,10569.37
2269578164,50181835,01/11/2023,61.0,1,9160.11
8715458796,50181803,18/05/2023,62.0,1,9474.59
1534115116,50181886,07/05/2023,61.0,1,9629.91
1145786686,50181865,09/02/2023,62.0,1,9523.02
6557778415,50181883,12/12/2022,61.0,1,4621.34
8875395467,50181787,17/02/2022,63.0,1,4110.79
9085496120,50181826,09/02/2022,62.0,1,11146.46
5885480747,50181898,19/01/2022,61.0,1,11511.33
6296248825,50181811,13/01/2022,62.0,1,10941.75
1941963402,50181855,05/09/2021,61.0,1,12939.06
7350487877,50181818,13/06/2021,62.0,1,8201.08
2108766698,50181831,17/03/2021,61.0,1,8547.39
8210219160,50181804,08/02/2021,62.0,1,6990.53
7856643960,50181836,21/10/2020,61.0,1,8195.05
4838474039,50181800,14/10/2020,62.0,1,13998.04
7430619823,50181827,11/10/2020,62.0,1,10078.59
7871376459,50181840,01/12/2019,61.0,1,8859.61
7514987083,50181895,18/11/2019,61.0,1,11726.93
1939388124,50181834,18/09/2019,61.0,1,8376.09
6111270117,50181844,10/10/2018,61.0,1,9882.79
8769657954,50181805,24/07/2018,62.0,1,9479.01
7598185344,50181824,05/06/2018,62.0,1,10601.54
6807235995,50181878,13/12/2017,61.0,1,8677.35
1050252661,50181846,13/12/2017,61.0,1,9159.43
7701369313,50181857,13/09/2017,61.0,1,9364.82
5619194151,50181812,04/04/2017,62.0,1,8302.28
8135730864,50181949,28/08/2016,62.0,1,6916.48
5719172438,50181868,21/02/2016,62.0,1,7177.67
1214366687,50181900,21/02/2016,61.0,1,7935.28
2304718984,50181828,10/02/2016,62.0,1,6296.2
8376902675,50181852,25/05/2015,61.0,1,9438.49
5928019080,50181871,03/11/2014,77.0,1,7558.05
7726731191,50181873,14/07/2014,77.0,1,8048.54
1681011105,50181851,18/05/2014,61.0,1,10604.33
4291610935,50181819,02/03/2014,62.0,1,8789.25
3675714738,50181945,11/10/2013,62.0,1,10142.94
4287849415,50181792,17/12/2012,81.0,1,11749.95
5239118965,50181946,26/11/2012,62.0,1,10461.01
5791213902,50181825,04/01/2012,62.0,1,11334.46
5572777139,50181837,22/09/2011,61.0,1,8453.31
7067471132,50181801,15/12/2005,62.0,1,9019.12
3564950207,4508559,29/04/2025,217.0,1,11189.55
8983331792,4515750,03/09/2024,194.0,1,11454.83
1169253717,4517572,22/07/2024,272.0,1,10352.93
9280111757,4506509,04/08/2023,386.0,1,6117.81
5399622722,4516064,13/03/2023,170.0,1,11806.57
4463620237,4495995,01/05/2022,249.0,1,9878.19
3604278773,4508427,09/02/2022,188.0,1,9657.18
7935819749,4540377,09/03/2021,225.0,1,9506.85
1884622026,4505357,04/02/2019,218.0,1,8595.19
5607785834,4495996,27/08/2018,148.0,1,11933.28
1577414561,4508618,26/07/2018,180.0,1,8978.73
9912018684,4536519,12/01/2017,328.0,1,5441.48
1274431131,4536667,25/09/2015,172.0,1,10609.3
8625449392,4495703,15/07/2015,162.0,1,13032.51
1981681247,4508184,24/11/2014,235.0,1,9104.66
6047343722,4536574,02/07/2013,249.0,1,6965.99
7145394275,4498193,30/11/2012,205.0,1,8490.37
7632487136,4536446,20/11/2012,180.0,1,10218.14
1190055280,4503744,02/10/2012,120.0,1,17973.62
8944405276,4496464,27/06/2012,240.0,1,9278.08
2072727318,4497055,12/01/2012,160.0,1,12142.89
8220535792,4506288,20/12/2010,160.0,1,10757.09
7434366587,4509109,12/12/2010,220.0,1,7207.25
1370344478,4495062,07/06/2010,170.0,1,8129.98
8593730939,4503742,06/06/2010,182.0,1,10125.26
8092928492,4494967,16/06/2008,100.0,1,12268.04
8106986953,4503743,25/03/2007,150.0,1,11532.92
5462507129,4506290,05/07/2005,200.0,1,9331.42
6882657823,4504196,01/09/2003,164.0,1,12817.24
2180002345,4495773,28/08/2003,80.0,1,18908.85
5974601121,4495702,17/07/2003,157.0,1,13264.85
4884048883,4551404,11/05/2003,80.0,1,19451.11
8095911941,4495712,12/05/2002,120.0,1,18935.78
8607798237,4505358,19/04/1999,217.0,1,7949.11
4730229476,4501441,11/11/1998,327.0,1,7903.31
2838487433,4495994,08/01/1998,145.0,1,15428.46
7926822519,4508326,15/10/2025,176.0,1,11146.47
8449054672,4501201,12/01/2025,159.0,1,11440.6
6385735487,4500984,03/10/2022,162.0,1,11227.73
5754499986,4536561,14/04/2022,154.0,1,13193.3
2655988134,4497129,21/01/2021,148.0,1,12545.17
5040090893,4501065,16/06/2020,165.0,1,10231.64
6676492170,4508327,31/05/2020,135.0,1,12735.05
5832353238,4496235,04/11/2018,179.0,1,9541.13
3781041596,4503851,14/10/2018,145.0,1,11718.7
1695535798,4505340,19/07/2017,180.0,1,8434.32
5644066083,4504128,17/07/2017,175.0,1,8848.97
9959345440,4497130,17/07/2017,180.0,1,8836.32
3922681414,4503937,04/07/2017,180.0,1,9487.6
6658210215,4537135,26/10/2014,169.0,1,9649.4
8678240033,4536700,26/04/2013,175.0,1,9758.75
3142973012,4508328,18/11/2012,176.0,1,10659.37
9221566535,4505338,08/07/2012,150.0,1,11591.33
1808959160,4503928,16/05/2011,253.0,1,6867.68
7191941773,4501202,29/08/2010,160.0,1,10799.31
3405868240,4500985,31/05/2010,120.0,1,14441.23
5056070690,4505339,26/09/2007,148.0,1,9924.82
7994310105,4497131,26/05/2006,120.0,1,15200.21
2044833137,4504129,24/08/2003,120.0,1,15965.68
7722505407,4503120,03/06/2001,150.0,1,12721.73
9138239504,4536560,10/10/1999,148.0,1,13947.6
4372753793,4503936,09/10/1998,250.0,1,8565.72
5706960762,4555254,04/09/2025,60.0,1,18724.44
8448390369,4508330,02/07/2024,101.0,1,12013.42
6097215097,4495402,30/08/2023,65.0,1,16678.95
4195208701,4498284,04/10/2021,80.0,1,10200.49
5066871994,4495401,06/12/2016,90.0,1,9692.61
5036522190,4554103,01/08/2011,60.0,1,13624.17
9377501461,4555200,29/07/2008,88.0,1,11726.42
4791293320,4498285,26/12/2007,60.0,1,10410.86
5743108401,4508329,30/10/2005,96.0,1,11566.35
3143194196,4554102,18/07/2003,60.0,1,17164.12
4961418543,4555201,31/03/2003,60.0,1,16248.46
6270208582,50176183,01/01/2018,109.46,3,4044.65
4406905535,4536748,13/07/2025,151.0,1,14209.97
9704020536,4499787,13/01/2025,171.0,1,10350.24
5586681345,4551385,17/11/2023,147.0,1,11695.81
3566373481,4551379,25/08/2021,136.0,1,11557.48
7078391669,4551382,05/08/2021,163.0,1,10941.9
7717190647,4536750,31/12/2020,133.0,1,16200.15
4795411370,4551384,10/10/2019,128.0,1,13201.72
2396546149,4551377,01/09/2019,128.0,1,12368.72
2433397465,4551383,31/08/2019,128.0,1,12431.39
1385768413,4551386,01/04/2019,156.0,1,9308.77
2936498834,4551387,28/01/2019,152.0,1,9661.37
9607204016,4551378,31/12/2018,116.0,1,12006.0
5633860252,4551389,02/08/2015,136.0,1,11589.59
5790532047,4551390,05/12/2012,146.0,1,11277.54
2946953580,4551391,21/10/2012,136.0,1,12543.09
3363215857,4501367,26/05/2011,143.0,1,12941.38
2375839374,4536749,24/05/2011,133.0,1,14687.44
4493577477,4551393,31/07/2009,136.0,1,6888.18
6037232015,4551392,31/07/2009,136.0,1,7377.39
2268428691,4499788,18/08/2008,200.0,1,11147.74
7697484179,4495158,30/06/2004,150.0,1,13967.11
7536887471,4551394,26/11/2003,136.0,1,14486.83
2989099004,50182611,18/09/2025,102.2,1,11526.09
6814907940,50182612,06/08/2025,86.3,1,11052.35
9535887591,50182604,06/11/2024,83.5,1,10489.54
4488960913,50182584,18/09/2024,86.7,1,11068.08
8720380089,50182599,12/09/2024,101.7,1,11620.71
3884133629,50182594,29/11/2022,87.0,1,11353.02
2399218857,50182583,02/09/2021,101.5,1,16304.89
8144103697,50182602,16/08/2021,87.0,1,9586.49
8973989560,50182585,28/10/2019,66.2,1,13628.28
2089915377,50182613,24/10/2019,66.2,1,14060.93
1628401051,50182586,06/10/2019,87.0,1,10699.24
4347742321,50182856,20/06/2018,83.9,1,12186.65
1467094478,50182609,16/05/2018,63.7,1,12076.63
4706912989,50182860,28/03/2018,105.0,1,10254.97
9386612908,50182591,26/05/2017,101.7,1,9790.3
2234374849,50182597,15/11/2016,63.7,1,11450.61
9651819900,50182618,03/08/2016,89.8,1,9183.25
1472507467,50182615,24/02/2013,102.2,1,10276.76
3329181192,50182610,14/10/2012,89.8,1,12554.97
9035962922,50182606,11/05/2012,84.5,1,10846.25
4480903655,50182590,09/03/2012,87.0,1,10100.68
9383256919,50182619,02/01/2012,120.0,1,6889.58
4865337691,50182603,18/05/2011,100.1,1,6984.24
4347275781,50182601,24/02/2011,63.7,1,11571.85
1957120859,50182582,30/12/2001,92.0,1,11838.26
2732115580,50180569,20/10/2025,102.0,1,10454.93
4952424907,50180573,07/09/2025,102.0,1,9417.39
5274211015,4503090,09/07/2025,132.0,1,12097.0
8717472413,4496787,21/05/2025,124.0,1,12638.38
6268437009,50180593,08/05/2025,102.0,1,9072.25
1963615682,50180589,06/03/2025,102.0,1,9774.81
1848646589,50178923,02/03/2025,156.0,1,11390.29
5249149497,50180641,20/01/2025,83.0,1,11728.19
5215522555,4503092,30/10/2024,140.0,1,11844.98
4131471620,50180572,01/10/2024,81.0,1,10546.59
7144416676,50180587,01/08/2024,81.0,1,10121.54
6759464388,50180586,26/05/2024,100.0,1,12000.17
9633159947,50180564,13/08/2023,81.0,1,9011.24
1786219362,50180567,02/02/2023,81.0,1,10673.51
8734316743,50178911,30/08/2022,94.0,1,14245.85
7726386096,50180677,04/08/2022,68.0,1,9452.54
5996448794,50180591,03/05/2022,81.0,1,11870.46
5091121745,4496784,14/04/2022,127.0,1,14200.63
1540458045,50178910,08/03/2022,94.0,1,22208.32
7421223477,50180566,14/11/2021,100.0,1,11851.27
5896768537,50178918,08/07/2021,156.0,1,11149.22
3530409468,4503091,14/12/2020,141.0,1,12312.12
8116813417,50180584,13/12/2020,81.0,1,10471.21
5684612025,50180578,22/10/2020,100.0,1,11122.73
6767571310,4496786,11/09/2019,157.0,1,9534.02
9119109220,50178951,14/08/2019,147.0,1,11611.86
2565286598,50178931,22/07/2019,112.0,1,14451.68
5676061344,50178927,04/07/2019,147.0,1,10666.71
7105211647,50180592,17/02/2019,81.0,1,10301.29
5133873945,4496785,19/12/2018,150.0,1,9334.02
7999854612,50180565,02/08/2018,102.0,1,8657.49
5751305181,50178930,22/05/2018,154.0,1,9039.18
3369673605,50180579,23/04/2018,81.0,1,10751.99
1861069299,4497540,28/03/2018,128.0,1,10025.6
7146646080,4496080,10/01/2018,175.0,1,7589.61
5603543953,50178914,06/04/2017,94.0,1,10951.94
4040383098,50178946,23/03/2017,118.0,1,9368.28
9013519407,50178943,23/01/2017,114.0,1,10380.88
3811172664,4503089,04/06/2016,132.0,1,9814.59
4585293502,4536965,11/01/2016,160.0,1,8351.79
4474112203,50178955,02/03/2015,94.0,1,12736.22
7355984565,50178915,07/09/2014,153.0,1,10684.48
3197050698,4497539,23/07/2014,160.0,1,8918.49
2716556944,50178954,29/05/2014,156.0,1,11389.24
5773572974,50178926,08/03/2014,147.0,1,9767.73
1593919742,50180588,10/02/2014,81.0,1,10341.05
3603643151,50180594,29/07/2013,100.0,1,10571.51
2842992693,4536966,05/07/2013,160.0,1,9688.27
3976267662,50180595,03/12/2012,81.0,1,11984.95
4500507239,50180583,14/11/2012,81.0,1,10516.91
4269204379,50180568,23/04/2012,81.0,1,10553.41
9911915119,50180575,15/02/2012,81.0,1,8536.41
4987809496,4496782,02/02/2011,171.0,1,8190.3
7295224094,50180576,21/10/2010,81.0,1,9553.33
9140307375,50178947,11/10/2010,147.0,1,11731.38
7322702115,50180664,06/09/2010,81.0,1,7316.88
9641989630,50178934,14/10/2009,147.0,1,7861.93
2471747918,4503094,14/07/2009,132.0,1,9980.02
7937140443,4497960,24/06/2009,160.0,1,7644.49
1259748202,4496783,24/08/2003,176.0,1,8869.82
9492773444,4503093,11/05/2003,100.0,1,13962.39
5233464853,4497541,17/03/2003,137.0,1,12302.04
5073981624,4497961,03/06/2002,120.0,1,12315.72
8460474466,4515802,17/05/1999,100.0,1,17004.46
5933558476,4497542,06/05/1998,127.0,1,13499.77
2405947168,50178743,23/11/2025,59.6,1,17582.26
3279983025,50178747,05/08/2025,82.0,1,10897.27
5478810958,50178705,08/04/2025,72.6,1,16381.39
8751793166,50178741,30/03/2025,64.4,1,15328.55
8415202111,50178725,12/10/2023,59.6,1,19587.58
3161314732,50178731,07/09/2023,79.8,1,16981.83
3611589130,50178745,21/12/2022,72.2,1,16793.42
3013153990,4540264,22/07/2021,180.0,1,10020.53
7431465962,50178727,08/03/2021,119.5,1,5966.63
5971061801,50178740,10/09/2020,85.6,1,16860.98
6581406025,50178708,23/06/2020,93.1,1,12844.5
5663723157,50178700,26/11/2018,166.0,1,8462.26
3157518013,50178715,21/11/2018,92.6,1,11816.57
5344860967,50178726,22/03/2017,103.65,1,11802.92
1868538198,50178701,15/12/2016,100.7,1,11994.53
5563676784,50178723,30/03/2016,64.5,1,18754.71
4692459654,50178711,02/10/2014,64.4,1,18791.71
3062849484,50178732,04/03/2014,64.4,1,12088.14
1904454407,50178742,19/09/2011,116.9,1,9704.32
8760543410,4501144,13/03/2011,100.0,1,11438.78
1147145880,50178716,07/11/2010,64.4,1,10145.9
6806414202,4516016,14/10/2010,90.0,1,13511.15
8405704703,50178728,12/10/2010,97.5,1,12471.83
8673566601,50178736,30/06/2010,100.0,1,11978.18
4849192047,4540265,15/02/2004,120.0,1,12865.66
1306137043,4540263,01/06/2003,90.0,1,14804.94
1775557562,4501143,06/02/2001,100.0,1,12093.84
8000218184,4536663,23/07/2025,90.0,1,12974.04
4112933039,50183821,21/01/2025,111.95,1,13613.87
3443373586,4537350,03/03/2024,60.0,1,15520.28
7880246769,4500598,12/11/2023,101.0,1,13937.26
5289741590,50183814,26/12/2022,110.75,1,14517.92
8549860116,4537129,27/10/2022,60.0,1,19387.42
8365741043,50183823,19/07/2020,110.75,1,13211.06
1854715368,50183818,23/06/2020,110.75,1,13338.09
1891942430,4551360,05/12/2019,60.0,1,15881.25
3976482909,50183822,29/05/2019,110.75,1,12028.2
6715563815,4537128,14/05/2019,60.0,1,15903.42
8459482625,4501242,19/02/2018,60.0,1,13541.1
3195522268,4540318,29/06/2017,102.0,1,10680.29
9993410566,50183809,12/06/2017,110.75,1,11213.58
9508975080,4499494,05/01/2017,128.0,1,9245.48
9392591256,4501241,03/02/2016,60.0,1,13923.0
9281409943,4537127,29/09/2013,80.0,1,12092.39
4753875195,4500719,25/11/2012,64.0,1,17999.38
4158334309,4500599,01/07/2012,101.0,1,11144.87
4742836967,4536980,02/05/2011,130.0,1,10597.55
9773585837,4500720,25/07/2010,70.0,1,11693.81
7681784321,50183811,05/05/2008,111.95,1,12172.64
8909614229,4540748,11/04/2003,80.0,1,19426.98
5469577668,4500600,03/10/1999,95.0,1,12796.25
1991315894,4500721,28/06/1999,60.0,1,19177.62
9439949080,4540747,20/06/1999,60.0,1,17279.82
8869100310,50181345,04/03/2021,127.0,1,13684.81
1821888537,50181411,14/09/2020,112.7,1,9325.17
3677601777,50181283,20/03/2016,70.0,1,14749.5
4266714857,50181372,15/07/2015,184.0,1,5737.14
8919529349,50181284,18/11/2013,56.0,1,17744.0
7301414450,50181356,05/12/2010,88.0,1,15524.43
4107694799,4538221,05/05/2025,226.0,1,11667.29
9695413651,4536309,19/07/2021,251.0,1,11805.64
7444951102,4504155,05/07/2021,253.0,1,11966.93
5852726312,4496865,26/11/2019,170.0,1,12287.06
6052787589,4500288,07/02/2019,219.0,1,12031.78
1213306752,4497319,24/07/2017,222.0,1,10691.48
6694428469,4497481,29/12/2015,100.0,1,10229.76
2994302661,4497316,16/09/2015,195.0,1,10343.43
7831891198,4538058,12/10/2014,206.0,1,11249.4
6951536258,4496864,14/08/2014,209.0,1,12133.82
6286261341,4497315,21/05/2014,195.0,1,11490.96
2302963573,4500921,07/05/2013,160.0,1,14288.36
4553344044,4568352,24/08/2012,167.0,1,14342.55
3405830949,4497496,23/04/2012,87.0,1,16376.0
7996697187,4536310,27/03/2012,165.0,1,13933.82
8662901454,4500920,03/02/2008,160.0,1,13304.02
1849027800,4495101,07/05/2007,100.0,1,9954.49
2148546349,4497465,11/07/2001,100.0,1,21662.97
2974519167,4504241,10/07/2025,72.0,1,16101.11
2524735923,4498211,19/12/2024,78.0,1,16231.59
2061377480,4498174,04/01/2024,130.0,1,13289.15
1604191356,50184137,18/08/2021,104.8,1,11263.99
3429183785,4536790,10/11/2019,75.0,1,15069.88
8655428704,4540716,01/08/2018,120.0,1,12264.77
5384740114,4498116,16/01/2018,125.0,1,10861.57
1756446071,4498175,19/11/2017,130.0,1,10749.73
5111651486,4496299,24/07/2017,60.0,1,16402.28
5855788577,50184138,04/07/2016,105.3,1,11859.93
3264472415,4498115,31/03/2014,125.0,1,11556.05
7359525298,4496298,25/09/2001,60.0,1,20754.97
9546052989,50184133,26/06/2001,105.3,1,15945.01
5774832423,4536585,02/07/2025,281.0,1,10477.25
2767681764,4497888,07/08/2019,123.0,1,14348.02
3371006728,4496995,03/02/2015,182.0,1,11033.79
4219742216,4499845,28/06/2013,130.0,1,13428.41
6049522150,4496772,30/10/2012,200.0,1,11813.57
5641959597,4536584,23/09/2012,208.0,1,12193.81
7285629951,4500951,22/12/2010,280.0,1,6531.09
6263870414,4496773,24/03/2008,140.0,1,11091.16
5847617577,4496774,10/11/2004,110.0,1,18643.08
2052353104,4496771,07/01/2002,189.0,1,10591.3
3160810053,50176259,13/02/2025,37.99,3,1945.0
4297250271,4502704,06/03/2024,26.0,3,3183.65
6535702968,4502719,01/11/2023,21.0,3,7675.38
8946342827,4502709,24/11/2021,22.0,3,6172.54
2889662522,4502712,19/07/2021,22.0,3,11712.31
4137631664,50176241,05/03/2020,38.77,3,5110.17
3867912171,50176132,16/06/2019,300.0,4,3864.96
7481558185,50176281,21/02/2019,38.48,3,6847.61
1170782879,4502715,12/12/2017,21.0,3,3850.86
7803353371,4502716,30/10/2016,24.0,3,3088.94
5836876455,50176265,07/09/2016,38.85,3,9545.84
1080693395,50176239,17/04/2012,38.57,3,5013.05
1343786054,50176097,14/07/2011,54.9,3,4080.79
2272570057,50176276,02/06/2011,38.41,3,5313.32
1538796977,50176284,04/03/2011,38.71,3,4985.88
7376821026,4507685,19/09/2022,205.0,1,7761.04
3260781769,50178625,21/07/2021,116.0,1,12772.47
7020874590,4501310,27/11/2020,119.0,1,13183.53
4981750910,50178633,14/06/2020,94.4,1,10730.23
1719443238,50178596,20/02/2020,56.6,1,18609.44
1925537349,50178597,18/06/2017,107.0,1,10792.08
6745978546,50178645,02/06/2016,170.0,1,8427.64
4361866812,50178644,27/12/2012,152.6,1,7733.71
9598583893,80856016,10/01/2001,195.0,1,6970.53
6709169228,4494355,01/11/2021,148.0,1,10426.58
5848529686,4537105,27/01/2021,207.0,1,10084.09
1205735754,4495164,28/12/2017,175.0,1,11342.53
3874188507,4500035,13/11/2016,173.0,1,11874.22
3967530142,4500352,28/03/2013,175.0,1,11777.85
5125345012,4496221,17/07/2011,200.0,1,10183.43
5103778778,4537104,21/09/2004,170.0,1,10790.02
3089027909,4537107,21/10/2001,100.0,1,20352.8
8273622267,4495165,28/02/2000,169.0,1,10050.63
4785753255,4500351,27/02/2000,100.0,1,23482.79
6466705357,4515762,22/06/2025,129.0,1,13125.76
5149132693,4537373,03/11/2024,183.0,1,10939.91
2774857850,4536727,09/08/2022,285.0,1,9397.26
6096621270,4537374,08/03/2022,183.0,1,13435.56
2398940610,4499908,30/01/2022,219.0,1,5081.26
4632111665,4496436,09/03/2021,200.0,1,10695.21
4274623864,4501308,14/02/2021,192.0,1,12486.02
3562606771,4551401,28/07/2019,162.0,1,10767.39
8377230768,4497717,26/07/2018,100.0,1,18130.51
1214436178,4496437,20/07/2018,200.0,1,9550.11
4943066950,4516450,11/07/2018,180.0,1,4366.93
4128518912,4503993,23/09/2014,232.0,1,8914.57
1399162248,4505148,08/05/2014,234.0,1,8846.0
3417126558,4536725,21/11/2012,160.0,1,13007.95
8776807595,4551452,05/07/2012,180.0,1,10608.63
4928634476,4497943,07/03/2011,150.0,1,11092.15
8596511342,4496438,03/01/2008,180.0,1,10031.09
8117298950,4536726,30/01/2002,100.0,1,17175.56
7981501809,4496238,05/08/2024,266.0,1,5707.64
5001162298,4497881,15/03/2023,150.0,1,13908.97
5627614617,4551351,15/06/2022,302.0,1,8032.27
5521100343,4498272,16/08/2021,296.0,1,6979.11
4525341087,4499785,19/05/2021,220.0,1,9296.77
8616953678,4499784,16/01/2017,180.0,1,9915.59
2204758561,4503987,23/02/2015,170.0,1,10926.7
5026314855,4497880,02/01/2013,157.0,1,10762.94
9006824607,4495315,06/12/2011,164.0,1,11038.94
5384166457,4498270,06/07/2010,225.0,1,6467.69
2716384865,4495286,30/03/2008,225.0,1,6043.79
5410400304,4536313,29/08/2005,120.0,1,11615.77
1243403558,4503985,29/08/2001,160.0,1,12531.7
6222147364,4496237,17/05/2000,266.0,1,9886.76
1068579470,50179912,18/12/2025,85.0,1,8814.71
1514870325,50179840,29/10/2025,82.0,1,9876.37
3058995838,50179797,08/08/2025,82.0,3,11754.36
4885893317,50179785,16/01/2025,82.0,3,10312.38
1094536943,50179855,07/11/2024,79.1,1,10123.91
7949111244,50179842,20/03/2024,82.0,1,9905.22
6836093682,50179795,23/01/2024,82.0,3,5344.12
3391760638,50179787,26/12/2023,82.0,3,11299.48
6463494766,50179911,05/09/2023,85.0,1,9489.84
8072386532,50179826,24/05/2023,82.0,1,11071.19
8968638242,50179825,09/01/2023,82.0,1,10286.19
2506023070,50179813,12/07/2022,82.0,3,10963.01
4876516107,50179913,08/07/2022,85.0,1,10678.01
4278994719,50179848,28/04/2022,82.0,1,10579.22
3108265188,50179806,15/03/2022,82.0,3,11809.83
1788422427,50179843,23/12/2021,82.0,1,12386.06
5912851134,50179883,22/11/2021,79.1,1,11705.19
2073118167,50179893,22/08/2021,85.0,1,12227.34
5254965561,50179909,04/03/2021,85.0,1,10223.35
3593265406,50179870,18/02/2021,80.4,1,11236.26
5407339991,50179873,08/01/2021,78.6,1,11289.9
8212825464,50179828,02/03/2020,82.0,1,11045.09
3133308913,50179815,09/02/2020,82.0,3,10000.17
6044991061,50179907,07/10/2019,85.0,1,10866.74
2994706039,50179872,16/04/2019,79.8,1,11646.45
9184159767,50179790,10/03/2019,82.0,3,10145.93
7701757670,50179804,20/02/2019,82.0,3,9104.54
9156741342,50179878,01/11/2018,80.4,1,6694.53
6648847842,50179884,12/02/2018,79.8,1,10181.28
3104159644,50179877,21/08/2017,78.6,1,9145.39
7349397068,50179903,14/05/2017,85.0,1,8613.09
9797198389,50179830,07/03/2017,82.0,1,9976.08
3398739394,50179895,21/03/2016,85.0,1,10243.06
3951341754,50179792,14/03/2016,82.0,3,9678.18
8809314796,50179798,30/11/2015,82.0,3,9491.33
4272496843,50179898,12/07/2015,85.0,1,10604.11
9291259116,50179894,10/02/2015,85.0,1,11320.45
2733403133,50179823,18/08/2014,82.0,1,9955.77
5389366252,50179905,30/03/2014,85.0,1,10176.16
4738625756,50179786,26/03/2014,82.0,3,11181.37
6833227794,50179791,10/12/2013,82.0,3,11246.21
7570093218,50179838,31/07/2013,82.0,1,11133.07
8750621980,50179814,19/02/2013,82.0,3,10749.87
8267158594,50179789,03/02/2013,82.0,3,10749.87
9228128886,50179827,21/11/2012,82.0,1,9444.23
5820215571,50179835,21/10/2012,82.0,1,10521.14
7594138194,50179904,16/09/2012,85.0,1,10723.38
1085541265,50179896,05/03/2012,85.0,1,10819.2
8755316896,50179801,22/02/2012,82.0,3,9816.72
4708268076,50179899,12/02/2012,85.0,1,10198.72
1948438747,50179809,22/12/2011,82.0,3,9714.27
3919237811,50179849,06/06/2011,82.0,1,11199.75
1479665189,50179829,27/01/2011,82.0,1,9853.31
2274621745,50179889,22/12/2010,85.0,1,8858.78
1561145789,50179845,22/12/2010,82.0,1,9182.87
3544532406,50179803,11/10/2010,82.0,3,8520.11
8132768462,50179871,24/08/2010,79.1,1,10454.08
3122698996,50179900,05/07/2010,85.0,1,8025.16
5209031573,50179887,14/04/2008,85.0,1,8576.33
8276889675,50179832,16/03/2003,82.0,1,13948.34
3413345500,50175524,02/12/2025,73.7,1,11636.93
3620333199,50177367,26/11/2025,63.0,1,10455.27
7460132298,50180010,24/11/2025,53.0,1,9509.27
5638668939,50179933,24/11/2025,85.0,1,9980.02
9551716188,50176933,27/10/2025,72.1,1,9488.31
6739946648,50177455,21/09/2025,58.7,1,9646.18
4406163770,50179994,11/09/2025,55.0,1,11765.88
6098682200,50177415,03/09/2025,79.5,1,9920.52
5772836466,50177208,01/09/2025,63.0,1,10191.54
9257949776,50179918,31/08/2025,85.0,1,10630.79
3843520841,50177968,28/08/2025,64.5,1,7783.09
2670794331,50177013,26/08/2025,59.5,1,9027.73
1839664591,50177969,26/08/2025,63.3,1,8723.7
7556037331,50177025,11/08/2025,59.5,1,9449.59
1364625204,50180034,23/07/2025,68.0,1,9980.02
8618481994,50180033,22/07/2025,66.0,1,10055.63
5754907515,50177012,21/07/2025,59.5,1,7547.92
1704644828,50179920,14/07/2025,85.0,1,10919.32
1913986480,50176923,22/06/2025,72.1,1,9739.11
6313318572,50176919,12/06/2025,72.1,1,10498.89
9883246544,50175187,11/06/2025,73.7,1,12602.21
1701742713,50177959,06/06/2025,64.5,1,9574.08
9506194199,50177710,01/06/2025,44.0,1,12178.52
7054087202,50180052,29/05/2025,68.0,1,8486.95
7227311466,50177409,23/05/2025,64.6,1,8163.49
6573129138,50175491,27/04/2025,53.0,1,11219.66
2762534220,50175982,21/04/2025,41.6,1,13103.14
1462662013,50175911,21/04/2025,48.1,1,8241.79
2743979833,50177718,08/04/2025,44.0,1,11937.94
5345244461,50176032,06/04/2025,42.4,1,9116.02
9237829063,50177993,03/04/2025,64.5,1,10755.85
7553125806,50177557,01/04/2025,53.5,1,15005.06
5645074782,50176978,31/03/2025,71.5,1,11942.54
9767020565,50176966,27/03/2025,71.5,1,11045.13
2085590828,50177960,19/03/2025,64.5,1,8876.77
4771916712,50180008,13/03/2025,56.0,1,10224.14
6549133587,50177466,09/03/2025,75.0,1,8028.88
4778135241,50176932,14/02/2025,72.1,1,9838.46
8353630924,50177713,13/02/2025,44.0,1,9292.35
8087596668,50177976,12/02/2025,63.3,1,9338.5
4849648377,50175995,12/02/2025,48.1,1,10650.94
3467334225,50175074,26/01/2025,43.7,1,11700.28
1020096610,50176898,23/01/2025,75.3,1,10054.72
9812765117,50177971,21/01/2025,62.9,1,9848.37
4839907777,50177444,16/01/2025,79.5,1,9276.16
9527859303,50177519,08/01/2025,44.0,1,10771.31
4261930973,50175992,03/01/2025,41.6,1,12054.55
9692004065,50177709,08/12/2024,44.0,1,12139.11
3285921738,50175067,24/11/2024,43.7,1,10078.73
1100300676,50177512,17/11/2024,44.0,1,12512.52
6687501835,50178001,13/11/2024,64.5,1,7294.12
4701804758,50175048,15/10/2024,43.7,1,12074.14
5234604088,50176991,19/09/2024,59.5,1,10185.96
2417249936,50177004,15/09/2024,59.5,1,10016.2
2819194136,50177040,12/09/2024,59.5,1,9591.78
5988878807,50175029,10/09/2024,64.5,1,12215.26
6630068558,50177727,03/09/2024,44.0,1,12741.14
2646952322,50177467,21/08/2024,71.4,1,8718.13
5511804163,50180058,19/08/2024,53.0,1,12126.75
5890991661,50177388,01/08/2024,63.0,1,10121.54
8472248575,50177005,21/07/2024,59.5,1,9771.42
9654024806,50177472,15/07/2024,65.8,1,16903.39
1027603652,50175967,27/06/2024,41.6,1,9255.01
7887367265,50175525,09/06/2024,73.0,1,12491.26
9407127959,50175949,06/06/2024,41.6,1,11654.01
5572710294,50177955,04/06/2024,64.5,1,10603.05
5696275781,50177972,16/05/2024,62.9,1,10196.68
5749381298,50177982,21/04/2024,64.5,1,8521.97
2032701102,50180009,14/04/2024,55.0,1,12142.19
7214911891,50177702,09/04/2024,44.0,1,7355.36
7841457822,50178004,08/04/2024,63.3,1,8602.38
8385109383,50177723,04/04/2024,44.0,1,11675.18
8403957434,50179925,04/03/2024,85.0,1,8703.53
6996894155,50177988,27/02/2024,63.3,1,7084.91
2819534865,50176938,22/02/2024,72.1,1,10125.86
9318291905,50175075,25/01/2024,43.7,1,12534.83
9483050508,50175523,23/01/2024,73.7,1,11434.55
8497825834,50176976,20/12/2023,71.5,1,10873.52
9560119689,50175062,26/11/2023,43.7,1,13278.21
2329602849,50177983,23/11/2023,64.5,1,10495.63
4570328528,50175282,19/10/2023,62.2,1,5208.7
1692725834,50180011,26/09/2023,56.0,1,9986.93
7504554485,50175083,11/09/2023,43.7,1,15382.09
6832916375,50177478,18/08/2023,58.7,1,10788.84
9691742930,50175094,14/08/2023,48.7,1,8816.41
4971070809,50180042,08/08/2023,68.0,1,11365.39
1270928726,50175357,30/07/2023,97.5,1,8165.57
3022506147,50177563,30/07/2023,53.5,1,8818.47
2168171751,50176878,27/07/2023,71.5,1,12147.12
5288739174,50175968,18/07/2023,48.1,1,8916.81
8797439792,50175105,05/07/2023,48.7,1,11008.69
6716093784,50175999,21/06/2023,39.7,1,14016.97
9425677956,50180021,20/06/2023,66.0,1,8431.42
6969025142,50175977,08/06/2023,48.1,1,10679.16
2745957028,50180039,01/06/2023,66.0,1,13782.12
4598448396,50180059,29/05/2023,56.0,1,9154.66
6636143080,50175064,18/05/2023,43.7,1,11609.17
5178820644,50180055,20/04/2023,53.0,1,9714.77
2073206540,50177474,28/03/2023,58.7,1,9897.91
5802547313,50175061,24/03/2023,43.7,1,11361.5
9908267444,50177385,15/03/2023,63.0,1,9054.67
2158899908,50177020,08/03/2023,59.5,1,10652.55
3872299859,50176947,15/02/2023,72.1,1,10236.26
6715462064,50175997,08/02/2023,41.6,1,9504.21
8350120400,50175945,06/02/2023,41.6,1,7091.92
7443824750,50176034,06/02/2023,42.4,1,11935.86
7541764870,50175093,30/01/2023,48.7,1,10608.29
5622336269,50180007,25/01/2023,53.0,1,12930.52
4236437150,50177953,17/01/2023,62.9,1,11649.64
1988176540,50175513,11/01/2023,73.0,1,12132.07
8342828882,50175991,11/01/2023,48.1,1,10192.63
4167430664,50179940,08/01/2023,85.0,1,8682.75
5093135112,50175471,06/12/2022,36.8,1,4834.76
2827386397,50177431,05/12/2022,79.5,1,8355.1
8767874177,50176934,02/12/2022,72.1,1,7896.54
1369836883,50177223,20/11/2022,63.0,1,8987.59
6051190950,50176993,15/11/2022,59.5,1,9764.83
7071656122,50177058,14/11/2022,71.5,1,8332.83
7320825064,50177515,14/11/2022,44.0,1,13204.72
5404849708,50177435,13/11/2022,81.7,1,9956.07
2008340789,50177428,06/09/2022,79.5,1,10406.63
4591088084,50177987,15/08/2022,64.5,1,8304.56
4418685053,50177389,10/08/2022,63.0,1,10542.84
6474068670,50177432,26/06/2022,40.9,1,13479.36
1462166684,50177516,19/06/2022,44.0,1,13030.86
2695886993,50177728,17/06/2022,44.0,1,9021.36
5174896689,50176902,31/05/2022,75.3,1,11492.11
1033696776,50177957,18/05/2022,63.3,1,11215.63
8571737400,50179998,16/05/2022,53.0,1,9281.77
7780570021,50177471,16/05/2022,71.4,1,9316.92
6078583170,50177527,08/05/2022,44.0,1,10926.22
2453697260,50177354,27/04/2022,63.0,1,10635.35
7603530432,50175508,27/04/2022,73.7,1,10841.38
5533521323,50175464,14/04/2022,35.5,1,6907.5
8896460184,50175996,13/04/2022,41.6,1,8231.56
1433563733,50175030,25/03/2022,64.5,1,9709.68
9444898286,50177209,24/03/2022,63.0,1,11965.86
5083500697,50177965,23/03/2022,63.3,1,11909.15
3446120692,50175529,23/03/2022,73.0,1,12868.66
3445986537,50179938,16/03/2022,85.0,1,10233.24
9179250578,50176904,07/03/2022,77.6,1,11209.09
3004193884,50177559,28/02/2022,53.5,1,11822.69
5502388846,50175063,27/02/2022,43.7,1,14339.99
2433098478,50176989,16/02/2022,59.5,1,10236.77
1347145359,50176018,10/02/2022,40.5,1,11857.84
3620825127,50180062,31/01/2022,56.0,1,12220.34
3928409357,50180047,20/01/2022,83.0,1,10826.11
2077718016,50180017,18/01/2022,66.0,1,10458.93
6474678396,50176922,06/01/2022,72.1,1,12132.65
8061282630,50177382,19/12/2021,63.0,1,8636.54
2029446366,50177215,14/12/2021,63.0,1,11419.41
3272776995,50177561,25/11/2021,53.5,1,12691.19
8468345202,50177380,18/11/2021,63.0,1,11365.3
2536929477,50175104,17/11/2021,48.7,1,8872.22
9927104454,50180162,11/11/2021,66.0,1,9632.9
4505158977,50177395,04/11/2021,63.0,1,10777.44
6884892632,50178005,30/10/2021,64.4,1,9747.24
4535781057,50177452,27/10/2021,58.7,1,12618.6
5956298301,50177392,20/10/2021,63.0,1,12494.65
6101476865,50177473,20/10/2021,58.7,1,12190.85
1059855306,50177374,19/10/2021,63.0,1,12155.89
3771461852,50175970,01/10/2021,41.6,1,10411.73
7529744216,50179922,14/09/2021,85.0,1,7937.76
7931439057,50177019,12/09/2021,59.5,1,11018.71
1156364044,50177217,13/08/2021,63.0,1,7128.42
6293085431,50177352,25/07/2021,63.0,1,12679.04
3320604362,50176992,25/07/2021,59.5,1,8769.47
9872971086,50177375,14/07/2021,63.0,1,10122.78
5135652984,50180000,12/07/2021,55.0,1,11712.31
4258289657,50177379,08/07/2021,63.0,1,11861.04
8498646796,50176965,10/06/2021,71.5,1,11670.04
5202890332,50179931,27/05/2021,85.0,1,11332.53
2192656652,50177523,25/05/2021,44.0,1,12295.73
5921298422,50175072,09/05/2021,43.7,1,12078.19
2288621254,50176985,19/04/2021,59.5,1,11145.0
9903736159,50177376,14/04/2021,63.0,1,7368.09
4007822913,50180066,06/04/2021,55.0,1,7161.78
3494186236,50177115,06/04/2021,44.4,1,8961.19
6205013553,50175101,31/03/2021,48.7,1,10980.7
4297597487,50176023,23/03/2021,53.0,1,8702.47
2381294490,50177698,09/03/2021,44.0,1,12913.25
5282367230,50177222,03/03/2021,63.0,1,8488.26
4319095242,50176024,24/02/2021,42.4,1,10860.89
8293417536,50180064,31/01/2021,53.0,1,9273.12
2101784618,50177966,20/01/2021,63.3,1,9166.1
6075319158,50175994,17/01/2021,48.1,1,7663.34
3557789451,50176959,07/01/2021,71.5,1,10883.48
6570028742,50180051,05/01/2021,83.0,1,7401.73
1354357519,50175940,11/12/2020,48.1,1,9954.35
8805545915,50176967,01/12/2020,71.5,1,10140.51
7729260114,50177391,30/11/2020,63.0,1,10375.94
2189565219,50177038,09/11/2020,59.5,1,7748.22
1608346530,50179919,03/11/2020,85.0,1,10847.51
8985572742,50179943,11/10/2020,85.0,1,10292.02
2687958882,50175034,11/10/2020,64.5,1,10118.52
6108045297,50177985,17/09/2020,63.3,1,12618.0
5899380664,50176006,17/09/2020,41.6,1,10105.26
8123672954,50180068,15/09/2020,56.0,1,13086.79
7313209334,50177460,10/09/2020,58.7,1,8355.05
8452831911,50177524,18/08/2020,44.0,1,11020.65
7122653634,50180037,06/08/2020,66.0,1,9583.17
7900518261,50176001,05/08/2020,41.6,1,12839.0
3882937772,50176996,16/06/2020,59.5,1,7093.37
3546283159,50175050,04/06/2020,43.7,1,11589.62
7026969637,50176014,02/06/2020,43.8,1,8993.57
9815034836,50180028,27/05/2020,68.0,1,10447.45
7225445993,50175089,17/05/2020,48.7,1,9919.72
4944831856,50177956,19/03/2020,64.5,1,8666.44
7253819202,50176867,01/03/2020,71.5,1,12865.02
9339305301,50177353,25/02/2020,63.0,1,10098.7
3376270534,50177041,20/02/2020,59.5,1,11429.34
9385783043,50177360,12/02/2020,63.0,1,10098.7
4273459632,50177707,26/01/2020,44.0,1,12221.77
2823240268,50177716,10/12/2019,44.0,1,12444.26
7665137151,50175319,21/11/2019,32.9,1,11306.32
3534415967,50175099,10/11/2019,48.7,1,11163.45
5283010327,50177724,19/09/2019,44.0,1,10467.42
5419398227,50177024,18/09/2019,59.5,1,9675.76
6112349767,50175019,21/08/2019,64.9,1,10475.88
4323697314,50180022,28/07/2019,83.0,1,7835.24
4789544767,50177462,10/07/2019,58.7,1,9798.58
8171086310,50176970,07/07/2019,71.5,1,10409.24
3346913439,50175025,27/06/2019,64.9,1,8709.55
1574202174,50175927,30/05/2019,48.1,1,11589.7
4988879913,50175527,03/04/2019,73.7,1,9457.81
3776112508,50179993,25/03/2019,56.0,1,12510.79
4459246889,50177450,13/03/2019,58.7,1,10194.76
5009424148,50176857,18/02/2019,71.5,1,10851.04
1326074250,50180002,17/02/2019,56.0,1,12808.84
4973138113,50176975,21/01/2019,71.5,1,11501.76
2515824189,50179996,10/01/2019,56.0,1,10882.84
7165808963,50177153,01/01/2019,28.8,1,12620.16
6631645139,50175084,01/01/2019,43.7,1,11593.64
2017232050,50177984,20/12/2018,63.3,1,8121.83
8588312531,50175989,18/12/2018,41.6,1,5519.64
7130241793,50180067,04/12/2018,53.0,1,11685.0
1512908423,50177427,28/11/2018,79.5,1,8555.82
8332919335,50176883,20/11/2018,71.5,1,11374.37
9392047233,50177366,14/11/2018,63.0,1,10561.91
1672031506,50176984,08/11/2018,59.5,1,9940.62
7712906488,50177044,06/09/2018,59.5,1,9046.28
8276622868,50177083,03/09/2018,59.5,1,10533.37
3132393878,50175040,28/08/2018,64.9,1,9637.96
1273316607,50176013,20/08/2018,53.0,1,8886.17
8865561977,4496631,12/08/2018,260.0,3,8411.74
4065789857,50176931,10/08/2018,72.1,1,9798.2
5057119410,50177437,09/08/2018,81.7,1,8106.46
3484227582,50180076,03/08/2018,53.0,1,8330.78
6630443526,50177461,30/07/2018,58.7,1,8635.27
1970135422,50176890,12/07/2018,75.3,1,10341.32
6253398940,50176891,10/07/2018,77.6,1,10413.48
4560381696,50176952,05/07/2018,71.5,1,4829.0
5911290610,50175531,04/06/2018,73.7,1,11891.37
6038347778,50177006,16/05/2018,59.5,1,9604.47
5136027802,50179929,10/05/2018,85.0,1,9395.14
5108509506,50176872,30/04/2018,71.5,1,9703.17
1844180589,50177442,12/04/2018,79.5,1,9655.12
7250831907,50175535,29/03/2018,73.7,1,10807.55
2743512804,50177206,22/03/2018,63.0,1,8194.61
3814711418,50180030,15/03/2018,68.0,1,7158.24
7148931491,50179999,04/03/2018,56.0,1,10009.13
6524552727,50177992,26/02/2018,63.3,1,10034.77
9675795243,50180048,25/02/2018,68.0,1,8021.47
6570145169,50177177,04/02/2018,71.5,1,9193.83
8163776788,50176870,22/01/2018,71.5,1,10319.97
9650123876,50175091,03/01/2018,48.7,1,10454.54
2899014268,50175263,16/11/2017,63.3,1,8002.86
7963120388,50177097,15/11/2017,59.5,1,6116.36
3243920381,50176036,15/11/2017,42.4,1,10986.37
8159991799,50176742,26/10/2017,68.3,1,7772.89
2693162703,50175085,20/10/2017,43.7,1,10261.66
4068457167,50176927,17/10/2017,72.1,1,8025.31
2056550587,50177396,27/09/2017,63.0,1,9641.42
5263132146,50177363,05/09/2017,63.0,1,9113.44
5700233344,50176998,22/08/2017,59.5,1,9328.6
4413758196,50177986,21/08/2017,64.5,1,8158.42
4147911010,50176002,09/08/2017,48.1,1,9591.3
3574597872,50177556,27/07/2017,53.5,1,11361.67
9582996566,50175026,19/07/2017,64.5,1,8077.73
7677833000,50175980,16/07/2017,48.1,1,9327.45
3367472027,50175528,10/07/2017,73.7,1,11193.19
8550110182,50176941,07/07/2017,72.1,1,6824.8
7984781985,50177726,18/06/2017,44.0,1,7922.83
7955632462,50177377,11/06/2017,63.0,1,8323.17
3234143650,50175024,01/06/2017,64.5,1,9007.88
2582679316,50177981,29/05/2017,63.3,1,5782.88
7242748378,50177998,07/05/2017,64.5,1,8966.96
8809540632,50176020,30/04/2017,42.4,1,8671.52
3657640010,50177717,27/04/2017,44.0,1,6417.55
6738813290,50177383,04/04/2017,63.0,1,8147.15
9327160722,50175077,23/03/2017,43.7,1,9444.03
4722105672,50175283,23/03/2017,52.5,1,10808.91
2851907018,50177520,14/03/2017,44.0,1,9379.63
1335133301,50176004,05/03/2017,41.6,1,9034.98
5235446498,50177358,05/03/2017,63.0,1,9358.37
4590060888,50177994,01/03/2017,64.5,1,10111.93
2889489962,50175964,22/02/2017,41.6,1,9967.32
8172296550,50179939,18/01/2017,85.0,1,8931.48
3309990642,50177560,09/01/2017,53.5,1,9181.89
3636021850,50179941,08/01/2017,85.0,1,9281.74
7849296483,50177522,26/12/2016,44.0,1,10167.07
3497897585,50180069,25/12/2016,55.0,1,10031.52
7342801810,50179944,22/12/2016,85.0,1,7894.43
9299508629,50175477,13/12/2016,53.0,1,8440.59
9654522313,50177373,06/11/2016,63.0,1,7324.76
2903012410,50177219,04/11/2016,63.0,1,7561.04
6426694265,50177952,02/11/2016,62.9,1,7076.08
4743877442,50177562,31/10/2016,53.5,1,5542.76
6711923334,50177470,31/10/2016,65.8,1,6759.99
8013456263,50179936,14/10/2016,85.0,1,9070.58
2334043525,50176879,22/09/2016,71.5,1,12240.84
2656298468,50176957,08/09/2016,71.5,1,9232.5
8587674538,50175975,28/08/2016,41.6,1,8650.23
5052562914,50180031,05/07/2016,35.0,1,14791.58
7697788889,50175244,01/07/2016,62.2,1,4867.39
1296774511,50179937,28/06/2016,85.0,1,7979.36
4678632327,50175021,01/06/2016,64.9,1,10098.36
2618616495,50176884,25/04/2016,71.5,1,9456.29
3224849507,50180257,15/04/2016,35.0,1,12293.18
9509526343,50177553,13/03/2016,53.5,1,8842.7
9740627634,50180074,01/03/2016,56.0,1,16510.62
7255831021,50177035,15/02/2016,59.5,1,10497.2
3818833070,50176746,25/01/2016,68.3,1,7112.45
1229758934,50180038,18/01/2016,35.0,1,12689.12
1518155758,50176900,22/11/2015,77.6,1,11257.59
2389211760,50177706,22/11/2015,44.0,1,9349.57
1659811543,50180036,17/11/2015,68.0,1,9693.57
4467203469,50177995,08/11/2015,63.3,1,7527.69
9028797625,50177211,30/08/2015,63.0,1,7737.77
7067184521,50177221,27/08/2015,63.0,1,9027.4
4880485530,50180001,25/08/2015,53.0,1,12263.64
3381193577,50175520,20/08/2015,73.7,1,11795.64
6035621450,50177434,16/08/2015,48.7,1,8174.71
9161532814,50177714,04/08/2015,44.0,1,11263.74
8158611726,50180073,23/06/2015,53.0,1,10290.31
5736859913,50180023,22/06/2015,35.0,1,13721.89
8837354099,50175223,17/06/2015,42.6,1,8216.53
8613753958,50175096,14/06/2015,48.7,1,10697.47
6538804211,50177441,20/05/2015,64.6,1,8148.57
7172412964,50177447,20/05/2015,79.5,1,7345.57
7297840253,50176988,19/05/2015,59.5,1,9538.19
9174269348,50180004,19/04/2015,53.0,1,13143.98
9380092445,50177701,31/03/2015,44.0,1,10203.45
1251518672,50176901,03/03/2015,75.3,1,10378.6
9945211568,50175227,18/02/2015,42.6,1,7345.93
2855545986,50179934,12/02/2015,85.0,1,8465.73
2196467082,50177722,04/02/2015,44.0,1,11409.94
4798373323,50175041,07/01/2015,64.5,1,6812.27
2625026557,50180040,04/12/2014,68.0,1,9255.4
1126575984,50179991,30/11/2014,55.0,1,11981.73
8722854604,50177026,26/11/2014,59.5,1,10212.52
2891749779,50177016,25/11/2014,59.5,1,8630.3
4489514075,50177414,04/11/2014,79.5,1,6028.55
5760144401,50175049,28/10/2014,43.7,1,13748.32
1150391970,50177514,20/10/2014,44.0,1,11508.86
2551061896,50175925,23/09/2014,41.6,1,9114.57
5660131802,50177036,10/08/2014,59.5,1,10217.44
1927640823,50175934,07/08/2014,41.6,1,8851.83
7192957926,50177364,30/07/2014,63.0,1,10746.41
4489783406,50177477,28/07/2014,58.7,1,6801.88
6798684474,50177092,02/07/2014,59.5,1,7585.7
9616071581,50175971,26/06/2014,39.7,1,8685.04
4667153044,50175973,11/06/2014,48.1,1,10035.64
2146537444,50176012,23/04/2014,43.8,1,8789.44
7596970098,50176748,08/04/2014,68.3,1,6809.27
9794217401,50177357,23/03/2014,63.0,1,9610.83
1077079097,50177009,06/03/2014,59.5,1,12356.77
4243474800,50177979,03/02/2014,64.5,1,7440.14
5742999959,50176889,19/01/2014,75.3,1,9560.04
1940623965,50176858,29/12/2013,71.5,1,12401.67
6060829892,50175059,05/12/2013,43.7,1,10145.53
7162269425,50176936,26/11/2013,72.1,1,9684.47
3654759873,50176974,07/11/2013,71.5,1,11393.36
1900014051,50175088,15/10/2013,48.7,1,13622.07
8991496801,50176874,09/10/2013,71.5,1,11693.14
7481048450,50175160,08/10/2013,73.0,1,14191.59
6007316744,50175038,19/08/2013,64.9,1,7839.01
4577238030,50175020,07/08/2013,64.5,1,10845.47
2190728626,50177429,21/07/2013,79.5,1,10334.84
6300056558,50177410,01/07/2013,79.5,1,8026.73
3701354317,50177372,11/06/2013,63.0,1,10354.58
4960938974,50176960,02/05/2013,71.5,1,10787.96
6463798029,50176880,22/04/2013,71.5,1,11023.87
5125790058,50176871,07/04/2013,71.5,1,10498.93
7341713349,50176869,13/03/2013,71.5,1,8648.07
4687086795,50175047,07/03/2013,43.7,1,13463.56
9959943361,50177164,07/01/2013,71.5,1,6624.69
7651770012,50177974,14/12/2012,64.5,1,8764.91
9746243784,50176903,06/12/2012,77.6,1,11381.71
4097041007,50176734,29/11/2012,67.1,1,7501.9
5641859665,50176726,14/11/2012,68.3,1,7511.83
4169294494,50177430,08/11/2012,79.5,1,6575.33
9889932823,50180132,06/11/2012,53.0,1,9132.39
4948381548,50175031,01/11/2012,64.5,1,6303.48
1823146484,50176886,21/10/2012,75.3,1,11196.89
8877761792,50176921,10/09/2012,72.1,1,10993.03
3603144645,50177963,03/08/2012,64.5,1,9747.93
3730064502,50177704,24/07/2012,44.0,1,10507.12
8563698048,50175103,01/07/2012,48.7,1,5365.66
1487827796,50177978,19/06/2012,64.5,1,9415.39
9485925365,50180077,10/06/2012,56.0,1,8856.35
9999849735,50177975,03/06/2012,64.5,1,10670.77
8935455628,50177355,03/06/2012,63.0,1,9960.88
4532090421,50177218,20/05/2012,63.0,1,7758.79
8774928262,50177425,17/05/2012,64.6,1,7093.72
4785069041,50176753,16/05/2012,67.1,1,7436.48
1564610465,50176982,16/04/2012,59.5,1,8551.69
2735418436,50176973,28/03/2012,71.5,1,10575.41
9738030972,50179989,15/03/2012,53.0,1,11567.69
9888513052,50176911,26/01/2012,77.6,1,10254.47
8044327828,50175998,17/01/2012,48.1,1,6230.69
9510682218,4498200,11/01/2012,883.0,3,5383.71
3973253441,50176930,15/12/2011,72.1,1,9469.82
2817849161,50177408,24/11/2011,64.6,1,7518.82
1089356131,50177387,23/11/2011,63.0,1,8201.88
2143161768,50176003,20/11/2011,41.6,1,11427.42
9845420154,50177426,13/11/2011,79.5,1,10659.34
1344793085,50177996,24/10/2011,63.3,1,8438.77
6349394961,50175098,21/09/2011,48.7,1,8258.9
4758896489,50175053,19/09/2011,43.7,1,9439.85
9162521856,50177991,28/08/2011,62.9,1,8772.33
7131947563,50176914,27/07/2011,75.3,1,7979.04
6776969778,50180045,09/06/2011,35.0,1,14577.46
1704722049,50177381,31/05/2011,63.0,1,8159.68
2207571074,50176005,26/05/2011,48.1,1,3847.44
1947106266,50176912,25/05/2011,77.6,1,10864.16
8661427918,50177475,11/04/2011,58.7,1,6692.36
3707489798,50177152,06/04/2011,44.4,1,8498.53
8003779950,50177413,13/03/2011,79.5,1,7325.0
5701153626,50175518,09/02/2011,73.0,1,11078.54
9196415114,50177412,27/01/2011,79.5,1,5349.04
1475787160,50177030,20/12/2010,59.5,1,8858.78
7646490971,50177212,13/12/2010,63.0,1,8195.88
4145775032,50179990,01/12/2010,56.0,1,10565.0
1173994974,50180135,30/11/2010,53.0,1,5917.55
6943172863,50176948,03/11/2010,72.1,1,6947.81
2303002288,50175976,03/11/2010,48.1,1,7924.07
3616721641,50175533,07/10/2010,73.0,1,8783.08
4762142483,50177962,13/08/2010,63.3,1,8153.6
5994218674,50177027,25/07/2010,59.5,1,8216.24
1028023127,50176916,13/07/2010,77.6,1,8643.94
6574129861,50179997,07/07/2010,55.0,1,9177.87
2736064715,50177394,10/06/2010,63.0,1,7678.32
8836688620,50177445,10/06/2010,79.5,1,6664.21
8463058316,50177386,09/06/2010,63.0,1,7678.32
5982043470,50177465,17/05/2010,58.7,1,5904.42
6387216882,50175966,16/05/2010,41.6,1,9797.82
4205965076,4373041,08/03/2010,55.0,1,7814.93
7833871528,50175330,11/12/2009,81.3,1,7553.39
6843382280,50175095,16/09/2009,48.7,1,10087.55
7804598474,50176000,03/08/2009,41.6,1,9478.38
7377167102,50177046,02/04/2009,59.5,1,9484.53
3098473276,50177721,04/02/2009,44.0,1,8225.05
1647572941,50175961,22/12/2008,39.7,1,8892.99
8250049934,50175037,26/11/2008,64.5,1,5042.28
6953797084,50175180,20/12/2007,73.0,1,6150.47
7354586628,50177997,12/03/2006,64.5,1,7579.69
1134765795,50175022,09/02/2005,64.5,1,9310.88
9896883605,50175159,30/12/2004,73.0,1,7773.66
9272580356,50175054,28/12/2004,43.7,1,16268.54
5281470240,50175039,16/06/2004,64.5,1,10552.99
6684831365,50176025,04/03/2004,41.8,1,8688.93
6983824821,50175303,17/12/2003,62.2,1,8522.67
3267778199,50176913,30/01/2003,75.3,1,12339.08
3104393437,50175984,17/01/2003,48.1,1,18075.26
6752490117,50175184,28/10/2002,73.0,1,8306.55
6834323596,50176877,14/01/2002,71.5,1,12600.84
5819399285,50175317,10/09/2001,42.6,1,17830.24
3944614082,50175510,08/05/2001,73.0,1,15404.07
1118043188,50175023,17/01/2001,64.9,1,9671.08
6948033549,50175972,17/08/2000,39.7,1,12662.92
4311774279,50175983,14/04/2000,41.6,1,13569.55
3931169215,4373058,25/01/2000,59.0,1,14481.08
6233950739,50175172,28/10/1998,73.0,1,11954.87
2085782324,50175315,08/02/1998,62.2,1,13600.28
5330663549,50185614,22/01/2024,99.9,1,12284.49
9226157494,50185633,17/12/2023,82.3,1,14622.84
5124402589,50185602,05/09/2023,81.5,1,15307.96
3692839967,50185600,28/10/2022,99.9,1,13549.49
9652420136,50185631,01/08/2022,126.7,1,6764.25
8618022860,50185644,16/03/2022,102.4,1,14440.47
4345156564,50185642,24/03/2021,72.7,1,14527.54
8766117460,50185613,13/06/2019,82.3,1,12151.37
9310729555,50185624,28/01/2019,99.9,1,12494.98
1571879394,50185632,03/06/2018,81.5,1,11470.2
5241012400,50185616,03/05/2017,126.7,1,11325.49
9583462795,50185627,01/09/2016,81.5,1,11375.95
1941865416,50185609,10/06/2015,99.9,1,13689.07
6264389742,50185636,26/01/2015,126.7,1,12538.03
2515302769,50185638,02/05/2014,82.3,1,12890.12
7142530462,50185611,12/06/2013,126.7,1,12980.49
3756332266,50185596,05/04/2012,99.9,1,13650.17
2714057313,50185623,11/09/2011,82.3,1,14285.38
2459327266,50185595,04/05/2011,82.3,1,13741.59
1350347021,50185617,16/02/2011,81.5,1,12920.71
9121423964,50185635,23/01/2011,110.4,1,13096.42
9689750486,4498987,04/08/2021,120.0,1,8554.1
7016462743,4538751,09/07/2020,126.0,1,13733.55
2960579011,4537818,27/06/2019,124.0,1,12389.68
4939901248,4537820,20/10/2014,100.0,1,15964.15
7924949491,4510860,08/02/2012,150.0,1,11352.16
7785943826,4537819,02/02/2009,120.0,1,13269.76
8223912019,50183900,05/03/2024,60.0,1,9829.51
4237538092,4501003,18/02/2024,60.0,1,8778.28
3269151497,4515728,10/01/2024,60.0,1,8128.8
8692198482,4536318,09/12/2015,180.0,1,11996.9
8454100244,4496666,04/09/2014,227.0,1,10887.55
7780350215,4497306,22/03/2011,200.0,1,11126.81
1998020133,4537215,24/05/2010,248.0,1,11180.31
1932832781,4501263,09/03/2005,200.0,1,14134.37
2563077319,4499048,16/12/2025,60.0,1,17482.51
9943816533,4500206,18/11/2024,68.0,1,13248.56
6648280658,4500451,28/01/2021,110.0,1,14707.03
8489896501,4501189,20/01/2019,95.0,1,11516.35
9914723556,4500207,19/05/2016,70.0,1,13119.05
7190477630,4500209,07/09/2011,60.0,1,14782.02
4752094080,4496990,16/06/2008,60.0,1,10632.29
5011673576,4505486,29/02/2024,166.0,1,10303.98
4720110766,4498918,20/10/2022,152.0,1,10435.81
8123817615,4495161,02/09/2022,122.0,1,11302.29
1350301439,4508011,15/12/2021,180.0,1,12359.84
2149446831,4502617,10/08/2021,165.0,1,10731.51
4266509110,4502569,20/11/2019,99.0,1,17775.17
3695720612,4508169,06/10/2019,105.0,1,18316.63
8834321866,4507193,16/06/2019,160.0,1,13587.75
8718168380,4502616,09/11/2018,165.0,1,9723.37
2251302249,4509029,05/11/2017,212.0,1,8239.77
2681273734,4508344,11/06/2017,162.0,1,9459.31
8031219741,4508173,11/05/2017,110.0,1,12645.57
5912484128,4498126,09/04/2017,131.0,1,11226.64
3980542582,4495117,01/08/2016,100.0,1,10495.63
9488847603,4496185,03/12/2015,129.0,1,10386.05
7016099638,4507192,19/08/2015,151.0,1,13720.45
2579572760,4536565,23/06/2015,230.0,1,6653.65
8007132365,4509028,16/06/2015,179.0,1,9777.22
5993047810,4500299,10/11/2014,177.0,1,12088.1
6512493095,4500707,17/11/2013,278.0,1,7696.08
2036888696,4508431,25/10/2013,330.0,1,6741.35
7485389866,4501398,13/08/2013,111.0,1,15550.64
2697840436,4506294,08/05/2012,148.0,1,13486.16
3091533388,4502568,04/04/2012,90.0,1,15490.91
3637905620,4508106,26/12/2011,120.0,1,12931.33
2127953268,4494968,20/11/2011,101.0,1,14263.47
4624230642,4497365,07/02/2011,150.0,1,12004.64
2976297636,4508105,16/11/2010,180.0,1,7441.46
4103347999,4497341,04/11/2008,186.0,1,10093.8
8921061054,4497366,04/08/2008,160.0,1,9364.1
3073210089,4536566,28/05/2008,128.0,1,10426.04
1116075015,4507623,31/01/2007,100.0,1,11344.68
7661346538,4496186,30/06/2006,140.0,1,8108.32
9590120228,4501397,14/03/2005,75.0,1,15006.46
5402610372,4500706,31/07/2003,250.0,1,7153.35
4674056181,4516081,09/02/2003,116.0,1,12875.47
1006513297,4538062,31/05/2020,66.0,1,15715.5
2086402300,4500374,11/05/2017,60.0,1,12543.52
4932043766,4501312,30/03/2011,100.0,1,12478.67
5210329943,4503959,12/10/2010,60.0,1,11607.3
9109517640,4538063,16/12/2009,76.0,1,8073.56
1866476510,4538061,17/12/2000,60.0,1,18126.2
6448489442,4499965,25/06/2023,243.0,1,9027.94
4467156947,4514650,24/04/2023,182.0,1,12949.37
3341738355,4501089,29/07/2019,180.0,1,10349.01
2442850910,4537392,03/01/2019,180.0,1,9096.71
8004823150,4496988,12/12/2018,287.0,1,6711.04
2018930146,4510519,02/08/2018,172.0,1,9840.34
9384399770,4538001,11/07/2018,170.0,1,11062.57
7438821648,4498095,26/04/2018,160.0,1,9862.33
6800417173,4514652,14/02/2018,182.0,1,10015.82
6546230040,4496894,01/04/2015,178.0,1,10240.73
8060290589,4497936,14/10/2014,170.0,1,13429.68
1167552680,4497927,02/02/2014,150.0,1,12797.05
1766102530,4516448,11/12/2013,239.0,1,9275.32
5613715911,4496559,08/07/2013,196.0,1,10246.96
8359263540,4498254,24/06/2013,163.0,1,12964.47
9832558952,4496944,13/05/2012,190.0,1,9969.04
8429042189,4537391,27/06/2011,260.0,1,7064.46
9055590575,4499988,01/12/2010,163.0,1,9371.21
6551451970,4498094,17/11/2008,160.0,1,8574.16
2683274190,4538002,05/12/2007,100.0,1,18218.99
1367372047,4514651,05/07/2001,162.0,1,14586.05
7996499674,4500711,31/01/2000,130.0,1,14887.53
5574316839,50181269,14/11/2024,135.0,1,11974.94
9340367731,4536568,08/10/2024,99.0,1,11674.57
5971097653,50178545,10/07/2024,66.2,1,7102.34
3322869292,50181279,21/03/2024,89.6,1,19631.31
9129193277,4499585,31/05/2023,133.0,1,10038.01
5068473264,50181264,21/03/2023,110.0,1,16709.98
5124179128,4498143,10/10/2021,124.0,1,12655.68
6469264301,50181280,21/03/2021,56.0,1,21485.9
2816474352,4499584,24/01/2021,133.0,1,10264.74
6001397941,50178538,01/04/2020,54.5,1,6581.99
7950562982,50181248,19/02/2020,96.0,1,14579.99
1259801991,4501381,18/07/2019,120.0,1,10344.99
2581603039,50178337,10/07/2019,27.9,3,29162.34
7315681499,50178338,10/07/2019,59.4,3,5741.75
8587434375,50181518,19/06/2019,164.1,1,9847.87
5409518901,50178340,14/11/2018,40.2,3,11034.83
1606436995,4501363,09/11/2018,285.0,1,4358.18
2575869613,4505336,24/08/2017,100.0,1,10452.27
3241313285,50178549,27/07/2017,66.2,1,7433.06
6566250568,4536569,07/12/2016,60.0,1,13669.07
9127132354,50181249,05/09/2016,81.0,1,15017.38
8987512719,50178386,16/08/2016,66.1,1,9527.04
3456159299,4536567,05/08/2016,70.0,1,12209.19
1358595059,50178403,16/11/2015,66.1,1,8650.59
1247533120,50181273,13/05/2015,181.0,1,6134.64
7688103884,50181253,30/01/2015,145.0,1,9615.33
1723892444,4497167,26/01/2015,100.0,1,10967.88
4924590969,50181275,13/11/2014,70.0,1,15894.13
4293081800,50181257,05/02/2014,86.0,1,14914.11
5783140418,50181265,18/02/2013,83.0,1,15591.57
8448990276,50178531,10/02/2013,22.3,1,10100.83
4820850487,50181252,22/07/2012,104.0,1,12562.86
1485110680,4499583,05/10/2011,155.0,1,8415.35
8794965927,4512608,14/09/2011,90.0,1,14438.26
6626960418,4499582,24/08/2011,62.0,1,14832.78
4077812018,4500311,26/03/2008,140.0,1,7454.34
3415298890,4512610,10/10/2007,117.0,1,7920.89
9361116994,4499867,05/07/2004,100.0,1,13868.96
8443808995,4536570,23/06/2002,60.0,1,17342.56
4396854142,4512609,14/01/1999,97.0,1,12930.87
5245864826,50178823,01/10/2024,113.5,1,14610.55
2174266684,50178821,03/04/2024,106.5,1,12541.22
4255875534,4507433,20/11/2023,147.0,1,13157.78
1543722590,50178805,26/10/2022,106.5,1,13653.11
4344063068,4506281,09/07/2022,208.0,1,8227.34
2836687597,50178826,03/01/2022,128.5,1,13707.62
2971908176,4508096,04/08/2021,128.0,1,15036.52
3017151530,4495022,15/06/2021,206.0,1,9809.85
2682920177,50178814,28/10/2020,106.5,1,12256.24
1947065854,4538059,16/08/2020,175.0,1,9678.09
6543675535,4496680,25/12/2019,150.0,1,11205.04
3555496949,50178813,17/11/2019,113.5,1,11974.9
7595709442,4501012,15/07/2018,120.0,1,9917.42
4157943431,4497658,31/08/2017,180.0,1,8409.88
9765919330,4514011,01/02/2016,100.0,1,18737.51
7421761524,4508956,18/12/2013,105.0,1,7600.45
1373531256,4495114,24/05/2012,157.0,1,13621.14
8666926587,50178825,08/05/2012,106.5,1,9561.9
2207956986,4496853,01/05/2011,144.0,1,11780.55
4494835237,4496236,21/03/2011,150.0,1,12478.67
9291216637,4497298,03/11/2010,133.0,1,15966.45
6579766017,4495115,08/12/2008,170.0,1,12114.53
8398598918,4538611,11/03/2004,243.0,1,6912.71
5729652001,50186389,02/09/2011,90.3,1,17359.71
9878642898,50186375,28/10/2010,96.4,1,12614.14
3656212559,50186142,19/11/2025,79.9,1,14364.24
4191533822,50186134,15/09/2025,79.9,1,13161.14
3743367268,50186127,29/06/2025,83.6,1,14892.55
3446475647,50186229,26/03/2025,102.5,1,13964.68
6134536611,50186217,12/12/2024,57.0,1,13708.75
2488188398,50186158,27/11/2024,79.9,1,12277.62
6239626560,50186275,10/10/2024,52.1,1,14081.98
9811224057,50186143,20/08/2024,83.6,1,11017.47
5754455883,50186242,20/08/2024,75.7,1,15509.89
5693984378,50186281,02/07/2024,100.2,1,12109.34
1965952940,50186230,22/02/2024,91.2,1,16467.85
5723125524,50186213,19/09/2023,74.3,1,13679.17
5120229059,50186160,18/07/2023,70.9,1,11493.75
3286040833,50186268,12/07/2023,98.3,1,13743.95
4598970211,50186249,07/05/2023,89.5,1,11694.78
6228631214,50186261,03/04/2023,100.2,1,13561.55
7888076270,50186205,02/04/2023,81.5,1,17585.03
3328114965,50186159,28/03/2023,83.6,1,12636.09
3510631818,50186279,08/03/2023,52.1,1,15815.25
9097813278,50186146,14/04/2022,79.9,1,16000.2
9812660468,50186226,24/10/2021,109.6,1,9163.82
1643734683,50186163,17/10/2021,98.5,1,16569.31
5977237163,50186148,02/09/2021,80.8,1,14337.41
2573292532,50186141,07/07/2021,82.3,1,12132.13
4324967987,50186241,31/05/2021,80.0,1,15174.74
6804080928,50186162,09/07/2020,66.5,1,15401.32
7076512438,50186210,09/12/2019,78.6,1,12665.91
7693968270,50186154,08/07/2019,79.9,1,15012.38
3837677080,50186256,21/01/2019,98.3,1,12698.36
4071264404,50186223,25/12/2018,79.0,1,15191.0
8860106411,50186130,24/09/2018,79.9,1,14765.13
5584642159,50186207,05/01/2018,97.2,1,12297.98
8013871906,50186273,05/11/2017,100.2,1,11912.86
8107097677,50186153,29/10/2017,67.3,1,13756.31
1781239661,50186156,21/05/2017,70.9,1,11358.59
5935245411,50186257,11/12/2016,100.2,1,11756.74
4694246173,50186129,20/03/2016,82.3,1,12601.31
4715246407,50186244,13/03/2016,105.1,1,10996.61
5827462956,50186144,08/03/2016,86.4,1,12128.18
5284575306,50186137,13/07/2015,82.3,1,13813.32
4477209438,50186274,09/03/2015,68.7,1,13311.95
4987674964,50186152,29/05/2013,70.9,1,14418.29
5291104043,50186258,18/07/2011,68.7,1,14823.04
7847796553,50186265,03/03/2011,100.2,1,13491.57
6058064556,50186282,21/08/2009,68.7,1,15305.22
9192599296,50186243,27/04/2007,111.2,1,16878.78
9269504755,50186139,13/11/2000,83.6,1,16297.11
4185753801,4516385,25/02/2019,60.0,1,7392.53
8942092704,4508811,30/06/2025,60.0,1,16600.22
1366479261,4497334,27/08/2024,67.0,1,16617.45
2372852899,4537476,07/03/2024,64.0,1,8083.48
1334940453,4496425,04/07/2023,117.0,1,13471.81
5336277247,4506292,26/03/2023,66.0,1,14725.27
9352219119,4540761,05/02/2023,108.0,1,13862.55
1365534177,4537871,02/08/2022,100.0,1,7499.02
7041595429,4539749,28/06/2022,108.0,1,13884.73
9377858333,4537285,05/04/2022,100.0,1,15751.91
6560297449,4539751,06/02/2022,69.0,1,18673.25
8394822499,4504079,02/08/2021,80.0,1,13312.32
8273075406,4508810,27/12/2020,60.0,1,17100.16
4755047970,4501318,12/01/2020,65.0,1,14804.67
1460170252,4504142,08/01/2020,70.0,1,13140.7
1168258082,4496423,06/10/2019,150.0,1,9289.25
2260165444,4503180,05/05/2019,67.0,1,12966.81
2022185257,4499631,08/03/2019,69.0,1,12692.1
8617902015,4500294,11/11/2018,150.0,1,10843.57
2352834728,4540726,30/04/2018,72.0,1,12301.0
4732382411,4495247,15/08/2017,71.0,1,11574.16
7691296915,4540738,28/05/2017,142.0,1,6444.65
5478577008,4540763,16/02/2017,120.0,1,8934.51
6729338383,4498080,15/10/2015,60.0,1,15748.05
5823124214,4497333,06/08/2015,67.0,1,13460.26
3892410800,4505325,21/07/2015,65.0,1,13217.28
1140399436,4504076,22/02/2015,80.0,1,10877.47
2595523838,4540764,05/02/2014,108.0,1,12199.21
4503735907,4540728,16/06/2013,60.0,1,18651.37
3951539133,4537477,09/06/2013,71.0,1,14752.34
5498000118,4498079,04/04/2013,60.0,1,15013.46
3402449130,4537284,16/08/2012,100.0,1,14970.04
9458888573,4540737,10/07/2012,120.0,1,14656.66
7007356228,4536827,09/07/2012,60.0,1,15577.94
6789009780,4536491,06/03/2012,60.0,1,16859.91
4937268558,4497331,11/05/2011,60.0,1,16107.23
9431940921,4495248,21/04/2011,60.0,1,13783.9
6897813148,4540730,03/08/2009,60.0,1,14019.58
8840787709,4500293,19/05/2009,145.0,1,11897.02
8047682192,4536830,23/02/2009,60.0,1,11484.37
9141919954,4540729,30/11/2008,70.0,1,12037.62
5657936541,4497335,12/06/2006,60.0,1,15415.82
1587309173,4498078,18/01/2004,60.0,1,12354.4
9907875505,4506293,15/01/2003,60.0,1,18582.64
3719723126,4497332,06/12/2002,60.0,1,17242.39
9941403552,4652861,24/10/2002,60.0,1,16535.73
4796205567,4536829,30/06/2002,60.0,1,18448.46
5673189573,4505324,21/04/2002,60.0,1,15755.26
3951069713,4501319,27/12/2001,60.0,1,18521.89
5603442772,4500295,27/11/2001,128.0,1,12542.45
5747835176,4537283,15/10/2001,60.0,1,16799.14
4864257575,4536828,29/04/2001,60.0,1,16960.67
8321249542,4539750,06/02/2001,60.0,1,19732.06
6208125082,4540739,29/01/2001,60.0,1,17326.72
2012588545,4497336,31/10/2000,60.0,1,16750.93
5980036607,4496424,17/09/2000,60.0,1,17091.11
4240110476,4504078,27/04/2000,60.0,1,15954.9
1280830177,4540762,02/03/2000,80.0,1,17097.25
4983456933,4495246,06/01/2000,60.0,1,18629.05
2153565503,4506291,07/01/1998,60.0,1,18250.52
4256296785,4501275,11/03/2025,107.0,1,13838.67
6995276660,4538075,15/11/2024,68.0,1,13690.17
1421123135,4499993,06/05/2024,81.0,1,13617.21
9445914129,4500373,14/04/2024,107.0,1,13250.79
2184389658,4498030,29/08/2021,70.0,1,14572.53
3951336062,4505400,28/01/2021,60.0,1,18202.79
9768935327,4503259,26/01/2021,125.0,1,12996.79
4248656170,4568351,20/11/2020,140.0,1,14449.85
4880525437,4499651,17/11/2020,138.0,1,11667.58
5520108585,4516057,07/11/2019,60.0,1,14187.62
4975298743,4500880,21/05/2019,107.0,1,10149.24
8767911665,4505401,14/04/2019,60.0,1,14279.65
9956756774,4499995,13/03/2019,66.0,1,15259.36
5513418494,4537117,06/03/2018,60.0,1,14750.31
4929183953,4499994,29/01/2017,60.0,1,14637.7
9836082967,4498034,01/01/2015,60.0,1,12956.41
2544298461,4499992,05/02/2014,60.0,1,15560.05
5795966060,4497184,10/03/2013,73.0,1,12577.23
6052146615,4517758,26/12/2012,107.0,1,12986.44
6247164104,4498035,07/11/2011,60.0,1,12229.0
4967208745,4499650,08/02/2011,138.0,1,10072.54
1383874374,4503258,22/10/2008,60.0,1,16213.38
9404725805,4503260,14/11/2004,75.0,1,14713.03
1611090424,4503261,30/04/2002,60.0,1,17855.96
7272628505,4498033,27/12/1999,60.0,1,17195.51
5532540183,4551322,10/01/2021,183.0,1,8952.2
1587911197,4551326,03/12/2020,100.0,1,16279.36
6802755209,4551371,22/02/2018,160.0,1,8032.33
2387121319,4551327,20/01/2016,184.0,1,7903.24
3117635819,4551325,22/01/2015,179.0,1,8969.1
5688021496,4551342,31/12/2014,177.0,1,9196.9
9788533980,4551375,11/12/2014,180.0,1,8977.46
1652707894,4551343,30/10/2014,177.0,1,9213.26
9567005638,4551370,28/10/2012,184.0,1,8791.44
9985111181,4551324,06/03/2012,160.0,1,10601.31
7388328998,4551369,28/10/2004,130.0,1,12468.43
2797081081,4551323,29/07/2002,100.0,1,18775.66
9350156193,4551372,23/09/2001,178.0,1,9801.67
3799607283,4497463,24/12/2024,70.0,1,13423.67
8132659567,4506416,03/01/2021,148.0,1,11299.87
9012634353,4496624,31/03/2020,60.0,1,16486.52
6582180184,4500033,28/12/2018,80.0,1,12037.93
1121082976,4497462,24/08/2018,60.0,1,15061.14
4396207910,4500034,01/12/2017,80.0,1,10273.92
3140387141,4537291,31/03/2016,60.0,1,12584.77
4696977285,4499102,29/11/2015,80.0,1,18861.59
5139955546,4497276,05/03/2014,60.0,1,15483.04
7225941602,4537293,26/12/2013,60.0,1,14749.11
6577702854,4537292,17/11/2013,60.0,1,15069.08
3341279712,4499101,09/01/2013,60.0,1,17229.88
9167245948,4499100,22/07/2012,93.0,1,9704.47
4537754111,4537295,13/05/2012,60.0,1,14256.79
5035049058,4536938,01/05/2012,60.0,1,12220.11
5520671096,4509289,13/12/2011,100.0,1,13448.58
3567947713,4496714,02/08/2011,70.0,1,10656.05
1499467828,4499598,28/05/2010,150.0,1,10474.71
5069127005,4537294,29/07/2005,60.0,1,13345.97
4295304964,4506417,17/07/2005,120.0,1,10897.41
7457600206,4499599,30/03/2005,161.0,1,8932.42
4460852232,4536939,02/01/2005,120.0,1,12030.05
3356612354,4500032,26/12/2004,60.0,1,15705.41
5340713901,4496715,10/10/2003,60.0,1,18095.15
5053343054,4516103,28/10/2025,167.0,1,14458.07
6848566104,4495055,04/11/2024,161.0,1,14610.89
1754479203,4495986,04/04/2021,227.0,1,8997.5
8706297810,4497953,15/04/2019,120.0,1,12706.47
7888668378,4498006,09/08/2018,106.0,1,10399.6
3590601597,4537427,30/10/2014,146.0,1,11757.37
8359190615,4516316,10/07/2012,200.0,1,9849.28
9123695759,4497404,08/02/2012,240.0,1,9030.12
4824107604,4516317,07/07/2010,150.0,1,15158.64
2164518540,4555202,12/12/2022,138.0,1,10848.95
1062647399,4536738,22/11/2020,64.0,1,14621.87
3977695212,4536737,28/07/2020,67.0,1,14278.49
5578278095,4514992,16/02/2020,70.0,1,12118.44
6980523722,4555204,17/06/2019,138.0,1,9441.84
3397353037,4514993,06/05/2018,70.0,1,10257.08
1338291532,4500087,05/07/2016,60.0,1,13371.54
5752459442,4496992,27/03/2014,69.0,1,15419.1
5947863713,4496474,22/07/2013,60.0,1,6086.07
6429052464,4496475,21/08/2011,60.0,1,12942.97
3361488341,4536736,23/05/2011,60.0,1,13091.41
9054035213,4536739,23/05/2011,60.0,1,13091.41
9682145150,4496993,29/05/2008,60.0,1,14619.3
8982297120,4555203,25/10/2007,120.0,1,11816.25
4071447422,4514994,21/06/2007,60.0,1,14516.07
3837616742,4496994,14/10/2004,60.0,1,16417.62
6675801970,4500085,30/05/2002,60.0,1,18836.64
5573518620,4500086,16/12/1998,60.0,1,17462.66
2439594691,4554101,12/09/2024,120.0,1,7996.68
6076404776,4556540,19/09/2012,203.0,1,14905.13
5375551389,4554100,18/01/2012,120.0,1,16362.74
6342142568,4537408,27/05/2025,200.0,1,11194.0
7382575238,4497830,28/12/2022,165.0,1,11501.83
3235038622,4497720,07/07/2021,170.0,1,12125.69
4635866741,4496663,21/10/2020,150.0,1,12960.32
3257815226,4495331,06/07/2018,140.0,1,8395.7
9506688050,4497375,26/12/2014,80.0,1,20199.29
6156310641,4541045,20/07/2011,227.0,1,9196.48
8882501921,4551398,13/09/2010,140.0,1,15176.11
8222428288,4496664,14/07/1999,257.0,1,11291.3
5702442874,4500677,25/06/2023,157.0,1,3694.38
2347833344,4496351,27/02/2020,210.0,1,10314.13
4376741603,4537316,27/01/2020,233.0,1,9110.42
4692809854,4514593,10/09/2019,286.0,1,9058.35
7459855430,4537317,05/01/2017,233.0,1,8049.83
4987361208,4515201,11/12/2016,232.0,1,8998.45
2034968593,4496352,30/04/2014,211.0,1,10163.53
7930720723,4498128,16/08/2013,160.0,1,13615.92
9678940682,4501165,13/04/2011,100.0,1,11061.58
6313367632,4537318,05/05/2008,231.0,1,9601.54
7699874804,4500676,18/02/1999,156.0,1,12307.8
6212323779,50182433,27/10/2025,82.6,3,11570.68
5564079565,50182386,04/08/2025,126.0,1,7968.41
2512933165,50182392,29/01/2025,65.65,1,12730.88
8270241630,50182453,19/12/2024,86.8,1,12420.88
8292255132,50182344,11/12/2024,65.65,1,12806.48
3996256253,50182321,05/06/2024,83.0,1,11230.43
2408890988,50181564,04/04/2023,62.0,1,10359.3
2672460166,50182467,06/10/2022,140.0,1,9064.25
2360429832,50182320,30/09/2022,100.0,1,14319.13
3032022056,4494944,26/05/2022,325.0,3,1200.59
6685316456,50182342,10/04/2022,83.0,1,12377.1
6666135870,50182383,11/11/2021,65.65,1,13727.19
1991745016,50182349,12/09/2021,100.0,1,15912.95
4466181191,50181532,06/05/2021,62.0,1,10854.3
6342088474,50181552,19/04/2021,62.0,1,10053.87
8589796688,50182436,19/05/2020,66.6,3,9707.03
6072567850,50182432,03/04/2020,64.55,3,11702.24
5422071738,50182389,27/08/2019,100.0,1,11717.16
7209051291,50182340,02/04/2019,100.0,1,13069.51
2480598812,50182426,20/01/2019,88.75,1,9928.08
9185852492,50182459,11/12/2018,86.8,1,5120.7
6530727196,50182420,03/12/2018,100.0,1,12593.53
7217553405,50182431,02/10/2018,83.4,3,8858.36
5897962511,50181549,14/08/2018,62.0,1,9257.92
8137413017,50182468,20/03/2018,118.0,1,7375.15
1789987929,50182391,31/12/2017,83.0,1,10628.88
9794048463,50181531,07/11/2017,62.0,1,9626.36
9693216811,50182381,26/05/2017,83.0,1,10231.94
2419485845,50182422,12/04/2017,83.0,1,8859.57
3850303324,50182382,05/03/2017,83.0,1,15804.93
8329254792,50182341,07/11/2016,83.0,1,9774.41
6677199041,50182393,04/09/2016,65.65,1,10733.07
1453239766,50182465,04/08/2016,79.8,1,9075.16
5448548637,50181563,11/11/2015,62.0,1,6404.62
7843938286,50182352,29/06/2015,65.65,1,11655.29
2782539824,50182452,31/05/2015,106.2,1,9526.09
2092854450,50182326,14/12/2014,88.75,1,10062.21
8210068511,50182385,22/07/2014,88.75,1,11569.79
7764182027,50181535,26/06/2014,62.0,1,11122.45
1353117225,50182351,24/10/2013,83.0,1,11496.37
6790753688,50181565,23/06/2013,62.0,1,12388.8
8576103977,50182429,22/04/2013,69.55,3,12142.44
4034992219,50182166,04/04/2013,65.7,1,9997.55
4206813048,50182451,10/01/2013,63.0,1,9040.1
7390399457,50182324,19/06/2012,65.65,1,11408.89
8493805736,50182463,01/06/2012,79.8,1,10146.9
7821819953,50182424,01/04/2012,65.65,1,11625.87
7055691379,50182322,06/02/2012,83.0,1,12284.69
5374881896,4495714,14/09/2022,183.0,1,13157.02
2300695052,4501332,10/10/2021,252.0,1,11956.61
7218224560,4515779,09/08/2021,250.0,1,10264.93
3245283506,4514851,08/11/2020,226.0,1,9633.23
5074998650,4497142,03/08/2020,172.0,1,12666.13
3133939729,4499068,31/07/2020,190.0,1,11995.26
5495602749,4505366,10/11/2019,167.0,1,11565.42
8942922535,4536752,17/03/2019,260.0,1,9262.79
2471736999,4500681,30/10/2018,170.0,1,11820.6
4325916719,4497802,27/04/2017,175.0,1,10252.8
2006290580,4498100,28/03/2017,219.0,1,8608.09
9116372932,4497937,05/05/2016,191.0,1,8989.97
4254257857,4497187,18/09/2015,230.0,1,9127.51
3773026706,4495189,15/03/2015,164.0,1,11659.77
1821565696,4498101,12/12/2014,160.0,1,12544.82
7470071578,4499040,30/03/2014,149.0,1,12190.91
2572127758,4536795,05/02/2014,150.0,1,11750.02
1633139259,4537332,07/01/2014,160.0,1,10754.17
4652112268,4496354,28/10/2013,194.0,1,9602.88
3564783376,4536407,28/11/2012,166.0,1,11079.91
2007713464,4496255,20/02/2012,167.0,1,15449.31
7347131692,4496846,31/01/2012,140.0,1,16239.72
9390465219,4498014,02/12/2010,242.0,1,7201.02
5039327225,4497189,31/03/2010,236.0,1,9915.83
8862694794,4499839,08/07/2009,120.0,1,18851.16
9635745248,4536813,13/08/2008,260.0,1,10861.9
4610309386,4496844,23/03/2007,125.0,1,16096.83
3692609776,4499840,24/07/2005,150.0,1,14831.25
6865746261,4496355,11/05/2003,150.0,1,14832.32
6107521598,4499070,02/01/2002,164.0,1,12281.17
3665292587,4505365,14/09/2001,170.0,1,12070.72
8938105134,4498951,17/06/2001,140.0,1,16351.88
9018854221,4536406,07/09/2000,120.0,1,15183.39
5706890777,4499039,02/02/1998,147.0,1,15384.43
7244013660,4502913,30/12/2024,230.0,1,11052.26
9356747549,50180814,19/09/2021,192.0,1,15249.91
1431520014,4502971,23/01/2019,288.0,1,10198.11
3256942911,4504771,22/10/2015,160.0,1,8307.75
4940482823,4514850,23/06/2015,235.0,1,8659.68
8211383437,4499789,27/07/2014,200.0,1,13019.69
4510448376,4514935,17/01/2014,190.0,1,9887.83
1855285670,4497761,24/12/2013,259.0,1,8901.44
8394784101,4499825,07/08/2013,265.0,1,8906.57
3260874671,4502970,03/06/2013,282.0,1,7884.62
2136195088,4497029,25/05/2011,239.0,1,4353.38
9394587414,4551366,24/04/2022,176.0,1,7782.57
4815108384,4551368,07/07/2015,197.0,1,9068.31
4536561684,4551402,13/05/2012,176.0,1,9315.52
6199603622,4551367,17/09/2003,160.0,1,13341.67
8016454095,4498038,28/06/2018,115.0,1,7938.36
9484429149,4501062,21/07/2024,204.0,1,5130.0
6258300826,4497766,04/04/2024,270.0,1,9132.59
3837321030,4495094,13/05/2022,152.0,1,11253.86
4924556639,4495095,07/06/2020,152.0,1,11662.06
7598197517,4499850,26/06/2019,188.0,1,9366.88
5912795827,4496839,21/05/2019,154.0,1,5171.28
5918840520,4501077,18/03/2019,180.0,1,7703.4
2674088114,4495092,18/03/2018,163.0,1,9954.19
5724501603,4505332,08/03/2018,290.0,1,8138.1
9870888829,4536480,23/11/2016,170.0,1,10857.87
8385170647,4537383,29/06/2015,208.0,1,8727.13
3513596910,4503097,21/06/2015,147.0,1,10631.97
7879754710,4500462,19/10/2014,222.0,1,8118.94
3546558644,4500991,30/07/2014,280.0,1,6509.84
8245480877,4495093,22/07/2012,152.0,1,11901.65
6554670989,4503098,15/11/2011,150.0,1,12401.24
9661240572,4501063,08/07/2010,200.0,1,10232.08
8103020127,4500491,08/12/2009,266.0,1,8119.68
8142479065,4541047,22/06/2005,180.0,1,11019.95
4708316764,4496840,12/08/2001,160.0,1,10129.47
9158264482,4497765,14/06/2001,210.0,1,6227.1
3395654663,4499554,21/02/2021,212.0,1,13416.38
9138267797,4503156,23/10/2020,165.0,1,10098.95
9197493717,4501396,23/09/2016,164.0,1,12211.11
9706004301,4497752,16/08/2016,171.0,1,8110.66
6167485090,4495270,12/07/2016,291.0,1,9441.49
5089732846,4497343,25/05/2015,135.0,1,14012.91
6601131251,4514673,15/01/2015,236.0,1,9667.18
2078386501,4499555,27/03/2014,212.0,1,11016.18
3473765046,4498210,05/12/2012,169.0,1,13515.92
3985110517,4496966,04/09/2012,210.0,1,16984.23
7831654119,4501395,24/02/2011,165.0,1,13402.31
5178619558,4494362,03/06/2008,251.0,1,8553.4
4456434282,50181342,13/12/2023,140.0,1,12475.82
4742127171,50181322,02/01/2022,95.0,1,10022.36
8715128207,50181339,21/10/2021,182.0,1,9864.21
1851234253,50181287,23/07/2017,96.5,1,13122.83
9868065101,50181327,09/04/2014,101.0,1,11938.07
1212986076,50181295,19/01/2011,105.8,1,13324.17
2957247605,50181296,15/11/2010,73.8,1,12690.17
5499617115,50181335,31/01/2010,70.0,1,11404.78
9687911551,4503892,09/05/2023,100.0,1,12015.5
6230084613,4538520,01/11/2021,148.0,1,11510.94
1724446439,4537544,01/03/2020,142.0,1,10650.52
5259936490,4496456,26/11/2014,300.0,1,8558.38
9239741612,4494429,12/06/2012,100.0,1,18623.64
1657436090,4504072,12/06/2012,300.0,1,5971.71
3458404531,4536575,28/06/2011,215.0,1,9824.53
6154152913,4515804,25/11/2010,200.0,1,7840.76
4525907640,4536576,23/05/2008,300.0,1,6254.97
1437037225,4510091,05/08/2024,172.0,1,12946.15
4231527608,4499820,17/02/2025,96.0,1,13341.41
5274017029,50178456,31/07/2024,54.5,1,7606.63
4409553476,50178458,20/09/2023,54.5,1,4679.97
9652701441,50178449,27/11/2022,66.2,1,9390.91
4813597826,4555236,04/04/2022,123.0,1,13316.83
8747770511,4500970,31/10/2021,77.0,1,13174.0
8753009929,4501393,04/01/2018,122.0,1,10281.91
2937814496,4499821,12/12/2016,120.0,1,9307.39
8515100733,4501394,30/01/2014,123.0,1,9849.52
9523180934,50182890,02/09/2025,101.9,1,11907.32
3874223804,50182111,10/08/2025,74.0,1,11804.0
7880056854,50182908,07/08/2025,90.0,1,15060.28
7260737048,50182132,10/07/2025,62.0,1,10945.84
2975069829,50182125,29/05/2025,62.0,1,10672.41
5153422392,50182081,25/05/2025,74.0,1,12101.61
8545803482,50182035,12/01/2025,77.0,1,6470.02
5046951568,50182072,25/12/2024,74.0,1,10559.44
5135709708,50182897,16/12/2024,92.4,1,13916.09
1507222982,50182071,10/11/2024,62.0,1,10978.73
4113061118,50182887,22/09/2024,127.7,1,13605.22
8212335579,50182087,19/06/2024,62.0,1,11439.13
2153378913,50182904,28/05/2024,160.0,1,8936.3
7443544223,50182023,02/04/2024,62.0,1,10771.3
8972351622,50182094,02/04/2024,62.0,1,5556.01
6220998353,50182105,21/12/2023,62.0,1,11680.74
1639914822,50182913,29/10/2023,89.0,1,10809.45
7627243435,50182034,22/08/2023,62.0,1,9522.07
3565167935,50182096,28/07/2023,74.0,1,6158.17
8061651750,50181963,26/05/2023,62.0,1,13023.24
4607226841,50182947,14/04/2023,76.8,1,9676.18
2968955870,50181971,24/03/2023,62.0,1,12778.77
8723176192,50182935,19/03/2023,72.8,1,10883.01
7804435648,50181982,16/03/2023,62.0,1,12437.99
1014469064,50182914,27/02/2023,76.5,1,11990.47
4424164705,50182101,23/02/2023,62.0,1,12073.83
4345163276,50182875,12/01/2023,87.9,1,13434.07
7248479818,50182118,10/11/2022,74.0,1,11134.79
4649151798,50182918,24/10/2022,84.8,1,12470.47
9496406221,50182106,21/07/2022,74.0,1,10977.29
7812232396,50182022,15/06/2022,62.0,1,10492.59
6627926297,50182115,07/01/2022,74.0,1,12384.04
9827237289,50182932,05/12/2021,83.3,1,12337.91
4503915705,50182030,29/11/2021,62.0,1,12145.95
6321911164,50182869,24/10/2021,178.5,1,9530.12
2121180499,50182029,10/10/2021,62.0,1,11946.97
2708930529,50182130,23/08/2021,74.0,1,9796.76
9686778487,50182928,04/08/2021,76.4,1,12428.08
2357044114,50182941,08/07/2021,85.6,1,12191.21
3540159037,50181966,14/03/2021,62.0,1,8603.6
6203653162,50182859,10/03/2021,89.6,1,11936.62
3226733819,50182079,26/01/2021,62.0,1,8627.24
5129446357,50182900,08/01/2021,96.8,1,8321.01
1345036475,50182131,13/12/2020,74.0,1,10537.4
5848174090,50182872,26/05/2020,92.4,1,13378.17
8254950466,50182868,19/02/2020,150.0,1,9613.96
8911675390,50181979,24/02/2019,62.0,1,11994.27
8608380119,50181987,08/01/2019,62.0,1,11606.11
2080888877,50182040,05/11/2018,62.0,1,7679.54
8695650640,50182070,07/10/2018,62.0,1,10724.33
7265523189,50181961,17/09/2018,74.0,1,11956.76
2600772990,50182888,12/07/2018,101.5,1,11580.28
5022537410,50182033,11/04/2018,77.0,1,9968.61
4042591772,50182955,20/02/2018,73.0,1,12546.18
9259917250,50182946,11/02/2018,99.2,1,8785.83
8894039833,50182039,30/01/2018,62.0,1,8045.26
7705116253,50182028,04/12/2017,62.0,1,10671.74
6872300521,50181975,18/10/2017,62.0,1,11957.47
2220129334,50182076,14/09/2017,74.0,1,10162.58
5030037411,50182893,30/08/2017,101.2,1,10257.1
4712893284,50182089,29/08/2017,74.0,1,10715.29
6946748268,50182919,07/08/2017,81.2,1,10564.13
4946065254,50181976,18/06/2017,74.0,1,11188.32
8663147036,50182871,04/06/2017,82.1,1,13269.05
2349985785,50182858,30/05/2017,103.3,1,10489.12
7560061890,50182925,29/05/2017,71.6,1,13088.04
2870839810,50182864,24/05/2017,86.2,1,11295.93
9287626919,50182885,17/05/2017,90.9,1,9987.01
3534532469,50181977,08/03/2017,74.0,1,10954.98
9404535243,50181974,07/03/2017,62.0,1,11292.3
9557155597,50181959,01/03/2017,62.0,1,11411.17
2108648175,50182956,23/02/2017,76.4,1,11048.3
7214527108,50182107,13/02/2017,74.0,1,10806.27
5223930950,50182112,04/01/2017,62.0,1,10083.93
6284299196,50182879,20/12/2016,159.9,1,7740.29
1623595068,50182958,15/12/2016,72.6,1,8801.19
1486264822,50182103,18/11/2016,74.0,1,10762.03
3977268955,50182881,31/10/2016,127.9,1,9853.69
3362466939,50182912,26/10/2016,85.0,1,10466.05
5142033155,50182855,29/09/2016,102.4,1,10575.2
2428916498,50182954,23/09/2016,72.5,1,10537.43
5362309546,50182944,20/09/2016,76.1,1,12865.44
5397333831,50182894,06/09/2016,124.2,1,9973.1
1049281359,50182878,29/08/2016,127.5,1,9407.85
4910643535,50182922,23/08/2016,138.5,1,9634.97
9864888175,50181968,11/03/2016,74.0,1,10932.71
3984184525,50182041,27/01/2016,62.0,1,6719.47
1821781143,50182097,17/12/2015,74.0,1,9010.1
5258495856,50181986,29/11/2015,62.0,1,11015.94
9700283616,50182019,02/11/2015,62.0,1,6916.98
1353710909,50182862,11/09/2015,167.3,1,7142.86
2468019402,50182020,10/12/2014,62.0,1,7681.9
4410500552,50182909,26/08/2014,89.7,1,12586.7
7852015608,50181972,19/06/2014,74.0,1,12347.42
2255766270,50182126,05/03/2014,74.0,1,11688.84
1382053825,50181969,24/10/2013,74.0,1,13631.41
7886119092,50182957,15/08/2013,76.9,1,12758.95
3799992651,50182895,21/04/2013,135.1,1,8612.46
3673631342,50182114,31/01/2013,74.0,1,11303.14
3130761777,50182031,08/01/2013,62.0,1,7427.54
1374151036,50182044,25/12/2012,62.0,1,7675.38
9093094146,50182024,25/12/2012,62.0,1,7675.38
9908294155,50181967,07/11/2012,62.0,1,12490.75
8597611893,50182043,22/10/2012,62.0,1,7906.29
4833322534,50182873,02/07/2012,102.2,1,12980.8
1019971536,50182102,19/06/2012,74.0,1,12528.82
5990962120,50182889,02/12/2011,92.6,1,12065.52
1496059465,50182042,01/02/2011,62.0,1,9341.47
7072108895,50182959,05/10/2010,67.0,1,10889.58
8427840230,50182127,07/09/2010,74.0,1,9973.49
2651633946,50181983,07/06/2007,62.0,1,10693.1
2609425920,50182027,10/04/2003,62.0,1,16990.14
9179296341,50182021,08/02/2001,62.0,1,13800.12
1554390995,50181984,14/06/2000,74.0,1,13615.2
5262495011,4501156,09/09/2025,190.0,1,12027.12
7852086344,4500437,06/12/2023,127.0,1,14843.04
4169338397,4500438,29/05/2022,123.0,1,12725.55
5177833387,4498145,30/06/2021,207.0,1,11085.12
5463441833,4503183,22/02/2021,207.0,1,9814.61
5767215514,4497997,03/03/2019,163.0,1,11820.0
3125994574,4500436,20/03/2018,123.0,1,13191.34
5909208506,4498155,25/07/2016,178.0,1,9346.19
7453639487,4498074,22/12/2015,158.0,1,9128.2
5734004416,4497906,01/02/2015,154.0,1,10866.61
4136739061,4497946,24/07/2013,202.0,1,9942.6
7288370001,4510522,24/05/2012,150.0,1,12966.89
5357087044,4500312,19/02/2012,157.0,1,12094.93
2722333126,4500439,08/06/2003,124.0,1,14602.21
9309327130,4495145,20/12/1999,100.0,1,21800.92
4653424900,4502947,10/07/2025,267.0,1,10092.16
2677158091,4551349,06/12/2022,249.0,1,8891.97
2888030635,4496969,11/10/2020,108.0,1,16521.84
8709279444,4551348,05/02/2020,221.0,1,10235.78
7120801279,4495333,28/01/2020,176.0,1,11256.9
2246970688,4502948,28/10/2015,240.0,1,9335.38
8798828415,4495314,24/02/2014,202.0,1,10366.65
4271050954,4497771,19/09/2002,100.0,1,22664.45
2312851216,4499655,06/02/2025,65.0,1,16672.81
3250389157,4497231,01/04/2024,107.0,1,12674.66
4997392829,4495303,24/01/2024,105.0,1,13644.14
7148138935,4497233,17/07/2023,97.0,1,13928.15
6710395769,4495977,03/03/2022,110.0,1,13653.63
3810246166,4497049,09/02/2022,86.0,1,13211.43
7956251064,4510669,02/03/2020,60.0,1,12972.23
8400231950,4537541,31/10/2018,66.0,1,13432.51
4138856907,4499657,05/04/2017,100.0,1,8338.8
2064493770,4510670,12/06/2015,62.0,1,12446.48
8582608812,4507848,07/07/2011,60.0,1,13577.9
8880375234,4495301,25/10/2009,96.0,1,11063.9
5652314646,4495975,15/11/2006,100.0,1,11978.69
8274463077,4507847,29/08/2004,60.0,1,13292.15
2459847845,4510668,11/10/2001,60.0,1,16960.67
1452687634,4507849,24/09/2001,60.0,1,16966.79
1048225731,4537444,27/08/2001,60.0,1,16121.72
3940832619,4497232,23/01/2001,100.0,1,13543.45
2562210794,4499656,09/08/1998,60.0,1,16481.16
1560377039,4497234,11/06/1998,80.0,1,12971.36
6340274200,4497990,25/11/2025,103.0,1,13080.62
5297759711,4507548,19/02/2025,65.0,1,13186.69
6937536875,4500901,06/09/2022,120.0,1,13523.61
3974340974,4500674,11/04/2022,100.0,1,13697.31
6582079557,4498849,10/02/2022,100.0,1,9956.24
8239600202,4499896,13/01/2022,65.0,1,13732.56
5123583713,4507546,27/07/2021,65.0,1,15063.84
5611973811,4499897,14/04/2021,64.0,1,15542.05
4811672863,4507545,21/01/2019,65.0,1,13555.64
4167547504,4505793,08/04/2018,100.0,1,10332.84
3610996695,4498846,30/05/2014,100.0,1,12592.29
4408859764,4500902,08/05/2014,62.0,1,11935.69
4958357641,4507547,01/06/2012,60.0,1,14676.23
1236628153,4495482,12/08/2009,60.0,1,9507.03
1096976918,4500675,25/02/2009,120.0,1,7720.59
1632763110,4507544,01/08/2005,60.0,1,10456.89
2144041998,4495501,11/12/2003,60.0,1,15221.64
9589001179,4500899,27/06/2003,60.0,1,16490.64
1684723595,4495500,28/08/2001,60.0,1,16281.88
9333858788,4498848,25/04/1999,60.0,1,14128.5
5675086811,4540965,06/12/2022,180.0,1,9664.74
8354010493,4497871,09/06/2020,170.0,1,9268.66
2324576443,4497872,19/12/2013,146.0,1,10203.35
8381975866,4537338,15/07/2012,176.0,1,11135.26
3978442608,4497868,12/06/2009,110.0,1,13046.6
5197219605,4499679,29/01/2024,190.0,1,13306.21
1026338306,4499634,16/06/2020,182.0,1,10435.43
9786431072,4495064,29/01/2012,200.0,1,10334.36
4617172552,4536312,05/03/2008,194.0,1,10889.25
7301151930,4537233,27/03/2025,106.0,1,11547.89
2326507080,4497345,11/12/2024,97.0,1,12746.29
5812392794,4536540,11/06/2014,156.0,1,9393.48
7552490879,4501244,04/09/2012,60.0,1,16512.45
7013041615,4537230,28/02/2012,100.0,1,13106.58
6541322933,4502915,14/02/2012,60.0,1,13760.18
3558842372,4499327,18/01/2012,120.0,1,10592.73
8968024963,4537229,22/11/2011,60.0,1,11367.8
3381842156,4499326,16/10/2011,60.0,1,12974.77
9573291918,4499325,11/08/2009,140.0,1,12204.54
4822609222,4502917,01/01/2007,60.0,1,11733.96
6739137202,4537231,20/10/2005,76.0,1,11020.22
3429843052,4497344,12/07/2005,76.0,1,10772.85
5000931114,4501243,08/06/2005,60.0,1,15614.59
7726359536,4537232,09/04/2000,60.0,1,17119.85
3789360516,4502916,27/09/1999,60.0,1,18468.07
7657036372,4499595,05/06/2024,149.0,1,14619.72
2667850677,4499959,06/02/2019,267.0,1,9759.11
5594182383,4499596,24/07/2016,150.0,1,11100.9
3515233331,4499823,20/06/2013,244.0,1,9037.24
9600334140,4499772,27/10/2025,189.0,1,10645.93
4601125325,4500871,15/02/2022,239.0,1,12252.33
9046354191,4496240,21/07/2020,233.0,1,9050.94
8264262373,4500870,28/06/2020,245.0,1,8153.99
7183389206,4551455,19/10/2015,155.0,1,10838.51
4329010417,4511932,20/09/2015,216.0,1,8971.48
8833039228,4500869,24/03/2013,200.0,1,10389.94
3645893041,4498059,19/01/2012,150.0,1,14330.32
5267506166,4551456,27/11/2011,155.0,1,11667.83
3639007579,4511933,20/11/2011,215.0,1,9613.37
6783424966,4497755,27/05/2011,200.0,1,8739.03
5797835913,4504102,04/09/2010,200.0,1,6653.53
4993255355,4551454,28/06/2007,125.0,1,12635.47
9770090306,4499770,17/07/2005,156.0,1,11259.63
6412757011,4498060,04/01/2005,289.0,1,7167.49
5051780648,4504101,08/08/2002,179.0,1,9677.73
2714390710,4499771,15/10/2001,120.0,1,14726.16
6971602723,4494941,04/03/2024,255.0,1,12781.4
1328717572,4496347,13/12/2021,126.0,1,8588.56
3411357387,50178906,13/10/2020,123.0,1,21450.01
8601189753,4498026,10/05/2015,116.0,1,14180.98
9089263180,4496368,05/11/2014,265.0,1,7750.98
2003763519,50178907,22/06/2014,155.0,1,10566.33
3912064895,4496975,21/10/2012,120.0,1,12254.74
7082604874,4494984,21/07/2011,304.0,1,5560.69
9114624853,80410966,19/09/2023,108.5,1,14868.88
5345973710,4555209,01/06/2023,69.0,1,18611.14
8254875152,80410969,18/01/2021,107.6,1,13956.6
4429033369,4577339,03/03/2020,131.0,1,11872.15
1338235404,4516108,01/01/2020,68.0,1,6243.32
9151228423,4556567,01/02/2018,156.0,1,9459.84
5017144024,4539526,17/04/2008,142.0,1,10778.58
2240180060,4516107,07/02/2000,60.0,1,19594.77
5658455787,4497452,01/10/2024,62.0,1,14102.82
7330113545,4499798,04/02/2022,60.0,1,19033.99
2358463035,4499796,15/08/2021,60.0,1,15504.31
9921893168,4499626,22/07/2021,110.0,1,13820.52
4817873707,4537404,08/11/2020,60.0,1,16055.39
9425905657,4537403,24/01/2019,60.0,1,15027.93
5109063786,4499794,14/03/2016,90.0,1,10786.95
7542983550,4497278,07/05/2015,60.0,1,14667.86
3281682384,4499795,25/12/2012,68.0,1,11476.94
1899496721,4503262,18/01/2011,60.0,1,13395.32
3296763770,4497279,02/07/2009,80.0,1,6653.35
1798525319,4497277,02/04/2008,60.0,1,10519.3
3460919987,4499799,04/01/2006,60.0,1,13327.99
7313950678,4499627,13/06/2001,76.0,1,13042.91
5026374681,4537402,08/12/2000,60.0,1,18657.77
1856077726,4537405,30/06/1998,60.0,1,17347.71
2100445895,50181617,27/12/2017,62.0,1,7913.21
2039254451,4540724,14/08/2025,110.0,1,14603.91
7209131514,4501036,02/04/2025,109.0,1,13638.64
4541934001,4501088,22/02/2023,108.0,1,11617.21
8256287691,4500021,27/12/2020,80.0,1,13680.13
6489809187,4501085,27/07/2020,108.0,1,12244.82
6114495184,4501084,25/10/2019,90.0,1,13668.14
4693658105,4501086,30/05/2019,108.0,1,11355.75
2047243934,4500020,04/04/2019,80.0,1,9983.65
9039860642,4501038,21/01/2018,109.0,1,8326.52
2590593828,4501087,15/06/2017,108.0,1,9279.99
4971861372,50178506,13/07/2016,28.7,1,10548.85
1360668878,4540725,20/03/2016,127.0,1,8857.67
9910532449,4540743,09/12/2013,104.0,1,7673.54
9039300514,4500019,27/09/2012,100.0,1,12285.26
7899115141,4537879,02/02/2011,130.0,1,9396.34
6438851883,4537878,08/01/2007,132.0,1,10060.58
7663949807,4501037,11/11/2002,90.0,1,16940.78
3504215695,4497939,21/01/2002,100.0,1,11522.45
9239040623,4500071,23/07/2025,109.0,1,14191.78
3648343345,4505269,11/01/2022,66.0,1,20557.22
5528836516,4505268,04/07/2019,60.0,1,18546.31
1123139994,4500069,21/12/2017,109.0,1,11465.87
5579186449,4500070,13/07/2017,109.0,1,10210.49
4219058114,4505267,18/09/2013,61.0,1,20048.01
1021772664,4500380,12/06/2013,302.0,1,4350.54
1947866176,4500381,17/05/2012,164.0,1,4160.3
5051765743,4499564,06/10/2011,60.0,1,13112.8
1057360499,4505266,12/06/2011,60.0,1,15306.33
4440511161,4499565,09/05/2006,61.0,1,12671.27
8955851182,4500382,18/11/2002,165.0,1,10560.49
9211825835,4500073,22/04/2001,97.0,1,16585.99
9403907901,4497017,01/04/2025,117.0,1,12282.54
4426317683,4503902,18/03/2024,165.0,1,9343.52
4718167955,4503755,07/11/2021,106.0,1,16887.13
3557825462,4497018,25/02/2020,115.0,1,7991.14
4983247994,4500559,18/08/2019,89.0,1,13002.8
4064893132,4500561,03/10/2017,124.0,1,9624.3
2974003504,4497020,13/01/2017,77.0,1,16954.34
5813934140,4503756,04/08/2016,106.0,1,9901.53
8954536412,4505398,10/09/2014,118.0,1,11670.03
4504379757,4500560,25/04/2013,89.0,1,12630.71
8000651477,4497016,05/12/2012,122.0,1,11389.74
9756951305,4501424,04/02/2010,96.0,1,15084.74
8964056853,4500558,15/08/2008,120.0,1,9413.65
8964567028,4505399,17/07/2003,100.0,1,16706.41
6446129954,4499751,29/03/2001,120.0,1,11557.46
3559489897,80410951,08/09/2024,107.5,1,14564.34
9654029348,4499239,22/06/2023,149.0,1,11491.44
8600229481,4537250,19/07/2021,256.0,1,5334.59
9035702452,80410950,06/12/2020,108.4,1,14513.05
5114213674,80410947,04/07/2019,110.4,1,14137.51
7983913917,4500692,04/12/2018,92.0,1,13366.53
4429035574,80410952,08/11/2018,108.3,1,12970.77
4150288051,80410948,22/03/2017,108.0,1,12009.9
1449465613,4499229,27/06/2012,60.0,1,18724.85
1908357535,4499230,07/06/2001,60.0,1,20718.55
3301270115,4499238,12/04/2001,120.0,1,14053.13
4977050530,50178656,30/04/2025,96.0,1,13936.98
5705906170,4540791,26/01/2023,97.0,1,11412.9
8144116500,50178636,03/10/2022,51.7,1,22499.91
6679969560,50178614,18/09/2022,90.0,1,13553.08
9839163516,50178613,13/07/2022,138.2,1,12539.42
4458495146,4500566,25/10/2020,130.0,1,12817.9
7653524059,50178653,02/08/2020,85.4,1,14812.4
9098191166,50178638,30/05/2018,60.2,1,17038.35
8671195616,4538068,10/05/2018,113.0,1,11009.19
8834363162,4494265,13/07/2017,100.0,1,10130.83
3707919166,4497749,03/01/2016,72.0,1,15284.33
5007433384,4497312,02/12/2015,103.0,1,12548.67
3197668782,50178610,12/05/2014,72.7,1,14710.9
4377456637,50178622,14/01/2014,181.0,1,8099.88
9103789714,4497313,05/12/2012,103.0,1,14045.18
1167654775,4503896,05/11/2012,107.0,1,12665.86
9603685345,4494267,19/09/2010,100.0,1,11182.4
9495504439,4497311,29/08/2010,90.0,1,11469.4
4987736976,4497314,25/07/2007,90.0,1,12798.29
9247633225,4497310,14/06/2007,100.0,1,10269.58
4211250685,4494266,22/02/2007,107.0,1,9386.34
1125238232,4538070,22/06/2006,140.0,1,7207.4
5160910337,4501313,21/09/2005,100.0,1,11697.17
2100866358,4494263,25/02/1999,107.0,1,11383.88
6412475248,4500703,29/09/2019,67.0,1,12244.53
7976291352,4540717,05/04/2016,60.0,1,13189.57
6674896865,4500704,08/06/2014,60.0,1,16521.47
1421057265,4540718,11/06/2013,60.0,1,14853.72
7590278447,4540723,10/05/2013,257.0,1,5785.68
2309806174,4500702,14/09/2011,60.0,1,13922.6
1716317007,4540719,06/03/2008,100.0,1,7589.87
9342278627,4540722,25/02/2008,120.0,1,9615.12
8899108954,4500705,24/06/2003,60.0,1,17974.81
4513655043,50181431,09/06/2025,99.7,1,13486.64
5011598144,50181312,25/07/2023,82.0,1,17391.31
2246044173,50181445,26/12/2019,99.8,1,12397.95
1665454023,50181315,08/12/2019,90.0,1,18172.57
2115999058,50181300,16/07/2015,89.0,1,15328.14
9762995940,50181304,14/07/2014,99.0,1,10871.65
4122760543,50181433,09/04/2014,103.1,1,12530.26
8297532843,50181305,30/07/2013,85.0,1,14391.77
6315768792,50181419,12/06/2013,94.3,1,13445.65
5819459620,50181446,18/01/2011,149.1,1,9554.54
4449917092,50182263,20/07/2025,70.1,1,12243.68
8008161397,50182298,22/05/2025,62.9,1,9649.65
8512243740,50183025,21/05/2025,75.7,3,10121.09
3683337048,50182243,07/01/2025,65.5,1,9907.79
7943877312,50183011,09/12/2024,73.3,3,12954.27
6792970842,50182292,01/08/2024,70.1,1,12128.53
4203634844,50182278,31/03/2023,72.2,1,11997.64
9641628150,50183014,16/11/2022,73.3,3,11457.3
4161223789,50182297,04/10/2022,62.9,1,10591.77
6031148041,50183003,21/07/2022,108.3,3,12601.08
7132754824,50183010,27/06/2022,75.7,3,13108.98
7123710349,50182261,03/04/2022,62.9,1,15424.9
6709044335,50183016,31/03/2022,95.5,3,11536.96
3990093524,50183007,15/03/2022,73.3,3,14121.32
5551733041,50183038,14/03/2022,91.8,1,14655.02
1075381159,50183028,14/10/2021,94.0,3,13088.67
2401120193,50182282,12/10/2021,62.9,1,13472.57
6589761649,50182300,08/08/2021,62.9,1,10199.65
7774760160,50183050,24/01/2021,140.3,1,11676.78
6242550929,50182303,08/11/2020,94.0,1,11199.73
8617220006,50183062,21/09/2020,74.7,1,10786.16
4319151763,50183082,09/08/2020,116.7,1,10333.73
8274712435,50183073,25/06/2019,116.7,1,10991.29
5239265160,50183033,23/01/2019,121.8,3,10489.49
2994218683,50183048,21/11/2018,95.7,1,13133.42
5870655795,50182286,16/10/2018,84.8,1,12196.96
7656589818,50182281,28/01/2018,62.9,1,20177.28
3496545573,50182271,01/02/2017,94.0,1,10239.98
9220404680,50182269,01/02/2017,84.8,1,10477.78
3603011698,50182293,19/12/2016,84.8,1,9671.52
5091030100,50183054,15/09/2016,70.5,1,13045.71
7920084485,50183027,16/05/2016,73.3,3,9516.59
9274431145,50183053,04/02/2016,70.5,1,10077.5
7539177497,50183070,10/06/2015,70.5,1,13855.49
9150740424,50183080,17/04/2015,73.5,1,14216.95
7204767549,50183055,11/09/2014,73.5,1,11607.14
1721697291,50182279,13/04/2014,94.1,1,11715.15
5060217745,50182302,31/03/2014,84.8,1,11220.19
7577671462,50182294,25/04/2013,94.0,1,10980.59
8978498026,50182276,05/12/2012,72.2,1,13182.08
2482424677,50182288,21/11/2010,62.9,1,12811.69
3380064815,50182277,27/07/2010,72.2,1,13856.93
9653255544,50183074,04/02/2001,100.0,1,14608.09
4727756379,50183081,29/12/1999,120.0,1,12460.51
7679450878,50183749,07/08/2024,117.87,1,12751.75
3693577898,4504713,28/12/2022,65.0,1,15815.02
9799055322,4551429,14/04/2022,90.0,1,16741.17
2928384999,4504715,11/11/2021,108.0,1,14402.58
9303882759,4497849,24/09/2020,113.0,1,14880.65
7936715387,4503141,13/02/2019,138.0,1,10607.73
9742543615,4540714,07/06/2018,65.0,1,14606.58
5028460187,4551357,16/11/2017,60.0,1,13829.08
3900020164,50183752,16/08/2017,117.87,1,11864.28
5650925897,4540713,11/04/2011,100.0,1,11992.0
4862482022,4504714,27/03/2011,72.0,1,10110.03
7161883492,4497850,15/12/2010,100.0,1,9896.52
5069744729,4540712,25/10/2010,60.0,1,6632.74
3624911561,4540715,04/04/2008,130.0,1,8010.85
1300000555,50183753,18/04/1999,112.55,1,14302.65
7691188418,4512056,12/12/2022,106.0,1,13726.24
7083842125,4540749,25/10/2022,120.0,1,10574.95
9062961746,4512055,23/03/2017,236.0,1,4996.42
9914996713,4494937,27/01/2014,68.0,1,11619.16
5298746934,4512054,09/08/2001,90.0,1,13239.04
1946812349,4511069,23/10/2022,160.0,1,9187.0
9759304908,4496658,23/06/2017,160.0,1,12891.1
8642659139,4499486,27/08/2012,90.0,1,17742.27
5790285810,4516552,11/10/2011,180.0,1,10122.16
2490305867,4496659,04/06/2004,165.0,1,11334.15
1910169850,4499485,11/06/2003,155.0,1,12192.44
1238444502,4499487,24/05/2000,100.0,1,18542.45
5707811569,4536972,09/04/2025,250.0,1,8721.45
5414728952,4515161,04/03/2024,187.0,1,11619.46
3065984652,4515163,12/05/2021,183.0,1,12762.78
3264106609,4499901,03/01/2021,266.0,1,9443.56
6355672795,4497763,30/10/2016,180.0,1,10873.07
7393066544,4499902,27/11/2013,260.0,1,4131.66
6876793194,4496890,23/07/2012,124.0,1,15399.63
3903885954,4499903,27/02/2012,200.0,1,12384.17
1536285179,4497762,24/01/2012,180.0,1,12630.9
8716081540,4499904,05/10/2008,200.0,1,11791.54
4689160455,4537811,14/01/2007,132.0,1,12815.86
9084015069,4537809,23/08/2004,120.0,1,17086.07
7404069569,4499900,30/03/1999,284.0,1,9703.25
9320256411,50182739,12/12/2025,86.8,1,10128.12
2355290275,50182762,15/09/2025,87.2,1,11247.66
1515267626,50182793,11/08/2025,86.8,1,10988.68
1365863543,50182758,03/03/2025,87.2,1,9735.73
1243415473,50182766,11/02/2025,87.2,1,11241.81
8290377263,50182795,15/09/2024,83.3,1,11519.84
5745244829,50182783,01/09/2024,83.3,1,10913.53
6442864464,50182749,07/07/2024,83.3,1,11288.73
2841662256,50182751,23/06/2024,86.8,1,11672.58
3541447469,50182742,01/01/2024,87.2,1,10630.73
7858862290,50182791,21/12/2023,83.3,1,11506.7
8783219950,50182740,09/12/2023,67.5,1,12227.87
4865156406,50182977,22/11/2023,119.5,1,14387.31
9781825260,50182743,13/11/2023,86.8,1,11513.06
9556952357,50182808,06/08/2023,87.2,1,9847.68
4324571426,50182752,23/04/2023,67.5,1,11481.16
9898440633,50182764,03/05/2022,67.5,1,11594.4
4553068207,50182774,04/07/2021,86.8,1,12616.37
4122692251,50182797,03/05/2021,86.8,1,11021.53
7783950202,50182753,28/04/2021,83.3,1,11622.65
9470578282,50182971,18/11/2020,131.2,1,10489.15
3502777978,50182784,13/11/2020,87.2,1,10889.47
2306646418,50182767,24/09/2020,86.8,1,9686.14
2249824764,50182786,23/06/2020,67.5,1,13339.04
3666789733,50182794,23/06/2020,67.5,1,12088.5
7085160812,50182806,19/01/2020,67.5,1,12998.44
8399430343,50182738,16/12/2019,87.2,1,9296.5
5156136556,50182799,12/12/2019,83.3,1,11268.34
1664562690,50182761,10/12/2019,83.3,1,10414.67
4663506785,50182975,09/09/2019,83.9,1,13723.67
6317536953,50182787,07/02/2019,83.3,1,12037.8
5893222688,50182775,24/10/2018,67.5,1,11273.36
8685989953,50182802,09/10/2017,67.5,1,10072.36
1662206170,50182778,27/03/2017,67.5,1,10699.73
5714624526,50182805,20/09/2016,86.8,1,9741.38
8691645245,50182970,11/09/2016,83.9,1,11050.53
3882440494,50182811,31/08/2016,83.3,1,11159.81
3324944773,50182810,22/05/2016,67.5,1,9766.49
1217833008,50182770,18/12/2015,87.2,1,9580.33
4308473868,50182746,07/12/2015,87.2,1,10664.9
4519822704,50182798,02/07/2015,67.5,1,10586.41
1200290447,50182789,15/03/2015,86.8,1,5268.03
6499056098,50182744,26/10/2014,67.5,1,12206.77
3171709298,50182781,08/04/2014,86.8,1,11708.19
2306969988,50182981,18/03/2014,83.9,1,12990.08
1439056026,50182748,02/01/2014,67.5,1,12225.45
4525403646,50182768,01/01/2014,67.5,1,9104.06
3148503145,50182777,07/04/2013,86.8,1,11134.69
6968332990,50182982,01/01/2013,83.9,1,14001.96
9610529628,50182755,11/07/2012,86.8,1,12041.82
4824059670,50182963,10/12/2011,83.9,1,12330.23
8192995006,50182782,07/05/2009,67.5,1,11541.67
9196362162,50182780,04/03/2001,87.2,1,14359.29
4578405568,4499539,28/09/2008,140.0,1,8982.22
6276116741,50182821,10/08/2025,83.3,1,10847.74
2383989474,50182643,28/07/2025,86.7,1,12086.54
5531061479,50182638,02/07/2025,101.7,1,10303.83
8400414333,50182849,10/06/2025,83.3,1,10880.82
7772309417,50182816,04/06/2025,67.5,1,12321.06
1391867127,50182822,28/04/2025,87.2,1,10797.26
3235569417,50182832,10/04/2025,67.5,1,12773.85
2603849384,50182840,20/03/2025,67.5,1,12430.89
6391870537,50182813,11/02/2025,67.5,1,12698.29
5926027644,50182681,28/12/2024,110.0,1,7013.71
3337452856,50182639,28/10/2024,86.7,1,10606.7
3585946702,50182705,05/01/2023,82.4,1,14714.62
3940293410,50182812,03/05/2022,86.8,1,10562.05
6353708952,50182652,14/03/2022,66.2,1,13139.37
1243502053,50182819,20/12/2021,86.8,1,12132.93
7771111651,50182655,10/10/2021,86.3,1,10546.9
7519821887,50182631,04/08/2021,86.7,1,11543.6
9863444819,50182848,05/07/2021,67.5,1,10497.7
2365256531,50182682,20/06/2021,174.6,1,10080.63
5161558983,50182656,05/05/2021,66.5,1,12302.5
1972569712,50182702,08/03/2021,130.1,1,10070.43
9679602118,50182815,13/01/2021,86.8,1,10537.9
5889743007,50182833,30/09/2020,83.3,1,11455.69
5534154602,50182729,20/05/2020,90.6,1,9409.62
6260704661,50182634,15/01/2020,99.8,1,10847.61
6997182392,50182625,01/01/2020,84.6,1,11374.75
9534072356,50182688,29/05/2019,109.4,1,9595.71
2344146481,50182731,20/03/2019,131.4,1,12218.8
1831404240,50182644,06/02/2019,63.7,1,13098.97
4205031424,50182666,31/01/2019,137.0,1,10933.56
9027554516,50182830,22/11/2018,87.2,1,11530.9
4864269884,50182814,18/11/2018,87.2,1,12039.61
5314901465,50182658,04/09/2018,103.9,1,9935.2
6713583418,50182657,11/01/2018,89.8,1,9367.28
9397155931,50182646,21/11/2017,100.1,1,10179.67
1557217155,50182710,07/08/2017,106.4,1,7574.31
6948786012,50182680,01/06/2017,128.8,1,8458.0
8032287112,50182679,08/03/2017,126.4,1,8745.7
6967019575,50182720,03/02/2017,73.9,1,9618.58
4706789997,50182715,16/09/2016,111.4,1,5992.29
3768175291,50182641,31/07/2016,84.6,1,11004.28
6040875171,50182635,30/05/2016,86.7,1,11140.26
2085922663,50182829,18/11/2015,83.3,1,10201.26
2089644205,50182636,24/09/2015,66.5,1,12263.27
7172042136,50182626,11/05/2015,101.7,1,9219.72
1835256555,50182725,14/09/2014,107.6,1,12814.0
7590932102,50182674,07/09/2014,80.0,1,11202.64
3823989687,50182654,10/04/2014,102.2,1,10112.49
6990771885,50182716,16/12/2013,102.3,1,10921.48
5060408271,50182818,13/12/2013,87.2,1,12202.57
9826746535,50182627,26/11/2013,86.7,1,10304.53
8302454466,50182664,10/10/2013,100.6,1,13550.11
7251177641,50182687,02/07/2013,81.8,1,14954.77
8947351439,50182667,28/05/2013,102.3,1,4723.84
2012612424,50182648,14/04/2013,66.2,1,11339.47
1448125267,50182698,19/11/2012,81.3,1,14288.32
4335310220,50182709,28/12/2011,88.2,1,11025.35
8911375391,50182630,06/11/2011,99.8,1,10147.98
3647991268,50182668,31/08/2011,91.1,1,11216.39
9655247099,50182642,28/08/2011,100.1,1,9942.52
1443730886,50182836,10/03/2009,70.2,1,11678.68
7659399778,50182696,15/05/2000,86.5,1,16672.73
8330408049,50176757,16/12/2025,64.8,1,10791.67
2419565700,50176805,04/12/2025,64.8,1,10175.0
2019422779,50176819,21/11/2025,64.8,1,11088.92
6574141743,50176796,20/11/2025,64.8,1,9702.81
6506146703,50176810,19/11/2025,64.8,1,8624.72
6474645240,50176788,11/11/2025,64.8,1,11088.92
6330710821,50180216,27/10/2025,68.0,1,9394.64
8231265802,50179653,21/09/2025,72.0,1,10321.96
3587248712,50176330,21/09/2025,64.2,1,10001.05
7294856171,50176738,01/09/2025,67.1,1,9493.47
2252271450,50179504,28/08/2025,72.5,1,13433.07
7984108286,50176684,28/08/2025,69.0,1,11640.8
3875400859,50176367,21/08/2025,64.2,1,9383.36
7771487694,50176371,20/08/2025,66.2,1,8189.88
7713817302,50176317,05/08/2025,56.4,1,10147.0
5991832823,50179584,29/07/2025,72.5,1,10324.17
6234840042,50176352,23/07/2025,56.4,1,9378.39
3122580607,50179973,07/07/2025,35.0,1,16253.19
2691964798,50176672,06/07/2025,37.5,1,10645.36
1746191621,50180211,30/06/2025,66.0,1,5724.55
3364911781,50176756,06/06/2025,68.3,1,7291.46
9407612022,50176828,03/06/2025,61.9,1,10619.85
6309024057,50179967,19/05/2025,68.0,1,9218.58
7910524711,50176316,15/05/2025,37.4,1,11839.16
1022548360,50176767,08/05/2025,64.8,1,9289.94
9249764817,50176842,07/05/2025,61.9,1,10287.78
2752922946,50176321,04/05/2025,56.4,1,10779.4
5796198934,50179507,02/05/2025,72.5,1,9195.37
8612991600,50180297,07/03/2025,83.0,1,10168.89
1814838769,50176326,06/03/2025,66.2,1,8872.5
8961450588,50179521,21/01/2025,67.4,1,8753.17
9792816474,50179508,23/09/2024,72.5,1,8916.81
5371714084,50176707,23/09/2024,68.3,1,8385.52
4538080068,50176669,09/09/2024,69.0,1,10247.47
8192695463,50176670,30/08/2024,69.0,1,9021.37
8174471617,50176681,15/08/2024,69.0,1,9681.47
4077726126,50179719,22/07/2024,80.4,1,8803.37
4955368229,50176662,15/07/2024,69.0,1,9305.32
6082823932,50176362,04/07/2024,56.4,1,9681.03
8190504642,50176849,07/04/2024,66.1,1,11502.08
5016622921,50176713,31/03/2024,68.3,1,9089.47
8721108616,50176630,18/03/2024,69.0,1,8847.31
4126182627,50176336,24/01/2024,64.2,1,9680.86
5388140380,50176701,10/01/2024,68.3,1,10410.7
9298039318,50176310,29/12/2023,56.4,1,11329.88
9711294320,50176704,22/12/2023,67.1,1,10951.66
2726314085,50180304,21/11/2023,66.0,1,9605.84
7552815646,50176628,16/11/2023,69.0,1,9188.2
4609030450,50176636,25/10/2023,69.0,1,11749.4
4624678732,50179534,12/09/2023,93.0,1,13299.39
7362553986,50176633,04/09/2023,69.0,1,9196.44
4035164565,50176357,27/08/2023,66.2,1,9080.1
7449618492,50176815,11/08/2023,64.8,1,10270.17
8895242003,50176687,03/08/2023,69.0,1,10111.72
5437908058,50179657,20/07/2023,72.0,1,13998.77
3356687761,50179606,18/07/2023,67.4,1,8352.07
4547545179,50176724,13/07/2023,68.3,1,8320.5
1602547243,50176328,26/06/2023,56.4,1,9297.32
7573338593,50179737,31/05/2023,79.8,1,10974.89
4170133459,50176718,16/04/2023,68.3,1,9326.04
7032744754,50176329,27/03/2023,56.4,1,8990.45
8245572279,50176355,27/03/2023,56.4,1,9552.35
6629602819,50176813,20/03/2023,64.8,1,7662.0
8201064271,50179964,14/03/2023,66.0,1,9203.3
4053523883,50176727,13/03/2023,67.1,1,9446.0
4335066619,50176659,05/03/2023,69.0,1,10295.86
4396627638,50176793,09/02/2023,64.8,1,9599.65
8344347439,50179514,25/01/2023,72.5,1,9452.66
9569996921,50176353,02/01/2023,64.2,1,7061.74
6375727909,50179978,25/12/2022,68.0,1,8456.38
4663071143,50176736,23/12/2022,67.1,1,9899.11
8243964574,50179727,13/12/2022,80.4,1,9704.07
4574107165,50176798,08/12/2022,61.7,1,9398.44
3613807245,50179981,30/11/2022,83.0,1,10181.95
4024378169,50179706,13/11/2022,78.6,1,10953.53
2145616199,50176626,29/09/2022,69.0,1,9223.27
7042115226,50176779,15/09/2022,64.8,1,10803.17
4962899892,50176777,06/09/2022,64.8,1,9166.33
8983595983,50176741,23/08/2022,68.3,1,9332.6
7691973349,50176369,17/08/2022,56.4,1,9687.18
8527911761,50179505,15/07/2022,72.5,1,9262.31
4160546930,50179516,14/07/2022,72.5,1,8963.52
4736290050,50176638,22/05/2022,69.0,1,11342.34
7650706693,50176785,20/05/2022,64.8,1,8626.79
6268335242,50176322,17/05/2022,64.2,1,9055.7
6090488918,50176820,26/04/2022,61.7,1,10267.44
7038638285,50176799,23/03/2022,64.8,1,9664.74
7210533182,50176364,27/02/2022,64.2,1,8575.1
3521957869,50176311,04/01/2022,64.2,1,11030.25
5614426655,50176365,28/12/2021,66.2,1,10776.1
7381197862,50179590,26/12/2021,72.5,1,11507.44
4105109410,50176366,24/12/2021,56.4,1,11576.63
6972763249,50176315,26/11/2021,66.2,1,6993.05
1157968245,50176705,26/11/2021,68.3,1,11748.6
9315605540,50176363,25/11/2021,56.4,1,10725.32
2441162960,50176731,24/11/2021,67.1,1,9566.97
3180822112,50176737,22/11/2021,68.3,1,11658.23
2543645664,50176712,18/11/2021,68.3,1,10844.86
7955166995,50176640,15/11/2021,69.0,1,11808.32
2085964379,50176722,27/10/2021,68.3,1,10385.45
1961870337,50176809,19/09/2021,61.7,1,12173.28
2048864429,50179975,12/09/2021,68.0,1,10521.27
7436027261,50176624,23/08/2021,37.5,1,17108.21
9453694242,50176631,09/08/2021,69.0,1,10767.01
1302563750,50176845,01/08/2021,62.0,1,8278.17
7255569852,50176721,19/07/2021,68.3,1,9997.47
7703384316,50176641,08/07/2021,69.0,1,11203.08
4160899787,50176841,08/07/2021,69.6,1,10921.4
2819572718,50176763,04/07/2021,64.8,1,9941.0
5475085262,50179715,11/05/2021,80.4,1,11160.31
3477504071,50176314,02/05/2021,64.2,1,8632.52
8527742556,50179654,22/04/2021,61.0,1,11958.04
5562295290,50176649,20/04/2021,69.0,1,9898.86
6813019734,50179968,02/03/2021,66.0,1,9419.08
8371074390,50179954,26/01/2021,68.0,1,7227.58
2747563340,50176732,21/01/2021,68.3,1,7995.37
2868684128,50176749,07/01/2021,67.1,1,10579.87
6821602827,50176685,27/12/2020,69.0,1,10904.45
9741477740,50176354,10/12/2020,66.2,1,7439.34
7343675477,50176331,26/11/2020,66.2,1,7483.74
8267270703,50176345,05/11/2020,64.2,1,8145.59
7610584761,50176725,28/10/2020,67.1,1,11485.49
7677872874,50179982,14/10/2020,66.0,1,8415.79
3197653012,50179956,14/10/2020,68.0,1,7453.54
4677888897,50176356,04/09/2020,64.2,1,8075.81
1665189392,50176660,03/08/2020,69.0,1,8351.71
6169844392,50179532,05/06/2020,93.0,1,12858.31
7938940279,50176677,01/06/2020,69.0,1,9175.11
4662794889,50176680,16/03/2020,69.0,1,8819.06
5167975134,50176846,12/03/2020,62.0,1,10271.26
6124454313,50176651,01/03/2020,69.0,1,8819.06
2142270339,50176678,20/01/2020,69.0,1,9024.15
2919498689,50176675,01/12/2019,69.0,1,9893.57
8363824944,50179966,23/09/2019,66.0,1,8722.85
9994616691,50176683,19/09/2019,69.0,1,9177.96
7776062502,50176319,19/09/2019,64.2,1,6501.37
8549381943,50176829,10/09/2019,66.1,1,10887.07
7311680448,50179674,10/09/2019,43.0,1,11882.35
2228489742,50176637,02/09/2019,69.0,1,9177.96
5149749028,50176323,19/07/2019,66.2,1,7640.61
8414003838,50176320,01/07/2019,66.2,1,8077.22
7799421395,50176764,07/06/2019,64.8,1,9617.66
6544348034,50176744,12/05/2019,68.3,1,7844.0
6052209604,50176782,05/04/2019,64.8,1,8963.99
4765280534,50176803,28/03/2019,61.7,1,10172.19
2821624979,50179720,12/03/2019,79.1,1,10886.96
3331901174,50176663,17/02/2019,37.5,1,10149.48
5444253763,50179587,28/01/2019,67.4,1,8279.53
5433928323,50176343,16/01/2019,66.2,1,7098.62
4538279082,50176844,31/12/2018,69.6,1,7237.66
1196472967,50176766,24/11/2018,64.8,1,8671.2
2255385883,50176654,12/11/2018,37.5,1,11829.35
1332282148,50176778,26/10/2018,64.8,1,10488.96
1099964387,50179510,16/09/2018,72.5,1,7729.29
3212560240,50176790,04/09/2018,64.8,1,10695.9
2364097198,50176665,14/08/2018,69.0,1,10345.07
2672564428,50176719,07/08/2018,68.3,1,8834.94
8002869417,50176754,19/06/2018,68.3,1,7485.07
3426714669,50179969,31/05/2018,68.0,1,8619.41
3237079537,50176313,08/05/2018,56.4,1,8573.55
9788580666,50176643,03/05/2018,37.5,1,8401.04
1768829939,50179711,01/05/2018,80.4,1,11117.31
9881119661,50176797,19/03/2018,64.8,1,8649.88
2584489722,50176661,04/01/2018,69.0,1,7806.53
1711331685,50176706,31/12/2017,67.1,1,8984.12
1135844179,50179958,25/12/2017,35.0,1,12602.82
2736814078,50179962,20/12/2017,66.0,1,7797.19
9138334821,50179960,31/10/2017,66.0,1,6575.28
2068655816,50176370,18/10/2017,64.2,1,7097.62
1358126103,50176770,29/08/2017,61.7,1,8879.14
1825153575,50176775,31/07/2017,64.8,1,9581.4
5479156888,50176843,20/07/2017,69.6,1,6965.98
3923503790,50176832,20/06/2017,66.1,1,8020.72
8311180386,50176852,12/06/2017,66.1,1,8350.34
6995705679,50180330,28/05/2017,68.0,1,5719.09
7727974955,50179955,17/05/2017,83.0,1,8114.98
8613697141,50176759,14/05/2017,61.7,1,9492.54
7163530931,50180202,24/04/2017,68.0,1,9137.74
8014875570,50176324,02/04/2017,56.4,1,7040.53
5812640147,50179983,31/03/2017,83.0,1,9944.67
9072165603,50176341,28/03/2017,56.4,1,9146.8
4686730695,50179604,27/03/2017,72.5,1,6912.28
8878395738,50179680,23/03/2017,43.0,1,9597.76
3852253072,50179733,03/01/2017,79.8,1,10352.91
6299016537,50179972,10/11/2016,35.0,1,10632.71
9585006020,50179724,09/10/2016,79.1,1,8435.02
7692401579,50179965,28/09/2016,35.0,1,12291.23
8380584239,50176789,14/09/2016,64.8,1,7668.93
9442896484,50176348,03/07/2016,64.2,1,6484.17
3327286004,50176728,29/06/2016,68.3,1,6248.34
2683698520,50176340,28/06/2016,56.4,1,7404.55
3954209490,50176359,21/03/2016,64.2,1,6240.77
4901352690,50176740,11/02/2016,67.1,1,6050.36
8712062949,50176826,27/12/2015,66.1,1,5246.17
5373662879,50176657,20/07/2015,69.0,1,10591.64
6674141540,50179605,18/06/2015,72.5,1,7634.86
7558476100,50179676,21/05/2015,43.0,1,10520.31
3186591458,50176642,17/05/2015,69.0,1,10966.62
6267897636,50179963,17/05/2015,68.0,1,6652.54
1905047486,50179961,28/01/2015,68.0,1,8201.31
9095458291,50179529,20/01/2015,97.0,1,10801.85
8188809785,50176787,07/01/2015,61.7,1,7806.17
2650464026,50180328,05/01/2015,68.0,1,9394.23
1670599008,50176349,02/01/2015,66.2,1,7224.48
8692810211,50176812,28/12/2014,64.8,1,9318.71
5808542961,50176307,03/07/2014,56.4,1,8002.64
5670130720,50176346,09/03/2014,66.2,1,7055.68
1487265115,50176839,09/02/2014,61.9,1,11417.55
9732840407,50176360,01/01/2014,66.2,1,7161.05
3036259107,50176648,11/12/2013,69.0,1,6296.99
6598285011,50176658,08/12/2013,69.0,1,8995.71
1633816459,50176632,28/11/2013,69.0,1,6486.9
4606706497,50180295,21/10/2013,39.0,1,11301.25
3250633129,50179502,09/07/2013,67.4,1,6907.79
8488176882,50176784,26/06/2013,61.7,1,8339.07
6614710700,50179985,11/06/2013,83.0,1,7306.01
3201697820,50179667,08/05/2013,61.0,1,8592.44
6695400180,50176308,05/05/2013,64.2,1,5848.09
9576086608,50179970,27/12/2012,66.0,1,8075.42
9751529767,50176772,23/09/2012,64.8,1,7950.44
6859993587,50179957,12/09/2012,83.0,1,7878.23
4722497099,50179522,29/08/2012,72.5,1,7708.71
9675483849,50179683,08/08/2012,43.0,1,9980.02
2373256516,50180306,30/07/2012,66.0,1,9608.68
1986951971,50179603,10/05/2012,72.5,1,8680.49
8650595599,50179663,22/04/2012,61.0,1,9175.55
9415123023,50179497,08/03/2012,72.5,1,7610.74
9225071842,50176814,18/08/2011,61.7,1,5961.96
5937192881,50176682,16/08/2011,37.5,1,11171.82
2751471194,50176835,30/06/2011,62.0,1,8393.8
8089387727,50176711,03/06/2011,68.3,1,3436.27
3528702059,50179613,27/04/2011,72.5,1,6701.83
5210522110,50179495,11/04/2011,72.5,1,6131.46
4256270196,50176327,12/09/2010,37.4,1,9866.82
9015460177,50176823,03/09/2010,62.0,1,7214.45
6364528615,50179523,26/08/2010,67.4,1,7324.67
8506817434,50179665,21/07/2010,61.0,1,8014.2
3587625505,50176690,06/08/2009,69.0,1,7085.98
3861357963,50176850,18/06/2009,61.9,1,7025.63
2756360214,50176342,10/08/2008,64.2,1,7130.85
5402891508,50176337,19/05/2008,77.0,1,5166.93
1347926122,50176830,19/02/2007,66.1,1,7975.7
5508514524,50179716,13/06/2005,79.1,1,11149.87
7541405354,50176664,12/07/2001,69.0,1,11784.56
6418922204,50179668,10/01/2001,43.0,1,14860.98
3209324438,50179671,27/03/2000,43.0,1,14647.86
6326011708,50182053,11/12/2025,77.0,1,11157.66
1720815205,50182061,21/09/2025,62.0,1,10274.38
1166078164,50182058,20/05/2025,62.0,1,9308.27
6369376412,50182055,12/05/2025,77.0,1,10725.55
7712915425,50181996,26/02/2025,62.0,1,7945.25
3745179979,50181940,31/07/2024,77.0,1,9914.33
7688689228,50182013,24/06/2024,77.0,1,10921.29
5935010349,50181994,11/01/2024,62.0,1,10024.37
3517268454,50182014,10/01/2024,62.0,1,9344.76
9708349730,50182018,23/08/2023,62.0,1,10041.46
1985233503,50182057,30/05/2023,77.0,1,10194.97
1134603632,50182011,05/03/2023,62.0,1,8945.13
6144825303,50182062,05/12/2022,62.0,1,9778.1
2547214346,50182052,29/04/2022,62.0,1,3818.31
3687104502,50182007,18/11/2021,62.0,1,5774.31
9608063595,50181914,09/07/2021,61.0,1,10729.24
9788553733,50182008,18/03/2021,62.0,1,6468.88
4985501804,50181995,04/03/2021,62.0,1,8193.91
8711048772,50182054,08/12/2020,62.0,1,8649.37
9143509288,50181921,15/10/2020,61.0,1,7284.49
6388333255,50181933,12/08/2020,61.0,1,8064.53
8085032956,50182048,23/05/2019,62.0,1,9575.21
4998222555,50182004,05/12/2018,62.0,1,8244.34
8002369097,50181928,02/09/2018,61.0,1,7735.97
8811389054,50182012,06/02/2018,62.0,1,5003.46
5052487238,50182060,22/10/2017,62.0,1,9752.63
7684572433,50182050,29/03/2015,62.0,1,9386.69
5154064065,50181997,05/06/2014,62.0,1,7507.65
5056874853,50181942,15/03/2013,77.0,1,7495.0
3502065460,50182002,12/02/2013,62.0,1,8893.54
3586596494,50181906,28/02/2012,61.0,1,9474.23
5027321764,50181912,26/07/2011,61.0,1,9181.78
3661186291,50182000,11/04/2002,62.0,1,13794.92
5726057561,50181559,03/08/2023,62.0,1,8656.4
7520742667,50181540,04/12/2022,62.0,1,9693.08
4524265596,50181541,26/07/2021,62.0,1,11117.25
5298898981,50181604,04/09/2017,62.0,1,9330.41
3221529295,50181539,16/12/2016,62.0,1,8333.72
5082943128,50181557,22/12/2015,62.0,1,9660.8
8359278120,50181542,17/03/2015,62.0,1,7884.82
4384196135,50181582,23/05/2013,62.0,1,10492.37
9016915072,50181606,18/08/1999,62.0,1,13601.72
1336358458,50186179,10/08/2025,79.9,1,13194.24
3277002578,50186199,20/07/2025,108.0,1,12475.03
2102248589,50186117,27/05/2025,83.5,1,15014.69
5811326331,50186171,06/04/2025,105.0,1,12081.67
6894718267,50186105,10/03/2025,103.8,1,15977.13
8837693727,50186196,02/01/2025,81.5,1,15442.82
2251224924,50186107,28/03/2024,83.1,1,14816.79
1707495898,50186390,05/03/2024,99.8,1,14307.27
9348840936,50186101,03/03/2024,83.1,1,15190.32
2421972054,50186191,25/06/2023,104.2,1,13607.84
5490368800,50186189,21/03/2023,110.1,1,15351.54
7677183829,50186181,05/03/2023,110.1,1,14871.8
7384321503,50186124,02/11/2022,104.5,1,13849.16
5562284659,50186100,22/06/2022,83.5,1,14921.56
1542726172,50186098,11/04/2022,103.8,1,15615.11
9386077742,50186178,10/03/2022,108.2,1,12540.93
3712214676,50186122,18/01/2022,112.6,1,14480.57
3650517585,50186115,24/11/2021,104.1,1,16365.22
9238812858,50186392,18/10/2021,98.9,1,12694.07
7499554947,50186177,16/06/2021,108.2,1,12591.78
5784363481,50186180,07/06/2021,79.9,1,14848.85
6464293049,50186123,11/04/2021,105.2,1,12606.99
7058226854,50186197,12/11/2020,115.9,1,11873.82
1131844943,50186113,14/09/2020,104.1,1,15210.62
8700603764,50186119,18/02/2020,86.5,1,13566.11
8300856181,50186168,01/10/2018,110.1,1,11407.26
4990377076,50186175,14/12/2017,116.1,1,11651.19
4104149819,50186112,19/01/2017,105.2,1,11603.0
8907203404,50186373,28/10/2016,101.7,1,12392.2
3918374940,50186184,21/08/2016,105.0,1,11852.21
3739049417,50186193,08/06/2016,104.2,1,10677.81
6099960965,50186192,30/03/2015,107.3,1,13946.94
1868586489,50186121,18/11/2014,113.3,1,12841.34
6705930575,50186096,25/05/2014,98.2,1,14052.72
5286733839,50186109,27/07/2013,87.8,1,15804.38
2985080861,50186099,30/06/2013,104.1,1,14121.6
5489710063,50186186,28/02/2002,104.2,1,14912.61
6869472976,50186198,28/12/1999,118.2,1,14699.62
1151478258,50179641,16/11/2025,43.2,1,8432.2
5235774335,50179473,10/03/2025,55.8,1,8314.78
3043306236,50179577,26/01/2025,55.8,1,8282.05
2938604167,50179768,19/12/2024,61.7,1,10580.46
7996018746,50179544,14/11/2024,117.0,1,12234.47
8346929160,50179566,08/11/2024,55.8,1,10225.28
6467103082,50179541,06/11/2024,96.0,1,14389.4
5783121034,50179644,21/10/2024,43.2,1,12562.86
9999967444,50179639,02/06/2024,43.2,1,11492.09
7833743298,50179632,29/05/2024,43.2,1,8037.94
5443866279,50179542,10/04/2024,84.0,1,14677.37
9409178772,50179565,15/03/2023,55.8,1,11926.84
5993287658,50179568,24/07/2022,55.8,1,11646.16
5031293119,50179638,27/12/2021,43.2,1,20991.58
2007979416,50179557,24/11/2021,55.8,1,12168.07
4200174445,50179576,15/08/2021,55.8,1,8278.17
5796225787,50179636,16/07/2021,43.2,1,13122.12
1449974023,50179649,08/04/2021,43.2,1,11973.14
6695931168,50179776,04/02/2021,61.2,1,11729.42
3261441723,50179572,11/12/2019,55.8,1,10194.99
4820583820,50179770,01/12/2019,61.7,1,7376.08
4698511941,50179562,15/09/2019,55.8,1,10575.28
3078611349,50179778,24/06/2019,61.2,1,10420.23
4841731065,50179556,29/03/2019,55.8,1,11770.9
2753978974,50179637,17/02/2019,43.2,1,12707.18
6758904733,50179699,10/05/2018,88.0,1,7076.72
8464057894,50179694,22/02/2018,106.0,1,10451.97
6802321470,50179567,17/09/2017,55.8,1,10237.53
3378502918,50179645,27/06/2017,43.2,1,11095.64
6117991407,50179648,05/01/2017,43.2,1,7925.31
7699034313,50179547,13/04/2016,84.0,1,11158.99
3604333181,50179543,07/05/2014,96.0,1,10242.02
1596985916,50179552,17/09/2013,93.0,1,10794.58
6580051077,50179627,10/03/2013,43.2,1,9975.99
1458572939,50179570,19/07/2012,55.8,1,6123.83
2511614699,50179550,08/11/2010,93.0,1,11709.61
3023887605,50175724,20/08/2025,54.0,1,10226.12
5549551485,50175795,06/07/2025,65.0,1,11515.42
5378767439,50175726,22/05/2025,54.0,1,10134.48
1766423747,50175729,18/05/2025,54.0,1,10779.4
8507685832,50175718,03/06/2024,54.0,1,8443.16
8198351873,50175771,22/01/2024,65.5,1,12544.41
2558503050,50175735,05/12/2023,54.0,1,10058.41
7780210823,50175773,13/09/2023,65.5,1,9852.05
7075643313,50175776,07/08/2023,65.0,1,8256.9
4572302275,50175796,26/03/2023,65.5,1,10483.14
5702863176,50175720,26/12/2022,54.0,1,11812.45
8059002878,50175731,05/12/2022,54.0,1,10738.6
2045506366,50175759,17/08/2022,54.0,1,9720.95
4825361666,50175761,13/07/2022,54.0,1,9627.49
3807126147,50175741,10/07/2022,54.0,1,10630.35
9520334312,50175753,19/06/2022,54.0,1,10005.18
6421992195,50175762,28/02/2022,54.0,1,12255.5
3185613365,50175797,31/01/2022,65.0,1,12633.95
9940952584,50175738,20/01/2022,54.0,1,10138.35
7077204537,50175778,23/12/2021,65.0,1,11905.13
4593330194,50175716,19/10/2021,54.0,1,11624.48
8259282272,50175754,17/10/2021,54.0,1,9764.56
5744473590,50175733,02/08/2021,54.0,1,8910.53
2475285239,50175780,29/07/2021,65.0,1,11694.29
8739581735,50175757,27/07/2021,54.0,1,11929.2
2413529093,50175793,07/07/2021,65.0,1,7531.91
5241247596,50175737,16/06/2021,54.0,1,9053.9
9515297395,50175727,05/01/2021,54.0,1,8848.58
1611090919,50175788,30/12/2019,65.0,1,9189.61
1934623909,50175732,27/11/2019,54.0,1,9272.96
3395354745,50175774,26/11/2019,65.0,1,7703.68
2946864482,50175786,04/09/2019,65.0,1,8414.2
6899547781,50175777,02/07/2019,65.0,1,10116.17
5121421484,50175725,17/03/2019,54.0,1,10811.79
1744715034,50175766,31/10/2018,54.0,1,8892.82
4590157982,50175765,09/01/2018,54.0,1,10630.92
6079172596,50175742,07/01/2018,54.0,1,9155.16
2019082622,50175790,10/08/2017,65.0,1,8650.16
9780575687,50175752,21/06/2017,54.0,1,8876.5
8280454412,50175747,23/05/2017,58.4,1,6518.81
2210661977,50175721,12/02/2017,54.0,1,8226.99
1093082713,50175772,05/12/2016,65.0,1,8029.39
4008188027,50175781,12/09/2016,65.0,1,6161.91
6598545750,50175789,03/07/2016,65.0,1,7103.02
6986154119,50175775,01/07/2016,65.0,1,10107.25
4561096330,50175883,22/03/2016,41.6,1,8519.91
3891049177,50175728,06/02/2014,54.0,1,8078.94
7123979694,50175760,10/11/2013,54.0,1,10775.47
6885945508,50175794,11/09/2013,65.5,1,11982.67
4626544800,50175751,06/08/2013,54.0,1,8411.9
1931320959,50175713,24/12/2012,54.0,1,8812.46
3739160224,50175755,22/11/2012,54.0,1,12190.06
7716875771,50175715,20/08/2012,54.0,1,9092.92
3868361453,50175750,10/07/2012,54.0,1,10526.74
6245856851,50175769,29/02/2012,65.5,1,8823.32
2457408740,50175730,07/12/2011,54.0,1,8812.46
4466479651,50175722,23/11/2011,54.0,1,8994.73
9157419358,50175748,27/09/2011,61.0,1,7777.05
1330773772,50175717,17/08/2011,54.0,1,7190.54
1554016640,50175736,20/06/2011,54.0,1,7180.75
5658452238,50175746,11/05/2011,61.0,1,7753.04
5694948262,50175749,25/07/2010,54.0,1,8000.4
1175585308,50175779,17/10/2007,65.0,1,6650.18
4426515824,4501162,30/10/2003,76.0,1,10832.92
2332615498,4537396,28/10/2024,223.0,1,11267.13
3666124991,4498099,16/04/2023,120.0,1,18578.26
4538741134,4496486,01/11/2021,210.0,1,11757.21
8934235153,4498283,11/07/2021,120.0,1,18895.86
7941826796,4497907,06/09/2018,120.0,1,13026.24
9471632914,4498282,23/04/2018,238.0,1,8986.97
4922451327,4505413,13/02/2017,169.0,1,9857.8
1136606327,4504770,27/07/2014,120.0,1,15189.64
1698295016,4496720,28/04/2014,120.0,1,15071.82
6033851247,4538064,31/12/2013,252.0,1,8515.32
4286107506,4497280,15/10/2013,188.0,1,12084.58
1019563548,4498255,09/06/2013,156.0,1,11779.31
1827275980,4495474,11/10/2012,100.0,1,16764.49
8707792599,4495398,06/03/2012,174.0,1,11157.73
3269358727,4498297,02/09/2010,195.0,1,10551.59
9862730038,4551457,26/07/2010,140.0,1,12181.05
1281509594,4496241,17/09/2008,120.0,1,17179.11
1123635236,4495397,09/12/2007,150.0,1,10671.12
2291060141,4498281,14/04/1998,233.0,1,9735.0
4341306343,4500298,18/03/2021,143.0,1,16828.13
8207084102,4501442,29/12/2020,179.0,1,12610.18
6307325917,4500296,18/03/2010,180.0,1,10957.77
1443930824,4500297,11/12/2002,180.0,1,13341.71
7606107390,50181450,07/12/2025,47.0,1,11201.55
6130216525,50181401,07/11/2025,70.1,1,12813.16
9124494652,50181404,19/09/2025,90.3,1,12093.25
6803594518,50181449,11/04/2025,46.0,1,10934.13
4735550368,50181493,07/04/2025,45.5,1,11326.57
5497641740,50181477,27/03/2025,47.0,1,9241.48
8221260702,50181508,29/08/2024,45.5,1,10010.32
9641926100,50181489,10/03/2024,45.5,1,10687.96
1889285916,50181486,15/11/2023,46.4,1,8800.21
9203210770,50181512,07/06/2023,45.5,1,9878.23
5883720813,50181465,28/09/2022,46.0,1,9915.01
8535999003,50181480,30/06/2022,46.0,1,5484.29
8310290191,50181492,15/02/2022,45.5,1,10554.77
7483761615,50181513,02/08/2021,46.4,1,9263.88
3799715712,50178592,20/07/2021,70.1,1,14519.25
3529207238,50181426,14/08/2019,91.9,1,14796.17
8716689132,50181479,04/07/2019,47.0,1,9685.7
6202227739,50181476,16/06/2019,46.0,1,6141.07
8305212031,50178593,04/06/2019,100.1,1,9339.03
8496443471,50181501,31/03/2019,45.5,1,11548.41
5834608834,50178578,30/12/2018,70.1,1,16908.32
8854755025,50181509,06/12/2018,46.4,1,8940.64
2124451862,50181484,15/04/2018,46.4,1,8907.62
5641470674,50181471,16/11/2017,46.0,1,9177.19
7851474583,50181454,01/10/2017,47.0,1,8925.59
1905044156,50181427,19/04/2017,80.0,1,16912.93
6109578291,50178589,25/12/2016,70.3,1,14211.73
5812200698,50181494,06/04/2016,45.5,1,8611.98
2325018515,50181483,31/08/2015,45.5,1,10356.71
9404728192,50181438,01/03/2015,56.2,1,18935.63
3628698257,50181403,26/10/2014,90.3,1,11690.97
7152906041,50181456,03/12/2013,47.0,1,7923.88
4064190926,50181459,17/07/2013,46.0,1,9962.64
1992496804,50181422,30/07/2012,116.1,1,12465.47
1680864756,50181408,10/01/2012,121.8,1,10860.41
5646908917,4497144,06/11/2024,120.0,1,10343.69
2812795477,4497146,26/06/2016,126.0,1,8467.49
7507454571,4497145,03/09/2006,126.0,1,10586.49
8758201798,4508738,18/12/2018,112.0,1,15543.48
6513990443,50175581,01/01/2020,42.4,1,10346.63
6374275745,50175574,07/03/2021,56.4,1,9955.65
2400821421,50175565,08/08/2022,55.0,1,9544.2
4063841797,50175564,09/07/2023,49.3,1,9461.0
3604231456,50175594,13/06/2018,32.0,1,12324.29
5930232802,50175586,14/04/2019,56.4,1,9269.15
6608118015,50175576,14/06/2022,56.4,1,8836.54
1759045580,50175567,15/02/2022,49.3,1,11641.95
1681591174,50175577,16/06/2022,42.4,1,12482.39
7715742893,50175583,23/09/2020,42.4,1,9914.59
2586422872,50175589,24/12/2020,55.0,1,10633.19
4308428682,50175582,25/02/2022,56.4,1,11422.47
2851853010,50177532,05/01/2012,53.5,1,9851.45
3177235333,50177541,06/05/2025,53.5,1,11159.12
1867076912,50177549,09/03/2014,53.5,1,10024.0
4055844997,50177543,09/06/2025,53.5,1,9308.54
5425255834,50177540,13/04/2022,53.5,1,10347.66
6592339312,50177544,14/09/2022,53.5,1,10111.11
3611211334,50177546,16/11/2021,53.5,1,10383.71
2998092794,50177528,18/11/2019,53.5,1,10563.0
9362300543,50177531,20/07/2025,53.5,1,10166.57
2630572650,50177537,21/10/2021,53.5,1,13493.09
9224371416,50177534,22/03/2011,53.5,1,8357.98
7442805180,50177533,22/11/2020,53.5,1,9003.03
8051017120,50177545,25/05/2022,53.5,1,9560.74
9334046698,50177551,26/03/2025,53.5,1,8118.68
8533298529,50177538,28/10/2020,53.5,1,10901.21
4800768833,4504199,10/03/2006,140.0,1,12188.45
3939951358,4606489,10/03/2006,140.0,1,12188.45
2920058094,4504198,10/03/2021,120.0,1,16432.74
3752730094,4606488,10/03/2021,120.0,1,16432.74
6546547143,50179743,01/11/2019,61.0,1,12665.08
8829240206,50179751,04/06/2024,61.0,1,9965.71
7170057468,50179742,04/09/2025,60.0,1,10785.39
1958814257,50179747,06/03/2017,61.0,1,9906.83
5194349959,50179753,16/10/2013,61.0,1,9832.49
8459580115,50179754,20/05/2021,60.0,1,9896.56
2212458662,50179755,20/08/2019,61.0,1,9959.94
1301862317,50179748,22/05/2025,60.0,1,9618.55
2389141746,50179759,22/10/2019,60.0,1,10859.73
3111167392,50179750,25/09/2016,60.0,1,8801.65
4894596518,50179749,28/02/2022,61.0,1,12289.27
3704404586,50179741,28/11/2024,61.0,1,9681.82
3024230877,50179760,30/01/2012,61.0,1,8809.63
5286084997,50177617,01/11/2020,58.7,1,8205.48
4657929817,50177594,02/03/2017,71.4,1,7844.51
4677921308,50177589,02/05/2024,58.7,1,11309.01
9149876190,50177615,04/11/2019,58.7,1,10358.45
2254874672,50177580,04/12/2022,58.7,1,10776.85
5084824745,50177609,05/02/2015,58.7,1,10776.27
6155723768,50177616,10/06/2020,58.7,1,10785.06
5663470629,50177595,12/07/2020,65.8,1,7483.25
2627396846,50177584,13/07/2023,58.7,1,7397.95
6060117464,50177612,14/04/2024,58.7,1,12602.04
1553070268,50177611,14/06/2016,58.7,1,9477.24
5514703112,50177607,15/01/2019,118.3,1,4551.65
5709531758,50177603,17/01/2017,58.7,1,8317.79
3455868539,50177606,21/06/2021,58.7,1,8773.18
8128755643,50177585,25/01/2017,58.7,1,9129.28
8978000535,50177599,26/10/2010,58.7,1,9981.13
6567392964,50177619,28/10/2021,58.7,1,12511.66
2993769603,50177613,29/05/2025,58.7,1,8984.02
7901061544,50177605,30/05/2021,58.7,1,12813.27
5802502777,50177579,31/03/2022,58.7,1,11656.95
2254055728,50177569,06/03/2014,53.5,1,11964.12
9333583913,50177578,08/07/2020,53.5,1,10649.99
1026716707,50177572,11/12/2012,53.5,1,8503.45
3055797579,50177575,14/08/2022,53.5,1,12014.45
6282578649,50177576,17/11/2021,53.5,1,9691.45
6375948250,50177573,19/07/2023,53.5,1,12626.45
7744867060,50177567,20/11/2022,53.5,1,8095.6
3323350186,50177570,26/09/2019,53.5,1,10760.9
4130200168,50177577,27/07/2011,53.5,1,9136.52
7651862532,50181768,08/09/2019,62.0,1,9285.62
4987406806,50181769,17/05/2019,62.0,1,10159.07
7783541024,50181766,23/11/2023,62.0,1,9878.95
5107319053,50181770,24/11/2019,62.0,1,8999.47
1019660293,50177496,04/01/2022,79.5,1,11377.58
3888779326,50177506,04/08/2024,79.5,1,11458.35
7530747942,50177491,12/09/2022,71.4,1,10250.23
9620618488,50177502,13/04/2022,79.5,1,12871.75
6081298121,50177486,14/02/2023,58.7,1,9160.32
1748868081,50177490,19/01/2025,65.8,1,9563.75
5532516898,50177488,19/08/2019,65.8,1,12970.7
4634001893,50177500,21/08/2022,79.5,1,10780.25
5307201963,50177509,22/10/2021,79.5,1,11038.43
5488148948,50177501,23/04/2017,79.5,1,7954.67
8099773004,50177508,23/08/2010,79.5,1,8467.97
1716787742,50177495,24/07/2014,79.5,1,8297.66
6475822113,50177503,24/08/2025,79.5,1,9093.0
6651481915,50177493,30/08/2023,52.7,1,9165.64
4493894966,50175545,02/01/2020,57.1,1,6195.93
9947158665,50175556,05/01/2020,62.1,1,7839.17
7357598702,50175557,06/02/2020,62.1,1,11155.72
7796454269,50175607,06/03/2022,57.1,1,11882.03
3286768752,50175610,06/06/2021,57.1,1,8562.36
8295438301,50175558,08/08/2017,62.1,1,9054.11
6647057387,50175552,10/02/2022,57.1,1,10461.9
9884814044,50175548,10/05/2023,57.1,1,10381.17
7311130383,50175544,11/01/2022,57.1,1,8754.2
1825022308,50175601,12/09/2021,57.1,1,11593.32
2048195965,50175608,13/11/2024,57.1,1,10693.69
7500403764,50175543,17/09/2019,62.1,1,12051.87
5695216680,50175602,20/09/2021,57.1,1,12708.06
2917620719,50175550,21/11/2021,57.1,1,9729.04
6497150817,50175553,22/12/2020,57.1,1,4791.63
2439824380,50175546,24/08/2023,57.1,1,8459.35
2031996349,50175555,24/11/2022,57.1,1,8880.24
5680039930,50175606,24/11/2024,57.1,1,10869.02
6667152568,50175551,26/09/2020,57.1,1,9693.5
4721982317,50175554,28/03/2024,57.1,1,9332.09
6742442536,50175613,30/06/2025,62.1,1,10104.48
3705382861,99000001,11/02/2025,42.6,1,7631.93
9155104652,99000002,16/09/2025,62.2,1,11704.4
7408293341,99000003,09/12/2025,76.1,1,9845.6
4136971423,99000004,17/04/2024,52.5,1,11154.81
6285979874,99000005,05/06/2025,62.2,1,11049.02
6079868891,99000006,01/04/2025,62.2,1,10675.56
5072770452,99000007,17/01/2024,80.2,1,12478.03
5393344240,99000008,01/12/2025,42.4,1,11780.67
6729352650,99000009,15/01/2026,41.6,1,9735.58
9300665593,99000010,04/01/2026,48.1,1,12162.16
2892048143,99000011,02/09/2025,71.5,1,9899.18
4651319024,99000012,18/12/2025,59.5,1,8954.06
5781385247,99000013,16/02/2026,44.4,1,10135.14
3174381084,99000014,02/12/2025,71.5,1,11177.62
9920011128,99000015,27/04/2025,44.0,1,11712.7
7467738051,99000016,06/02/2026,53.5,1,13271.02
7018882129,99000017,14/08/2025,53.5,1,5630.01
8218198245,99000018,26/10/2005,100.0,1,12467.87
2309370351,99000019,30/01/2023,103.0,1,12283.51
5701503906,99000020,10/12/2017,110.0,1,9757.63
9352290795,99000021,08/02/2012,110.0,1,11821.25
4205725849,99000022,13/07/2015,74.0,1,9875.99
6876540660,99000023,08/10/2024,99.0,1,11674.57
1621686996,99000024,12/11/2020,111.0,1,12274.0
5971064035,99000025,01/10/2013,117.0,1,12116.8
1280526027,99000026,02/03/2023,117.0,1,14762.2
7441057095,99000027,22/07/2021,180.0,1,10020.53
8073984384,99000028,10/09/2014,118.0,1,11670.03
6915507120,99000029,30/12/2012,142.4,1,9089.71
2790552810,99000030,06/08/2025,71.8,1,16780.26
5664635813,99000031,22/10/2025,66.1,1,7914.38
8472245498,99000032,30/12/2025,66.1,1,8085.7
2142005047,99000033,16/02/2026,66.2,1,9290.03
7967663322,99000034,20/03/2024,34.6,1,11961.68
1494907658,99000035,22/05/2025,34.6,1,13228.61
1522015297,99000036,04/07/2025,66.2,1,9648.36
6006719474,99000037,02/02/2026,66.2,1,7552.87
3791386650,99000038,25/10/2020,130.0,1,12817.9
8152662889,99000039,11/07/2016,92.7,1,13553.62
9525021854,99000040,30/04/2025,96.0,1,7525.97
8964499832,99000041,14/08/2011,100.1,1,12147.43
4440419742,99000042,26/04/2021,173.0,1,10349.39
7822100168,99000043,04/03/2020,101.8,1,13901.29
9513219389,99000044,06/08/2020,76.4,1,15637.47
6037715505,99000045,25/12/2012,140.6,1,11507.6
5264273451,99000046,23/08/2021,104.4,1,11675.86
3571716892,99000047,21/08/2011,101.1,1,12128.35
3425315180,99000048,09/01/2018,98.7,1,12709.15
8047146912,99000049,14/09/2022,116.0,1,14355.7
9182926170,99000050,14/02/2023,93.3,1,17515.74
8183997410,99000051,12/12/2010,120.0,1,11474.23
2555015648,99000052,26/01/2015,100.0,1,10967.88
1331827483,99000053,17/09/2010,80.0,3,27955.98
6245691928,99000054,14/10/2021,106.5,1,12377.61
4267800121,99000055,01/10/2020,106.5,1,13168.94
9498170684,99000056,26/10/2022,106.5,1,6821.59
3241554657,99000057,13/12/2022,106.5,1,13859.8
9582559430,99000058,21/03/2011,150.0,1,12478.67
2529296220,99000059,16/08/2020,175.0,1,9678.09
6396006922,99000060,29/09/2025,101.0,1,17519.58
6352364587,99000061,05/11/2017,212.0,1,8239.77
4800573931,99000062,10/08/2021,165.0,1,10731.51
2419166465,99000063,06/10/2019,105.0,1,18316.63
9167444882,99000064,07/02/2011,150.0,1,12004.64
3760589720,99000065,23/06/2015,230.0,1,6653.65
5508260259,99000066,25/10/2013,330.0,1,6741.35
8770887605,99000067,01/08/2016,100.0,1,10495.63
8468596433,99000068,13/08/2013,111.0,1,15550.64
9406294455,99000069,07/07/2015,197.0,1,9068.31
2239941838,99000070,24/04/2022,176.0,1,7782.57
4650992139,99000071,13/05/2012,176.0,1,9315.52
4915938183,99000072,15/07/2015,162.0,1,13032.51
6747178036,99000073,01/11/2021,148.0,1,11510.94
4227884411,99000074,08/01/2026,82.04,1,9751.34
1382474162,99000075,31/08/2025,55.8,1,8996.58
6278980324,99000076,02/07/2025,56.0,1,9267.17
7295687625,99000077,03/03/2025,68.0,1,9653.82
7792912370,99000078,27/10/2025,68.0,1,4697.32
3592010227,99000079,27/11/2024,90.0,1,8341.68
5472976796,99000080,03/02/2026,68.0,1,9558.83
3643702940,99000081,28/11/2025,68.0,1,9539.73
1267571112,99000082,24/07/2025,81.0,1,11273.73
3076676038,99000083,15/01/2025,83.0,1,8766.53
6667412134,99000084,16/07/2024,81.0,1,9674.39
6114176988,99000085,20/01/2025,83.0,1,7818.8
6902550957,99000086,08/01/2026,81.0,1,11234.57
9580308770,99000087,13/06/2023,68.0,1,11016.16
7789206073,99000088,16/12/2025,74.0,1,11070.01
8407820436,99000089,24/06/2025,74.0,1,9421.74
3937175829,99000090,21/05/2014,170.0,1,12166.12
2090897915,99000091,14/04/2016,155.0,1,10409.55
6547363210,99000092,17/11/2009,100.0,1,8254.82
7701386998,99000093,18/03/2019,180.0,1,7703.4
7199905421,99000094,16/08/2021,296.0,1,6979.11
7603162300,99000095,10/07/2025,201.0,1,10625.5
2253588810,99000096,04/09/2010,200.0,1,6653.53
1704067760,99000097,19/01/2012,150.0,1,14330.32
7087175092,99000098,29/03/2012,200.0,1,8000.8
6200325103,99000099,18/09/2000,150.0,1,12690.28
4888015344,99000100,05/08/2024,266.0,1,5707.64
2468123945,99000101,06/12/2011,164.0,1,11038.94
3553266196,99000102,08/07/2013,196.0,1,10246.96
9161934285,99000103,29/07/2019,180.0,1,10349.01
6091308657,99000104,02/08/2018,172.0,1,9840.34
9936686636,99000105,11/07/2018,170.0,1,11062.57
3975594120,99000106,24/06/2013,163.0,1,12964.47
3756569580,99000107,14/10/2014,170.0,1,13429.68
6811111867,99000108,30/03/2014,149.0,1,12190.91
8623686743,99000109,24/05/2012,150.0,1,12966.89
6639853683,99000110,06/12/2023,127.0,1,14843.04
9547347640,99000111,30/06/2021,207.0,1,11085.12
2243619244,99000112,25/07/2016,178.0,1,9346.19
6421007890,99000113,10/03/2021,120.0,1,16432.74
5608974718,99000114,09/06/2013,156.0,1,11779.31
3984620954,99000115,13/05/2012,190.0,1,9969.04
2696082497,99000116,12/12/2018,287.0,1,6711.04
3577454203,99000117,01/12/2010,163.0,1,9371.21
9288106921,99000118,25/06/2023,243.0,1,9027.94
1867398045,99000119,25/09/2025,105.0,1,18296.64
3108025142,99000120,26/04/2018,150.0,1,8955.13
5358414241,99000121,10/11/2020,56.0,1,18799.55
4380786262,99000122,13/11/2018,145.0,1,9585.85
9312103102,99000123,04/12/2025,124.3,1,14466.62
4553503592,99000124,23/03/2014,170.0,1,8853.27
3373487934,99000125,28/11/2024,62.0,1,11027.17
3854365377,99000126,16/11/2025,62.0,1,10462.93
6920980387,99000127,12/11/2025,62.0,1,9625.89
7827656654,99000128,19/03/2025,62.0,1,10588.07
4393094105,99000129,09/05/2025,62.0,1,10431.68
4185343784,99000130,23/12/2025,77.0,1,10379.23
3434885002,99000131,15/02/2026,78.0,1,10128.2
8269715880,99000132,01/01/2025,63.0,1,9208.43
4721541335,99000133,02/02/2025,77.0,1,8956.48
8505714040,99000134,12/05/2025,62.0,1,9629.24
1433598573,99000135,27/03/2023,90.3,1,14155.23
6744456699,99000136,17/07/2016,94.3,1,11236.81
8012570750,99000137,07/08/2025,72.0,1,11853.0
5523658402,99000138,06/11/2018,122.7,1,10845.98
4560699640,99000139,25/01/2026,65.5,1,10839.7
9902060641,99000140,19/01/2026,73.4,1,11580.38
1945934402,99000141,06/12/2011,60.0,1,10345.07
8644865492,99000142,19/09/2023,80.0,1,11024.04
2787926481,99000143,05/11/2020,115.0,1,12206.08
3396077264,99000144,28/01/2011,99.0,1,9664.74
6868139564,99000145,23/12/2024,81.0,1,12211.27
3802957975,99000146,18/01/2026,60.0,1,16666.67
3058948511,99000147,09/08/2022,106.0,1,14149.09
1791940008,99000148,19/01/2012,66.0,1,13622.57
1898199343,99000149,29/09/2024,61.0,1,16559.14
5226423958,99000150,14/02/2020,60.0,1,12606.54
6485035493,99000151,28/11/2024,131.9,1,13356.8
9374297030,99000152,11/12/2025,161.0,1,11293.05
8072384277,99000153,27/10/2021,157.0,1,12314.54
1916837753,99000154,30/09/2022,137.1,1,12765.25
