BLDG_ID_x,Height,Usage,SAID,X,Y,Area,travel_time,travel_distance
53225607,30,6520,67000012,250096.7818,744953.0166,1121.998291,379,2565
51900807,6,6520,67000012,250126.182,744603.0064,142.3228302,308,2270
51903770,9.95,6520,67000012,250082.1341,744451.0398,491.454422,278,2105
51906488,9.88,6520,67000012,250161.4401,744559.6033,185.9452667,351,1744
51842982,26.32,,67000011,249251.1,745012,272.9340057,553,3268
51843120,7.92,,67000011,249577.7548,745005.6226,144.0422516,452,2901
51842616,23.61,,67000011,249086.4186,745298.1766,447.6658325,509,3322
51845014,23.71,,67000011,249118.0286,745300.429,396.4106445,503,3290
53215060,22.54,6512,67000012,250000.492,744899.718,590.8768768,333,2353
51846436,4.3,,67000011,249407.5898,744906.626,227.6913757,461,2934
53215802,20.92,,67000011,249382.7855,745217.0856,442.6197968,489,3091
51896987,12.73,,67000012,249729.1176,744708.0057,157.5293579,369,2461
51897029,16.03,,67000012,250039.9247,744758.0892,271.3061218,404,2650
51897073,27.83,,67000012,250031.2984,744487.1521,669.4481812,285,2045
51897101,5.19,,67000012,249941.6199,744756.2119,354.1403656,296,2195
53224471,8.88,,67000022,249417.1858,743982.531,260.250946,459,3455
51898384,15,,67000023,249700.2061,744199.1186,498.4224091,379,2710
51898396,15,,67000011,249333.602,745055.2704,210.5000458,461,3058
51897986,23.52,,67000012,250329.2256,744548.459,414.1487122,364,1961
51898037,11.59,,67000021,249010.6518,744755.5696,418.1135101,428,3017
51898058,4.32,,67000014,250442.7322,743988.3349,195.3214264,161,829
51898174,21,,67000017,249478.9105,745433.5746,431.489975,433,3125
51899379,19.7,,67000021,250131.8878,744236.6051,324.2772522,184,1102
51899397,8.44,,67000013,250580.1985,744617.4837,247.5792236,352,1709
51898849,21.3,,67000011,249660.0966,745152.5305,497.9215698,392,2785
51898872,15.47,,67000017,249456.8897,745470.6434,328.7048035,440,3180
51898883,4.45,,67000012,249810.5449,745110.8958,136.0342255,375,2649
51898925,9,,67000022,249289.399,744129.4939,282.9272308,426,3241
51898986,11.77,,67000025,248838.4372,743910.584,505.655777,517,4382
51899001,4.97,,67000013,250713.9324,744501.071,240.4215851,317,1549
51899023,14,,67000021,249084.5,744552.5,248.7404022,415,2889
51899116,7.57,,67000012,249893.619,745003.7355,164.8468323,357,2508
51899117,20,,67000011,249626.5902,744848.0961,588.0719452,407,2708
51899138,16.7,,67000012,249727.7331,745153.4574,161.5262604,386,2732
53225918,15.25,,67000012,249946.1679,744571.8625,330.95784,270,2130
51900377,4.79,,67000011,249387.5622,745179.9291,149.4697113,442,2927
51900380,15.88,,67000012,249797.8935,744804.9998,454.3407135,335,2342
51900390,8.29,,67000013,250585.5517,744658.0305,220.4251709,341,1835
51899879,15.3,,67000023,249652.4963,744243.3347,729.491745,365,2643
51901302,44.06,,67000012,249885.5923,744954.6772,561.097702,354,2488
51901482,21.8,,67000011,249357.6137,745222.1431,354.8131104,486,3077
51900763,14.72,,67000021,249085.8528,744255.1768,288.5762177,450,3187
51900769,8.42,,67000022,249318.7016,743916.5999,192.9694061,501,3630
51900805,15.12,,67000021,249218.2806,744550.2107,266.0103912,402,2761
51900882,12.01,,67000012,249980.0149,744494.4033,204.0486755,243,1951
51900823,16.1,,67000021,249676.5096,744498.6811,258.4720764,298,2229
51900831,5.56,,67000022,249195.8917,743978.4612,425.5744324,522,3763
51900896,21.86,,67000012,250381.8251,744797.9826,718.7704773,419,2716
51900898,13.97,,67000021,249165.5903,744377.7082,228.9706879,442,2938
51902155,9.02,,67000011,249579.6411,744911.2857,156.9910584,432,2805
51902206,6.3,,67000022,249291.3444,744055.1702,256.7210999,435,3315
51902225,10.52,,67000021,249999.5905,744319.6313,226.9216461,206,1250
51902271,7.67,,67000013,250575.1418,744502.3497,251.6044312,294,1533
51902311,14.59,,67000011,249603.5575,744699.6645,187.8029022,490,2908
51901660,6.96,,67000013,250669.862,744322.9669,180.9375153,389,1719
51901718,22.71,5900,67000012,250126.9732,744431.1653,752.8746185,377,1860
53225302,9.05,,67000022,249289.6522,743999.8916,209.0687408,523,3709
53225311,13.49,,67000023,250036.6958,743977.4901,709.4273071,281,1682
51901953,18.91,,67000011,249119.0113,745165.4368,486.3211212,545,3360
51903128,20.2,5202,67000012,250117.0949,744940.2026,1332.613586,378,2559
51903207,18.95,,67000011,249160.2974,745137.1181,426.6977539,558,3410
51903220,8,,67000022,249318.4573,744139.6893,336.4207916,419,3180
51903225,10.48,,67000012,249835.1414,744840.3263,301.3009949,359,2512
51903496,20,,67000011,249635.023,745184.898,1704.328461,396,2817
51902587,15.12,,67000023,249979.4905,743992.7388,404.0557861,274,1638
51902750,22.94,,67000011,249274.2128,745003.0203,238.1519928,486,3180
51904041,14.87,,67000021,249091.6226,744195.274,257.2836456,559,4065
51904076,6,5202,67000022,249522.481,744259.0498,194.8843079,348,2674
51904146,9.15,,67000022,249235.6972,744051.7676,185.527359,536,3786
51904117,10,,67000012,250064.068,744752.282,358.084671,410,2651
51904227,4.92,,67000011,249497.1974,744955.3302,316.1390381,444,2862
51903534,9.45,,67000012,249793.9638,744753.1424,173.4948578,341,2386
51903566,28.34,,67000011,249574.7194,744753.0006,617.4728241,428,2820
51903581,4.79,,67000021,249040.9705,744554.6517,283.724762,414,2884
53226496,8.39,,67000013,250716.947,744547.9513,250.3173218,311,1596
53226775,11.75,,67000021,249008.1507,744635.826,546.2105103,416,2901
51905176,14.6,,67000021,249161.0058,744346.9398,272.8371735,446,2968
51905331,11.18,,67000011,249657.0599,744925.1992,210.828537,425,2745
51904527,8,,67000031,249003.1861,743036.3015,393.4463348,678,6094
51904540,20,,67000011,249771.3032,745037.2017,873.8799896,398,2716
51904547,8.74,,67000013,250474.6684,744507.1813,207.7307434,292,1582
51904553,6,,67000031,248324.4263,743620.2059,308.8128357,653,5461
51904557,8.81,,67000022,249416.1375,744140.2164,420.5628815,407,3085
51904585,4.9,,67000015,250998.0876,743106.9446,189.580719,192,1129
51904608,7,,67000013,250692.7392,744348.6024,234.5412598,376,1674
51904651,19.91,,67000012,249952.8284,744853.6239,224.1125031,325,2310
51904661,14.11,,67000033,248492.0875,742792.0913,285.8460083,761,6553
51904702,13.79,,67000022,249353.6348,743942.5414,247.2485657,493,3604
53226701,7,,67000022,249258.3517,743990.2278,279.8064423,526,3727
51904716,7.17,,67000036,247854.8549,742988.4672,314.7951202,828,7141
51904788,15.25,,67000021,249108.4739,744236.0366,262.8101044,564,4103
51905764,18.46,,67000021,249240.1946,744448.5333,200.6839905,422,2856
51905776,4.32,,67000036,248081.0117,743066.1374,236.6829987,829,7070
51905851,16.2,,67000011,249632.6861,744755.7891,329.8777008,475,2846
51905926,15.4,,67000021,249220.355,744584.155,332.1549835,395,2728
51905953,4.46,,67000036,248078.6201,743173.6991,368.7103729,845,7176
51906017,11.91,,67000024,249668.8276,743514.9288,209.2431488,597,4947
51906037,4.02,,67000013,250644.6305,744423.9816,240.9763336,265,1407
51906095,11.84,,67000023,249608.6209,744209.0645,559.2335815,366,2646
51906106,11.57,,67000025,249220.4249,743638.2273,280.9393311,680,5538
53226945,32,,67000021,249668.6993,744559.6654,1050.98584,287,2236
51906166,4.75,,67000011,249574.5746,744964.4409,234.7812805,440,2847
51906313,9.73,,67000031,248916.7265,743444.7939,301.5949707,650,5648
51905407,8.98,,67000012,249788.3997,744696.9883,531.6529083,398,2573
51905463,8.86,,67000013,250566.8893,744644.5864,294.506958,341,1837
51905469,7.51,,67000031,248625.6984,743580.4098,414.9865418,719,5834
51905494,5.61,,67000031,248629.4819,743852.4004,244.1518707,545,4631
51905561,8.72,,67000013,250626.1703,744632.1514,220.8191528,315,1620
51905586,9.28,,67000021,250061.7476,744363.8086,543.802948,225,1324
53226849,12.51,,67000032,248621.0476,743077.4297,606.4077911,746,6580
51905606,13.25,,67000012,250244.3528,744749.9062,259.6589661,344,1956
51905629,7.1,,67000013,250618.0667,744431.1353,288.2681885,276,1469
51905712,8,,67000013,250538.1896,744637.1248,222.6298828,343,1848
51905714,15.33,,67000021,249164.4549,744238.5537,213.2310181,477,3075
51906747,5.35,,67000022,249257.0182,743877.4856,239.6557617,541,3833
51906792,11.44,,67000011,249496.3035,745043.2945,191.9920502,474,2988
51906807,8.45,,67000011,249558.3824,744980.9114,180.7369232,456,2922
51906809,19.71,,67000012,249795.8991,744867.6131,273.677002,353,2464
51906882,22.41,,67000011,249266.2484,744920.9866,233.2849274,485,3218
51906930,8,,67000024,249545.9144,743717.6828,235.5681915,589,4811
51906959,6.53,,67000036,248081.6561,743297.9562,268.5405579,869,7279
51906960,10.08,,67000021,250004.0515,744407.2233,423.844162,231,1416
53226231,11.65,,67000032,248526.6569,743045.1486,319.5780182,773,6731
51906978,7.83,,67000024,249488.8624,743766.7953,225.9821014,599,4883
51906999,10.26,5900,67000012,250187.4784,744660.5065,171.8600922,392,2088
53226239,5.66,,67000031,248753.4969,743399.8051,327.5999603,730,5972
53226245,11.22,,67000021,249404.6485,744649.23,202.8047638,368,2546
51907202,6.48,,67000021,249113.6959,744477.4101,211.8378906,452,2956
51907154,12.27,,67000021,249179.0045,744462.5753,263.3309784,421,2851
51907217,17.01,,67000012,249858.735,745053.4431,757.5521393,365,2563
51907241,7.53,,67000022,249364.8349,743903.4736,241.8504334,490,3584
51907255,9.22,,67000011,249522.7482,744989.8997,256.0074921,452,2902
51906370,9.24,,67000022,249274.2047,744075.3728,168.9485321,432,3289
51906445,11.25,,67000032,248624.4282,742968.3183,866.0974274,735,6498
51906446,8.38,,67000031,248268.3388,743776.4142,328.2540894,612,5028
53226140,7.22,,67000036,247892.3067,743499.603,224.0162354,714,5838
51906483,8.66,,67000013,250533.645,744669.31,322.6699829,326,1788
51906498,14.22,,67000021,249046.5189,744263.233,259.523346,449,3177
51906518,16.44,,67000012,250269.7266,744632.3682,317.0435028,372,2017
51906534,6.62,,67000012,250084.5641,744756.1027,148.0500946,395,2605
51906570,8.29,,67000021,249232.1217,744418.2645,179.310379,426,2879
51906590,6.09,,67000021,249655.7884,744519.6323,244.1475067,292,2277
51906625,9.48,,67000012,250030.2389,744683.7151,222.8670044,332,2451
51906631,13.89,5900,67000012,250134.8385,744728.3806,1168.515533,387,2561
51906651,6.11,,67000011,249626.1006,744934.3306,179.708313,391,2629
51907641,4.54,,67000013,250676.5256,744374.0949,319.6210022,257,1360
51907649,14.65,5900,67000012,249917.1247,744719.7605,393.1564789,296,2195
51907737,11.11,,67000021,249108.1789,744212.0157,208.2998962,561,4079
51907819,12.46,,67000031,248651.7697,743447.4808,864.9748383,715,5868
51907823,12.33,,67000011,249575.1016,744781.7136,233.3539276,423,2794
51907846,8,,67000036,247941.5956,743507.89,413.9650421,705,5784
51908001,7.01,6520,67000012,250083.5359,744493.8468,124.0980835,285,2146
53227165,4.44,6520,67000021,250073.788,744284.6411,245.792511,194,1168
51908797,14.07,6520,67000012,249832.6181,744621.5062,701.5279388,287,2081
51909044,8.11,6520,67000013,250613.8393,744257.5232,224.3726807,237,1237
51908405,6.03,5600,67000015,250090.8848,744046.4354,415.7995606,186,852
51909919,7.86,1000,67000014,250586.1729,744031.3817,170.0551453,228,1400
51910101,8.26,6810,67000014,250615.0923,743697.8273,2097.623932,0,0
51907907,7,,67000015,250712.748,742945.1249,192.9792328,299,1644
53227255,7,,67000013,250506.1692,744531.4162,402.1118774,293,1587
51907964,7.84,,67000021,250011.4328,744435.0923,235.5202484,256,2005
51907950,9.78,,67000013,250634.9865,744541.0627,183.7614441,299,1563
51907978,9.94,,67000012,249965.3621,744595.3507,282.0802002,270,2128
51907979,9.17,,67000012,250382.0779,744732.8949,248.1608582,321,1819
51907999,8.35,,67000012,250060.4116,744461.2505,238.4767761,264,2037
51908027,24.45,,67000011,249681.9838,744851.4594,286.8688355,423,2738
51907284,6.72,,67000011,249472.8712,744967.8081,188.1411896,492,3061
51908183,16.31,,67000032,248604.6116,743166.1038,402.4536438,796,6870
51907346,8.43,,67000012,249764.615,744614.0285,184.065918,257,2067
51907356,11.93,,67000012,250285.1141,744719.063,244.4616089,361,1973
51907368,14.87,,67000021,249047.7891,744499.7783,285.3527069,421,2940
51907371,8,,67000031,248853.8013,743555.5032,265.590744,666,5775
51907410,6.13,,67000031,249071.7284,743114.1178,403.330719,602,5285
51907414,13.2,,67000025,249173.1112,743674.4776,299.6625061,654,5468
51907447,4.99,6520,67000033,248474.3623,742426.7938,28.81990051,787,6791
51907500,15.22,,67000012,249780.1352,744782.7752,251.7411499,339,2371
51907517,15.26,,67000021,249846.205,744527.845,342.0262909,260,1959
51907530,7.4,,67000011,249380.2915,744854.4519,209.5154724,407,2683
53227193,8.29,,67000022,249447.4098,743955.6586,211.5278015,480,3535
51907562,17.97,,67000012,250000.1876,744873.8339,289.106308,328,2323
51907586,8.85,,67000011,249746.7101,745079.3528,173.6080475,378,2669
51908593,20,,67000021,250191.8227,744280.9826,642.599884,176,1047
51908627,11.18,,67000021,249426.802,744599.8686,295.7024994,346,2479
53227387,20,5000,67000011,249641.4776,744869.5782,624.1219788,412,2702
51908728,8.08,,67000022,249342.9116,744004.2084,251.8471069,449,3386
51908751,6.01,6512,67000014,250929.7794,743634.5763,1013.154297,208,659
51908793,7.46,,67000021,249964.5274,744333.8042,244.99263,218,1332
51908805,11.63,,67000031,248762.1813,743292.3542,756.338562,730,6457
51908899,11.78,,67000025,249013.9891,743711.588,352.7644959,651,5578
51908860,4.01,,67000036,248151.1334,742928.7897,335.9726868,825,7054
51908914,7.84,,67000013,250499.7511,744501.8819,268.8547821,280,1560
51908940,14.77,,67000011,249584.7678,744688.6527,178.8910523,462,2958
51908957,6.06,,67000021,249183.1113,744579.2447,196.3864136,396,2732
51908971,15.13,,67000012,250382.4284,744519.9695,250.8289948,279,1540
51909066,7.44,5740,67000021,249665.8229,744588.5353,249.8350372,282,2206
51908330,10.85,,67000025,249450.8809,743464.5972,340.0887909,591,5072
51908366,20,6530,67000036,248148.9125,742881.4207,919.7884216,805,6943
51908427,13.99,,67000023,249648.891,744178.3145,439.5865936,375,2688
51908443,30,,67000021,249623.3064,744378.2446,331.0309601,310,2419
51908493,4.87,,67000011,249562.9463,744945.6127,139.801712,436,2825
51909211,15.12,,67000011,249381.4325,744747.828,440.7056885,379,2582
51909844,6.34,,67000031,249127.4581,742853.6768,238.1606445,677,6106
51909852,8,,67000022,249335.3781,743836.1273,275.258728,556,3920
68377409,5.08,,67000021,249243.8492,744587.9559,169.6309815,381,2659
53227497,16.9,,67000021,249216.3469,744520.2889,288.7704926,409,2791
51909315,16.49,,67000012,250321.6184,744672.8745,283.0368042,368,1981
51909337,8.13,,67000021,250041.4696,744301.535,482.2242279,199,1206
51909343,10.01,6535,67000014,250624.7711,744058.9951,400.8062592,234,1379
51909397,24.24,,67000011,249264.0832,745220.6175,210.6983643,469,3102
51909408,21.75,,67000017,249466.3181,745448.5592,387.3256836,436,3145
65282248,18,6520,67000017,249547.7973,745467.5766,2149.93692,493,3481
65282249,20,6520,67000017,249520.0522,745511.9596,2950.243439,482,3412
51909480,6,,67000036,248145.7506,743255.8991,374.5489197,865,7444
51909610,12.65,,67000013,250531.7855,744545.6413,200.0205078,348,1706
51909634,12,,67000011,249590.2793,744807.1175,243.7221985,417,2765
51909674,12.88,,67000012,250288.7302,744749.3148,228.536087,337,1912
51909738,8.13,,67000012,250198.379,744679.8916,256.9779358,405,2620
51910306,10.95,,67000031,248946.7123,743398.0763,316.9667816,642,5593
51909790,5.35,,67000036,247713.7897,742997.4445,292.5947113,881,7416
51909793,12.45,,67000012,249684.3208,744641.1438,270.900528,330,2163
53227589,6.65,5305,67000021,249245.7393,744559.5071,147.5793457,390,2669
51910327,5.48,,67000022,249374.6816,744161.2012,331.2317963,413,3131
51910383,6.2,,67000012,249835.6611,744880.3674,196.145401,397,2713
51910405,22.4,,67000011,249292.4424,744986.8269,267.6721344,474,3145
51910481,8.37,,67000031,249092.0929,743175.9906,153.2905579,606,5320
51910482,6.26,,67000012,249870.6388,744845.1591,222.0146484,410,2761
51910511,9.64,,67000031,248842.7061,743507.777,191.8455048,662,5738
51910640,17.91,,67000012,250095.4422,744868.7881,281.28862,365,2521
51910673,5.9,,67000031,248581.5457,743806.3434,363.6027527,551,4682
51910741,7.01,,67000011,249305.45,744846.095,276.4149933,404,2698
51910781,4.29,,67000011,249521.9722,745022.6162,102.3014069,463,2954
51910783,7.8,,67000013,250580.6195,744522.7922,182.9915466,362,1750
51910789,5.9,,67000012,249703.77,744636.5538,231.0700073,333,2179
51910806,4.8,,67000012,249959.4724,745024.4122,231.723526,368,2535
51910814,22.83,,67000011,249284.1299,744965.5652,218.0459137,477,3168
51910015,7.7,,67000031,248385.3784,743580.3478,365.3987732,662,5521
51910080,6,6520,67000015,250610.2472,742973.3024,314.1321869,279,1412
65282445,10.37,7300,67000015,250058.5467,744139.8449,4087.618912,179,814
51910194,15,,67000021,249633.9296,744406.9359,238.5657196,306,2388
51910197,11.71,,67000021,249160.8224,744294.8125,271.5734558,467,3019
51910236,12.39,,67000011,249613.6536,744796.7489,277.6190186,452,2818
68377410,8.04,,67000012,250399.7371,744786.2315,159.7714386,414,2716
51911292,7.17,,67000021,249138.0649,744360.3318,244.8571014,464,3014
51911374,20,,67000012,249853.1805,744984.2768,202.4760895,370,2598
51911395,7.05,,67000031,248579.9201,743846.8513,157.6269531,550,4675
51911427,8.55,6520,67000014,250961.5027,743616.1236,204.3060455,218,686
51911430,10.34,,67000011,249381.2424,744875.693,476.112915,413,2702
51911453,15.01,,67000032,248757.4385,742975.2915,483.9375916,751,6557
51911573,3.83,,67000011,249606.6988,744974.3432,159.5533447,443,2862
51911590,11.32,,67000025,249508.2865,743436.1333,325.9118347,583,5008
51911619,12.42,1000,67000012,250000.3625,744853.2079,297.84758,327,2308
51911622,4.54,,67000013,250712.5198,744479.6949,241.6893768,314,1528
51911643,7.99,,67000013,250549.878,744489.7245,220.4882813,356,1757
53227049,7.86,,67000012,250336.8883,744744.5347,178.9226074,338,1888
51911653,6.15,,67000022,249181.3604,744072.8738,307.4893494,542,3818
51911756,7,,67000036,247935.1214,743085.1102,448.8643036,863,7233
51910931,9.5,,67000031,248829.5833,743601.3041,247.5121002,651,5405
53227784,7.23,,67000013,250693.2151,744320.3572,275.8129425,386,1698
51911040,6.94,,67000013,250632.1135,744679.001,224.5994568,357,1884
51911197,8.78,,67000013,250599.8659,744637.0026,260.1961975,351,1857
51912330,11.25,,67000021,249380.6122,744665.6899,331.9216766,337,2469
51912424,6,,67000011,249625.8216,744958.007,291.8807068,388,2615
53228051,20,,67000021,250199.352,744224.6803,627.8009186,174,1034
51912446,16.43,,67000021,249141.6022,744391.6829,240.5275269,457,2983
53228057,4.09,,67000013,250635.6299,744356.6026,215.5528717,330,1497
51912563,14.81909091,,67000022,249363.8405,744028.814,255.1689911,449,3384
51912543,20.9,,67000011,249284.8244,745049.569,181.4354553,488,3196
51912626,9.5,,67000022,249340.4085,744062.3127,248.1626282,449,3356
53228088,8,,67000025,249355.3828,743577.461,377.3385925,613,5240
51912714,3.74,,67000036,247917.0577,743502.1989,195.1108856,710,5827
51912720,12.56,,67000032,248511.76,743005.6426,423.0377655,765,6683
53228104,12.69,,67000011,249455.2924,744713.6713,230.2864533,359,2496
51911818,4.29,,67000036,247711.6093,743243.8249,276.6855927,839,6617
53227086,5.7,,67000031,249096.4995,743065.2538,287.7243195,637,5622
51911838,4.99,,67000013,250711.019,744524.7083,238.6673737,318,1555
51911850,12.25,,67000021,249033.305,744161.75,277.0451965,557,4042
51911858,10,,67000012,250015.3607,744758.83,304.0056305,408,2673
51911859,10.6,,67000014,250723.0657,744023.5789,211.6522064,193,843
51911865,18.17,,67000012,250385.5483,744573.38,217.6450043,343,1709
51911885,9,,67000022,249429.3811,744089.3914,275.733078,403,3048
51911888,6.8,,67000031,249113.5791,742864.0216,197.1360626,675,6089
53227097,11.68,,67000021,248980.8585,744775.5608,418.2861481,433,3166
51911892,11.3,,67000021,249380.3285,744573.4098,153.0417938,362,2524
51911898,10.25,,67000011,249538.7475,744709.4353,237.3155365,449,2903
51911969,4.55,,67000015,250720.3195,742923.4129,221.5370636,295,1626
51911911,5.75,,67000031,248658.6688,743853.8717,363.6851959,541,4598
51911973,21.52,,67000011,249426.1152,744721.7758,462.355423,375,2541
53227105,8.47,,67000022,249330.325,743952.7319,193.828598,522,3679
51911934,10.91,,67000022,249323.0044,744076.2401,263.4783783,448,3352
53227106,14.4,,67000034,248273.991,742300.5964,411.6830444,846,7202
51911980,6.17,,67000024,250000.3189,743211.3971,173.5171204,499,4144
51911982,11.72,,67000032,248735.0437,742910.1022,395.7090454,741,6514
51912148,14,,67000021,249108.1103,744559.5782,340.1560059,414,2883
51913133,9,,67000021,249639.1204,744432.2162,126.2681427,303,2365
51913153,4.89,,67000036,247725.0294,743257.5046,304.5582428,851,6654
51913154,8,,67000036,248068.1516,742887.6672,220.1126251,792,6897
51913171,9.33,,67000036,248220.7243,742996.3463,202.3792114,851,7219
51913239,14.61,,67000034,248383.406,742255.6946,453.9447784,823,6998
51913243,13.78,6520,67000031,248842.1083,743126.6369,1362.418869,703,6281
51913200,18.89,,67000021,249089.9251,744403.9561,255.371994,432,3035
51913230,6,,67000013,250702.1119,744396.2839,250.629776,299,1507
51913315,4.75,,67000012,250253.2051,744616.8225,246.2575226,380,2049
51917069,14.97,6520,67000033,248638.6122,742768.6962,838.1688538,750,6492
51917376,6.94,6520,67000013,250618.1269,744276.5442,373.5644531,240,1256
51919463,8.81,6520,67000012,250088.5112,744477.025,141.2552185,283,2131
51921348,4.31,1000,67000014,250667.5409,744060.7411,163.14357,230,1355
51931859,7.96,7300,67000035,247680.4121,742744.835,301.7995911,807,7814
51935276,8.17,,67000036,247647.1012,743113.4815,539.5542908,817,7881
51937085,9.19,6520,67000031,249224.8971,742889.6909,210.6428986,700,5869
51937103,9.47,6520,67000015,251038.1889,743093.7313,177.4059143,190,1114
51938944,8.72,6520,67000014,250653.3883,743577.0387,247.2749939,93,341
51939116,11.34,6520,67000015,250739.1158,742960.7024,216.5164948,325,1735
51939909,7.72,6520,67000015,250877.7275,743059.3861,289.2866211,201,1120
51941261,8,6520,67000014,250886.8109,743640.8632,839.6439819,178,594
51940829,5.24,7300,67000035,247254.7327,742687.6907,158.7863922,761,7556
51942245,15.61,6520,67000015,251104.7702,743209.9589,607.130249,250,1178
51958894,3.96,,67000034,248205.0019,742645.2981,263.1631928,868,7339
51913331,9.52,,67000022,249527.0278,744166.0206,467.8946228,339,2653
53228221,18.47,,67000012,250335.1326,744528.761,312.4515076,333,1656
53228222,5.4,,67000036,247956.358,742997.0692,352.9055328,826,7076
51913458,5.8,,67000031,248683.5128,743815.1436,207.8900757,538,4571
51913491,15,,67000021,249227.3538,744387.7234,288.1714935,439,2920
51913587,5.02,,67000036,248168.873,742942.3967,390.1216736,825,7054
51913596,7.49,,67000031,249050.2133,743129.101,482.8229675,647,5704
51913598,6.11,,67000036,247829.7605,743356.0164,366.102066,791,6423
51913609,5.11,,67000022,249191.5186,744049.6206,218.9024963,541,3814
51913615,6,,67000013,250640.1629,744404.7826,246.0079041,262,1387
51913629,8.39,,67000025,249563.0547,743410.863,302.9287262,575,4948
53228261,11,,67000015,250765.9224,742967.3887,128.0504456,225,1131
51913643,7.12,,67000031,249163.9776,742949.3665,164.3008423,714,5946
51912779,7.47,,67000036,247758.4066,743000.4233,209.689621,883,7430
53228263,7.37,,67000024,249590.449,743538.6557,292.0774994,588,4875
53228267,15,,67000012,250307.5643,744661.301,260.4359131,369,1984
51912786,8.05,,67000015,250897.9299,742998.1828,264.3339691,202,1144
51912787,8,,67000015,250829.8381,743009.0704,406.4892273,249,1371
51912822,7.25,,67000015,250699.5333,742964.8894,129.0460358,303,1667
51912862,8,6520,67000014,250878.478,743728.5209,2419.303925,193,719
51912834,6,,67000033,248288.5442,742688.8214,194.9376679,875,7345
51912851,12,,67000032,248542.299,743083.07,257.4099274,780,6775
51912926,7.68,,67000036,248042.8388,743037.2604,196.4547119,817,7041
51912936,4.19,,67000036,248131.1261,742944.8509,213.2352295,823,7036
53228137,7.72,,67000022,249443.7988,743576.8822,411.066864,604,5170
51912957,10,6520,67000035,247184.5083,742774.932,1125.530106,793,7256
51913037,9.23,,67000011,249326.9311,744937.285,937.0475006,479,3177
51913078,8,,67000036,247741.4884,742949.4629,357.0474548,875,7373
51913080,11.17,,67000031,248951.8496,743372.5509,380.828186,639,5568
51914052,3.89,,67000036,247879.6054,743275.0895,431.2299957,804,6496
53228345,8,,67000031,249048.9563,743223.4881,372.1088715,614,5384
51914174,10,5900,67000015,251075.1172,743299.9417,1620.010483,260,1421
51914128,16,,67000021,249014.6,744343.44,210.6000061,454,3130
53228355,4.02,5521,67000033,248251.6817,742673.7596,368.9668427,870,7310
51914154,5.35,,67000022,249293.3586,743921.2599,369.9604645,503,3650
51914205,8.44,,67000012,250012.1773,744620.3545,240.5775452,298,2245
51914239,4.52,,67000011,249491.0858,744871.6708,467.0296326,430,2694
51914245,7,,67000034,248129.0145,742658.3628,508.9826965,818,7094
51914288,7.17,,67000031,248243.9324,743722.1182,218.5696411,595,5031
51914330,11.85,,67000021,249160.7557,744318.8555,306.8321381,451,2995
51914344,4.81,,67000036,247757.0243,743305.179,208.6949005,787,6364
51914455,8.24,,67000013,250686.4746,744461.7947,345.7588959,284,1456
51914461,11.37,,67000021,249095,744583.035,445.0350189,404,2816
53228415,15,,67000015,251118.4788,743123.8289,306.6607361,232,1251
51914554,5.24,,67000036,248283.6538,742944.7412,260.9451752,904,7376
51914564,7.52,,67000024,250032.2144,743261.5398,173.0600128,531,4303
51914565,8.35,,67000015,250884.5911,743099.6636,353.4078064,202,1135
51913764,8.6,,67000022,249392.1547,743837.4417,379.9615479,563,3961
51913774,32.56,,67000011,249244.2879,745082.102,563.638092,551,3288
53228322,18,,67000011,249601.4161,745243.7868,425.8656921,407,2905
51914009,13.9,5501,67000012,250050.121,744678.9356,217.5600128,328,2431
51915011,15.62,5501,67000032,248574.6438,743024.5943,712.7586517,772,6728
51915043,9.82,,67000024,249752.0666,743403.5447,125.0600128,620,5086
51915068,14.08076923,,67000022,249307.4792,744094.2791,259.4105377,433,3296
51915136,8.93,,67000021,250044.0256,744388.7599,445.9497528,231,1418
51915137,14.75,,67000025,248929.2665,743810.1062,443.6175842,531,4510
51915139,8.24,,67000022,249271.7604,744017.1703,331.1142731,527,3735
51915311,4.87,,67000036,248160.3344,743037.2249,265.2878571,841,7151
51915370,7,,67000014,250756.7008,743979.7206,340.6406097,186,800
51915381,25,5340,67000013,250692.843,744686.7567,744.7350006,330,1668
51915383,7.68,6530,67000014,250955.1615,743772.99,612.0901489,135,551
51915389,9.92,,67000011,249471.0003,744825.3886,485.5921021,414,2643
51915457,5.48,5305,67000012,250378.234,744550.7238,124.4610596,341,1697
51914650,23.66,,67000011,249314.8469,745031.2816,338.6743164,465,3088
51915541,9.24,,67000022,249266.2311,743931.2008,353.9726563,511,3686
51914675,7.41,,67000011,249566.6916,744831.6459,129.754837,415,2754
51914696,18,,67000012,249892.0281,744682.5249,351.4959259,271,2106
51914703,6.52,,67000012,249854.9984,744823.2721,242.5462647,362,2537
51914718,7,,67000033,248211.1488,742718.8025,566.3708191,837,7188
51914726,5.27,,67000015,251104.9184,743076.5369,233.6925049,209,1152
51914750,10.25,,67000021,250023.4626,744344.1258,317.8578491,219,1286
51914917,13,5740,67000012,250264.0079,744744.6086,302.2636108,374,2018
51915924,8.17,,67000015,250664.5489,742881.5417,330.4128723,302,1656
53228664,13.41,,67000025,249396.7554,743551.8752,776.6198578,630,5211
51915940,4.77,,67000036,247986.6772,743264.7714,317.3782196,831,6596
51915943,22.07,,67000032,248728.8859,743137.1835,374.7492218,749,6653
53228667,11.57,,67000031,248897.8583,743407.1542,149.1111755,646,5622
51915960,6.79,,67000022,249352.2517,744043.7395,402.3100739,446,3364
51915965,13.43,,67000032,248669.726,743146.2287,504.9418945,749,6653
51915986,6.1,,67000022,249409.9508,743933.7302,249.8302765,484,3540
51916021,9.61,,67000025,249305.5319,742864.4495,248.2454987,616,5503
51916034,7.92,,67000022,249394.1221,744150.4351,242.5562439,411,3109
51916072,4.62,5305,67000012,250339.1207,744687.1699,242.70961,349,1936
51916090,13.88,,67000033,248537.5049,742790.7703,272.0223999,947,7520
51916118,7.59,,67000036,247927.6701,743322.8491,443.4815521,813,6523
51916122,6,6520,67000031,248635.1511,743481.198,149.7315216,709,5830
51916146,14.98,,67000023,249952.1579,744024.1784,358.0814819,267,1596
51916152,7.22,,67000031,248220.3647,743667.6169,373.8414764,601,5075
51916193,8.46,,67000031,248590.6211,743606.8196,548.1616211,691,5717
51916284,16.08,,67000012,250362.7063,744727.2514,292.6879273,324,1838
51916382,12,,67000032,248489.054,742969.6411,399.3681488,753,6634
51916325,9.21,3600,67000013,250521.0596,744494.1843,309.732132,356,1759
51916328,8.11,,67000022,249319.2992,743967.2434,158.568985,522,3681
51916334,10,,67000021,249640.3468,744356.2772,234.698288,334,2376
51916372,8.67,,67000022,249377.0989,743815.4412,221.5721741,563,3961
53227883,8.21,,67000015,250600.9924,743053.1397,225.1526489,327,1795
51916396,4.98,,67000031,249104.0285,742995.0776,272.0887451,632,5581
51916409,6.79,,67000015,250934.4002,743048.4576,230.4324799,189,1072
51916453,9,,67000036,248023.2704,743311.0845,746.5827942,835,6622
51916464,7,,67000031,249021.6768,743063.053,419.369751,644,5682
51915559,7.67,,67000022,249321.7326,744021.562,280.983902,445,3360
51915588,15,,67000023,249717.1714,744156.9741,474.7274017,384,2738
51915638,5.91,,67000031,248348.8283,743618.9537,378.5234833,656,5485
51915658,10,5501,67000025,249398.171,743490.673,421.0071259,599,5131
53228618,8.55,,67000034,248355.1275,742360.5291,486.7145386,830,7009
51915716,7.35,,67000015,250956.0216,743034.0233,338.4556427,166,962
51915821,7.92,,67000011,249573.9749,744722.9069,201.2680054,489,2902
51915851,7.85,,67000015,250915.75,743065.1614,307.3969879,198,1097
53228647,15,,67000032,248752.6437,743058.3764,447.6927643,761,6668
51915882,8.69,,67000022,249434.4532,743967.3826,314.3569641,463,3477
51916862,9,,67000024,249590.5128,743474.7983,427.3776703,583,4992
51916871,14.42,,67000011,249598.0879,744771.1222,215.9913483,476,2847
51916895,14.24,,67000015,251025.4437,743211.9552,188.5332489,211,1231
51916949,7.43,,67000012,250103.733,744712.703,258.0080719,404,2824
53227982,12.08,,67000021,249432.3804,744632.3494,294.4862671,326,2409
51916985,17.55,,67000024,249684.7519,743424.4638,476.9762726,581,4903
51917002,12,5305,67000012,250218.5807,744630.2185,283.0744019,387,2061
51917003,4.81,,67000013,250710.3338,744461.1975,133.890564,298,1479
51917019,10.66,,67000021,249161.8747,744560.9383,270.2508545,462,3008
51917114,7.31,,67000031,248930.9248,743337.9528,190.0399628,636,5545
51917044,10,,67000025,249341.2957,743598.0863,376.2433777,616,5264
51917058,7.42,5501,67000015,251031.2286,743151.0624,155.9480133,201,1171
51917121,9,,67000031,248706.2139,743542.6688,216.8807373,636,5337
51917236,7,,67000036,248054.878,743293.5087,386.5430603,870,7288
51917307,14.97,,67000011,249327.6315,744789.1971,301.345932,393,2648
51917337,14.95,,67000024,249639.7114,743489.5518,184.0266724,597,4947
51917347,6.12,,67000031,249001.6089,743160.2205,315.2619324,654,5760
51917391,6.97,,67000025,249149.5381,743261.0936,280.4734345,658,5799
51916489,8,,67000015,250649.5019,742982.9969,268.8267822,311,1710
51916531,9.85,,67000013,250484.5275,744460.1746,163.0032959,277,1547
51916543,7.25,,67000015,250787.4157,742911.9808,277.4909515,267,1474
51916545,4.93,,67000036,247741.8129,742896.2335,406.5261841,867,7318
51916559,5.18,,67000031,248737.0615,743417.9956,245.3079529,727,5947
51916646,4.23,,67000036,248321.6309,742911.6841,417.2263641,909,7411
53227924,17.62,,67000024,249705.2352,743403.0949,535.1075592,576,4868
51916627,6.49,,67000031,249260.7985,742795.226,177.84935,700,5869
51916636,12.29,,67000031,248580.429,743523.857,382.3114777,698,5760
51916727,7.57,,67000021,249975.2347,744383.557,275.7522888,224,1369
51916739,9.33,,67000012,250245.9859,744684.6849,263.5475769,370,2016
51917771,8,,67000031,248376.786,743618.3044,356.8865662,661,5516
51917777,11.31,,67000013,250638.3658,744650.6286,207.0109558,359,1893
51917801,4,,67000015,251095.7061,743105.3566,92.84222412,214,1183
51917853,20.52,6520,67000012,249957.6469,744830.6005,265.6067658,432,2849
51917905,8.05,,67000013,250651.1641,744522.7728,314.1429749,289,1507
53229025,9.64,,67000031,248503.2149,743827.5528,256.3080902,560,4752
51918025,19.7,,67000012,249985.1472,744686.4808,497.4915009,290,2185
51918028,7.65,5305,67000012,250353.633,744563.257,331.460083,341,1696
51918029,7,,67000031,248611.6598,743557.0658,446.4753265,698,5762
51918145,6.77,,67000011,249496.7827,744819.561,183.2976074,383,2593
65282066,5.67,,67000015,251056.9505,743155.9969,304.4018097,223,1238
51918277,8.96,,67000024,250002.5671,743264.3053,187.2111664,506,4191
51918287,4.51,,67000015,250997.5832,743071.6397,215.8507538,187,1094
51918312,4.44,,67000036,247722.8275,743306.8953,411.8905792,772,6312
51917424,5.07,,67000036,247706.776,742924.4029,218.2698517,871,7346
51917427,12.07,,67000021,249453.5698,744606.5424,380.992569,323,2392
51917437,11.84,,67000021,249020.115,744704.4686,343.690033,431,3174
53228936,7.01,,67000031,249245.6554,742788.6482,166.8625794,700,5869
51917468,3.98,,67000013,250677.9352,744400.0132,237.9184418,261,1386
51917477,8.71,,67000031,248944.4574,743304.5317,230.7885895,631,5509
51917549,11.73,,67000012,250308.332,744716.5818,235.1425171,345,1920
51917572,6.08,,67000031,248293.0639,743744.9193,255.6475983,588,4976
51917638,25.78,,67000011,249234.5078,745265.2688,305.2454987,483,3175
51917676,15.49,,67000017,249451.5596,745522.4982,284.4875488,474,3363
51917689,11.99,,67000021,249160.5848,744265.5121,377.6136627,472,3048
51917708,19.61,,67000021,250162.6562,744232.6459,297.9094696,180,1071
51917743,9.32,,67000024,249477.8534,743807.5552,216.2442017,619,5017
51918713,16.63,,67000032,248596.8671,743131.1739,337.1907806,793,6836
51918718,8.95,,67000036,247825.0608,742987.6099,521.3585358,867,7319
51918748,12.74,,67000031,248937.5938,743322.0607,176.0599976,634,5528
51918760,13.34,,67000024,249518.6102,743741.642,242.8150482,594,4847
51918773,7.99,,67000015,250666.0162,742965.1233,218.1885529,305,1681
53229174,5.89,,67000036,247808.6217,743495.8822,332.934906,729,5947
51918840,5.3,,67000022,249372.8677,743852.3271,326.4177399,561,3946
51918868,12.1,,67000012,250335.5509,744809.1619,450.6501465,400,2650
53229187,5.59,,67000031,248823.1442,743540.0138,138.5939789,667,5776
53229191,8.75,,67000031,249225.2644,742800.3313,137.1351471,698,5857
51919041,7,,67000011,249454.0283,744999.1411,309.2004242,488,3044
51919084,8.83,,67000022,249359.6627,743986.5782,267.6738129,453,3410
53229226,11.73,,67000031,248975.4415,743324.9756,254.8034668,632,5514
51919139,18.74,,67000021,249157.9892,744500.6617,292.9513855,456,2975
53229240,11.27,,67000032,248664.6651,742902.2441,533.1650085,715,6412
51919159,8,6520,67000015,250637.8706,742943.259,371.9558563,281,1404
51919179,7.35,,67000025,249328.9593,742916.2007,186.063858,632,5482
51919204,6,1000,67000031,248252.8153,743465.2304,241.1598053,722,5860
51918343,5.17,,67000036,247961.8074,743023.0166,276.7019959,830,7102
53229252,6.73,,67000024,249502.3554,743754.5935,225.5927582,597,4868
53229096,8.11,,67000021,250064.2657,744331.4388,436.1784363,223,1307
51918369,6.88,,67000031,249161.905,742980.5011,223.0808868,625,5523
51918391,4.13,,67000031,248271.4962,743685.0526,458.8497772,594,5023
53229105,8,,67000031,248662.5156,743503.8449,490.6533356,710,5834
51918411,7.75,,67000031,248857.7606,743244.1112,238.1844788,718,6380
51918470,12.08,,67000015,250933.33,743002.7292,343.6559601,186,1040
51918494,22.53,,67000011,249276.9649,744941.2554,166.2310028,481,3193
51918582,15.7,,67000012,249890.8331,744732.6244,287.9668427,303,2223
51918588,17.59,,67000021,249211.2917,744435.4062,235.3982849,425,2874
51918612,30.07,,67000012,249927.0024,744569.5782,645.2142029,266,2104
51918627,11.51,,67000032,248557.848,743134.3171,370.5972748,792,6828
53229146,11.35,,67000025,249370.1748,743503.3295,357.6479645,603,5162
51918680,11.08,,67000021,249323.4554,744618.0184,241.9020538,368,2582
51919634,8.63,,67000025,249321.9854,743188.6301,202.7030945,703,6054
51919644,14.05,,67000013,250516.5625,744459.1667,177.5216065,294,1573
51919664,5.64,,67000015,250778.14,742891.6641,252.0612335,270,1497
51919677,9.62,,67000014,250352.0771,744142.2956,169.4104462,143,848
53229338,8,,67000015,250780.3285,743104.7577,264.788147,233,1260
53229340,19.31,,67000012,249933.8058,744830.6258,295.623291,426,2824
51919732,6,,67000031,248377.6022,743787.0586,285.6048584,576,4882
51919734,11.24,,67000021,249026.3937,744665.2282,274.7995758,418,2926
65282511,7.72,,67000036,247746.3849,742922.8571,319.6788635,871,7345
51919859,6.65,,67000011,249536.8132,744777.6906,155.5529633,427,2816
51919963,32.77,,67000011,249212.262,745107.0533,406.5540314,559,3332
51919469,20,6520,67000012,250091.195,744511.655,635.9748993,302,2297
51920905,8.39,,67000022,249393.9146,743956.3043,260.2450104,460,3456
53229465,12.29,,67000021,249652.8106,744491.9144,255.4410553,296,2306
51920393,22.44,,67000021,250091.054,744232.8242,640.9670563,190,1142
51920403,11.89,,67000021,248994.7188,744680.3573,325.6296082,435,3192
51921808,15.43,,67000014,250829.4738,744169.2091,465.430069,274,1389
51921820,8.1,,67000022,249374.9787,743970.546,130.6892395,456,3431
53228851,8.46,,67000022,249213.0201,744029.3194,237.8808289,536,3785
51921837,7,,67000022,249263.8823,744092.3636,303.7094421,430,3272
51921375,9.05,,67000012,250229.0038,744649.6848,234.3860169,387,2057
51922788,9.23,6520,67000036,247894.5362,742956.6266,715.8772736,834,7131
53229893,5.33,,67000011,249575.9389,744848.6075,245.9363556,412,2735
72617989,8,,67000036,247618.4519,743164.9733,483.7103119,773,6326
51922294,8.25,,67000013,250621.9895,744311.7743,440.4313965,245,1292
51923701,10.21,,67000013,250667.0533,744302.4682,236.1771088,245,1289
51923738,5.61,,67000022,249309.123,744035.9358,267.1906738,437,3333
51923184,8.09,5000,67000021,249711.6715,744574.2695,163.6439972,279,2147
51923245,12.59,,67000024,249790.0075,743563.8041,554.7733154,556,4552
51923246,9.8,,67000031,248702.4222,743394.0562,576.7970123,726,5941
51924613,11.73,,67000021,249186.8632,744635.3927,465.7777405,390,2717
53230234,12.31,,67000021,249182.2396,744491.9929,231.3798981,417,2822
51925565,13,,67000013,250452.1779,744513.8625,286.8911285,280,1541
51925074,12.05,,67000021,249289.5703,744631.5362,506.956604,373,2617
53229689,6.36,,67000011,249478.9136,744783.4131,187.7174988,375,2553
51926507,10.74,,67000021,249645.5952,744463.0946,180.3513184,299,2334
51926508,14,,67000021,249082.9623,744283.9113,257.0791626,447,3158
51926539,18.21,,67000021,249219.2418,744262.9239,260.7503815,473,3053
51926540,8.38,,67000011,249388.8113,745086.0562,205.0612793,454,3006
51926067,12.2,,67000012,249815.9937,744854.887,264.9079132,356,2488
53229614,9.14,,67000022,249354.9301,744169.414,374.4834442,416,3149
51926095,8.32,,67000012,250115.5978,744864.1554,168.3731232,368,2540
51926100,7.8,,67000013,250571.9286,744481.9061,359.1305695,293,1529
53230759,11.42,,67000034,248416.4261,742435.247,786.3147278,797,6846
51926912,9.84,,67000033,248424.6918,742769.0539,835.5825043,792,6644
51927045,11.11,,67000025,249143.4249,743626.6561,328.7614441,635,5420
51927092,6,,67000034,248316.116,742373.1855,316.2590637,828,6992
51928103,5.82,,67000031,248425.872,743798.9761,186.604126,571,4837
51928261,9,6512,67000033,248385.3528,742771.3451,411.907135,789,6628
51928352,9.77,,67000033,248288.7076,742770.6234,565.2597961,805,6734
51928388,5.82,,67000034,248424.805,742401.1983,633.3000031,833,6988
51928484,7.05,,67000015,250897.4964,743039.4129,189.749176,191,1088
65282828,4.09,,67000034,248332.584,742441.9736,710.4597778,820,6944
51927962,14,,67000033,248558.7368,742767.5648,231.8673096,952,7543
51928036,8,,67000031,248966.2877,743127.2194,280.1995087,654,5765
51929046,13.38,,67000025,249335.2159,743557.9427,667.0581513,611,5219
53231087,8,,67000031,248692.2174,743473.7829,634.1132507,716,5875
51929431,4.63,,67000015,250654.6225,742923.9456,227.2984924,284,1420
51929446,5.8,,67000034,248311.1415,742421.8601,320.1004181,864,7206
51929523,9.22,,67000034,248224.6111,742565.8749,747.3240509,830,7074
51928909,4.11,,67000034,248294.8839,742381.0452,293.9169006,853,7107
51928952,9.26,,67000024,249517.6036,743769.8897,225.8789215,610,4890
51929985,22.1,,67000032,248730.6819,743179.3969,403.2848663,754,6694
51930364,14,,67000034,248325.5962,742270.7543,495.9186249,841,7143
51930394,10.62,7300,67000035,247708.4138,742670.0921,1943.647171,828,7889
51930452,7.01,,67000033,248151.2536,742681.9721,534.9105988,826,7117
51929861,9.47,,67000034,248475.0825,742465.0463,589.9407349,788,6800
51929922,5.5,,67000031,249116.9106,743078.4062,266.4519806,636,5611
51931367,6.44,,67000034,248305.4475,742562.8028,379.0421753,829,6893
51931409,6,5521,67000015,250804.804,743148.9272,311.8867493,226,1228
51930824,4.08,,67000033,248260.4245,742693.0085,464.0634003,871,7316
51930844,9.76,,67000033,248139.5926,742741.1628,536.9190064,827,7128
51931863,6,6520,67000033,248173.2594,742743.272,117.2535858,833,7160
51932240,8.94,,67000033,248262.0438,742729.6571,554.7507935,854,7246
51932845,6.51,,67000034,248453.7555,742572.8663,606.7829742,793,6725
51932729,7.86,,67000033,248479.5416,742722.9477,729.2007752,934,7465
51932780,14,,67000034,248214.2251,742317.9107,432.3904572,851,7264
51934094,4.6,,67000034,248325.1446,742394.8491,262.2739563,827,6985
51934160,6,7300,67000035,247707.2512,742735.8673,256.0509644,814,7842
53232054,7.05,,67000015,251110.1825,743163.3887,140.2480011,233,1252
51934853,8,,67000025,249606.7709,743082.4836,286.471344,715,6164
51934859,6,5740,67000036,247681.15,743250.19,122.1599884,843,6638
65282184,4.59,6512,67000014,251058.5481,743642.2645,807.3810883,265,843
51934370,12,,67000032,248515.8523,742919.3453,777.7464905,749,6612
51934371,6.04,,67000025,249266.6469,742988.0878,131.4756165,604,5372
51934435,8.19,,67000015,250692.7799,742894.1719,294.2715149,291,1600
51934445,8.98,,67000015,250584.9838,743020.9785,296.2498474,328,1798
51934452,7.33,,67000015,250730.5353,742873.4529,191.5261383,277,1551
53232020,6.64,,67000034,248311.2443,742590.9258,376.7538757,812,6838
51935694,6.56,,67000015,250591.159,742990.6356,227.3267212,284,1437
51935705,8.58,,67000015,250769.5134,742864.4935,264.9639282,237,1318
51935716,4.22,,67000036,248077.5944,743115.3197,265.2088776,831,7113
51935722,14.62,,67000031,249012.7539,743272.4771,183.8412018,621,5445
51935737,7.2,,67000015,250900.5693,743082.449,254.8860626,201,1120
51935773,8,,67000031,248581.747,743583.3196,499.9611969,692,5724
51935792,15,,67000032,248546.9389,742971.6111,686.2267456,764,6672
51935843,8.07,,67000015,250660.4142,743020.5227,298.8940125,315,1732
51936039,6.13,,67000024,250003.173,743246.2076,173.3120728,503,4175
51936063,7.19,,67000031,249232.9292,742848.9966,263.8032379,695,5840
51936113,19.39,,67000012,249880.6468,744713.9998,264.882782,303,2223
51936170,11.74,,67000032,248565.0365,743189.1528,530.045044,798,6890
51935294,5.74,,67000022,249383.8677,743901.1025,245.1831818,487,3565
51936203,20,,67000024,249769.7083,743588.9806,563.4919128,560,4584
53231432,8.67,,67000015,250881.43,743014.8648,247.6767273,205,1165
53231433,8,,67000036,248199.4683,743261.4034,691.2959595,859,7395
51935309,4.4,,67000015,250628.1931,742958.9935,281.4321594,280,1398
51935330,6,,67000036,247661.3741,743319.9592,394.697052,762,6258
51935339,8.43,6512,67000014,250976.7575,743402.7183,529.6536102,173,830
51935373,7,,67000015,250916.0872,743019.1561,261.2743835,188,1065
51935378,12.22,,67000013,250681.8684,744277.301,445.7877655,241,1266
51935539,9.2,,67000031,249083.3515,743085.7033,234.9512787,640,5646
51935592,9.81,,67000034,248415.7927,742377.3772,479.9352417,802,6873
51935621,4.53,,67000034,248372.1892,742382.6897,348.5783691,831,7013
53231329,9.91,,67000036,248138.6659,743007.8796,282.10672,840,7147
51936611,7.94,,67000033,248377.3703,742722.6925,516.0221558,929,7465
51936627,12.15,,67000025,248894.2178,743859.131,418.9015198,685,5790
53232377,7.93,,67000036,247708.8983,742896.6177,469.5298767,867,7318
51936752,6.02,6512,67000032,248699.3305,743072.3744,300.4156952,739,6585
51936686,6.38,,67000025,249601.8364,743103.8569,168.1396637,716,6185
51936828,7.14,,67000013,250693.1161,744297.1291,333.6999359,390,1718
51936776,7.82,,67000015,250641.3328,743030.6346,190.6379242,319,1751
51936990,14.82,5501,67000012,249999.2276,744659.3473,225.3878784,295,2219
51937039,5,,67000011,249514.4788,744787.2382,186.563385,379,2572
51937042,11.71,,67000021,249397.1972,744606.8458,258.5624237,359,2512
51937090,12.02,,67000032,248759.9552,742937.4021,408.1012573,745,6529
51937101,12.04,,67000032,248467.4542,742932.3946,396.0049744,747,6596
51937109,4.97,,67000036,248140.8406,743290.6983,185.0666199,864,7434
51937115,6.46,,67000011,249265.4986,744819.9021,208.3009338,509,3358
51936267,4.84,,67000022,249278.0745,743866.3485,204.183136,545,3856
51936269,11.76,,67000032,248552.0574,743241.1286,487.4758911,806,6962
51937143,6.95,,67000022,249233.9664,744014.0868,245.5204468,531,3760
51936272,7.51,,67000036,247919.1705,742946.7737,619.5643005,815,7057
51937158,4.93,,67000015,250610.1501,743012.4596,297.9315643,322,1767
53231445,15,,67000023,249603.1024,744271.4319,481.5344391,358,2605
53231478,19.08,,67000012,249745.4603,744730.6356,273.6825256,368,2460
51936471,6,,67000013,250698.5825,744373.1363,247.612381,373,1653
51936475,18.5,,67000024,249729.2191,743374.1606,543.0910645,571,4834
51936491,9.91,,67000012,249717.9372,744691.6345,195.5722199,364,2466
51936500,24.27,,67000012,249659.312,744642.6728,474.0692902,382,2618
51936505,8.6,,67000012,249754.0963,744751.2286,152.6657715,344,2410
51936531,8.24,,67000012,249935.8014,744542.1566,159.4911957,253,1925
53231497,8.31,,67000031,248905.1819,743390.6077,164.650116,644,5604
51937533,7.76,,67000015,250804.9553,742877.4905,290.8411408,237,1318
51937538,7.87,,67000011,249545.5576,744676.3478,191.155014,454,2925
51937543,5.18,,67000036,248037.1735,743213.4259,261.4457855,851,6693
51937544,20.92,,67000024,249771.9751,743324.5583,568.3365326,561,4768
53232534,9.05,,67000015,250763.0027,742938.3903,305.451294,265,1459
51937578,15,,67000031,249078.3436,743000.9643,130.9398956,726,6025
51937605,8.37,,67000036,247867.9701,743346.9948,422.9967499,799,6459
53232546,7.14,,67000015,250628.9306,743000.5407,279.3366547,317,1742
51937910,19.29,,67000021,250154.6495,744300.9003,318.023468,239,1417
51937912,14.64,,67000034,248105.8255,742362.6515,419.2248993,835,8905
53232592,8.98,,67000034,248356.3314,742512.5607,674.574173,811,6932
51937939,8.16,,67000012,250020.5142,744651.0528,203.8299561,298,2245
53232598,20.13,,67000021,250117.3823,744293.5667,599.871872,187,1122
51937975,14.75,,67000011,249360.8136,744759.2921,469.3624573,384,2605
51938050,11.14,,67000032,248636.6256,743021.2134,952.528183,742,6552
51938063,11.33,,67000032,248610.6812,742910.9044,943.5325775,714,6405
51938071,6.53,5900,67000015,250987.7336,743224.0935,151.8395996,220,1252
51938083,9.73,,67000024,250028.7878,743279.1292,191.9768982,528,4286
51937484,8.9,,67000025,249111.6333,743251.3418,190.2424164,578,5064
51937507,9.79,,67000015,250806.7105,743056.7796,221.4832916,243,1327
51938462,6.21,,67000036,247870.0193,743494.3758,308.4579926,717,5861
51938470,5.89,,67000031,249033.2104,743148.3452,293.5390015,650,5730
53232691,11.86,,67000021,248986.4305,744723.9948,320.6635895,424,3144
53232696,4.01,,67000031,249124.233,742976.4483,222.1133881,719,5975
51938505,6.79,,67000025,249299.1304,742887.9481,198.0334015,635,5500
51938515,7.33,,67000025,249295.5898,743161.8901,146.2424927,701,6043
51938540,5.09,,67000015,250746.3348,742893.1621,328.7252655,271,1508
53232708,13.05,,67000031,248500.5113,743581.2716,567.7881775,683,5659
53232713,14.95,,67000032,248759.2572,743018.7743,383.5339356,761,6600
51938597,4.12,,67000015,251063.893,743109.104,273.7489777,216,1194
51938799,6.78,,67000024,249996.8344,743194.2575,172.8798981,497,4131
51938817,6.12,,67000031,248993.1345,743230.5311,211.9544983,619,5427
51938829,8,,67000033,248433.218,742721.1132,484.7681732,928,7462
51938917,7.78,,67000031,248267.6589,743735.5737,263.9558411,591,5003
51938934,12.41,6512,67000015,250877.7243,743538.8237,3206.499954,213,998
53232788,8.27,,67000022,249303.0191,743883.6961,198.5780182,546,3864
51939018,5.35,,67000022,249282.6089,743896.4627,311.8570099,543,3845
51938098,8.84,,67000036,247898.9734,743335.2234,441.9889374,803,6492
53232672,4.65,,67000015,250911.4331,742980.821,312.0376587,191,1071
53232678,11.5,,67000031,248800.2021,743181.728,719.4578552,710,6327
51938415,10.03,,67000031,248172.5624,743656.0381,279.9663239,606,5119
51938446,11.98,,67000031,248437.6465,743586.4476,959.5233002,670,5572
65282067,5.93,6520,67000015,250829.6789,743498.592,1413.268356,192,600
51939110,5.9,,67000031,248788.7607,743359.6392,323.8626099,736,6501
51939113,8,,67000015,250865.7396,743033.9747,311.2878876,209,1189
51939797,8.73,,67000036,247628.8134,743140.4535,610.9310608,823,7928
51939262,6.76,,67000025,249571.0565,743165.4341,234.0564117,608,5460
51939274,9.53,,67000036,247956.6778,742936.4456,596.0270386,811,7027
53232852,7.44,,67000012,249758.1783,744660.7069,187.5954437,375,2504
51939385,9.03,,67000024,249795.1248,743359.5395,77.58013916,631,5141
51939402,6,6520,67000014,251000.7614,743253.4188,112.0927429,225,1275
53232862,11.56,,67000033,248072.717,742741.7774,203.8980103,803,6988
51940255,14.32,,67000024,249489.9262,743715.055,696.5675049,595,4852
51940292,10,6512,67000014,250942.8422,743520.2219,1538.110931,274,960
51940301,11.56,,67000025,249426.6173,743525.6932,309.6502533,622,5173
51940322,7.18,,67000036,247782.6821,742927.588,485.3639832,861,7275
51940347,15.93,5900,67000014,250952.3948,743825.6413,912.1686096,136,555
53232173,8,,67000031,249000.7762,743215.2893,179.9897766,617,5410
51940495,6.16,,67000036,247601.5238,743246.315,184.7535858,760,6247
51940653,13.79,,67000033,248468.008,742771.2779,290.1620026,766,6574
51940703,6.77,,67000034,248120.5736,742635.524,407.6857605,821,7111
51939875,6.8,,67000031,249133.0864,743055.6029,221.8300171,633,5586
51939883,4.05,,67000025,249492.061,743495.9425,553.3976898,608,5099
65282385,15,6512,67000014,250433.3702,743775.6121,2991.373413,59,224
51939917,4.67,,67000014,251014.5754,743287.0391,221.2775726,238,1309
51940000,12.52,,67000032,248444.4658,742896.7949,344.7164612,933,7540
51939944,12.72,,67000031,248359.0204,743577.7516,377.6337433,658,5497
51939948,13.79,,67000031,248890.0933,743425.546,296.5084229,649,5642
53232962,4.01,,67000034,248299.7402,742456.5169,253.0028381,862,7194
53232968,11.77,,67000024,249476.2665,743779.1833,233.9800415,603,4904
51939991,7.61,,67000024,249543.1032,743574.6349,362.5504913,577,4815
51941167,8.24,6512,67000033,248701.2245,742764.7221,1752.189926,723,6371
51941178,8.76,,67000036,247961.2815,743314.1823,635.4732361,822,6559
51941205,7.86,,67000031,248869.103,743455.622,229.9128723,654,5679
53232321,11.98,,67000031,248786.3525,743242.1249,1062.059402,719,6384
51941254,4.55,,67000036,247596.8087,743275.6334,350.0519867,756,6219
51941297,9.2,,67000031,248193.5221,743703.0129,400.8308868,602,5087
53232333,8,,67000015,250804.7683,743030.0531,213.3007813,247,1356
51941372,7.29,,67000036,247768.9392,743022.2793,169.6329346,800,6515
51941397,12.33,,67000032,248583.5554,743077.3701,434.0470886,781,6780
65282514,11.28,,67000032,248652.5031,743077.4607,775.0359802,738,6577
53233258,4.75,,67000034,248304.4908,742404.0496,281.063324,866,7225
51941674,19.7,,67000024,249751.0987,743349.4709,547.8173676,566,4800
51941675,11.29,5521,67000034,248316.7984,742476.0834,773.4226379,814,6953
51940806,9.48,,67000031,248740.3848,743348.396,512.9733276,739,6521
51940843,5.11,,67000022,249340.1713,743911.4603,215.0346985,493,3608
53232253,6.73,,67000034,248145.1779,742605.5834,305.7842102,827,7157
51940924,3.95,5521,67000015,250757.4354,742917.3297,309.3607941,268,1482
51940930,15.02,,67000024,249615.5918,743511.2483,166.3393555,593,4912
51940931,4.31,,67000036,247605.9997,743221.8513,343.3931427,764,6269
51940940,6.85,,67000025,249271.8956,742968.3111,171.3240204,609,5402
51942182,8.06,,67000022,249348.4231,743862.0767,219.8654938,556,3920
51942205,9.82,,67000034,248178.8895,742533.8881,790.0962372,834,7103
51942235,5.14,,67000036,247635.3592,743312.3706,345.4046478,751,6183
51942254,4.7,,67000034,248275.9314,742388.4006,333.016983,867,7232
51942258,10.11,6520,67000035,247242.8315,742739.3095,1324.61702,817,7324
51952486,9.89,,67000015,250836.5731,743031.887,366.1578369,210,1195
51952502,14.81,,67000024,249435.8299,743758.4476,863.8830261,617,4945
51953546,9.48,,67000031,248925.963,743355.1139,175.3854828,638,5563
51953549,10,6512,67000014,250965.9533,743484.5044,1513.515762,276,966
51953494,18.8,,67000032,248733.3297,743092.5111,339.89328,753,6632
51953823,8.4,,67000015,250688.2264,742984.9419,156.8150482,313,1694
65282766,4.13,,67000015,250988.144,743180.6556,257.2709045,207,1205
51953931,6,,67000012,249774.2874,744676.1822,84.40473938,366,2484
51953965,6.66,,67000034,248264.2635,742605.4375,556.8594513,819,6871
65282830,8,,67000015,250660.1453,742903.8058,333.3390198,306,1678
51953331,11.58,,67000025,248947.2888,743786.3449,450.8848572,672,5700
51953398,5.61,,67000036,247705.7814,743339.6187,230.954361,771,6305
51953404,9.3,,67000036,247783.5228,743490.3111,270.0023956,732,5971
51954852,10,6520,67000035,247655.4738,742710.2389,594.5080109,803,7800
53235529,15.38,,67000021,249239.7364,744626.4657,855.3869476,382,2665
51955279,22.23,,67000032,248723.0685,743222.6973,377.7298279,760,6734
51955749,14.04,,67000033,248516.822,742768.676,237.375,943,7501
51955742,6.33,,67000034,248400.4163,742583.4848,398.0418854,792,6748
51955223,11.92,,67000033,248059.8,742766.785,207.1499939,791,6915
51956230,9.28,,67000033,248205.7245,742763.3425,359.2995911,838,7196
51958432,4.44,,67000034,248293.7446,742431.7895,292.8287354,863,7201
51958566,4.56,,67000034,248333.8547,742416.5619,222.8112793,824,6966
51958077,4.18,,67000034,248284.4892,742412.2095,286.0628357,866,7222
51958083,6.43,,67000034,248297.3876,742535.2013,321.9137116,819,6995
51959453,6.53,,67000034,248248.6652,742584.2694,365.9371643,840,7073
51959560,9.65,,67000033,248340.3705,742770.8765,318.6963196,795,6686
53235741,6.89,,67000034,248185.6906,742593.4614,352.3377991,839,8379
51960388,14.28,,67000034,248165.8108,742346.8931,526.5489197,840,8966
51960424,6.36,,67000033,248173.9513,742703.6864,415.5809174,830,7146
53236809,12.78,,67000031,248963.1799,743348.334,352.4918366,635,5541
53236992,9.71,,67000033,248140.8708,742764.1749,650.5448151,829,7138
53386611,13.32,,67000012,250046.5342,744472.0054,261.0772095,283,2038
52798407,4.96,,67000013,250688.3786,744523.9005,275.4542694,290,1510
52965332,21.34,,67000012,250071.5178,744877.2735,328.2052918,361,2498
52965388,12.07,,67000012,250030.7375,744890.4187,266.7176056,356,2454
52965441,6.31,,67000036,247805.5185,743359.8121,327.8584137,785,6401
52966316,8.91,,67000021,250014.9343,744367.3135,280.4331513,227,1393
52966328,4.76,,67000014,250701.6603,743955.6001,61.72799683,197,1241
52966550,6.53,,67000036,247705.399,742947.1418,328.7229919,874,7368
52966765,8.02,,67000011,249294.8276,744886.4835,300.2818909,488,3234
52968007,6.25,,67000025,249200.9591,743104.4946,205.9514618,592,5240
52982210,7.53,,67000031,249148.1296,742885.5191,241.8877106,702,5893
53421289,9.8,,67000031,248319.9881,743715.8486,227.5188599,587,4966
52991406,7.90421053,,67000022,249326.4863,743875.2019,437.6643524,552,3895
52992582,8.85,,67000031,248849.8578,743491.7723,187.66539,659,5721
52992602,15.45,,67000023,250002.6515,743959.9651,358.280304,280,1679
51898539,4,1000,67000023,249788.6748,744271.9681,77.81907654,194,1598
53225788,9.31,1000,67000011,249691.0507,745066.2094,203.2381897,405,2668
51900302,5.09,1000,67000011,249323.0778,745294.2568,70.70100403,485,3163
51901331,8.82,1000,67000014,250543.45,744047.25,187.9500122,188,1071
51900928,3.77,5202,67000011,249235.1238,745178.5565,251.5511475,574,3487
51903177,7.61,1000,67000011,249067.8966,745085.1013,1009.118851,567,3480
51902624,5.1,1000,67000014,250646.0378,744058.7596,223.9707642,232,1369
51904154,6.67,1000,67000011,249425.1403,744855.4045,406.3583069,413,2703
51903602,6.46,1000,67000012,250260.7666,744805.8283,354.0546722,385,2576
53226743,9.32,1000,67000011,249094.2155,745043.6677,538.7928467,581,3524
51905209,8.86,1000,67000011,249096.3081,745002.9898,558.9707947,433,3222
51906061,4.42,1000,67000014,250795.7134,744086.9846,120.0934601,246,1317
51906100,6.02,1000,67000025,249752.8522,743193.0729,245.153656,561,4635
53225514,9,,67000022,249560.9885,744063.1341,265.2069855,398,2960
65282183,7,,67000014,250500.841,744130.1274,398.185318,208,1158
51901223,13,,67000013,250810.8798,744512.9038,208.4417419,233,1271
53226421,12,,67000011,249380.9349,745313.0436,54.00585938,451,3035
51903201,10,,67000011,249315.6729,744865.797,349.1399689,413,2722
51903996,10,,67000014,250907.5251,744322.293,85.77088928,207,1057
51905140,6,,67000036,248163.2687,743212.4693,984.983963,871,7302
51905309,8,,67000022,249382.5764,743623.3004,435.7450104,614,5249
53226709,10,,67000011,249048.7006,745353.3234,310.5766602,531,3739
51905871,7,,67000015,250765.9808,743494.8593,420.0397492,107,489
51906075,8,,67000022,249439.532,743604.1123,110.0105896,649,5420
53033244,9.77,,67000015,250674.2676,743000.6959,261.2320252,311,1710
53043117,12.16,6520,67000012,249983.364,744741.8325,249.9600983,387,2701
53439539,4.93,1000,67000015,250959.2322,743214.1388,218.7468567,220,1253
65282769,6.6,6520,67000015,250389.5193,743680.072,762.9877319,56,231
65282775,6.09,6520,67000014,250828.5388,743730.6385,85.8196106,196,731
68377406,14.72999573,6512,67000014,250852.4468,743860.1211,4875.404999,158,529
51663953,8.79999924,5740,67000021,249430.0452,744544.1873,2451.886108,452,3089
51668103,12.66999512,5523,67000014,250997.3096,743734.2169,195.9854889,289,913
51839443,10.47,,67000011,249376.6199,745296.9425,257.4001465,450,3025
51839569,6.5,,67000011,249388.8564,745419.3617,256.1704407,472,3113
51839788,7.17,,67000011,249429.7463,745010.8612,157.2737885,495,3240
51841846,7.47,,67000011,249562.2435,745020.4041,153.6611481,456,2925
51841853,9.52,,67000012,249785.8317,745115.613,177.0764923,378,2668
65282900,7.12,,67000011,249535.3981,745005.9884,200.1617432,458,2933
65282901,11.62,7300,67000017,250248.0561,745245.2086,1943.320068,383,2780
51843461,6.4,,67000011,249623.3913,745010.0196,255.118927,384,2615
51843473,9.17,5000,67000011,249604.2294,744901.1147,174.8503418,400,2672
53214976,40.06,6520,67000011,248993.9214,745121.306,395.2689819,547,3412
51844210,9.82,,67000011,249335.2762,745309.4635,164.7423096,487,3174
51844417,11.25,,67000011,249643.4779,744902.2269,203.1820984,421,2718
51844418,15.83,,67000011,249408.2444,745386.6695,454.844162,466,3075
51844438,6.89,,67000011,249352.3085,744857.4521,189.7505188,416,2733
51843713,25.45888889,,67000011,249368.9214,745002.756,726.0194702,466,2981
51844952,13.46,,67000011,249636.1189,744990.4114,250.8453369,380,2591
51845022,6.01,,67000011,249434.3447,745065.3248,108.0930023,507,3049
51845090,19.96,,67000011,249370.4783,745163.0402,246.9842987,445,2945
51845302,4.41,,67000011,249362.4098,744950.3341,273.6644745,468,2970
53216342,7.32,,67000011,249342.6987,744905.8668,397.6958466,424,2771
51847884,7.46,5521,67000011,249727.7598,745009.3321,248.0451202,393,2631
51848100,6.53,,67000011,249314.6987,745119.7489,222.3556976,470,3049
51848819,12.52,,67000011,249670.2368,744950.8042,257.9391632,429,2773
51896973,13.64,,67000021,249404.047,744390.4044,213.0118408,394,2923
65282063,15.16,6520,67000014,250299.6512,743923.9708,2946.363815,145,747
53224458,8.77,,67000011,249623.4955,745078.4731,251.5589294,391,2667
51897038,17.75,,67000012,249691.8682,744705.2966,262.3748779,369,2547
51897045,5.27,,67000013,250689.225,744502.2265,308.3249054,286,1488
51897059,5.76,,67000012,250222.7869,744751.6548,297.0015717,348,1978
51897062,7.54,5201,67000011,249436.4776,745124.9543,528.9219208,435,2883
51897066,4.92,,67000014,250315.1027,744136.0514,436.7433167,135,793
51897068,4.46,,67000022,249278.0346,743963.3194,188.8067322,511,3681
65282064,18.98,6512,67000014,250769.614,743892.0532,979.7068634,123,511
51897121,20.76,,67000012,249876.4017,744925.1495,281.5574951,397,2714
53224478,21.94,,67000022,249663.2446,743902.6812,696.8087158,437,3168
51897222,18.3,,67000012,250291.1248,744555.848,243.6842499,342,1690
51897176,7.2,,67000011,249362.9704,745468.3089,403.4205017,479,3155
51898404,12.35,,67000021,249943.4548,744456.963,221.3924255,276,1988
51898406,6.45,,67000011,249316.4576,745332.5951,155.7217865,463,3117
51898408,4.18,6520,67000014,251098.7177,743966.2901,126.3322601,169,795
51898428,19.09,,67000012,250355.7178,744437.5742,243.0732422,266,1428
53225584,13.83,,67000023,249693.8707,744118.8739,443.7912445,387,2752
51898442,7,6520,67000023,249840.7554,744189.8744,191.712616,270,1484
53225586,20,6520,67000013,250415.1531,744308.7401,459.3201752,336,2442
51898465,5.45,6535,67000022,249176.6573,743912.9336,415.9518738,546,3828
51898485,7.8,5305,67000013,250562.585,744707.732,628.0108643,332,1808
53225596,20,6520,67000014,251010.1263,743895.0292,419.5615082,179,724
51898648,18.1,,67000011,249196.6739,744902.2673,466.2127838,456,3357
51897930,9.05,,67000011,249546.5507,744968.6668,215.0869293,452,2902
53225499,6.4,,67000021,249355.5279,744332.458,172.0381928,382,2855
51897985,4.75,,67000013,250664.5702,744239.4672,356.6440582,235,1226
51898053,16.49,,67000023,249925.4217,744002.3585,409.3862457,322,2535
68377407,11.31,5305,67000013,250532.4547,744388.4897,124.9324341,314,1607
51899374,5.8,,67000013,250490.8239,744337.7987,278.3097534,277,1515
51899428,9.02,,67000022,249458.3787,744073.0279,316.9547882,398,3015
51899472,6.69,,67000023,249604.1657,744062.2196,363.9293671,355,2766
51899489,8.17,,67000022,249307.1009,743985.9575,191.3164215,519,3689
53225780,7.27,,67000013,250613.4334,744384.2599,204.8032837,323,1468
51899524,8.41,,67000011,249443.7819,745028.1655,206.6942749,499,3264
51898876,25.85,,67000011,249193.0169,744997.9774,306.7164154,568,3325
53225662,5.16,,67000011,249558.2412,744814.1699,128.3839417,419,2773
51898881,10.12,5740,67000012,249895.3665,744871.978,410.23732,410,2764
51898902,6.51,,67000011,249356.9766,745140.6174,196.3937378,464,3021
51898942,14.25,,67000012,250349.9014,744598.6542,236.5383453,347,1876
51898980,14.1,6520,67000014,251022.2654,743961.8879,225.5362091,194,791
53225708,10.01,,67000011,249536.5334,744952.3966,176.4954224,447,2880
51900243,8.01,,67000021,249711.2568,744495.6567,257.8866119,298,2225
51900308,5.85,,67000023,249628.6299,744107.945,179.4446564,377,2732
53225924,5.57,6520,67000014,250400.8439,743955.1981,118.1396637,143,462
51900375,8.05,,67000013,250599.692,744494.1855,110.7366943,294,1527
51900532,7.1,,67000012,250002.4898,745012.9419,157.901001,364,2509
51899761,2.96,6520,67000011,249517.2971,745213.6654,49.24182129,420,2838
51899785,3.46,5305,67000021,249136.2044,744555.5504,307.1775513,462,3008
51899786,12.63,,67000011,249463.3868,745388.5343,346.9700012,430,3098
51899878,32.03588266,6520,67000011,249484.1837,745275.7383,3070.36084,441,2963
51899832,8.55,6520,67000014,250431.9142,743895.9664,2570.339569,159,493
51899835,9.71,6520,67000012,250159.725,744498.6136,190.5049896,433,2818
51899934,7.75,5305,67000014,250498.5988,744052.3974,241.8489838,162,991
53225864,7.16,,67000012,249850.7418,744861.8399,248.671051,403,2736
51900018,3.58,,67000011,249435.75,744961.845,178.6139221,450,2901
51900027,22.88,,67000011,249265.669,745265.8695,321.5114441,470,3105
51901163,23.9,,67000011,249296.4177,745209.8723,849.8836823,495,3074
51901177,15.8,5560,67000011,249267.8519,745299.2616,332.7151947,477,3141
51901185,20.73,,67000021,249757.4731,744449.343,268.8637238,280,2174
51901202,4.25,,67000011,249731.6534,744943.7505,54.14399719,363,2495
51901231,12.49,5305,67000012,250128.6861,744763.6109,341.1899719,388,2570
51901261,8.67,,67000011,249404.8308,745474.4928,209.063385,441,3191
51901340,5.77,5305,67000011,249228.7506,744944.7245,712.9465332,583,3383
51901308,7.08,,67000021,249682.9703,744382.1717,251.7887573,326,2342
51901313,8,,67000013,250476.1353,744378.5464,261.2809143,268,1466
51901314,7.19,,67000012,249921.7147,744764.2064,179.2522888,376,2634
51901315,8.18,,67000022,249250.1344,744132.1057,307.8924103,426,3239
53225230,17.22818182,,67000011,249285.8274,744809.8394,428.1225128,403,2695
53225240,7.7,,67000012,250242.6441,744494.952,198.1898041,321,1587
51901502,5.85,,67000011,249594.3296,744883.3431,177.2500458,412,2724
51900706,24.8,6520,67000011,249752.7358,744930.4148,462.9932098,359,2475
51900732,13.55,,67000023,249976.2494,744053.4157,327.6574554,265,1585
51900757,6.16,,67000011,249705.3025,745079.8249,210.7293854,421,2766
51900773,21.25,,67000021,249247.9454,744317.5305,226.9388123,439,2853
51900779,4.14,5501,67000012,250185.6622,744556.1767,133.2307587,344,1715
51900794,3.14,6520,67000013,250460.3155,744255.0769,90.20031738,347,2508
51900840,7.39,,67000011,249366.6033,745394.655,264.5587006,471,3108
51900991,5.79,,67000011,249359.09,745312.494,151.9940949,457,3061
51902101,10.88,,67000011,249745.6188,745054.6295,120.553299,402,2672
53225383,3.88,,67000014,250503.5479,744073.2509,77.66940308,195,1101
51902188,7.72,,67000013,250629.5407,744497.3149,237.671402,295,1534
53225384,8.41,,67000022,249257.1575,743909.6438,245.7055664,538,3815
51902190,5.13,6520,67000014,250930.3531,744108.7992,209.7687073,242,984
51902215,7.17,5253,67000011,249554.3513,745085.0433,611.2234802,400,2716
51902284,10.29,5370,67000014,250747.216,744049.0291,238.5379181,162,833
53225402,10.31,6520,67000014,250569.2703,743912.0285,423.0866089,133,470
51902326,10,5900,67000014,251001.0631,744053.8177,575.9401703,218,886
51901648,20.53666667,5305,67000012,250310.8992,744807.5561,240.8063507,394,2626
51901649,11.11,,67000021,249599.6075,744322.6184,213.9525147,318,2479
53225289,6.98,,67000011,249392.2542,745290.5297,205.8187866,448,3010
51901681,5.47,,67000012,250242.1137,744382.3545,683.4448242,391,1924
53225295,24.02,,67000011,249750.5854,744973.7002,503.4652557,365,2506
51901713,7.93,,67000013,250721.1595,744333.7334,324.1287689,378,1688
51901867,7.72,,67000011,249462.5205,744947.4912,155.9656982,442,2872
53226413,2.84,,67000012,249850.385,744878.4735,53.25900269,400,2725
53226424,13.94,6535,67000014,250691.6187,744179.2073,443.2959137,248,1327
51903166,10.34,,67000011,249787.5149,744964.1389,767.8542175,386,2654
51903188,3.65,6520,67000014,251118.3017,743968.2123,89.12004089,276,1033
51903193,12.69,,67000021,249413.95,744492.3622,326.8816528,449,3090
53226449,9.5,,67000021,249710.528,744388.6396,319.4216309,291,2244
51903291,7.82,,67000012,250242.996,744441.0501,90.70010376,295,1563
53226485,20,6520,67000014,251050.7195,744314.1833,1028.931686,201,1144
51903514,24.81,,67000011,249237.9622,745216.7058,331.3610382,473,3128
51902589,8.7,,67000012,249833.2275,744706.6889,182.3498535,395,2581
51902592,3,,67000014,250845.3661,744119.7718,78.82653809,266,1384
53226335,6.98,,67000021,249697.525,744439.5695,166.0088806,311,2283
51902664,3.76,,67000023,249589.8807,744210.3489,73.82113647,331,2593
51902670,12.42,6520,67000021,249898.8987,744500.4842,189.1114655,221,1851
51902674,9.8,5740,67000014,250578.2475,743957.1187,299.5412903,133,659
51902686,6.88,,67000011,249441.4703,744757.5868,147.9635468,369,2535
51902801,7.47,,67000011,249469.7486,745012.318,198.4886169,483,3026
51904019,8.23,,67000021,249084,744376,299.1932068,436,3064
51904049,10.31,,67000014,250985.0903,744138.1412,167.0253601,234,968
51904067,4,6520,67000013,250552.3572,744614.2244,85.30625916,346,1869
51904139,9.87,,67000011,249606.9062,744653.6156,169.2030792,493,3358
51904109,3.36,,67000012,250155.9467,744706.0694,102.6486359,392,2583
51904258,6.75,5305,67000011,249479.7421,745109.1888,252.9125366,436,2853
51903563,7.14,,67000012,249806.1986,744661.5398,309.1791382,400,2587
51903584,8.32,,67000022,249443.6374,744043.2941,348.9746857,439,3219
51903635,21.93,,67000011,249148.508,745001.6385,373.0115967,583,3376
51903652,5.87,5501,67000021,250128.3246,744194.867,138.9090729,164,864
53226522,8.02,,67000013,250530.7251,744321.9331,329.1852417,291,1351
51904892,17.04,,67000012,249745.7175,745150.0716,131.7229004,383,2715
51904894,21.55,5900,67000021,249788.3623,744495.0496,847.2387848,272,2120
53226731,5.94,6520,67000014,251100.3336,743989.0161,251.8470764,171,817
51904898,6.08,5900,67000014,250898.6537,743992.4753,288.451294,185,772
51904913,22.05,,67000021,249319.9473,744552.1395,163.7221375,382,2610
51904919,4.16,,67000011,249506.367,744970.394,105.9272614,447,2880
51904925,7.88,,67000011,249562.1774,744698.5395,235.4906464,454,2929
51904965,16.82,,67000023,249847.3278,744066.5847,438.2861023,171,1370
51904997,9.32,5305,67000012,250148.2918,744762.0512,424.6904297,382,2539
51905018,13.76,,67000013,250637.8285,744608.5472,266.1297455,311,1596
51905031,13.13,,67000014,250843.5032,744255.6991,244.3508148,225,1163
53226774,9.14,,67000024,249670.8841,743711.7488,181.6769867,598,4771
51905138,8.97,,67000025,249364.2109,743296.4624,271.8635101,588,5223
53226776,16.78,,67000013,250485.9073,744629.8921,316.6455383,296,1648
51905216,7.84,,67000012,249988.8999,744571.4237,194.6179504,281,2161
53226778,6.38,,67000024,249513.139,743541.5028,325.7090912,615,5108
51905157,7.03,5521,67000012,250185.8909,744538.0971,311.5434723,336,1698
51905165,14.58,,67000011,249607.3452,744677.204,191.3883972,496,3379
51905170,11.13,,67000023,250028.6184,744008.6986,94.72639465,276,1651
51905172,6.5,,67000015,251056.1322,743189.0039,120.5570068,241,1177
53226782,5.42,6520,67000012,250090.1978,744642.1563,38.06233215,308,2312
51905196,6.76,,67000025,249048.9675,743474.3777,209.9598084,560,4855
51905199,7.92,,67000013,250773.5903,744365.9511,260.2205353,360,1602
53226789,17.04,,67000023,249959.9004,743967.2617,450.0420227,326,2582
51905224,24.89,,67000021,249328.3285,744427.3461,252.5129852,410,2732
51905226,5.66333333,,67000021,249016.4363,744318.8804,241.7701416,459,3169
51905228,12.22,,67000025,249650.5,743318.44,254.9931946,708,5895
53226790,7.02,,67000021,249702.2545,744358.3033,143.9701843,296,2276
51905230,10.62,,67000031,249016.3875,743203.874,174.8526459,614,5391
51905344,3.71,,67000021,250244.8012,744153.7931,82.08618164,132,747
53226659,12.25,,67000011,249682.9892,744927.4636,401.3007965,427,2759
51904486,11.64,,67000025,249113.1369,743718.3866,367.0036011,664,5541
51904492,8.35,,67000025,249153.403,743404.6634,153.4006043,571,4987
51904528,7.61,,67000025,249362.2654,742982.2927,211.3939514,694,5897
51904536,8.31,,67000031,248993.6698,743363.3211,322.2510223,618,5518
51904537,11.27,,67000025,248989.3431,743843.8874,263.9008637,560,4388
53226677,6.8,,67000031,248573.5383,743888.6525,486.6026611,588,4718
51904586,6.64,,67000025,248985.825,743611.002,241.2451782,555,4712
53226679,3.14,,67000031,249128.7366,742921.838,138.8748169,711,5961
51904604,5.51,6520,67000013,250526.8871,744521.6003,165.3595123,352,1731
51904613,10.41,,67000025,249522.5,743379.75,171.9760132,687,5753
51904615,14.57,,67000025,249077.6346,743572.2553,135.3983002,696,5801
51904631,15.92,6535,67000014,250744.1721,743902.1658,555.856308,123,514
51904649,5,,67000013,250770.3851,744532.0002,274.558548,327,1657
53226690,6.89,,67000014,250895.6085,744344.9744,223.559494,211,1080
51904662,8,7300,67000035,247625.0056,742761.103,474.2065735,792,7756
51904733,6.77,6520,67000012,250154.1651,744532.2494,275.8448639,430,2804
51904666,8.36,6520,67000015,250268.8229,743699.1521,899.6648407,102,420
51904671,4.65,7300,67000025,248877.3283,744512.348,38.68365479,442,3623
65282505,5.17,,67000034,248378.5642,742300.4758,113.2774048,830,6999
51904723,8.1,5305,67000013,250515.4748,744374.2244,466.538208,302,1385
51905775,5.23,,67000015,251116.7378,743059.258,122.0935974,211,1155
51905813,8.55,,67000012,249907.1564,744587.5357,160.4760132,262,2080
51905840,8.78,,67000012,249909.9048,744993.853,164.8270111,354,2488
51905888,3.93,7300,67000017,250291.3546,745217.0131,83.54830933,386,2803
51905897,6.8,,67000022,249586.8643,743840.6602,267.938324,507,3671
51905899,13.28,,67000024,249577.6185,743530.3423,410.5722199,605,5049
51905922,4.45,5000,67000013,250475.705,744734.62,177.7200012,375,1881
51905928,30,6520,67000014,250920.4748,744170.9208,1052.843369,188,922
51905931,10.07,,67000014,250535.9493,744103.077,272.6660767,201,1127
53226910,4.64,,67000031,248769.5485,743472.8222,137.9719391,646,5430
51905952,3.63,,67000025,249075.6389,743506.6911,237.0475006,571,4855
51905967,12.04,,67000024,249698.6438,743471.46,149.0649872,605,5000
51906015,6.8,6520,67000012,249729.2345,744637.5275,193.3953095,378,2533
51905968,6.23,,67000012,250289.4716,744607.6309,323.370163,378,1944
53226917,9.02,,67000013,250468.2426,744561.217,225.957077,312,1634
51905997,5.32,,67000013,250508.7623,744350.4916,218.2168427,295,1362
51906001,7.4,,67000025,249015.8151,743502.3187,197.7251434,555,4818
51906003,9.68,,67000025,249087.6916,743444.1346,278.7076721,565,4907
51906022,10,6520,67000015,250151.2115,743958.0474,4034.245895,127,664
51906038,15.4,,67000021,249250.9535,744347.3452,271.9994812,432,2823
51906041,14.98,,67000012,250245.3518,744577.5005,272.2721863,425,2162
51906051,7.82,,67000021,249045.6195,744357.8188,380.9833984,448,3088
51906058,10.69,,67000013,250768.9248,744653.7226,280.2897034,245,1425
51906092,6.8,,67000013,250601.4708,744606.9316,137.6911011,322,1622
51906064,16,7300,67000035,247292.4052,742818.7235,2114.301346,748,7368
51906069,6.44,,67000021,249818.866,744400.1752,143.2882538,207,1722
51906080,6.87,,67000021,249341.7825,744378.6234,191.0650482,420,2775
51906105,7.72,,67000025,249197.8316,743322.1822,243.3145294,594,5088
65282574,6.06,,67000022,249530.0033,744121.5622,346.1586914,381,2896
51906152,5.61,,67000013,250535.965,744570.7989,195.16922,341,1676
51906220,6.24,,67000011,249484.2752,744802.6164,190.522171,379,2573
51906228,6.92,,67000021,249095.0921,744169.6813,196.050354,556,4038
51906233,3.94,,67000011,249486.5009,744936.5122,167.4440002,437,2845
51906260,7.41,,67000012,249869.6052,744975.6034,83.94296265,357,2511
51905415,4.94,,67000011,249351.3789,744927.2181,274.3561707,430,2796
51906282,13.71,,67000011,249404.0732,745039.6404,284.3272095,497,3250
53226111,6.1,,67000012,250324.64,744628.2134,176.100647,366,1903
51905420,10.93,,67000022,249569.065,743920.4516,264.6996765,507,3649
51905395,8.98,,67000011,249420.2647,745441.1261,156.8765259,438,3162
51905430,13.54,,67000011,249459.5467,745047.1551,198.5756531,508,3055
51905441,11.67,,67000025,249463.8324,743362.5901,301.7069702,665,5691
51905454,17.6,,67000011,249664.1388,745051.2283,235.0609894,406,2675
51905461,5.92,,67000036,247650.7619,743465.4697,207.5128479,731,6044
51905472,11.21,,67000021,249315.1938,744528.1891,268.9160461,387,2635
51905485,8.91,6520,67000015,250276.1214,743757.1217,550.4696045,102,418
51905495,10.21,,67000024,249590.7239,743638.3174,821.8893127,577,4725
51905499,8.02,,67000036,248020.2919,743439.8475,158.0854492,705,5783
51905501,8.45,,67000021,249045.4959,744470.3874,241.7100067,425,2970
51905531,12.6,,67000014,250743.7413,744196.6371,925.4537354,240,1272
51905544,4.22,5521,67000014,250453.3419,744090.5523,165.5312347,177,1012
53226843,15.43,,67000023,249958.9756,743811.8096,354.4465027,179,1331
51905557,8.16,1000,67000015,250183.0894,744081.9376,797.2154999,166,735
51905559,10.41,,67000012,250181.2223,744444.3106,193.3699493,392,1852
53226845,7.27,6520,67000015,250199.5068,743763.3754,1360.114777,107,468
51905573,12.3,,67000021,249270.4143,744587.8595,184.1338196,384,2639
51905576,7.72000427,1000,67000013,250596.7085,744213.6746,1137.305069,249,1184
51905597,8.43,1000,67000014,251082.0488,743478.0117,291.2632141,187,872
53226851,10.07,,67000025,249326.0283,743252.5839,213.7937012,616,5234
51905603,5.99,5521,67000036,248101.0945,743123.995,294.9718628,835,7127
53226859,10.11,,67000021,249286.995,744544.1274,142.6029053,393,2681
51905663,16.55,,67000011,249345.5335,744779.0247,296.7890015,390,2628
51905671,18,5900,67000013,250364.2305,744331.8233,636.7972565,267,1387
51905681,25.32,,67000011,249213.3732,745023.6681,314.0672913,559,3292
51905695,5.24,,67000013,250751.219,744528.2073,157.3155975,324,1640
51905698,5.8,,67000012,250410.4543,744531.3005,186.8611145,315,1611
51905715,7.3,,67000022,249295.2319,744106.6467,243.6193543,430,3277
51905733,3.27,,67000021,249328.3068,744467.1859,64.00802612,400,2693
53226182,18.83,,67000012,250344.389,744859.2632,296.349762,397,2014
51906714,6.91,,67000011,249513.4226,745073.7056,176.3420715,520,3121
52992634,11.95,,67000024,249584.393,743585.0521,185.8906097,584,4841
52993845,6.93,,67000036,247813.2271,742892.513,374.2936401,844,7210
53422948,7,,67000013,250622.5672,744473.7677,268.7748261,290,1510
53003552,25.71,,67000032,248589.4587,743390.8055,306.8966675,783,6202
53426890,6.58,,67000036,247834.2455,743493.1614,308.1380768,725,5921
53023565,10.39,5337,67000012,249883.9991,744829.1792,188.0319367,415,2783
53427902,5.91,,67000022,249249.9033,744034.6393,328.5135193,532,3764
53027834,9.55,,67000021,249117.3704,744444.3281,218.3704071,450,2947
53029179,8.91,,67000022,249211.1091,743922.8924,277.4815979,542,3828
53031860,7.9,,67000015,250796.9313,743082.4347,414.4425201,237,1288
53032852,9.24,,67000024,249505.617,743782.1542,182.3318329,613,4907
53033137,7.94,,67000025,249169.056,743610.6182,398.2089996,632,5390
53033320,5.64,,67000031,248961.5648,743226.8395,243.8085938,621,5442
53032697,11.08,,67000031,248882.392,743511.1715,264.7789764,659,5722
53032789,12.29,,67000012,250240.7114,744715.579,326.9546051,408,2636
53034052,12.57,,67000012,249903.65,744779.905,172.2000122,372,2604
53034114,13.64,,67000012,250409.0098,744727.3303,354.2132874,350,1851
53034116,7,,67000022,249380.4016,744015.9432,283.6138153,452,3405
53034127,4.58,,67000022,249342.7275,744135.4029,263.1377869,416,3149
53034163,16.12,,67000012,249995.3135,744524.397,272.3885346,286,2198
53034174,7,,67000031,249050.5212,742953.8012,357.8344879,726,6025
53033684,12.64,,67000031,248538.3587,743555.6628,723.1409607,689,5705
53035006,19.92,,67000012,250424.8107,744841.5473,346.2100983,386,1939
53035112,14.66,,67000021,249167.5183,744403.9823,258.6517944,438,2912
53034482,8,6520,67000014,250674.8292,744000.3956,122.449997,205,1284
53039464,11.04,6512,67000014,250942.8291,743440.8245,810.8899231,182,862
53042142,6.01,,67000011,249446.6408,744774.9322,221.7230072,396,2588
53061825,15.86,,67000031,249035.7747,743242.5505,159.1768494,616,5407
53435136,14.17,,67000034,248059.0344,742392.4325,500.6201935,835,8862
53077039,8.25,,67000036,247845.7272,742963.7952,282.1304474,867,7319
53077228,5.26,,67000013,250562.25,744544,136.851593,347,1701
53076713,8.43,,67000012,250040.753,744648.605,212.7304993,301,2265
53090816,8.19,,67000036,248222.203,743292.5048,205.4813232,854,7362
53090947,9.1,,67000013,250689.2277,744545.2545,230.2574616,307,1569
53092373,8.81,,67000036,247796.3582,743012.4173,277.4441528,837,7204
53091846,8.91,,67000031,248777.1107,743614.0489,182.4286804,646,5364
53095122,7,7300,67000015,249995.5765,744136.743,988.3782654,196,900
53097382,19.31,,67000032,248603.8195,743235.9485,342.9487457,803,6936
53099051,15,,67000012,250354.646,744515.1157,469.5625,373,1749
53098790,23.3,6520,67000011,249356.5781,745267.8479,381.0156403,447,3010
53443695,8.07,,67000013,250609.1747,744294.9501,489.4505005,242,1273
53121469,5.85,,67000036,248101.8511,742948.0043,363.0470886,802,6947
53443900,15.04,,67000021,249201.6182,744375.5203,284.3726959,441,2935
53124377,5.25,,67000011,249588.6453,744932.4969,231.1912537,437,2830
53125276,7.67,,67000036,247988.669,743523.9014,292.2690125,699,5741
53445064,9.42,,67000024,249558.816,743731.2253,195.6513519,602,4835
53129127,7.66,,67000033,248336.9813,742722.0408,703.8297119,933,7495
53130016,7.04,,67000022,249252.8911,743968.498,263.2785492,513,3706
53131692,22.91,,67000012,250007.7133,744687.3762,246.1974487,336,2474
53135018,14.19,,67000032,248678.8608,743199.7592,477.8220062,757,6714
53144975,8.31,,67000024,249545.5472,743744.2039,165.4574738,605,4853
53148179,11.75,,67000033,248085.6392,742715.4325,255.7499695,818,7070
53149662,8.26,,67000013,250612.4729,744653.5394,262.7683716,390,1938
53449226,18.25,,67000011,249330.5371,745267.5534,271.4550018,486,3170
53151045,8.25,,67000022,249223.833,743905.1859,197.1289978,535,3796
53150665,15.79,,67000032,248605.6875,743200.9819,376.8812561,800,6903
53449416,11.36,,67000012,249861.9538,744616.5346,161.9712219,253,2034
53448786,7.16,,67000015,250837.2173,743056.4697,317.6576538,213,1215
53164609,12.89,,67000012,250313.4465,744746.7695,218.873169,369,1959
65282026,15,,67000013,250675.1296,744257.8955,519.050705,238,1246
53174813,4.54,,67000021,249888.1466,744514.1899,112.4337158,229,1904
53175162,6.74,5501,67000031,248773.3986,743379.2691,370.4766998,740,6526
53177326,20,5740,67000012,250180.1783,744586.5282,515.875824,385,1804
53176835,5.62,,67000015,250725.9753,742900.6389,308.2571106,291,1602
53178064,5.72,,67000022,249294.5574,743857.8821,249.1543884,548,3874
53178074,4,,67000033,248284.4021,742632.1618,211.5361633,819,6871
65282449,9.93,6520,67000035,247040.3611,742992.2481,540.8144989,715,7276
65282528,21.63,,67000031,248410.8399,743478.1783,440.6871491,722,5889
65282529,20,,67000031,248375.0545,743475.5302,423.6932831,717,5854
65282530,21.51,,67000031,248340.0549,743472.193,419.7892456,711,5819
65282535,21,,67000021,249113.493,744143.0792,297.499939,562,4025
65282584,5.09,,67000024,249575.8547,743716.6545,206.6161194,599,4812
65282589,18.14,,67000024,249628.5995,743663.1121,156.7577667,588,4737
65282592,16.87,,67000024,249686.6673,743607.4044,146.0114746,577,4656
65282601,12.55,,67000024,249684.5126,743367.8165,169.3231506,606,4906
65282603,12.74,,67000024,249659.4973,743396.0516,169.9117127,599,4888
65282727,25,,67000032,248660.5348,743243.9092,366.2300415,782,6830
65282728,25,,67000032,248650.1125,743276.1021,345.0206146,786,6832
65282729,6.49,,67000031,249027.5678,743185.5152,209.1246948,612,5369
65282837,16.35,,67000013,250479.738,744437.8703,233.309021,314,1619
65282919,20,,67000011,249383.9924,745266.9551,292.3761597,443,2982
65282924,20,5740,67000012,250359.0372,744809.379,563.2290344,419,2716
65282045,40.55,,67000011,249022.2042,745259.4611,506.8345947,520,3340
65282046,42.84,,67000011,249054.6842,745260.7168,665.8872223,510,3308
65282294,30,,67000012,250446.2506,744801.0136,511.4006805,396,1968
65282298,8,,67000012,250153.8781,744962.7624,490.2427368,410,2734
65282358,4.35,,67000012,249823.2691,744680.8162,417.4132538,396,2586
65282360,28.34,,67000021,249222.3249,744199.9705,532.3990784,580,4152
65282423,27.68,,67000032,248352.6232,743384.5023,420.2105713,891,7494
65282424,27.7,,67000032,248385.0013,743394.4757,407.8917694,886,7460
65282425,27.47,,67000032,248416.8447,743405.7883,402.4927826,881,7426
65282426,30.34,,67000032,248448.7874,743416.931,445.3457489,877,7393
65282427,27.85,,67000032,248310.1474,743379.7542,272.7617645,789,6199
65282428,27.41,,67000032,248275.2616,743376.0518,251.213028,794,6230
65282429,27,,67000032,248240.7617,743372.3482,258.0815582,800,6264
65282430,27.71,,67000032,248206.5137,743368.5297,309.2787628,805,6298
65282477,18,,67000012,249845.7654,745075.5487,647.6744843,369,2600
51662342,16.72999268,6512,67000014,250916.1603,743688.1472,3701.117493,142,604
51663017,20,6512,67000014,251007.2646,743709.1145,8192.895538,283,892
65586095,11,,67000012,250105.2422,744746.0111,352.7821655,391,2586
65605353,25.37,,67000011,249512.5804,744655.0498,323.049469,333,2403
65602389,32.07,,67000011,249344.8102,745079.8097,393.0522919,457,3031
66152824,3.94,,67000031,248177.7992,743579.6203,225.9421387,663,5516
66135440,9.93,,67000031,248129.0569,743569.8444,127.6628571,660,5485
66152825,7.01,,67000031,248104.3968,743568.5162,305.6596832,655,5441
66135441,9.94,,67000031,248083.356,743567.5701,310.0040436,653,5421
66147006,6.9,,67000037,247915.3887,743557.8801,218.531662,680,5606
66147007,9.55,,67000037,247873.829,743607.6831,297.1951599,648,5447
66132470,8.69,,67000037,247827.9849,743564.6076,129.2014008,655,5498
66138388,21.83,,67000037,247469.0764,743107.5476,436.5897522,823,7964
66138389,20.93,,67000037,247531.7462,743091.3174,499.6838074,790,7812
66132477,15.69,,67000037,247561.3938,743146.7389,376.2498932,835,7996
66144124,20.13,,67000037,247536.0566,743206.8451,441.2007752,820,7933
66135445,15.47,,67000037,247565.6571,743266.5396,391.2046661,856,8118
66135446,20.18,,67000037,247540.9486,743328.4275,479.0450745,840,8055
66149969,12.86,,67000037,247551.6711,743391.4319,421.5367432,852,8122
66141328,15.33,,67000037,247198.3031,743205.6373,466.6617432,843,7870
66147274,25.71,,67000032,248104.8823,743352.6124,288.1275177,824,6621
66153133,29.68,,67000032,248139.6858,743360.2558,242.2952271,830,6662
66138690,29.75,,67000032,248173.1504,743366.7387,233.6403809,809,6322
66144416,20,,67000032,248451.4178,743366.9257,322.1441345,878,7401
66222085,40,,67000011,249199.8858,745216.6326,544.6173096,480,3166
66220075,10.95,,67000011,248991.4148,745195.9478,630.3048248,532,3384
66220077,10.7,,67000024,249567.494,743703.4727,305.1856232,585,4785
68377346,8,,67000025,248962.3794,744356.4245,387.0656738,478,3838
66218006,15,,67000021,249135.2359,744258.2525,364.3926544,474,3054
66218681,10.46,,67000021,249159.5924,744152.917,499.3187103,566,4072
66218683,20,,67000025,248959.5492,744175.2048,391.0580902,503,4020
66217283,20,,67000012,249976.4429,744547.1342,506.0036469,281,2169
53225752,35.92,,67000011,249178.6393,745357.0221,471.0573578,505,3322
51899135,20,,67000011,249427.3078,745176.2949,372.5306702,453,2945
51900312,7,,67000011,249403.8875,745405.5875,259.4738312,436,3146
51900981,15,5340,67000012,250201.3074,744947.1146,721.5569916,419,2774
53225293,15,5305,67000012,250200.1992,744611.1996,187.3903656,390,1812
51903321,9,6520,67000011,249568.5071,744894.508,203.4005432,417,2752
51903503,38.14,,67000011,249122.9367,745258.272,401.2742004,495,3244
51902628,10,5521,67000012,250187.7366,744749.8728,682.2196045,384,2543
51903947,41.08,,67000011,249090.7783,745258.345,583.6197357,502,3275
53226595,9,,67000013,250525.4106,744246.5455,342.48732,264,1254
53226742,9,,67000011,249735.2383,745095.4212,202.5522766,380,2690
51905289,18,5900,67000012,250133.6174,744826.1698,1438.411942,356,2435
51904522,10,6520,67000014,250380.8101,743822.6864,1361.600418,126,355
51904727,9,,67000013,250609.6001,744725.767,236.3286438,340,1731
51905895,4,5305,67000025,249008.5907,743777.135,160.7425232,667,5668
51906047,11,,67000011,249482.296,745032.0333,197.0923157,479,3005
51906104,8,,67000013,250519.1982,744300.531,202.7438812,273,1298
53226837,10,6535,67000013,250839.0516,744348.0577,803.890152,215,1105
72617792,8,5305,67000021,249266.8119,744542.932,284.3875122,394,2685
53226234,8,5521,67000025,249347.3051,743508.9168,67.13935852,606,5185
51907123,11.35,1000,67000012,250233.2178,744864.9492,207.8616638,402,2687
51907987,6,5521,67000012,250030.4011,744801.5351,116.6208954,336,2347
51907378,4.14,1000,67000014,250821.3344,744084.761,107.231842,248,1340
51907391,6,1000,67000036,248258.045,743175.5,149.8159027,896,7381
51907427,6.2,1000,67000015,250202.1125,744140.298,237.0699158,143,775
53227184,11.51,1000,67000036,248267.826,743218.9232,501.9109497,909,7435
53227600,6.58,1000,67000031,248220.4774,743515.7856,116.1657562,690,5700
51909273,4.31,1000,67000036,247660.2551,743229.018,335.7216034,788,6378
51909505,6.74,1000,67000011,249060.3083,744993.0274,380.0422974,629,5692
51909538,14.43,1000,67000022,249087.0378,743888.8585,1268.806076,499,3528
71735178,15,3601,67000021,249549.325,744468.6714,2988.671692,344,2438
51910460,10.73,1000,67000012,250211.7351,744829.7065,1449.153351,381,2625
51910540,8.84,1000,67000031,248617.7034,743927.5064,705.3984528,532,4341
51910669,4.82,1000,67000025,249248.852,743571.0493,328.4942932,622,5301
51910703,12.32,1000,67000024,249906.5345,743190.8888,1215.807098,635,5195
51910736,4.08,1000,67000013,250538.8794,744724.1422,69.33366394,369,1881
51910099,6.7,1000,67000015,250856.5943,743371.1584,142.5973663,161,765
51910289,8.41,1000,67000011,249063.9782,745015.2064,833.0156708,581,3524
51911033,5.46,1000,67000031,248578.8894,743936.5534,834.7459259,498,4264
51911136,10.58,1000,67000022,249147.7868,743772.216,1350.729279,631,5194
51906976,7,,67000015,250954.2394,743174.5338,51.99900818,149,831
51907105,12,,67000023,249728.9499,744231.1141,200.9367981,311,2369
51908162,7,,67000011,249374.8055,744901.1989,276.1555786,426,2781
53227419,14,,67000024,249730.4303,743433.6565,159.2580109,613,5049
53227340,9,,67000012,250202.2745,744727.6983,385.3336792,403,2608
51910449,12,,67000024,249637.5977,743544.5615,156.9463348,592,4907
51909959,20,,67000011,249182.0655,744930.8377,350.6295013,583,3383
51910035,10,,67000022,249632.4524,743816.6491,213.9291534,615,4872
51911198,10,,67000025,248857.5937,743775.9414,241.8206787,534,4505
51912218,7,,67000014,250536.7364,744121.0913,100.7253418,205,1145
51906835,3.52,5305,67000011,249458.2488,745087.7464,332.8943939,513,3081
53226212,5.64,6520,67000031,248245.1021,743515.1447,57.16392517,695,5725
51906860,9.16,,67000036,248071.4542,743470.5446,250.8564606,712,5837
51906864,4.24,,67000036,248110.7941,743238.4952,259.0679627,871,7481
53226216,16.75,,67000021,249787.591,744537.7994,230.4590149,265,2079
51906904,28.27,,67000011,249573.0422,744626.978,784.3082886,482,3291
51906889,9.74,6520,67000015,250725.8669,743445.8683,202.2408752,111,481
51906913,4.25,,67000023,249580.8703,744129.1477,230.6769867,370,2690
53226223,8.77,,67000024,249778.0592,743374.2789,196.3427887,628,5125
53226227,6.86,6520,67000021,249737.3837,744558.8774,157.2949982,265,2077
51906964,7.73,6520,67000015,250489.4137,743551.2093,2489.54953,71,210
51906972,9.81,,67000015,250685.4618,742921.6565,207.9324799,296,1629
51906974,6.89,,67000031,248240.7748,743632.1173,363.2893677,639,5374
51906977,4.45,,67000036,247842.9513,743293.1577,398.7685089,808,6480
51906982,8.86,,67000014,250716.0696,743964.7152,209.3388519,199,1251
51906987,4.92,,67000036,247749.9668,742979.7596,225.4658814,879,7407
51906994,7.85,,67000031,248867.975,743380.0967,204.4221039,659,5559
51907074,4.37,5305,67000012,250279.1738,744689.5124,224.243866,398,2047
51907075,6.55,,67000034,247816.297,742718.6948,397.998703,881,7429
53226243,5.03,5521,67000012,250285.1609,744521.3927,104.6902161,364,1690
51907023,12.63,,67000023,250008.82,744018.9447,493.0614014,273,1633
51907026,5.42,5521,67000013,250534.852,744407.5736,159.5184937,308,1586
51907038,8.32,,67000012,250270.8907,744433.4201,225.3535461,348,1611
51907054,10.37,,67000021,249875.5175,744416.3282,184.7030182,212,1769
51907059,7.46,,67000021,249432.7841,744468.6953,237.5808258,409,3005
51907065,8.34,,67000025,248888.3494,743978.703,228.1980438,534,4223
51907067,5.27,6520,67000015,250455.8092,743494.5194,272.5773926,218,456
51907084,4.39,5305,67000012,249947.4253,744803.974,128.885025,431,2844
51907091,20,,67000021,249880.1206,744477.5093,281.3960571,218,1821
51907102,10.21,5900,67000013,250466.5,744583.5,296.0516052,360,1752
51907115,11.43,,67000021,249285.7083,744518.9266,219.0803375,394,2685
53226259,10.11,,67000012,250197.8941,744698.6296,209.3773651,403,2608
51907121,11.1,,67000021,249859.5433,744392.4457,267.3262024,209,1741
51907198,21.4,,67000011,249297.2644,745330.4508,311.8009186,467,3143
53226263,13.71,,67000021,249690.2091,744412.0046,196.3717957,318,2312
51907143,3.41,6520,67000014,250915.518,743966.7101,276.4304352,208,819
51907166,12.79,,67000014,250828.8074,744217.1085,497.5357056,256,1216
51906333,18.81,,67000012,250417.0547,744557.057,230.0794525,321,1645
53226283,6.65,,67000021,249361.4131,744465.2767,141.7179718,415,2742
51906354,6.15,,67000011,249440.7296,745202.0223,168.4283905,461,2975
51906361,9.84,,67000012,249936.8581,745042.6313,351.6954956,369,2540
51906387,6.87,,67000012,249962.7297,744975.697,236.0049133,359,2465
51906409,6.45,6520,67000014,250996.9257,743504.3016,502.8084869,288,1002
51906414,8.41,,67000036,248025.6693,743039.1343,149.1680298,831,7089
51906416,13.68,5521,67000024,249624.8744,743444.2595,338.7571411,589,4955
51906419,6.14,,67000013,250691.1883,744712.997,232.1891022,255,1554
51906420,4.29,5521,67000025,249119.509,743364.8868,294.6897583,581,4999
51906421,9.16,6520,67000015,250385.89,743515.1591,379.1014862,96,296
51906422,11.34,,67000021,250307.7103,744296.7552,255.2161713,247,1342
51906431,17.16,,67000025,248968.2811,743827.8074,276.7708283,675,5722
51906443,6.6,,67000031,248747.7081,743501.7399,129.0015564,642,5394
51906448,13.64,,67000025,249388.4869,743361.2305,514.2057343,660,5632
51906450,5.12,,67000036,247776.7121,742856.058,265.5854034,849,7246
51906466,9.08,,67000025,249113.4227,743506.7317,300.1025238,689,5736
51906467,8.74,,67000024,249535.3669,743565.5963,381.0095062,614,5104
51906490,7.72,,67000031,248889.6777,743570.4819,264.6255951,571,4962
51906597,5.88,,67000014,250478.595,744103.9978,143.1417542,180,1029
51906543,6.31,,67000022,249500.7783,743864.804,283.6778107,492,3593
51906557,8.24,,67000011,249463.4553,744792.6169,193.8482361,403,2610
51906564,8.69,,67000021,249953.0582,744364.2655,198.59198,220,1340
51906587,5.35,5305,67000022,249538.8599,744229.583,534.4004364,342,2644
51906588,10.54,,67000021,249357.805,744567.75,182.6795807,377,2589
51906589,6.93,,67000013,250780.8837,744630.2829,188.8451233,243,1399
51907627,17.65,,67000014,250645.5565,744142.7549,766.9876251,222,1157
51907646,18.87,,67000013,250510.9228,744605.7295,239.3095703,349,1712
51907660,9.6,,67000011,249604.587,745125.4838,137.7510376,400,2717
51907665,3.9,,67000013,250616.2718,744407.5637,291.8051605,262,1387
51907707,10.17,,67000025,249144.9417,743574.0618,119.4600525,653,5456
51907712,11.42,,67000025,249045.4288,743631.7974,131.9892273,672,5571
51907742,21.55571429,,67000011,249587.6396,745041.7257,444.9556732,471,2987
51907753,9.25,,67000011,249678.2816,745083.5125,170.5475617,408,2689
51907810,6.07,,67000036,247609.3039,743394.3734,494.6370239,740,6112
51907824,7.21,,67000021,249364.7015,744609.8562,172.3074951,359,2541
51907883,8.73,,67000036,247648.9517,743438.0126,325.7477417,733,6061
51907850,7.93,,67000031,248773.1329,743440.0662,337.9816132,649,5461
53227246,5.76,,67000036,247707.1773,743296.4919,192.0372467,769,6292
53227248,6.38,,67000024,249658.3711,743718.4602,96.30062866,600,4784
51907864,8.24,,67000031,248935.5061,743478.7261,287.6894989,630,5649
51907866,4.59,,67000015,250436.4973,743388.5421,97.01000977,112,498
51907894,7.8,,67000011,249307.8718,744797.1797,292.1312408,397,2670
51907898,12.04,,67000024,249660.0436,743785.8284,184.7840118,608,4831
51907903,4.15,,67000033,248890.2749,742357.1466,494.3114929,782,6733
51907912,6.64,,67000025,249185.3822,743463.8455,189.5126495,678,5653
51907913,5.9,,67000031,248293.4402,743787.3981,232.3008575,608,5001
51907924,8.9,,67000013,250773.7938,744414.4338,249.8441925,348,1559
51907925,11.66,,67000022,249385.016,744056.9035,291.2665405,430,3169
51907967,10.9,,67000021,249354.5682,744676.8958,443.1807098,382,2621
51907946,6.3,,67000013,250824.8731,744299.0699,237.2510681,249,1142
51907974,15.86,,67000013,250515.396,744626.3803,259.071991,337,1747
51907986,7.21,,67000021,249845.0908,744473.5715,225.316803,262,1972
53227269,12.16,,67000011,249446.1006,744694.4565,235.4554443,377,2556
51908000,11.04,,67000021,249307.4939,744494.7421,297.6826935,395,2668
51908003,11.23,,67000021,249090.8708,744461.7315,299.1392212,426,2978
51908013,7.17,,67000021,249351.2837,744539.5086,196.8627319,383,2618
51908020,16.75,,67000023,249900.5708,744094.083,491.6706238,295,1584
51908039,6.25,,67000011,249503.6923,744837.7672,222.9113464,387,2612
51908042,4.41,6520,67000021,249783.9532,744519.5601,128.0453949,268,2098
51908069,6.73,6520,67000014,250896.2338,743959.9711,272.1299896,208,817
65282902,15,6520,67000014,250842.5825,744042.2716,482.44133,252,1371
51908147,3.55,,67000011,249441.981,744982.8178,166.2723236,492,3063
51907280,6.2,,67000011,249499.6517,745089.5901,166.8312988,516,3100
53227299,18.99,,67000011,249737.1609,744865.5745,263.1934967,347,2421
51908167,7.7,,67000011,249418.8794,744995.0014,131.9951935,492,3220
51907290,30.5,,67000024,249825.9364,743444.546,812.6003876,552,4414
51907274,8.32,,67000011,249486.4466,744985.9004,226.0753937,486,3037
51907301,7.59,,67000014,250581.4159,744121.5224,383.0742798,184,1011
51907320,4.73,5305,67000011,249417.4067,744925.1298,116.9677582,455,2913
51907321,9.02,,67000025,249242.2249,743361.9406,124.7603607,597,5075
51907327,7.12,,67000011,249325.0613,744883.0663,282.8760986,417,2741
51907328,8.53,6520,67000014,250954.2101,743368.6095,128.9311218,168,791
53226296,22.17,,67000011,249646.5152,744977.5123,286.7930145,383,2589
51907418,8.28,,67000031,248914.9578,743373.7742,236.7718964,641,5584
53226301,12.05,,67000024,249669.7128,743775.4787,188.0958405,606,4817
51907392,9.12,,67000025,248971.6662,743634.5469,258.9149933,552,4683
51907394,9.84,6535,67000014,250699.0483,743930.9978,147.7510223,186,1216
51907401,8.24,,67000031,248342.535,743772.6299,469.8016052,581,4919
51907404,14,,67000025,249363.6126,743378.8218,438.9586334,657,5601
51907405,11.19,,67000023,250129.9128,743745.947,672.814148,134,938
51907434,4.7,,67000031,248340.1616,743724.7414,131.7412415,584,4944
51907496,4.58,,67000033,249012.9754,742428.3906,187.4709625,711,6457
51907466,9.01,,67000021,249667.41,744443.12,125,312,2285
51907470,8.59,,67000025,249685.3291,743262.8051,205.4885712,714,5950
51907504,9.77,5501,67000023,249885.0643,744179.7131,280.7863312,273,1497
51907509,12.21,5202,67000022,249087.1597,743944.2135,1995.53952,501,3536
51907488,4.19,,67000013,250603.4179,744361.756,339.8265839,321,1460
51907511,11.62,,67000011,249717.2542,744834.5716,126.6925049,520,3568
51907543,9.08,,67000021,249933.6337,744394.179,303.2568359,284,2043
51907544,11.79,,67000014,250458.9193,744107.382,239.4359131,180,1030
51907559,6.52,,67000012,249950.5264,744782.6363,245.6161041,304,2227
51907561,7.8,,67000011,249371.8463,744842.2337,184.6450043,404,2668
53227201,6.88,1000,67000014,250727.5332,744107.1141,288.0110321,243,1254
51908621,9.91,,67000022,249516.5067,743918.9903,442.3675079,497,3599
51908550,16.69,,67000023,249885.1009,744215.9786,452.7761078,262,1454
51908586,9.19,,67000012,250323.6272,744432.9802,228.4179993,313,1525
53227379,8.02,,67000013,250566.7392,744565.8115,187.4241943,333,1651
51908626,3.04,6520,67000021,249063.306,744666.6622,55.33145142,418,3179
53227401,4.49,,67000025,249575.8307,743431.1507,365.2543945,581,4977
51908781,10.26,,67000013,250668.1558,744710.1025,239.4333801,333,1685
53227406,9.66,,67000031,248656.3338,743814.9948,400.2221222,541,4600
51908757,6.53,,67000031,248450.3273,743845.7405,400.6665344,610,4846
51908786,6.22,6512,67000036,248123.2983,742846.7583,722.8465881,775,6825
51908764,6.38,,67000011,249691.5243,745093.5194,272.7369995,416,2735
53227411,7.01,,67000031,248627.5568,743707.048,297.1849976,611,5153
51908799,6.57,,67000036,247660.2374,743398.1741,197.8538971,736,6083
53227417,6.84,,67000036,247996.3646,743099.9473,221.1460877,839,7137
51908827,9.8,,67000031,248877.7307,743439.3907,163.2108765,651,5661
51908829,9.58,,67000025,249224.6304,743372.6636,150.0726166,595,5054
51908830,7,,67000015,250837.8892,743399.4283,110.690979,166,794
51908838,8.79,,67000036,247685.0396,743518.414,310.6191101,747,6069
51908848,6.18,5305,67000036,248311.608,743190.5814,307.1683044,900,7408
51908853,12.59,6520,67000014,250967.2713,744620.7358,2768.752426,276,1604
51908907,9.94,,67000014,250868.7059,744244.5956,205.1586914,196,980
51908872,13.38,,67000024,249400.7789,743741.383,232.5309143,579,4914
51908875,9.87,,67000021,249734.9383,744373.6323,178.5466766,293,2253
51908913,6.96,5305,67000022,249323.9479,743720.4832,199.2131195,616,5135
51908892,8.6,,67000022,249207.6201,744085.06,232.286438,542,3818
51908926,8.44,5305,67000012,250328.9976,744583.9036,211.6101379,381,1938
51908932,16.16,,67000012,250405.6084,744507.0567,268.8801422,311,1582
51908935,5.31,,67000012,250240.4326,744474.7301,206.5677643,329,1613
51908945,6.97,,67000012,249667.6007,744666.6772,169.2007141,377,2593
51908961,7.71,,67000011,249526.6381,744936.8077,195.7204742,444,2861
51908973,10.82,,67000021,249372.7225,744636.7113,221.3805084,370,2553
51908991,12.2,,67000013,250631.4673,744326.3457,206.6475067,248,1307
51909085,8.71,,67000011,249381.1346,745069.0631,213.5099793,456,3025
51909045,8.54,5312,67000021,250333.0601,744257.7598,534.72229,173,970
51909063,5.46,,67000012,249821.5999,745088.117,113.4666443,372,2625
68377408,40,6520,67000012,250048.925,744955.226,1410.376862,360,2480
51909111,25,6520,67000011,249533.3823,745272.0278,1591.229553,414,2967
51908202,4.07,,67000011,249736.4126,744994.8962,90.92599487,393,2631
51908263,12.27,1000,67000014,250672.0381,744078.3876,291.3784943,170,914
51908298,9.79,,67000024,249659.9138,743688.1353,384.5413208,588,4732
51908323,7.38,,67000014,250618.9487,744102.3236,177.1752472,177,971
51908325,6.44,,67000021,249671.7029,744353.464,188.0179749,333,2373
51908347,6.72,,67000011,249408.4849,745267.9026,231.2509918,443,2982
51908357,5.92,,67000031,248804.9873,743500.2249,330.0356293,645,5423
51908360,3.32,,67000036,248144.7875,742982.997,59.10301208,821,7023
51908374,7.26,,67000012,250364.5,744608.965,170.51091,357,1874
51908378,10.1,6520,67000014,250939.2052,744136.7012,247.1668396,251,1037
51908379,4.81,,67000033,248965.327,742428.5734,196.8560028,717,6504
51908414,7.64,,67000031,248607.3895,743854.1407,189.6489716,547,4647
51908432,6.79,,67000021,249046.402,744526.9007,189.8281708,418,2911
51908447,9.85,,67000011,249614.1882,745104.2358,264.7837219,396,2692
51908458,5.52,,67000011,249387.7432,744918.5068,248.4532471,472,2990
51908515,7.19,,67000021,249906.8818,744414.1791,174.266861,286,2051
51909148,8.22,,67000022,249403.2831,744040.142,278.8294067,434,3190
53227475,5.11,,67000011,249601.8211,745175.8449,354.9766846,397,2822
51909173,12.08,,67000021,249254.4324,744377.7568,298.0249939,426,2798
51909191,6.41,,67000031,248836.1685,743230.6462,224.3916168,716,6368
51909192,5.03,,67000036,247682.4169,742858.3774,300.4328003,864,7341
53227482,10.44,5740,67000014,250709.8313,743719.883,651.2737122,248,1489
51909218,23.2,,67000011,249301.3965,745092.1164,398.2541199,523,3181
51909829,7.17,,67000025,249045.19,743574.731,120.2694244,697,5812
51909830,3.28,,67000025,249280.0507,743446.1014,159.4853973,665,5563
51909837,6.48,,67000031,248198.1812,743599.8698,329.3883514,634,5338
53227594,5.42,,67000036,247654.7344,742858.7652,395.4646301,868,7359
51909864,12.03,,67000025,249070.5797,743617.1156,171.9016113,667,5541
51909875,8.43,,67000025,249267.6596,743393.8453,131.5507202,597,5082
51909876,11.93,,67000024,249652.05,743530.8887,210.0526428,595,4927
51909877,4.15,,67000025,249001.9481,743513.9153,214.1199951,549,4775
51909893,31.04,,67000024,249770.8097,743506.881,783.9949799,560,4588
51909290,8.22,5000,67000014,250469.3641,743934.0743,487.4980164,163,513
51909263,12.05,,67000012,249982.3081,745015.3765,278.2631073,364,2509
53227494,15,5900,67000015,250446.2111,743615.7847,1335.823257,67,218
51909307,7.3,5501,67000012,250203.0554,744542.0467,128.0975342,374,1761
51909317,8,6512,67000014,250683.2692,743796.0851,2641.123825,130,479
51909368,6.69,,67000011,249553.0411,744651.2424,166.8457947,468,2966
51909329,3.85,5521,67000036,247587.1736,743188.5319,192.9108429,825,7966
51909339,17.21,,67000023,249845.2653,744111.9761,439.4373016,307,2362
51909428,3.27,5305,67000011,249298.0981,745065.4382,322.2406158,529,3207
51909443,10.52,,67000025,249127.2037,743543.6385,144.0463409,689,5744
51909484,17.14,,67000023,249895.4012,744047.0341,464.959549,302,1610
51909495,5.23,5521,67000011,249396.3995,744889.1896,294.8370972,417,2721
51909513,10.32,,67000011,249713.1198,744977.3638,165.4999847,370,2533
51909516,5.68,,67000036,247783.5186,743459.4969,200.6251679,716,5935
53227541,7.71,,67000031,248735.6961,743845.0444,423.4471283,532,4531
51909555,11.08,,67000015,250573.5629,743404.0507,211.617157,134,664
51909611,15.54,,67000023,250062.8968,743702.2264,546.6885071,207,1480
51909612,5.12,,67000036,247993.4588,743303.0421,165.8813782,831,6595
51909616,11.23,,67000025,249034.4311,743638.3184,135.8980255,674,5583
51909624,6,6520,67000013,250556.4934,744202.6501,182.4742127,252,1198
51909635,8.92,5340,67000013,250684.3662,744425.657,406.0308685,296,1487
51909640,4.89,6520,67000036,247763.4761,743466.5063,152.1157074,730,5961
51909642,5.67,,67000031,248685.6194,743850.6522,276.645752,538,4573
51909681,4.49,6520,67000036,247803.18,743109.762,234.868866,829,6554
53227563,15.08,,67000012,250328.9484,744360.7498,255.5119171,307,1506
51909761,15.7,6520,67000012,250075.0316,744721.4731,604.44133,400,2794
51909700,5.59,,67000022,249249.5005,744110.5853,134.2178192,428,3255
51909702,4.86,6512,67000015,250204.7545,743931.4983,1947.814102,133,681
51909708,6.33,,67000012,250288.1258,744426.7901,276.676239,320,1572
51909712,6.19,,67000014,250515.5891,744040.7679,135.9898987,187,1067
51909713,5.84,5521,67000022,249326.7229,744170.4596,184.0503845,418,3172
53227573,8.98,,67000022,249223.1447,743971.7615,173.2202301,516,3736
53227574,7.07,,67000031,249106.2082,742672.015,151.7739258,705,6246
51909745,12.09,,67000033,248134.9525,742798.0009,201.0491791,777,6834
51909750,10.99,6520,67000014,251138.0612,743841.2806,175.8590393,247,755
53227576,7.35,,67000015,250896.1957,743171.8123,307.6866303,146,807
53227578,7.15,,67000021,249780.8055,744341.4368,228.2115021,201,1659
53227579,18.13,,67000021,249810.5467,744426.3053,246.6154022,209,1738
51909807,10.14,,67000022,249568.871,744043.2165,285.1383667,357,2781
51910297,10.98,,67000011,249357.4703,745294.7862,199.7172546,487,3174
51910375,9.62,,67000011,249624.0759,745138.2605,640.649765,393,2794
51910395,28.16,,67000011,249250.4668,745128.8343,519.4738617,521,3167
51910396,6.1,,67000011,249410.9444,744975.4557,178.3174591,488,3198
51910451,11.53,,67000025,249340.3431,743394.9132,378.0553131,654,5573
51910480,8.1,,67000013,250573.5788,744307.3712,470.069458,329,1480
53227706,40.75,6520,67000011,249018.0886,745143.1984,387.2156677,542,3380
51910498,14.11,,67000011,249661.3896,745029.0934,241.5235291,382,2605
51910510,9.22,,67000031,248526.7085,743838.7215,339.1194153,600,4777
51910528,15.95,,67000014,250921.3488,744266.9932,418.0954895,200,1008
51910542,7.07,,67000012,249869.2283,744807.5906,161.4524384,365,2558
53227719,4.67,,67000036,248005.5282,743501.8304,272.8960571,697,5724
51910572,8.83,,67000031,248796.8439,743585.7267,149.1009827,651,5403
51910575,5.72,6520,67000014,250439.4681,743713.6254,307.0722809,46,184
51910625,6.14,6520,67000035,247246.7886,742971.7195,623.9958191,741,7497
51910635,3.81,,67000013,250743.6755,744359.1957,233.9701538,372,1615
71735179,6.94,3600,67000021,249545.399,744445.8928,1658.055756,349,2462
65282380,5.99,5201,67000012,250010.1182,744805.3233,817.7070465,314,2263
51910648,9.24,,67000013,250774.5688,744507.6219,226.1607513,340,1591
65282381,8.94,,67000024,249681.9125,743667.0295,216.6875305,583,4702
51910666,9,1000,67000015,250456.1618,743364.5672,170.6856384,115,529
51910683,10.9,,67000031,248215.0179,743636.2161,294.680603,636,5349
51910701,17.65,,67000025,248985.3295,743802.7057,311.085907,671,5692
51910766,13.79,6520,67000014,250917.8996,743855.8083,602.6312561,280,1567
53227748,3.79,6520,67000021,249262.4242,744484.2658,68.54318237,430,2865
51910722,4.4,,67000013,250549.4631,744310.8201,219.3006287,329,1480
51910772,8.99,,67000014,250731.9129,743971.8622,96.59547424,190,824
65282382,3.84,6520,67000014,251101.2435,744045.0443,1062.309067,176,874
51910836,6.6,,67000011,249543.9819,745043.7086,214.3322754,463,2954
51910849,17.79,,67000012,250290.9972,744385.2417,229.9540863,320,1569
51910863,7.51,,67000011,249403.725,745519.3646,508.5515442,447,3241
51910870,12.15,,67000011,249416.2575,745054.1036,239.8464813,500,3266
51909965,4.45,,67000036,247627.702,743329.1544,74.4785614,748,6167
51909980,7.45,,67000012,250050.9492,744881.6882,205.9721985,358,2478
53227621,15.01,,67000023,249999.1568,743811.6331,528.7604065,184,1354
51910023,6.43,,67000031,248296.0475,743704.5714,432.5312195,590,4992
51910041,7.1,6520,67000015,250369.0852,743581.8302,409.0446472,105,324
53227639,3.39,5305,67000032,248590.1206,742975.4204,337.9113617,735,6502
51910119,15,6520,67000014,251351.1754,742846.2648,5163.375687,283,1588
51910135,6.84,,67000011,249522.4483,744678.9629,175.0989075,340,2429
51910151,6.59,,67000015,250731.3707,742980.4958,299.8939209,324,1727
51910195,6.69,,67000021,249349.5176,744407.2309,166.3984528,415,2742
51910202,8.18,,67000025,249457.9999,743409.6666,195.6186981,677,5683
51910204,4.92,6520,67000014,250362.4079,743864.7578,1153.615799,124,383
51910223,5.32,7300,67000017,250319.61,745207.5185,222.9112091,339,2376
51910239,9,,67000013,250424.1977,744418.5142,351.2775574,289,1488
51910252,8.68,,67000021,249739.5852,744346.6507,159.518692,297,2278
51910272,11.77,,67000032,248754.8063,742879.1515,398.5132904,724,6492
51910276,18.34,,67000011,249724.301,744850.8298,259.9339905,521,3582
53226978,14.76,5312,67000021,249906.9686,744341.2221,872.8582001,295,2116
51911244,8.2,6520,67000014,250650.1223,743615.8567,134.9033814,15,43
51911281,6.98,,67000011,249718.8271,744885.061,172.0285187,355,2456
51911368,5.55,,67000011,249600.8931,744948.7488,123.7208862,441,2851
51911353,6.93,,67000021,249887.1316,744390.7233,137.9160614,289,2075
65282506,9.04,6520,67000021,250433.6058,744202.3135,530.7917786,247,1247
53227008,9.04,5900,67000014,250990.6481,743297.9996,139.5957947,234,1320
68377411,4.44,6520,67000022,249187.7515,743852.0522,93.83183289,501,3625
51911431,4.72,,67000011,249282.5555,744863.8144,288.5900879,493,3260
51911435,10.79,,67000024,249720.35,743446.095,149.0650024,611,5033
51911442,4.63,6520,67000023,250026.6822,743846.0295,193.3645477,339,2718
51911464,10.15,,67000025,249360.1052,743233.1613,207.315094,622,5273
51911493,8.93,5305,67000023,249767.9515,744174.5538,256.1327972,183,1496
51911500,17.14,,67000023,250016.4072,743890.8832,456.5944672,335,2676
53227024,8.19,,67000025,249358.6149,743168.8098,184.105423,710,6096
51911515,6.63,,67000012,250403.064,744634.7803,214.7707977,345,1828
51911533,7.57,,67000013,250465.5987,744358.7835,250.2364349,308,1554
51911555,15.94,,67000021,249375.7199,744517.9584,307.2295837,368,2552
51911559,10.49,,67000022,249260.2085,744150.7682,77.63226318,425,3228
53227039,7.81,,67000025,248921.4814,743645.0117,184.558197,535,4622
51911589,11.3,,67000015,250624.2737,743415.1923,167.590271,140,705
51911600,5.39,,67000014,251036.0628,744100.806,69.22561646,209,940
51911606,11.37,,67000024,249781.9865,743391.6453,390.0783691,626,5115
51911614,6.9,,67000011,249510.642,744857.9968,144.7698822,391,2634
51911623,8.06,5330,67000013,250793.7727,744253.6064,331.1760864,232,1208
51911715,4.62,,67000013,250637.0317,744377.1592,361.6729584,257,1359
53227067,8.54,,67000011,249391.9634,744938.0004,291.6174011,468,2970
51911759,4.94,5305,67000036,247860.3725,742951.0791,113.825531,834,7131
51911773,4.39,,67000011,249500.3061,745002.984,101.7117004,480,3012
51911793,11.53,5202,67000012,250140.4222,744929.5583,373.2620544,411,2741
51910880,6.96,,67000036,248069.7166,743442.0656,267.9148712,712,5832
51910896,6.29,,67000031,248711.3867,743570.4675,227.3022156,634,5316
53227781,5.35,,67000036,247902.4426,742858.1275,292.8067322,831,7121
51910920,8.17,,67000025,248900.382,743680.4187,199.7045898,531,4581
51910924,6.34,5305,67000025,249308.4219,743533.7023,565.4272614,612,5231
51910926,18.88,,67000013,250477.805,744609.5,262.1697998,332,1715
51910948,8.32,,67000022,249313.568,743846.5612,226.4412231,552,3896
51910954,9.42,,67000031,248426.9421,743837.5669,225.7568207,613,4872
51910958,3.21,6520,67000014,250965.9483,743376.0948,45.63005066,170,804
51910962,13.19,,67000021,249209.6447,744220.9228,292.45961,584,4175
51910995,14.55,,67000025,248912.0645,743835.1921,419.4667969,681,5759
51911003,13.29,,67000021,249328.8897,744319.9735,276.6484222,436,2841
51911006,8.23,,67000031,248883.1916,743357.5857,443.2286224,662,5585
51911008,12,6520,67000012,250177.0605,744615.6867,172.5232849,431,2687
53227799,9.23,,67000011,249529.25,745059.5,169.9693909,466,2970
51911020,7.9,,67000036,248088.0778,742864.3323,194.7952423,787,6867
51911035,4.42,,67000036,247692.8098,743370.5121,397.6934204,765,6213
65282640,5.84,,67000036,248282.0595,742908.2953,452.3969421,785,6705
51911085,3.94,,67000011,249545.283,744798.8335,201.1338348,423,2793
51911098,9.03,,67000021,249107.6475,744330.5259,186.1030731,464,3014
51911168,18.49,,67000023,249835.5611,744153.4104,413.8694305,302,2331
51911170,7.89,5305,67000011,249575.447,744669.9322,249.184967,458,2943
51911117,7.1,,67000031,249014.2623,743316.4121,229.223526,613,5467
51911118,7.19,,67000025,249304.9713,743325.874,357.2575531,583,5157
51911119,6.24,,67000025,249351.0038,743200.4178,183.0240021,624,5281
51911130,7.47,,67000036,247864.1287,743463.3769,172.5305176,718,5886
51911135,6.38,5501,67000032,248645.5409,743163.9976,250.1678619,797,6874
51911141,8.92,,67000036,247729.9202,743501.323,207.5318146,741,6026
53226963,5.73,,67000014,250632.096,744085.707,121.3029785,175,954
51911160,3.59,,67000025,249590.9348,743301.8447,199.9470367,696,5852
51911163,9.43,,67000031,248520.9826,743868.6602,251.0367279,599,4770
51911179,3.5,,67000015,250940.3059,743252.0453,157.2723541,157,808
53226969,7.98,,67000012,250064.2549,744845.0586,310.854187,341,2372
51912301,17.4,,67000012,249751.2556,744801.4826,304.8973236,346,2428
51912271,7.22,,67000036,247975.8688,743106.5868,286.0988922,843,7158
51906917,7,,67000031,248499.2367,743709.7784,434.1628418,596,5029
53227307,20,,67000012,249817.9411,744889.1296,322.0021973,392,2694
51907492,8,5521,67000036,247881.7909,742924.4037,294.0637207,834,7135
72617790,6,,67000025,249131.7461,743296.6404,219.1987,664,5839
53227435,8,,67000013,250774.0977,744345.4625,254.4682922,374,1627
51909123,10,,67000013,250749.5502,744601.6617,322.3330078,326,1654
51908239,8,,67000013,250558.9344,744352.3464,335.9503021,312,1423
51909168,12,1000,67000014,250758.1381,744108.8205,808.9410095,249,1290
53227481,10,,67000031,248161.1587,743530.2605,251.5771637,664,5540
51909840,12,,67000012,250022.6794,744733.3839,693.6996307,393,2741
51909863,6,,67000031,248763.6711,743570.123,316.1839142,637,5343
51909255,30,5900,67000014,250968.1474,744341.7049,1934.485718,206,1193
51909328,6,,67000025,249117.0949,743316.9632,253.072403,667,5864
51909460,25,6512,67000011,249665.412,744789.9412,2284.138687,517,3512
51909799,6,5501,67000012,250432.3205,744612.1809,339.3606262,317,1667
51910465,37.72,,67000012,250315.3143,744873.8876,825.8715057,412,2759
51910516,15,6512,67000014,251248.5573,743586.3839,1969.159225,264,1111
53227745,6,,67000025,249368.9175,743189.5591,211.4456482,627,5302
51910711,6,5523,67000014,251202.8104,743576.7589,305.420639,264,1108
51910009,8,5305,67000021,249834.4135,744503.4007,374.9610291,262,1972
53227637,8,,67000031,248963.8291,743436.9312,408.8685761,625,5600
51910260,8,6520,67000013,250494.7007,744236.0557,447.8039703,353,2547
53227001,6,,67000011,249375.235,745184.2349,76.10890198,489,3091
51911501,6,5521,67000012,250150.1393,744694.7852,194.2115479,410,2871
53227778,37.78,,67000012,250282.1808,744887.8327,861.2985382,407,2723
51912345,13.08,1000,67000014,251076.41,743884.5774,366.2688141,161,714
51912602,8.55,1000,67000011,249120.7756,745090.9182,530.7783203,556,3402
51911906,4.63,1000,67000022,249452.5666,744024.349,71.22283936,442,3238
51913098,4.14,1000,67000014,250823.7082,744124.3325,90.85928345,261,1356
51913613,8.33,1000,67000031,248712.8219,743741.415,392.9066773,637,5287
53228129,3.72,1000,67000034,248004.0066,742608.8039,77.43054199,841,7137
51914004,3.73,1000,67000015,250221.6364,744107.0479,170.8133698,119,702
51915092,10.49,1000,67000025,249190.0611,743736.8894,228.5523377,620,5152
51915510,9.16,1000,67000036,248316.1046,743127.628,527.5687714,908,7529
53228454,7.14,1000,67000024,249897.0774,743257.1324,858.5722046,506,4212
51914794,10.31,1000,67000031,248691.5779,743699.9535,2128.906723,631,5230
51914933,4.93,1000,67000032,248390.3564,742947.9047,339.0218964,917,7468
51916033,3.65,1000,67000032,248488.461,743011.0103,308.9028626,925,7618
53228609,3.5,1000,67000013,250649.9828,744226.691,99.67681885,233,1211
51912491,11,,67000012,250347.1416,744404.4769,633.7967835,298,1480
53228101,6,,67000036,248151.4899,743176.978,108.7644196,866,7265
51912739,5,,67000036,247738.0396,743274.5949,178.4374847,853,6669
51913158,9,,67000022,249446.1597,743666.1253,275.9617462,572,4837
51913278,7,,67000031,248317.7378,743758.8144,213.2424774,584,4948
51913534,22,,67000023,249723.6722,743972.0066,686.3974609,407,2930
51913674,7,,67000025,249365.1296,743003.8858,230.3900452,690,5877
51914137,20.67,,67000013,250457.4829,744277.6299,647.2809143,344,2492
53228413,11,,67000011,249473.1784,744674.844,341.9615173,546,3612
51913781,15,,67000011,249405.784,745208.8134,492.830246,458,2966
51915046,8,,67000031,249090.1558,743198.5305,96.62545776,602,5329
53228530,9,,67000022,249422.3545,743654.1053,587.2731171,642,5377
51914660,10,,67000025,249089.859,743607.7639,152.9826965,663,5520
51914678,6.43,,67000014,250840.8103,744088.0865,189.1986847,175,826
53228456,9,,67000025,249316.12,743363.0383,203.8971863,611,5139
51915977,11,,67000025,249021.754,743873.5223,204.2520142,559,4381
53227849,8,,67000025,249276.2425,743280.3796,265.9819031,607,5177
53227887,7,,67000031,248790.4874,743411.8212,237.1501312,652,5493
51915560,9,,67000012,250023.85,744781.31,64.34999084,407,2668
51912294,4.13,6520,67000011,249524.0189,744872.7888,189.7137451,395,2653
51912299,6.15,,67000036,247708.6753,743512.5771,290.0790405,744,6047
51912329,7.03,,67000021,249105.3904,744265.8422,276.0074005,449,3177
53228031,5.83,,67000012,250071.5514,744672.8245,113.1447449,324,2409
53228033,5,6520,67000031,248934.4106,743027.3579,340.3417664,695,6138
51912360,14.62,,67000025,249119.0245,743640.9649,354.7073364,638,5449
51912372,21.17,,67000032,248639.0286,743306.307,302.7747345,791,6893
53228039,8.85,,67000024,249548.7666,743502.5648,407.6867981,589,5039
51912395,3.84,5305,67000014,250673.0367,744144.034,137.2984009,227,1183
51912378,8.71,,67000036,247795.7403,743168.9977,178.7335358,827,6545
53228042,5.87,,67000022,249539.9943,743846.1653,269.4829865,500,3637
51912399,7.92,,67000024,249741.9286,743447.1594,125.6860809,534,4459
53228043,9,,67000024,249507.0789,743530.6965,415.5632782,595,5092
51912432,7.59,,67000013,250583.6093,744421.1525,263.6135254,301,1562
51912436,9.2,,67000021,249989.4255,744346.7798,460.6522369,223,1360
53228055,8.11,,67000013,250770.3107,744303.0735,245.4549866,382,1668
51912472,4.86,,67000021,249277.4081,744401.573,249.1229096,419,2769
51912487,9.44,,67000012,250016.3702,744511.8088,285.3751373,289,2222
51912505,8.16,,67000036,247628.2605,743494.4336,142.8840027,756,6122
51912570,6.37,6520,67000035,247215.5498,742665.487,788.5321198,735,7446
51912510,3.59,7300,67000025,248883.448,744495.2298,212.7737122,443,3640
51912605,20.45,,67000011,249178.1295,745049.7935,202.7084045,558,3329
51912653,5.23,,67000012,250413.6046,744691.0779,263.5841522,339,1796
53228085,13.81,6520,67000012,250134.9102,744490.3028,204.3901367,425,2812
51912623,14.91,5501,67000021,249802.25,744374.285,277.8490143,204,1694
51912658,5.69,5312,67000012,250354.2682,744664.7844,310.8503876,357,1862
51912661,7.6,,67000025,249381.613,743287.4115,275.867157,589,5243
51912670,10.13,,67000031,248172.0913,743735.1754,373.8808594,621,5488
51912681,6.56,5521,67000021,249930.398,744438.3824,229.4411316,280,2015
51912692,9.62,,67000025,248938.8039,743610.7474,200.3516083,538,4660
51912696,9.14,,67000025,249250.7956,743401.0483,216.2794952,596,5064
51912711,6.65,6520,67000014,250621.1228,743755.9114,782.7861481,54,219
51912716,3.28,,67000013,250743.1715,744646.0133,345.7522736,333,1699
51911813,4.16,,67000015,251088.4695,743192.373,99.83169556,239,1168
51911816,9.6,6520,67000015,250709.3568,743557.5632,191.0583344,103,391
51911817,5.1,,67000031,248854.3258,743677.5016,66.78421021,582,5076
51911820,5.25,6520,67000014,250859.9486,744095.5109,139.9712982,175,826
51911827,9.71,,67000031,249217.4506,742913.3541,203.6850128,704,5890
53227085,7.25,,67000036,247838.6821,743124.8247,344.25354,837,6599
51911834,4.97,5501,67000015,250964.0969,743107.5955,96.6451416,157,895
51911839,7.96,,67000025,248863.1878,743757.2896,201.9095306,523,4498
51911844,6.37,5521,67000014,250728.5968,743925.9,372.792923,188,1234
51911849,5.6,,67000025,249648.2605,743277.0629,248.6451721,707,5915
51911867,7.67,,67000021,249275.9331,744460.6366,174.7476959,405,2714
51911871,4.05,,67000036,248127.6162,742978.2306,336.32164,820,7016
51911915,13.84,,67000023,249664.3344,744137.5373,388.8045349,387,2752
51911975,6.97,,67000031,248680.065,743891.5434,454.9087067,569,4616
51911927,12.91,6512,67000015,250203.995,744020.773,304.1491699,236,1142
51911937,8.21,5202,67000021,249097.1899,744620.1127,393.5329895,403,2806
51911941,6.45,5305,67000022,249431.2025,743889.4977,238.8092041,483,3533
53227110,7.37,,67000025,249237.7046,743115.7762,252.6781921,640,5629
51911993,7.74,,67000025,249356.8154,743343.1137,179.2939301,615,5185
51911999,7.32,,67000036,248088.2197,743499.0378,276.3123474,675,5623
53227120,10.21,,67000025,249234.2753,743304.1613,184.4613648,600,5129
51912024,6.83,,67000011,249534.0293,744640.8001,220.9385529,470,3229
51912033,7.67,,67000021,249335.9981,744455.1408,300.317276,413,2733
51912114,8.37,,67000013,250587.1526,744384.8464,219.9667969,315,1434
51912129,7.8,6520,67000035,247010.2877,742910.273,1347.503693,706,7218
51912131,7.43,,67000021,249111.8419,744534.6099,215.7375031,462,3008
51912157,11.54,,67000011,249643.9138,744726.4746,342.3961334,443,2741
51913102,12.94,,67000012,250216.9055,744582.5336,256.672821,385,1791
51913103,6.11,6520,67000022,249311.2338,743690.5547,204.1042328,605,5116
51913107,6.31,,67000014,250789.6185,744032.132,308.8653717,157,780
51913112,6.19,5305,67000022,249400.2416,744203.1122,540.8699036,385,2794
53228169,11.96,,67000032,248395.9346,742916.1065,811.9075928,918,7478
51913118,6.3,,67000013,250402.795,744386.785,149.4099884,295,1491
51913122,7.33,,67000031,248808.4042,743407.8426,227.2170563,654,5506
51913125,7,,67000025,249331.3161,743118.2406,158.3898926,671,5767
53228171,6.93,7300,67000035,247049.8815,743060.1512,724.7836762,780,7371
51913129,5.59,,67000036,247809.7367,743137.741,320.5374146,830,6562
65282870,8.94,,67000022,249547.9102,743876.5569,373.3301239,498,3627
53228176,7.6,,67000012,249747.425,744619.4765,180.3839569,379,2547
51913170,4.01,,67000015,251087.7265,743146.3489,193.9393311,222,1227
51913237,5.72,,67000031,249014.6177,743135.6102,333.8386231,651,5735
51913175,6.12,5305,67000031,248914.3688,743147.2441,206.0325775,695,6226
51913177,5.52,,67000025,249207.9115,743381.2783,238.1145935,593,5035
51913180,7.24,,67000021,249364.6978,744359.9093,227.9515381,387,2884
51913193,10.07,,67000025,249310.4975,743262.655,149.8733826,613,5216
51913248,3.94,5521,67000014,251179.532,743635.8121,1249.423691,257,814
51913213,7.85,,67000022,249548.0333,744082.7311,233.2164612,386,2936
51913222,9.71,,67000014,250798.5201,744150.8521,269.5302887,257,1335
51913223,9.41,5900,67000012,250307.4262,744335.9469,296.9472961,320,2339
51913251,12.06,6535,67000013,250690.1141,744219.8108,624.1099396,247,1317
51913254,6.71,,67000025,249521.443,743315.1187,293.7394562,674,5765
65282903,9.47,6520,67000014,250684.5998,743605.1362,318.6059265,123,445
51913265,11.48,,67000025,249258.269,743009.583,230.2744293,627,5524
51913270,22.16,,67000023,249690.989,744010.0256,689.2933197,400,2858
51913306,9.34,,67000014,250942.8317,744022.035,205.0049744,217,884
51913313,7.28,,67000014,250745.9888,744021.2456,174.0761566,189,816
51913333,8.47,,67000036,247821.0206,743170.6986,352.6769867,831,6568
51913339,3.55,,67000025,249688.6759,743285.229,176.0797119,715,5936
51913358,4.21,5312,67000033,248470.5571,742660.9216,371.3289185,760,6613
65282904,4.51,,67000034,248282.4626,742363.8046,160.8383637,854,7111
65282905,5.62,7300,67000015,250235.4946,743667.751,432.6757813,109,465
51913364,3.74,5740,67000023,249636.6978,744072.956,248.8518066,383,2767
51913445,7.53,5521,67000015,250770.1091,743122.9081,207.3551941,231,1250
51913531,9.11,6520,67000014,251043.7233,744085.8797,329.1767578,208,929
51913536,6.6,,67000011,249341.9676,745436.7356,416.1762238,479,3155
51913555,5.47,,67000036,247604.6499,743359.2884,164.1084442,744,6143
51913558,8.22,,67000013,250580.163,744595.7298,194.7138062,331,1641
51913563,4.99,,67000012,249885.3059,744788.9475,153.5724182,369,2582
51913568,7.43,,67000025,249029.1724,743546.4185,201.0797119,564,4793
53228250,7.33,,67000025,249221.7494,743067.5397,179.8178253,596,5282
51913582,5.14,,67000036,247790.1406,743061.0798,282.0728302,801,6521
51913588,6.62,,67000024,250024.439,743191.8998,256.0365295,543,4370
51913597,13.41,,67000024,249450.3814,743713.4936,230.6476288,574,4857
51913602,8.81,,67000025,249651.4966,743242.8279,119.5027008,710,5929
51913603,8.76,,67000025,249445.438,743165.6514,350.0018005,641,5379
51913621,11.67,,67000025,248955.6787,743665.1054,352.322937,549,4649
51913637,8.92,,67000025,249016.4132,743561.1374,145.3918915,562,4774
51913638,6.93,,67000025,249346.8105,742944.4245,173.6553803,699,5930
51913639,8.13,,67000015,250788.2038,743000.2512,252.7295227,221,1110
51913642,4.49,,67000025,249573.8648,743354.929,213.539505,696,5812
51913645,7.79,7300,67000035,247272.7274,742960.0947,437.4929962,745,7476
53228265,4.57,,67000036,248174.4309,742977.8407,223.5684662,848,7200
53228269,4.48,,67000036,248010.1028,743239.697,772.976059,841,6638
53228270,6.6,,67000025,249525.039,743153.7766,190.3036499,606,5438
51912789,3.99,,67000036,247915.7804,743428.9005,291.0340729,699,5804
51913676,6.56,,67000031,248143.7831,743609.011,225.3938599,627,5279
51912754,10.81,,67000021,249918.1378,744466.0098,384.1375122,219,1835
51912762,9.87,,67000014,250947.4372,744264.4034,569.5627441,199,1002
51912796,9.15,,67000031,248476.4893,743853.5456,345.7162781,606,4817
53228113,7.49,,67000011,249533.9705,744823.0575,243.4202728,387,2613
51912865,5.34,,67000033,248776.8329,742300.6032,133.8801117,781,6804
51912868,7.17,,67000021,249384.419,744336.2444,173.456955,384,2866
53228120,7.35,,67000013,250583.777,744333.1428,331.1119232,326,1461
51912850,11.25,,67000015,250680.9126,743087.4685,293.7160645,195,974
51912856,4.77,6512,67000033,248630.0147,742720.7405,138.7878571,735,6443
51912875,6.95,,67000025,249312.9555,743130.3802,226.4033051,668,5744
53228127,3.51,,67000025,249681.8645,743303.5185,220.7791596,714,5928
53228128,3.33,,67000025,249235.0059,743477.2367,168.7010956,673,5617
51912896,5.1,,67000034,247890.5635,742600.6027,286.2407074,856,7255
51912931,11.08,,67000023,250110.7438,743779.8107,590.5197907,329,1888
51912960,4.52,,67000036,247716.5371,743379.1727,236.997757,769,6238
51912989,19.04,,67000021,249893.0706,744436.8989,263.0924988,215,1797
51913056,9.16,,67000025,249245.5638,743031.4486,202.892395,630,5551
51913058,4.99,5740,67000013,250708.8247,744428.2421,272.5251007,295,1483
51913083,5.72,,67000013,250733.5755,744527.3687,187.3347931,318,1555
51913086,8.05,,67000025,249188.2705,743388.4954,127.6396942,573,5025
51914101,18,6520,67000014,250905.5482,744022.0923,476.9212952,187,780
51913093,7.19,,67000021,249741.6251,744499.4331,102.9763794,273,2130
51914038,8.61,,67000023,249591.5541,744110.1195,269.2720795,349,2722
51914044,5.95,5305,67000022,249458.9757,743996.6571,177.6476135,446,3260
51914046,14.38,,67000012,249767.2813,745129.6437,238.1478882,380,2690
51914053,14.89,,67000021,249055.5117,744180.7029,243.4745178,558,4056
51914055,8.18,,67000014,250976.647,744181.6599,270.541687,244,1022
51914107,5.99,5305,67000031,248726.7866,743527.3279,233.8444977,638,5360
51914117,9.18,,67000024,249782.4203,743408.5505,125.0081635,529,4403
51914118,8.2,,67000025,249496.8333,743148.2707,202.4919891,647,5413
51914119,14.36,,67000025,249598.3287,743186.0111,453.8266602,690,5916
51914180,3.39,,67000025,249569.4544,743274.8058,158.844696,682,5828
51914184,5.82,,67000031,248630.9861,743814.6024,229.995575,544,4620
51914138,6.41,,67000015,250845.2131,743357.6317,361.3539429,144,651
51914152,4.69,5300,67000012,250041.8221,744618.9046,86.22175598,302,2274
51914203,6.69,,67000014,250711.7684,743932.9093,101.2671051,188,1227
51914226,10.31,6840,67000015,250445.1681,743471.2774,168.5729523,218,457
51914228,22.9,,67000011,249216.139,744973.245,359.8207703,578,3353
51914231,6.73,,67000036,247604.8906,743497.7998,332.0033875,759,6147
51914240,18.49,6535,67000012,249905.0943,744699.1469,261.4769898,276,2129
51914248,6.17,,67000025,249262.1987,743114.8727,114.8040772,661,5704
51914250,3.74,,67000014,250888.9909,744077.6257,164.4269867,251,1028
53228373,5.07,,67000033,248842.3635,742349.1526,256.2996674,784,6759
51914258,16.92,6520,67000014,251512.8711,741718.5457,1821.676987,383,2908
51914359,6.94,7300,67000014,250600.5369,743819.8669,1444.958649,128,451
51914277,14,,67000011,249629.5149,744686.941,176.7397614,498,3399
51914303,6.22,5310,67000012,250044.0059,744533.8715,186.049057,293,2250
51914321,6.59,6520,67000035,247147.4487,742716.3765,127.3224945,749,7372
51914343,4.68,6520,67000014,250452.0547,744020.5789,88.28804016,147,804
51914450,14.49,,67000021,249320.4453,744580.6247,315.7874908,375,2582
51914474,6.14,,67000012,250394.5098,744465.8351,356.3859253,294,1524
53228414,10.56,5521,67000012,249780.5447,744738.7714,167.8149567,343,2406
51914483,5.99,,67000031,248606.5816,743813.2394,289.1472931,548,4654
51914526,4.9,6520,67000014,250442.7229,743975.9443,83.74545288,165,846
51914499,8.63,,67000013,250543.7006,744340.1601,264.4403839,298,1373
51914500,24.38,,67000012,250275.3525,744540.73,206.5200043,379,1766
51914538,13.09,,67000014,250953.6897,744231.2102,209.8267517,251,1066
51914557,5.14,1000,67000036,247830.7922,743261.9714,746.4768524,813,6513
51914559,6.46,,67000025,249190.1408,743123.3722,264.5379028,589,5205
51914563,21.3,6512,67000014,251006.7545,743349.5751,2307.878357,256,1385
51914579,10.27,,67000011,249375.5021,745434.5287,208.2954865,475,3133
51914592,9.01,,67000022,249353.7064,743822.9859,302.226471,560,3943
51913680,8.65,6520,67000035,247148.2906,742944.7343,1352.536301,753,7576
51913681,15,6512,67000014,250551.4801,743744.8666,2350.601532,86,313
51913691,15.8,,67000012,249859.7335,744913.9454,655.4216614,396,2708
51913718,12.36,,67000024,249494.3032,743686.7933,232.6690674,569,4806
51913725,4.23,,67000011,249508.8141,744887.5654,104.9746552,427,2803
51913732,6.82,,67000011,249605.6111,744830.4581,170.9755402,412,2737
51913763,5.29,6520,67000014,251164.5893,744090.9001,95.58587646,260,951
53228287,5.51,,67000014,250547.1792,744143.242,147.0556641,192,1051
51913769,8.84,,67000022,249466.475,743970.569,368.1501312,478,3525
51913776,8.85,,67000011,249573.9119,745140.3615,240.7250061,405,2747
51913841,9,,67000022,249222.8989,744072.702,152.1084747,540,3810
51913811,5.94,6520,67000015,250696.6708,743070.8544,343.1582336,199,998
51913851,6.2,,67000031,249080.159,742925.1843,207.8320465,721,5985
51913852,8.47,,67000031,248825.659,743693.8207,286.5679321,584,5103
51913855,3.84,,67000015,251085.5707,743176.9805,173.0400543,243,1185
51913856,4.83,,67000015,250959.3025,743159.0357,149.183075,151,847
51913960,5.37,,67000021,249724.0947,744446.1218,217.6500092,282,2186
51913994,5.12,,67000012,250003.6322,744484.1827,223.4619141,250,1979
51914007,5.99,,67000021,249298.7056,744575.3368,145.060791,386,2649
51914018,22.21,,67000023,249642.783,744029,819.9013825,389,2798
53228331,9.53,,67000021,249962.2391,744419.2721,501.16362,279,2008
67793823,7.09,6520,67000011,249703.4531,744989.7505,506.7178192,373,2549
51914996,8.56,,67000012,250043.1989,744846.11,234.449997,337,2351
65282315,37.14,6520,67000017,249552.7414,745353.4589,7555.834442,420,3016
51915014,5.54,,67000036,247664.7896,743043.7864,191.612442,807,6500
51915016,4.09,,67000031,249089.4224,743018.2027,239.9749298,635,5605
51915034,13.8,6520,67000025,249420.5513,743430.7008,290.6934662,671,5640
53228505,10.77,6520,67000015,250358.0459,743662.7123,566.2469025,114,394
51915036,8.42,6520,67000014,251030.7738,743882.6559,995.5706635,159,696
51915037,6.26,,67000036,248128.2876,743133.5327,84.42080688,858,7221
51915053,7.82,,67000025,249433.6608,743256.634,197.4582367,594,5303
51915063,5.02,,67000036,247934.4163,743055.9214,310.4797363,834,7132
51915085,4.79,,67000036,247831.0316,743101.2297,267.3475494,837,6601
51915099,24.95,,67000011,249204.7523,745050.5951,326.4440765,555,3307
51915109,5.84,,67000036,247931.8925,743032.3199,147.8242645,831,7108
51915111,20,6520,67000014,251065.2357,744286.5129,117.3199463,198,1113
65282317,6.65,6520,67000014,250978.765,743451.6137,161.5170136,278,1509
51915187,11.43,6520,67000014,251018.9403,743930.6059,348.9560089,187,760
53228536,8.43,,67000031,248932.6865,743216.1844,191.2600098,663,5843
51915215,6.95,,67000025,249292.7904,742910.8879,137.8585815,631,5476
65282319,4.97,,67000033,248205.0983,742682.1153,428.3271637,863,7303
53228543,11.62,5340,67000022,249475.5845,744025.0977,714.5510712,445,3255
51915251,9.27,,67000036,248050.9986,743224.4828,409.9070892,852,7221
51915257,7.36,,67000031,248861.9469,743471.7377,163.0475159,656,5697
51915262,8.58,,67000034,248074.9698,742554.6142,284.9082642,865,8472
53228550,6.68,,67000021,249294.7837,744443.4681,376.9038086,408,2724
51915372,14.55,,67000021,249346.9069,744510.69,210.9298401,390,2648
53228571,25,,67000021,249758.2667,744567.9751,287.1026154,263,2061
51915418,10.91,,67000014,250533.6568,744148.1658,367.9494324,211,1173
51915499,3.96,,67000025,249176.8617,743293.7202,175.1882935,677,5875
51915429,3.72,,67000036,247931.9359,743278.0476,330.5274963,816,6543
51915433,4.34,,67000036,247970.6087,743211.4483,349.342926,841,6638
51915435,3.6,,67000014,250859.9305,744114.1444,57.05450439,178,851
51915445,7.61,,67000021,249045.9822,744386.1822,175.8999481,448,3089
51915447,7.89,,67000021,249872.6565,744364.5224,244.506012,293,2100
51915449,4.05,5305,67000021,250036.7889,744247.1791,461.4264526,197,1189
51915453,18.07,,67000012,250371.6196,744851.3673,270.8751068,392,1981
51915461,8.43,,67000036,247961.354,743047.3357,164.5379486,833,7127
51915466,9.53,6520,67000014,250635.2283,743785.2608,1531.132996,107,395
51915467,6.85,6520,67000021,249817.2982,744536.2873,380.3772888,266,2003
51915470,4.09,,67000011,249462.0864,744749.4174,176.2212067,368,2515
51915471,9.93,,67000015,250488.3452,743407.8506,354.677002,114,514
53228582,5.78,,67000025,249232.7992,743264.206,220.2631989,602,5147
53228583,7.94,,67000031,249201.314,742955.522,262.1576843,613,5454
51915484,4.96,,67000025,249659.8214,743242.2907,91.03555298,711,5933
51915485,3.29,,67000036,248002.5255,743212.4051,129.867691,845,6666
51915488,9.54,,67000025,249397.8365,743148.4089,227.0546417,719,6140
51914641,17.96,,67000024,249928.6738,743311.2078,577.969223,509,4232
51915509,7.42,,67000025,249332.4852,743213.6803,119.1428223,620,5258
51915515,5,6520,67000014,251096.375,744146.3323,238.585083,185,969
51915531,7.12,,67000013,250552.8554,744279.3783,196.6150055,265,1260
51915535,8.77,,67000036,248202.5725,742943.1207,363.3897247,854,7245
51914655,8.34,,67000015,250886.0472,743284.4412,148.8824768,153,785
51914617,11.6,,67000025,248942.1948,743691.5943,333.6891174,546,4619
51914626,4.62,1000,67000014,251012.8802,744398.3265,64.49028015,210,1237
51914627,8.47,,67000025,249301.549,742986.777,222.03508,623,5486
51914658,7.66,,67000031,248524.0046,743702.3943,299.2610626,600,5059
53228449,4.33,,67000036,247772.5836,743102.0673,262.960144,807,6491
51914715,6.45,,67000034,248387.3093,742561.417,335.5124817,798,6758
53228455,9.16,,67000025,249045.5745,743533.061,187.400177,566,4815
53228458,4.42,7300,67000034,247775.9091,742720.4056,1003.179337,832,7913
51914749,7.18,,67000014,250863.1001,744221.4831,283.0426483,192,952
51914753,3.24,,67000025,249249.6409,743467.3426,197.7749939,670,5599
51914756,6.08,,67000024,250033.5949,743244.3607,172.1023102,534,4319
51914762,3.63,,67000022,249384.5024,743691.5228,315.1897125,578,4903
51914772,8.71,,67000036,248027.3485,742915.4775,331.8191071,800,6952
51914851,6.76,,67000025,248883.3516,743715.1603,165.5979157,528,4543
51914800,10.29,,67000025,249157.6896,743564.8012,210.6865692,651,5442
51914867,17.14,5310,67000012,250209.8846,744500.7034,422.8100128,363,1692
51914890,5.64,,67000011,249352.2637,745409.1032,317.0688019,474,3128
51914909,21.77,,67000012,249715.3844,744747.6224,274.6047516,386,2525
51914928,6.01,5305,67000032,248492.4942,742878.1891,466.6860809,741,6565
51914946,8.55,,67000025,248887.7608,743945.2936,391.457428,543,4287
51915968,6,6520,67000031,248857.8226,742969.1083,259.6003113,779,6744
53228658,8.39,,67000024,249531.5014,743756.31,208.6730042,608,4872
51915903,5.24,6512,67000036,248042.8718,743132.0139,301.6589661,833,7130
51915904,9.82,,67000025,249379.3143,743160.4936,170.2655029,714,6119
51915908,8.6,,67000031,249115.9017,742954.8718,223.8150787,719,5976
51915909,3.86,6520,67000032,248548.3976,743107.2515,116.1426239,784,6800
51915911,3.45,,67000015,250986.0223,743049.5719,160.7361755,165,956
51915936,6.05,7300,67000014,250505.871,743964.8795,1026.603867,160,766
51915938,8.48,,67000021,249157.9776,744590.4941,174.8270874,394,2745
51915947,6.85,,67000025,249456.8778,743193.8239,264.4839172,641,5380
51915959,5.18,,67000031,248941.4166,743199.856,283.7916412,662,5830
53228668,6.56,,67000031,249074.3031,742892.1888,119.7495575,671,6042
51915971,7.9,,67000025,249439.0662,743326.2745,183.782135,665,5693
51915973,6.77,,67000036,247989.0172,742935.8201,190.3955689,810,6995
51916045,14.45,,67000025,249584.4462,743148.7699,339.8192444,610,5478
51916047,8.21,5521,67000031,248345.3143,743669.3349,429.6658783,655,5476
51916048,4.24,,67000036,247938.3955,743470.1773,262.4459076,707,5807
53227815,9.62,,67000031,249043.635,742716.6928,179.0665436,677,6121
51915999,4.57,,67000036,247849.1449,743039.9041,272.0896759,840,7173
51916011,11.42,,67000012,250178.359,744418.7368,224.6945496,397,1878
51916012,9.15,6520,67000021,249020.0504,744292.3432,231.0929871,459,3169
51916035,5.07,5521,67000022,249568.5579,744021.4086,167.3453674,405,2997
51916056,6.95,,67000022,249400.2987,743629.6006,94.17219543,641,5372
51916060,6.05,,67000021,249673.2379,744473.494,204.7446594,305,2254
51916069,7.96,5521,67000014,250809.1934,744014.9167,224.320343,154,756
51916094,5.73,,67000022,249440.1836,744006.3815,298.8600464,442,3240
53227834,14.84,,67000023,249829.1281,744211.6613,489.2633514,188,1537
51916141,3.07,6520,67000014,251648.8052,741725.4267,71.79527283,314,2599
51916144,4.18,5521,67000036,247757.4849,743494.7024,175.9468536,736,5997
53227842,9.76,,67000031,249122.1914,742608.0907,196.1181946,707,6310
51916167,7.47,,67000015,250693.1587,743036.649,198.7000732,325,1754
53227846,12.57,,67000025,249197.134,743656.9132,294.0951233,650,5438
51916187,20.65,6520,67000013,250388.5178,744318.3884,452.9689789,332,2415
51916195,4.79,,67000036,247740.4671,743092.9849,263.5635834,801,6459
51916247,8.89,,67000011,249405.7923,745494.9697,202.1324768,444,3210
51916283,9.74,,67000011,249611.0519,744916.7068,117.4974518,397,2658
51916285,7.35,3500,67000014,250873.0704,744301.7513,168.4788361,207,1054
51916319,6.45,5525,67000014,251004.863,743443.514,450.0776062,274,1478
51916384,4.08,6520,67000015,250199.3274,743981.1723,142.491394,119,626
51916320,5.2,5202,67000023,249757.0239,744268.5134,267.1248016,311,2369
51916395,5.69,6520,67000022,249462.6932,743940.2159,159.9130249,482,3549
51916354,4.53,,67000015,250840.9235,743384.038,269.9756012,163,776
51916360,10.06,,67000031,248905.5948,743466.2927,264.1475983,653,5671
51916364,13.91,,67000025,249551.4307,743233.0718,441.1090546,683,5840
65282641,5.4,,67000036,247613.4135,742984.9122,230.1847382,789,7742
51916366,6.88,,67000025,249160.2672,743240.7014,166.4506683,656,5776
51916368,6.05,,67000031,249094.0931,742878.9355,336.4055328,673,6064
51916377,4.22,,67000036,247914.6135,743208.3525,266.7459869,855,6728
51916379,8.15,,67000025,249304.2087,743200.5668,159.8298798,699,6033
53227884,8.35,,67000036,247914.782,743128.8239,372.17453,855,7223
51916398,9.73,,67000036,247712.9597,743059.9882,333.7999573,799,6460
51916401,8.12,,67000015,250779.4761,743050.2051,246.1128845,210,1057
51916403,3.94,6520,67000015,250852.506,743550.4549,139.4051056,175,594
51916406,29.57,,67000024,249851.321,743416.4224,789.4012451,542,4376
53227886,7.85,,67000025,249357.0352,743126.1426,160.5180969,724,6144
51916410,7.21,,67000031,249210.9524,742934.2777,175.3685608,706,5903
51916414,7.88,,67000025,249079.9613,743304.3653,209.9172058,574,5001
53227891,8.29,,67000025,249339.6992,743179.4209,231.4547119,706,6074
51916435,3.48,,67000025,248941.6527,743931.0099,398.5285034,546,4290
51915548,6.9,,67000036,247957.2141,743478.1646,321.0672302,691,5750
51916454,6.55,,67000036,247670.6496,742931.5045,345.6770783,829,6610
51915568,7.94,,67000031,248814.9262,743552.4812,80.6499939,669,5791
53228601,6.73,,67000021,249792.6012,744400.3805,214.1713104,206,1708
51915597,5.61,,67000036,247862.7187,743084.5217,361.1607208,847,7220
53228610,13.42,,67000023,250022.25,743923.5,309.6770172,287,1720
51915635,6.03,,67000013,250438.9084,744403.6359,305.3674927,297,1502
51915723,7.03,,67000014,250862.407,744144.5814,159.7174225,183,882
51912339,10,,67000011,249704.4071,744817.406,365.7150726,517,3548
51912485,8,,67000013,250740.8536,744331.1106,211.4347382,377,1643
51911823,6,,67000036,248030.6173,743166.5932,221.0675201,854,6712
51911825,9,,67000015,251035.7264,743108.2742,164.5468445,192,1129
65282764,6,,67000036,247895.2694,743097.0725,322.1569977,870,7271
51911868,7,,67000031,248549.151,743699.562,162.559082,603,5084
51911895,7,,67000036,247988.3323,742981.9419,367.152298,809,7015
51912136,30,,67000013,250811.5293,744475.6681,454.072403,345,1597
53228189,6,,67000033,248468.6238,742685.9055,309.7247162,760,6615
51912902,12,7300,67000035,247069.2248,742989.6479,1160.474045,768,7666
51914309,5,6512,67000033,248612.1704,742723.6042,421.4056397,727,6442
51913704,7,,67000013,250721.5033,744357.3783,247.3779144,374,1663
51913818,33.53,,67000013,250823.235,744418.0174,1008.858795,275,1262
51913914,7,,67000015,250777.2789,743020.8924,404.9012604,216,1088
51913881,9,,67000033,248341.6827,742796.5565,364.5194397,780,6694
65282316,8,,67000036,248007.3849,742885.9858,391.2054749,815,7026
51915390,8,,67000013,250789.0992,744533.9401,189.197113,329,1673
51914615,18,,67000013,250569.784,744390.4624,593.3055573,311,1593
51914669,15,,67000023,249688.3153,744265.8513,1010.974197,309,2355
51915923,8,,67000015,250915.1346,743134.3768,138.0256805,151,851
51916022,18,,67000012,249726.0491,744766.8896,361.5656433,356,2477
51916173,6,5305,67000025,249648.6477,743193.4207,590.4111023,692,5935
51915549,8,5370,67000036,247589.6354,743100.6426,1225.403381,820,7906
51915642,12,6512,67000015,250127.3978,744121.1205,6234.354828,178,807
51915873,12.72,1000,67000036,248262.705,743136.535,360.4457245,891,7348
51916829,5.95,1000,67000032,248640.029,743133.409,498.2794342,794,6846
51917272,4.7,1000,67000036,248029.4378,743516.2075,130.1354523,692,5676
53228911,11.39,1000,67000022,249248.7455,743815.1381,1040.512146,521,3700
51917359,3.43,1000,67000011,249401.4505,744789.8532,107.8595734,380,2586
51916612,4.63000183,1000,67000033,248610.25,742297.9917,76.34490967,837,6906
51917763,3.11,1000,67000036,248248.6294,743271.2508,98.15109253,849,7323
51917764,7,1000,67000024,249907.8643,743128.2601,902.0070343,625,5135
51917770,5.66,1000,67000015,250966.1714,743191.4016,443.7913208,210,1221
51917804,5.76,1000,67000022,249179.8274,744018.347,149.906723,538,3799
51917898,6,1000,67000015,250223.3291,744087.6098,148.8383331,116,685
51917909,7.08,1000,67000036,247653.2297,743213.8817,313.029007,780,6327
51917910,4,1000,67000032,248477.6659,743016.4611,48.77810669,925,7613
51917994,6,5202,67000015,250750.7565,743056.7943,103.0842896,208,1045
51918213,5.1,1000,67000031,248207.7834,743476.9267,241.7922211,725,5882
53228954,7.04,5521,67000014,251141.9429,743694.141,54.00013733,256,810
53228977,7.23,1000,67000014,250696.3098,744133.9233,188.2550507,240,1238
51917719,3.5,1000,67000015,251133.7584,743058.0874,204.2046051,213,1171
51918859,5.99,1000,67000021,249929.5055,744331.8274,216.2365723,215,1312
51919098,3.44,1000,67000024,249894.0418,743107.335,54.49996948,621,5112
51919137,3.9,1000,67000014,251160.2256,744070.6602,105.1981049,262,959
51918342,13.23,1000,67000011,249407.3978,744800.3131,1573.617661,397,2593
51918347,6.79,1000,67000015,250066.7609,744036.1682,1227.189285,187,858
51918401,2.37,1000,67000022,249399.338,744006.4742,99.0667572,466,3454
51919629,6.06,1000,67000036,248239.6287,743148.5453,718.1053619,897,7350
51918688,6,1000,67000015,251057.774,743260.6803,319.4278717,238,1162
53229331,4.14,1000,67000036,248024.4865,743059.993,59.97306824,832,7097
51919706,4.24,1000,67000013,250789.8266,744368.5638,88.36468506,267,1216
51919722,7.54,1000,67000011,249436.2513,744830.1991,181.5960083,411,2633
51919792,6.22,1000,67000036,248213.3707,743095.231,558.9104309,882,7288
51919836,10.48,1000,67000025,249207.5445,743728.8042,180.4872131,617,5139
51921810,5.14,1000,67000021,250352.5021,744239.2032,152.2059784,154,895
51916879,8,,67000031,249082.6598,743210.8892,90.73294067,603,5343
53227986,12,,67000025,249112.3389,743688.6483,582.3167267,670,5503
53228913,6,,67000036,247875.2925,742978.8154,58.96401978,834,7131
53228946,8,,67000031,248766.6341,743626.6941,62.11103821,642,5338
51917752,7,,67000036,247972.1118,743436.8528,187.8929443,692,5754
51918741,6,,67000036,247820.8713,743320.3718,198.7922516,806,6465
51918829,8,,67000025,249418.1338,743270.8732,217.7419891,622,5545
51918919,8,,67000031,248455.3772,743808.6379,426.245285,567,4805
51919193,6,,67000036,247965.7661,743070.7658,401.5373688,837,7150
53229140,8.81,,67000014,251015.6879,744184.0368,149.5139771,242,1009
51918639,9,,67000031,248988.7254,743299.7657,162.557251,625,5483
51919712,10,,67000021,249703.4479,744467.2541,272.4661713,305,2255
51915657,10.98,6520,67000035,247126.3527,742759.0992,1428.921219,778,7217
51915661,6.77,,67000015,250706.1098,743018.4825,140.884491,321,1734
51915667,9.81,,67000031,248479.9643,743817.9789,262.3165741,563,4777
51915669,8.91,,67000022,249605.8859,743857.5915,136.1098785,520,3714
51915672,8.69,,67000036,248033.3545,743012.3849,521.7067566,814,7019
51915675,6.9,5600,67000033,248925.1446,742673.2924,937.7596893,702,6233
51915687,6.83,,67000031,248242.1315,743765.0099,136.0306702,615,5056
51915688,5.43,,67000036,248258.4904,742928.1754,275.6458588,788,6730
51915702,11.4,6520,67000015,250381.5251,743644.3807,998.7042847,111,367
51915719,7.62,7300,67000035,247366.2667,742830.3782,114.8963623,802,7570
53228627,4.56,,67000036,247909.4338,743464.8099,334.8948822,699,5806
53228641,10.19,,67000012,249775.9769,744639.4011,192.5307007,377,2520
51915827,22.37,,67000022,249588.2004,743974.4732,686.7353363,423,3087
51915861,7.45,,67000013,250445.1142,744381.5153,90.41099548,302,1523
53228651,4.35,,67000036,248101.5584,742986.0166,346.3070221,816,6989
51916858,6.08,,67000025,249144.9144,743348.2119,145.7920075,586,5030
51916860,5.06,,67000021,249623.4517,744325.2489,100.2146149,345,2428
51915888,19.48,5900,67000012,250142.3356,744467.0339,1118.184692,390,1843
51916819,5.94,,67000025,249177.9089,743143.9245,192.2765198,588,5195
51916825,6.58,,67000011,249493.0481,744728.5391,247.3750763,355,2476
53227960,6.54,,67000025,249324.9376,742932.7838,194.2998962,629,5465
51916837,9.4,,67000015,250894.8794,743267.4822,125.6467133,153,783
51916840,10.42,5337,67000015,250888.9679,743311.127,579.4622955,143,694
51916849,4.18,5521,67000032,248592.738,742953.0743,129.2812042,775,6714
51916875,6.24,,67000031,248993.8658,743185.9582,366.0774994,656,5783
51916888,14.55,5001,67000013,250489.9212,744709.1006,413.4915619,360,1823
51916897,3.88,5501,67000015,250882.6874,743146.686,94.55195618,148,826
51916911,5.92,,67000036,247922.8967,743007.5741,407.8944244,819,7085
51916942,4.94,5305,67000012,250375.5192,744664.2934,301.5223389,355,1849
51916914,6.64,6840,67000035,247073.1469,742777.8686,375.8254242,715,7238
51916961,9.14,,67000013,250775.3235,744392.2336,297.5522614,354,1581
51916980,13.44,,67000031,248871.8478,743534.6182,378.5150299,663,5748
53227987,5.09,,67000022,249198.0556,744015.6195,157.6229553,536,3786
51916995,8.46,,67000022,249452.075,743630.3591,123.9626465,648,5415
51917001,12.36,7300,67000015,250113.8043,744007.7816,441.4596405,156,721
53227990,6.34,,67000025,249322.5009,743065.3637,209.6985626,678,5804
51917023,6.74,5370,67000036,248190.0779,742881.8571,273.2220001,764,6757
51917024,9.13,6520,67000015,250533.2512,743501.0151,1334.542755,91,392
51917030,6.3,,67000034,248061.531,742599.3097,234.1419983,845,7168
51917074,6.72,,67000025,249248.5728,743152.203,124.0651093,657,5683
51917092,3.98,,67000015,251018.1661,743236.3175,140.7930145,222,1262
51917111,8.12,,67000036,247686.3669,743399.3839,323.9424896,765,6214
53228009,6.4,,67000036,247792.3565,743274.0457,81.74003601,814,6521
51917118,4.44,,67000036,247603.7418,743433.5807,420.3471375,736,6085
51917179,5.12,,67000011,249592.8069,744991.8875,127.3899841,448,2883
53228891,4.17,,67000012,250026.3943,744606.4744,52.33432007,296,2198
51917215,8.72,,67000014,251002.9082,744178.1912,148.8692627,241,1007
51917217,7.08,,67000014,250776.35,743971.945,154.7218323,158,636
53228893,3.44,,67000025,248963.0823,743896.2564,317.7533112,552,4330
53228894,7.42,,67000022,249425.1101,744060.4046,238.0654907,434,3193
51917231,9.43,,67000013,250624.9141,744723.953,203.115921,338,1716
51917242,6.19,,67000021,249029.5306,744193.4761,181.5960388,560,4072
51917245,11.5,,67000025,248968.056,743956.7484,332.7254944,545,4281
51917255,8.91,,67000025,249293.2516,743272.9513,215.3686066,610,5196
51917260,5.49,,67000025,249537.1666,743331.8706,280.2434082,694,5787
51917268,5.69,6520,67000014,251175.1931,744095.4403,279.6719666,260,951
51917280,6.3,,67000036,248127.0216,743112.5295,186.2702026,855,7200
53228904,12.21,5312,67000012,250334.4686,744716.0281,221.0480957,381,1988
51917315,7.14,,67000025,249225.3179,743247.8617,240.1190491,684,5938
51917324,4.69,5521,67000036,247645.2125,743075.0499,164.1764832,804,7853
51917342,5.64,,67000036,247822.701,742945.2789,416.0708313,865,7302
51917345,8.07,,67000025,249065.1702,743460.1302,220.2965241,562,4877
51917358,4.21,5305,67000021,249393.1324,744509.407,275.4308624,451,3101
53228922,6.97,,67000015,250648.4161,743526.6336,101.0050049,90,327
51917381,7.93,6520,67000037,247004.1824,743451.953,2015.079361,858,7887
51917387,4.67,,67000036,247732.7965,743212.0142,308.1157379,833,6579
53228927,10.54,,67000013,250739.1728,744672.0832,160.4608612,335,1714
51917400,5.05,,67000033,248794.6263,742419.6596,151.194519,752,6719
51916484,4.41,,67000036,248076.031,743145.4024,292.1254883,836,7147
51916488,7.55,6520,67000014,250965.8866,743348.7888,314.0799713,155,762
53227903,3.15,5000,67000031,248732.7532,743472.3809,114.5541992,720,5904
51916507,6.43,,67000012,250090.955,744668.06,168.3957977,320,2388
53227909,7.23,5740,67000031,248495.6361,743746.9867,147.9288788,595,5021
51916533,8.32,,67000022,249374.8609,744076.9534,491.5851135,427,3151
51916552,5.24,,67000034,248241.2838,742353.0014,255.5970001,861,7145
53227916,7.75,,67000025,249232.4291,743410.5373,202.2017212,594,5043
53227922,8.84,,67000015,251002.282,743055.0102,266.8344421,185,1077
51916623,5.59,,67000036,248224.3302,742920.055,398.3301239,788,6730
51916631,6.71,6520,67000015,250869.1966,743520.4755,220.9165039,187,628
51916711,12.86,5201,67000011,249125.2026,745051.8394,546.6404877,571,3455
51916736,8.4,,67000021,249082.2834,744318.8942,155.7757568,443,3122
51916751,9.22,,67000012,249898.3707,744563.5316,206.4290161,232,1923
51916764,6.46,5201,67000022,249496.9842,744192.6606,565.1511383,346,2663
51916788,9.62,,67000021,249839.1912,744370.9836,238.0790253,206,1711
53228990,7.71,,67000015,250678.4709,742941.4267,309.8814697,301,1656
51917784,7.52,,67000036,247700.593,743036.0258,330.2493134,805,6488
51917796,9.79,,67000025,249190.3685,743431.7556,229.8970795,589,4996
51917800,12.04,,67000021,250342.1276,744281.9442,431.3658752,242,1305
51917808,5.44,,67000022,249527.4352,743887.4532,211.9505768,494,3604
51917811,3.72,6520,67000032,248678.2627,743006.0037,107.1556091,729,6515
51917818,7.1,,67000012,249740.318,744669.238,332.6436005,375,2501
51917832,10.01,,67000033,248288.6965,742797.5897,547.2597809,788,6708
51917842,10.37,,67000025,249101.2002,743600.75,142.3399963,661,5507
51917847,13.35,,67000025,248985.6383,743930.0085,348.928299,550,4313
53229007,12.86,5601,67000021,249839.8618,744333.3126,756.8945313,202,1674
51917861,7.26,,67000036,247930.1152,743224.7761,321.5739746,838,6613
53229009,14.85,,67000025,249618.5885,743129.993,430.6616974,697,5987
51917891,12.13,,67000013,250438.0889,744450.3456,250.7830505,293,1519
51917897,7.15,,67000013,250644.4316,744467.4747,184.2348633,279,1452
53229015,18.07,,67000012,250362.6553,744474.2246,297.8525238,369,1722
51917906,6.95,,67000025,249332.2167,742897.424,133.849823,636,5501
51917916,25,6512,67000012,250158.3254,744378.5505,1946.692505,407,1921
51917938,6.64,,67000031,248705.2853,743846.6531,132.0617523,536,4555
51918005,9.16,,67000013,250490.6935,744673.2133,171.5805664,352,1812
51917962,2.54,6520,67000031,249056.3458,742634.3175,60.6000061,684,6206
51918010,7.47,,67000031,248835.3054,743669.367,265.2831116,582,5077
53229029,7.06,,67000031,248579.8748,743727.0346,232.1299896,605,5105
51918013,4.14,,67000036,247949.2889,743431.7145,211.2778473,694,5774
51918020,6.79,6520,67000035,247216.5735,742981.9492,511.1387634,746,7529
51918021,10.16,,67000033,248100.3864,742784.3983,727.7131348,783,6871
51918037,9.17,6520,67000015,250322.6624,743713.3436,1029.663773,84,354
51918146,10.97,,67000022,249543.9315,743927.1355,224.7975769,502,3626
51918174,21.5,6520,67000013,250433.6152,744292.3059,539.0757904,340,2464
51918180,15.84,,67000023,250100.0395,743746.0963,421.6400147,135,955
51918267,7.09,,67000036,248177.9249,743178.4067,733.3946838,866,7265
51918202,8.92,5601,67000022,249201.2984,743869.8965,703.0390472,548,3866
51918208,4.57,,67000013,250554.7972,744517.1613,253.0040436,351,1729
51918216,3.19,5521,67000025,249173.3225,743553.2905,320.3507538,648,5425
51918220,8.5,,67000031,249078.0211,743189.2823,176.0919952,608,5339
51918221,3.93,5305,67000031,248635.2438,743597.8269,698.8637543,725,5860
53229071,4.93,,67000015,250571.9518,742999.2474,263.9957733,284,1437
53229073,9.68,,67000024,249641.4848,743806.3174,167.7488556,613,4858
51918233,14.44,,67000025,248812.4417,743928.3544,690.1533508,512,4354
51918235,7.02,,67000036,248077.4108,743077.1235,130.5601349,823,7075
51918246,4.85,,67000036,248075.857,743269.6204,225.0401001,863,7265
51918251,6,,67000015,250441.4493,743406.6741,117.2081909,111,488
53229078,5.67,,67000031,249193.2777,743006.6161,230.0516357,623,5510
51918263,5.19,,67000036,247682.9386,743013.396,158.8344574,811,6518
53229079,5.81,,67000031,248803.6876,743338.3608,274.5312958,732,6477
51918281,5.49,5501,67000015,250915.4706,743274.5068,175.4600067,160,825
65282127,4.37,1000,67000015,249834.6099,743761.1065,120.4161377,458,3232
51917404,3.39,,67000033,249010.5901,742377.2644,51.44703674,736,6526
51917405,21.09,,67000032,248626.9133,743335.7854,304.1044006,796,6900
51918302,8.82,,67000036,247629.3637,742903.9639,253.3925934,834,6633
51917408,5.52,6520,67000013,250544.6157,744219.545,140.2236939,257,1221
51918310,7.67,,67000023,249564.2299,744152.6771,322.3547974,342,2673
51918320,8.54,,67000013,250749.7188,744568.5969,354.3243408,314,1615
51918335,8.41,6520,67000022,249198.1543,743942.8999,290.7806244,537,3804
51917429,20.29,,67000012,250216.0758,744400.3181,475.8317566,427,1995
51917460,2.98,6520,67000014,251660.981,741706.1321,67.83000183,316,2632
51917479,6.87,,67000011,249628.0472,744712.0356,326.5186005,441,2728
51917502,13.43,,67000025,249588.8345,743349.0825,234.2353516,698,5828
51917511,6.63,6520,67000014,250981.7227,743542.7184,263.3444367,289,1004
51917530,9.01,1000,67000014,250709.8561,744155.3942,776.7101746,243,1256
51917538,9.68,,67000025,249206.5319,743163.8103,219.5942078,646,5686
51917553,30.15,,67000024,249878.5206,743385.8251,931.0823364,532,4337
53228953,10.48,,67000031,248183.5499,743530.7076,417.1448669,684,5662
51917564,5.08,,67000036,247934.4396,742857.4358,310.4593964,826,7090
51917565,7.56,,67000036,247785.135,743425.4377,370.627182,716,5932
51917567,6.03,,67000031,248624.5462,743887.5764,246.7575378,579,4670
51917615,7.54,,67000011,249558.1959,745155.0199,165.6328125,409,2768
51917657,6.11,,67000021,249650.2127,744381.2886,266.8442383,327,2350
51917702,7.97,,67000013,250771.2791,744321.5657,214.4490051,379,1652
51917710,9.36,,67000015,250989.8316,743203.6562,270.8825684,211,1229
51917717,6,6520,67000014,250690.3108,743582.5141,263.7164307,100,378
51918722,6.14,,67000012,250269.4128,744590.4825,249.1339264,389,2093
51917721,11.45,,67000015,250644.5541,743425.7439,215.7563934,143,720
53228984,14.92,5000,67000014,250508.7145,743993.4097,1666.012772,140,738
51918699,7.85,,67000031,248519.2207,743744.2889,315.9867706,598,5043
51918703,11.32,6520,67000014,250334.2285,743852.8857,2103.4254,141,817
51918706,9.35,,67000031,249023.5963,743257.2337,195.3951416,619,5426
53229163,6.4,6520,67000022,249239.2361,743936.1609,161.1638336,532,3778
51918742,7.73,,67000036,247613.4333,743196.9961,318.8183594,768,6294
51918744,7.71,,67000036,247895.4577,743139.5538,144.3060608,860,7247
53229165,22.05,6520,67000015,251126.2378,743261.382,1174.049927,286,2256
51918751,9.41,,67000022,249425.0605,743679.0443,239.4769287,574,4862
51918767,6.49,,67000012,249979.7991,744634.3167,173.0487976,286,2160
51918809,7.45,,67000025,249417.2649,743338.8886,262.6074829,663,5668
53229172,10.02,6520,67000035,247541.5914,742770.5821,1625.495773,776,7708
53229173,17,,67000014,250925.4217,744224.5541,378.0311432,195,972
51918790,6.82,7300,67000035,247134.9604,743020.3166,458.4595795,760,7619
53229175,6.25,,67000025,249327.2045,743026.6821,133.9881897,686,5854
51918792,10.5,,67000025,249547.8966,743367.7718,205.6999359,693,5783
51918814,11.55454545,,67000022,249381.6553,743937.0675,429.615387,489,3573
51918815,7.71,,67000012,249770.6939,744763.034,218.7036133,342,2391
51918824,6.37,,67000014,250400.0385,744080.4708,276.0574799,151,891
51918827,6.14,,67000033,248768.2733,742362.8639,242.9025574,758,6775
51918863,30,6520,67000014,251024.253,744143.8963,2112.922516,235,979
65282251,4.89,,67000033,248727.8182,742359.8666,370.1556702,759,6790
65282252,7.61,5337,67000015,250625.4064,743526.0084,920.6761169,86,304
51918904,8.54,,67000031,248474.3441,743714.7748,218.6463471,593,5002
51918916,10.58,,67000033,248772.2344,742612.4282,903.5592194,754,6559
51918930,4.29,,67000034,248431.3951,742360.1462,90.01750183,804,6886
51918933,4.38,,67000025,249468.25,743240.215,188.802887,597,5341
51919042,24.34,,67000017,249491.4794,745418.4821,465.0567627,431,3105
51919060,6.28,,67000021,249302.2654,744313.6395,272.8718872,438,2851
51919073,9.53,5000,67000012,250182.455,744638.465,233.8200073,432,2694
51919076,3.31,,67000025,249586.4907,743267.9429,198.4552155,683,5846
51919085,11.8,,67000025,249495.9851,743392.3745,210.8110504,683,5724
51919086,8.64,,67000024,249795.8884,743392.9774,117.4778595,527,4383
51919097,7.67,,67000036,248093.2086,743471.7234,121.7247162,715,5858
51919101,6.27,,67000025,249300.2699,743007.9668,151.9215088,625,5505
51919106,12,6520,67000021,248907.2069,744606.2586,1653.51239,475,3705
51919116,8.66,,67000015,250639.5166,743072.7972,294.2796631,329,1778
51919130,13.46,,67000025,249562.4827,743361.2444,213.9066162,695,5799
51919132,3.42,,67000025,249618.0007,743251.1744,147.2524567,704,5899
51919133,8.19,,67000031,249182.6928,742967.6995,200.1266937,622,5499
51919151,6.48,,67000031,248980.292,743387.0215,246.5533142,620,5545
51919160,3.94,6520,67000014,250855.355,743613.095,83.45088196,158,582
51919161,8.4,,67000025,249516.0877,743134.4035,317.5129242,606,5446
51919163,3.17,,67000025,249592.0851,743129.7367,214.1276093,611,5498
51919164,5.24,5501,67000015,250891.1543,743120.9847,244.973114,210,1153
51919166,7.27,,67000013,250603.8441,744520.8221,313.435791,298,1554
51919180,4.99,,67000036,248090.9826,743276.4988,399.700943,872,7488
51919182,8.55,5521,67000015,251032.4386,743129.7092,331.6403961,197,1150
51919188,4.02,5202,67000015,250740.2155,743070.993,227.6802826,204,1029
51919206,6.8,,67000031,248727.157,743556.219,215.5481415,636,5336
51919212,3.58,,67000036,248196.0743,743071.9331,197.0694885,865,7226
51919223,5.43,,67000012,250397.4324,744674.2065,222.1659393,318,1774
51919225,7.49,,67000015,250661.0355,743061.6185,120.5149994,329,1778
51919237,5.68,,67000014,250971.1589,744079.6757,213.4358521,222,908
51919241,9.28,,67000031,249124.4458,742550.858,190.2077026,737,6381
51919242,9.07,7300,67000015,250233.2556,743730.5225,1490.125214,103,427
51918357,7.71,,67000012,250192.3242,744407.3792,273.851593,410,1939
51918375,8.03,,67000021,249718.5682,744419.2743,174.2104492,286,2213
51918378,8.72,,67000031,248403.1389,743833.0173,338.426239,616,4896
51918405,5.06,,67000036,247839.7749,742856.9838,245.1999207,840,7183
51918418,4.32,5305,67000036,248137.5916,743054.4644,331.101181,837,7123
51918434,5.46,,67000014,250509.4441,744089.4614,139.3200073,198,1116
51918468,12.43,6520,67000035,247629.7202,742708.7211,2062.871597,808,7804
53229117,4.42,,67000036,248019.6729,743467.5179,300.8495331,705,5785
51918477,5.99,,67000025,249412.6563,743163.8836,320.2904816,638,5362
51918496,7.8,,67000021,249859.6947,744448.9459,393.9212341,214,1786
51918512,27.94,,67000011,249283.2537,745155.3454,496.8731995,505,3128
53229127,16.34,,67000011,249464.2231,745159.7044,416.9582977,433,2872
51918538,5.84,,67000011,249542.8772,744909.6464,195.6872253,428,2787
51918548,19.32,,67000011,249306.6723,745268.3427,302.3208008,482,3146
51918571,9.26,,67000012,250304.4213,744428.0241,190.2935333,317,1558
51918573,5.33,5521,67000012,250430.9759,744699.924,360.6338806,334,1771
53229139,20.87,,67000012,250304.426,744532.6024,260.3826447,390,1791
51918585,3.31,,67000021,249433.6012,744495.7744,110.3579865,445,3072
51918590,6.05,,67000021,249017.0937,744371.954,259.1710815,451,3107
51918594,5.97,5000,67000031,248626.4274,743744.4999,362.6888886,610,5139
51918625,7.12,,67000025,249055.6672,743730.227,492.3939209,686,5574
51918630,4.7,,67000013,250476.2395,744310.4626,227.9818115,315,1597
51918632,8.03,,67000013,250476.4591,744252.2605,187.3970184,349,2522
51918652,7.59,,67000036,247890.3428,743074.207,293.2083588,847,7217
51918653,6.1,,67000025,249024.294,743600.8641,171.9875641,672,5573
51918654,4.48,,67000036,247823.6339,743077.0544,190.9964142,837,7204
51918659,6.51,,67000011,249552.043,744735.2843,234.1636505,433,2846
51918665,7.24,,67000025,249244.492,743098.513,245.1216278,638,5611
53229151,6.97,,67000025,249360.4648,743067.8579,138.1859131,680,5814
51918666,6.07,5521,67000031,248940.5413,743145.2269,186.0626831,658,5796
51918667,5.78,,67000036,247619.6054,743018.4077,285.2657318,796,7790
51918668,10.57,7300,67000015,250476.907,743469.9435,430.9537048,212,442
51919635,5.19,5501,67000024,249751.1008,743541.8787,458.8998871,558,4565
51919647,14.82,,67000025,248945.9371,743867.549,451.9187622,682,5769
51919652,7.42,,67000036,247993.1052,743006.5484,363.1417999,810,7020
53229333,25,5900,67000014,251244.3046,743257.5103,2577.555649,254,1196
51919666,11.37,,67000025,249009.3308,743817.3929,340.042038,564,4420
53229334,6.64,,67000025,249504.9901,743166.9908,207.2968597,603,5411
51919669,3.1,,67000022,249396.9377,743675.3191,321.6166077,638,5354
51919670,6.44,,67000036,247605.9132,742952.6838,431.8023377,785,7715
53229335,16.64,,67000023,249988.1143,743929.905,403.1037903,331,2629
51919692,9.08,,67000036,247705.7381,743462.0349,391.1551056,726,6010
51919700,6.69,,67000021,249155.6117,744473.589,290.7015991,450,2947
51919703,8.97,,67000013,250593.0494,744726.2527,287.0799713,342,1745
51919713,6.9,,67000034,247990.9894,742428.9484,184.1625366,880,7402
65282510,4.84,,67000036,248100.0147,742922.9843,364.6523743,791,6894
51919804,4.84,6520,67000014,250928.2845,743919.8525,643.8349457,215,847
53229349,3.81,,67000013,250593.6579,744280.3799,169.0874939,240,1256
51919751,6.69,,67000021,249724.0882,744526.3768,103.8655701,290,2193
53229351,6.42,,67000036,248102.6083,742864.9237,143.1164551,785,6856
51919793,6.22,,67000031,248167.25,743693.405,397.1530151,606,5117
51919874,11.06,6520,67000015,250253.2373,743851.8222,2394.886063,102,459
51919813,7.23,,67000025,248929.6571,743627.3118,173.7559815,537,4642
53229360,5.11,,67000033,248836.921,742422.914,162.886261,740,6674
51919818,12.01,,67000025,249059.8038,743623.9562,150.9176941,669,5554
51919824,4.28,5305,67000033,248471.3625,742365.6832,262.6222382,801,6870
51919830,8.54,,67000024,249524.1627,743558.8609,281.9004974,615,5109
51919846,6.35,,67000015,250715.8767,743000.4335,182.3238373,315,1709
51919847,9.15,,67000031,249111.901,742741.4818,278.1265411,697,6182
51919856,7.33,5521,67000023,249949.3736,743887.1479,246.617569,165,1258
51919889,3.56,6520,67000014,250955.3153,743572.0108,258.5532074,170,740
51919892,11.4,,67000025,249139.7795,743699.4308,295.7380219,660,5509
51919935,9.79,,67000021,249364.5285,744490.7847,260.8977051,394,2666
51919938,7.44,,67000021,249786.2283,744460.2651,152.1478577,277,2154
51919950,5.2,,67000013,250792.8299,744505.6592,263.6343231,345,1597
51919952,15.28,,67000011,249657.195,744741.845,293.2349091,506,3460
51919955,14.33,,67000013,250416.7502,744369.0517,351.5704041,300,1514
51919977,15.43,,67000013,250794.1497,744586.6302,265.4045563,336,1709
51919983,17.05,6520,67000012,250115.2157,744627.5005,1418.697327,309,2319
51919992,4.54,,67000012,250286.6,744649.655,155.802002,367,1993
51919994,14.59,,67000013,250436.4902,744350.8823,255.154007,268,1466
53229296,7.69,,67000036,247668.7274,743359.6782,296.2766876,759,6187
51919466,7.24,,67000021,249384.4364,744411.857,168.802887,396,2935
51919467,13.24,3505,67000014,250620.3468,743573.419,590.1473084,86,306
51919471,21.64,,67000011,249480.4582,745188.5387,318.1411591,420,2845
51920871,7.89,,67000021,249111.0271,744504.7994,237.8266449,457,2980
51920874,8.49,,67000036,247713.8122,743403.7731,341.7103577,770,6242
51920895,14.85,,67000012,249678.65,744688.6658,233.2129059,371,2560
53228688,4.48,,67000013,250628.9519,744520.9956,243.1707764,298,1558
51920979,3.56,5305,67000021,249211.6136,744174.4542,200.5267944,576,4126
51920405,5.18,,67000014,250649.6234,744028.6951,171.8331604,219,1336
51920415,10.03,5900,67000014,250971.5741,744110.0373,193.3699493,234,943
51920430,4.57,,67000013,250721.2872,744392.5059,347.4793091,370,1640
51921806,6.1,6520,67000014,251147.824,744099.9237,348.2507324,259,945
53228849,8.8,6520,67000015,250218.6745,743702.1935,421.2064514,108,458
51921836,8.06,,67000013,250491.9617,744287.5092,148.4000092,275,1307
53228855,22.53,,67000012,250313.8745,744570.2712,258.933548,391,1982
51921409,10.43,,67000031,248858.6075,743403.2889,356.6859436,656,5534
51921410,9.21,,67000036,247745.2686,742855.708,407.3788452,810,7893
51921356,5.53,,67000036,247602.5292,742916.4488,175.848999,780,7679
51921417,18.09,,67000012,249699.3767,744674.4352,302.6388092,371,2560
53229887,9.26,,67000021,249307.1428,744342.2153,158.6290436,432,2822
51922758,4.13,,67000015,250790.6807,743512.143,189.830658,243,1053
51922814,4.02,,67000014,250958.3656,744176.6309,135.861145,249,1023
51922251,4.34,,67000036,247757.3266,743237.8215,165.6567078,819,6559
51922274,10,6520,67000014,250687.4402,743642.3,247.5180817,130,480
51922308,30,6520,67000014,251002.1206,744259.9662,924.6714783,198,1106
51922317,2.75,1000,67000021,249474.2636,744465.891,59.71488953,440,3025
51922322,5.67,,67000022,249541.3309,744103.5415,328.0307312,383,2914
51923730,6.53,,67000031,248218.7958,743754.7416,224.8010101,619,5082
51923691,12.55,,67000012,250225.1545,744560.0198,317.2228851,385,1791
51923706,8,,67000024,249719.9153,743471.6594,127.4000702,537,4492
53230065,14.68,,67000013,250543.0487,744448.8558,259.8764496,289,1544
51923802,5.66,,67000021,250257.98,744170.035,76.71788025,131,761
51923804,3.45,5202,67000021,249035.0028,744575.7125,219.2351532,589,4335
51923187,10.57,,67000021,249393.3154,744440.8664,203.8689728,401,2965
51923189,18.94,6520,67000021,249767.7182,744478.0614,269.1977539,275,2143
51923194,5.16,,67000036,247877.046,742855.447,306.0581055,835,7143
53229968,8.01,,67000036,248045.5681,743466.1451,279.0380859,708,5811
51923196,11.45,,67000015,250580.3275,743366.2753,389.563736,133,650
51924656,10.92,,67000013,250747.6507,744624.2476,188.1021729,330,1676
51924625,17.73,,67000021,249404.5602,744467.0018,281.7805786,407,2993
65282704,10,7300,67000015,250004.8452,744101.5688,334.2141419,176,822
51924693,3.92,,67000013,250481.0941,744579.8188,125.4600525,353,1732
53230400,4.95,6520,67000013,250668.8608,744352.6079,181.5997315,253,1338
51925566,8.48,,67000013,250504.5526,744266.1373,253.9559937,270,1282
51925598,20,6520,67000012,249924.1846,744907.5267,1930.838593,335,2363
51925632,22.23,,67000022,249633.4143,743947.4859,753.3824921,372,2884
51925083,9.98,,67000013,250439.7076,744471.0565,203.6532593,260,1468
51925110,11.15,1000,67000021,249301.1212,744266.9151,3155.063522,441,2860
51925129,8.95,,67000021,249087.4902,744518.8377,174.3317413,419,2923
51925144,12.7,5521,67000011,249241.6403,745158.3099,458.997345,574,3487
51925153,5.86,,67000021,249660.9475,744415.2936,131.4635468,319,2314
51926524,4.53,,67000012,250314.3306,744510.628,157.7289124,341,1676
51926529,6.89,,67000021,249332.9082,744349.7563,214.685257,428,2805
51926537,2.91,,67000014,251050.0301,744102.3435,56.14698792,209,940
51915743,9,,67000011,249411.8737,745456.7419,176.5665588,439,3175
51916843,8,,67000015,250766.2814,743071.1672,319.4258575,208,1044
51917237,20,,67000021,249610.96,744349.8091,276.2512817,314,2449
51916593,7,,67000034,248360.7904,742303.653,324.9193726,834,7016
51918262,8,,67000036,247873.7195,743150.0785,311.026535,864,7270
51918282,4,,67000036,247954.0415,743197.5878,309.5375977,857,6700
51917478,7,,67000023,249599.4733,744090.591,301.0402832,378,2739
53228950,6,,67000034,248076.0858,742430.0179,424.2622681,906,7326
51918850,7,,67000014,250867.8436,744159.3091,67.14723206,184,894
51919114,5,,67000015,250977.6188,743071.5882,159.5726471,162,933
51918626,7,6535,67000035,247247.1273,742907.6379,2097.914246,710,7292
51922797,7,,67000014,251034.0634,744192.0801,518.2272797,191,1034
51922806,25,,67000013,250602.0205,744553.5666,535.0393524,321,1615
51926035,3.22,1000,67000013,250508.73,744727.5212,165.7464447,335,1787
51928574,8.24,1000,67000014,251580.5761,741633.8244,289.1428223,377,2859
51927927,3.92,1000,67000034,248017.459,742527.5972,150.3000031,866,8481
51928718,4.91,1000,67000014,251731.5642,741510.9752,64.51986694,369,3241
51930441,6,1000,67000036,248202.2527,743155.5762,253.1542358,898,7360
51931789,3.28,1000,67000033,248484.4163,742308.346,149.7185059,810,6925
51932844,8.09,1000,67000034,247958.8839,742556.862,435.6174927,849,7214
51932700,8.25,1000,67000033,248459.6345,742320.5687,241.3223114,809,6918
51934085,3.56,1000,67000033,248679.4789,742465.9064,132.7651825,807,6784
51933606,5,1000,67000033,248525.7772,742387.1401,51.13427734,852,7001
51933667,3.09,1000,67000033,248641.1277,742311.5274,825.6882172,840,6926
51935190,4.15,1000,67000033,248529.2042,742293.74,864.4771729,849,6980
51935272,4.31,1000,67000014,251336.4241,742988.4945,1230.527008,235,1435
51934653,5.67,1000,67000033,248877.4374,742619.1307,484.216507,732,6450
51935755,7.63,1000,67000034,248033.2739,742496.5809,334.4964905,860,7304
51936577,10.75,1000,67000034,247999.9164,742505.5266,627.693924,866,8481
51936639,15.05,1000,67000032,248391.0946,742982.9354,996.9558716,916,7464
51936980,2.76,5521,67000021,250083.4344,744313.5679,238.6802521,224,1314
51937077,3.38,1000,67000034,248159.6982,742583.2314,100.9017944,831,7186
51936559,6,5305,67000031,248749.1603,743271.9952,263.160965,765,6778
51936562,7.71,1000,67000025,249740.5619,743126.2139,58.60856628,571,4685
53232545,3.51,5501,67000024,249913.3094,743410.231,134.2413025,527,4358
51938042,8.41,1000,67000036,248240.3398,743222.0979,164.4076843,909,7437
51929530,8,,67000025,249431.1914,743202.1076,218.0887604,637,5355
51928951,7,,67000031,248574.0723,743763.5323,332.3708344,603,5088
51931393,6,,67000015,251094.5566,743090.1331,170.3091278,212,1168
51930837,6,,67000015,251038.3527,743198.3283,109.2886353,208,1215
51933648,6,,67000034,248435.8656,742585.4715,84.40629578,785,6713
51934386,8,,67000022,249589.0011,743815.506,132.5234833,512,3694
51934424,12,,67000025,249012.7412,743885.8385,155.5480194,557,4366
53231339,10,,67000025,249116.4163,743592.7399,159.0158386,658,5489
51936158,6,,67000015,251085.9156,743158.4836,54.86758423,224,1241
51936609,11,,67000012,250340.682,744643.2993,322.6409454,320,1803
51936626,7,,67000014,250798.6389,743977.0128,243.4054871,179,758
68377414,8,,67000022,249560.5653,744089.4074,150.4177094,350,2730
51937935,10,,67000014,250856.6187,744280.5271,228.1761627,221,1135
51937966,6,,67000015,251123.839,743080.9863,81.9059906,209,1152
51938448,5,,67000015,250875.9252,743272.5694,145.2119598,135,715
51926017,8.72,,67000012,250024.7532,744854.0457,239.5803986,333,2332
51926073,14.41,,67000023,249829.0915,744296.5597,402.633728,196,1615
51926075,8.59,,67000014,250673.9057,744033.965,192.9832306,228,1345
53229611,20.97,,67000012,249852.805,744942.535,272.8098908,376,2633
51927564,6.49,,67000033,249037.295,742306.75,371.4929199,761,6656
53230758,5.74,,67000036,247626.9385,743418.345,335.4253998,736,6085
51927580,3.76,5305,67000032,248695.7599,742915.1107,284.4759216,735,6487
53230769,9.47,,67000033,248169.316,742811.0715,410.4126129,769,6793
51926891,6.56,1000,67000035,247716.4564,742753.941,281.143692,829,7252
51926915,13.73,,67000033,248560.9731,742812.1345,297.7031555,711,6392
51927049,9.26,,67000022,249481.0784,743615.0432,315.7927246,654,5447
53230662,10.37,,67000025,249265.6373,743218.4401,213.1790619,692,5989
51927057,4.38,5202,67000033,248377.4604,742794.6136,215.5423431,789,6633
51927070,4.75,,67000036,247958.0238,742863.493,142.9157105,822,7069
53230666,5.26,,67000033,248857.8741,742422.3276,470.8945465,731,6612
51928134,3.6,6520,67000032,248641.5832,742855.6352,194.4817047,707,6362
53230896,5.42,5521,67000034,248121.3269,742408.288,224.2068024,890,7276
51928336,4.53,6520,67000014,251514.1004,741671.6096,81.01597595,380,2878
51928474,9.6,5601,67000033,248873.7931,742689.9991,916.1958008,721,6378
51928492,3.64,,67000036,248093.1929,743438.5033,352.1021881,715,5856
51928494,4.81,,67000036,247995.2165,743440.429,279.2558746,702,5763
53230925,6.34,,67000031,248852.1105,743641.7344,250.656662,579,5044
51928529,5.33,,67000036,247652.946,743491.264,219.2359924,752,6097
51928569,5.37,,67000034,248260.39,742373.0159,167.0038605,859,7136
53230808,3.32,6520,67000033,248611.1546,742479.0843,64.42556763,805,6775
51927983,7.03,,67000031,248933.6687,743421.7783,458.0710144,646,5620
51928023,7.64,,67000025,249088.4013,743288.4741,210.0699158,575,5019
53230851,9.66,,67000033,248622.6396,742626.7862,841.7665405,743,6536
51929030,7.59,,67000031,249153.3614,742689.0406,339.9788971,703,6233
51929032,12.75,,67000021,249414.2516,744418.3553,240.2470856,399,2951
53231020,6,6520,67000025,248713.1669,743980.0469,100.7079926,578,4306
51929344,8.78,,67000031,249185.9143,742648.2201,193.3294983,731,6367
51929395,19.07,,67000012,250380.6094,744419.7672,202.8262634,296,1470
51929402,3.3,,67000025,249206.1331,743498.2669,148.7779083,678,5653
53231086,9.7,,67000025,249445,743415.94,243.0409699,675,5668
53231091,6.1,,67000033,248892.1218,742271.6671,286.4894714,770,6694
51929528,9.86,6520,67000035,247555.4648,742729.9938,583.0459137,791,7748
51929455,7.33,,67000031,248708.0795,743804.8951,329.4398193,533,4534
51929529,9.19,,67000024,249491.427,743794.3997,190.0521698,622,5042
53231093,3.8,,67000036,248200.7679,743005.2491,333.6025696,848,7199
51929469,6.21,,67000031,249168.2611,742831.9452,133.429245,696,5849
53231097,6.77,,67000025,249291.3418,743140.3075,152.6125488,664,5721
53231098,4.49,,67000036,247912.4964,743261.6076,399.2121429,814,6531
51929485,3.72,,67000033,248875.4239,742317.5644,276.319046,780,6708
51929494,10.69,,67000034,248158.7977,742460.4531,387.6373138,907,7344
53231101,4.8,,67000034,248416.8384,742311.5752,117.5398712,823,6966
51929497,5.83,6535,67000035,247698.0544,742539.3607,1940.332397,862,8813
53231009,5.79,,67000024,249835.9281,743343.9808,152.975235,518,4312
51928978,14.2,,67000023,250043.9425,743736.5668,472.4697418,200,1439
51928988,5.25,6520,67000014,251654.935,741717.1354,48.22851563,316,2619
51929000,4.19,,67000033,248428.7031,742621.8407,318.310318,787,6724
51929005,3.68,5521,67000033,248522.6487,742717.6982,321.8243408,944,7509
51929010,7.5,,67000031,248315.5805,743799.0686,355.8289337,604,4976
53231186,19.33,6520,67000014,252127.1371,741041.7909,503.6580505,431,3558
53231252,3.39,,67000036,247714.2575,742856.4636,363.7236481,858,7309
51930346,8.93,,67000025,249213.4722,743273.8256,147.2973328,680,5907
51930360,6.8,,67000021,249750.6736,744421.7191,182.3281555,285,2202
51930391,3.93,,67000036,248010.2574,743135.2317,223.2843323,873,6845
51930435,11.84,,67000031,248818.4138,743622.7228,235.9016876,648,5383
51929656,4.77,1000,67000014,251688.8655,741586.8893,776.6811523,375,3324
51929849,2.35,6520,67000034,248189.0062,742604.3785,68.13723755,839,8378
51929911,9.73,,67000033,248591.1996,742496.8103,570.0023651,783,6695
51929914,4.94,,67000034,247971.4391,742662.1372,280.174942,835,7130
51929920,5.98,,67000031,249141.9943,742663.6937,119.8556366,706,6252
51929923,9.4,,67000025,249313.3502,743220.8362,192.8170013,617,5238
51929932,8.34,,67000036,248018.9384,743090.2866,165.5059967,834,7108
51930914,3.27,6520,67000035,247769.2143,742571.067,60.60847473,873,8843
65282939,6.43,6520,67000035,247069.0372,742791.861,187.9887238,742,7342
51930936,7.2,5202,67000033,248919.5684,742735.1098,1152.830246,710,6289
51931271,6.87,,67000033,248851.6332,742270.7989,180.5816498,774,6734
51931286,4.34,,67000033,248914.5106,742387.7263,102.2066956,739,6602
51931289,4.15,,67000033,249032.6939,742429.0613,148.1251526,709,6437
51931326,7.96,6520,67000014,251212.7098,743402.8326,520.0798798,294,1220
51930872,9.4,,67000033,248584.5954,742442.9453,685.1104126,813,6814
51931919,7.09,5501,67000034,247999.8693,742628.7288,282.7471314,834,7122
53231522,7.25,,67000034,247971.4055,742433.7847,422.6401978,851,8929
53231523,6.08,,67000025,249280.6509,742929.0175,213.033783,615,5426
51932208,7.62,,67000031,249208.527,742813.4933,267.2913361,683,5801
53231589,14.88,,67000025,248861.9709,743890.87,507.9384308,519,4407
51932258,6.05,,67000033,248772.4527,742419.459,269.1952057,754,6734
53231599,4.75,,67000033,248728.6705,742386.4553,468.7456513,853,7021
51932338,4.1,,67000033,248926.1321,742346.102,1029.851685,779,6706
51931753,3.3,6520,67000034,247916.1518,742585.9998,49.39849854,850,7222
53231509,9.92,,67000034,248107.1754,742564.5278,142.4570007,843,8372
51931822,4.38,6520,67000014,251592.9366,741695.5273,82.09835815,416,3499
53231515,7.48,5312,67000033,248509.8028,742329.1426,791.7091522,850,6990
51931825,5.09,,67000033,248856.25,742311.345,178.5332947,773,6724
51931835,7.59,6520,67000014,251517.7294,741774.3625,275.3289948,359,2639
51933201,6.29,,67000034,248439.0103,742519.5601,434.0524597,805,6804
51933220,3.87,,67000033,248429.2404,742683.802,545.4620819,764,6639
51933239,5.08,,67000036,247965.767,742828.7043,312.3139954,825,8045
53231769,4.74,6520,67000014,251465.9753,741710.3868,300.5816498,363,2745
53231668,10.13,,67000031,248223.3979,743592.2088,540.6836395,652,5462
51932683,7.91,7300,67000035,247671.3622,742615.4849,996.3689728,829,7892
51932701,6.61,6520,67000014,252106.4337,740975.1154,334.9153442,445,3617
51932730,5.16,,67000034,248197.6745,742375.8997,225.2337952,871,7194
51932754,4.72,5202,67000036,247850.4476,742908.0165,115.4647675,839,7173
51932767,9.37,,67000033,248206.1441,742792.8745,438.2256622,840,7204
51933991,7.94,6520,67000014,252210.2199,741000.2653,227.4178162,431,3597
51934137,5.52,,67000034,247820.5692,742680.4446,251.4041901,881,7429
51933675,3.03,,67000015,250820.316,742880.2462,64.1578064,237,1318
51933676,5.04,,67000033,248804.5989,742375.6293,331.9073029,752,6712
51933616,3.4,1000,67000033,248873.7798,742511.2397,278.9206085,761,6729
51933627,9.73,,67000033,248548.3944,742411.7962,725.8996277,855,6987
51933683,8.68,,67000031,248556.0291,743844.9385,374.9890747,553,4698
51933633,8.05,,67000031,248599.7445,743893.5561,340.8473511,584,4693
51933690,3.94,6520,67000034,248221.9101,742529.5689,90.3289032,838,7067
51934822,5.07,6520,67000014,251568.1838,741687.6743,110.5701752,387,2938
51934846,9.46,,67000025,249400.8042,743278.8189,178.7114868,623,5564
51934852,6.03,,67000025,249306.6772,743086.2318,213.1359863,670,5761
51934876,4.08,,67000036,248177.5697,743020.1016,248.5042419,844,7173
51934883,5.33,,67000025,249169.8333,743399.4542,149.9589081,589,4993
53232063,6.62,,67000025,249212.681,743088.0805,128.0684815,594,5260
51934893,7.73,,67000036,247735.65,743427.5,290.0890198,722,5981
51934902,8.9,,67000022,249472.4078,743635.8452,108.382782,650,5428
51934962,14.65,,67000025,249600.9741,743343.9195,272.2454376,699,5841
51934964,10.82,,67000025,249379.3996,743222.6747,240.2174072,626,5295
51934967,6.05,,67000036,247779.7388,743358.1386,297.2498322,783,6379
51934932,5.43,,67000034,248366.1933,742332.2534,172.7190399,835,7022
51935115,7.75,,67000034,248021.9963,742477.2264,194.988739,841,8912
51935116,9.1,,67000034,247851.1223,742721.6517,191.5202026,850,7121
51935123,10,7300,67000035,247277.1828,742775.7447,1801.931686,745,7360
51935129,6.25,,67000031,249061.5934,742621.1899,197.7949982,685,6220
51935144,3,6520,67000014,251653.1226,741707.1488,81.88256836,316,2628
51935222,6.41,,67000031,249146.4819,742845.1522,191.0538788,699,5873
53232119,6,,67000036,248036.0774,742859.2874,167.9806824,835,7020
51935225,7.51,,67000036,247731.8177,743031.7599,624.4865723,883,7430
51935252,3,7300,67000015,250339.7965,743535.1955,65.91769409,127,643
51935256,11.67,,67000032,248559.4842,742869.9534,929.5149384,712,6394
53232132,6.6,,67000025,249096.5494,743489.5561,304.0289154,573,4882
51935271,4.04,6520,67000031,248903.2804,742900.9007,102.7999725,769,6669
51935279,8.38,,67000025,248871.1186,743739.911,144.9404907,525,4516
51935280,10.23,6520,67000035,247091.2478,742745.3698,260.1880951,720,7264
51934345,5.22,,67000033,248945.7583,742427.8875,191.0641174,720,6524
51934348,8.15,7300,67000035,246967.1631,742992.1784,1520.175262,731,7332
53231972,5.94,6520,67000014,250551.5537,743825.0071,424.4207459,115,402
51934398,14.22,,67000025,249500.3638,743283.1701,372.1661072,675,5771
51934407,3.44,,67000015,250852.1259,743286.2425,104.4810181,131,682
51934414,8.64,,67000034,248167.6107,742480.7995,458.6699829,910,7366
51934442,5.64,,67000036,247877.6497,743028.6434,155.3484955,840,7170
53231984,8,,67000025,249259.3961,743182.8029,164.9826965,694,6003
53231985,11.54,,67000024,249617.141,743560.552,183.2963257,589,4881
51934639,9.43,,67000034,248179.6131,742505.643,530.3031464,843,7106
51934659,6.87,,67000031,249077.0808,742623.9542,306.5222626,703,6282
53231337,6.37,,67000025,249473.108,743137.853,279.885437,648,5420
51935698,14.41,,67000023,250063.7948,743842.9581,507.7675018,308,1811
51935726,4.51,,67000015,250583.0462,743520.8324,272.2794037,73,266
51935730,10.86,,67000025,249201.2035,743186.3263,240.2659149,648,5708
51935746,5.73,,67000031,248927.2276,743228.0833,159.141037,677,5890
51935781,7.09,,67000031,249128.0882,742899.9467,281.0563507,706,5921
53231357,8.88,,67000024,249823.4765,743328.6046,90.21760559,639,5190
51935806,3.42,,67000025,249265.1537,743457.0555,184.0122223,667,5581
51935810,6.23,5521,67000014,251165.9697,743621.3819,140.8139496,261,1098
51935816,9.49,5202,67000014,250785.2668,743911.1952,171.2734833,128,534
51935817,8.24,5501,67000031,248878.591,743597.0574,240.3337402,574,4991
53231363,4.1,,67000015,250866.7788,743349.6961,64.25723267,140,675
51935837,7.98,,67000025,249454.8614,743314.4529,265.0283814,667,5713
51935838,15.24,7300,67000035,246906.8859,743097.7352,1111.113617,649,6733
51935842,5.73,,67000015,250945.8176,743230.352,208.5125122,155,796
51935845,5.72,7300,67000015,250361.5866,743551.1844,387.8702698,128,651
53231365,5.32,,67000015,250853.3846,743303.4731,181.0270233,130,666
51935847,4.45,,67000031,248280.9351,743570.9629,326.7292938,647,5428
51935849,7.74,7300,67000035,246989.7983,742948.4999,1426.23288,731,7332
51935851,7.58,,67000015,250621.8213,743043.3624,258.4778442,323,1773
51935999,7.99,,67000033,248719.6571,742315.3044,257.9113617,764,6834
51936051,10.74,,67000034,248146.2459,742436.5275,480.535965,888,7267
51936057,6.79,6512,67000034,248397.3488,742496.195,310.8144531,813,6897
51936073,4.48,,67000036,248000.7216,742840.4888,220.6511841,835,7020
51936081,6.01,,67000031,248801.6188,743425.7149,139.0530396,652,5487
51936082,12.92,,67000024,249472.232,743698.9995,234.1651154,571,4831
51936103,5.14,,67000033,248979.4464,742287.6896,153.0701141,739,6647
51936117,4.62,,67000033,248818.1035,742305.7188,164.8965912,777,6762
51936131,5.86,,67000036,247635.822,743529.4758,215.9815369,755,6118
51936139,13.84,,67000033,248515.2882,742813.5592,244.4337463,718,6437
51936145,3.4,5305,67000025,249018.06,743757.4325,162.7929993,692,5603
51935289,8.43,5521,67000031,248340.335,743809.0653,349.0396881,600,4948
51936165,7.04,,67000025,249328.584,743316.0742,222.0781708,585,5183
51936186,10.92,6512,67000014,250917.7174,743576.3512,2178.639191,216,1020
51936194,6.13,,67000031,248793.7126,743523.0532,353.7388611,642,5398
51936195,11.4,6520,67000035,247035.7433,742864.958,1759.05513,695,7153
51936202,9.15,,67000036,247786.8189,742957.8141,216.411087,865,7302
65282384,6.49,5521,67000034,248521.9107,742522.1141,701.7404785,774,6678
51935304,11.73,,67000031,248949.0405,743459.0745,477.1754761,628,5626
53232136,7.46,,67000025,249020.6225,743646.7406,166.5599365,676,5599
51935308,6.12,,67000036,247655.9664,743523.8202,303.78685,752,6097
53232137,14.46,,67000025,249625.5552,743330.9802,232.9526825,701,5863
51935312,8.51,,67000031,249034.0755,743283.8639,172.1511078,610,5429
51935321,7.29,3500,67000014,250806.6532,744110.8233,835.0540009,258,1338
51935329,8.53,,67000031,248971.2285,743410.7437,397.9004059,624,5587
51935336,4.45,,67000036,247598.5979,743305.1257,286.9774933,752,6191
51935351,3.75,,67000025,249629.4245,743285.3803,160.2967529,704,5894
51935352,6.59,,67000031,248778.04,743547.0537,293.4184418,639,5370
51935353,6.49,,67000025,249275.8196,743107.4927,168.4795532,664,5724
51935355,11.3,,67000025,249087.9971,743566.1854,137.0330048,694,5789
51935356,9.41,,67000025,249276.3642,743171.6981,201.3035126,698,6023
53232148,8.42,,67000024,249742.0021,743420.4596,149.1741943,616,5067
51935576,5.87,,67000034,247944.1969,742679.4697,245.6113281,852,7163
51935591,3.42,,67000025,249414.6683,743313.167,212.2476654,624,5568
53231323,7.04,5521,67000034,248027.1166,742446.1104,194.2294159,865,7341
51935612,4.55,,67000036,248150.8774,743116.1339,546.7299042,856,7206
51935630,12,,67000025,249509.7842,743385.7639,195.2249908,685,5739
51936605,9.27,,67000022,249175.3735,743986.3734,461.4272461,523,3777
51936608,8.67,,67000013,250538.555,744424.69,227.2500916,303,1568
51936624,4.8,,67000031,248196.7637,743660.438,254.6961975,604,5097
51936630,20,5305,67000012,250385.6656,744489.6855,611.0055542,313,1594
51936631,17.46,,67000012,249923.2887,744851.5093,253.8626556,419,2796
51936641,9.75,,67000036,248026.9246,742986.8923,482.9634399,806,6989
51936657,6.28,,67000034,248442.9834,742548.382,506.9626617,795,6735
51936661,3.86,,67000036,247939.184,743188.8851,124.8024597,859,6717
53232378,6.46,,67000025,249324.9457,743004.6194,253.2717438,690,5874
51936670,16.56,,67000025,249614.59,743336.405,245.7000122,700,5856
51936753,4.33,,67000036,248115.8295,743179.403,844.6157532,866,7270
51936692,7.7,,67000036,248042.3259,742963.0238,165.3521576,801,6959
51936699,18.92,,67000014,250669.5323,744169.0002,285.7910461,252,1351
51936715,3.81,6520,67000033,248463.2278,742337.0573,136.4368439,806,6900
53232388,3.59,6520,67000031,248873.5908,742977.2424,76.37695313,779,6744
53232391,11.6,6520,67000014,250536.5092,743874.4205,1672.211517,138,498
51936939,6.9,,67000031,248291.797,743626.5857,310.8167572,647,5427
51936984,23.48,5253,67000011,249525.028,745115.6003,1112.28096,440,2878
53232434,7.85,,67000031,248651.9981,743890.6257,309.1256561,574,4643
51937001,7.05,,67000031,248718.3516,743437.2401,239.3621368,723,5920
51937018,12.25,,67000012,250272.0075,744360.8513,324.5378723,314,2297
65282512,3.4,7300,67000025,248764.8833,744051.2141,151.083252,506,4155
51937033,10.48,,67000012,249820.4407,744783.8161,277.2885742,336,2344
51937057,4.77,5305,67000033,248544.114,742377.1865,540.7380371,853,6971
51937066,5.23,5501,67000015,251066.82,742929.3067,430.5304413,192,1153
51937076,7.9,,67000025,249396.458,743323.3553,210.2266235,626,5589
51937119,5.8,,67000031,249164.3266,743051.7117,290.0201111,625,5568
51937144,9.32,,67000021,249325.1131,744398.9943,201.9933929,417,2760
51937145,7.89,,67000014,250875.2705,744266.1635,178.6418915,201,1014
53232460,4.61,,67000036,247683.603,743328.3559,337.9731445,768,6283
51937154,3.68,7300,67000015,250460.25,743465.035,68.49996948,214,445
53232462,11.19,,67000025,249113.9981,743552.8856,189.1696167,691,5760
51936274,9.08,,67000036,247761.8784,743427.3839,291.5671845,719,5955
51937159,9.95,,67000015,250939.2758,743082.2326,210.345047,159,910
53231436,7.69,,67000031,248991.074,743104.1903,313.2801666,650,5731
51936277,9.25,,67000036,247625.772,743448.4729,211.363266,734,6070
51936344,8.25,5202,67000012,249833.4054,744769.7311,127.5105133,316,2286
51936284,7.17,,67000021,249750.1222,744397.7094,363.1159515,288,2226
51936455,4.91,,67000033,248837.5435,742307.6792,176.4464569,775,6743
51936463,5.51,,67000036,247819.7484,743053.4272,210.6568298,836,7198
51936466,11.59,,67000025,248913.3022,743915.2845,497.2812958,691,5826
53231480,12.83538462,,67000022,249551.5627,743824.2308,333.2851105,508,3672
51936480,10.59,,67000012,249984.5558,744763.6558,278.4825134,303,2223
51936481,4.33,6520,67000014,250783.9,743932.44,192.3000031,133,555
51936483,11.08,5202,67000021,249279.6319,744492.9853,355.8559876,430,2865
53231482,3.82,5305,67000022,249435.2574,744158.1779,179.1080933,370,2811
51936530,8.88,6520,67000014,250970.5018,744033.7296,388.9571381,213,859
65282579,13.73999939,5900,67000014,250755.5385,743608.2467,2373.165756,122,447
51936568,6.83,,67000013,250476.2864,744523.4209,160.3474884,283,1562
51937519,4.17,5305,67000032,248571.2834,742908.8831,238.2025757,783,6749
51937530,10.38,2303,67000025,249484.2033,743397.6161,230.8681488,681,5712
51937535,7.32,,67000031,249072.5708,742940.0945,160.1998138,723,6000
51937537,4.63,,67000036,247633.3851,742933.8086,234.8752136,829,6608
53232530,7.91,,67000021,249313.2459,744370.6637,166.0769959,424,2790
51937539,5.34,,67000011,249544.6846,744844.7219,186.9039154,392,2637
51937542,6.76,,67000024,250030.3539,743209.0656,229.3486023,540,4354
65282643,10.07,6520,67000015,250309.3708,743645.4229,651.3822327,117,411
51937566,10.09,,67000025,249099.5433,743270.1765,240.4550018,577,5042
51937569,6.72,,67000036,248176.9923,743109.7454,292.6512909,870,7262
51937580,7.4,,67000036,248201.5959,743133.9993,338.9474945,871,7267
53232535,3.68,,67000036,247892.7397,743149.5124,76.15933228,856,6733
51937584,7.92,,67000031,248819.2763,743476.2658,311.8728333,648,5451
53232536,6.2,5305,67000015,250856.1268,742989.1535,90.43089294,203,1151
51937588,8.34,,67000025,249212.9395,743420.802,219.4091034,592,5021
51937629,6.5,,67000036,247635.6129,742958.2031,223.5808258,824,6584
51937630,8.12,,67000036,248212.7443,743283.8669,94.30741882,856,7377
51937597,5.48,,67000022,249238.7611,743892.3104,247.5043488,538,3813
51937599,10.41,,67000015,250928.7656,743104.1494,320.8560791,155,885
51937600,9.43,,67000031,248841.1985,743579.1916,230.6399841,670,5802
51937616,7.69,,67000031,248306.2554,743574.2342,220.1689911,651,5448
51937694,8.03,,67000014,250998.1409,743280.308,200.0157013,231,1304
51937642,8.37,,67000036,248017.2353,742966.3664,211.9845734,805,6986
51937643,11.96,,67000025,249433.1836,743421.5123,199.1497955,673,5655
51937656,25.55,,67000032,248605.9737,743362.2761,295.7748108,777,6193
65282706,30.95,1000,67000012,250440.3343,744646.4946,689.2772369,287,1640
51937664,4.3,,67000014,250764.5257,743951.9619,154.7577972,133,555
51937665,6.24,,67000015,250743.5263,743429.4083,187.5641022,108,502
51937670,13.76,,67000023,249843.5693,744255.1856,458.7762146,253,1420
53232553,8.48,5202,67000014,251244.045,743400.3347,1216.268829,244,1137
53232557,7.49,,67000031,249181.5872,742629.3103,198.4859009,729,6351
51937864,8.21,,67000025,249219.6987,743487.5676,176.4856873,675,5635
51937859,12,6520,67000032,248693.0217,742965.8193,829.4434967,734,6484
51937899,16.89,,67000023,249890.6056,744138.3086,470.3145599,284,1540
51937901,8.05,1000,67000014,250960.2547,743942.9502,1515.944229,190,773
51937907,13.1,5312,67000013,250689.4329,744625.2025,751.8666687,313,1609
51937913,8.59,,67000024,249708.4833,743484.6347,126.7214508,539,4509
51937924,6.41,,67000033,248924.274,742276.4201,391.4256134,765,6661
51937926,21.36375,,67000021,249205.625,744407.0091,259.2590027,436,2903
51937944,10.82,,67000021,249334.0715,744640.1256,262.2500153,380,2614
65282707,9.89,6512,67000014,250738.2853,743822.1108,1476.134262,101,434
53232606,3.81,5305,67000033,248323.6706,742693.7613,104.9259796,933,7495
51937992,4.88,,67000036,248300.8699,742928.6017,130.4331513,907,7396
51937993,4.35,,67000015,250968.5639,743133.6727,98.46875,154,876
51938019,8.74,,67000025,249195.9309,743283.2989,184.0233307,679,5890
51938024,3.57,,67000021,249741.1566,744539.0366,579.3395233,268,2092
53232614,5.63,,67000031,248461.0459,743770.3472,224.5877533,567,4809
51938036,4.7,,67000036,247817.0968,742922.1496,391.6998901,861,7275
51938041,3.46,,67000036,248041.7278,743432.4723,80.83468628,707,5804
51938048,3.63,,67000025,249556.4449,743180.9916,210.751648,606,5442
51938056,8.27,,67000031,248700.5432,743583.1492,174.2533264,732,5884
51938060,6.81,,67000031,248847.9148,743339.7713,296.6963959,662,5585
51938061,7.56,,67000031,249099.35,742966.8353,219.9973602,723,5998
51938066,6.47,,67000036,247833.4391,743463.1883,340.966568,710,5884
51938067,14.41,6520,67000025,249409.3983,743436.04,222.503479,669,5628
51937177,14.88,,67000025,249470.1478,743403.7096,217.4430084,679,5696
51938072,5.35,5305,67000036,247953.275,743117.75,159.3643951,846,7174
53232626,7,6520,67000035,247136.698,742885.8033,2332.703094,710,7212
51938094,4.96,,67000033,249005.8375,742291.9444,181.2997437,736,6626
51937163,7.26,,67000031,249007.7959,743085.006,209.0027313,647,5705
51937203,3.49,,67000033,248286.44,742643.747,64.44895935,819,6871
51937235,8.71,,67000025,249612.6921,743294.6129,215.5427399,700,5875
51937383,4.38,,67000036,247833.0253,743426.8036,335.6003265,710,5884
51937411,8.33,6520,67000036,247675.1568,743077.6031,545.4223328,800,6466
51937443,4.3,,67000014,250495.8396,744100.6652,133.1577606,180,1028
51937445,7.28,7300,67000035,247158.479,742741.6035,263.8737946,792,7253
51937470,6.72,6520,67000015,251030.8762,743053.3409,189.487381,184,1074
51937478,5,,67000036,247594.7335,743331.9202,323.217926,851,8111
51937480,3.85,,67000022,249358.7868,743662.4279,412.5788269,632,5322
51937491,7.34,,67000031,249175.6464,742612.6604,327.8270416,727,6337
65282829,3.37,,67000033,248958.0442,742386.1363,339.452713,735,6558
51938453,6.22,6535,67000035,247082.803,743047.6335,731.5419464,769,7677
51937513,6.58,,67000034,248527.5322,742547.5071,558.2391357,769,6650
53232526,10.12,5501,67000022,249445.0588,743863.6973,551.9058685,614,4985
51938467,6.99,,67000025,249246.9653,743230.9196,231.009964,686,5960
51938471,10.42,,67000031,249266.5104,742812.1277,196.0029907,700,5869
51938479,7.21,5521,67000014,251109.1875,743634.3756,158.1165619,255,805
51938481,5.1,,67000015,250998.6533,743145.6179,247.3984222,200,1168
51938486,34.06869565,1000,67000015,250741.7971,743330.0552,1055.881287,144,690
53231606,6,,67000034,247866.4495,742614.9564,255.1680603,862,7292
51933250,4,,67000033,249024.3255,742384.6146,83.85958862,734,6514
51935665,8,,67000031,249106.75,742542.6862,360.5937347,740,6401
51935349,8,,67000036,248051.3248,742903.9951,185.4673767,796,6923
51936724,20,5253,67000023,250099.1219,743618.4718,1284.240829,226,1550
51936731,33.68,5900,67000014,251138.3752,743729.5652,3297.046249,253,799
51936744,8,,67000022,249503.4127,744155.6567,436.3288269,375,2853
65282576,8,,67000034,248040.9111,742517.2704,312.2624664,866,8481
51937903,6,,67000036,247856.0319,743060.5316,302.5649262,844,7195
53232619,8,6520,67000015,250182.6764,743810.0372,1331.794647,112,512
51937190,8,,67000015,250751.8818,743090.5152,246.8334656,203,1023
51937422,4,6520,67000014,251099.6089,744092.3949,242.2200928,254,922
51937453,6,,67000023,249760.9644,744248.2664,139.6726532,311,2369
51938542,5,1000,67000031,248673.3298,743621.592,268.3140106,624,5240
51938566,15.55,1000,67000015,250910.2479,743292.6287,345.3934937,163,844
51938847,6.55,1000,67000014,251775.3153,741490.8555,3515.450241,364,3186
51938964,6.44,1000,67000032,248430.9009,743020.8898,364.7289124,925,7612
51938989,7,5300,67000035,247300.8473,742947.1789,593.7954254,744,7470
51939473,8.29,1000,67000024,249857.162,743223.7533,965.8368225,640,5225
53232868,5.01,1000,67000025,249196.1295,743709.336,333.0184021,654,5470
51939718,17.45,1000,67000024,249768.6841,743768.2141,1601.118164,482,3480
51940425,11.84,1000,67000036,248221.694,743204.1188,543.1777191,903,7391
51940455,8.62,1000,67000033,248492.1927,742257.6123,339.4989624,840,7137
51940474,9.16,1000,67000031,248149.1287,743449.2262,1052.677124,722,5903
51940697,4.85,1000,67000033,248469.8231,742286.6501,292.7380981,814,6947
51940192,10.38,1000,67000022,249129.7535,743850.2638,993.2570343,505,3607
51941174,8.75,1000,67000036,248274.855,743108.56,574.1218109,889,7330
51941303,4.68,1000,67000024,249887.6919,743224.6386,67.49435425,640,5225
65282513,4.34,5305,67000036,248320.4733,743166.6719,164.4010468,898,7400
51940808,6.84,1000,67000024,249856.4558,743278.1406,850.7096558,645,5221
51940945,6.55,1000,67000031,249106.507,743156.1383,181.7862396,603,5296
51952534,7.71,1000,67000025,249734.3241,743145.7986,770.0928955,567,4666
53235458,5.43,1000,67000034,247802.9191,742751.0142,53.84272766,822,7175
51953969,5.14,1000,67000033,248608.3732,742287.4318,79.56950378,851,7250
51953302,7.69,1000,67000033,248673.6686,742448.753,479.0866089,858,7054
51953255,7.73,1000,67000034,248006.9624,742560.6737,1016.274323,866,8481
51953309,3.68,1000,67000033,248900.5307,742636.5935,86.54011536,730,6436
51954882,2.95,1000,67000033,248694.5147,742431.2483,201.7655029,858,7054
51954224,8.64,1000,67000014,251190.3985,743600.3397,142.0639801,261,1098
51954393,4.78,1000,67000014,251547.258,741681.3453,82.24201965,381,2892
51955753,3.9,1000,67000034,247951.948,742591.306,98.06871033,845,7191
51955245,7.63,1000,67000034,248023.3625,742594.5833,249.1221008,844,7161
51956293,6.69,1000,67000033,248920.0643,742646.0877,165.4155121,701,6226
51938882,5,,67000015,250861.7642,743275.5112,74.99320984,134,702
51938897,8,,67000031,248375.2409,743823.7658,403.6519623,620,4923
51938965,6,,67000015,250566.2148,742964.1456,60.48399353,284,1437
51939156,7,,67000034,247983.1637,742740.0502,489.3327026,803,6998
51939399,10,,67000024,249516.6829,743673.8767,250.8134308,566,4780
51940352,7,,67000031,249051.646,743019.6419,333.6592102,639,5635
51940445,10,,67000025,249130.1464,743584.2654,208.8330383,656,5473
51941316,9,,67000025,249139.7197,743537.4103,146.8199921,688,5730
53233270,7,,67000031,248820.6467,743387.6284,168.6486511,656,5529
51942224,9,,67000033,248647.1839,742559.862,66.29699707,816,6802
51952503,7,,67000025,249203.4516,743453.1779,147.1975708,675,5632
51953808,7,,67000014,251107.4796,744225.5999,131.6833649,278,1138
51953359,7,,67000031,248722.1408,743832.4532,74.02636719,533,4538
51953476,8,,67000025,249256.8352,743249.8055,222.6490021,606,5175
51938499,8.47,,67000031,248752.1991,743456.0791,453.2234802,646,5437
51938501,9.01,,67000024,249681.2412,743698.3578,198.4549866,595,4754
51938530,6.68,,67000025,249123.4491,743231.79,164.0020905,580,5087
51938534,11.11,,67000032,248519.8815,742877.0886,288.8069153,718,6434
51938619,7.26,,67000025,249222.2953,743443.9568,176.5385284,672,5611
51938576,12.76,,67000023,250091.3799,743814.9992,523.2483063,318,1848
51938578,4.14,,67000036,247941.2656,743242.8799,176.4405975,837,6606
51938601,10.08,5305,67000031,248833.0522,743358.5679,150.7480774,659,5561
53232714,6.32,,67000025,249391.2522,743179.4841,252.9028473,631,5327
51938855,5.9,,67000012,250292.9863,744352.6489,176.7649689,317,2321
51938856,3.05,5305,67000024,249718.9843,743857.5536,347.3884277,500,3580
51938889,8.45,,67000024,249709.15,743459.19,149.5400238,608,5016
51938900,6.65,,67000025,249498.4465,743118.9281,340.677124,652,5443
51938919,4.61,,67000036,247649.5073,743016.4136,247.5667877,813,6529
51938920,3.98,6520,67000014,251461.6416,741777.8489,88.61647034,367,2672
51938923,5.89,,67000036,247967.3869,743513.6253,183.3855133,701,5757
51938927,4.08,,67000036,247694.0571,743278.3117,508.8271027,844,6643
53232773,6.23,,67000031,248837.8125,743263.3134,482.5078735,721,6399
51938939,3.51,,67000025,249558.2588,743320.4841,214.9665527,690,5821
51938942,6.19,,67000031,249148.5113,743035.6557,319.9374695,630,5562
51938951,4.95,,67000036,247793.9484,743291.0197,262.8904572,811,6505
51938962,6.13,,67000036,247684.0578,743419.927,385.7758637,731,6047
51938966,7.72,,67000025,249034.079,743489.2368,197.8495178,569,4836
51938972,7.9,,67000025,248892.2635,743698.3617,210.718811,529,4561
51938985,7.89,,67000025,249276.9202,743240.5427,246.1222076,610,5197
51938992,6.21,,67000024,249668.3538,743725.9602,98.24938965,600,4783
53232783,6.96,,67000025,249294.2731,743229.9484,249.9352264,613,5217
51938999,6.7,,67000036,247809.0517,743462.1274,383.6486511,713,5908
51938128,6.26,5501,67000036,248250.6483,742900.832,242.407959,787,6721
51939000,4.33,,67000036,247982.6962,743175.8702,338.1517792,856,6697
51939001,6,7300,67000035,247109.2366,743037.7602,643.9476166,765,7649
51939005,9.05,,67000015,250476.25,743341.345,228.1537018,118,560
51938131,9.63,,67000015,250838.1866,743078.4873,287.1355896,215,1226
51939010,8.51,,67000031,248984.1582,743245.3422,257.0672455,621,5442
51939012,7.92,,67000025,249224.0895,743153.7,213.204422,644,5668
51939021,5.03,,67000015,251039.7551,743225.5457,74.47802734,240,1169
51939036,10.07,5300,67000015,250388.6571,743485.6797,1261.060699,101,326
51938097,7.55,,67000025,249321.435,743043.3595,194.4180145,683,5834
51938100,3.38,,67000036,248099.3375,742961.3622,141.234787,817,6994
51938124,5.53,,67000034,248066.0308,742501.2758,155.8664246,856,7279
51938150,6.87,,67000034,248188.7594,742645.6452,205.7815857,869,7343
53232666,5.08,,67000036,247645.2146,743345.557,164.3732758,754,6158
51938395,7.62,,67000036,247786.1134,742989.1711,201.5497437,867,7319
51938334,12.72,,67000024,249425.331,743728.279,316.8389893,616,4938
51938343,3.58,6512,67000031,248425.1688,743759.3364,308.5306244,586,4952
51938358,8.21,6520,67000014,251224.2712,743451.7984,787.4229279,294,1220
51938367,3.55,,67000033,249076.5598,742342.2607,382.0885773,710,6496
51938407,9.23,,67000025,249261.921,743353.1632,192.9333649,599,5096
51938419,10.66,5202,67000025,249237.197,743585.3497,466.4970245,624,5318
51938420,8,7300,67000035,247791.9515,742551.2326,239.9957886,866,8813
51938428,3,6520,67000024,249677.3485,743456.5433,42.8664856,604,4997
51938440,6.39,,67000024,249806.0484,743381.4283,78.14434814,525,4370
51938444,8.6,,67000022,249422.0717,743595.5225,287.800415,608,5199
51939040,9.96,,67000031,249101.3551,742691.3478,216.8468323,701,6213
51939052,8.11,,67000036,248266.6686,742965.0694,280.5852966,897,7348
51939069,4.08,,67000015,250980.3037,743253.6363,200.9881592,226,1283
51939070,14.31,,67000025,249088.13,743658.5229,334.1637268,642,5484
51939085,6.32,,67000022,249585.531,743883.3429,243.4338074,513,3680
51939088,6.8,,67000036,248047.0518,743441.1485,192.523407,708,5810
53232802,10.43,6520,67000014,250949.6001,743891.1478,638.0249634,179,722
51939099,11.79,,67000031,248922.0392,743249.2247,283.1312714,674,5694
51939108,6.14,,67000024,249816.1256,743365.7687,87.68447876,523,4351
51939111,7.62,6520,67000014,250469.4746,743730.1222,725.3446655,51,191
51939122,4.21,5000,67000025,249723.5313,743220.8188,779.7940369,541,4673
51939125,5.91,,67000036,248117.8164,743024.1557,101.9551544,836,7118
51939136,4.19,7300,67000035,247190.205,742995.1989,476.5565643,751,7558
51939745,8.66,,67000031,249136.5366,742563.4137,177.9493561,735,6367
53232924,4.94,,67000033,248771.6358,742258.9192,298.3816681,782,6815
53232925,3.86,,67000036,247625.9325,742967.2439,85.52365112,823,6577
51939772,7.2,,67000031,248778.895,743758.0519,223.1274109,524,4466
51939773,6.9,,67000031,248267.8084,743625.1964,426.9962616,643,5402
51939340,4.89,,67000034,248147.8977,742396.0705,314.6511536,883,7247
51939269,5.41,,67000033,248989.9567,742424.9659,187.5135498,732,6526
51939288,7.73,,67000031,249136.73,742991.1701,248.8880005,628,5551
53232840,3.12,,67000034,248172.6965,742608.5487,90.0065918,837,8361
51939314,6.12,,67000031,248861.897,743308.1516,296.0734406,665,5621
51939315,4.97,,67000034,248217.0638,742361.9065,239.165329,866,7171
51939334,7.34,,67000031,249152.7348,742572.9902,148.4292908,733,6353
51939418,5.95,,67000022,249520.7972,743859.1834,169.7080994,496,3613
51939373,8.77,,67000025,249009.3469,743653.1606,146.5499878,678,5612
51939381,6.18,,67000031,248973.1513,743203.1372,373.9855804,660,5810
51939428,6.33,,67000024,249824.8415,743356.6264,160.0096436,522,4338
53232857,3.76,6520,67000035,247724.8851,742605.0714,58.03352356,887,8899
51939414,6.9,,67000036,248041.0082,743080.1336,292.6199493,830,7088
51939431,4.2,,67000036,247970.7384,743247.4902,240.9189148,838,6616
51939432,5.73,6512,67000032,248482.1587,742858.5783,461.2838898,723,6471
51939433,4.11,,67000036,247633.2999,743040.9195,210.1390076,801,7820
51939434,5.89,,67000031,248973.7627,743173.4576,289.9811249,657,5790
51939435,7.89,,67000025,249338.9524,743355.5686,226.7259827,613,5163
51939439,7.32,,67000031,248603.135,743721.9659,453.7284241,608,5127
51939445,8.98,6512,67000035,247010.0085,743067.1563,1627.622055,727,7358
51939451,4.94,,67000036,247714.9092,743429.7802,211.2387848,725,6003
51939464,7.42,,67000025,249156,743181.155,184.0569916,584,5147
53232869,8.5,,67000015,250522.0314,743420.7326,328.9976196,89,390
53232870,5.96,,67000024,250032.0244,743227.1815,201.7716827,537,4336
51939481,7.04,,67000025,249479.9453,743181.4755,242.4368134,644,5398
51939489,7.33,,67000015,250746.0509,743018.5576,175.14151,214,1075
51939510,7.75,,67000031,249145.6589,742958.6454,212.1283417,717,5961
51939499,7.81,,67000025,248912.906,743662.2585,227.7803955,533,4603
51939513,5.7,,67000031,248871.1376,743281.0429,305.7225494,669,5652
51939549,4.53,,67000033,248343.0584,742685.2235,343.0394592,933,7495
51939711,8.45,,67000036,248167.2281,743304.8658,517.4641266,860,7404
51939714,11.55,,67000025,249091.0385,743734.603,405.4058228,668,5568
51939734,7.92,,67000024,249731.8471,743459.2473,126.1775971,535,4475
65282254,6.57,,67000033,248892.8732,742385.5486,286.4706421,741,6623
53233012,4.62,5305,67000034,248205.8823,742427.1525,232.0878143,852,7162
53233013,7.44,,67000021,249826.3182,744451.5201,183.5615692,212,1768
51940266,8.6,,67000025,249345.8615,742876.6989,141.4504395,640,5525
51940269,6.39,,67000036,247641.952,742991.976,244.1657257,818,6552
51940281,5.65,,67000036,247608.5945,743527.08,360.5991516,759,6145
51940304,12.08,,67000024,249461.6946,743792.0834,207.3201447,606,4924
51940311,10.75,7300,67000015,250397.3561,743529.3875,229.429306,94,283
51940318,8.23,7300,67000035,246945.2504,743033.3238,1798.121231,727,7356
53232164,6.51,,67000025,249309.1556,742966.0254,172.143692,621,5465
51940334,6.28,,67000031,249054.7922,743098.2096,254.8384094,644,5679
51940335,8.66,,67000024,249753.729,743432.3082,255.5250092,532,4440
51940337,5.98,,67000036,247805.7233,742855.0538,396.2849579,845,7217
51940340,3.85,7300,67000035,246986.3563,742969.0537,530.3375702,730,7326
51940343,6.43,,67000036,247727.5843,743345.5017,398.5710602,774,6327
65282255,8.97,,67000031,248683.5389,743555.1265,367.1328583,725,5859
51940345,7.01,,67000025,249060.5756,743519.3639,204.3300781,568,4835
53232167,8.25,,67000022,249449.9338,743597.7568,110.5248871,651,5432
53232168,10.49,6520,67000014,250611.7874,743856.7563,1158.512299,129,455
51940357,5.31,,67000033,249063.5941,742327.2192,330.9799957,763,6681
51940361,9.11,,67000025,249360.207,742961.3012,139.8315277,696,5912
53232170,7.01,,67000036,247892.1212,743292.9805,265.3909912,804,6500
51940485,5.95,,67000034,248054.1428,742482.5888,210.9859009,856,7297
67836133,8.73,6520,67000014,250509.8692,743791.0681,1305.069473,78,283
51940487,3.59,5305,67000033,248652.97,742469.6284,100.6082916,806,6782
51940422,7.46,,67000031,249071.2367,742581.8859,265.2169342,701,6264
51940426,6.68,,67000025,248948.7438,743590.4544,172.9165039,541,4683
51940490,5.38,,67000025,249634.1987,743244.1893,276.4555817,708,5917
53232185,6.38,,67000031,249118.1972,743009.3955,319.5261078,631,5576
51940493,4.59,,67000034,248299.404,742327.9888,675.4901581,848,7082
51940482,12.1,,67000024,249611.2729,743458.1498,163.9901733,592,4975
51940688,8.83,,67000033,248636.5788,742684.0922,761.4177551,743,6453
65282321,5.27,,67000033,248753.9664,742295.4184,264.6537933,765,6850
53232228,3.76,,67000036,247887.8811,743428.6186,256.9932404,702,5830
51940680,4.79,6520,67000036,247711.0769,743125.4043,98.6131897,785,6409
51940701,10.91,,67000024,249651.3044,743795.9766,186.124939,610,4844
51940708,8.39,,67000031,248555.6326,743805.5517,244.5882874,555,4710
51940713,8.64,,67000025,249163.5026,743447.6708,372.212677,587,4965
51940724,6.71,,67000033,248297.7319,742721.8426,591.7111359,862,7282
51940735,9.03,6520,67000015,250288.5091,743792.6001,2912.341232,78,383
51940737,14.43,6520,67000025,249381.1287,743448.6702,303.8047333,665,5593
51940748,9.21,6520,67000015,250211.9667,743858.2471,291.1813049,115,541
51940784,8.52,,67000036,247773.3169,743252.8366,326.3271179,818,6551
51940787,4,1000,67000015,250187.921,744146.1799,184.1674957,147,793
51939925,4.62,,67000036,248148.4885,742961.7035,386.7489166,823,7037
51940796,5.11,,67000034,248081.0068,742525.3037,181.5739594,856,7279
51939865,3.96,,67000036,248085.6847,743202.9165,321.6739349,850,7207
51939897,4.25,,67000033,248924.8917,742424.9395,170.0288391,723,6545
51939901,3.01,,67000036,248082.0785,743019.3929,57.31489563,813,7016
51939905,7.27,,67000025,249208.3674,743218.7743,188.0565338,684,5943
51939919,6.63,,67000025,249292.0185,743097.6129,174.7009735,667,5743
51939999,7.22,,67000036,247746.5621,743226.8063,184.4416962,834,6586
51940001,14.06,,67000024,249810.9838,743344.4738,549.058197,636,5170
51939950,6.18,,67000031,249067.6984,743037.9147,318.5475464,638,5632
51940006,10.96,,67000031,248145.8119,743652.8488,345.2425232,610,5144
51939965,10.45,,67000025,249458.397,743292.2507,249.2347717,619,5520
51939966,6.5,,67000025,249363.1185,743046.2853,176.9459839,683,5835
51939977,7.77,,67000015,250742.019,743556.0698,204.0335083,117,554
51939982,3.79,,67000015,251001.5789,743092.0947,137.2555389,190,1114
51939983,9.86,5332,67000015,251063.3291,743214.4682,591.0409851,236,1152
51939987,7.74,,67000031,248222.6411,743715.468,377.7433777,598,5054
51939988,14.92,,67000023,250023.7597,743773.8644,632.9872589,192,1399
51939993,7.54,,67000031,249254.1813,742834.8691,243.5760956,700,5869
51940189,6.76,,67000025,249291.8609,743381.9926,460.5825653,600,5109
51941190,11.34,,67000031,249000.0044,743290.3518,238.8194275,624,5468
51941201,13.85,5305,67000024,249737.3711,743792.0832,506.0829773,489,3518
51941207,7.29,6520,67000015,250442.2825,743453.6799,143.8479462,214,447
51941209,11.2,,67000025,249481.2109,743450.1021,331.1427612,587,5039
51941210,6.53,,67000025,249574.8581,743312.4049,232.5202026,693,5835
51941226,7.85,,67000025,249190.1327,743204.8663,261.2770538,651,5730
51941233,6.11,,67000022,249569.038,743861.7741,303.3679352,503,3648
51941234,7.25,,67000015,250854.9594,743338.0774,237.7611237,137,658
51941262,6.54,6520,67000034,248519.6009,742490.9279,383.6556091,783,6726
51941264,7.72,,67000031,249051.7761,743252.6023,159.7850189,607,5393
51941285,7.23,,67000036,247852.848,743157.54,257.1184845,837,6599
51941293,12.82,,67000031,248892.0028,743488.608,353.2805023,656,5698
51941296,6.14,6520,67000031,248897.5833,743094.3017,190.5354919,693,6210
51941301,6.23,,67000036,248298.6878,742890.2035,386.6539002,781,6680
51941309,7.9,,67000031,248906.0346,743309.8237,186.5559845,667,5637
51941315,3.78,5521,67000025,249546.4483,743290.0961,225.126236,679,5801
51941317,3.24,,67000031,248504.7031,743781.324,245.9399262,562,4766
53232335,7.01,,67000024,249766.2124,743425.9594,86.87854004,531,4427
51941323,5.71,5521,67000015,251033.6502,743077.0312,210.4199524,188,1097
51941326,6.13,6520,67000015,250176.8896,743846.515,1220.639145,116,546
51941339,4.9,,67000036,248155.4702,742996.3839,193.0147247,843,7169
51941348,8.31,,67000036,248108.3981,743279.9986,117.5827942,868,7465
51941358,5.81,,67000031,248827.9654,743290.0815,247.3926392,725,6425
51941361,8.02,,67000025,249233.3796,743192.8872,312.601593,690,5978
51941422,14.16,,67000025,249064.8242,743674.1811,338.3474884,645,5513
51941374,6.93,,67000025,249173.3165,743220.9147,224.657547,653,5752
51941426,11.64,,67000025,249101.7985,743558.1888,150.7970886,693,5774
51941400,6.35,,67000025,249353.4027,743090.5744,232.3871155,676,5794
51941407,4.73,,67000033,248818.1711,742333.7818,158.1092835,777,6759
65282580,7,1000,67000034,248400.5553,742290.2313,442.0690918,825,6975
51941611,6.6,,67000034,248437.0704,742493.4634,686.5048981,814,6901
53233257,7.09,,67000025,249037.4345,743588.1137,205.2250061,669,5556
51941657,10.12,,67000025,249179.7239,743330.916,174.4430695,591,5068
53233261,6.08,6512,67000034,248245.8053,742505.0963,417.447937,840,7080
51941660,9.06,,67000031,248788.9651,743599.8736,137.6303558,649,5387
65282581,5.02,5521,67000033,248433.9377,742660.8338,758.543457,764,6639
53233262,6.25,6520,67000036,247540.7384,742876.7456,348.977417,790,7664
53233263,5.85,,67000036,247807.3498,743425.7775,405.4630432,713,5910
53233264,4.68,,67000036,247886.9907,743462.0081,256.0462036,702,5830
51941693,8.63,,67000013,250484.5434,744398.349,308.4760895,268,1466
51940822,9.7,6520,67000025,248711.3755,744011.2418,928.1377869,585,4325
51941699,5.18,,67000036,247678.3264,743455.995,321.01297,729,6033
68377419,3.62,,67000033,248425.7129,742696.3076,63.25782776,928,7457
51941711,10.72,,67000025,249524.7227,743260.8325,338.0045471,679,5802
53233271,10.08,,67000033,248732.9675,742609.1691,445.9938965,770,6619
51941714,5.22,,67000033,248751.4157,742414.9619,361.772644,755,6747
51940833,13.22,6520,67000025,249395,743443.19,225.3999939,667,5612
51940802,6.27,,67000015,250967.2739,743240.9572,230.0853272,225,1276
51940844,8.05,6520,67000035,247115.6428,742911.5159,977.2492371,710,7205
51940849,6.23,5000,67000031,248532.8668,743794.1521,322.4249878,558,4735
51940864,5.18,,67000036,248095.1665,743226.8562,258.1884003,853,7229
65282644,9.43,6520,67000015,250359.338,743723.0997,1108.32486,65,284
53232257,10.22,,67000031,249229.1933,742870.3056,207.1776123,698,5855
51940885,9.43,,67000031,248924.9146,743503.1856,367.5743256,633,5671
51940889,5.84,,67000031,249178.5457,743028.7686,291.052002,622,5539
51940898,12.72,,67000025,249403.0328,743212.4527,238.6950836,630,5321
51940901,8.94,6520,67000015,250193.0772,743789.1758,515.3972168,110,488
51940911,6.92,,67000031,248806.6699,743569.665,165.0304871,653,5422
51940922,3.99,,67000036,247977.7694,743489.217,323.2430573,688,5727
51940929,9.94,5601,67000025,249736.5841,743096.3543,763.6201172,576,4709
65282645,7.71,,67000025,249005.1033,743576.8753,200.4768066,560,4752
51940939,4.16,,67000036,248188.3964,742963.8475,158.8459473,851,7220
51941116,7.44,,67000033,248499.4511,742629.2481,206.6327972,770,6649
51941144,5.61,6512,67000034,248019.3966,742726.7151,306.7589569,802,6982
51942091,9.24,,67000025,248995.2184,743595.3095,273.5873871,557,4730
53233338,5.15,,67000025,249276.37,743344.4765,226.1010132,580,5125
51942130,8,,67000031,249187.6157,742936.0285,195.8135071,709,5921
51942140,6.43,6520,67000014,251635.5478,741609.8243,149.7135162,379,3376
51942143,9.63,5521,67000036,247777.6243,743320.1614,258.5735016,782,6371
51942172,11.47,,67000032,248702.9604,742872.8469,1018.468094,718,6438
51942175,7.95,5521,67000014,251159.2509,743597.5132,278.1093903,261,1098
51942179,9.25,,67000031,248749.2441,743590.031,275.8328095,634,5318
51942191,6.04,,67000015,250948.5862,743061.026,186.3878632,162,934
51942199,8.33,,67000033,248287.2351,742664.0296,312.9937439,875,7347
51942214,8.03,,67000034,248409.4387,742349.4309,597.4417725,807,6902
53233357,3,7300,67000015,250498.9101,743458.2279,92.19215393,91,410
51942225,4.79,,67000015,251087.9139,743134.8958,101.6123352,228,1224
51942226,7.83,,67000036,248124.1556,743286.0856,307.3961029,866,7451
51942237,6.12,,67000034,247843.4805,742632.1906,291.7065735,866,7320
65282708,7.31,,67000036,247768.382,743165.2934,287.8298187,824,6528
51942244,13.56,6512,67000014,250791.8063,743818.8379,3490.906586,137,557
51942259,5.69,,67000024,249556.0607,743513.1218,305.7434998,606,5057
51942263,3.85,,67000036,247773.9753,742885.9016,140.1826477,849,7249
51952509,5.01,,67000036,247783.3889,742896.1612,222.9956665,857,7246
51952510,6.42,,67000031,248911.5199,743290.3098,136.5860748,669,5656
51952532,5.26,,67000015,250729.7866,743036.7167,394.4995728,209,1049
51953495,5.41,,67000036,247780.1522,743277.2316,172.1790772,791,6386
51953496,5.49,,67000031,249144.2521,743083.2163,301.6976318,630,5605
51953498,6.18,,67000031,248259.625,743564.1424,200.9788666,649,5443
51953501,10.32,,67000025,249069.5058,743325.2829,224.5045319,572,4978
51953532,8.33,,67000025,249164.4752,743341.3446,227.0537872,589,5050
51953725,6.4,,67000025,249269.3796,743149.7244,120.8802185,660,5701
65282765,9.88,,67000033,248425.1149,742794.1985,674.9058533,792,6644
51953761,8.39,,67000036,247713.6801,742817.1822,140.6867828,811,7896
51953774,2.95,,67000033,248138.0414,742694.0709,188.263031,824,7109
51953794,6.53,,67000033,248822.1,742382,160.1431885,750,6694
51953878,6.95,,67000031,248244.1889,743682.0256,97.09489441,597,5047
51953817,4.4,5521,67000022,249291.887,743726.1541,382.631134,592,5027
51953842,6.8,,67000031,248893.9107,743332.5469,244.1874237,664,5612
51953845,11.05,,67000024,249532.484,743729.6235,230.8905182,591,4829
51953849,7.22,,67000031,248829.9573,743451.6943,306.8904266,651,5478
53235462,3.39,5740,67000014,250560.6997,744026.7364,90.28218079,231,1425
51953959,6.57,,67000034,248379.7983,742537.8919,416.686554,804,6793
53235465,9.29,,67000031,249054.5709,742991.4258,176.765686,726,6025
51953926,5.88,,67000033,248759.0359,742318.5333,151.1061401,762,6822
51953930,12.01,,67000025,249341.9016,743243.7847,207.5299988,619,5252
51953935,10.83,,67000025,249424.4239,743477.3691,327.5176239,595,5101
51953936,7.32,,67000031,248574.1379,743687.2528,428.282486,606,5113
51953940,30.86,,67000024,249795.6017,743479.5992,828.6242828,566,4625
53235474,4.68,,67000036,247860.7903,743424.465,368.4047546,705,5856
51953977,10,6520,67000015,250802.962,743461.1483,2041.415527,228,1001
51953377,9.46,,67000022,249559.8079,743804.5951,420.4920197,528,3772
51953318,6.36,,67000031,249096.9426,742753.8926,155.3071594,695,6168
51953324,6.83,,67000033,248450.5718,742624.6387,123.2745209,782,6702
51953330,4.4,,67000036,247675.236,742990.7402,384.1539002,816,6545
51953384,6.16,,67000034,248102.7692,742418.6061,341.284195,895,7296
51953332,3.99,,67000025,249452.1412,743249.1365,214.363327,595,5323
53235361,5.66,,67000033,248796.6769,742303.0796,198.5950317,779,6784
51953333,4,7300,67000035,247619.2415,742599.4897,732.6199951,824,7891
53235363,3.42,5740,67000033,248650.8137,742717.6078,26.65586853,739,6464
51953361,10.37,5740,67000035,247734.3844,742734.5556,496.9434967,821,7868
51953394,5.43,5740,67000033,248570.988,742711.8917,1322.015778,730,6463
51953363,3.83,,67000036,247998.6711,743057.5842,125.0625153,836,7120
51953412,6.03,,67000031,248818.2597,743317.4041,269.7929382,729,6452
51953414,9.57,,67000015,250675.0917,743047.9955,185.6901703,328,1773
53235375,7.67,,67000021,249691.4031,744333.5708,202.5407715,300,2298
51953464,10.9,,67000015,250667.4905,743423.5551,180.8935852,115,503
51954096,7.26,,67000036,247746.7077,742819.9952,299.9280701,807,7868
51954101,10.46,5340,67000034,248465.6402,742493.8781,284.7880859,786,6751
51954892,7.51,,67000031,248842.2761,743426.8537,265.9551239,654,5506
51954222,6.1,,67000025,249143.1623,743202.0622,206.1664887,582,5123
51954223,6.39,,67000031,248550.1711,743739.5895,332.81073,602,5074
53235523,4.23,,67000036,248021.5686,743198.9056,225.5097656,850,6689
53235528,6.68,,67000025,249233.4121,743048.1206,242.7692413,598,5304
51954346,3.48,1000,67000034,248100.4043,742666.1689,83.72329712,815,7069
51954275,3.15,6520,67000014,251024.14,743409.2494,153.074997,271,1447
51954316,5.9,,67000033,248762.9111,742340.918,201.0497284,760,6800
51954372,6.49,,67000031,249140.6663,742702.5749,234.984375,702,6222
51954677,5,1000,67000014,251679.8499,741546.6355,299.1548157,373,3305
65282871,9.78,6520,67000031,248902.8389,742994.5173,5300.815613,694,6134
51955278,14.98,,67000023,250080.5492,743782.0072,457.8768005,138,996
51955283,8.04,,67000022,249453.3295,743647.1288,238.0033417,647,5406
51955349,2.89,,67000034,248383.2025,742594.753,124.9031372,796,6766
68377337,3.03,,67000033,248678.4805,742652.8854,95.12007141,748,6482
51955628,7.02,,67000031,249062.8788,742720.7602,253.3892822,691,6141
51955633,6.47,6520,67000035,247118.7306,742725.2996,547.1884155,730,7337
65282907,7.2,,67000033,248379.6472,742683.8102,728.0526733,928,7460
51955653,6.43,,67000033,248786.0701,742368.5261,317.3413696,755,6751
51955655,6.15,,67000034,248265.3212,742342.847,218.6539154,856,7119
51955701,7.75,,67000034,248334.2897,742314.2649,287.075882,840,7045
51955726,5.12,,67000034,248193.7457,742405.53,230.9018402,875,7210
51955741,10.34,,67000033,248617.804,742537.0441,851.2807007,790,6724
51955775,7.74,,67000031,249167.2367,742592.3968,222.8386536,722,6324
51955833,7.4,5521,67000033,248095.2254,742758.7244,312.9376373,787,6893
51955155,4.44,5601,67000014,251854.2356,741452.6878,265.4844513,357,3111
53234816,8.24,,67000034,248238.351,742385.4322,363.5467682,864,7161
51955215,9.5,,67000033,248629.5927,742590.7794,766.0084686,824,6851
51956199,3.82,5501,67000034,248480.1431,742515.9525,100.674942,783,6728
51955239,6,6520,67000014,252135.2833,740923.1048,294.1948395,452,3661
51956257,5.09,,67000033,249065.8534,742382.124,452.3472443,771,6734
51938537,6,6520,67000035,247165.3942,743005.3746,606.6007996,755,7585
51939128,6,,67000015,251064.9271,743083.663,212.5228424,212,1170
51939733,10,6520,67000035,247418.8858,742766.5481,3311.705215,799,7561
51940363,10,,67000015,251032.1654,743165.0544,186.824646,203,1184
51940394,8,,67000036,248017.9449,743154.2573,247.483429,857,6729
53232222,6,,67000033,248363.1145,742624.417,1016.722336,801,6789
51940790,6,6520,67000014,251025.5949,743315.5824,313.1412201,245,1340
53232322,8,,67000031,248235.6304,743533.7111,293.6616669,693,5714
51940925,6,,67000036,247753.8939,743355.5301,364.7139435,780,6353
51941117,4,,67000033,248667.3684,742676.2322,61.58457947,744,6460
51941129,6,,67000034,247933.5318,742665.752,321.7576294,857,7167
51942115,6,,67000015,250715.3536,743054.39,352.4153442,203,1023
51953830,10,,67000032,248412.7541,742869.5678,518.8876801,733,6541
51955720,9,,67000031,249141.9806,742643.1475,320.6576996,708,6270
51956253,6,6512,67000033,248584.9832,742762.2291,437.297348,732,6445
53236358,3.59,1000,67000034,247965.1125,742584.9621,84.64749146,845,7188
51960347,3.01,1000,67000034,248507.5667,742474.8072,75.56083679,784,6735
51960600,7.24,1000,67000014,251728.3759,741553.5141,1175.536224,371,3272
52966336,4.2,1000,67000015,250468.3351,743362.3344,62.31350708,116,538
52966189,10.04,1000,67000022,249086.629,743831.1202,868.9249725,656,5293
53010368,6.34,1000,67000021,250284.0323,744239.5676,216.1654511,163,953
53032681,7,5305,67000023,249962.7883,743883.4525,20.82290649,150,1148
67793898,3.76,1000,67000036,247902.9256,742911.4573,123.6468353,831,7120
53034162,15,5521,67000012,249863.1893,744645.619,599.6317139,275,2111
53033599,6,5521,67000021,249290.1464,744660.9694,336.0323944,390,2662
53054916,3.86,1000,67000014,251729.5156,741486.6817,131.3133087,367,3215
53077261,6.03,1000,67000014,251062.6661,743858.8486,170.1429443,158,686
53078934,9.41,1000,67000036,248015.6902,743539.7686,247.8356628,695,5703
53098981,12.34,1000,67000014,251115.9319,743852.1207,268.7258148,240,724
53118934,5.06,1000,67000034,248216.0333,742611.9721,310.9481659,869,7343
53148184,5.1,1000,67000015,250946.1014,743273.3758,186.3998871,158,817
53175174,9.94,1000,67000025,249287.7674,743068.741,286.2331238,631,5564
65282460,3.45,1000,67000014,251628.1495,741626.7306,68.93461609,380,3393
53236038,9,,67000033,248215.2704,742822.7148,358.955368,762,6743
51957099,5,,67000036,247917.4512,742819.7748,215.3892059,813,8009
51959522,5,,67000033,248816.35,742353.25,52.03997803,787,6780
52965334,8,,67000013,250735.8304,744298.1436,403.6576233,384,1679
53076104,9.92,,67000011,249003.6788,745325.7433,217.0917053,532,3431
53108771,7,,67000015,250703.7557,742877.6506,62.12001038,288,1582
53122940,6,,67000036,247986.9817,742871.7549,300.3950653,818,7045
53124258,10,,67000021,249775.105,744368.6184,241.7155151,203,1678
53445863,9,,67000025,249375.9378,743331.7925,160.9377594,627,5611
53152008,13,,67000012,249983.25,744509.965,50.38710022,242,1946
53160951,7,,67000014,250982.0722,744127.0296,94.41485596,232,956
53174810,12,,67000011,249340.0208,745326.8789,170.5009766,460,3086
65282027,6,,67000036,247691.9067,742819.7968,381.6775971,814,7918
65282398,8,,67000031,248531.6907,743777.8761,59.96064758,559,4742
65282521,11,,67000031,248335.5815,743516.3562,252.1449738,720,5827
65282523,11,,67000031,248388.2942,743521.5119,429.5688629,731,5881
65282531,9,,67000031,248526.1796,743502.6414,446.6705475,741,6005
65282532,11,,67000031,248565.2486,743484.8427,420.7939301,747,6046
65282538,11,,67000022,249158.454,744086.9066,105.1122131,502,3454
65282583,8,,67000024,249720.3406,743730.7162,228.8584595,594,4750
65282586,10.54142857,,67000024,249599.4326,743691.9275,178.2344818,594,4778
65282587,8.3675,,67000024,249613.6833,743678.074,182.0922852,591,4758
65282599,13,,67000024,249708.9764,743338.3226,212.6648712,554,4786
51956258,5.88,,67000033,248739.4036,742402.7113,368.3618927,756,6758
51956290,6.51,,67000034,248011.0793,742415.0493,171.6569672,873,7378
51956625,4.63,,67000031,249080.2013,742764.8465,149.7533112,693,6155
51956700,6.41,7300,67000035,247185.9984,742696.2618,2500.990158,734,7405
53234966,7.04,6520,67000014,252131.3938,740986.7189,210.8001099,443,3602
53235858,7.64,,67000034,248393.8055,742320.2333,353.0380707,829,6992
53235865,5.46,,67000034,247930.3594,742751.791,281.6073914,809,7050
51956189,4.52,,67000034,248001.0362,742706.8723,349.8144074,826,7085
51957145,3.55,7300,67000015,251030.825,742590.2165,127.6531067,258,1653
65282940,7.03,,67000033,248700.8504,742566.7612,1443.724472,778,6634
51957228,9.65,,67000033,248408.3433,742823.1218,1289.063828,768,6579
65282941,7,,67000036,247936.192,742821.3409,272.6505432,822,8023
51957508,5.16,,67000033,248869.6713,742386.8985,194.2719574,743,6646
51957546,6.15,,67000036,247798.4777,743086.3338,343.5431061,800,6519
51957560,5.06,,67000036,247904.4331,742821.2261,174.6601563,818,8028
51957644,9.44,,67000033,248585.0366,742471.2366,476.3515472,770,6694
53236117,3.05,,67000031,249057.526,742765.2633,259.3067627,686,6090
53236119,6.34,5900,67000014,251825.8557,741559.0778,3875.776489,363,2873
51957623,5.61,,67000036,247837.9907,742819.6401,422.4379273,815,7926
51957625,8,6512,67000033,248705.7026,742807.8587,2391.692993,690,6247
51957626,4.34,6520,67000034,248028.1919,742701.1947,331.7559815,806,7009
51957078,13.59,,67000034,248251.3945,742472.7514,502.3840637,857,7159
53236023,6.18,6520,67000035,247239.795,742656.25,211.4599915,754,7522
51957091,5.44,,67000034,248171.1861,742384.9701,309.2290497,877,7221
51957106,5.93,6520,67000035,247136.6054,742703.2105,90.82429504,748,7369
51957111,6.57,,67000033,248720.9225,742340.7906,371.6761169,761,6810
51958136,25,6520,67000014,251551.9618,741788.9516,2518.622223,356,2629
51958089,9.63,,67000033,248338.2281,742828.2276,221.2031403,772,6654
51958109,3.51,6520,67000031,249068.7375,742645.8238,72.55000305,683,6197
51958411,4.48,6520,67000014,252204.2743,740955.5164,264.3126221,452,3661
51958491,5.28,,67000034,248092.2416,742540.1244,133.4332886,842,7227
51958524,5.7,6520,67000034,248342.3291,742337.4246,270.1600342,840,7046
51958547,9.09,,67000033,248763.4054,742646.9945,1302.229462,772,6638
53236295,5.72,5202,67000033,248359.3437,742660.7655,923.2052307,946,7542
51958633,5.59,6520,67000014,251493.4759,741668.0872,151.2408905,369,2795
51957977,6,6520,67000014,251454.6679,742317.082,388.6145477,266,1971
51959065,10,6520,67000035,247603.2241,742772.019,668.3260498,775,7704
51959067,3.02,,67000034,248419.9914,742586.8586,71.10357666,788,6729
51958086,13.98,,67000033,248469.7756,742814.7035,295.5605469,755,6530
51959042,6.04,,67000034,248062.5923,742539.8041,185.2528534,860,7302
53236446,12,5740,67000033,248590.6332,742804.8138,690.9172821,708,6361
51959438,3.02,,67000033,248431.9998,742707.4378,61.03497314,928,7462
53236450,6.63,,67000031,249092.7296,742639.8547,188.525238,708,6316
51959457,8.94,,67000033,248634.3098,742656.2563,340.9213562,748,6480
51959513,12.24,7300,67000035,247725.5589,742567.3402,2803.519272,861,8807
51959487,6.95,,67000031,249082.2371,742710.0001,319.9040375,695,6173
51959521,9.29,,67000034,248382.4546,742406.3338,447.3022003,830,6970
51959540,4.02,6535,67000033,248658.2929,742406.9069,348.3347626,819,6843
51959594,8.03,,67000036,247774.463,742819.524,220.6304474,807,7867
53236349,4.26,,67000033,248870.9774,742272.9624,176.1654205,772,6715
51958920,9.91,,67000033,248272.7921,742829.5776,869.4047089,790,6725
53236359,4.33,5521,67000033,248502.7022,742651.5672,173.7155609,756,6581
51958947,6.33,,67000034,247818.4117,742647.3345,259.7881928,870,7349
51959996,5.15,,67000015,251260.1982,742646.1546,137.1876221,244,1552
51960027,9.09,6512,67000036,248065.2261,742819.0052,1948.599396,817,7037
51960318,6.78,5521,67000034,248471.3154,742546.1777,255.7625275,791,6706
51960321,6.93,,67000031,249033.9276,742760.5187,244.7974854,673,6076
51960510,4.23,5202,67000033,248242.1023,742766.7497,248.1187134,844,7227
51960436,4.75,5202,67000034,248112.6151,742470.1116,244.4251099,906,7334
51960452,4.18,,67000036,247715.9392,742828.5792,152.4625092,811,7894
51960480,5.7,,67000034,247961.5117,742706.5533,358.1528778,853,7169
51960493,7.22,,67000025,248988.2585,743525.2044,205.5661469,548,4759
51960494,9.86,,67000031,248402.7322,743798.2208,374.6944275,573,4857
53235770,6.49,,67000015,251102.3759,743190.2186,120.3954773,239,1167
51960519,6.18,,67000031,249152.8586,742910.8148,283.0673676,713,5938
51959644,4.24,6520,67000036,247735.5782,743149.7127,372.4786072,818,6518
51959794,7,,67000034,248530.1371,742573.5626,461.1565552,769,6649
53235649,5.1,,67000033,248956.8392,742280.1666,168.000412,762,6628
51959894,9.11,,67000033,248701.8428,742641.9308,917.7057037,750,6493
51961065,7.6,,67000025,249252.7084,743291.7326,262.8371124,603,5151
51961129,3.82,,67000033,249025.7711,742369.9406,201.8051453,737,6527
53236807,8.7,,67000031,249080.2979,742532.2761,252.4741974,692,6310
51961479,13.39,,67000025,249611.1008,743158.8162,433.9105988,694,5954
51960583,7.58,,67000015,250908.2217,743150.08,267.51828,149,834
51961949,23.44,6520,67000014,252094.0792,741033.8324,887.6347351,435,3582
51962416,11.54,6520,67000015,250921.5525,743350.0691,317.4386902,149,731
51962453,4.53,,67000033,248822.3315,742261.6832,413.1871185,777,6764
53236821,4.96,6520,67000014,251613.3492,741657.1373,733.5306549,381,3415
51963374,10.05,6520,67000014,252162.3184,741019.4864,535.8117981,437,3567
51965258,8.36,6520,67000035,247236.7097,742696.3309,294.9760895,781,7607
51965260,7.23,,67000034,247941.8147,742463.8668,167.5125122,857,8970
51966196,13.07,,67000034,247942.9312,742639.6871,569.7671967,840,7159
52796530,5.13,,67000012,250393.4251,744443.8063,108.4235077,254,1428
53386458,8.2,,67000014,251001.7674,744099.3743,208.2923889,225,927
52808923,7.41,,67000014,250805.1443,743912.7814,261.9832153,145,582
65282256,3.6,,67000014,250311.1839,744108.5682,85.96166992,139,795
52965414,6.32,,67000025,249345.1426,743304.3872,237.0934296,586,5203
52965773,5.88,,67000031,248558.0441,743529.4099,115.1073303,695,5739
53416879,9.2,,67000025,249674.2542,743247.1543,158.190445,712,5940
52965822,5.78,6520,67000015,250232.812,743828.7003,637.841629,111,505
52964974,12.06,,67000021,249275.585,744359.3388,255.5423279,429,2811
53416896,6.39,,67000025,249365.823,743026.051,178.4934235,686,5854
52964977,8.83,,67000033,248621.2405,742564.9239,424.7106171,826,6861
52964981,3.09,,67000025,249543.0384,743448.3187,479.0940857,586,5017
52965251,11.71,,67000032,248362.8894,742871.1093,435.0407257,740,6591
53416789,8.5,,67000023,249607.0439,744136.9697,642.0821838,371,2699
52965314,2.95,6520,67000032,248661.381,742854.3782,71.40136719,712,6395
52966271,8.76,,67000021,249269.2575,744434.1164,235.4006958,412,2738
53416979,9.52,,67000025,249284.0868,743209.3886,196.2861023,695,6010
52966720,10.35,6512,67000035,247368.491,742915.5821,735.7572937,722,7391
52966724,7.03,,67000034,248087.5996,742576.594,247.289505,824,7136
52966748,6.82,,67000023,249762.6049,744229.0816,154.9431763,189,1549
52966772,5.14,,67000012,250253.0345,744454.4705,210.2316742,327,1602
52966185,8.15,,67000031,249076.0903,742559.0592,186.1562347,740,6403
52967712,7.74,,67000025,249433.5646,743300.0784,153.1134796,622,5545
65282322,6.56,,67000031,248877.4832,743255.1843,316.5519562,671,5677
52967794,4.43,,67000013,250588.2488,744441.0979,229.5358887,281,1499
52968668,6.23,,67000011,249478.5751,744701.3547,273.4645386,354,2475
52972682,10.42,,67000025,249216.5209,743309.7227,153.7136231,597,5111
52973082,5.88,,67000022,249423.8076,744023.3782,204.8338165,438,3216
52976312,6.51,,67000031,248832.6536,743523.5008,168.0440064,664,5757
52985816,18.12,,67000011,249329.5266,745149.7657,391.5679474,470,3049
52986736,2.97,6520,67000033,248561.7609,742404.085,60.89212036,855,6987
52988070,8.26,,67000022,249407.3767,744079.8012,307.8883057,429,3162
52989050,13.71,,67000025,249577.5064,743209.4298,450.5040131,687,5878
52991292,6.59,,67000015,250760.0058,743417.9619,166.2049866,111,521
52991355,6.31,,67000021,249796.8726,744553.2779,125.7189941,263,2061
52992631,4.5,5000,67000014,250725.537,744044.0923,135.1467285,164,851
52992683,6.12,,67000036,247707.403,742972.0302,303.1155701,877,7390
52992723,7.8,,67000013,250650.6036,744498.9124,149.8057404,285,1483
52993023,6.97,,67000034,247794.8006,742659.4282,184.6845703,874,7376
52993088,6,5740,67000036,247655.7858,743265.3708,494.7064819,758,6234
52999889,9.99,,67000012,249769.4749,744817.2705,210.1191711,337,2385
53003292,12.26,5300,67000014,250963.3616,743991.5854,514.2045441,200,821
53003343,8.16,5521,67000012,250307.6297,744616.0364,235.0716858,332,1845
53007104,6.1,,67000011,249550.9471,744927.7298,183.6216888,432,2806
53007501,10.13,,67000011,249027.1207,745340.6055,320.3198853,534,3422
65268138,5.36,5521,67000034,248386.3539,742430.5667,196.3208313,830,6965
53027848,17.25,,67000024,249951.3862,743286.885,587.3556519,505,4200
53029138,8.29,,67000031,248905.5761,743551.6605,267.134613,569,4939
53031368,7.78,6520,67000015,250339.8652,743682.6284,589.8921661,118,421
53031910,7.52,,67000015,250759.2276,742996.7226,140.7445221,219,1102
53031618,4.47,,67000011,249647.8965,745106.0363,170.4901123,412,2711
53031708,19.85,,67000021,249328.6461,744695.473,503.1384277,405,2731
53427642,10.45,5000,67000034,248045.4499,742652.4185,191.835022,823,7069
53031767,14.95,,67000011,249686.8536,744898.07,741.3992157,423,2735
53033132,6.61,,67000021,249021.442,744397.6359,430.0119476,450,3101
53033186,6.75,,67000012,250253.6948,744409.8059,260.8049927,290,1538
53428771,9.6,,67000031,248810.9498,743715.8617,310.6425018,587,5132
53033281,11.79,,67000015,250625.7729,743377.9872,334.9783936,141,708
53032524,6.97,,67000021,250496.7557,744183.9011,121.3800049,171,1044
53428658,8,6520,67000037,247040.2609,743376.6269,6199.472244,955,8102
53032645,5.3,5300,67000023,249769.5617,744200.5226,174.8366394,186,1523
53032646,5.35,,67000036,247673.41,742903.8331,369.0924377,874,7385
53428673,8.39,,67000015,250714.0646,743095.4204,184.416214,197,987
53032690,16.13,6520,67000014,250905.3048,744136.45,396.2915649,182,879
53032704,5.77,,67000036,248246.9607,742978.1298,160.2689819,854,7245
53032736,7.13,,67000033,248470.9395,742625.1819,340.1023102,778,6681
53032724,9.41,,67000031,248500.311,743864.9162,329.8732758,602,4792
53032758,6.24,,67000011,249435.2229,745323.8825,267.9477081,457,3022
53032763,4.11,5202,67000011,249158.1562,745029.478,249.1460877,583,3376
53033987,9.47,,67000031,248208.9128,743532.4096,232.2529755,688,5687
53034079,7.06,,67000015,250795.8785,742851.6803,189.2633667,237,1318
53034080,4.81,,67000036,248090.4372,743030.9848,450.2150726,815,7025
53034090,13,6520,67000014,251039.5741,744362.6337,1410.072098,206,1196
53034096,6.4,,67000025,248975.6889,743539.8144,238.3650513,546,4741
53034139,4.26,6520,67000021,249486.5464,744574.145,82.50735474,330,2422
65282515,8.13,,67000012,250363.4313,744455.5491,233.1094666,304,1507
53034144,12.27,5305,67000012,250227.2361,744602.9059,366.5824127,381,2057
53034156,4.61,,67000014,250393.4866,743989.7784,321.5066681,163,536
53428945,7.72,,67000013,250532.855,744605.9781,212.985672,347,1879
53034173,4.16,,67000033,249055.055,742429.905,148.2599945,706,6415
53034184,7,5900,67000012,250119.3747,744662.0222,473.7653809,315,2356
53033456,11.25,,67000012,249702.2691,744724.4395,173.3588867,365,2525
53033590,8.77,,67000031,249005.498,743340.1649,244.417038,615,5482
53428842,7.18,5521,67000022,249420.526,744175.8821,417.9020996,367,2789
53034849,6.44,,67000011,249607.458,745026.3272,304.4614716,387,2638
53035000,6.37,5310,67000012,250066.6482,744604.8701,125.3574829,306,2302
53034629,3.78,,67000022,249465.7328,743586.8482,144.1596069,654,5451
53034630,8,7300,67000035,247772.5268,742528.8143,856.0863648,840,8731
53037054,8.44,,67000024,249997.9365,743280.5232,207.016098,508,4206
53038137,7.13,,67000025,249325.1252,742985.6048,231.4183655,694,5898
53038458,10.98,,67000025,249067.4066,743754.147,303.7865295,673,5598
53038493,10.5,5253,67000021,249366.688,744305.2941,941.6711884,378,2835
53038507,15,5600,67000012,249933.2242,744645.2943,2179.03714,268,2095
53429875,9.75,,67000024,249641.6609,743702.2462,183.263031,591,4755
53039905,4.48,6520,67000014,251366.9556,742580.9657,391.0366058,277,1697
53041767,11.06,,67000022,249493.9585,743640.9234,261.7866974,566,4783
53045299,10.2,,67000013,250808.0071,744538.6801,273.3019867,235,1297
53055896,23.56,,67000011,249350.7458,745199.3734,422.6792297,487,3079
53433879,9.07,,67000013,250809.6256,744276.0258,257.5989227,225,1162
53066688,8,6520,67000037,246952.2688,743322.8055,2202.07869,805,7686
53069054,5.41,7300,67000035,247229.605,742804.845,761.0140991,737,7304
53070496,11.32,,67000011,249569.3861,745069.7932,456.0125732,471,2991
53071115,13.66,6512,67000014,250914.1863,743887.295,543.4169617,275,1535
53072320,5.54,,67000022,249411.9295,743615.0185,351.2662354,644,5391
53072505,4.98,,67000013,250453.6952,744336.2381,106.9524841,309,1563
53435921,9.02,,67000011,249768.2114,745067.3671,229.1010895,375,2645
53073509,9.19,,67000031,248912.9668,743526.8856,232.8315582,567,4912
53073000,7.82,,67000011,249482.2022,745062.6389,161.0906372,518,3108
53075975,9.98,,67000022,249466.1356,743657.0073,100.7062378,570,4815
53076294,4.93,,67000036,247993.3742,743037.4224,251.5441742,834,7108
53076352,5.3,,67000036,247884.1276,743052.9353,265.5908051,844,7195
53436602,10.05,5000,67000021,250251.155,744203.365,328.8699951,165,967
53076662,10.27,,67000021,249681.6881,744527.686,234.6025391,291,2199
53436520,8.88,,67000014,250544.7314,744072.2788,291.1632538,194,1096
53077907,10.54,6535,67000013,250767.9254,744278.6115,354.6103821,264,1225
53077939,4.7,6520,67000015,250377.5603,743503.5092,107.9123535,122,603
53077610,14.35,,67000021,249357.4642,744436.5464,291.1118622,415,2742
53077622,24.71,,67000013,250628.8257,744586.2158,598.3224335,316,1593
53079901,3.02,5521,67000034,248106.847,742456.0615,175.2400055,904,7319
65282710,4.15,,67000033,248306.9792,742624.6736,471.4446869,814,6844
53081772,6.05,,67000036,248192.4098,743036.4779,218.2374573,870,7245
53082543,15.47,,67000023,249982.317,743771.5826,419.2000885,188,1378
53083514,4.78,,67000036,247870.1702,743111.4956,375.2353668,869,7264
53083696,6.59,5521,67000033,248587.2594,742578.3856,145.1704865,829,6882
53084603,7,,67000031,249085.051,742979.0901,193.5623932,725,6017
53086786,5.11,,67000036,247670.906,742959.0888,317.6812592,823,6579
53089735,4.3,,67000033,248750.3335,742255.9297,214.0771484,878,7462
53438975,7.61,,67000031,248333.2886,743579.5623,314.2319641,655,5473
53091376,8.71,,67000012,250193.0471,744479.9311,322.9754639,306,1621
53091382,4.39,5521,67000033,248466.855,742793.88,221.2099915,761,6552
53090862,7.03,,67000031,248758.3243,743488.5789,145.7627258,644,5411
53090895,6,6520,67000014,250960.2902,744415.9451,260.0385284,213,1267
53092279,5.8,,67000025,249257.8853,743077.7926,194.2143097,636,5586
53092363,7.71,,67000013,250743.8774,744391.0034,297.5801849,354,1582
53439325,7.76,,67000013,250687.6876,744480.9433,260.3481293,282,1466
53093017,5.62,,67000025,249166.1042,743162.3014,243.0579681,586,5168
53093018,5.13,,67000015,250884.6767,743343.5078,235.7166596,155,725
53094931,5.61,,67000036,247812.3356,742818.8605,170.0227356,811,7901
53094512,17.18,,67000011,249683.805,745027.215,255.2398987,390,2611
53094518,4.14,5305,67000011,249250.3349,744988.0794,245.4090881,560,3295
53095444,9.91,,67000031,249129.2973,742720.6992,216.2721558,699,6204
53096443,5.55,,67000021,249731.6938,744472.5499,142.5245514,278,2159
53097428,4.63,,67000036,248240.5699,742946.3613,313.7073364,854,7245
53098999,11.62,,67000015,250598.8955,743417.7632,185.0556641,138,686
53099018,11.42,,67000025,249317.6359,743411.2036,433.1900482,652,5545
53439591,8.65,,67000022,249558.0672,743893.6708,309.1598816,505,3638
53105084,3.02,5521,67000033,248541.8319,742603.677,298.5205994,762,6609
53109261,14.78,,67000017,249452.3028,745505.5021,268.8341827,444,3216
53110005,7.2,,67000036,247969.4946,743160.4498,299.534729,859,6717
53111070,9.01,,67000015,250511.7711,743379.0356,383.0938568,117,551
53110648,7.21,,67000011,249399.4783,744731.0863,296.2279816,532,3520
53443024,6.75,,67000033,248795.2069,742260.36,364.1949158,780,6791
53121411,10,6520,67000015,250847.1412,743448.9253,1300.704102,224,685
53121674,6.08,,67000013,250598.2904,744682.4833,151.6308746,350,1850
53122893,8.4,,67000025,248965.9949,743556.572,284.7412872,544,4721
53124337,7.23,,67000025,248957.5006,743575.2483,174.4338532,542,4701
53124428,6.63,,67000021,249302.3713,744469.3026,169.7550049,401,2698
53126713,16.56,,67000023,249892.2752,744261.4746,429.1555023,250,1409
53129554,12.43,,67000025,249639.0998,743323.9798,178.3900147,706,5882
53129269,5.26,,67000022,249401.818,744105.3072,290.2141113,406,3079
53129401,4.16,,67000033,248711.2938,742369.6079,158.5172272,850,7002
53446024,11.47,,67000032,248598.7918,742871.1858,402.106247,900,7568
53133923,5.83,,67000031,249107.384,742597.717,193.2099152,705,6297
53135054,7.14,,67000031,249100.6678,742654.1574,204.4080048,708,6273
53137483,4.16,6520,67000035,247551.8328,742596.5392,108.6132965,815,7867
53148254,15.19,,67000021,249378.4548,744387.3609,313.1089478,392,2912
53148199,5.19,5500,67000015,250902.9192,743448.797,533.872345,184,881
53147786,6.78,,67000031,248734.1384,743613.8192,409.4201508,631,5291
53149179,4,6520,67000036,247717.6901,743161.9037,644.8446198,833,6577
53148750,4.42,5305,67000034,248159.447,742645.5217,195.5783539,824,7133
53449087,13.1,6520,67000015,250285.4994,743671.5171,921.2324677,121,446
53449316,10.17,,67000024,249763.4989,743391.0196,188.9632263,623,5103
53149642,8,,67000021,249867.3063,744501.8925,299.2349396,262,1972
53149657,9.63,5501,67000021,249819.267,744485.8002,226.4028931,262,1972
53149679,9.29,,67000011,249314.796,745307.1262,158.7524872,484,3156
53149709,11.12,,67000025,249536.5832,743373.1643,205.3050079,692,5770
53449240,6.6,,67000031,249039.6702,743266.6075,102.3129883,609,5411
53149815,7.03,,67000011,249554.1964,744857.4098,123.5853882,395,2652
53151418,3.44,,67000033,248932.3854,742434.1696,60.739151,722,6537
53150540,11,5521,67000036,248065.2901,742979.3538,286.2047272,807,6974
53150636,7.88,,67000011,249576.2484,745170.1354,210.8112793,409,2768
53150645,5.03,,67000013,250468.0538,744467.0603,114.7278442,275,1537
53150654,3.05,1000,67000021,249472.1512,744458.9541,40.50485229,439,3020
53150685,11.69,,67000012,250055.1852,744617.4826,99.21380615,304,2287
53150732,9.1,5900,67000015,250955.0126,743305.9368,1121.806107,238,1335
53151904,9.68,,67000012,249837.041,744906.049,268.141037,393,2696
53152184,15,5525,67000014,251131.7429,743790.3015,2044.365799,239,775
53154168,11.7,,67000025,249036.7259,743691.5513,292.6059876,648,5547
53450027,12.52,,67000021,249395.4694,744364.0225,262.0311279,389,2895
53449872,11.68,,67000025,248929.3378,743891.8141,496.9904022,686,5797
53154726,4.18,5740,67000034,248222.5,742451.25,98.28540039,853,7163
53154727,3.03,,67000025,249603.6708,743260.6165,186.4135284,685,5862
53155092,9.83,,67000022,249345.1046,743682.9799,740.5458984,618,5148
53155096,11.69,,67000025,249490.8884,743341.6039,305.8165894,668,5726
53155140,7,5501,67000031,248864.2208,743618.7921,294.2215424,576,5017
53157402,7.27,,67000021,250419.4148,744181.1255,219.6900787,151,907
53161999,7.63,1000,67000014,251567.6653,741660.009,185.9258118,379,2873
53162467,15.81,,67000017,249454.7898,745487.6919,317.5177307,442,3198
53174806,7.18,,67000031,249023.1941,743300.2278,181.8663025,612,5448
53174315,7.9,,67000036,247725.0714,743465.6461,232.6321564,724,5992
53174319,6.8,6520,67000015,250912.1716,743368.838,364.9149475,183,852
53175650,8.2,,67000036,247861.1752,743307.0686,315.1544342,800,6467
53175170,11.91,,67000024,249600.5517,743573.3099,191.4420929,586,4860
53177328,4.47,,67000034,248215.5866,742394.0428,374.5720367,869,7185
53178070,7.86,,67000036,247977.0447,742916.3621,363.3585663,814,7023
53453979,6.42,,67000024,250002.0096,743228.7762,199.4138794,501,4159
65051974,7.44,,67000013,250609.7558,744329.4528,221.5146179,325,1475
65282397,9.07,,67000031,248514.5686,743783.8934,136.8086243,561,4756
65282402,7.75,,67000031,248145.0407,743524.0609,95.03849792,677,5625
65282410,7.28,,67000036,247809.9946,743302.0313,265.1332855,809,6488
65282447,4.33,,67000036,247997.6957,743138.9202,138.2027893,871,6833
65282448,7.15,,67000036,248176.7931,743053.9648,177.5261231,863,7220
65282450,12.11,7300,67000035,247109.83,742962.7544,1369.581177,760,7618
65282451,8,6520,67000035,247063.4678,742962.0236,544.7983398,709,7239
65282453,3.72,6520,67000037,247009.5392,743287.6821,170.6282349,926,7992
65282461,4.4,6520,67000014,251456.2825,741731.9058,147.8396759,359,2721
65282471,7.5,,67000036,248119.2629,743224.4697,104.1115418,882,7505
65282519,9.83,,67000031,248311.1313,743514.5722,204.1206207,715,5802
65282520,9.89,,67000031,248286.8828,743512.0954,137.719101,710,5778
65282522,8.96,,67000031,248364.8373,743519.1967,221.6639099,726,5857
65282539,3.99,,67000022,249433.5551,743982.7873,54.8475647,473,3496
65282540,23.66,,67000021,249194.5288,744250.2782,319.4931641,476,3065
65282542,5.4,,67000024,249682.3796,743761.1909,328.0119782,603,4798
65282582,10.97,,67000024,249705.1613,743735.2349,174.3440857,597,4763
65282588,17.7,,67000024,249642.389,743650.2381,142.8957672,585,4718
65282590,16.72,,67000024,249657.5034,743635.3222,159.0316773,582,4697
65282591,16.85,,67000024,249670.931,743621.4976,167.1383667,580,4677
65282593,18.47,,67000024,249699.5847,743594.0363,133.2896576,574,4638
65282594,10.16,,67000024,249701.8964,743646.6719,214.8611603,579,4673
65282595,3.87,,67000024,249728.0279,743655.0072,229.0020905,584,4689
65282596,8.14,,67000024,249716.618,743664.7049,133.896225,586,4704
65282597,3.84,,67000024,249707.7071,743680.4163,136.4470978,590,4723
65282598,6.77,,67000024,249695.3171,743686.4735,130.2263947,592,4736
65282600,15.67,,67000024,249700.8438,743355.2967,166.1013947,556,4799
51959477,6,,67000034,247961.0285,742755.2279,172.5627136,806,7019
51958919,6,,67000036,247876.505,742813.2705,439.0127258,819,8040
53235748,6,5305,67000034,248358.0089,742586.5375,244.9268036,801,6790
65282185,6,,67000033,248251.3707,742635.3525,426.1901703,868,7339
52964550,7,,67000011,249501.6539,744747.0626,238.138794,370,2529
72618028,9,6520,67000015,250433.0504,743527.9374,531.1693115,79,257
52994737,8,,67000031,249066.7413,743205.4313,324.2315369,611,5359
53033535,7,,67000031,249038.7789,743039.5465,260.7444916,641,5657
53092305,11,,67000025,249535.3675,743423.3443,304.8084564,579,4978
53137096,4,5521,67000033,248594.4469,742421.4539,347.2423859,817,6834
53149664,16,,67000013,250507.0197,744649.253,535.3429871,301,1679
53448774,6,,67000036,247763.2723,743076.3598,305.8896332,795,6486
65282663,6,1000,67000024,249897.7247,743157.8637,108.1400757,629,5157
65282722,4,1000,67000033,248488.3511,742647.073,150.3373566,758,6595
65282910,4.22,1000,67000011,249432.5007,745100.8231,427.6625214,511,3069
65282911,8.82,1000,67000011,249408.6916,745110.2189,443.4962769,449,2976
65282921,11.54,1000,67000011,249735.4726,745025.8345,181.6604614,402,2672
65282236,7.04,1000,67000015,251058.3321,743130.5137,370.996933,219,1208
65282363,3.47,1000,67000011,249141.7844,745084.7469,85.86932373,571,3455
65282364,3.6,1000,67000011,249122.1761,745030.2393,125.6785584,583,3376
65282420,6.81,1000,67000031,248451.646,743477.2385,198.1711121,753,6028
65282436,3.26,1000,67000025,249650.2511,743159.943,96.31808472,695,5966
65282479,8.84,1000,67000014,250777.0561,744076.286,178.6047974,244,1305
65282613,9.36,1000,67000031,248068.8742,743700.7446,154.7818146,596,5346
65282618,3.64,1000,67000021,248925.1252,744676.9704,280.4038696,469,3639
51662859,8.54999962,1000,67000024,250098.0373,743207.9531,2624.068817,459,3825
65586099,3.46,1000,67000012,250292.037,744846.69,228.0007172,411,2747
65604365,4.55,1000,67000032,248347.1945,743275.3154,57.76002502,837,7229
65604367,4.43,1000,67000032,248355.7328,743282.2659,62.64002991,836,7221
65604368,4.46,1000,67000032,248369.0512,743285.2028,64.80020142,834,7208
65604369,4.21,1000,67000032,248383.2819,743286.7167,56.16070557,832,7194
65605193,3.06,1000,67000031,248661.2436,743950.8763,75.67953491,538,4332
66144415,4.43,1000,67000031,248225.096,743434.3658,442.021759,732,5919
66147275,3.78,1000,67000032,248346.4699,743202.7694,100.9183044,882,7401
66218671,5.37,1000,67000025,249228.5799,743684.7319,322.6182404,648,5429
66217272,4.81,1000,67000024,249830.3599,743220.1315,77.2049408,546,4671
65282930,13,,67000012,250387.0717,744539.7341,126.8206024,340,1702
65282240,8,,67000014,251077.6765,744197.9776,293.6182556,189,1021
65282307,9,,67000011,249335.0046,745414.9921,72.84428406,477,3143
72618024,9,,67000011,249361.9754,744818.6969,398.2064056,397,2642
65282485,7,,67000014,250890.8528,744109.7005,188.0063324,178,850
65605339,20,,67000025,248963.6189,744335.7097,272.3201141,480,3859
66149961,8,,67000037,247920.7211,743579.3878,177.9289703,644,5408
66132476,7,,67000037,247595.8959,743639.3802,257.4759064,682,5737
66149966,21.81,,67000037,247470.2972,743135.4431,446.8279266,817,7932
66152831,19.54,,67000037,247439.0102,743146.6645,405.8542175,830,7971
66144123,21.44,,67000037,247407.5814,743131.4834,486.8328705,828,8002
66147010,18.75,,67000037,247392.6106,743164.4093,412.0108643,833,8024
66141325,18.7,,67000037,247363.1203,743174.3849,434.3010254,833,8023
66141326,21.75,,67000037,247338.0663,743153.4471,419.0641785,843,8077
65282602,12.84,,67000024,249671.2341,743381.3075,158.054596,603,4888
65282647,6.12,,67000033,248908.0609,742325.9049,207.5990753,779,6698
65282656,3.37,,67000022,249344.1579,743883.723,115.9926453,554,3906
65282667,20.01,6520,67000014,250307.754,744025.0582,10636.32523,167,543
65282668,6.54,,67000034,247957.0497,742449.1263,192.4741669,885,7441
65282669,3.93,,67000034,248011.1778,742457.2085,156.4246521,849,8910
65282670,3.59,,67000034,247993.038,742467.7032,167.2102051,883,7422
65282671,6.5,,67000034,247976.8983,742479.6805,150.77211,854,8951
65282712,4.16,,67000036,248023.8374,742870.5421,239.3738403,815,7027
65282713,3.02,,67000036,248026.415,742846.6497,55.6025238,835,7020
65282732,3.95,,67000034,248304.5712,742354.4666,149.3415985,849,7087
65282771,9.83,5501,67000015,250604.6664,743527.3375,145.8353729,82,284
65282773,9.74,,67000015,250773.0429,743552.4254,403.5889435,255,1097
65282774,5.1,6520,67000014,250991.1548,743461.8169,230.3106384,218,884
65282776,6.1,6520,67000014,250824.4279,743745.2994,62.50666809,214,782
65282777,6.38,6520,67000014,250808.8799,743741.1815,208.1260986,218,798
65282778,6.95,6520,67000014,250785.0029,743737.1634,190.8622284,92,381
65282779,24.31,6520,67000014,250700.7685,743880.1312,420.940033,115,512
65282780,8,6520,67000014,250523.364,743931.2547,965.2300568,156,740
65282784,3.24,,67000014,250297.8431,744110.7737,59.19992065,137,782
65282785,6.3,6520,67000021,250448.3969,744218.6935,165.3515625,206,1145
65282791,3.23,6520,67000014,250855.9772,744025.7469,318.4940186,163,763
65282792,5.05,6520,67000014,251109.8026,744016.6264,231.2183685,270,1003
65282895,6,6520,67000017,249840.0709,745619.1836,42.91096497,775,9445
65282914,7.24,,67000011,249395.6172,745023.0637,224.1907349,494,3232
65282925,15.86,,67000013,250768.62,744570.3288,296.0114899,334,1699
65282929,3.49,,67000012,250390.8622,744550.7562,65.52523804,342,1704
65282932,4.11,,67000013,250493.3131,744557.2451,126.5207367,293,1587
65282036,6.22,,67000021,249876.4149,744521.8228,63.30744934,259,1952
65282037,3.06,,67000021,249260.4446,744573.9332,73.50315857,387,2653
65282038,6.94,,67000021,249183.8708,744550.8814,196.5852509,403,2762
65282050,8.07,7300,67000015,251048.2062,742587.8594,215.1615295,258,1653
65282099,2.62,6520,67000014,251112.3578,744002.6565,156.0903626,273,1017
65282228,6,6520,67000014,251157.5802,743818.4304,107.810257,239,775
65282229,6,6520,67000014,251159.8538,743804.0025,87.80924988,239,775
65282239,3.87,6520,67000014,250667.8786,743847.306,50.37384033,127,462
65282286,7.54,5305,67000012,250286.4056,744470.6962,258.0916748,288,1522
65282287,6.85,5305,67000012,250319.0727,744474.1009,137.7012634,273,1460
65282288,22.39,,67000012,250381.844,744698.3359,533.6757202,329,1808
65282291,25.13,,67000013,250642.9967,744559.447,240.8153229,312,1574
65282296,27.38,,67000012,250464.8621,744832.9268,557.0777588,368,1916
65282297,27.34,,67000012,250500.7001,744817.1665,665.7285614,371,1937
65282302,25.335,,67000011,249338.383,745175.1791,445.5742493,498,3090
65282304,21.8,,67000011,249055.4142,745296.8597,524.0358582,522,3388
65282305,18.66,,67000011,249022.8029,745283.9644,502.4875183,533,3432
65282306,12.07,,67000011,249294.023,745304.1994,572.9401245,480,3135
65282366,10.82,,67000021,249082.9707,744347.7248,532.9267578,439,3092
65282370,9.25,,67000024,249548.9489,743659.73,188.5460968,563,4745
65282371,7.12,,67000024,249480.5273,743553.8246,218.4725037,599,5127
65282372,6.97,,67000024,249490.2031,743572.3657,174.7093506,618,5125
65282373,6.72,,67000024,249504.7252,743587.8307,163.6051941,618,5125
65282374,6.92,,67000024,249511.6559,743606.963,286.6278076,571,4778
65282416,5,,67000031,248495.2706,743517.2022,215.3710022,753,5995
65282418,6.92,,67000031,248443.2338,743525.1389,272.7843628,742,5937
65282419,5.84,,67000031,248413.3117,743523.9171,248.2690125,736,5906
65282437,4.43,,67000031,248987.1711,743051.4604,95.31929016,681,6114
65282484,4.08,,67000015,250867.5838,743306.519,277.4188232,139,672
65282552,9.7,,67000033,248897.0773,742424.7544,768.8071747,726,6573
65282562,15.56,6520,67000035,247533.8005,742640.4048,1972.835938,810,7837
65282566,12.2,7300,67000035,247189.9771,742924.3668,1258.953674,746,7529
51663094,37,6530,67000014,251041.5429,743587.6606,4592.201904,197,770
51663257,37,5900,67000014,251165.8865,743527.5373,3479.717865,273,1145
65585440,4.4,6520,67000015,250342.6518,743608.3571,113.7408752,135,706
65585647,13.2,6520,67000014,250747.8485,743727.2466,888.4076386,92,381
65585657,4.15,6520,67000015,250012.5829,744149.8233,51.67971802,193,884
65604164,12,6520,67000037,247450.3623,742905.1237,642.5177765,735,7499
65605184,3.62,,67000022,249527.6529,743835.7019,53.76060486,621,5037
65605338,14.15,,67000021,249133.5951,744326.1089,499.8410492,449,2988
68377345,29.53,,67000011,249016.4631,745034.7899,407.4897156,584,3541
65602388,12.92,,67000011,248985.7795,745057.2332,614.5615082,573,3491
65602391,38,,67000011,248901.2783,745118.4699,661.5652771,582,3530
66147004,8.12,,67000031,248060.695,743568.7695,322.8851013,651,5399
66132467,7,,67000031,248039.0584,743574.2689,224.3914642,649,5380
66152826,6.93,,67000031,248174.4265,743603.9889,233.8292084,631,5313
66147005,7.56,,67000031,248125.1258,743606.4199,322.5619354,623,5256
66149959,9.77,,67000031,248062.8469,743603.3719,282.4629517,650,5394
66149960,7.92,,67000037,247962.7469,743634.6179,332.4928284,637,5351
66132469,10.72,,67000037,247983.6931,743601.1121,166.4320526,636,5342
66138384,10.63,,67000037,247940.5891,743585.4399,145.0155335,642,5389
66152829,7.69,,67000037,247905.265,743575.3845,119.3837128,645,5423
66138385,7.29,,67000037,247885.1205,743570.6852,248.2698975,648,5443
66152830,7.87,,67000037,247813.6615,743562.9158,122.2123566,656,5512
66141320,9.24,,67000037,247795.7586,743544.5607,126.8691406,688,5635
66149962,10.88,,67000037,247828.801,743544.2031,154.0103302,683,5600
66135443,9.39,,67000037,247802.078,743601.061,315.7776642,658,5523
66138386,7.2,,67000037,247777.8179,743602.6402,168.4424896,661,5549
66149963,7.35,,67000037,247756.6543,743548.3155,296.4728699,694,5679
66144122,8.44,,67000037,247694.5456,743579.7848,380.4246521,669,5627
66141322,7.2,,67000037,247636.6064,743587.6656,96.3440094,676,5686
66132472,14.11,,67000037,247595.7766,743581.8212,299.7891083,716,5844
66132473,8.1,,67000037,247653.5526,743622.7205,193.7233276,675,5677
66147009,6.58,,67000037,247633.6915,743628.605,171.512619,677,5697
66132474,4.19,,67000037,247614.269,743634.0007,154.8505096,680,5718
66149964,4.59,,67000037,247537.3216,743656.192,149.0396118,689,5798
66141323,7.33,,67000037,247554.3964,743651.2992,141.6367798,687,5780
66141324,6.9,,67000037,247531.7798,743600.5514,160.1756134,716,6004
66149965,7.5,,67000037,247496.8067,743627.7895,198.9616547,693,5830
66149967,20,,67000037,247560.3109,743115.1908,419.6894531,821,7916
66147011,20.3,,67000037,247534.8226,743171.7524,475.1278076,820,7934
66138390,20,,67000037,247563.7917,743234.0842,529.3663788,831,7996
66138391,19.22,,67000037,247542.9937,743295.283,519.4299316,841,8058
66147013,20,,67000037,247568.3731,743355.4008,506.9981537,852,8122
66141327,20,,67000037,247523.478,743411.6555,494.9394074,849,8109
66138392,20,,67000037,247193.3086,743239.496,527.2116394,827,7812
66152833,20,,67000037,247163.4675,743251.5978,463.875,827,7812
66135447,20,,67000037,247127.8884,743233.7101,564.1771851,824,7776
66147014,20,,67000037,247115.5823,743268.3649,567.9641419,809,7730
66135448,20,,67000037,247084.2473,743279.9887,588.2041168,809,7729
66132478,20,,67000037,247059.4796,743258.7014,474.9350281,765,7586
66219407,15.36,,67000011,249156.7747,745203.5059,623.526947,505,3240
66217991,21.4,,67000011,248934.3657,745122.1042,513.8958588,573,3499
66218670,10.32,,67000011,249586.7762,745118.6903,213.4986877,401,2723
66221397,4.36,,67000036,248163.2985,743053.4592,130.9545898,858,7203
65282672,6,,67000034,247958.7631,742492.5399,206.8845215,858,8973
65282926,30,,67000013,250778.7715,744467.6352,560.2495117,343,1580
65282039,37.56,,67000011,248882.1147,745061.1673,398.6719055,588,3552
65282044,35.74,,67000011,248992.282,745255.3451,684.8104858,527,3369
65282295,35.92,,67000012,250463.9889,744780.2823,574.2638245,364,1924
65282308,31.5,,67000011,248944.0829,745064.6111,571.0963593,571,3489
65282375,32.84,,67000021,249035.6557,744235.1912,457.8314819,564,4110
65282417,6,,67000031,248468.6099,743524.9028,242.5335388,747,5963
65585876,6,6520,67000014,250954.4195,744446.0313,404.8539581,216,1297
66132475,5,,67000037,247575.6379,743645.8978,195.3486023,684,5758
66222086,35.38,,67000011,248964.14,745105.2542,544.9400024,564,3466
66220739,4.73,1000,67000014,250995.0972,744078.5205,81.05909729,223,910
66219433,10.78,1000,67000024,249715.8717,743820.6827,324.7892609,495,3553
66218716,4.21,1000,67000024,249847.9221,743157.1387,1352.826889,631,5174
67798007,6,1000,67000037,247385.0594,743319.0053,102.5090637,883,8033
67798008,6,1000,67000037,247378.3244,743301.5968,102.554718,878,8015
67798009,6,1000,67000037,247364.6452,743290.154,140.0382996,874,7999
67798010,6,1000,67000037,247378.6287,743284.5852,160.4445953,874,7999
67797936,5,5305,67000036,247938.7965,743160.3595,144.7338104,861,6770
67798888,6,1000,67000032,248334.1284,743221.6244,187.1417236,881,7392
67798243,6,1000,67000032,248708.8377,743259.6812,407.7381744,765,6772
66217276,8,,67000025,248967.4049,744465.573,286.8929749,465,3729
66220736,7.39,,67000025,248966.4953,744442.682,377.7655792,467,3752
66220737,20,,67000025,248958.7921,744261.4632,211.2054291,490,3934
66222102,20,,67000025,248957.4707,744131.2164,259.9008637,512,4064
66220750,12,,67000014,250649.4594,744178.9567,138.1243134,254,1366
67553537,12,,67000012,250416.1986,744583.9873,743.4714966,293,1590
67798016,7,,67000037,247475.2506,743669.6314,190.2031403,696,5857
67798018,7,,67000037,247437.1575,743660.7893,159.8235016,699,5884
67798019,6,,67000037,247496.0127,743668.1384,186.2146149,694,5839
67797763,7,,67000037,247517.7754,743622.5736,186.4922791,690,5809
67797764,7,,67000037,247537.9317,743617.0552,192.4070435,688,5788
67797765,7,,67000037,247513.1414,743605.1888,183.4796295,714,5985
67797767,7,,67000037,247594.9014,743600.9052,156.5210724,681,5729
67797768,7,,67000037,247570.5991,743588.4977,231.8997803,719,5869
67797775,8,,67000037,247782.4905,743544.34,171.6928406,690,5649
67797789,6,,67000036,247890.1122,743179.1359,286.4783478,853,6718
67797935,5,,67000036,247915.6395,743174.3147,395.042511,857,6744
67798266,10,,67000024,249615.7164,743736.6541,327.878006,597,4798
66219422,8.52,,67000023,249742.8099,744291.8681,167.0349884,307,2346
66220738,22.81,,67000021,249839.0535,744426.1677,336.4934845,211,1756
66220740,22.82,,67000021,249343.5151,744482.4001,185.0735016,396,2675
66219424,6.41,5305,67000012,250303.9141,744481.5654,112.7673492,304,1599
66218686,10,7300,67000035,247370.0413,742726.4122,1066.572342,799,7570
66217281,4.74,,67000011,249470.4068,744766.9084,191.184021,371,2534
66219427,18.51,,67000012,249954.8253,744524.5705,341.1566925,253,1919
67797998,8,1000,67000036,247594.5042,743052.9382,541.6421204,798,7803
67797771,9,,67000037,247717.4926,743607.8014,145.4897614,668,5611
67797772,8,,67000037,247661.6851,743582.6961,227.8901825,673,5660
67797944,5,6520,67000035,247665.4578,742761.3739,241.8574371,835,7307
67798251,20,,67000032,248418.7184,743364.6802,312.0846863,882,7433
67798252,20,,67000032,248382.7762,743359.51,295.1911469,887,7469
67798253,20,,67000032,248348.0992,743352.0285,300.4325256,892,7505
67798859,23.525,,67000021,249154.7969,744181.8523,451.5704346,578,4141
67798915,30,,67000021,249225.9678,744493.7093,759.7379303,423,2835
67798924,20,,67000021,249130.7378,744583.8258,404.4859619,397,2768
67798932,6,,67000011,249518.9179,744922.1604,230.6479797,429,2811
67798977,18,,67000012,249868.452,744694.3087,313.1528626,279,2133
67798978,25,,67000012,249884.1146,744585.2607,644.3923492,250,2018
67798979,25,,67000012,249806.2211,744595.507,362.2650757,281,2046
67798313,10,,67000031,248103.0547,743607.4406,256.8673096,621,5237
67798323,6.2,,67000037,247889.3959,743553.4979,399.9898987,668,5537
67798325,10,,67000037,247813.763,743541.7887,204.2424164,685,5616
67836116,8,,67000012,250157.4456,744905.5384,458.3179474,371,2566
72617931,40,,67000011,249085.9595,745210.3945,523.0227356,514,3281
72617932,8,,67000025,248966.8748,744534.0706,305.3980408,458,3662
72616970,25,,67000012,249789.8372,744617.1076,664.5368042,283,2059
72616971,25,,67000012,249831.6944,744583.8843,380.8697815,244,1994
72616995,15,,67000011,249376.0191,745053.8447,325.1685028,459,3041
72616996,15,,67000011,249367.1984,745037.3317,295.0895386,461,3059
72616824,20,,67000025,248952.4993,744088.0496,289.6058655,516,4102
72616825,20,,67000025,248945.8848,744066.7767,305.1081085,519,4123
72616826,20,,67000025,248937.7796,744050.9259,143.4144592,521,4140
72616827,8,,67000025,248965.1838,744398.9861,407.501297,471,3796
72616890,9,,67000037,247741.8454,743604.6311,360.4913025,665,5587
72616893,8,,67000037,247658.4886,743565.0251,282.3592835,707,5777
72616894,39.74,,67000011,249056.4048,745202.6883,551.9720154,513,3315
72616895,43.01,,67000011,249024.4237,745201.8711,479.9728088,521,3347
72616896,30,,67000017,250335.9031,744948.3647,2016.332504,388,2870
72617067,28,,67000036,248011.9589,743388.6431,339.0890503,813,6539
72617076,25,,67000025,248895.3702,744340.5584,449.8999634,503,3917
72617077,25,,67000025,248894.8939,744371.6734,449.8999786,494,3851
72617078,25,,67000025,248894.8939,744309.9196,449.8999939,499,3915
72617079,25,,67000025,248902.1965,744402.3122,449.8999634,491,3837
72617080,28,,67000025,248892.5787,744259.6487,449.8999939,513,3997
72617081,32,,67000025,248892.9095,744229.2215,449.8999634,509,3994
72617082,35,,67000025,248892.248,744198.4637,449.8999786,515,4025
72617083,36,,67000025,248891.5864,744167.0444,449.8999786,527,4091
72617084,37,,67000025,248890.5943,744134.6328,449.8999634,523,4090
72617085,35,,67000025,248885.9913,744102.0579,478.230545,531,4127
72617087,8,,67000011,249338.0768,744831.2628,455.186203,409,2704
72617112,6,6520,67000015,250812.0298,743552.0726,1751.797455,170,580
72617115,6,,67000013,250497.8937,744421.6837,154.5926819,281,1566
72617169,30.12,,67000024,249857.1457,743490.4513,527.6883087,539,4455
72617170,30,,67000024,249877.3879,743465.8264,495.6100311,558,4626
72617171,28.95,,67000024,249897.5488,743441.0953,497.2695313,562,4657
72617172,26.82,,67000024,249944.6157,743378.8005,603.6553955,522,4314
72617173,25.74,,67000024,249961.8432,743357.1138,515.4673157,518,4287
73088549,30,,67000021,248927.8856,744787.9015,709.1568756,458,3531
73088558,30,,67000021,249241.9213,744532.2729,366.6893768,426,2847
73088563,8,,67000025,248966.5424,744421.0154,327.2695618,469,3774
73088565,18,,67000021,249083.8853,744219.257,250.8782349,562,4090
73088588,30,,67000021,249119.2064,744103.1185,1038.095261,504,3465
67798017,7,,67000037,247455.6977,743665.9329,231.6073303,698,5872
67797766,6,,67000037,247474.6624,743615.6373,256.5184784,710,5944
68377578,3.18,1000,67000024,249917.379,743105.7106,90.68693542,482,4030
72076122,15,2303,67000021,249534.2368,744360.1879,1939.646652,356,2522
67798984,13,,67000021,249858.5813,744487.0265,164.6286011,262,1972
67798312,9,,67000031,248083.8606,743605.3467,270.693985,622,5237
67798319,8,,67000037,247933.7279,743622.4888,344.1389465,641,5382
67798320,8,,67000037,247954.341,743589.838,152.6204529,640,5374
67798321,8,,67000037,247971.435,743596.2051,152.766861,638,5356
67798439,9,,67000022,249469.7327,743645.8611,67.42378235,569,4806
67798489,11,,67000011,249492.8115,745159.1102,454.4303131,443,2887
67836124,11,,67000012,250328.0873,744387.76,611.491806,270,1430
67835667,6,,67000015,251139.8237,743130.1703,204.3634033,233,1257
68377353,12,,67000021,249379.7287,744547.6588,266.6102142,368,2552
68377357,20,,67000025,248961.2894,744240.2885,353.3968658,492,3953
71735183,33,,67000011,248871.7958,745126.2103,488.5991058,590,3557
72617949,6,,67000015,250919.3476,743124.4644,150.3083649,152,862
72617909,8,,67000012,250197.4759,744460.5233,368.4793396,304,1612
72616953,9,,67000013,250598.9283,744503.0047,85.06507874,295,1536
67798966,8.26,6520,67000011,249688.4366,745002.4419,240.045517,388,2599
67798486,6,,67000011,249249.8847,745318.0204,268.9797821,484,3208
67836117,3.92,,67000012,250131.7232,744904.5836,381.9808044,369,2546
67835660,15,6520,67000014,250718.9394,743663.2904,898.2374725,133,493
67835661,8,6520,67000014,250538.4369,743700.8227,190.524765,39,122
67835696,2.8,6520,67000014,250548.7806,743785.3631,78.49736023,114,396
67835954,6.31,6520,67000014,251182.1866,743587.1832,155.0043335,263,1103
67835955,9.81,5300,67000014,251004.4653,743423.5986,75.68106079,274,1471
68377626,5.61,5501,67000036,248252.2607,742884.1823,56.83958435,785,6708
72617895,15,1000,67000021,249459.5569,744306.5356,2301.840317,376,2609
72617947,5,6520,67000015,250761.2032,743040.0135,62.71017456,212,1064
72617910,6,6520,67000012,250142.6325,744502.9236,92.09674072,429,2800
72617984,13,7300,67000014,250803.1336,744211.0322,752.1953888,256,1217
67835666,4,,67000015,251111.8111,743147.3367,136.7182465,232,1250
71735187,10,1000,67000021,249438.0505,744357.1156,545.8167419,390,2901
72616831,6,1000,67000037,247378.7458,743337.8293,53.53430176,884,8038
72616832,6,1000,67000037,247390.2877,743333.5701,54.61491394,884,8038
72616833,6,1000,67000037,247355.9275,743293.7035,71.8984375,874,7999
73088542,6,1000,67000021,248966.3076,744863.941,154.3494721,421,3152
73088561,5,1000,67000021,249492.7203,744416.8879,98.46899414,381,2619
73088566,7,1000,67000021,249905.7357,744311.1734,128.9376984,235,1350
73088702,9,1000,67000032,248309.5613,743280.5658,729.736496,841,7263
73088703,13,1000,67000036,248278.2198,743256.6091,1025.39093,909,7439
73088704,6,1000,67000037,247396.0534,743308.8178,90.06080627,881,8028
73088705,6,1000,67000037,247389.6591,743294.1828,92.38542175,878,8012
73088706,6,1000,67000037,247363.2342,743302.9911,67.69680786,877,8010
73088707,6,1000,67000037,247405.5609,743340.7188,90.71307373,884,8038
73088708,6,1000,67000037,247400.0265,743326.6878,92.04312134,884,8038
73088510,6,1000,67000037,247313.3463,743197.3691,332.3752441,857,7932
73088511,6,1000,67000037,247312.3329,743177.5699,125.3421173,872,7994
73088512,6,1000,67000037,247300.1728,743165.4097,350.8600617,872,7994
73088638,9,1000,67000024,250085.5527,743150.2094,507.8391113,462,3866
73088639,9,1000,67000024,250076.2766,743129.3189,748.6489563,465,3889
73088641,7,1000,67000036,247611.7233,743077.7554,102.1865845,802,7834
73088656,7,1000,67000034,248069.1103,742642.3738,101.6552277,816,7078
72616769,6,,67000037,247395.9893,743611.9279,171.5116425,709,5941
72616770,8,,67000037,247727.4642,743572.887,310.9642944,666,5594
72616818,10,,67000025,248925.0866,743955.7862,88.82795715,542,4260
72616819,11,,67000025,248917.6684,743968.6665,83.91027832,540,4245
72616820,10,,67000025,248909.911,743977.3726,90.86947632,538,4230
72616835,19,,67000037,247484.2035,743363.3426,197.9031677,846,8095
72616889,8,,67000037,247833.5946,743602.3881,305.395462,652,5484
72616891,8,,67000037,247680.5035,743616.1068,309.6665649,672,5649
72616892,7,,67000037,247627.0475,743573.2242,315.7511597,711,5811
72617068,28,,67000036,247974.3466,743387.2829,336.0305481,808,6501
72617069,28,,67000036,247936.1869,743385.6798,356.4602051,803,6463
72617070,28,,67000036,247899.0558,743384.4765,316.6522827,797,6423
72617073,20,,67000025,248957.7531,744152.7142,356.373703,505,4043
72617074,20,,67000025,248960.6595,744218.8627,388.0575714,498,3976
72617075,20,,67000025,248961.9996,744196.8886,307.1886749,500,3998
72617114,9,,67000013,250497.5861,744443.6224,158.3331299,281,1566
72617025,6,,67000036,247899.566,742848.2312,57.91171265,832,7123
73088570,15,,67000011,249147.8745,745249.5027,208.2158814,488,3218
73088571,6,,67000017,249840.317,745311.7197,185.5744782,369,2643
73088572,6,,67000017,249901.8787,745282.9553,205.8057556,360,2567
73088573,6,,67000017,249907.7446,745264.0851,350.9068298,358,2554
73088574,6,,67000017,249928.0907,745253.466,299.2359772,356,2531
73088575,6,,67000017,249975.5666,745230.0561,184.1115418,349,2477
73088579,11,,67000011,249646.5522,745066.0902,535.2073364,410,2698
73088581,30,,67000021,248894.7277,744932.2525,610.9943695,443,3375
73088582,9,,67000012,250166.1784,744927.3984,122.4795685,408,2713
73088583,30,,67000021,248901.5572,744902.9931,619.7738342,447,3415
73088584,30,,67000021,248909.1257,744874.5572,654.4907227,422,3163
73088585,30,,67000021,248916.032,744845.8002,659.6838684,420,3137
73088548,30,,67000021,248920.8477,744816.5756,718.8855591,418,3123
73088550,8,,67000011,249524.7756,744806.8899,274.651413,383,2594
73088553,11,,67000012,249844.2745,744722.0425,299.2700653,395,2582
73088556,18,,67000014,250913.2182,744593.1536,547.825592,233,1450
73088559,12,,67000021,249423.5448,744442.0895,369.4912567,404,2977
73088564,20,,67000025,248963.5754,744310.2111,361.2938995,484,3885
73088592,12,,67000025,249006.0857,743899.7183,184.7359314,555,4350
73088593,13,,67000025,249032.2101,743863.6612,213.3467712,561,4395
73088513,5,,67000036,247902.257,743193.2378,151.6414337,854,6723
73088642,6,,67000036,248188.4371,743101.6427,78.64070129,861,7211
73088651,6,,67000036,247691.7596,742845.7028,167.5402222,859,7321
73088652,6,,67000031,249039.2488,742843.375,683.2044067,680,5899
73088653,7,,67000031,249050.369,742752.0811,61.5930481,690,6129
72617111,30,6520,67000014,250847.288,744061.5203,411.1022644,171,803
72617186,6,6520,67000035,247236.3399,742679.4225,98.18778992,758,7540
73088586,8,6520,67000021,248976.6178,744887.8794,716.2211151,424,3177
73088657,3,6520,67000037,247542.8304,743444.4699,84.71182251,849,8109
73088650,6,1000,67000036,247850.0183,742934.1286,359.2362976,865,7301
73088655,12,6520,67000035,247531.3499,742800.9691,743.6122894,849,7445
72616836,6,5521,67000037,247570.7519,743447.3427,319.4225311,759,6147
72617113,7,,67000031,248702.8089,743887.1324,426.0314179,565,4594
72617164,37.01,,67000024,249795.9258,743636.2366,452.5989533,574,4632
72617165,39.94,,67000024,249815.3593,743609.4361,455.1078186,569,4599
72617166,36.55,,67000024,249833.2133,743581.0729,425.8499298,564,4570
72617167,38.98,,67000024,249841.0587,743547.2725,443.7284241,560,4544
72617174,15,,67000013,250407.0917,744344.5328,369.641037,266,1455
72617175,15,,67000013,250387.5401,744361.3074,390.2579956,240,1353
73088552,18,,67000012,249856.5832,744744.4553,395.6161041,309,2251
73088518,5,,67000033,248787.1707,742332.1439,171.3684387,760,6802
73088528,15,6520,67000014,250764.8181,743662.6396,1208.824417,110,448
