BLDG_ID,Height,Usage,SAID,X,Y,Area,travel_time,travel_distance
53225607,30,6520,67000012,250096.7818,744953.0166,1121.998291,1246,1743.921008
51900807,6,6520,67000012,250126.182,744603.0064,142.3228302,972,1361.406958
51903770,10,6520,67000012,250082.1341,744451.0398,491.454422,859,1202.128313
51906488,10,6520,67000012,250161.4401,744559.6033,185.9452667,957,1339.815324
51842982,26,7600,67000011,249251.1,745012,272.9340057,1784,2498.284999
51843120,8,7600,67000011,249577.7548,745005.6226,144.0422516,1621,2269.312501
51842616,24,7600,67000011,249086.4186,745298.1766,447.6658325,2079,2910.531193
51845014,24,7600,67000011,249118.0286,745300.429,396.4106445,2101,2941.907515
53215060,23,6512,67000012,250000.492,744899.718,590.8768768,1293,1810.50208
51846436,4,7600,67000011,249407.5898,744906.626,227.6913757,1609,2253.275484
53215802,21,7600,67000011,249382.7855,745217.0856,442.6197968,1746,2443.993086
51896987,13,7600,67000012,249729.1176,744708.0057,157.5293579,1251,1752.054248
51897029,16,7600,67000012,250039.9247,744758.0892,271.3061218,1192,1668.535175
51897073,27,7600,67000012,250031.2984,744487.1521,669.4481812,902,1263.374622
51897101,5,7600,67000012,249941.6199,744756.2119,354.1403656,1185,1659.624645
53224471,9,7600,67000022,249417.1858,743982.531,260.250946,2107,2950.452691
51898384,15,7600,67000023,249700.2061,744199.1186,498.4224091,1587,2221.456269
51898396,15,7600,67000011,249333.602,745055.2704,210.5000458,1757,2459.487806
51897986,24,7600,67000012,250329.2256,744548.459,414.1487122,837,1171.280447
51898037,12,7600,67000021,249010.6518,744755.5696,418.1135101,1784,2497.618697
51898058,4,7600,67000014,250442.7322,743988.3349,195.3214264,345,482.6333403
51898174,21,7600,67000011,249478.9105,745433.5746,431.489975,1840,2575.40833
51899379,20,7600,67000021,250131.8878,744236.6051,324.2772522,761,1064.832755
51899397,8,7600,67000013,250580.1985,744617.4837,247.5792236,855,1196.639804
51898849,21,7600,67000011,249660.0966,745152.5305,497.9215698,1596,2234.603887
51898872,15,7600,67000011,249456.8897,745470.6434,328.7048035,2060,2883.328959
51898883,4,7600,67000011,249810.5449,745110.8958,136.0342255,1499,2097.922124
51898925,9,7600,67000022,249289.399,744129.4939,282.9272308,1956,2738.618252
51898986,12,7600,67000025,248845.9101,743911.2003,505.655777,3008,4211.819988
51899001,5,7600,67000013,250713.9324,744501.071,240.4215851,812,1137.352418
51899023,14,7600,67000021,249084.5,744552.5,248.7404022,1705,2387.028772
51899116,8,7600,67000012,249893.619,745003.7355,164.8468323,1398,1957.896199
51899117,20,7600,67000011,249626.5902,744848.0961,588.0719452,1567,2193.257245
51899138,17,7600,67000011,249727.7331,745153.4574,161.5262604,1558,2180.568461
53225918,15,7600,67000012,249946.1679,744571.8625,330.95784,1058,1480.748301
51900377,5,7600,67000011,249387.5622,745179.9291,149.4697113,1720,2407.86411
51900380,16,7600,67000012,249797.8935,744804.9998,454.3407135,1291,1807.227297
51900390,8,7600,67000013,250585.5517,744658.0305,220.4251709,875,1225.637711
51899879,15,7600,67000023,249648.176,744256.5384,729.491745,1530,2141.831337
51901302,44,7600,67000012,249885.5923,744954.6772,561.097702,1383,1936.679186
51901482,22,7600,67000011,249357.6137,745222.1431,354.8131104,1764,2469.16566
51900763,15,7600,67000021,249085.8528,744255.1768,288.5762177,1870,2617.576665
51900769,8,7600,67000022,249318.7016,743916.5999,192.9694061,2130,2982.559458
51900805,15,7600,67000021,249218.2806,744550.2107,266.0103912,1612,2257.429084
51900882,12,7600,67000012,249980.0149,744494.4033,204.0486755,938,1313.085107
51900823,16,7600,67000021,249676.5096,744498.6811,258.4720764,1252,1753.380598
51900831,6,7600,67000022,249196.2127,743972.9251,425.5744324,2110,2954.422456
51900896,22,7600,67000012,250381.8251,744797.9826,718.7704773,1002,1403.166627
51900898,14,7600,67000021,249165.5903,744377.7082,228.9706879,1738,2433.727138
51902155,9,7600,67000011,249579.6411,744911.2857,156.9910584,1589,2224.345975
51902206,6,7600,67000022,249291.3444,744055.1702,256.7210999,2008,2810.646853
51902225,11,7600,67000021,249999.5905,744319.6313,226.9216461,874,1223.124008
51902271,8,7600,67000013,250575.1418,744502.3497,251.6044312,791,1108.015526
51902311,15,7600,67000011,249603.5575,744699.6645,187.8029022,1466,2052.419182
51901660,7,7600,67000013,250669.862,744322.9669,180.9375153,607,850.3496268
51901718,23,5900,67000012,250126.9732,744431.1653,752.8746185,820,1147.62751
53225302,9,7600,67000022,249289.6522,743999.8916,209.0687408,2070,2898.03406
53225311,13,7600,67000015,250036.6958,743977.4901,709.4273071,1177,1647.406826
51901953,19,7600,67000011,249119.0113,745165.4368,486.3211212,1893,2650.499759
51903128,20,5202,67000012,250117.0949,744940.2026,1332.613586,1265,1771.672008
51903207,19,7600,67000011,249160.2974,745137.1181,426.6977539,1855,2596.37795
51903220,8,7600,67000022,249318.4573,744139.6893,336.4207916,1921,2688.854196
51903225,10,7600,67000012,249835.1414,744840.3263,301.3009949,1286,1799.923275
51903496,20,7600,67000011,249635.023,745184.898,1704.328461,1621,2269.775965
51902587,15,7600,67000023,249979.4905,743992.7388,404.0557861,1145,1602.885959
51902750,23,7600,67000011,249274.2128,745003.0203,238.1519928,1734,2427.272596
51904041,15,7600,67000021,249091.6226,744195.274,257.2836456,1915,2680.307377
51904076,6,5202,67000021,249522.481,744259.0498,194.8843079,1557,2179.780837
51904146,9,7600,67000022,249235.6972,744051.7676,185.527359,2017,2824.216015
51904117,10,7600,67000012,250064.068,744752.282,358.084671,1174,1643.954315
51904227,5,7600,67000011,249497.1974,744955.3302,316.1390381,1629,2280.486705
51903534,9,7600,67000012,249793.9638,744753.1424,173.4948578,1283,1795.902485
51903566,28,7600,67000011,249574.7194,744753.0006,617.4728241,1489,2084.934231
51903581,5,7600,67000021,249040.9705,744554.6517,283.724762,1702,2382.627179
53226496,8,7600,67000013,250716.947,744547.9513,250.3173218,789,1104.828425
53226775,12,7600,67000021,249008.1507,744635.826,546.2105103,1701,2381.628933
51905176,15,7600,67000021,249161.0058,744346.9398,272.8371735,1759,2463.186017
51905331,11,7600,67000011,249657.0599,744925.1992,210.828537,1499,2099.296787
51904527,8,7600,67000031,249003.1861,743036.3015,393.4463348,4193,5870.081795
51904540,20,7600,67000011,249771.3032,745037.2017,873.8799896,1575,2205.107183
51904547,9,7600,67000012,250474.6684,744507.1813,207.7307434,785,1099.014742
51904553,6,7600,67000031,248324.4263,743620.2059,308.8128357,3561,4986.01041
51904557,9,7600,67000022,249416.5038,744133.1801,420.5628815,1854,2594.972155
51904585,5,7600,67000015,250998.0876,743106.9446,189.580719,634,887.9599581
51904608,7,7600,67000013,250692.7392,744348.6024,234.5412598,639,894.5322912
51904651,20,7600,67000012,249952.8284,744853.6239,224.1125031,1263,1768.647962
51904661,14,7600,67000033,248492.0875,742792.0913,285.8460083,4664,6529.024542
51904702,14,7600,67000022,249353.6348,743942.5414,247.2485657,2149,3009.213085
53226701,7,7600,67000022,249266.1481,743988.2758,279.8064423,2059,2883.040312
51904716,7,7600,67000036,247854.8549,742988.4672,314.7951202,4466,6252.158631
51904788,15,7600,67000021,249108.4739,744236.0366,262.8101044,1888,2642.624854
51905764,18,7600,67000021,249240.1946,744448.5333,200.6839905,1681,2353.462796
51905776,4,7600,67000036,248081.0117,743066.1374,236.6829987,4642,6498.484135
51905851,16,7600,67000011,249632.6861,744755.7891,329.8777008,1536,2150.418167
51905926,15,7600,67000021,249220.355,744584.155,332.1549835,1588,2223.391596
51905953,4,7600,67000036,248078.6201,743173.6991,368.7103729,4574,6403.181925
51906017,12,7600,67000024,249668.8276,743514.9288,209.2431488,2520,3528.016645
51906037,4,7600,67000013,250644.6305,744423.9816,240.9763336,652,912.4032206
51906095,12,7600,67000022,249608.6209,744209.0645,559.2335815,1547,2165.162259
51906106,12,7600,67000025,249213.8529,743641.3587,280.9393311,2592,3628.375346
53226945,32,7600,67000012,249668.6993,744559.6654,1050.98584,1206,1688.858876
51906166,5,7600,67000011,249574.5746,744964.4409,234.7812805,1619,2266.640277
51906313,10,7600,67000031,248916.7265,743444.7939,301.5949707,3923,5492.598008
51905407,9,7600,67000012,249788.3997,744696.9883,531.6529083,1256,1758.562759
51905463,9,7600,67000013,250566.8893,744644.5864,294.506958,872,1221.407951
51905469,8,7600,67000031,248625.6984,743580.4098,414.9865418,3850,5389.821512
51905494,6,7600,67000031,248629.4819,743852.4004,244.1518707,3283,4595.665886
51905561,9,7600,67000013,250626.1703,744632.1514,220.8191528,802,1123.318671
51905586,9,7600,67000012,250061.7476,744363.8086,543.802948,924,1293.942905
53226849,13,7600,67000032,248621.0476,743077.4297,606.4077911,4585,6419.681534
51905606,13,7600,67000012,250244.3528,744749.9062,259.6589661,1087,1521.386604
51905629,7,7600,67000013,250618.0667,744431.1353,288.2681885,698,977.8314028
51905712,8,7600,67000013,250538.1896,744637.1248,222.6298828,864,1209.790786
51905714,15,7600,67000021,249164.4549,744238.5537,213.2310181,1797,2515.237944
51906747,5,7600,67000022,249257.0182,743877.4856,239.6557617,2187,3062.130043
51906792,11,7600,67000011,249496.3035,745043.2945,191.9920502,1633,2286.082491
51906807,8,7600,67000011,249558.3824,744980.9114,180.7369232,1625,2274.307352
51906809,20,7600,67000011,249795.8991,744867.6131,273.677002,1326,1856.234959
51906882,22,7600,67000011,249266.2484,744920.9866,233.2849274,1640,2295.675951
51906930,8,7600,67000022,249545.9144,743717.6828,235.5681915,2656,3717.801093
51906959,7,7600,67000032,248081.6561,743297.9562,268.5405579,4506,6307.740585
51906960,10,7600,67000012,250004.0515,744407.2233,423.844162,925,1295.228473
53226231,12,7600,67000032,248526.6569,743045.1486,319.5780182,4788,6703.395307
51906978,8,7600,67000022,249488.8624,743766.7953,225.9821014,2712,3797.249809
51906999,10,5900,67000012,250187.4784,744660.5065,171.8600922,1018,1425.411355
53226239,6,7600,67000031,248753.4969,743399.8051,327.5999603,3942,5518.613292
53226245,11,7600,67000011,249404.6485,744649.23,202.8047638,1394,1952.143848
51907202,6,7600,67000021,249113.6959,744477.4101,211.8378906,1754,2455.45326
51907154,12,7600,67000021,249179.0045,744462.5753,263.3309784,1677,2348.167942
51907217,17,7600,67000011,249858.735,745053.4431,757.5521393,1445,2022.970147
51907241,8,7600,67000022,249364.8349,743903.4736,241.8504334,2164,3030.15844
51907255,9,7600,67000011,249522.7482,744989.8997,256.0074921,1635,2288.580698
51906370,9,7600,67000022,249274.2047,744075.3728,168.9485321,1941,2716.950322
51906445,11,7600,67000032,248624.4282,742968.3183,866.0974274,4525,6334.935557
51906446,8,7600,67000031,248268.3388,743776.4142,328.2540894,3465,4851.212945
53226140,7,7600,67000036,247892.3067,743499.603,224.0162354,4142,5799.210532
51906483,9,7600,67000013,250533.645,744669.31,322.6699829,909,1273.128897
51906498,14,7600,67000021,249046.5189,744263.233,259.523346,1863,2608.248013
51906518,16,7600,67000012,250269.7266,744632.3682,317.0435028,971,1359.191075
51906534,7,7600,67000012,250084.5641,744756.1027,148.0500946,1160,1623.941517
51906570,8,7600,67000021,249232.1217,744418.2645,179.310379,1704,2385.813698
51906590,6,7600,67000021,249655.7884,744519.6323,244.1475067,1278,1789.687382
51906625,9,7600,67000012,250030.2389,744683.7151,222.8670044,1101,1542.055409
51906631,14,5900,67000012,250134.8385,744728.3806,1168.515533,1068,1495.139378
51906651,6,7600,67000011,249626.1006,744934.3306,179.708313,1504,2105.328107
51907641,5,7600,67000013,250676.5256,744374.0949,319.6210022,619,866.7171017
51907649,15,5900,67000012,249917.1247,744719.7605,393.1564789,1186,1660.411254
51907737,11,7600,67000021,249108.1789,744212.0157,208.2998962,1905,2666.305837
51907819,12,7600,67000031,248651.7697,743447.4808,864.9748383,3868,5414.812541
51907823,12,7600,67000011,249575.1016,744781.7136,233.3539276,1469,2056.428501
51907846,8,7600,67000036,247941.5956,743507.89,413.9650421,4181,5853.03156
51908001,7,6520,67000012,250083.5359,744493.8468,124.0980835,888,1243.512233
53227165,4,6520,67000021,250073.788,744284.6411,245.792511,808,1131.879221
51908797,14,6520,67000012,249832.6181,744621.5062,701.5279388,1078,1508.709275
51909044,8,6520,67000013,250613.8393,744257.5232,224.3726807,530,742.5996547
51908405,6,5600,67000015,250090.8848,744046.4354,415.7995606,494,691.5574914
51909919,8,1000,67000014,250586.1729,744031.3817,170.0551453,360,503.5300437
51910101,8,6810,67000014,250602.1,743711.7326,2097.623932,139,194.8084587
51907907,7,7600,67000015,250712.748,742945.1249,192.9792328,1106,1549.08101
53227255,7,7600,67000013,250506.1692,744531.4162,402.1118774,777,1087.727267
51907964,8,7600,67000012,250011.4328,744435.0923,235.5202484,903,1263.902958
51907950,10,7600,67000013,250634.9865,744541.0627,183.7614441,765,1071.105397
51907978,10,7600,67000012,249965.3621,744595.3507,282.0802002,1110,1554.311327
51907979,9,7600,67000012,250382.0779,744732.8949,248.1608582,988,1383.045605
51907999,8,7600,67000012,250060.4116,744461.2505,238.4767761,876,1226.162323
51908027,24,7600,67000011,249681.9838,744851.4594,286.8688355,1575,2205.339175
51907284,7,7600,67000011,249472.8712,744967.8081,188.1411896,1670,2337.920813
51908183,16,7600,67000032,248604.6116,743166.1038,402.4536438,4888,6843.246947
51907346,8,7600,67000012,249764.615,744614.0285,184.065918,1132,1584.522082
51907356,12,7600,67000012,250285.1141,744719.063,244.4616089,1052,1473.066309
51907368,15,7600,67000021,249047.7891,744499.7783,285.3527069,1742,2438.603015
51907371,8,7600,67000031,248853.8013,743555.5032,265.590744,3833,5366.822783
51907410,6,7600,67000031,249071.7284,743114.1178,403.330719,3748,5247.134516
51907414,13,7600,67000025,249166.508,743677.3409,299.6625061,2509,3512.065487
51907447,5,6520,67000033,248474.3623,742426.7938,28.81990051,4828,6759.421658
51907500,15,7600,67000012,249780.1352,744782.7752,251.7411499,1293,1810.026873
51907517,15,7600,67000012,249846.205,744527.845,342.0262909,1056,1478.656355
51907530,7,7600,67000011,249380.2915,744854.4519,209.5154724,1567,2194.370272
53227193,8,7600,67000022,249447.4098,743955.6586,211.5278015,2134,2987.632557
51907562,18,7600,67000012,250000.1876,744873.8339,289.106308,1275,1784.771471
51907586,9,7600,67000011,249746.7101,745079.3528,173.6080475,1514,2119.786943
51908593,20,7600,67000021,250191.8227,744280.9826,642.599884,721,1009.034322
51908627,11,7600,67000021,249426.802,744599.8686,295.7024994,1437,2011.329786
53227387,20,5000,67000011,249641.4776,744869.5782,624.1219788,1551,2171.20519
51908728,8,7600,67000022,249342.9116,744004.2084,251.8471069,2059,2881.923584
51908751,6,6512,67000014,250929.7794,743634.5763,1013.154297,327,457.6636578
51908793,7,7600,67000015,249964.5274,744333.8042,244.99263,929,1300.890594
51908805,12,7600,67000031,248762.1813,743292.3542,756.338562,4009,5612.703734
51908899,12,7600,67000025,249021.2725,743709.3887,352.7644959,2803,3923.646704
51908860,4,7600,67000036,248151.1334,742928.7897,335.9726868,4719,6606.140033
51908914,8,7600,67000013,250499.7511,744501.8819,268.8547821,767,1073.38613
51908940,15,7600,67000011,249584.7678,744688.6527,178.8910523,1453,2033.644394
51908957,6,7600,67000021,249183.1113,744579.2447,196.3864136,1593,2229.927048
51908971,15,7600,67000012,250382.4284,744519.9695,250.8289948,801,1121.596338
51909066,7,5740,67000012,249665.8229,744588.5353,249.8350372,1229,1720.633767
51908330,11,7600,67000025,249457.9511,743462.8091,340.0887909,2600,3640.63819
51908366,20,6530,67000033,248148.9125,742881.4207,919.7884216,4688,6562.538339
51908427,14,7600,67000023,249648.891,744178.3145,439.5865936,1567,2193.210204
51908443,30,7600,67000021,249623.3064,744378.2446,331.0309601,1379,1930.282127
51908493,5,7600,67000011,249562.9463,744945.6127,139.801712,1605,2247.160177
51909211,15,7600,67000011,249381.4325,744747.828,440.7056885,1492,2089.372226
51909844,6,7600,67000031,249127.4581,742853.6768,238.1606445,4156,5818.546115
51909852,8,7600,67000022,249335.3781,743836.1273,275.258728,2250,3150.506322
68377409,5,7600,67000021,249243.8492,744587.9559,169.6309815,1537,2152.104148
53227497,17,7600,67000021,249216.3469,744520.2889,288.7704926,1634,2287.437615
51909315,16,7600,67000012,250321.6184,744672.8745,283.0368042,1018,1424.805563
51909337,8,7600,67000021,250041.4696,744301.535,482.2242279,886,1240.171122
51909343,10,6535,67000014,250624.7711,744058.9951,400.8062592,355,497.1440155
51909397,24,7600,67000011,249264.0832,745220.6175,210.6983643,1831,2564.084536
51909408,22,7600,67000011,249466.3181,745448.5592,387.3256836,1854,2594.938818
65282248,18,6520,67000017,249547.7973,745467.5766,2149.93692,2097,2935.846474
65282249,20,6520,67000017,249520.0522,745511.9596,2950.243439,2043,2859.502549
51909480,6,7600,67000036,248145.7506,743255.8991,374.5489197,4582,6414.952461
51909610,13,7600,67000013,250531.7855,744545.6413,200.0205078,791,1107.312966
51909634,12,7600,67000011,249590.2793,744807.1175,243.7221985,1490,2086.021431
51909674,13,7600,67000012,250288.7302,744749.3148,228.536087,1055,1477.258046
51909738,8,7600,67000012,250198.379,744679.8916,256.9779358,1031,1443.419173
51910306,11,7600,67000025,248946.7123,743398.0763,316.9667816,3963,5547.683647
51909790,5,7600,67000036,247713.7897,742997.4445,292.5947113,4435,6209.635018
51909793,12,7600,67000011,249684.3208,744641.1438,270.900528,1189,1664.025817
53227589,7,5305,67000021,249245.7393,744559.5071,147.5793457,1605,2246.934057
51910327,5,7600,67000022,249374.6816,744161.2012,331.2317963,1886,2640.556737
51910383,6,7600,67000011,249835.6611,744880.3674,196.145401,1348,1887.161983
51910405,22,7600,67000011,249292.4424,744986.8269,267.6721344,1705,2387.609895
51910481,8,7600,67000025,249092.0929,743175.9906,153.2905579,3772,5280.478122
51910482,6,7600,67000012,249870.6388,744845.1591,222.0146484,1313,1837.580905
51910511,10,7600,67000031,248842.7061,743507.777,191.8455048,3859,5402.32238
51910640,18,7600,67000012,250095.4422,744868.7881,281.28862,1227,1717.199563
51910673,6,7600,67000031,248581.5457,743806.3434,363.6027527,3323,4652.531929
51910741,7,7600,67000011,249305.45,744846.095,276.4149933,1577,2208.158147
51910781,4,7600,67000011,249521.9722,745022.6162,102.3014069,1604,2245.405941
51910783,8,7600,67000013,250580.6195,744522.7922,182.9915466,789,1104.692984
51910789,6,7600,67000012,249703.77,744636.5538,231.0700073,1176,1646.224791
51910806,5,7600,67000012,249959.4724,745024.4122,231.723526,1358,1901.295096
51910814,23,7600,67000011,249284.1299,744965.5652,218.0459137,1674,2343.739671
51910015,8,7600,67000031,248385.3784,743580.3478,365.3987732,3620,5068.523097
51910080,6,6520,67000015,250617.1625,742976.083,314.1321869,1181,1652.814389
65282445,10,7300,67000015,250058.5467,744139.8449,4087.618912,558,780.5856516
51910194,15,7600,67000021,249633.9296,744406.9359,238.5657196,1359,1901.926963
51910197,12,7600,67000021,249160.8224,744294.8125,271.5734558,1762,2467.458561
51910236,12,7600,67000011,249613.6536,744796.7489,277.6190186,1530,2142.114569
68377410,8,7600,67000012,250399.7371,744786.2315,159.7714386,989,1384.070789
51911292,7,7600,67000021,249138.0649,744360.3318,244.8571014,1753,2454.144068
51911374,20,7600,67000011,249853.1805,744984.2768,202.4760895,1430,2002.118758
51911395,7,7600,67000031,248579.9201,743846.8513,157.6269531,3316,4641.883516
51911427,9,6520,67000014,250961.5027,743616.1236,204.3060455,345,483.427046
51911430,10,7600,67000011,249381.2424,744875.693,476.112915,1581,2213.810006
51911453,15,7600,67000032,248757.4385,742975.2915,483.9375916,4464,6249.18575
51911573,4,7600,67000011,249606.6988,744974.3432,159.5533447,1630,2281.576057
51911590,11,7600,67000025,249501.6225,743439.8734,325.9118347,2723,3812.402778
51911619,12,1000,67000012,250000.3625,744853.2079,297.84758,1238,1732.85765
51911622,5,7600,67000013,250712.5198,744479.6949,241.6893768,705,986.392216
51911643,8,7600,67000013,250549.878,744489.7245,220.4882813,753,1054.604701
53227049,8,7600,67000012,250336.8883,744744.5347,178.9226074,1039,1455.282989
51911653,6,7600,67000021,249181.3604,744072.8738,307.4893494,1981,2773.963507
51911756,7,7600,67000036,247935.1214,743085.1102,448.8643036,4560,6384.4731
51910931,9,7600,67000031,248829.5833,743601.3041,247.5121002,3796,5315.043786
53227784,7,7600,67000013,250693.2151,744320.3572,275.8129425,641,897.0809131
51911040,7,7600,67000013,250632.1135,744679.001,224.5994568,845,1182.310435
51911197,9,7600,67000013,250599.8659,744637.0026,260.1961975,863,1208.600319
51912330,11,7600,67000011,249380.6122,744665.6899,331.9216766,1415,1981.249709
51912424,6,7600,67000011,249625.8216,744958.007,291.8807068,1489,2084.388115
53228051,20,7600,67000021,250199.352,744224.6803,627.8009186,712,997.0150702
51912446,16,7600,67000021,249141.6022,744391.6829,240.5275269,1730,2422.561582
53228057,4,7600,67000013,250635.6299,744356.6026,215.5528717,603,844.1108316
51912563,15,7600,67000022,249363.8405,744028.814,255.1689911,2058,2880.806342
51912543,21,7600,67000011,249284.8244,745049.569,181.4354553,1746,2444.097882
51912626,10,7600,67000022,249340.4085,744062.3127,248.1626282,2028,2839.388368
53228088,8,7600,67000022,249355.3828,743577.461,377.3385925,2388,3343.179694
51912714,4,7600,67000036,247917.0577,743502.1989,195.1108856,4162,5826.145869
51912720,13,7600,67000032,248511.76,743005.6426,423.0377655,4758,6661.297795
53228104,13,7600,67000011,249455.2924,744713.6713,230.2864533,1435,2009.450063
51911818,4,7600,67000036,247711.6093,743243.8249,276.6855927,4355,6097.023947
53227086,6,7600,67000031,249096.4995,743065.2538,287.7243195,3934,5507.36508
51911838,5,7600,67000013,250711.019,744524.7083,238.6673737,812,1137.352418
51911850,12,7600,67000021,249033.305,744161.75,277.0451965,1932,2704.491741
51911858,10,7600,67000012,250015.3607,744758.83,304.0056305,1209,1693.03959
51911859,11,7600,67000014,250723.0657,744023.5789,211.6522064,304,425.0599003
51911865,18,7600,67000012,250385.5483,744573.38,217.6450043,999,1398.943338
51911885,9,7600,67000022,249429.3811,744089.3914,275.733078,1827,2557.604179
51911888,7,7600,67000031,249113.5791,742864.0216,197.1360626,4166,5832.057871
53227097,12,7600,67000021,248980.8585,744775.5608,418.2861481,1812,2536.194492
51911892,11,7600,67000021,249380.3285,744573.4098,153.0417938,1438,2012.992247
51911898,10,7600,67000011,249538.7475,744709.4353,237.3155365,1415,1980.8453
51911969,5,7600,67000015,250720.3195,742923.4129,221.5370636,1092,1528.293647
51911911,6,7600,67000031,248658.6688,743853.8717,363.6851959,3177,4448.329336
51911973,22,7600,67000011,249426.1152,744721.7758,462.355423,1456,2038.676879
53227105,8,7600,67000022,249330.325,743952.7319,193.828598,2131,2983.509329
51911934,11,7600,67000022,249323.0044,744076.2401,263.4783783,2012,2817.297599
53227106,14,7600,67000034,248273.991,742300.5964,411.6830444,5120,7168.589569
51911980,6,7600,67000024,250000.3189,743211.3971,173.5171204,2184,3057.994701
51911982,12,7600,67000032,248735.0437,742910.1022,395.7090454,4488,6283.564151
51912148,14,7600,67000021,249108.1103,744559.5782,340.1560059,1795,2513.671894
51913133,9,7600,67000021,249639.1204,744432.2162,126.2681427,1340,1876.195336
51913153,5,7600,67000036,247725.0294,743257.5046,304.5582428,4325,6054.423872
51913154,8,7600,67000036,248068.1516,742887.6672,220.1126251,4640,6496.496422
51913171,9,7600,67000036,248220.7243,742996.3463,202.3792114,4747,6645.571156
51913239,15,7600,67000033,248383.406,742255.6946,453.9447784,4977,6967.271058
51913243,14,6520,67000031,248842.1083,743126.6369,1362.418869,4104,5746.246371
51913200,19,7600,67000021,249089.9251,744403.9561,255.371994,1810,2534.489956
51913230,6,7600,67000013,250702.1119,744396.2839,250.629776,659,922.2269414
51913315,5,7600,67000012,250253.2051,744616.8225,246.2575226,950,1329.398332
51917069,15,6520,67000033,248638.6122,742768.6962,838.1688538,4574,6403.965039
51917376,7,6520,67000013,250618.1269,744276.5442,373.5644531,544,762.0110368
51919463,9,6520,67000012,250088.5112,744477.025,141.2552185,878,1228.538382
51921348,4,1000,67000014,250667.5409,744060.7411,163.14357,325,454.692525
51931859,8,7300,67000035,247680.4121,742744.835,301.7995911,4705,6587.245242
51935276,8,7600,67000036,247647.1012,743113.4815,539.5542908,4327,6057.920062
51937085,9,6520,67000025,249224.8971,742889.6909,210.6428986,4142,5799.463641
51937103,9,6520,67000015,251038.1889,743093.7313,177.4059143,646,903.8687316
51938944,9,6520,67000014,250653.3883,743577.0387,247.2749939,220,307.9338634
51939116,11,6520,67000015,250739.1158,742960.7024,216.5164948,1112,1557.464756
51939909,8,6520,67000015,250877.7275,743059.3861,289.2866211,745,1043.062422
51941261,8,6520,67000014,250886.8109,743640.8632,839.6439819,264,369.1763969
51940829,5,7300,67000035,247254.7327,742687.6907,158.7863922,4928,6898.934483
51942245,16,6520,67000015,251104.7702,743209.9589,607.130249,627,877.2336729
51958894,4,7600,67000033,248205.0019,742645.2981,263.1631928,4898,6857.435681
51913331,10,7600,67000022,249527.0278,744166.0206,467.8946228,1544,2162.149421
53228221,18,7600,67000012,250335.1326,744528.761,312.4515076,834,1167.251769
53228222,5,7600,67000036,247956.358,742997.0692,352.9055328,4540,6355.367296
51913458,6,7600,67000031,248683.5128,743815.1436,207.8900757,3243,4539.988201
51913491,15,7600,67000021,249227.3538,744387.7234,288.1714935,1726,2416.730803
51913587,5,7600,67000036,248168.873,742942.3967,390.1216736,4719,6606.140033
51913596,7,7600,67000031,249050.2133,743129.101,482.8229675,3766,5272.570665
51913598,6,7600,67000036,247829.7605,743356.0164,366.102066,4333,6066.895936
51913609,5,7600,67000022,249191.5186,744049.6206,218.9024963,1982,2774.68861
51913615,6,7600,67000013,250640.1629,744404.7826,246.0079041,638,892.9005233
51913629,8,7600,67000024,249569.9207,743409.5116,302.9287262,2680,3751.869638
53228261,11,7600,67000015,250765.9224,742967.3887,128.0504456,1100,1539.307239
51913643,7,7600,67000031,249163.9776,742949.3665,164.3008423,4192,5869.390463
51912779,7,7600,67000036,247758.4066,743000.4233,209.689621,4421,6189.622165
53228263,7,7600,67000024,249590.449,743538.6557,292.0774994,2562,3587.335564
53228267,15,7600,67000012,250307.5643,744661.301,260.4359131,1005,1406.599062
51912786,8,7600,67000015,250897.9299,742998.1828,264.3339691,739,1034.821788
51912787,8,7600,67000015,250829.8381,743009.0704,406.4892273,901,1261.740333
51912822,7,7600,67000015,250699.5333,742964.8894,129.0460358,1137,1592.364049
51912862,8,6520,67000014,250878.478,743728.5209,2419.303925,282,394.6612462
51912834,6,7600,67000033,248288.5442,742688.8214,194.9376679,4843,6779.774669
51912851,12,7600,67000032,248542.299,743083.07,257.4099274,4821,6749.380007
51912926,8,7600,67000036,248042.8388,743037.2604,196.4547119,4622,6471.236805
51912936,4,7600,67000036,248131.1261,742944.8509,213.2352295,4716,6602.837766
53228137,8,7600,67000022,249443.7988,743576.8822,411.066864,2439,3414.839768
51912957,10,6520,67000035,247184.5083,742774.932,1125.530106,5004,7005.458913
51913037,9,7600,67000011,249326.9311,744937.285,937.0475006,1668,2335.791495
51913078,8,7600,67000036,247741.4884,742949.4629,357.0474548,4467,6253.145604
51913080,11,7600,67000031,248951.8496,743372.5509,380.828186,3949,5529.092244
51914052,4,7600,67000036,247879.6054,743275.0895,431.2299957,4386,6140.860442
53228345,8,7600,67000025,249048.9563,743223.4881,372.1088715,3818,5344.655822
51914174,10,5900,67000014,251075.1172,743299.9417,1620.010483,543,760.4624226
51914128,16,7600,67000021,249014.6,744343.44,210.6000061,1899,2658.025431
53228355,4,5521,67000033,248251.6817,742673.7596,368.9668427,4867,6814.085628
51914154,5,7600,67000022,249293.3586,743921.2599,369.9604645,2119,2967.25212
51914205,8,7600,67000012,250012.1773,744620.3545,240.5775452,1060,1484.332456
51914239,5,7600,67000011,249491.0858,744871.6708,467.0296326,1573,2202.682887
51914245,7,7600,67000033,248129.0145,742658.3628,508.9826965,4921,6889.474932
51914288,7,7600,67000031,248243.9324,743722.1182,218.5696411,3518,4924.886788
51914330,12,7600,67000021,249160.7557,744318.8555,306.8321381,1763,2467.924293
51914344,5,7600,67000036,247757.0243,743305.179,208.6949005,4291,6007.752571
51914455,8,7600,67000013,250686.4746,744461.7947,345.7588959,686,960.7243997
51914461,11,7600,67000021,249095,744583.035,445.0350189,1646,2304.359955
53228415,15,7600,67000015,251118.4788,743123.8289,306.6607361,701,981.4425258
51914554,5,7600,67000036,248283.6538,742944.7412,260.9451752,4819,6746.019969
51914564,8,7600,67000015,250032.2144,743261.5398,173.0600128,2288,3203.198323
51914565,8,7600,67000015,250884.5911,743099.6636,353.4078064,737,1032.271463
51913764,9,7600,67000022,249392.1547,743837.4417,379.9615479,2274,3183.080645
51913774,32,7600,67000011,249244.2879,745082.102,563.638092,1785,2499.394106
53228322,18,7600,67000011,249601.4161,745243.7868,425.8656921,1684,2357.167145
51914009,14,5501,67000012,250050.121,744678.9356,217.5600128,1087,1521.597548
51915011,16,5501,67000032,248574.6438,743024.5943,712.7586517,4789,6705.098573
51915043,10,7600,67000024,249752.0666,743403.5447,125.0600128,2420,3387.99431
51915068,14,7600,67000022,249307.4792,744094.2791,259.4105377,1994,2791.306798
51915136,9,7600,67000012,250044.0256,744388.7599,445.9497528,920,1287.71585
51915137,15,7600,67000025,248929.6,743802.1952,443.6175842,2831,3963.181614
51915139,8,7600,67000022,249271.7604,744017.1703,331.1142731,2053,2874.10156
51915311,5,7600,67000036,248160.3344,743037.2249,265.2878571,4699,6577.940248
51915370,7,7600,67000014,250756.7008,743979.7206,340.6406097,334,467.1986026
51915381,25,5340,67000013,250692.843,744686.7567,744.7350006,837,1172.132208
51915383,8,6530,67000014,250955.1615,743772.99,612.0901489,259,363.0105955
51915389,10,7600,67000011,249471.0003,744825.3886,485.5921021,1537,2152.283123
51915457,5,5305,67000012,250378.234,744550.7238,124.4610596,1003,1404.6938
51914650,24,7600,67000011,249314.8469,745031.2816,338.6743164,1724,2414.284521
51915541,9,7600,67000022,249266.2311,743931.2008,353.9726563,2140,2995.838728
51914675,7,7600,67000011,249566.6916,744831.6459,129.754837,1497,2095.927884
51914696,18,7600,67000012,249892.0281,744682.5249,351.4959259,1136,1590.766466
51914703,7,7600,67000012,249854.9984,744823.2721,242.5462647,1269,1776.795612
51914718,7,7600,67000033,248211.1488,742718.8025,566.3708191,4848,6787.799652
51914726,5,7600,67000015,251104.9184,743076.5369,233.6925049,731,1023.797642
51914750,10,7600,67000021,250023.4626,744344.1258,317.8578491,898,1257.278264
51914917,13,5740,67000012,250264.0079,744744.6086,302.2636108,1072,1501.19003
51915924,8,7600,67000015,250664.5489,742881.5417,330.4128723,1093,1529.788503
53228664,13,7600,67000022,249396.7554,743551.8752,776.6198578,2664,3729.740479
51915940,5,7600,67000036,247986.6772,743264.7714,317.3782196,4510,6314.612224
51915943,22,7600,67000032,248728.8859,743137.1835,374.7492218,4334,6067.545732
53228667,12,7600,67000031,248897.8583,743407.1542,149.1111755,3942,5518.53804
51915960,7,7600,67000022,249352.2517,744043.7395,402.3100739,2044,2862.188967
51915965,13,7600,67000032,248669.726,743146.2287,504.9418945,4334,6068.224171
51915986,6,7600,67000022,249409.9508,743933.7302,249.8302765,2159,3023.240617
51916021,10,7600,67000025,249305.5319,742864.4495,248.2454987,3928,5498.684516
51916034,8,7600,67000022,249394.1221,744150.4351,242.5562439,1871,2619.013609
51916072,5,5305,67000012,250339.1207,744687.1699,242.70961,1029,1440.098154
51916090,14,7600,67000033,248537.5049,742790.7703,272.0223999,4610,6454.245214
51916118,8,7600,67000036,247927.6701,743322.8491,443.4815521,4406,6168.753859
51916122,6,6520,67000031,248635.1511,743481.198,149.7315216,3842,5378.695033
51916146,15,7600,67000023,249952.1579,744024.1784,358.0814819,1115,1561.377562
51916152,7,7600,67000031,248220.3647,743667.6169,373.8414764,3548,4967.724431
51916193,8,7600,67000031,248590.6211,743606.8196,548.1616211,3760,5264.215936
51916284,16,7600,67000012,250362.7063,744727.2514,292.6879273,1001,1401.76987
51916382,12,7600,67000032,248489.054,742969.6411,399.3681488,4725,6615.232374
51916325,9,3600,67000013,250521.0596,744494.1843,309.732132,753,1053.710825
51916328,8,7600,67000022,249319.2992,743967.2434,158.568985,2095,2933.647915
51916334,10,7600,67000021,249640.3468,744356.2772,234.698288,1359,1902.653755
51916372,9,7600,67000022,249377.0989,743815.4412,221.5721741,2274,3183.080645
53227883,8,7600,67000015,250600.9924,743053.1397,225.1526489,1213,1698.058439
51916396,5,7600,67000031,249104.0285,742995.0776,272.0887451,3904,5465.565211
51916409,7,7600,67000015,250934.4002,743048.4576,230.4324799,687,961.6135805
51916453,9,7600,67000036,248023.2704,743311.0845,746.5827942,4477,6267.692879
51916464,7,7600,67000031,249021.6768,743063.053,419.369751,3976,5566.424032
51915559,8,7600,67000022,249321.7326,744021.562,280.983902,2040,2855.931886
51915588,15,7600,67000023,249717.1714,744156.9741,474.7274017,1603,2244.678479
51915638,6,7600,67000031,248348.8283,743618.9537,378.5234833,3596,5034.938305
51915658,10,5501,67000025,249405.5634,743489.8954,421.0071259,2642,3699.444587
53228618,9,7600,67000034,248355.1275,742360.5291,486.7145386,4994,6991.53414
51915716,7,7600,67000015,250956.0216,743034.0233,338.4556427,600,839.5423177
51915821,8,7600,67000011,249573.9749,744722.9069,201.2680054,1470,2058.293718
51915851,8,7600,67000015,250915.75,743065.1614,307.3969879,704,986.0512817
53228647,15,7600,67000032,248752.6437,743058.3764,447.6927643,4493,6290.042973
51915882,9,7600,67000022,249434.4532,743967.3826,314.3569641,2124,2973.35422
51916862,9,7600,67000024,249590.5128,743474.7983,427.3776703,2567,3593.94468
51916871,14,7600,67000011,249598.0879,744771.1222,215.9913483,1509,2112.149258
51916895,14,7600,67000014,251025.4437,743211.9552,188.5332489,561,785.4919923
51916949,7,7600,67000012,250103.733,744712.703,258.0080719,1065,1490.838986
53227982,12,7600,67000011,249432.3804,744632.3494,294.4862671,1371,1919.777616
51916985,18,7600,67000024,249684.7519,743424.4638,476.9762726,2725,3814.742444
51917002,12,5305,67000012,250218.5807,744630.2185,283.0744019,971,1359.955718
51917003,5,7600,67000013,250710.3338,744461.1975,133.890564,703,984.5708016
51917019,11,7600,67000021,249161.8747,744560.9383,270.2508545,1795,2513.671894
51917114,7,7600,67000031,248930.9248,743337.9528,190.0399628,3933,5506.783343
51917044,10,7600,67000022,249341.2957,743598.0863,376.2433777,2371,3319.640878
51917058,7,5501,67000015,251031.2286,743151.0624,155.9480133,605,846.790627
51917121,9,7600,67000031,248706.2139,743542.6688,216.8807373,3880,5431.462991
51917236,7,7600,67000036,248054.878,743293.5087,386.5430603,4498,6297.656183
51917307,15,7600,67000011,249327.6315,744789.1971,301.345932,1540,2156.622189
51917322,10,7501,67000021,249089.7018,744433.2518,232.3841858,1789,2505.207719
51917337,15,7600,67000024,249639.7114,743489.5518,184.0266724,2518,3524.987276
51917347,6,7600,67000031,249001.6089,743160.2205,315.2619324,4033,5646.609652
51917391,7,7600,67000025,249149.5381,743261.0936,280.4734345,4126,5776.026632
51916489,8,7600,67000015,250649.5019,742982.9969,268.8267822,1164,1630.154499
51916531,10,7600,67000013,250484.5275,744460.1746,163.0032959,771,1078.917066
51916543,7,7600,67000015,250787.4157,742911.9808,277.4909515,976,1366.945116
51916545,5,7600,67000036,247741.8129,742896.2335,406.5261841,4505,6306.325082
51916559,5,7600,67000031,248737.0615,743417.9956,245.3079529,3924,5494.092822
51916646,4,7600,67000032,248321.6309,742911.6841,417.2263641,4846,6783.701359
53227924,18,7600,67000024,249705.2352,743403.0949,535.1075592,2704,3785.171189
51916627,6,7600,67000025,249260.7985,742795.226,177.84935,3969,5556.961102
51916636,12,7600,67000031,248580.429,743523.857,382.3114777,3790,5306.111779
51916727,8,7600,67000021,249975.2347,744383.557,275.7522888,956,1338.72737
51916738,6,7600,67000014,250710.2093,743977.9323,47.95710754,261,365.5726698
51916739,9,7600,67000012,250245.9859,744684.6849,263.5475769,1062,1487.098154
51917771,8,7600,67000031,248376.786,743618.3044,356.8865662,3620,5068.034579
51917777,11,7600,67000013,250638.3658,744650.6286,207.0109558,837,1172.272425
51917801,4,7600,67000015,251095.7061,743105.3566,92.84222412,710,993.5769379
51917853,21,6520,67000012,249957.6469,744830.6005,265.6067658,1246,1744.30664
51917905,8,7600,67000013,250651.1641,744522.7728,314.1429749,723,1012.628141
53229025,10,7600,67000031,248503.2149,743827.5528,256.3080902,3296,4614.242707
51918025,20,7600,67000012,249985.1472,744686.4808,497.4915009,1102,1542.176991
51918028,8,5305,67000012,250353.633,744563.257,331.460083,984,1377.105564
51918029,7,7600,67000031,248611.6598,743557.0658,446.4753265,3793,5310.899543
51918145,7,7600,67000011,249496.7827,744819.561,183.2976074,1504,2105.038704
65282066,6,7600,67000015,251056.9505,743155.9969,304.4018097,669,937.0669117
51918277,9,7600,67000024,250002.5671,743264.3053,187.2111664,2285,3198.308969
51918287,5,7600,67000015,250997.5832,743071.6397,215.8507538,659,923.2306409
51918312,4,7600,67000036,247722.8275,743306.8953,411.8905792,4282,5994.217267
51917424,5,7600,67000036,247707.0158,742919.1634,218.2698517,4484,6277.953699
51917427,12,7600,67000011,249453.5698,744606.5424,380.992569,1351,1891.660666
51917437,12,7600,67000021,249020.115,744704.4686,343.690033,1748,2446.732408
53228936,7,7600,67000025,249245.6554,742788.6482,166.8625794,4143,5800.573489
51917468,4,7600,67000013,250677.9352,744400.0132,237.9184418,636,890.9870898
51917477,9,7600,67000031,248944.4574,743304.5317,230.7885895,3950,5530.359195
51917549,12,7600,67000012,250308.332,744716.5818,235.1425171,1039,1454.303555
51917572,6,7600,67000031,248293.0639,743744.9193,255.6475983,3479,4870.706126
51917638,26,7600,67000011,249234.5078,745265.2688,305.2454987,1883,2635.653223
51917676,15,7600,67000011,249451.5596,745522.4982,284.4875488,2018,2825.705144
51917689,12,7600,67000021,249160.5848,744265.5121,377.6136627,1778,2489.475723
51917708,20,7600,67000021,250162.6562,744232.6459,297.9094696,738,1033.820196
51917743,9,7600,67000022,249477.8534,743807.5552,216.2442017,2760,3863.584096
51918713,17,7600,67000032,248596.8671,743131.1739,337.1907806,4863,6808.422666
51918718,9,7600,67000036,247825.0608,742987.6099,521.3585358,4461,6245.152551
51918748,13,7600,67000031,248937.5938,743322.0607,176.0599976,3921,5489.558219
51918760,13,7600,67000022,249518.6102,743741.642,242.8150482,2683,3756.735665
51918773,8,7600,67000015,250666.0162,742965.1233,218.1885529,1136,1590.845265
53229174,6,7600,67000036,247808.6217,743495.8822,332.934906,4081,5714.002021
51918840,5,7600,67000022,249372.8677,743852.3271,326.4177399,2268,3175.180684
51918868,12,7600,67000012,250335.5509,744809.1619,450.6501465,1036,1450.339109
53229187,6,7600,67000031,248823.1442,743540.0138,138.5939789,3832,5364.599733
53229191,9,7600,67000031,249225.2644,742800.3313,137.1351471,4138,5792.717548
51919041,7,7600,67000011,249454.0283,744999.1411,309.2004242,1675,2344.440483
51919084,9,7600,67000022,249359.6627,743986.5782,267.6738129,2076,2906.176895
53229226,12,7600,67000031,248975.4415,743324.9756,254.8034668,3911,5475.971677
51919139,19,7600,67000021,249157.9892,744500.6617,292.9513855,1770,2477.394684
53229240,11,7600,67000032,248664.6651,742902.2441,533.1650085,4508,6310.811899
51919159,8,6520,67000015,250637.8706,742943.259,371.9558563,1146,1604.777403
51919179,7,7600,67000025,249328.9593,742916.2007,186.063858,3897,5455.668548
51919204,6,1000,67000031,248252.8153,743465.2304,241.1598053,3929,5501.099479
51918343,5,7600,67000036,247961.8074,743023.0166,276.7019959,4558,6381.738431
53229252,7,7600,67000022,249502.3554,743754.5935,225.5927582,2698,3777.513931
53229096,8,7600,67000021,250064.2657,744331.4388,436.1784363,912,1277.35839
51918369,7,7600,67000031,249161.905,742980.5011,223.0808868,3863,5408.252965
51918391,4,7600,67000031,248271.4962,743685.0526,458.8497772,3512,4916.544892
53229105,8,7600,67000031,248662.5156,743503.8449,490.6533356,3869,5416.874294
51918411,8,7600,67000031,248857.7606,743244.1112,238.1844788,4001,5601.535002
51918470,12,7600,67000015,250933.33,743002.7292,343.6559601,665,930.5092088
51918494,23,7600,67000011,249276.9649,744941.2554,166.2310028,1656,2318.606106
51918582,16,7600,67000012,249890.8331,744732.6244,287.9668427,1204,1685.661697
51918588,18,7600,67000021,249211.2917,744435.4062,235.3982849,1693,2370.545014
51918612,30,7600,67000012,249927.0024,744569.5782,645.2142029,1068,1495.48352
51918627,12,7600,67000032,248557.848,743134.3171,370.5972748,4860,6804.324069
53229146,11,7600,67000025,249377.1989,743501.7903,357.6479645,2753,3854.022818
51918680,11,7600,67000021,249323.4554,744618.0184,241.9020538,1483,2076.54301
51919634,9,7600,67000025,249321.9854,743188.6301,202.7030945,4306,6028.264177
51919644,14,7600,67000013,250516.5625,744459.1667,177.5216065,748,1047.470173
51919664,6,7600,67000015,250778.14,742891.6641,252.0612335,992,1389.258768
51919677,10,7600,67000014,250352.0771,744142.2956,169.4104462,570,798.3685517
53229338,8,7600,67000015,250780.3285,743104.7577,264.788147,822,1150.863904
53229340,19,7600,67000012,249933.8058,744830.6258,295.623291,1262,1766.73886
51919732,6,7600,67000031,248377.6022,743787.0586,285.6048584,3411,4775.977759
51919734,11,7600,67000021,249026.3937,744665.2282,274.7995758,1719,2406.967763
65282511,8,7600,67000036,247746.3849,742922.8571,319.6788635,4486,6279.757466
51919859,7,7600,67000011,249536.8132,744777.6906,155.5529633,1453,2034.226235
51919963,33,7600,67000011,249212.262,745107.0533,406.5540314,1812,2537.133412
51919469,20,6520,67000012,250091.195,744511.655,635.9748993,933,1305.916077
51920905,8,7600,67000022,249393.9146,743956.3043,260.2450104,2109,2952.897953
53229465,12,7600,67000021,249652.8106,744491.9144,255.4410553,1298,1817.516409
51920393,22,7600,67000015,250091.054,744232.8242,640.9670563,790,1105.391001
51920403,12,7600,67000021,248994.7188,744680.3573,325.6296082,1818,2544.835859
51921808,15,7600,67000014,250829.4738,744169.2091,465.430069,510,714.0859293
51921820,8,7600,67000022,249374.9787,743970.546,130.6892395,2092,2929.476372
53228851,8,7600,67000022,249213.0201,744029.3194,237.8808289,2017,2823.370406
51921837,7,7600,67000022,249263.8823,744092.3636,303.7094421,1978,2768.868906
51921375,9,7600,67000012,250229.0038,744649.6848,234.3860169,967,1354.229284
51922788,9,6520,67000036,247894.5362,742956.6266,715.8772736,4537,6352.381363
53229893,5,7600,67000011,249575.9389,744848.6075,245.9363556,1511,2115.25369
72617989,8,7600,67000036,247618.4519,743164.9733,483.7103119,4260,5963.693506
51922294,8,7600,67000013,250621.9895,744311.7743,440.4313965,570,797.4910014
51923701,10,7600,67000013,250667.0533,744302.4682,236.1771088,567,793.4652532
51923738,6,7600,67000022,249309.123,744035.9358,267.1906738,1983,2775.712557
51923184,8,5000,67000012,249711.6715,744574.2695,163.6439972,1193,1670.235705
51923245,13,7600,67000024,249782.0344,743564.3048,554.7733154,2474,3462.901358
51923246,10,7600,67000031,248702.4222,743394.0562,576.7970123,3920,5488.433931
51924613,12,7600,67000021,249186.8632,744635.3927,465.7777405,1579,2210.888138
53230234,12,7600,67000021,249182.2396,744491.9929,231.3798981,1655,2317.223796
51925565,13,7600,67000012,250452.1779,744513.8625,286.8911285,777,1088.48262
51925074,12,7600,67000021,249289.5703,744631.5362,506.956604,1507,2110.492027
53229689,6,7600,67000011,249478.9136,744783.4131,187.7174988,1475,2064.6869
51926507,11,7600,67000021,249645.5952,744463.0946,180.3513184,1319,1846.117008
51926508,14,7600,67000021,249082.9623,744283.9113,257.0791626,1849,2588.776982
51926539,18,7600,67000021,249219.2418,744262.9239,260.7503815,1720,2407.937482
51926540,8,7600,67000011,249388.8113,745086.0562,205.0612793,1767,2473.159583
51926067,12,7600,67000011,249815.9937,744854.887,264.9079132,1303,1823.893981
53229614,9,7600,67000021,249354.9301,744169.414,374.4834442,1900,2660.477379
51926095,8,7600,67000012,250115.5978,744864.1554,168.3731232,1212,1696.63307
51926100,8,7600,67000013,250571.9286,744481.9061,359.1305695,722,1011.09126
53230759,11,7600,67000033,248416.4261,742435.247,786.3147278,4868,6815.280847
51926912,10,7600,67000033,248424.6918,742769.0539,835.5825043,4691,6566.845716
51927045,11,7600,67000025,249136.7255,743628.7787,328.7614441,2551,3570.803256
51927092,6,7600,67000034,248316.116,742373.1855,316.2590637,4980,6971.613068
51928103,6,7600,67000031,248425.872,743798.9761,186.604126,3431,4803.290357
51928261,9,6512,67000033,248385.3528,742771.3451,411.907135,4719,6606.006992
51928352,10,7600,67000033,248288.7076,742770.6234,565.2597961,4786,6700.702685
51928388,6,7600,67000033,248424.805,742401.1983,633.3000031,4870,6818.354435
51928484,7,7600,67000015,250897.4964,743039.4129,189.749176,702,982.763048
65282828,4,7600,67000034,248332.584,742441.9736,710.4597778,4939,6914.257024
51927962,14,7600,67000033,248558.7368,742767.5648,231.8673096,4595,6432.497078
51928036,8,7600,67000031,248966.2877,743127.2194,280.1995087,4036,5650.523474
51929046,13,7600,67000025,249335.2159,743557.9427,667.0581513,2679,3750.119129
53231087,8,7600,67000031,248682.6592,743479.4659,634.1132507,3873,5422.640725
51929431,5,7600,67000015,250650.1361,742916.0066,227.2984924,1127,1577.334766
51929446,6,7600,67000034,248311.1415,742421.8601,320.1004181,5066,7091.915214
51929523,9,7600,67000034,248224.6111,742565.8749,747.3240509,4972,6960.398263
51928909,4,7600,67000034,248294.8839,742381.0452,293.9169006,5054,7076.260765
51928952,9,7600,67000022,249517.6036,743769.8897,225.8789215,2715,3801.403041
51929985,22,7600,67000031,248730.6819,743179.3969,403.2848663,4308,6031.068543
51930364,14,7600,67000034,248325.5962,742270.7543,495.9186249,5078,7109.375409
51930394,11,7300,67000034,247708.4138,742670.0921,1943.647171,4757,6659.522309
51930452,7,7600,67000033,248151.2536,742681.9721,534.9105988,4900,6859.634888
51929861,9,7600,67000033,248475.0825,742465.0463,589.9407349,4802,6722.736486
51929922,6,7600,67000025,249116.9106,743078.4062,266.4519806,3721,5209.361954
51931367,6,7600,67000034,248305.4475,742562.8028,379.0421753,4891,6847.887827
51931409,6,5521,67000015,250804.804,743148.9272,311.8867493,800,1120.193963
51930824,4,7600,67000033,248260.4245,742693.0085,464.0634003,4863,6808.851981
51930844,10,7600,67000033,248139.5926,742741.1628,536.9190064,4890,6846.559776
51931863,6,6520,67000033,248173.2594,742743.272,117.2535858,4869,6816.0194
51932240,9,7600,67000033,248262.0438,742729.6571,554.7507935,4832,6765.36482
51932845,7,7600,67000033,248453.7555,742572.8663,606.7829742,4780,6692.061531
51932729,8,7600,67000033,248479.5416,742722.9477,729.2007752,4785,6698.321119
51932780,14,7600,67000034,248214.2251,742317.9107,432.3904572,5165,7230.3532
51934094,5,7600,67000034,248325.1446,742394.8491,262.2739563,4972,6960.79107
51934160,6,7300,67000034,247707.2512,742735.8673,256.0509644,4725,6615.5035
53232054,7,7600,67000015,251110.1825,743163.3887,140.2480011,666,932.833889
51934853,8,7600,67000025,249606.7709,743082.4836,286.471344,3214,4499.639378
51934859,6,5740,67000036,247681.15,743250.19,122.1599884,4345,6082.796524
65282184,5,6512,67000014,251058.5481,743642.2645,807.3810883,408,570.6250325
51934370,12,7600,67000032,248515.8523,742919.3453,777.7464905,4694,6572.241286
51934371,6,7600,67000025,249266.6469,742988.0878,131.4756165,3912,5477.431539
51934435,8,7600,67000015,250692.7799,742894.1719,294.2715149,1099,1538.1272
51934445,9,7600,67000015,250584.9838,743020.9785,296.2498474,1213,1698.351887
51934452,7,7600,67000015,250730.5353,742873.4529,191.5261383,1058,1481.133187
53232020,7,7600,67000033,248311.2443,742590.9258,376.7538757,4880,6832.15166
51935694,7,7600,67000015,250591.159,742990.6356,227.3267212,1200,1680.595703
51935705,9,7600,67000015,250769.5134,742864.4935,264.9639282,1013,1417.694853
51935716,4,7600,67000036,248077.5944,743115.3197,265.2088776,4600,6440.626237
51935722,15,7600,67000025,249012.7539,743272.4771,183.8412018,3863,5407.773564
51935737,7,7600,67000015,250900.5693,743082.449,254.8860626,721,1008.871255
51935773,8,7600,67000031,248581.747,743583.3196,499.9611969,3765,5271.305788
51935792,15,7600,67000032,248546.9389,742971.6111,686.2267456,4747,6645.367666
51935843,8,7600,67000015,250660.4142,743020.5227,298.8940125,1187,1662.258731
51936039,6,7600,67000024,250003.173,743246.2076,173.3120728,2206,3087.938003
51936063,7,7600,67000025,249232.9292,742848.9966,263.8032379,4129,5780.335521
51936113,19,7600,67000012,249880.6468,744713.9998,264.882782,1203,1683.819373
51936170,12,7600,67000032,248565.0365,743189.1528,530.045044,4902,6862.24173
51935294,6,7600,67000022,249383.8677,743901.1025,245.1831818,2178,3049.152102
51936203,20,7600,67000024,249769.7083,743588.9806,563.4919128,2497,3495.113773
53231432,9,7600,67000015,250881.5939,743010.407,247.6767273,751,1051.499819
53231433,8,7600,67000036,248199.4683,743261.4034,691.2959595,5097,7136.050188
51935309,4,7600,67000015,250628.75,742953.1323,281.4321594,1160,1624.657543
51935330,6,7600,67000036,247661.3741,743319.9592,394.697052,4216,5902.75325
51935339,8,6512,67000014,250976.7575,743402.7183,529.6536102,442,619.136717
51935373,7,7600,67000015,250916.0872,743019.1561,261.2743835,682,954.328107
51935378,12,7600,67000013,250681.8684,744277.301,445.7877655,648,906.8070479
51935539,9,7600,67000031,249083.3515,743085.7033,234.9512787,3949,5529.005224
51935592,10,7600,67000033,248415.7927,742377.3772,479.9352417,4888,6843.725511
51935621,5,7600,67000034,248372.1892,742382.6897,348.5783691,4996,6994.847621
53231329,10,7600,67000036,248138.6659,743007.8796,282.10672,4696,6574.983367
51936611,8,7600,67000033,248377.3703,742722.6925,516.0221558,4757,6659.995869
51936627,12,7600,67000025,248894.445,743851.2005,418.9015198,2788,3902.969205
53232377,8,7600,67000036,247708.8983,742896.6177,469.5298767,4504,6305.725634
51936752,6,6512,67000032,248699.3305,743072.3744,300.4156952,4383,6136.115432
51936686,6,7600,67000025,249601.8364,743103.8569,168.1396637,3230,4521.443888
51936828,7,7600,67000013,250693.1161,744297.1291,333.6999359,648,906.8070479
51936776,8,7600,67000015,250641.3328,743030.6346,190.6379242,1182,1654.242687
51936990,15,5501,67000012,249999.2276,744659.3473,225.3878784,1076,1507.086767
51937039,5,7600,67000011,249514.4788,744787.2382,186.563385,1488,2083.64103
51937042,12,7600,67000021,249397.1972,744606.8458,258.5624237,1437,2011.619109
51937090,12,7600,67000032,248759.9552,742937.4021,408.1012573,4477,6267.178096
51937101,12,7600,67000032,248467.4542,742932.3946,396.0049744,4694,6572.241286
51937109,5,7600,67000036,248140.8406,743290.6983,185.0666199,4591,6426.841227
51937115,6,7600,67000011,249265.4986,744819.9021,208.3009338,1549,2168.957234
51936267,5,7600,67000022,249278.0745,743866.3485,204.183136,2204,3085.889418
51936269,12,7600,67000032,248552.0574,743241.1286,487.4758911,4924,6893.430307
51937143,7,7600,67000022,249233.9664,744014.0868,245.5204468,2035,2848.987555
51936272,8,7600,67000036,247919.1705,742946.7737,619.5643005,4537,6351.546011
51937158,5,7600,67000015,250610.1501,743012.4596,297.9315643,1194,1671.297912
53231445,15,7600,67000021,249603.1024,744271.4319,481.5344391,1503,2104.586498
53231478,19,7600,67000012,249745.4603,744730.6356,273.6825256,1250,1749.612677
51936471,6,7600,67000013,250698.5825,744373.1363,247.612381,657,919.4039513
51936475,18,7600,67000024,249729.2191,743374.1606,543.0910645,2677,3747.47056
51936491,10,7600,67000012,249717.9372,744691.6345,195.5722199,1222,1711.276509
51936500,24,7600,67000011,249659.312,744642.6728,474.0692902,1320,1848.203232
51936505,9,7600,67000012,249754.0963,744751.2286,152.6657715,1265,1770.568922
51936531,8,7600,67000012,249935.8014,744542.1566,159.4911957,990,1385.542454
53231497,8,7600,67000031,248905.1819,743390.6077,164.650116,3955,5536.635318
51937533,8,7600,67000015,250804.9553,742877.4905,290.8411408,995,1392.446311
51937538,8,7600,67000011,249545.5576,744676.3478,191.155014,1430,2002.423672
51937543,5,7600,67000036,248037.1735,743213.4259,261.4457855,4536,6351.083897
51937544,21,7600,67000024,249771.9751,743324.5583,568.3365326,2630,3682.23074
53232534,9,7600,67000015,250763.0027,742938.3903,305.451294,964,1350.091268
51937578,15,7600,67000031,249078.3436,743000.9643,130.9398956,4251,5951.096094
51937605,8,7600,67000036,247867.9701,743346.9948,422.9967499,4360,6104.417198
53232546,7,7600,67000015,250628.9306,743000.5407,279.3366547,1180,1652.667935
51937910,19,7600,67000012,250154.6495,744300.9003,318.023468,998,1397.798972
51937912,15,7600,67000034,248105.8255,742362.6515,419.2248993,5194,7270.901862
53232592,9,7600,67000034,248356.3314,742512.5607,674.574173,4929,6900.518665
51937939,8,7600,67000012,250020.5142,744651.0528,203.8299561,1060,1484.322874
53232598,20,7600,67000021,250117.3823,744293.5667,599.871872,775,1084.565257
51937975,15,7600,67000011,249360.8136,744759.2921,469.3624573,1509,2112.901748
51938050,11,7600,67000032,248636.6256,743021.2134,952.528183,4563,6388.151229
51938063,11,7600,67000032,248610.6812,742910.9044,943.5325775,4508,6310.811899
51938071,7,5900,67000014,250987.7336,743224.0935,151.8395996,544,761.1108718
51938083,10,7600,67000015,250028.7878,743279.1292,191.9768982,2277,3187.615782
51937484,9,7600,67000025,249111.6333,743251.3418,190.2424164,3601,5041.624973
51937507,10,7600,67000015,250806.7105,743056.7796,221.4832916,871,1219.811205
51938462,6,7600,67000036,247870.0193,743494.3758,308.4579926,4126,5776.558771
51938470,6,7600,67000031,249033.2104,743148.3452,293.5390015,3784,5298.261603
53232691,12,7600,67000021,248986.4305,744723.9948,320.6635895,1793,2510.131914
53232696,4,7600,67000031,249124.233,742976.4483,222.1133881,4216,5902.955404
51938505,7,7600,67000025,249299.1304,742887.9481,198.0334015,3910,5474.323991
51938515,7,7600,67000025,249295.5898,743161.8901,146.2424927,4299,6017.923321
51938540,5,7600,67000015,250746.3348,742893.1621,328.7252655,1000,1399.696241
53232708,13,7600,67000031,248500.5113,743581.2716,567.7881775,3717,5203.669696
53232713,15,7600,67000032,248759.2572,743018.7743,383.5339356,4468,6255.728737
51938597,4,7600,67000015,251067.859,743106.483,273.7489777,701,981.9225429
51938799,7,7600,67000024,249996.8344,743194.2575,172.8798981,2341,3276.746398
51938817,6,7600,67000031,248993.1345,743230.5311,211.9544983,3848,5386.618919
51938829,8,7600,67000033,248433.218,742721.1132,484.7681732,4752,6653.335374
51938917,8,7600,67000031,248267.6589,743735.5737,263.9558411,3498,4897.640655
51938934,12,6512,67000014,250877.7243,743538.8237,3206.499954,326,455.988395
53232788,8,7600,67000022,249303.0191,743883.6961,198.5780182,2214,3099.093218
51939018,5,7600,67000022,249282.6089,743896.4627,311.8570099,2196,3075.098413
51938098,9,7600,67000036,247898.9734,743335.2234,441.9889374,4384,6137.555241
53232672,5,7600,67000015,250911.4331,742980.821,312.0376587,685,959.4037586
53232678,12,7600,67000031,248800.2021,743181.728,719.4578552,4100,5740.359815
51938415,10,7600,67000031,248172.5624,743656.0381,279.9663239,3580,5011.926981
51938446,12,7600,67000031,248437.6465,743586.4476,959.5233002,3657,5120.045562
65282067,6,6520,67000015,250829.6789,743498.592,1413.268356,310,433.6495568
51939110,6,7600,67000031,248788.7607,743359.6392,323.8626099,3979,5569.929214
51939113,8,7600,67000015,250865.7396,743033.9747,311.2878876,775,1085.502712
51939797,9,7600,67000036,247628.8134,743140.4535,610.9310608,4279,5990.102126
51939262,7,7600,67000025,249571.0565,743165.4341,234.0564117,3273,4582.596567
51939274,10,7600,67000036,247956.6778,742936.4456,596.0270386,4620,6467.79374
53232852,7,7600,67000012,249758.1783,744660.7069,187.5954437,1196,1673.722193
51939385,9,7600,67000024,249795.1248,743359.5395,77.58013916,2367,3314.413748
51939402,6,6520,67000014,251000.7614,743253.4188,112.0927429,529,740.1639338
53232862,12,7600,67000033,248072.717,742741.7774,203.8980103,4850,6790.377855
51940255,14,7600,67000022,249489.9262,743715.055,696.5675049,2687,3761.253308
51940292,10,6512,67000014,250942.8422,743520.2219,1538.110931,392,549.4497125
51940301,12,7600,67000022,249426.6173,743525.6932,309.6502533,2636,3691.009461
51940322,7,7600,67000036,247782.6821,742927.588,485.3639832,4509,6312.024171
51940347,16,5900,67000014,250952.3948,743825.6413,912.1686096,336,471.0744923
53232173,8,7600,67000031,249000.7762,743215.2893,179.9897766,3836,5370.09512
51940495,6,7600,67000036,247601.5238,743246.315,184.7535858,4208,5890.887947
51940653,14,7600,67000033,248468.008,742771.2779,290.1620026,4678,6549.810021
51940703,7,7600,67000033,248120.5736,742635.524,407.6857605,4940,6916.043621
51939875,7,7600,67000025,249133.0864,743055.6029,221.8300171,3908,5470.915422
51939883,4,7600,67000024,249492.061,743495.9425,553.3976898,2501,3501.550708
65282385,15,6512,67000014,250433.3702,743775.6121,2991.373413,284,396.9752483
51939917,5,7600,67000014,251014.5754,743287.0391,221.2775726,555,777.0289056
51940000,13,7600,67000032,248444.4658,742896.7949,344.7164612,4664,6529.865103
51939944,13,7600,67000031,248359.0204,743577.7516,377.6337433,3604,5045.372887
51939948,14,7600,67000031,248890.0933,743425.546,296.5084229,3928,5498.58339
53232962,4,7600,67000034,248299.7402,742456.5169,253.0028381,5066,7091.915214
53232968,12,7600,67000022,249476.2665,743779.1833,233.9800415,2725,3814.922746
51939991,8,7600,67000024,249543.1032,743574.6349,362.5504913,2520,3527.566707
51941167,8,6512,67000033,248701.2245,742764.7221,1752.189926,4529,6341.134177
51941178,9,7600,67000036,247961.2815,743314.1823,635.4732361,4434,6207.764657
51941205,8,7600,67000031,248869.103,743455.622,229.9128723,3900,5460.68493
53232321,12,7600,67000031,248786.3525,743242.1249,1062.059402,4058,5681.229396
51941254,5,7600,67000036,247596.8087,743275.6334,350.0519867,4187,5861.314419
51941297,9,7600,67000031,248193.5221,743703.0129,400.8308868,3558,4980.853046
53232333,8,7600,67000015,250804.7683,743030.0531,213.3007813,890,1246.593759
51941372,7,7600,67000036,247768.9392,743022.2793,169.6329346,4404,6165.332695
51941397,12,7600,67000032,248583.5554,743077.3701,434.0470886,4824,6754.078371
65282514,11,7600,67000032,248652.5031,743077.4607,775.0359802,4388,6143.572508
53233258,5,7600,67000034,248304.4908,742404.0496,281.063324,4971,6959.674938
51941674,20,7600,67000024,249751.0987,743349.4709,547.8173676,2653,3714.489027
51941675,11,5521,67000034,248316.7984,742476.0834,773.4226379,4945,6923.349753
51940806,9,7600,67000031,248740.3848,743348.396,512.9733276,3964,5550.127417
51940843,5,7600,67000022,249340.1713,743911.4603,215.0346985,2146,3004.271352
53232253,7,7600,67000034,248145.1779,742605.5834,305.7842102,4975,6964.479511
51940924,4,5521,67000015,250757.4354,742917.3297,309.3607941,981,1373.128355
51940930,15,7600,67000024,249615.5918,743511.2483,166.3393555,2544,3561.320154
51940931,4,7600,67000036,247605.9997,743221.8513,343.3931427,4223,5912.069043
51940940,7,7600,67000025,249271.8956,742968.3111,171.3240204,3898,5456.635328
51942182,8,7600,67000022,249348.4231,743862.0767,219.8654938,2249,3149.153752
51942205,10,7600,67000034,248178.8895,742533.8881,790.0962372,4993,6989.919504
51942235,5,7600,67000036,247635.3592,743312.3706,345.4046478,4162,5826.181624
51942254,5,7600,67000034,248275.9314,742388.4006,333.016983,5069,7096.572146
51942258,10,6520,67000035,247242.8315,742739.3095,1324.61702,4955,6937.145398
51952486,10,7600,67000015,250836.5731,743031.887,366.1578369,773,1082.80177
51952502,15,7600,67000022,249435.8299,743758.4476,863.8830261,2756,3858.261396
51953546,9,7600,67000031,248925.963,743355.1139,175.3854828,3946,5524.423954
51953549,10,6512,67000014,250965.9533,743484.5044,1513.515762,399,558.4723256
51953494,19,7600,67000032,248733.3297,743092.5111,339.89328,4387,6142.455016
51953823,8,7600,67000015,250688.2264,742984.9419,156.8150482,1140,1596.255653
65282766,4,7600,67000014,250988.144,743180.6556,257.2709045,580,812.6289525
51953931,6,7600,67000012,249774.2874,744676.1822,84.40473938,1211,1695.154095
51953965,7,7600,67000033,248264.2635,742605.4375,556.8594513,4881,6834.067134
65282830,8,7600,67000015,250664.5979,742904.0492,333.3390198,1109,1552.417525
51953331,12,7600,67000025,248947.145,743777.9605,450.8848572,2852,3992.922626
51953398,6,7600,67000036,247705.7814,743339.6187,230.954361,4251,5951.262664
51953404,9,7600,67000036,247783.5228,743490.3111,270.0023956,4064,5688.915674
51954852,10,6520,67000035,247655.4738,742710.2389,594.5080109,4695,6572.948185
53235529,15,7600,67000021,249239.7364,744626.4657,855.3869476,1542,2158.856488
51955279,22,7600,67000031,248723.0685,743222.6973,377.7298279,4277,5987.547317
51955749,14,7600,67000033,248516.822,742768.676,237.375,4625,6474.418863
51955742,6,7600,67000033,248400.4163,742583.4848,398.0418854,4821,6749.183158
51955223,12,7600,67000033,248059.8,742766.785,207.1499939,4830,6762.469421
51956230,9,7600,67000033,248205.7245,742763.3425,359.2995911,4844,6781.617418
51958432,4,7600,67000034,248293.7446,742431.7895,292.8287354,5066,7091.915214
51958566,5,7600,67000034,248333.8547,742416.5619,222.8112793,4955,6937.446082
51958077,4,7600,67000034,248284.4892,742412.2095,286.0628357,5066,7091.915214
51958083,6,7600,67000034,248297.3876,742535.2013,321.9137116,4961,6944.742875
51959453,7,7600,67000033,248248.6652,742584.2694,365.9371643,4902,6862.6435
51959560,10,7600,67000033,248340.3705,742770.8765,318.6963196,4751,6650.71282
53235741,7,7600,67000034,248185.6906,742593.4614,352.3377991,5005,7007.042366
51960388,14,7600,67000034,248165.8108,742346.8931,526.5489197,5204,7286.295369
51960424,6,7600,67000033,248173.9513,742703.6864,415.5809174,4879,6830.13536
53236809,13,7600,67000031,248963.1799,743348.334,352.4918366,3930,5502.34349
53236992,10,7600,67000033,248140.8708,742764.1749,650.5448151,4883,6836.154336
53386611,13,7600,67000012,250046.5342,744472.0054,261.0772095,888,1243.189562
52798407,5,7600,67000013,250688.3786,744523.9005,275.4542694,724,1013.405941
52965332,21,7600,67000012,250071.5178,744877.2735,328.2052918,1245,1742.603976
52965388,12,7600,67000012,250030.7375,744890.4187,266.7176056,1275,1784.816361
52965441,6,7600,67000036,247805.5185,743359.8121,327.8584137,4319,6047.11321
52966316,9,7600,67000021,250014.9343,744367.3135,280.4331513,940,1315.475755
52966328,5,7600,67000014,250701.6603,743955.6001,61.72799683,245,342.6209498
52966550,7,7600,67000036,247709.9852,742944.7381,328.7229919,4468,6255.228013
52966765,8,7600,67000011,249294.8276,744886.4835,300.2818909,1626,2276.136388
52968007,6,7600,67000025,249200.9591,743104.4946,205.9514618,4011,5615.084255
52982210,8,7600,67000031,249148.1296,742885.5191,241.8877106,4152,5812.948904
53421289,10,7600,67000031,248319.9881,743715.8486,227.5188599,3471,4859.401694
52991406,8,7600,67000022,249326.4863,743875.2019,437.6643524,2231,3123.655982
52992582,9,7600,67000031,248849.8578,743491.7723,187.66539,3871,5419.750064
52992602,15,7600,67000023,250002.6515,743959.9651,358.280304,1174,1643.64543
51898539,4,1000,67000021,249788.6748,744271.9681,77.81907654,1142,1599.340935
53225788,9,1000,67000011,249691.0507,745066.2094,203.2381897,1516,2122.71458
51900302,5,1000,67000011,249323.0778,745294.2568,70.70100403,1880,2632.220781
51901331,9,1000,67000014,250543.45,744047.25,187.9500122,372,521.0669609
51900928,4,5202,67000011,249235.1238,745178.5565,251.5511475,1950,2729.597907
51903177,8,1000,67000011,249067.8966,745085.1013,1009.118851,2036,2850.073774
51902624,5,1000,67000014,250646.0378,744058.7596,223.9707642,340,475.9879967
51904154,7,1000,67000011,249425.1403,744855.4045,406.3583069,1582,2215.265913
51903602,6,1000,67000012,250260.7666,744805.8283,354.0546722,1089,1524.164817
53226743,9,1000,67000011,249094.2155,745043.6677,538.7928467,2052,2873.059109
51905209,9,1000,67000011,249096.3081,745002.9898,558.9707947,1721,2410.032773
53226906,8,5202,67000014,250616.6092,744026.8012,46.96780396,338,473.1488219
51906061,4,1000,67000014,250795.7134,744086.9846,120.0934601,447,626.1909308
51906100,6,1000,67000024,249752.8522,743193.0729,245.153656,2527,3537.441716
53225514,9,7600,67000022,249560.9885,744063.1341,265.2069855,1765,2470.986858
65282183,7,7600,67000014,250500.841,744130.1274,398.185318,434,607.3092655
51901223,13,7600,67000013,250810.8798,744512.9038,208.4417419,764,1070.096198
53226421,12,7600,67000011,249380.9349,745313.0436,54.00585938,1770,2477.45417
51903201,10,7600,67000011,249315.6729,744865.797,349.1399689,1593,2230.323205
51903996,10,7600,67000013,250907.5251,744322.293,85.77088928,613,857.5555523
51905140,6,7600,67000036,248163.2687,743212.4693,984.983963,4602,6442.623798
51905309,8,7600,67000022,249382.5764,743623.3004,435.7450104,2384,3338.05408
53226709,10,7600,67000011,249048.7006,745353.3234,310.5766602,2028,2838.620504
51905871,7,7600,67000015,250765.9808,743494.8593,420.0397492,233,326.5043385
51906075,8,7600,67000022,249439.532,743604.1123,110.0105896,2442,3418.309355
53033244,10,7600,67000015,250674.2676,743000.6959,261.2320252,1153,1614.156
53043117,12,6520,67000012,249983.364,744741.8325,249.9600983,1153,1614.293544
53439539,5,1000,67000014,250954.8233,743211.8854,218.7468567,540,755.834951
53167431,6,6520,67000014,250867.76,743488.8938,147.4574585,325,454.7407115
65282769,7,6520,67000014,250389.5193,743680.072,762.9877319,140,196.4882481
65282775,6,6520,67000014,250828.5388,743730.6385,85.8196106,193,269.7402606
68377406,15,6512,67000014,250852.4468,743860.1211,4875.404999,256,358.8238649
51663953,9,5740,67000021,249430.0452,744544.1873,2451.886108,1399,1959.283505
51668103,13,5523,67000014,250997.3096,743734.2169,195.9854889,317,444.2243618
51839443,10,7600,67000011,249376.6199,745296.9425,257.4001465,1763,2467.565094
51839569,6,7600,67000011,249388.8564,745419.3617,256.1704407,1824,2553.219339
51839788,7,7600,67000011,249429.7463,745010.8612,157.2737885,1722,2411.468183
51841846,7,7600,67000011,249562.2435,745020.4041,153.6611481,1606,2248.466072
51841853,10,7600,67000011,249785.8317,745115.613,177.0764923,1511,2115.939332
65282900,7,7600,67000011,249535.3981,745005.9884,200.1617432,1620,2268.151839
65282901,12,7300,67000017,250248.0561,745245.2086,1943.320068,1618,2265.466169
51843461,6,7600,67000011,249623.3913,745010.0196,255.118927,1484,2078.072895
51843473,9,5000,67000011,249604.2294,744901.1147,174.8503418,1533,2145.889129
53214976,40,6520,67000011,248993.9214,745121.306,395.2689819,1980,2772.141714
51844210,10,7600,67000011,249335.2762,745309.4635,164.7423096,1889,2645.249812
51844417,11,7600,67000011,249643.4779,744902.2269,203.1820984,1519,2125.94839
51844418,16,7600,67000011,249408.2444,745386.6695,454.844162,1803,2523.61948
51844438,7,7600,67000011,249352.3085,744857.4521,189.7505188,1600,2239.800996
51843713,25,7600,67000011,249368.9214,745002.756,726.0194702,1703,2383.729022
51844952,13,7600,67000011,249636.1189,744990.4114,250.8453369,1468,2054.884245
51845022,6,7600,67000011,249434.3447,745065.3248,108.0930023,1691,2367.539075
51845090,20,7600,67000011,249370.4783,745163.0402,246.9842987,1723,2411.550221
51845302,4,7600,67000011,249362.4098,744950.3341,273.6644745,1662,2326.75169
51844558,6,6520,67000017,249822.975,745642.7049,463.7173615,1903,2663.825716
53216342,7,7600,67000011,249342.6987,744905.8668,397.6958466,1627,2278.273555
51847884,7,5521,67000011,249727.7598,745009.3321,248.0451202,1543,2160.753776
51848100,7,7600,67000011,249314.6987,745119.7489,222.3556976,1799,2518.393085
51848819,13,7600,67000011,249670.2368,744950.8042,257.9391632,1479,2070.48781
51896973,14,7600,67000021,249404.047,744390.4044,213.0118408,1510,2114.623579
65282063,15,6520,67000014,250299.6512,743923.9708,2946.363815,393,549.8369665
53224458,9,7600,67000011,249623.4955,745078.4731,251.5589294,1522,2130.434187
51897038,18,7600,67000011,249691.8682,744705.2966,262.3748779,1316,1842.163673
51897045,5,7600,67000013,250689.225,744502.2265,308.3249054,708,991.7069265
51897059,6,7600,67000012,250222.7869,744751.6548,297.0015717,1102,1543.020676
51897062,8,5201,67000011,249436.4776,745124.9543,528.9219208,1680,2352.452418
51897066,5,7600,67000014,250315.1027,744136.0514,436.7433167,540,756.4100203
51897068,4,7600,67000022,249278.0346,743963.3194,188.8067322,2136,2990.884838
65282064,19,6512,67000014,250769.614,743892.0532,979.7068634,236,330.9071385
51897121,21,7600,67000011,249876.4017,744925.1495,281.5574951,1350,1890.120677
53224478,22,7600,67000022,249663.2446,743902.6812,696.8087158,1850,2590.020469
51897222,18,7600,67000012,250291.1248,744555.848,243.6842499,915,1281.179054
51897176,7,7600,67000011,249362.9704,745468.3089,403.4205017,1886,2640.408038
51898404,12,7600,67000012,249943.4548,744456.963,221.3924255,967,1354.413471
51898406,6,7600,67000011,249316.4576,745332.5951,155.7217865,1829,2560.382565
51898408,4,6520,67000014,251099.246,743964.047,126.3322601,435,609.3453283
51898428,19,7600,67000012,250355.7178,744437.5742,243.0732422,751,1051.395141
53225584,14,7600,67000023,249693.8707,744118.8739,443.7912445,1628,2278.661544
51898442,7,6520,67000023,249840.7554,744189.8744,191.712616,1034,1447.115727
53225586,20,6520,67000013,250415.1531,744308.7401,459.3201752,585,819.182287
51898465,5,6535,67000022,249176.6573,743912.9336,415.9518738,2130,2981.7228
51898479,4,7300,67000025,248802.6571,744076.4197,51.07463074,3227,4518.095373
51898485,8,5305,67000013,250562.585,744707.732,628.0108643,899,1258.518889
53225596,20,6520,67000014,251010.1263,743895.0292,419.5615082,386,540.1245752
51898648,18,7600,67000011,249196.6739,744902.2673,466.2127838,1629,2280.984033
51897930,9,7600,67000011,249546.5507,744968.6668,215.0869293,1635,2288.849126
53225499,6,7600,67000021,249355.5279,744332.458,172.0381928,1559,2183.269624
51897985,5,7600,67000013,250664.5702,744239.4672,356.6440582,522,730.530701
51898053,16,7600,67000023,249925.4217,744002.3585,409.3862457,954,1335.568556
68377407,11,5305,67000013,250532.4547,744388.4897,124.9324341,660,924.5097326
51899374,6,7600,67000013,250490.8239,744337.7987,278.3097534,610,853.7224078
51899428,9,7600,67000022,249458.3787,744073.0279,316.9547882,1803,2524.322088
51899472,7,7600,67000022,249604.1657,744062.2196,363.9293671,1557,2180.062558
51899489,8,7600,67000022,249307.1009,743985.9575,191.3164215,2086,2920.021734
53225780,7,7600,67000013,250613.4334,744384.2599,204.8032837,621,868.9627513
51899524,8,7600,67000011,249443.7819,745028.1655,206.6942749,1703,2384.706513
51898876,26,7600,67000011,249193.0169,744997.9774,306.7164154,1819,2546.468008
53225662,5,7600,67000011,249558.2412,744814.1699,128.3839417,1483,2076.541846
51898881,10,5740,67000012,249895.3665,744871.978,410.23732,1314,1839.123857
51898902,7,7600,67000011,249356.9766,745140.6174,196.3937378,1777,2487.960585
51898942,14,7600,67000012,250349.9014,744598.6542,236.5383453,968,1355.205778
51898980,14,6520,67000014,251022.2654,743961.8879,225.5362091,434,607.026187
53225708,10,7600,67000011,249536.5334,744952.3966,176.4954224,1640,2295.532203
51900243,8,7600,67000021,249711.2568,744495.6567,257.8866119,1250,1750.444531
51900308,6,7600,67000023,249628.6299,744107.945,179.4446564,1609,2253.190214
53225924,6,6520,67000014,250400.8439,743955.1981,118.1396637,438,612.8718172
51900375,8,7600,67000013,250599.692,744494.1855,110.7366943,739,1034.683757
51900532,7,7600,67000012,250002.4898,745012.9419,157.901001,1327,1857.199075
51899761,3,6520,67000011,249517.2971,745213.6654,49.24182129,1645,2302.791406
51899785,3,5305,67000021,249136.2044,744555.5504,307.1775513,1795,2513.671894
51899786,13,7600,67000011,249463.3868,745388.5343,346.9700012,1820,2548.400086
51899878,32,6520,67000011,249484.1837,745275.7383,3070.36084,1701,2380.898204
51899832,9,6520,67000014,250431.9142,743895.9664,2570.339569,292,408.4975393
51899835,10,6520,67000012,250159.725,744498.6136,190.5049896,885,1238.771257
51899934,8,5305,67000014,250500.7593,744057.3298,241.8489838,379,530.1717433
53225864,7,7600,67000012,249850.7418,744861.8399,248.671051,1331,1863.416091
51900018,4,7600,67000011,249435.75,744961.845,178.6139221,1653,2314.842533
51900027,23,7600,67000011,249265.669,745265.8695,321.5114441,1835,2569.58454
51901163,24,7600,67000011,249296.4177,745209.8723,849.8836823,1810,2534.514135
51901177,16,5560,67000011,249267.8519,745299.2616,332.7151947,1858,2600.900528
51901185,21,7600,67000021,249757.4731,744449.343,268.8637238,1210,1693.571425
51901202,4,7600,67000011,249731.6534,744943.7505,54.14399719,1400,1959.576805
51901231,12,5305,67000012,250128.6861,744763.6109,341.1899719,1131,1582.941114
51901261,9,7600,67000011,249404.8308,745474.4928,209.063385,1887,2642.015014
51901340,6,5305,67000011,249228.7506,744944.7245,712.9465332,1864,2609.321631
51901308,7,7600,67000021,249682.9703,744382.1717,251.7887573,1332,1865.463947
51901313,8,7600,67000013,250476.1353,744378.5464,261.2809143,640,896.4274452
51901314,7,7600,67000012,249921.7147,744764.2064,179.2522888,1202,1683.466529
51901315,8,7600,67000021,249250.1344,744132.1057,307.8924103,1955,2737.569199
53225230,17,7600,67000011,249285.8274,744809.8394,428.1225128,1533,2146.525336
53225240,8,7600,67000012,250242.6441,744494.952,198.1898041,834,1166.982056
51901502,6,7600,67000011,249594.3296,744883.3431,177.2500458,1541,2157.86273
51900706,25,6520,67000011,249752.7358,744930.4148,462.9932098,1382,1934.700372
51900732,14,7600,67000015,249976.2494,744053.4157,327.6574554,1108,1551.509707
51900757,6,7600,67000011,249705.3025,745079.8249,210.7293854,1604,2246.071959
51900773,21,7600,67000021,249247.9454,744317.5305,226.9388123,1701,2380.719138
51900779,4,5501,67000012,250185.6622,744556.1767,133.2307587,940,1315.728591
51900794,3,6520,67000013,250460.3155,744255.0769,90.20031738,554,775.9153391
51900840,7,7600,67000011,249366.6033,745394.655,264.5587006,1821,2549.474807
51900991,6,7600,67000011,249359.09,745312.494,151.9940949,1786,2499.979293
51902101,11,7600,67000011,249745.6188,745054.6295,120.553299,1527,2137.155942
53225383,4,7600,67000014,250503.5479,744073.2509,77.66940308,393,550.2937971
51902188,8,7600,67000013,250629.5407,744497.3149,237.671402,745,1043.077803
53225384,8,7600,67000022,249257.1575,743909.6438,245.7055664,2176,3045.714944
51902190,5,6520,67000014,250930.3531,744108.7992,209.7687073,490,685.7574604
51902215,7,5253,67000011,249554.3513,745085.0433,611.2234802,1557,2180.41089
51902284,10,5370,67000014,250747.216,744049.0291,238.5379181,380,531.9944017
53225402,10,6520,67000014,250569.2703,743912.0285,423.0866089,261,365.3004395
51902326,10,5900,67000014,251001.0631,744053.8177,575.9401703,500,700.2202201
51901648,21,5305,67000012,250310.8992,744807.5561,240.8063507,1053,1474.617727
51901649,11,7600,67000021,249599.6075,744322.6184,213.9525147,1421,1989.505185
53225289,7,7600,67000011,249392.2542,745290.5297,205.8187866,1752,2452.82377
51901681,5,7600,67000012,250242.1137,744382.3545,683.4448242,760,1063.425575
53225295,24,7600,67000011,249750.5854,744973.7002,503.4652557,1558,2181.148799
51901713,8,7600,67000013,250721.1595,744333.7334,324.1287689,630,882.3546781
51901867,8,7600,67000011,249462.5205,744947.4912,155.9656982,1632,2285.374752
53226413,3,7600,67000011,249850.385,744878.4735,53.25900269,1340,1875.439189
53226424,14,6535,67000013,250691.6187,744179.2073,443.2959137,517,724.0859819
51903166,10,7600,67000011,249787.5149,744964.1389,767.8542175,1413,1978.080017
51903188,4,6520,67000014,251118.3017,743968.2123,89.12004089,618,865.6298911
51903193,13,7600,67000021,249413.95,744492.3622,326.8816528,1438,2013.548669
53226449,10,7600,67000021,249710.528,744388.6396,319.4216309,1260,1764.485282
51903291,8,7600,67000012,250242.996,744441.0501,90.70010376,795,1113.219762
53226485,20,6520,67000014,251050.7195,744314.1833,1028.931686,701,981.902381
51903514,25,7600,67000011,249237.9622,745216.7058,331.3610382,1850,2590.414433
51902589,9,7600,67000012,249833.2275,744706.6889,182.3498535,1270,1778.113298
51902592,3,7600,67000014,250845.3661,744119.7718,78.82653809,496,693.7937546
53226335,7,7600,67000021,249697.525,744439.5695,166.0088806,1290,1806.323093
51902664,4,7600,67000022,249589.8807,744210.3489,73.82113647,1503,2104.736666
51902670,12,6520,67000012,249898.8987,744500.4842,189.1114655,988,1382.55047
51902674,10,5740,67000014,250578.2475,743957.1187,299.5412903,293,409.5382719
51902686,7,7600,67000011,249441.4703,744757.5868,147.9635468,1460,2043.321195
51902801,7,7600,67000011,249469.7486,745012.318,198.4886169,1661,2325.00437
51902870,9,7501,67000017,250322.9946,745225.1172,309.4118347,1618,2265.466169
51904019,8,7600,67000021,249084,744376,299.1932068,1830,2562.417083
51904049,10,7600,67000014,250985.0903,744138.1412,167.0253601,556,778.3358665
51904067,4,6520,67000013,250552.3572,744614.2244,85.30625916,849,1189.296183
51904139,10,7600,67000011,249606.9062,744653.6156,169.2030792,1337,1871.897747
51904109,3,7600,67000012,250155.9467,744706.0694,102.6486359,1047,1465.177234
51904258,7,5305,67000011,249479.7421,745109.1888,252.9125366,1657,2319.248738
51903563,7,7600,67000012,249806.1986,744661.5398,309.1791382,1299,1818.615628
51903584,8,7600,67000022,249443.6374,744043.2941,348.9746857,1949,2728.032934
51903635,22,7600,67000011,249148.508,745001.6385,373.0115967,1856,2598.214407
51903652,6,5501,67000015,250128.3246,744194.867,138.9090729,598,836.9817457
53226522,8,7600,67000013,250530.7251,744321.9331,329.1852417,617,863.19912
51904892,17,7600,67000011,249745.7175,745150.0716,131.7229004,1545,2162.901672
51904894,22,5900,67000021,249788.3623,744495.0496,847.2387848,1172,1640.630973
53226731,6,6520,67000014,251097.175,743991.8669,251.8470764,450,630.5105346
51904898,6,5900,67000014,250898.6537,743992.4753,288.451294,412,577.2225045
51904913,22,7600,67000021,249319.9473,744552.1395,163.7221375,1501,2101.955178
51904919,4,7600,67000011,249506.367,744970.394,105.9272614,1641,2298.057475
51904925,8,7600,67000011,249562.1774,744698.5395,235.4906464,1451,2031.265391
51904965,17,7600,67000023,249847.3278,744066.5847,438.2861023,982,1374.482278
51904997,9,5305,67000012,250148.2918,744762.0512,424.6904297,1115,1561.556462
51905018,14,7600,67000013,250637.8285,744608.5472,266.1297455,785,1099.254406
51905031,13,7600,67000013,250843.5032,744255.6991,244.3508148,634,887.3234139
53226774,9,7600,67000024,249670.8841,743711.7488,181.6769867,2630,3682.669409
51905138,9,7600,67000025,249364.2109,743296.4624,271.8635101,3463,4848.859544
53226776,17,7600,67000012,250485.9073,744629.8921,316.6455383,863,1208.666906
51905216,8,7600,67000012,249988.8999,744571.4237,194.6179504,1032,1445.45703
53226778,6,7600,67000022,249513.139,743541.5028,325.7090912,2873,4022.057676
51905157,7,5521,67000012,250185.8909,744538.0971,311.5434723,894,1251.025176
51905165,15,7600,67000011,249607.3452,744677.204,191.3883972,1352,1892.883389
51905170,11,7600,67000015,250028.6184,744008.6986,94.72639465,1156,1618.378734
51905172,6,7600,67000015,251056.1322,743189.0039,120.5570068,648,906.9221528
53226782,5,6520,67000012,250090.1978,744642.1563,38.06233215,1017,1423.282416
51905196,7,7600,67000025,249048.9675,743474.3777,209.9598084,3357,4700.04552
51905199,8,7600,67000013,250773.5903,744365.9511,260.2205353,662,927.3912884
53226789,17,7600,67000023,249959.9004,743967.2617,450.0420227,986,1380.073067
51905224,25,7600,67000021,249328.3285,744427.3461,252.5129852,1587,2221.957842
51905226,6,7600,67000021,249016.4363,744318.8804,241.7701416,1858,2600.587246
51905228,12,7600,67000024,249650.5,743318.44,254.9931946,3030,4242.541812
53226790,7,7600,67000021,249702.2545,744358.3033,143.9701843,1249,1747.977179
51905230,11,7600,67000031,249016.3875,743203.874,174.8526459,3822,5351.228366
51905344,4,7600,67000014,250244.8013,744153.7931,82.08618164,514,720.2938669
53226659,12,7600,67000011,249682.9892,744927.4636,401.3007965,1410,1973.545361
51904486,12,7600,67000022,249105.102,743720.468,367.0036011,2534,3547.664351
51904492,8,7600,67000025,249153.403,743404.6634,153.4006043,3444,4821.497393
51904528,8,7600,67000025,249362.2654,742982.2927,211.3939514,3923,5491.709952
51904536,8,7600,67000025,248993.6698,743363.3211,322.2510223,3497,4895.947071
51904537,11,7600,67000025,248996.2525,743840.4616,263.9008637,2655,3717.662784
53226677,7,7600,67000031,248573.5383,743888.6525,486.6026611,3236,4529.868357
51904586,7,7600,67000025,248985.825,743611.002,241.2451782,3253,4553.70084
53226679,3,7600,67000031,249128.7366,742921.838,138.8748169,4213,5897.921823
51904604,6,6520,67000013,250526.8871,744521.6003,165.3595123,773,1081.845202
51904613,10,7600,67000025,249522.5,743379.75,171.9760132,2929,4100.860531
51904615,15,7600,67000025,249077.6346,743572.2553,135.3983002,2962,4147.117606
51904631,16,6535,67000014,250744.1721,743902.1658,555.856308,234,326.9267261
51904649,5,7600,67000013,250770.3851,744532.0002,274.558548,836,1170.039942
53226690,7,7600,67000013,250895.6085,744344.9744,223.559494,635,888.6265019
51904662,8,7300,67000035,247625.0056,742761.103,474.2065735,4664,6529.534461
51904733,7,6520,67000012,250154.1651,744532.2494,275.8448639,895,1253.396099
51904666,8,6520,67000015,250268.8229,743699.1521,899.6648407,269,376.4739149
51904671,5,7300,67000025,248877.3283,744512.348,38.68365479,2228,3119.490118
65282505,5,7600,67000034,248378.5642,742300.4758,113.2774048,4978,6969.499918
51904723,8,5305,67000013,250515.4748,744374.2244,466.538208,641,896.8106084
51905775,5,7600,67000015,251116.7378,743059.258,122.0935974,730,1021.661275
51905813,9,7600,67000012,249907.1564,744587.5357,160.4760132,1089,1524.308357
51905840,9,7600,67000012,249909.9048,744993.853,164.8270111,1385,1938.882168
51905888,4,7300,67000017,250291.3546,745217.0131,83.54830933,1618,2265.466169
51905897,7,7600,67000022,249586.8643,743840.6602,267.938324,2264,3170.101529
51905899,13,7600,67000024,249577.6185,743530.3423,410.5722199,2831,3962.978636
51905922,4,5000,67000012,250475.705,744734.62,177.7200012,931,1303.289099
51905928,30,6520,67000014,250920.4748,744170.9208,1052.843369,522,731.4292873
51905931,10,7600,67000014,250535.9493,744103.077,272.6660767,412,577.4265384
53226910,5,7600,67000031,248769.5485,743472.8222,137.9719391,3816,5341.916454
51905952,4,7600,67000025,249075.6389,743506.6911,237.0475006,3358,4700.907604
51905967,12,7600,67000024,249698.6438,743471.46,149.0649872,2482,3474.237817
51906015,7,6520,67000012,249729.2345,744637.5275,193.3953095,1174,1643.096351
51905968,6,7600,67000012,250289.4716,744607.6309,323.370163,934,1307.58664
53226917,9,7600,67000012,250468.2426,744561.217,225.957077,813,1138.280067
51905997,5,7600,67000013,250508.7623,744350.4916,218.2168427,624,873.5479908
51906001,7,7600,67000025,249015.8151,743502.3187,197.7251434,3328,4658.780385
51906003,10,7600,67000025,249087.6916,743444.1346,278.7076721,3390,4746.688704
51906022,10,6520,67000015,250151.2115,743958.0474,4034.245895,451,631.1591308
51906038,15,7600,67000021,249250.9535,744347.3452,271.9994812,1657,2319.201105
51906041,15,7600,67000012,250245.3518,744577.5005,272.2721863,914,1279.871332
51906051,8,7600,67000021,249045.6195,744357.8188,380.9833984,1846,2583.715322
51906058,11,7600,67000013,250768.9248,744653.7226,280.2897034,876,1225.996318
51906092,7,7600,67000013,250601.4708,744606.9316,137.6911011,802,1123.185497
51906064,16,7300,67000035,247292.4052,742818.7235,2114.301346,4881,6832.901485
51906069,6,7600,67000021,249818.866,744400.1752,143.2882538,1081,1512.708363
51906080,7,7600,67000021,249341.7825,744378.6234,191.0650482,1618,2265.605877
51906105,8,7600,67000025,249197.8316,743322.1822,243.3145294,3584,5017.209142
65282574,6,7600,67000022,249530.0033,744121.5622,346.1586914,1719,2406.632373
51906152,6,7600,67000013,250535.965,744570.7989,195.16922,809,1132.901726
51906220,6,7600,67000011,249484.2752,744802.6164,190.522171,1489,2084.322012
51906228,7,7600,67000021,249095.0921,744169.6813,196.050354,1933,2706.117208
51906233,4,7600,67000011,249486.5009,744936.5122,167.4440002,1614,2259.015259
51906260,7,7600,67000011,249869.6052,744975.6034,83.94296265,1401,1961.711234
72617791,15,6520,67000014,251208.1557,743541.5203,103.6212311,609,852.9186886
51905415,5,7600,67000011,249351.3789,744927.2181,274.3561707,1644,2301.189525
51906282,14,7600,67000011,249404.0732,745039.6404,284.3272095,1717,2403.573824
53226111,6,7600,67000012,250324.64,744628.2134,176.100647,964,1349.000549
51905420,11,7600,67000022,249569.065,743920.4516,264.6996765,2248,3147.461876
51905395,9,7600,67000011,249420.2647,745441.1261,156.8765259,1869,2616.309053
51905430,14,7600,67000011,249459.5467,745047.1551,198.5756531,1686,2360.346413
51905441,12,7600,67000025,249470.6403,743358.2178,301.7069702,2896,4054.699015
51905454,18,7600,67000011,249664.1388,745051.2283,235.0609894,1521,2129.117202
51905461,6,7600,67000036,247650.7619,743465.4697,207.5128479,4061,5685.486281
51905472,11,7600,67000021,249315.1938,744528.1891,268.9160461,1519,2126.379826
51905485,9,6520,67000015,250276.1214,743757.1217,550.4696045,286,400.5647595
51905495,10,7600,67000024,249590.7239,743638.3174,821.8893127,2596,3634.855195
51905499,8,7600,67000036,248020.2919,743439.8475,158.0854492,3874,5424.073745
51905501,8,7600,67000021,249045.4959,744470.3874,241.7100067,1763,2467.973796
51905531,13,7600,67000013,250743.7413,744196.6371,925.4537354,556,779.0552415
51905544,4,5521,67000014,250453.3419,744090.5523,165.5312347,415,580.6991027
53226843,15,7600,67000015,249958.9756,743811.8096,354.4465027,937,1311.316988
51905557,8,1000,67000015,250175.6474,744084.8155,797.2154999,488,682.9217157
51905559,10,7600,67000012,250181.2223,744444.3106,193.3699493,834,1167.213504
53226845,7,6520,67000015,250199.5068,743763.3754,1360.114777,322,450.5152859
51905573,12,7600,67000021,249270.4143,744587.8595,184.1338196,1518,2125.616032
51905576,8,1000,67000013,250596.7085,744213.6746,1137.305069,496,694.0262308
51905597,8,1000,67000014,251082.0488,743478.0117,291.2632141,534,747.2379815
53226851,10,7600,67000025,249326.0283,743252.5839,213.7937012,3479,4871.239664
51905603,6,5521,67000036,248101.0945,743123.995,294.9718628,4643,6500.403176
53226859,10,7600,67000021,249286.995,744544.1274,142.6029053,1511,2115.681407
51905663,17,7600,67000011,249345.5335,744779.0247,296.7890015,1526,2136.096066
51905671,18,5900,67000012,250364.2305,744331.8233,636.7972565,688,963.537054
51905681,25,7600,67000011,249213.3732,745023.6681,314.0672913,1795,2513.678947
51905695,5,7600,67000013,250751.219,744528.2073,157.3155975,822,1150.534704
51905698,6,7600,67000012,250410.4543,744531.3005,186.8611145,1030,1442.51314
51905715,7,7600,67000022,249295.2319,744106.6467,243.6193543,1980,2772.019602
51905733,3,7600,67000021,249328.3068,744467.1859,64.00802612,1560,2184.123417
53226182,19,7600,67000012,250344.389,744859.2632,296.349762,1302,1822.123643
51906714,7,7600,67000011,249513.4226,745073.7056,176.3420715,1634,2287.972479
52992634,12,7600,67000024,249584.393,743585.0521,185.8906097,2539,3554.33899
52993845,7,7600,67000036,247813.2271,742892.513,374.2936401,4556,6377.892153
53422948,7,7600,67000013,250622.5672,744473.7677,268.7748261,728,1018.664923
53003552,25,7600,67000031,248589.4587,743390.8055,306.8966675,4176,5845.705527
53426890,7,7600,67000036,247834.2455,743493.1614,308.1380768,4100,5739.574661
53023565,10,5337,67000012,249883.9991,744829.1792,188.0319367,1298,1816.851066
53427902,6,7600,67000022,249249.9033,744034.6393,328.5135193,2033,2846.283607
53027834,10,7600,67000021,249117.3704,744444.3281,218.3704071,1736,2430.133751
53029179,9,7600,67000022,249211.1091,743922.8924,277.4815979,2134,2987.528182
53031860,8,7600,67000015,250796.9313,743082.4347,414.4425201,842,1178.689468
53032852,9,7600,67000022,249505.617,743782.1542,182.3318329,2728,3818.55204
53033137,8,7600,67000025,249175.8775,743607.9412,398.2089996,2572,3601.054005
53033320,6,7600,67000031,248961.5648,743226.8395,243.8085938,3977,5568.272789
53032697,11,7600,67000031,248882.392,743511.1715,264.7789764,3871,5419.556757
53032789,12,7600,67000012,250240.7114,744715.579,326.9546051,1062,1487.098154
53034052,13,7600,67000012,249903.65,744779.905,172.2000122,1223,1711.629939
53034114,14,7600,67000012,250409.0098,744727.3303,354.2132874,963,1347.621664
53034116,7,7600,67000022,249380.4016,744015.9432,283.6138153,2073,2901.71259
53034127,5,7600,67000022,249342.7275,744135.4029,263.1377869,1899,2658.141815
53034163,16,7600,67000012,249995.3135,744524.397,272.3885346,1008,1411.644245
53034174,7,7600,67000031,249052.4251,742948.9028,357.8344879,4251,5951.096094
53033684,13,7600,67000031,248538.3587,743555.6628,723.1409607,3752,5253.360689
53035006,20,7600,67000012,250424.8107,744841.5473,346.2100983,1015,1421.514422
53035112,15,7600,67000021,249167.5183,744403.9823,258.6517944,1720,2407.377195
53034482,8,6520,67000014,250674.8292,744000.3956,122.449997,295,413.3457564
53039464,11,6512,67000014,250942.8291,743440.8245,810.8899231,406,568.4267263
53042142,6,7600,67000011,249446.6408,744774.9322,221.7230072,1497,2096.276311
53061825,16,7600,67000025,249035.7747,743242.5505,159.1768494,3834,5367.700905
53435136,14,7600,67000034,248059.0344,742392.4325,500.6201935,5154,7216.135814
53077039,8,7600,67000036,247845.7272,742963.7952,282.1304474,4473,6261.692842
53077228,5,7600,67000013,250562.25,744544,136.851593,796,1114.594354
53076713,8,7600,67000012,250040.753,744648.605,212.7304993,1046,1464.106259
53090816,8,7600,67000032,248222.203,743292.5048,205.4813232,4643,6500.601029
53090947,9,7600,67000013,250689.2277,744545.2545,230.2574616,769,1077.155965
53092373,9,7600,67000036,247796.3582,743012.4173,277.4441528,4421,6188.933474
53091846,9,7600,67000031,248777.1107,743614.0489,182.4286804,3766,5272.802569
53095122,7,7300,67000015,249995.5765,744136.743,988.3782654,587,821.7063454
53097382,19,7600,67000032,248603.8195,743235.9485,342.9487457,4932,6905.179256
53099051,15,7600,67000012,250354.646,744515.1157,469.5625,833,1165.890018
53098790,23,6520,67000011,249356.5781,745267.8479,381.0156403,1764,2470.111456
53443695,8,7600,67000013,250609.1747,744294.9501,489.4505005,557,779.2747919
53121469,6,7600,67000036,248101.8511,742948.0043,363.0470886,4657,6519.289124
53443900,15,7600,67000021,249201.6182,744375.5203,284.3726959,1737,2431.798855
53124377,5,7600,67000011,249588.6453,744932.4969,231.1912537,1605,2247.338555
53125276,8,7600,67000031,247988.669,743523.9014,292.2690125,4216,5902.667792
53445064,9,7600,67000022,249558.816,743731.2253,195.6513519,2675,3744.880896
53129127,8,7600,67000033,248336.9813,742722.0408,703.8297119,4786,6700.531531
53130016,7,7600,67000022,249252.8911,743968.498,263.2785492,2151,3011.621306
53131692,23,7600,67000012,250007.7133,744687.3762,246.1974487,1118,1564.739747
53135018,14,7600,67000032,248678.8608,743199.7592,477.8220062,4292,6009.011108
53144975,8,7600,67000022,249545.5472,743744.2039,165.4574738,2688,3763.448017
53148179,12,7600,67000033,248085.6392,742715.4325,255.7499695,4913,6878.551056
53149662,8,7600,67000013,250612.4729,744653.5394,262.7683716,856,1198.338388
53449226,18,7600,67000011,249330.5371,745267.5534,271.4550018,1884,2638.192027
53151045,8,7600,67000022,249223.833,743905.1859,197.1289978,2160,3024.34555
53150665,16,7600,67000032,248605.6875,743200.9819,376.8812561,4911,6875.576085
53449416,11,7600,67000012,249861.9538,744616.5346,161.9712219,1085,1518.446598
53448786,7,7600,67000015,250837.2173,743056.4697,317.6576538,761,1065.868324
53164609,13,7600,67000012,250313.4465,744746.7695,218.873169,1040,1456.615216
65282026,15,7600,67000013,250675.1296,744257.8955,519.050705,536,750.0803283
53174813,5,7600,67000012,249888.1466,744514.1899,112.4337158,1011,1414.990995
53175162,7,5501,67000031,248773.3986,743379.2691,370.4766998,3961,5545.005797
53177326,20,5740,67000012,250180.1783,744586.5282,515.875824,949,1329.156066
53176835,6,7600,67000015,250726.855,742893.3168,308.2571106,1077,1507.913936
53178064,6,7600,67000022,249294.5574,743857.8821,249.1543884,2217,3104.365121
53178074,4,7600,67000033,248284.4021,742632.1618,211.5361633,4872,6820.417249
65282449,10,6520,67000035,247040.3611,742992.2481,540.8144989,5063,7088.79555
65282528,22,7600,67000031,248410.8399,743478.1783,440.6871491,4112,5756.518239
65282529,20,7600,67000031,248375.0545,743475.5302,423.6932831,4101,5741.964861
65282530,22,7600,67000031,248340.0549,743472.193,419.7892456,4126,5777.030556
65282535,21,7600,67000021,249113.493,744143.0792,297.499939,1925,2694.793083
65282584,5,7600,67000022,249575.8547,743716.6545,206.6161194,2659,3722.497555
65282589,18,7600,67000024,249628.5995,743663.1121,156.7577667,2605,3647.484622
65282592,17,7600,67000024,249686.6673,743607.4044,146.0114746,2548,3566.63877
65282601,13,7600,67000024,249684.5126,743367.8165,169.3231506,2695,3772.646271
65282603,13,7600,67000024,249659.4973,743396.0516,169.9117127,2722,3810.212874
65282727,25,7600,67000032,248660.5348,743243.9092,366.2300415,4252,5952.240743
65282728,25,7600,67000032,248650.1125,743276.1021,345.0206146,4224,5912.975374
65282729,6,7600,67000031,249027.5678,743185.5152,209.1246948,3807,5330.028294
65282837,16,7600,67000013,250479.738,744437.8703,233.309021,770,1078.608171
65282919,20,7600,67000011,249383.9924,745266.9551,292.3761597,1745,2442.6872
65282924,20,5740,67000012,250359.0372,744809.379,563.2290344,1037,1452.482134
65282045,41,7600,67000011,249022.2042,745259.4611,506.8345947,2003,2804.841993
65282046,43,7600,67000011,249054.6842,745260.7168,665.8872223,1980,2772.441655
65282294,30,7600,67000012,250446.2506,744801.0136,511.4006805,994,1391.09672
65282298,8,7600,67000012,250153.8781,744962.7624,490.2427368,1265,1771.672008
65282358,4,7600,67000012,249823.2691,744680.8162,417.4132538,1281,1793.408739
65282360,28,7600,67000021,249222.3249,744199.9705,532.3990784,1947,2725.303412
65282423,28,7600,67000031,248352.6232,743384.5023,420.2105713,4130,5782.026471
65282424,28,7600,67000031,248385.0013,743394.4757,407.8917694,4128,5779.818617
65282425,27,7600,67000031,248416.8447,743405.7883,402.4927826,4128,5779.818617
65282426,30,7600,67000031,248448.7874,743416.931,445.3457489,4054,5674.981671
65282427,28,7600,67000031,248310.1474,743379.7542,272.7617645,4223,5912.261415
65282428,27,7600,67000031,248275.2616,743376.0518,251.213028,4198,5877.861964
65282429,27,7600,67000031,248240.7617,743372.3482,258.0815582,4205,5886.726693
65282430,28,7600,67000031,248206.5137,743368.5297,309.2787628,4205,5886.726693
65282477,18,7600,67000011,249845.7654,745075.5487,647.6744843,1463,2048.130486
51662342,17,6512,67000014,250916.1603,743688.1472,3701.117493,269,377.2829374
51663017,20,6512,67000014,251007.2646,743709.1145,8192.895538,322,450.3542909
65586095,11,7600,67000012,250105.2422,744746.0111,352.7821655,1148,1607.288916
65605353,25,7600,67000011,249512.5804,744655.0498,323.049469,1367,1913.255163
65602389,32,7600,67000011,249344.8102,745079.8097,393.0522919,1776,2486.424922
66152824,4,7600,67000031,248177.7992,743579.6203,225.9421387,3820,5348.597223
66135440,10,7600,67000031,248129.0569,743569.8444,127.6628571,3795,5312.830031
66152825,7,7600,67000031,248104.3968,743568.5162,305.6596832,3777,5288.136607
66135441,10,7600,67000031,248083.356,743567.5701,310.0040436,3763,5268.265066
66147006,7,7600,67000036,247915.3887,743557.8801,218.531662,3949,5529.00366
66147007,10,7600,67000037,247873.829,743607.6831,297.1951599,3806,5328.612943
66132470,9,7600,67000036,247827.9849,743564.6076,129.2014008,3842,5379.225582
66138388,22,7600,67000037,247469.0764,743107.5476,436.5897522,4818,6744.637491
66138389,21,7600,67000036,247531.7462,743091.3174,499.6838074,4819,6746.874708
66132477,16,7600,67000036,247561.3938,743146.7389,376.2498932,4903,6864.363445
66144124,20,7600,67000036,247536.0566,743206.8451,441.2007752,4904,6865.671722
66135445,15,7600,67000036,247565.6571,743266.5396,391.2046661,5033,7046.081317
66135446,20,7600,67000036,247540.9486,743328.4275,479.0450745,4991,6987.209338
66149969,13,7600,67000036,247551.6711,743391.4319,421.5367432,5030,7042.6599
66141328,15,7600,67000037,247198.3031,743205.6373,466.6617432,5150,7210.298594
66147274,26,7600,67000032,248104.8823,743352.6124,288.1275177,4321,6049.833694
66153133,30,7600,67000031,248139.6858,743360.2558,242.2952271,4274,5983.938214
66138690,30,7600,67000031,248173.1504,743366.7387,233.6403809,4244,5942.262548
66144416,20,7600,67000032,248451.4178,743366.9257,322.1441345,4822,6750.358432
66222085,40,7600,67000011,249199.8858,745216.6326,544.6173096,1877,2628.432928
66220075,11,7600,67000011,248991.4148,745195.9478,630.3048248,1984,2777.262058
66220077,11,7600,67000022,249567.494,743703.4727,305.1856232,2637,3691.954254
68377346,8,7600,67000021,248962.3794,744356.4245,387.0656738,2413,3377.929347
66218006,15,7600,67000021,249135.2359,744258.2525,364.3926544,1784,2496.980159
66218681,10,7600,67000021,249159.5924,744152.917,499.3187103,1892,2648.142404
66218683,20,7600,67000021,248959.5492,744175.2048,391.0580902,2542,3559.322672
66217283,20,7600,67000012,249976.4429,744547.1342,506.0036469,1029,1440.87082
53225752,36,7600,67000011,249178.6393,745357.0221,471.0573578,1932,2704.647374
51899135,20,7600,67000011,249427.3078,745176.2949,372.5306702,1729,2421.075033
51900312,7,7600,67000011,249403.8875,745405.5875,259.4738312,1855,2597.450109
51900981,15,5340,67000012,250201.3074,744947.1146,721.5569916,1233,1726.876554
53225293,15,5305,67000012,250200.1992,744611.1996,187.3903656,981,1373.46645
51903321,9,6520,67000011,249568.5071,744894.508,203.4005432,1561,2185.977406
51903503,38,7600,67000011,249122.9367,745258.272,401.2742004,1936,2710.176085
51902628,10,5521,67000012,250187.7366,744749.8728,682.2196045,1080,1512.569628
51903947,41,7600,67000011,249090.7783,745258.345,583.6197357,1956,2738.02398
53226595,9,7600,67000013,250525.4106,744246.5455,342.48732,545,762.9961972
53226742,9,7600,67000011,249735.2383,745095.4212,202.5522766,1604,2246.071959
51905289,18,5900,67000012,250133.6174,744826.1698,1438.411942,1144,1601.666548
51904522,10,6520,67000014,250380.8101,743822.6864,1361.600418,302,423.3271661
51904727,9,7600,67000013,250609.6001,744725.767,236.3286438,882,1235.238402
51905895,4,5305,67000025,249008.5907,743777.135,160.7425232,2860,4003.450272
51906047,11,7600,67000011,249482.296,745032.0333,197.0923157,1646,2303.936342
51906104,8,7600,67000013,250519.1982,744300.531,202.7438812,579,809.9547031
53226837,10,6535,67000013,250839.0516,744348.0577,803.890152,650,909.3495526
72617792,8,5305,67000021,249266.8119,744542.932,284.3875122,1518,2125.122945
53226234,8,5521,67000025,249347.3051,743508.9168,67.13935852,2737,3831.209721
51907123,11,1000,67000012,250233.2178,744864.9492,207.8616638,1236,1729.955083
51907987,6,5521,67000012,250030.4011,744801.5351,116.6208954,1202,1682.251413
51907378,4,1000,67000014,250821.3344,744084.761,107.231842,433,606.339968
51907391,6,1000,67000036,248258.045,743175.5,149.8159027,4839,6775.223194
51907427,6,1000,67000015,250202.1125,744140.298,237.0699158,531,743.3963594
53227184,12,1000,67000032,248267.826,743218.9232,501.9109497,4859,6802.163382
51908755,3,5202,67000024,249582.3033,743405.25,78.67770386,2666,3732.215648
53227600,7,1000,67000031,248220.4774,743515.7856,116.1657562,3817,5344.371201
51909273,4,1000,67000036,247660.2551,743229.018,335.7216034,4227,5918.238569
51909505,7,1000,67000011,249060.3083,744993.0274,380.0422974,1741,2436.780192
51909538,14,1000,67000022,249087.0378,743888.8585,1268.806076,2784,3897.481678
71735178,15,3601,67000021,249546.9664,744509.9682,2988.671692,1396,1954.704509
51910460,11,1000,67000012,250208.01,744808.7626,1449.153351,1148,1606.987946
51910540,9,1000,67000031,248617.7034,743927.5064,705.3984528,3168,4434.543855
51910669,5,1000,67000025,249248.852,743571.0493,328.4942932,2654,3715.134223
51910703,12,1000,67000024,249906.5345,743190.8888,1215.807098,2337,3271.570434
51910736,4,1000,67000013,250538.8794,744724.1422,69.33366394,912,1276.223055
51910099,7,1000,67000015,250856.5943,743371.1584,142.5973663,369,516.1137207
51910289,8,1000,67000011,249063.9782,745015.2064,833.0156708,2057,2879.847112
51911033,5,1000,67000031,248578.8894,743936.5534,834.7459259,3199,4478.28862
51911136,11,1000,67000022,249147.7868,743772.216,1350.729279,2297,3216.16409
51906976,7,7600,67000015,250954.2394,743174.5338,51.99900818,509,713.0070649
51907080,17,7600,67000011,249341.2236,745099.715,52.10098267,1776,2485.940177
51907105,12,7600,67000023,249728.9499,744231.1141,200.9367981,1156,1618.646186
51908162,7,7600,67000011,249374.8055,744901.1989,276.1555786,1635,2288.923722
53227419,14,7600,67000024,249730.4303,743433.6565,159.2580109,2446,3424.896573
53227340,9,7600,67000012,250202.2745,744727.6983,385.3336792,1055,1477.11805
51910449,12,7600,67000024,249637.5977,743544.5615,156.9463348,2547,3566.131992
51910641,9,7600,67000013,250479.7721,744363.6744,54.58181763,628,879.5100205
51909959,20,7600,67000011,249182.0655,744930.8377,350.6295013,1860,2604.055893
51910035,10,7600,67000022,249632.4524,743816.6491,213.9291534,2702,3782.991217
51911198,10,7600,67000025,248857.5937,743775.9414,241.8206787,3106,4347.952113
51912218,7,7600,67000013,250536.7364,744121.0913,100.7253418,425,595.350353
51906835,4,5305,67000011,249458.2488,745087.7464,332.8943939,1668,2334.771166
53226212,6,6520,67000031,248245.1021,743515.1447,57.16392517,3834,5368.282392
51906860,9,7600,67000031,248071.4542,743470.5446,250.8564606,3911,5475.039581
51906864,4,7600,67000036,248110.7941,743238.4952,259.0679627,4555,6377.042064
53226216,17,7600,67000012,249787.591,744537.7994,230.4590149,1143,1600.145193
51906904,28,7600,67000011,249573.0422,744626.978,784.3082886,1289,1804.846697
51906889,10,6520,67000015,250725.8669,743445.8683,202.2408752,255,357.3150582
51906913,4,7600,67000022,249580.8703,744129.1477,230.6769867,1577,2208.275271
53226223,9,7600,67000024,249778.0592,743374.2789,196.3427887,2392,3348.894075
53226227,7,6520,67000012,249737.3837,744558.8774,157.2949982,1140,1595.352028
51906964,8,6520,67000014,250489.4137,743551.2093,2489.54953,239,334.4779328
51906972,10,7600,67000015,250685.4618,742921.6565,207.9324799,1116,1562.385687
51906974,7,7600,67000031,248240.7748,743632.1173,363.2893677,3629,5080.640623
51906977,4,7600,67000036,247842.9513,743293.1577,398.7685089,4375,6124.568272
51906982,9,7600,67000014,250716.0696,743964.7152,209.3388519,252,352.9057892
51906987,5,7600,67000036,247749.9668,742979.7596,225.4658814,4440,6216.556531
51906994,8,7600,67000031,248867.975,743380.0967,204.4221039,3908,5471.169259
51907074,4,5305,67000012,250279.1738,744689.5124,224.243866,1055,1476.952893
51907075,7,7600,67000034,247816.297,742718.6948,397.998703,4913,6878.683289
53226243,5,5521,67000012,250285.1609,744521.3927,104.6902161,855,1196.832834
51907023,13,7600,67000015,250008.82,744018.9447,493.0614014,1142,1598.530757
51907026,5,5521,67000013,250534.852,744407.5736,159.5184937,674,943.581927
51907038,8,7600,67000012,250270.8907,744433.4201,225.3535461,802,1122.144139
51907054,10,7600,67000021,249875.5175,744416.3282,184.7030182,1047,1466.18568
51907059,7,7600,67000021,249432.7841,744468.6953,237.5808258,1451,2031.491556
51907065,8,7600,67000025,248882.125,743975.2136,228.1980438,2687,3761.207041
51907067,5,6520,67000015,250455.8092,743494.5194,272.5773926,316,442.9122384
51907084,4,5305,67000012,249947.4253,744803.974,128.885025,1252,1752.501998
51907091,20,7600,67000021,249880.1206,744477.5093,281.3960571,1011,1415.185834
51907102,10,5900,67000012,250466.5,744583.5,296.0516052,850,1189.670524
51907115,11,7600,67000021,249285.7083,744518.9266,219.0803375,1529,2140.723145
53226259,10,7600,67000012,250197.8941,744698.6296,209.3773651,1042,1459.322535
51907121,11,7600,67000021,249859.5433,744392.4457,267.3262024,1068,1494.83908
51907198,21,7600,67000011,249297.2644,745330.4508,311.8009186,1847,2586.351717
53226263,14,7600,67000021,249690.2091,744412.0046,196.3717957,1311,1834.816876
51907143,3,6520,67000014,250915.518,743966.7101,276.4304352,358,501.1874737
51907166,13,7600,67000013,250828.8074,744217.1085,497.5357056,650,910.6306222
51906333,19,7600,67000012,250417.0547,744557.057,230.0794525,1024,1434.289318
53226283,7,7600,67000021,249361.4131,744465.2767,141.7179718,1557,2180.138856
51906354,6,7600,67000011,249440.7296,745202.0223,168.4283905,1742,2439.113465
51906361,10,7600,67000012,249936.8581,745042.6313,351.6954956,1389,1944.357385
51906387,7,7600,67000012,249962.7297,744975.697,236.0049133,1342,1879.446391
51906409,6,6520,67000014,250996.9257,743504.3016,502.8084869,425,594.4986845
51906414,8,7600,67000036,248025.6693,743039.1343,149.1680298,4617,6463.755558
51906416,14,5521,67000024,249624.8744,743444.2595,338.7571411,2762,3866.651576
51906419,6,7600,67000013,250691.1883,744712.997,232.1891022,959,1341.951283
51906420,4,5521,67000025,249119.509,743364.8868,294.6897583,3562,4986.477114
51906421,9,6520,67000015,250385.89,743515.1591,379.1014862,300,420.3503298
51906422,11,7600,67000012,250307.7103,744296.7552,255.2161713,658,921.6778984
51906431,17,7600,67000025,248968.2811,743827.8074,276.7708283,2835,3969.265206
51906443,7,7600,67000031,248747.7081,743501.7399,129.0015564,3920,5488.683282
51906448,14,7600,67000025,249388.9578,743354.4507,514.2057343,2838,3972.752934
51906450,5,7600,67000036,247776.7121,742856.058,265.5854034,4560,6383.511366
51906466,9,7600,67000025,249120.4058,743502.0171,300.1025238,2916,4081.744666
51906467,9,7600,67000024,249535.3669,743565.5963,381.0095062,2870,4017.819212
51906490,8,7600,67000025,248889.6777,743570.4819,264.6255951,3332,4664.946935
51906597,6,7600,67000014,250478.595,744103.9978,143.1417542,416,583.03705
51906543,6,7600,67000022,249500.7783,743864.804,283.6778107,2209,3092.484337
51906557,8,7600,67000011,249463.4553,744792.6169,193.8482361,1514,2119.47414
51906564,9,7600,67000021,249953.0582,744364.2655,198.59198,937,1311.925061
51906587,5,5305,67000021,249538.8599,744229.583,534.4004364,1539,2154.344395
51906588,11,7600,67000021,249357.805,744567.75,182.6795807,1486,2079.87829
51906589,7,7600,67000013,250780.8837,744630.2829,188.8451233,892,1248.816694
51907627,18,7600,67000013,250645.5565,744142.7549,766.9876251,469,656.0247055
51907646,19,7600,67000013,250510.9228,744605.7295,239.3095703,851,1191.421619
51907660,10,7600,67000011,249604.587,745125.4838,137.7510376,1556,2177.976947
51907665,4,7600,67000013,250616.2718,744407.5637,291.8051605,638,893.8756219
51907673,9,5601,67000024,249856.3504,743096.3917,704.7054138,2268,3175.556863
51907707,10,7600,67000025,249144.9417,743574.0618,119.4600525,2714,3799.59878
51907712,11,7600,67000025,249045.4288,743631.7974,131.9892273,2796,3914.10238
51907742,22,7600,67000011,249587.6396,745041.7257,444.9556732,1562,2187.25126
51907753,9,7600,67000011,249678.2816,745083.5125,170.5475617,1531,2143.564199
51907810,6,7600,67000036,247609.3039,743394.3734,494.6370239,4109,5752.964543
51907824,7,7600,67000021,249364.7015,744609.8562,172.3074951,1454,2035.118298
51907883,9,7600,67000036,247648.9517,743438.0126,325.7477417,4073,5701.90054
51907850,8,7600,67000031,248773.1329,743440.0662,337.9816132,3837,5371.86232
53227246,6,7600,67000036,247713.58,743295.3124,192.0372467,4240,5936.212005
53227248,6,7600,67000024,249658.3711,743718.4602,96.30062866,2640,3696.280081
51907864,8,7600,67000025,248935.5061,743478.7261,287.6894989,3405,4767.462368
51907866,5,7600,67000015,250436.4973,743388.5421,97.01000977,372,521.0829896
51907894,8,7600,67000011,249307.8718,744797.1797,292.1312408,1555,2177.491412
51907898,12,7600,67000022,249660.0436,743785.8284,184.7840118,2673,3741.812163
51907903,4,7600,67000033,248890.2749,742357.1466,494.3114929,4795,6713.475488
51907912,7,7600,67000025,249185.3822,743463.8455,189.5126495,2856,3998.21417
51907913,6,7600,67000031,248293.4402,743787.3981,232.3008575,3446,4823.902281
51907924,9,7600,67000013,250773.7938,744414.4338,249.8441925,697,975.8910638
51907925,12,7600,67000022,249385.016,744056.9035,291.2665405,1914,2679.987947
51907967,11,7600,67000011,249354.5682,744676.8958,443.1807098,1515,2120.488963
51907946,6,7600,67000013,250824.8731,744299.0699,237.2510681,651,911.3600564
51907974,16,7600,67000013,250515.396,744626.3803,259.071991,854,1195.81013
51907986,7,7600,67000021,249845.0908,744473.5715,225.316803,1028,1439.893552
53227269,12,7600,67000011,249446.1006,744694.4565,235.4554443,1393,1949.849998
51908000,11,7600,67000021,249307.4939,744494.7421,297.6826935,1543,2160.677167
51908003,11,7600,67000021,249090.8708,744461.7315,299.1392212,1769,2476.744748
51908013,7,7600,67000021,249351.2837,744539.5086,196.8627319,1506,2108.841192
51908020,17,7600,67000015,249900.5708,744094.083,491.6706238,1107,1549.98123
51908039,6,7600,67000011,249503.6923,744837.7672,222.9113464,1517,2124.45072
51908042,4,6520,67000021,249783.9532,744519.5601,128.0453949,1156,1618.626158
51908069,7,6520,67000014,250896.2338,743959.9711,272.1299896,359,501.9729901
65282902,15,6520,67000014,250842.5825,744042.2716,482.44133,406,568.4579593
51908147,4,7600,67000011,249441.981,744982.8178,166.2723236,1669,2336.293627
51907280,6,7600,67000011,249499.6517,745089.5901,166.8312988,1649,2308.897356
53227299,19,7600,67000011,249737.1609,744865.5745,263.1934967,1343,1879.796683
51908167,8,7600,67000011,249418.8794,744995.0014,131.9951935,1709,2392.377575
51907290,30,7600,67000024,249825.9364,743444.546,812.6003876,2377,3327.783275
51907274,8,7600,67000011,249486.4466,744985.9004,226.0753937,1671,2339.112599
51907301,8,7600,67000013,250581.4159,744121.5224,383.0742798,422,591.4020504
51907320,5,5305,67000011,249417.4067,744925.1298,116.9677582,1624,2274.227027
51907321,9,7600,67000025,249242.2249,743361.9406,124.7603607,3514,4920.04473
51907327,7,7600,67000011,249325.0613,744883.0663,282.8760986,1607,2249.94844
51907328,9,6520,67000014,250954.2101,743368.6095,128.9311218,443,620.2066491
53226296,22,7600,67000011,249646.5152,744977.5123,286.7930145,1470,2057.569618
51907418,8,7600,67000031,248914.9578,743373.7742,236.7718964,3961,5546.010096
53226301,12,7600,67000022,249669.7128,743775.4787,188.0958405,2663,3727.688296
51907392,9,7600,67000025,248971.6662,743634.5469,258.9149933,3233,4526.278279
51907394,10,6535,67000014,250699.0483,743930.9978,147.7510223,227,317.9076116
51907398,4,6520,67000014,251174.4173,743964.4461,633.2395172,622,870.8396083
51907401,8,7600,67000031,248342.535,743772.6299,469.8016052,3439,4814.04895
51907404,14,7600,67000025,249356.0267,743379.5502,438.9586334,2816,3942.274113
51907405,11,7600,67000015,250129.9128,743745.947,672.814148,673,942.4273187
51907434,5,7600,67000031,248340.1616,743724.7414,131.7412415,3459,4842.977351
51907496,5,7600,67000033,249012.9754,742428.3906,187.4709625,4619,6466.099183
51907466,9,7600,67000021,249667.41,744443.12,125,1294,1811.39509
51907470,9,7600,67000025,249685.3291,743262.8051,205.4885712,3063,4288.837548
51907504,10,5501,67000015,249885.0643,744179.7131,280.7863312,1042,1458.202908
51907509,12,5202,67000022,249105.4958,743933.3768,1995.53952,2069,2896.533576
51907488,4,7600,67000013,250603.4179,744361.756,339.8265839,626,876.5642834
51907511,12,7600,67000011,249717.2542,744834.5716,126.6925049,1361,1904.850706
51907543,9,7600,67000021,249933.6337,744394.179,303.2568359,1013,1418.065608
51907544,12,7600,67000014,250458.9193,744107.382,239.4359131,529,740.7714944
51907559,7,7600,67000012,249950.5264,744782.6363,245.6161041,1206,1688.402887
51907561,8,7600,67000011,249371.8463,744842.2337,184.6450043,1557,2179.658534
53227201,7,1000,67000014,250727.5332,744107.1141,288.0110321,528,738.6846362
51908621,10,7600,67000022,249516.5067,743918.9903,442.3675079,2216,3102.428275
51908550,17,7600,67000015,249885.1009,744215.9786,452.7761078,1014,1420.292127
51908586,9,7600,67000012,250323.6272,744432.9802,228.4179993,762,1066.8939
53227379,8,7600,67000013,250566.7392,744565.8115,187.4241943,823,1151.792544
51908626,3,6520,67000021,249063.306,744666.6622,55.33145142,1707,2389.513658
53227401,4,7600,67000024,249575.8307,743431.1507,365.2543945,2576,3606.752507
51908781,10,7600,67000013,250668.1558,744710.1025,239.4333801,857,1199.458044
53227406,10,7600,67000031,248656.3338,743814.9948,400.2221222,3262,4566.905676
51908757,7,7600,67000031,248450.3273,743845.7405,400.6665344,3328,4658.876114
51908786,6,6512,67000033,248123.2983,742846.7583,722.8465881,4733,6625.924577
51908764,6,7600,67000011,249691.5243,745093.5194,272.7369995,1586,2220.430003
53227411,7,7600,67000031,248627.5568,743707.048,297.1849976,3621,5068.810376
51908799,7,7600,67000036,247660.2374,743398.1741,197.8538971,4087,5721.971536
53227417,7,7600,67000036,247996.3646,743099.9473,221.1460877,4575,6405.072541
51908827,10,7600,67000031,248877.7307,743439.3907,163.2108765,3915,5480.768857
51908829,10,7600,67000025,249224.6304,743372.6636,150.0726166,3500,4899.519317
51908830,7,7600,67000015,250837.8892,743399.4283,110.690979,352,492.6153944
51908838,9,7600,67000036,247685.0396,743518.414,310.6191101,4077,5708.198752
51908848,6,5305,67000032,248311.608,743190.5814,307.1683044,5021,7029.025697
53227422,6,7300,67000035,246954.5601,742949.3293,70.85620117,5067,7093.566171
51908853,13,6520,67000014,250965.145,744599.0802,2768.752426,910,1273.682192
51908907,10,7600,67000013,250868.7059,744244.5956,205.1586914,642,899.1077691
51908872,13,7600,67000022,249400.7789,743741.383,232.5309143,2769,3877.141199
51908875,10,7600,67000021,249734.9383,744373.6323,178.5466766,1264,1769.464557
51908880,5,7600,67000025,248927.7954,743529.3738,76.35749817,3370,4718.217803
51908913,7,5305,67000022,249323.9479,743720.4832,199.2131195,2328,3259.514578
51908892,9,7600,67000021,249207.6201,744085.06,232.286438,1995,2792.403457
51908926,8,5305,67000012,250328.9976,744583.9036,211.6101379,961,1345.197089
51908932,16,7600,67000012,250405.6084,744507.0567,268.8801422,782,1095.082252
51908935,5,7600,67000012,250240.4326,744474.7301,206.5677643,827,1157.639441
51908945,7,7600,67000011,249667.6007,744666.6772,169.2007141,1338,1873.222417
51908961,8,7600,67000011,249526.6381,744936.8077,195.7204742,1627,2277.166586
51908973,11,7600,67000021,249372.7225,744636.7113,221.3805084,1497,2095.405218
51908991,12,7600,67000013,250631.4673,744326.3457,206.6475067,604,845.111754
51909085,9,7600,67000011,249381.1346,745069.0631,213.5099793,1780,2491.774965
51909045,9,5312,67000013,250333.0601,744257.7598,534.72229,632,884.6488657
51909063,5,7600,67000011,249821.5999,745088.117,113.4666443,1481,2073.520175
68377408,40,6520,67000012,250048.925,744955.226,1410.376862,1279,1790.610097
51909111,25,6520,67000011,249533.3823,745272.0278,1591.229553,1725,2415.323708
51908202,4,7600,67000011,249736.4126,744994.8962,90.92599487,1555,2177.270214
51908263,12,1000,67000014,250672.0381,744078.3876,291.3784943,352,492.2487338
51908266,8,6520,67000014,250664.2068,743645.8917,37.44677734,78,108.6753502
51908298,10,7600,67000024,249659.9138,743688.1353,384.5413208,2602,3642.114035
51908323,7,7600,67000013,250618.9487,744102.3236,177.1752472,392,549.2003797
51908325,6,7600,67000021,249671.7029,744353.464,188.0179749,1354,1895.938626
51908347,7,7600,67000011,249408.4849,745267.9026,231.2509918,1732,2425.047473
51908357,6,7600,67000031,248804.9873,743500.2249,330.0356293,3812,5336.605311
51908360,3,7600,67000036,248144.7875,742982.997,59.10301208,4709,6592.700799
51908361,5,5000,67000022,249570.3342,743791.1347,25.97798157,2285,3199.522363
51908374,7,7600,67000012,250364.5,744608.965,170.51091,975,1364.448599
51908378,10,6520,67000014,250939.2052,744136.7012,247.1668396,534,748.2150486
51908379,5,7600,67000033,248965.327,742428.5734,196.8560028,4621,6469.876597
51908414,8,7600,67000031,248607.3895,743854.1407,189.6489716,3216,4502.183602
51908432,7,7600,67000021,249046.402,744526.9007,189.8281708,1722,2411.489979
51908447,10,7600,67000011,249614.1882,745104.2358,264.7837219,1540,2155.655983
51908458,6,7600,67000011,249387.7432,744918.5068,248.4532471,1650,2310.217722
51908515,7,7600,67000021,249906.8818,744414.1791,174.266861,1016,1421.734996
51909148,8,7600,67000022,249403.2831,744040.142,278.8294067,1929,2700.044568
53227475,5,7600,67000011,249601.8211,745175.8449,354.9766846,1621,2269.775965
51909173,12,7600,67000021,249254.4324,744377.7568,298.0249939,1635,2288.903279
51909191,6,7600,67000031,248836.1685,743230.6462,224.3916168,4070,5697.411625
51909192,5,7600,67000036,247682.4169,742858.3774,300.4328003,4523,6332.658814
53227482,10,5740,67000014,250709.8313,743719.883,651.2737122,80,112.5920018
51909218,23,7600,67000011,249301.3965,745092.1164,398.2541199,1809,2532.460335
51909244,4,6520,67000014,251138.3415,744167.3538,58.99984741,562,786.105436
51909829,7,7600,67000025,249045.19,743574.731,120.2694244,2971,4160.045289
51909830,3,7600,67000025,249280.0507,743446.1014,159.4853973,2739,3834.929242
51909837,6,7600,67000031,248198.1812,743599.8698,329.3883514,3654,5115.66073
53227594,5,7600,67000036,247654.7344,742858.7652,395.4646301,4515,6321.542819
51909864,12,7600,67000025,249070.5797,743617.1156,171.9016113,2775,3884.949637
51909875,8,7600,67000025,249267.6596,743393.8453,131.5507202,3520,4928.648862
51909876,12,7600,67000024,249652.05,743530.8887,210.0526428,2534,3547.684033
51909877,4,7600,67000025,249001.9481,743513.9153,214.1199951,3316,4643.00517
51909893,31,7600,67000024,249770.8097,743506.881,783.9949799,2436,3410.36254
51909290,8,5000,67000014,250469.3641,743934.0743,487.4980164,305,426.7614763
51909263,12,7600,67000012,249982.3081,745015.3765,278.2631073,1341,1876.74686
53227494,15,5900,67000014,250446.2111,743615.7847,1335.823257,180,252.050987
51909307,7,5501,67000012,250203.0554,744542.0467,128.0975342,919,1286.808658
51909317,8,6512,67000014,250683.2692,743796.0851,2641.123825,97,135.8775172
51909368,7,7600,67000011,249553.0411,744651.2424,166.8457947,1452,2032.761719
51909329,4,5521,67000036,247587.1736,743188.5319,192.9108429,4241,5937.990945
51909339,17,7600,67000023,249845.2653,744111.9761,439.4373016,1087,1521.481758
51909428,3,5305,67000011,249298.0981,745065.4382,322.2406158,1791,2506.837846
51909443,11,7600,67000025,249127.2037,743543.6385,144.0463409,2713,3797.885482
51909484,17,7600,67000023,249895.4012,744047.0341,464.959549,1112,1556.349709
51909495,5,5521,67000011,249396.3995,744889.1896,294.8370972,1595,2232.665694
51909513,10,7600,67000011,249713.1198,744977.3638,165.4999847,1427,1997.763961
51909516,6,7600,67000036,247783.5186,743459.4969,200.6251679,3981,5574.043648
53227541,8,7600,67000025,248735.6961,743845.0444,423.4471283,3133,4386.888926
51909555,11,7600,67000015,250573.5629,743404.0507,211.617157,491,687.5627838
51909611,16,7600,67000015,250062.8968,743702.2264,546.6885071,1044,1461.184382
51909612,5,7600,67000036,247993.4588,743303.0421,165.8813782,4458,6241.356588
51909616,11,7600,67000025,249034.4311,743638.3184,135.8980255,2805,3926.901558
51909624,6,6520,67000013,250556.4934,744202.6501,182.4742127,507,709.2461969
51909635,9,5340,67000013,250684.3662,744425.657,406.0308685,685,959.3260573
51909640,5,6520,67000036,247763.4761,743466.5063,152.1157074,4049,5668.790735
51909642,6,7600,67000031,248685.6194,743850.6522,276.645752,3245,4542.770313
51909681,4,6520,67000036,247803.18,743109.762,234.868866,4467,6253.9822
53227563,15,7600,67000012,250328.9484,744360.7498,255.5119171,688,963.5370538
51909761,16,6520,67000012,250075.0316,744721.4731,604.44133,1086,1520.801676
51909700,6,7600,67000022,249249.5005,744110.5853,134.2178192,1912,2676.794093
51909702,5,6512,67000014,250204.7545,743931.4983,1947.814102,431,602.8028013
51909708,6,7600,67000012,250288.1258,744426.7901,276.676239,798,1117.026341
51909712,6,7600,67000014,250515.5891,744040.7679,135.9898987,369,516.8730167
51909713,6,5521,67000021,249326.7229,744170.4596,184.0503845,1917,2683.738413
53227573,9,7600,67000022,249223.1447,743971.7615,173.2202301,2130,2981.843363
53227574,7,7600,67000031,249106.2082,742672.015,151.7739258,4440,6216.171827
51909745,12,7600,67000033,248134.9525,742798.0009,201.0491791,4740,6635.640041
51909750,11,6520,67000014,251138.0612,743841.2806,175.8590393,398,557.7645382
53227576,7,7600,67000015,250896.1957,743171.8123,307.6866303,490,685.7238679
53227578,7,7600,67000021,249780.8055,744341.4368,228.2115021,1126,1576.758999
53227579,18,7600,67000021,249810.5467,744426.3053,246.6154022,1070,1498.408853
51909807,10,7600,67000022,249568.871,744043.2165,285.1383667,1780,2491.470729
51910297,11,7600,67000011,249357.4703,745294.7862,199.7172546,1890,2646.400261
51910375,10,7600,67000011,249624.0759,745138.2605,640.649765,1553,2174.579566
51910395,28,7600,67000011,249250.4668,745128.8343,519.4738617,1817,2544.445441
51910396,6,7600,67000011,249410.9444,744975.4557,178.3174591,1694,2371.356733
51910451,12,7600,67000025,249333.2735,743395.6396,378.0553131,2796,3913.974053
51910480,8,7600,67000013,250573.5788,744307.3712,470.069458,637,891.4666602
53227706,40,6520,67000011,249018.0886,745143.1984,387.2156677,1961,2744.851379
51910498,14,7600,67000011,249661.3896,745029.0934,241.5235291,1477,2068.287377
51910510,9,7600,67000031,248526.7085,743838.7215,339.1194153,3277,4588.415124
51910528,16,7600,67000014,250921.3488,744266.9932,418.0954895,575,804.982651
51910542,7,7600,67000012,249869.2283,744807.5906,161.4524384,1254,1755.714394
53227719,5,7600,67000036,248005.5282,743501.8304,272.8960571,4222,5910.952781
51910572,9,7600,67000031,248796.8439,743585.7267,149.1009827,3794,5311.838791
51910575,6,6520,67000014,250439.4681,743713.6254,307.0722809,114,159.2259634
51910625,6,6520,67000035,247246.7886,742971.7195,623.9958191,4868,6815.383019
51910635,4,7600,67000013,250743.6755,744359.1957,233.9701538,657,920.4402548
71735179,7,3600,67000021,249534.58,744415.2964,1658.055756,1413,1977.695869
65282380,6,5201,67000012,250010.1182,744805.3233,817.7070465,1216,1702.795394
51910648,9,7600,67000013,250774.5688,744507.6219,226.1607513,836,1171.083001
65282381,9,7600,67000024,249681.9125,743667.0295,216.6875305,2580,3611.617506
51910666,9,1000,67000015,250456.1618,743364.5672,170.6856384,581,812.9111765
51910683,11,7600,67000031,248215.0179,743636.2161,294.680603,3648,5106.759443
51910701,18,7600,67000025,248985.3295,743802.7057,311.085907,2857,3999.612017
51910766,14,6520,67000014,250917.8996,743855.8083,602.6312561,284,397.9493836
53227748,4,6520,67000021,249262.4242,744484.2658,68.54318237,1556,2178.976229
51910722,4,7600,67000013,250549.4631,744310.8201,219.3006287,618,865.1579962
51910772,9,7600,67000014,250731.9129,743971.8622,96.59547424,318,444.7110059
65282382,4,6520,67000014,251101.2435,744045.0443,1062.309067,490,686.1861715
51910836,7,7600,67000011,249543.9819,745043.7086,214.3322754,1582,2215.300393
51910849,18,7600,67000012,250290.9972,744385.2417,229.9540863,791,1107.710351
51910863,8,7600,67000011,249403.725,745519.3646,508.5515442,1921,2689.827419
51910870,12,7600,67000011,249416.2575,745054.1036,239.8464813,1706,2388.57481
53227616,9,7501,67000017,250337.1332,745217.958,19.09700012,1554,2175.473613
51909965,4,7600,67000036,247627.702,743329.1544,74.4785614,4150,5809.339789
51909980,7,7600,67000012,250050.9492,744881.6882,205.9721985,1259,1762.807854
53227621,15,7600,67000023,249999.1568,743811.6331,528.7604065,952,1332.945903
51910023,6,7600,67000031,248296.0475,743704.5714,432.5312195,3490,4885.876401
51910041,7,6520,67000015,250369.0852,743581.8302,409.0446472,325,455.0598419
53227639,3,5305,67000032,248590.1206,742975.4204,337.9113617,4529,6341.106921
51910119,15,6520,67000014,251351.1754,742846.2648,5163.375687,950,1329.696161
51910135,7,7600,67000011,249522.4483,744678.9629,175.0989075,1385,1938.905317
51910151,7,7600,67000015,250731.3707,742980.4958,299.8939209,1087,1522.185604
51910195,7,7600,67000021,249349.5176,744407.2309,166.3984528,1597,2235.957979
51910202,8,7600,67000025,249457.9999,743409.6666,195.6186981,2878,4029.795569
51910204,5,6520,67000014,250362.4079,743864.7578,1153.615799,329,460.0977842
51910223,5,7300,67000017,250319.61,745207.5185,222.9112091,1618,2265.466169
51910239,9,7600,67000012,250424.1977,744418.5142,351.2775574,710,994.1182492
51910252,9,7600,67000021,249739.5852,744346.6507,159.518692,1246,1743.934094
51910272,12,7600,67000032,248754.8063,742879.1515,398.5132904,4400,6160.409587
51910276,18,7600,67000011,249724.301,744850.8298,259.9339905,1350,1889.497211
53226978,15,5312,67000021,249906.9686,744341.2221,872.8582001,1057,1479.966365
51911244,8,6520,67000014,250650.1223,743615.8567,134.9033814,171,239.8820191
51911281,7,7600,67000011,249718.8271,744885.061,172.0285187,1371,1919.785959
51911368,6,7600,67000011,249600.8931,744948.7488,123.7208862,1623,2271.937523
51911353,7,7600,67000021,249887.1316,744390.7233,137.9160614,1032,1444.752497
65282506,9,6520,67000013,250433.6058,744202.3135,530.7917786,541,757.4462444
53227008,9,5900,67000014,250990.6481,743297.9996,139.5957947,497,696.1713759
68377411,4,6520,67000022,249187.7515,743852.0522,93.83183289,2160,3024.420766
51911431,5,7600,67000011,249282.5555,744863.8144,288.5900879,1597,2235.952883
51911435,11,7600,67000024,249720.35,743446.095,149.0650024,2458,3440.884753
51911442,5,6520,67000023,250026.6822,743846.0295,193.3645477,1083,1516.039734
51911464,10,7600,67000025,249360.1052,743233.1613,207.315094,3451,4832.009684
51911493,9,5305,67000023,249767.9515,744174.5538,256.1327972,1092,1528.233079
51911500,17,7600,67000023,250016.4072,743890.8832,456.5944672,1247,1746.438386
53227024,8,7600,67000025,249358.6149,743168.8098,184.105423,4336,6069.850362
51911515,7,7600,67000012,250403.064,744634.7803,214.7707977,942,1318.298457
51911533,8,7600,67000013,250465.5987,744358.7835,250.2364349,635,888.3126299
51911555,16,7600,67000021,249375.7199,744517.9584,307.2295837,1518,2125.731841
51911559,10,7600,67000021,249260.2085,744150.7682,77.63226318,1934,2707.456904
51911572,3,7600,67000013,250769.5,744492.095,57.23098755,719,1006.309718
53227039,8,7600,67000025,248921.4814,743645.0117,184.558197,3290,4605.700255
51911589,11,7600,67000015,250624.2737,743415.1923,167.590271,460,644.0296517
51911600,5,7600,67000014,251036.0628,744100.806,69.22561646,532,744.187988
51911606,11,7600,67000024,249781.9865,743391.6453,390.0783691,2400,3359.486533
51911614,7,7600,67000011,249510.642,744857.9968,144.7698822,1533,2145.702772
51911623,8,5330,67000013,250793.7727,744253.6064,331.1760864,603,844.3056336
51911715,5,7600,67000013,250637.0317,744377.1592,361.6729584,617,863.5168347
53227067,9,7600,67000011,249391.9634,744938.0004,291.6174011,1664,2329.433694
51911759,5,5305,67000036,247860.3725,742951.0792,113.825531,4551,6371.156935
51911773,4,7600,67000011,249500.3061,745002.984,101.7117004,1652,2312.686769
51911793,12,5202,67000012,250140.4222,744929.5583,373.2620544,1265,1771.672008
51910880,7,7600,67000036,248069.7166,743442.0656,267.9148712,3908,5471.362857
51910896,6,7600,67000031,248711.3867,743570.4675,227.3022156,3734,5228.265028
53227781,5,7600,67000036,247902.4426,742858.1275,292.8067322,4617,6463.541753
51910920,8,7600,67000025,248900.382,743680.4187,199.7045898,3260,4564.462008
51910924,6,5305,67000025,249308.4219,743533.7023,565.4272614,2704,3785.25091
51910926,19,7600,67000012,250477.805,744609.5,262.1697998,855,1196.672887
51910948,8,7600,67000022,249313.568,743846.5612,226.4412231,2233,3126.435509
51910954,9,7600,67000031,248426.9421,743837.5669,225.7568207,3345,4683.594041
51910958,3,6520,67000014,250965.9483,743376.0948,45.63005066,441,616.8840502
51910962,13,7600,67000021,249209.6447,744220.9228,292.45961,1812,2536.372917
51910995,15,7600,67000025,248912.195,743827.4711,419.4667969,2809,3932.765411
51911003,13,7600,67000021,249328.8897,744319.9735,276.6484222,1661,2325.626296
51911006,8,7600,67000031,248883.1916,743357.5857,443.2286224,3927,5498.190849
51911008,12,6520,67000012,250177.0605,744615.6867,172.5232849,984,1378.103728
53227799,9,7600,67000011,249529.25,745059.5,169.9693909,1619,2266.691079
51911020,8,7600,67000036,248088.0778,742864.3323,194.7952423,4662,6526.754038
51911035,4,7600,67000036,247692.8098,743370.5121,397.6934204,4181,5853.780907
65282640,6,7600,67000036,248282.0595,742908.2953,452.3969421,4768,6674.608032
51911085,4,7600,67000011,249545.283,744798.8335,201.1338348,1469,2056.823939
51911098,9,7600,67000021,249107.6475,744330.5259,186.1030731,1801,2521.323243
51911168,18,7600,67000023,249835.5611,744153.4104,413.8694305,1057,1480.092934
51911170,8,5305,67000011,249575.447,744669.9322,249.184967,1443,2020.227136
51911117,7,7600,67000025,249014.2623,743316.4121,229.223526,3534,4947.116251
51911118,7,7600,67000025,249304.9713,743325.874,357.2575531,3523,4931.925796
51911119,6,7600,67000025,249351.0038,743200.4178,183.0240021,3446,4824.840769
51911130,7,7600,67000036,247864.1287,743463.3769,172.5305176,3924,5493.206479
51911135,6,5501,67000032,248645.5409,743163.9976,250.1678619,4325,6054.619191
51911141,9,7600,67000036,247729.9202,743501.323,207.5318146,4045,5663.268731
53226963,6,7600,67000014,250632.096,744085.707,121.3029785,379,531.0347892
51911155,3,5501,67000036,248106.1544,743065.2772,26.09098816,4653,6514.176483
51911160,4,7600,67000025,249590.9348,743301.8447,199.9470367,2994,4191.087241
51911163,9,7600,67000031,248520.9826,743868.6602,251.0367279,3274,4584.0117
51911179,4,7600,67000014,250940.3059,743252.0453,157.2723541,521,729.9707524
53226969,8,7600,67000012,250064.2549,744845.0586,310.854187,1192,1668.874062
51912301,17,7600,67000011,249751.2556,744801.4826,304.8973236,1347,1886.453592
51912271,7,7600,67000036,247975.8688,743106.5868,286.0988922,4560,6383.603103
51906917,7,7600,67000031,248499.2367,743709.7784,434.1628418,3535,4949.406247
53227307,20,7600,67000011,249817.9411,744889.1296,322.0021973,1363,1907.612558
51907492,8,5521,67000036,247881.7909,742924.4037,294.0637207,4562,6387.251025
72617790,6,7600,67000025,249131.7461,743296.6404,219.1987,4155,5816.822675
53227435,8,7600,67000013,250774.0977,744345.4625,254.4682922,648,906.9261458
51909123,10,7600,67000013,250749.5502,744601.6617,322.3330078,881,1233.48948
51908239,8,7600,67000013,250558.9344,744352.3464,335.9503021,656,918.1662274
51909168,12,1000,67000014,250759.3652,744114.7149,808.9410095,560,783.6550407
53227481,10,7600,67000031,248161.1587,743530.2605,251.5771637,3701,5180.788589
51909840,12,7600,67000012,250022.6794,744733.3839,693.6996307,1124,1574.277364
51909863,6,7600,67000031,248763.6711,743570.123,316.1839142,3754,5255.412836
51909255,30,5900,67000014,250971.5588,744319.997,1934.485718,717,1004.113504
51909328,6,7600,67000025,249117.0949,743316.9632,253.072403,4173,5841.647941
51909460,25,6512,67000011,249665.412,744789.9412,2284.138687,1405,1967.624315
51909799,6,5501,67000012,250432.3205,744612.1809,339.3606262,842,1178.523239
51910465,38,7600,67000012,250315.3143,744873.8876,825.8715057,1286,1800.898075
51910516,15,6512,67000014,251248.5573,743586.3839,1969.159225,593,830.6255514
53227745,6,7600,67000025,249368.9175,743189.5591,211.4456482,3431,4803.916455
51910711,6,5523,67000014,251202.8104,743576.7589,305.420639,584,817.6006237
51910009,8,5305,67000021,249834.4135,744503.4007,374.9610291,1059,1482.878003
53227637,8,7600,67000025,248963.8291,743436.9312,408.8685761,3441,4816.745713
51910260,8,6520,67000013,250494.7007,744236.0557,447.8039703,526,736.76187
53227001,6,7600,67000011,249375.235,745184.2349,76.10890198,1719,2406.655363
51911501,6,5521,67000012,250150.1393,744694.7852,194.2115479,1031,1443.241567
53227778,38,7600,67000012,250282.1808,744887.8327,861.2985382,1261,1764.96699
51912345,13,1000,67000014,251076.41,743884.5774,366.2688141,378,529.1408535
51912602,9,1000,67000011,249120.7756,745090.9182,530.7783203,1860,2604.340532
51911906,5,1000,67000022,249452.5666,744024.349,71.22283936,1955,2736.832614
51913098,4,1000,67000014,250823.7082,744124.3325,90.85928345,511,715.7969982
51913613,8,1000,67000031,248712.8219,743741.415,392.9066773,3183,4456.109787
53228129,4,1000,67000034,248004.0066,742608.8039,77.43054199,4952,6932.574223
51914004,4,1000,67000014,250221.6364,744107.0479,170.8133698,479,671.1936148
51915092,10,1000,67000022,249190.0611,743736.8894,228.5523377,2265,3170.428911
51915510,9,1000,67000032,248316.1046,743127.628,527.5687714,4904,6865.884202
53228454,7,1000,67000024,249897.0774,743257.1324,858.5722046,2230,3122.140735
51914794,10,1000,67000031,248691.5779,743699.9535,2128.906723,3661,5125.61984
51914933,5,1000,67000032,248390.3564,742947.9047,339.0218964,4868,6815.503546
51916033,4,1000,67000032,248488.461,743011.0103,308.9028626,4754,6656.292815
53228609,4,1000,67000013,250649.9828,744226.691,99.67681885,512,716.1340679
51912491,11,7600,67000012,250347.1416,744404.4769,633.7967835,737,1032.147626
53228101,6,7600,67000036,248151.4899,743176.978,108.7644196,4627,6477.739904
51912739,5,7600,67000036,247738.0396,743274.5949,178.4374847,4310,6033.385651
51913158,9,7600,67000022,249446.1597,743666.1253,275.9617462,2410,3373.323215
51913194,6,7600,67000036,247745.1907,743206.3071,50.67118835,4390,6146.070207
51913278,7,7600,67000031,248317.7378,743758.8144,213.2424774,3459,4842.415262
51913534,22,7600,67000023,249723.6722,743972.0066,686.3974609,1743,2440.275376
51913674,7,7600,67000025,249365.1296,743003.8858,230.3900452,3935,5509.616476
51914137,21,7600,67000013,250457.4829,744277.6299,647.2809143,611,856.0798787
53228413,11,7600,67000011,249473.1784,744674.844,341.9615173,1369,1916.426358
51913781,15,7600,67000011,249405.784,745208.8134,492.830246,1742,2439.113465
51915046,8,7600,67000025,249090.1558,743198.5305,96.62545776,3633,5086.382261
53228530,9,7600,67000022,249422.3545,743654.1053,587.2731171,2411,3375.91318
51914660,10,7600,67000025,249089.859,743607.7639,152.9826965,2760,3863.573652
51914678,7,7600,67000014,250840.8103,744088.0865,189.1986847,447,625.4854772
53228456,9,7600,67000025,249316.12,743363.0383,203.8971863,3516,4923.003579
51915977,11,7600,67000022,249021.754,743873.5223,204.2520142,2784,3897.481678
53227849,8,7600,67000025,249276.2425,743280.3796,265.9819031,3525,4934.347481
53227887,7,7600,67000031,248790.4874,743411.8212,237.1501312,3862,5406.734477
51915560,9,7600,67000012,250023.85,744781.31,64.34999084,1205,1686.791736
51912294,4,6520,67000011,249524.0189,744872.7888,189.7137451,1546,2164.859654
51912299,6,7600,67000036,247708.6753,743512.5771,290.0790405,4060,5683.938668
51912329,7,7600,67000021,249105.3904,744265.8422,276.0074005,1802,2522.511269
53228031,6,7600,67000012,250071.5514,744672.8245,113.1447449,1071,1499.276557
53228033,5,6520,67000031,248934.4106,743027.3579,340.3417664,4265,5971.613307
51912360,15,7600,67000025,249111.9765,743643.8152,354.7073364,2547,3565.255012
51912372,21,7600,67000031,248639.0286,743306.307,302.7747345,4212,5896.656791
53228039,9,7600,67000024,249548.7666,743502.5648,407.6867981,2531,3543.38138
51912395,4,5305,67000013,250673.0367,744144.034,137.2984009,486,680.293918
51912378,9,7600,67000036,247795.7403,743168.9977,178.7335358,4427,6197.363158
53228042,6,7600,67000022,249539.9943,743846.1653,269.4829865,2244,3140.910904
51912399,8,7600,67000024,249741.9286,743447.1594,125.6860809,2406,3368.563839
53228043,9,7600,67000022,249507.0789,743530.6965,415.5632782,2495,3493.147992
51912432,8,7600,67000013,250583.6093,744421.1525,263.6135254,691,966.9524736
51912436,9,7600,67000021,249989.4255,744346.7798,460.6522369,952,1332.691852
53228055,8,7600,67000013,250770.3107,744303.0735,245.4549866,619,867.2571516
51912472,5,7600,67000021,249277.4081,744401.573,249.1229096,1614,2259.969153
51912487,9,7600,67000012,250016.3702,744511.8088,285.3751373,991,1387.276538
51912505,8,7600,67000036,247628.2605,743494.4336,142.8840027,4114,5759.62323
51912570,6,6520,67000035,247215.5498,742665.487,788.5321198,5002,7002.828569
51912510,4,7300,67000025,248883.448,744495.2298,212.7737122,2315,3240.813381
51912605,20,7600,67000011,249178.1295,745049.7935,202.7084045,1849,2588.632672
51912653,5,7600,67000012,250413.6046,744691.0779,263.5841522,915,1280.567806
53228085,14,6520,67000012,250134.9102,744490.3028,204.3901367,890,1245.94968
51912623,15,5501,67000021,249802.25,744374.285,277.8490143,1102,1542.740734
51912658,6,5312,67000012,250354.2682,744664.7844,310.8503876,958,1340.954007
51912661,8,7600,67000025,249381.613,743287.4115,275.867157,3449,4829.250408
51912670,10,7600,67000031,248172.0913,743735.1754,373.8808594,3526,4936.216283
51912681,7,5521,67000012,249930.398,744438.3824,229.4411316,991,1387.930692
51912692,10,7600,67000025,248938.8039,743610.7474,200.3516083,3316,4641.93308
51912696,9,7600,67000025,249250.7956,743401.0483,216.2794952,3507,4910.342096
51912711,7,6520,67000014,250621.1228,743755.9114,782.7861481,54,76.16035304
51912716,3,7600,67000013,250743.1715,744646.0133,345.7522736,856,1197.703486
51911813,4,7600,67000015,251088.4695,743192.373,99.83169556,641,898.051949
51911816,10,6520,67000014,250709.3568,743557.5632,191.0583344,184,257.5266274
51911817,5,7600,67000025,248854.3258,743677.5016,66.78421021,3251,4551.485422
51911820,5,6520,67000014,250859.9486,744095.5109,139.9712982,452,632.753534
51911827,10,7600,67000025,249217.4506,742913.3541,203.6850128,4153,5814.184474
53227085,7,7600,67000036,247838.6821,743124.8247,344.25354,4466,6252.545686
51911834,5,5501,67000015,250964.0969,743107.5955,96.6451416,552,772.7881382
51911839,8,7600,67000025,248863.1878,743757.2896,201.9095306,3119,4367.031193
51911844,6,5521,67000014,250728.5968,743925.9,372.792923,216,301.7754546
51911849,6,7600,67000025,249648.2605,743277.0629,248.6451721,3038,4253.451455
51911867,8,7600,67000021,249275.9331,744460.6366,174.7476959,1574,2203.243011
51911871,4,7600,67000036,248127.6162,742978.2306,336.32164,4701,6581.110446
51911915,14,7600,67000023,249664.3344,744137.5373,388.8045349,1624,2273.166727
51911975,7,7600,67000025,248680.065,743891.5434,454.9087067,3163,4428.858474
51911927,13,6512,67000014,250203.995,744020.773,304.1491699,414,580.2947888
51911937,8,5202,67000021,249097.1899,744620.1127,393.5329895,1643,2300.19891
51911941,6,5305,67000022,249431.2025,743889.4977,238.8092041,2158,3021.236025
53227110,7,7600,67000025,249237.7046,743115.7762,252.6781921,4035,5648.492293
51911993,8,7600,67000025,249356.8154,743343.1137,179.2939301,3484,4877.742846
51911999,7,7600,67000031,248088.2197,743499.0378,276.3123474,3760,5263.662845
53227120,10,7600,67000025,249234.2753,743304.1613,184.4613648,3555,4976.53421
51912024,7,7600,67000011,249534.0293,744640.8001,220.9385529,1313,1838.016672
51912033,8,7600,67000021,249335.9981,744455.1408,300.317276,1568,2194.621115
51912114,8,7600,67000013,250587.1526,744384.8464,219.9667969,649,908.5979856
51912129,8,6520,67000035,247010.2877,742910.273,1347.503693,5022,7031.260405
51912131,7,7600,67000021,249111.8419,744534.6099,215.7375031,1795,2512.528844
51912157,12,7600,67000011,249643.9138,744726.4746,342.3961334,1395,1953.575279
51913102,13,7600,67000012,250216.9055,744582.5336,256.672821,927,1297.919326
51913103,6,6520,67000022,249311.2338,743690.5547,204.1042328,2314,3238.924176
51913107,6,7600,67000014,250789.6185,744032.132,308.8653717,414,578.9459255
51913112,6,5305,67000021,249400.2416,744203.1122,540.8699036,1618,2265.246713
53228169,12,7600,67000032,248395.9346,742916.1065,811.9075928,4868,6815.503546
51913118,6,7600,67000012,250402.795,744386.785,149.4099884,679,950.4657182
51913122,7,7600,67000031,248808.4042,743407.8426,227.2170563,3870,5418.670789
51913125,7,7600,67000025,249331.3161,743118.2406,158.3898926,4011,5615.60055
53228171,7,7300,67000035,247049.8815,743060.1512,724.7836762,5019,7026.83907
51913129,6,7600,67000036,247809.7367,743137.741,320.5374146,4463,6247.553643
65282870,9,7600,67000022,249547.9102,743876.5569,373.3301239,2233,3125.640459
53228176,8,7600,67000012,249747.425,744619.4765,180.3839569,1162,1626.47979
51913170,4,7600,67000015,251087.7265,743146.3489,193.9393311,678,949.1800696
51913237,6,7600,67000031,249014.6177,743135.6102,333.8386231,4015,5620.441573
51913175,6,5305,67000031,248914.3688,743147.2441,206.0325775,4097,5736.328384
51913177,6,7600,67000025,249207.9115,743381.2783,238.1145935,3486,4880.715154
51913180,7,7600,67000021,249364.6978,744359.9093,227.9515381,1539,2154.357548
51913193,10,7600,67000025,249310.4975,743262.655,149.8733826,3493,4889.686183
51913248,4,5521,67000014,251179.532,743635.8121,1249.423691,537,752.2101052
51913213,8,7600,67000022,249548.0333,744082.7311,233.2164612,1745,2443.469576
51913222,10,7600,67000014,250798.5201,744150.8521,269.5302887,529,740.5536863
51913223,9,5900,67000012,250307.4262,744335.9469,296.9472961,673,942.6540353
51913251,12,6535,67000013,250690.1141,744219.8108,624.1099396,525,735.2185354
51913254,7,7600,67000025,249521.443,743315.1187,293.7394562,2933,4106.573022
65282903,9,6520,67000014,250684.5998,743605.1362,318.6059265,144,201.9284591
51913265,11,7600,67000025,249258.269,743009.583,230.2744293,3931,5502.928862
51913270,22,7600,67000023,249690.989,744010.0256,689.2933197,1698,2377.729648
53228201,3,5000,67000025,249156.1635,743691.8653,61.48298645,2506,3507.956188
51913306,9,7600,67000014,250942.8317,744022.035,205.0049744,444,621.9640482
51913313,7,7600,67000014,250745.9888,744021.2456,174.0761566,320,447.9601526
51913333,8,7600,67000036,247821.0206,743170.6986,352.6769867,4441,6217.291281
51913339,4,7600,67000024,249688.6759,743285.229,176.0797119,3057,4280.45807
51913349,4,5000,67000025,248962.0483,743766.7868,95.94400024,2869,4016.034642
51913358,4,5312,67000033,248470.5571,742660.9216,371.3289185,4802,6723.244182
65282904,5,7600,67000034,248282.4626,742363.8046,160.8383637,5058,7081.661266
65282905,6,7300,67000015,250235.4946,743667.751,432.6757813,272,380.8538635
51913364,4,5740,67000023,249636.6978,744072.956,248.8518066,1630,2282.080237
51913445,8,5521,67000015,250770.1091,743122.9081,207.3551941,815,1140.600906
51913531,9,6520,67000014,251043.7233,744085.8797,329.1767578,519,726.7743675
51913536,7,7600,67000011,249333.1344,745437.081,416.1762238,1855,2597.461147
51913555,5,7600,67000036,247604.6499,743359.2884,164.1084442,4130,5782.562181
51913558,8,7600,67000013,250580.163,744595.7298,194.7138062,816,1142.731861
51913563,5,7600,67000012,249885.3059,744788.9475,153.5724182,1237,1731.271805
51913568,7,7600,67000025,249029.1724,743546.4185,201.0797119,3311,4635.8893
53228250,7,7600,67000025,249221.7494,743067.5397,179.8178253,3980,5572.670434
51913582,5,7600,67000036,247790.1406,743061.0798,282.0728302,4431,6203.670827
51913588,7,7600,67000024,250024.439,743191.8998,256.0365295,2335,3268.747348
51913597,13,7600,67000022,249450.3814,743713.4936,230.6476288,2732,3825.299957
51913602,9,7600,67000025,249651.4966,743242.8279,119.5027008,3047,4266.278051
51913603,9,7600,67000025,249445.438,743165.6514,350.0018005,3373,4721.8668
51913621,12,7600,67000025,248955.6787,743665.1054,352.322937,3208,4491.793018
51913637,9,7600,67000025,249016.4132,743561.1374,145.3918915,3297,4616.412382
51913638,7,7600,67000025,249346.8105,742944.4245,173.6553803,3899,5458.569907
51913639,8,7600,67000015,250788.2038,743000.2512,252.7295227,976,1365.973959
51913642,4,7600,67000024,249573.8648,743354.929,213.539505,2970,4157.706107
51913645,8,7300,67000035,247272.7274,742960.0947,437.4929962,4848,6786.983743
53228265,5,7600,67000036,248174.4309,742977.8407,223.5684662,4733,6625.897197
53228269,4,7600,67000036,248010.1028,743239.697,772.976059,4510,6313.690925
53228270,7,7600,67000025,249525.039,743153.7766,190.3036499,3288,4603.746496
51912789,4,7600,67000036,247915.7804,743428.9005,291.0340729,3888,5443.514834
51913676,7,7600,67000031,248143.7831,743609.011,225.3938599,3696,5173.774461
51912754,11,7600,67000012,249918.1378,744466.0098,384.1375122,1001,1400.787262
51912762,10,7600,67000014,250947.4372,744264.4034,569.5627441,570,797.6916502
51912796,9,7600,67000031,248476.4893,743853.5456,345.7162781,3308,4631.605707
53228113,7,7600,67000011,249533.9705,744823.0575,243.4202728,1517,2124.404411
53228117,3,1000,67000021,249486.0276,744466.7449,17.64360046,1401,1960.914777
51912864,6,7300,67000035,247379.1949,742830.974,320.3783112,4853,6793.560705
51912865,5,7600,67000033,248776.8329,742300.6032,133.8801117,4841,6777.644755
51912868,7,7600,67000021,249384.419,744336.2444,173.456955,1551,2172.066827
53228120,7,7600,67000013,250583.777,744333.1428,331.1119232,636,890.7872821
51912850,11,7600,67000015,250680.9126,743087.4685,293.7160645,1071,1500.028626
51912856,5,6512,67000033,248630.0147,742720.7405,138.7878571,4578,6409.258742
51912875,7,7600,67000025,249312.9555,743130.3802,226.4033051,4027,5637.604059
53228127,4,7600,67000024,249681.8645,743303.5185,220.7791596,2646,3704.115084
53228128,3,7600,67000025,249235.0059,743477.2367,168.7010956,2700,3780.14821
51912896,5,7600,67000034,247890.5635,742600.6027,286.2407074,5049,7068.757433
51912931,11,7600,67000015,250110.7438,743779.8107,590.5197907,1307,1829.248582
51912960,5,7600,67000036,247716.5371,743379.1727,236.997757,4199,5879.101935
51912989,19,7600,67000021,249893.0706,744436.8989,263.0924988,1028,1439.16532
51913056,9,7600,67000025,249245.5638,743031.4486,202.892395,3950,5529.470516
51913058,5,5740,67000013,250708.8247,744428.2421,272.5251007,703,983.7088065
51913079,3,7600,67000036,247993.89,743159.5973,52.20265198,4555,6377.527103
51913083,6,7600,67000013,250733.5755,744527.3687,187.3347931,815,1141.263898
51913086,8,7600,67000025,249188.2705,743388.4954,127.6396942,3471,4859.914661
51914101,18,6520,67000014,250905.5482,744022.0923,476.9212952,418,584.5722716
51913093,7,7600,67000021,249741.6251,744499.4331,102.9763794,1179,1650.683482
51914038,9,7600,67000022,249591.5541,744110.1195,269.2720795,1593,2229.964303
51914044,6,5305,67000022,249458.9757,743996.6571,177.6476135,1955,2736.832614
51914046,14,7600,67000011,249767.2813,745129.6437,238.1478882,1528,2139.068955
51914053,15,7600,67000021,249055.5117,744180.7029,243.4745178,1921,2689.171194
51914055,8,7600,67000014,250976.647,744181.6599,270.541687,563,788.183232
53228342,3,7600,67000024,249984.2942,743194.6048,58.72390747,2173,3042.796043
51914084,4,7600,67000031,248800.4393,743391.1799,55.35861206,3878,5429.630376
51914107,6,5305,67000031,248726.7866,743527.3279,233.8444977,3767,5273.188337
51914117,9,7600,67000024,249782.4203,743408.5505,125.0081635,2366,3312.845129
51914118,8,7600,67000025,249496.8333,743148.2707,202.4919891,3348,4687.465299
51914119,14,7600,67000025,249598.5,743179.0484,453.8266602,3040,4255.885222
51914180,3,7600,67000025,249569.4544,743274.8058,158.844696,2988,4183.552139
51914184,6,7600,67000031,248630.9861,743814.6024,229.995575,3283,4596.895976
51914138,6,7600,67000015,250845.2131,743357.6317,361.3539429,375,525.2025945
51914152,5,5300,67000012,250041.8221,744618.9046,86.22175598,1039,1455.2804
51914203,7,7600,67000014,250711.7684,743932.9093,101.2671051,208,291.7631346
51914226,10,6840,67000015,250445.1681,743471.2774,168.5729523,333,465.7809827
51914228,23,7600,67000011,249216.139,744973.245,359.8207703,1822,2550.490259
51914231,7,7600,67000036,247604.8906,743497.7998,332.0033875,4129,5781.235751
51914240,18,6535,67000012,249905.0943,744699.1469,261.4769898,1142,1598.266555
51914248,6,7600,67000025,249262.1987,743114.8727,114.8040772,4055,5676.723817
51914250,4,7600,67000014,250888.9909,744077.6257,164.4269867,459,642.9042916
53228373,5,7600,67000033,248842.3635,742349.1526,256.2996674,4811,6735.75131
51914258,17,6520,67000014,251512.8711,741718.5457,1821.676987,1821,2548.84922
51914359,7,7300,67000014,250600.5369,743819.8669,1444.958649,155,216.3054255
51914277,14,7600,67000011,249629.5149,744686.941,176.7397614,1366,1911.943235
51914278,8,7600,67000011,249516.8568,745086.3899,53.49743652,1639,2294.656263
51914303,6,5310,67000012,250044.0059,744533.8715,186.049057,980,1371.822359
51914321,7,6520,67000035,247147.4487,742716.3765,127.3224945,5074,7103.804739
51914343,5,6520,67000014,250452.0547,744020.5789,88.28804016,396,554.4325503
51914450,14,7600,67000021,249320.4453,744580.6247,315.7874908,1481,2073.916724
51914474,6,7600,67000012,250394.5098,744465.8351,356.3859253,734,1027.168805
53228414,11,5521,67000012,249780.5447,744738.7714,167.8149567,1268,1775.075109
51914483,6,7600,67000031,248606.5816,743813.2394,289.1472931,3301,4621.349187
51914526,5,6520,67000014,250442.7229,743975.9443,83.74545288,336,470.6484223
51914499,9,7600,67000013,250543.7006,744340.1601,264.4403839,633,885.6581666
51914500,24,7600,67000012,250275.3525,744540.73,206.5200043,870,1218.374803
51914538,13,7600,67000014,250953.6897,744231.2102,209.8267517,557,779.6927046
51914557,5,1000,67000036,247830.7922,743261.9714,746.4768524,4399,6158.031537
51914559,6,7600,67000025,249190.1408,743123.3722,264.5379028,4027,5637.103013
51914563,21,6512,67000014,251006.7545,743349.5751,2307.878357,484,677.8811532
51914579,10,7600,67000011,249375.5021,745434.5287,208.2954865,1838,2573.492276
51914592,9,7600,67000022,249353.7064,743822.9859,302.226471,2266,3172.874113
51913680,9,6520,67000035,247148.2906,742944.7343,1352.536301,4925,6894.672976
51913681,15,6512,67000014,250551.4801,743744.8666,2350.601532,212,296.3857688
51913691,16,7600,67000011,249859.7335,744913.9454,655.4216614,1351,1890.723693
51913718,12,7600,67000022,249494.3032,743686.7933,232.6690674,2432,3404.2679
51913725,4,7600,67000011,249508.8141,744887.5654,104.9746552,1587,2221.505387
51913732,7,7600,67000011,249605.6111,744830.4581,170.9755402,1510,2113.88776
51913763,5,6520,67000014,251164.5893,744090.9001,95.58587646,550,770.2595107
53228287,6,7600,67000013,250547.1792,744143.242,147.0556641,450,630.3055411
51913769,9,7600,67000022,249466.475,743970.569,368.1501312,2133,2986.7269
51913776,9,7600,67000011,249573.9119,745140.3615,240.7250061,1578,2209.309785
51913841,9,7600,67000022,249222.8989,744072.702,152.1084747,2000,2800.535044
51913810,3,7600,67000036,247759.3153,743151.1204,66.39781189,4401,6161.999714
51913811,6,6520,67000015,250696.6708,743070.8544,343.1582336,1055,1477.212901
51913851,6,7600,67000031,249080.159,742925.1843,207.8320465,4204,5885.260303
51913852,8,7600,67000025,248825.659,743693.8207,286.5679321,3231,4522.894815
51913855,4,7600,67000015,251085.5707,743176.9805,173.0400543,654,915.1212707
51913856,5,7600,67000015,250959.3025,743159.0357,149.183075,518,725.2145969
51913960,5,7600,67000021,249724.0947,744446.1218,217.6500092,1219,1706.800917
51913994,5,7600,67000012,250003.6322,744484.1827,223.4619141,920,1287.3227
51914007,6,7600,67000021,249298.7056,744575.3368,145.060791,1496,2094.638145
51914018,22,7600,67000022,249642.783,744029,819.9013825,1655,2317.693941
53228331,10,7600,67000021,249962.2391,744419.2721,501.16362,986,1380.127666
67793823,7,6520,67000011,249703.4531,744989.7505,506.7178192,1438,2013.43424
51914996,9,7600,67000012,250043.1989,744846.11,234.449997,1207,1689.57003
65282315,37,6520,67000011,249552.7414,745353.4589,7555.834442,1762,2466.368204
51915014,6,7600,67000036,247664.7896,743043.7864,191.612442,4388,6142.699713
51915016,4,7600,67000031,249089.4224,743018.2027,239.9749298,3921,5489.810331
51915034,14,6520,67000025,249420.5513,743430.7008,290.6934662,2778,3889.08893
53228505,11,6520,67000015,250358.0459,743662.7123,566.2469025,329,459.9369751
51915036,8,6520,67000014,251030.7738,743882.6559,995.5706635,364,509.5717807
51915037,6,7600,67000036,248128.2876,743133.5327,84.42080688,4646,6504.229558
51915053,8,7600,67000025,249433.6608,743256.634,197.4582367,3406,4768.821823
51915063,5,7600,67000036,247934.4163,743055.9214,310.4797363,4579,6410.909423
51915085,5,7600,67000036,247831.0316,743101.2297,267.3475494,4466,6252.935994
51915099,25,7600,67000011,249204.7523,745050.5951,326.4440765,1794,2511.037683
51915109,6,7600,67000036,247931.8925,743032.3199,147.8242645,4562,6386.868199
51915111,20,6520,67000014,251065.2357,744286.5129,117.3199463,717,1004.113504
65282317,7,6520,67000014,250978.765,743451.6137,161.5170136,417,584.4540422
51915187,11,6520,67000014,251018.9403,743930.6059,348.9560089,386,540.124575
53228536,8,7600,67000031,248932.6865,743216.1844,191.2600098,4053,5673.595398
51915215,7,7600,67000025,249292.7904,742910.8879,137.8585815,3893,5450.517054
65282319,5,7600,67000033,248205.0983,742682.1153,428.3271637,4872,6821.301284
53228543,12,5340,67000022,249476.0008,744014.3255,714.5510712,1955,2736.832614
51915251,9,7600,67000036,248050.9986,743224.4828,409.9070892,4534,6347.551295
51915257,7,7600,67000031,248861.9469,743471.7377,163.0475159,3888,5443.159338
51915262,9,7600,67000034,248074.9698,742554.6142,284.9082642,5017,7023.436894
53228550,7,7600,67000021,249294.7837,744443.4681,376.9038086,1582,2214.995421
51915372,15,7600,67000021,249346.9069,744510.69,210.9298401,1527,2137.992555
53228571,25,7600,67000012,249758.2667,744567.9751,287.1026154,1129,1580.32888
51915418,11,7600,67000013,250533.6568,744148.1658,367.9494324,438,613.8254735
51915499,4,7600,67000025,249176.8617,743293.7202,175.1882935,4177,5847.131695
51915429,4,7600,67000036,247931.9359,743278.0476,330.5274963,4443,6219.515537
51915433,4,7600,67000036,247970.6087,743211.4483,349.342926,4490,6286.107223
51915435,4,7600,67000014,250859.9305,744114.1444,57.05450439,465,651.3253844
51915445,8,7600,67000021,249045.9822,744386.1822,175.8999481,1846,2584.069495
51915447,8,7600,67000021,249872.6565,744364.5224,244.506012,1053,1474.25804
51915449,4,5305,67000015,250036.7889,744247.1791,461.4264526,826,1155.710964
51915453,18,7600,67000012,250371.6196,744851.3673,270.8751068,1037,1452.482134
51915461,8,7600,67000036,247961.354,743047.3357,164.5379486,4575,6404.578982
51915466,10,6520,67000014,250635.2283,743785.2608,1531.132996,156,218.2250096
51915467,7,6520,67000012,249817.2982,744536.2873,380.3772888,1064,1489.44423
51915470,4,7600,67000011,249462.0864,744749.4174,176.2212067,1448,2026.727995
51915471,10,7600,67000015,250488.3452,743407.8506,354.677002,385,538.6429346
53228582,6,7600,67000025,249232.7992,743264.206,220.2631989,3544,4962.246068
53228583,8,7600,67000025,249201.314,742955.522,262.1576843,3831,5363.439191
51915484,5,7600,67000025,249659.8214,743242.2907,91.03555298,3052,4272.111707
51915485,3,7600,67000036,248002.5255,743212.4051,129.867691,4518,6325.272874
51915488,10,7600,67000025,249397.8365,743148.4089,227.0546417,4359,6102.314962
51914641,18,7600,67000024,249920.84,743313.9046,577.969223,2246,3143.946817
51915509,7,7600,67000025,249332.4852,743213.6803,119.1428223,3462,4847.419378
51915515,5,6520,67000014,251096.375,744146.3323,238.585083,557,779.9721646
51915531,7,7600,67000013,250552.8554,744279.3783,196.6150055,552,772.8823061
51915535,9,7600,67000036,248202.5725,742943.1207,363.3897247,4764,6670.264734
51914655,8,7600,67000015,250886.0472,743284.4412,148.8824768,415,580.428157
51914617,12,7600,67000025,248936.28,743694.3565,333.6891174,3187,4462.073669
51914626,5,1000,67000014,251012.8802,744398.3265,64.49028015,749,1048.565155
51914627,8,7600,67000025,249301.549,742986.777,222.03508,3903,5464.840767
51914658,8,7600,67000031,248524.0046,743702.3943,299.2610626,3554,4975.025284
53228449,4,7600,67000036,247772.5836,743102.0673,262.960144,4382,6134.36683
51914715,6,7600,67000033,248387.3093,742561.417,335.5124817,4826,6756.77064
53228455,9,7600,67000025,249045.5745,743533.061,187.400177,3328,4658.708284
53228458,4,7300,67000034,247775.9091,742720.4056,1003.179337,5168,7235.563179
51914749,7,7600,67000013,250863.1001,744221.4831,283.0426483,647,905.2079871
51914753,3,7600,67000025,249249.6409,743467.3426,197.7749939,2713,3797.819554
51914756,6,7600,67000015,250033.5949,743244.3607,172.1023102,2300,3220.459444
51914758,3,5501,67000036,248142.9032,743085.2108,28.96478271,4677,6547.488772
51914762,4,7600,67000022,249384.5024,743691.5228,315.1897125,2362,3307.324816
51914772,9,7600,67000036,248027.3485,742915.4775,331.8191071,4602,6442.876883
51914851,7,7600,67000025,248883.3516,743715.1603,165.5979157,3233,4525.889763
51914800,10,7600,67000025,249157.6896,743564.8012,210.6865692,2704,3785.399582
51914867,17,5310,67000012,250209.8846,744500.7034,422.8100128,893,1250.730618
51914890,6,7600,67000011,249352.2637,745409.1032,317.0688019,1836,2569.863611
51914903,7,6520,67000013,250534.8775,744205.1479,233.7880096,508,711.1172398
51914909,22,7600,67000011,249715.3844,744747.6224,274.6047516,1274,1783.383324
51914928,6,5305,67000032,248492.4942,742878.1891,466.6860809,4672,6540.66191
51914946,9,7600,67000025,248888.7922,743938.6987,391.457428,2734,3827.681249
51915968,6,6520,67000031,248857.8226,742969.1083,259.6003113,4321,6049.856782
53228658,8,7600,67000022,249531.5014,743756.31,208.6730042,2701,3781.965604
51915903,5,6512,67000036,248042.8718,743132.0139,301.6589661,4588,6422.565603
51915904,10,7600,67000025,249379.3143,743160.4936,170.2655029,4351,6091.970857
51915908,9,7600,67000031,249115.9017,742954.8718,223.8150787,4222,5910.298015
51915909,4,6520,67000032,248548.3976,743107.2515,116.1426239,4839,6774.318789
51915911,3,7600,67000015,250986.0223,743049.5719,160.7361755,596,834.8389541
51915936,6,7300,67000014,250505.871,743964.8795,1026.603867,361,505.1681531
51915938,8,7600,67000021,249157.9776,744590.4941,174.8270874,1600,2240.06544
51915947,7,7600,67000025,249456.8778,743193.8239,264.4839172,3377,4727.376452
51915959,5,7600,67000031,248941.4166,743199.856,283.7916412,4060,5683.382855
53228668,7,7600,67000031,249074.3031,742892.1888,119.7495575,4174,5843.204111
51915971,8,7600,67000025,249439.0662,743326.2745,183.782135,2882,4034.254733
51915973,7,7600,67000036,247989.0172,742935.8201,190.3955689,4600,6439.64271
51916045,14,7600,67000025,249584.4462,743148.7699,339.8192444,3259,4562.483203
51916047,8,5521,67000031,248345.3143,743669.3349,429.6658783,3493,4890.593187
51916048,4,7600,67000036,247938.3955,743470.1773,262.4459076,3867,5414.395648
53227815,10,7600,67000031,249043.635,742716.6928,179.0665436,4357,6099.356922
51915999,5,7600,67000036,247849.1449,743039.9041,272.0896759,4478,6269.410078
51916011,11,7600,67000012,250178.359,744418.7368,224.6945496,783,1096.607177
51916012,9,6520,67000021,249020.0504,744292.3432,231.0929871,1858,2600.587246
51916035,5,5521,67000022,249568.5579,744021.4086,167.3453674,1793,2510.162138
51916056,7,7600,67000022,249400.2987,743629.6006,94.17219543,2407,3369.642877
51916060,6,7600,67000021,249673.2379,744473.494,204.7446594,1271,1779.077407
51916069,8,5521,67000014,250809.1934,744014.9167,224.320343,400,559.9827473
51916094,6,7600,67000022,249440.1836,744006.3815,298.8600464,1955,2736.832614
53227834,15,7600,67000023,249829.1281,744211.6613,489.2633514,1098,1537.05324
51916141,3,6520,67000014,251648.8052,741725.4267,71.79527283,1769,2476.792052
51916144,4,5521,67000036,247757.4849,743494.7024,175.9468536,4045,5662.937179
53227842,10,7600,67000031,249122.1914,742608.0907,196.1181946,4482,6274.786601
51916167,7,7600,67000015,250693.1587,743036.649,198.7000732,1062,1487.331204
53227846,13,7600,67000025,249190.4619,743659.2449,294.0951233,2570,3598.547283
51916187,20,6520,67000012,250388.5178,744318.3884,452.9689789,631,883.244702
51916195,5,7600,67000036,247740.4671,743092.9849,263.5635834,4362,6106.831136
51916247,9,7600,67000011,249405.7923,745494.9697,202.1324768,1902,2662.262752
51916283,10,7600,67000011,249611.0519,744916.7068,117.4974518,1520,2127.891214
51916285,7,3500,67000013,250873.0704,744301.7513,168.4788361,618,865.8343522
51916319,6,5525,67000014,251004.863,743443.514,450.0776062,445,622.792495
51916384,4,6520,67000014,250199.3274,743981.1723,142.491394,422,590.3081293
51916320,5,5202,67000021,249757.0239,744268.5134,267.1248016,1175,1644.960388
51916395,6,6520,67000022,249462.6932,743940.2159,159.9130249,2157,3020.37804
51916354,5,7600,67000015,250840.9235,743384.038,269.9756012,361,505.6832827
51916360,10,7600,67000031,248905.5948,743466.2927,264.1475983,3907,5470.025269
51916364,14,7600,67000025,249543.8675,743233.7428,441.1090546,2988,4182.648389
65282641,5,7600,67000036,247613.4135,742984.9122,230.1847382,4435,6209.662173
51916366,7,7600,67000025,249160.2672,743240.7014,166.4506683,4109,5753.014514
51916368,6,7600,67000031,249094.0931,742878.9355,336.4055328,4181,5854.055738
51916377,4,7600,67000036,247908.7366,743211.803,266.7459869,4520,6328.176107
51916379,8,7600,67000025,249304.2087,743200.5668,159.8298798,4291,6006.973087
53227884,8,7600,67000036,247914.782,743128.8239,372.17453,4513,6318.870891
51916398,10,7600,67000036,247712.9597,743059.9882,333.7999573,4357,6100.117364
51916401,8,7600,67000015,250779.4761,743050.2051,246.1128845,1126,1576.357056
51916403,4,6520,67000014,250852.506,743550.4549,139.4051056,280,391.6312524
51916406,30,7600,67000024,249851.321,743416.4224,789.4012451,2350,3289.947199
53227886,8,7600,67000025,249357.0352,743126.1426,160.5180969,4349,6088.879208
51916410,7,7600,67000025,249210.9524,742934.2777,175.3685608,3843,5379.641881
51916414,8,7600,67000025,249079.9613,743304.3653,209.9172058,3557,4980.056973
53227891,8,7600,67000025,249339.6992,743179.4209,231.4547119,4320,6048.195217
51916435,3,7600,67000025,248941.6527,743931.0099,398.5285034,2726,3816.700673
51915548,7,7600,67000036,247957.2141,743478.1646,321.0672302,3852,5392.630296
51916454,7,7600,67000036,247670.6496,742931.5045,345.6770783,4466,6252.658792
51915568,8,7600,67000031,248814.9262,743552.4812,80.6499939,3821,5349.679224
53228601,7,7600,67000021,249792.6012,744400.3805,214.1713104,1091,1527.310114
51915597,6,7600,67000036,247862.7187,743084.5217,361.1607208,4511,6316.037859
53228610,13,7600,67000023,250022.25,743923.5,309.6770172,1204,1684.954921
51915635,6,7600,67000012,250438.9084,744403.6359,305.3674927,671,939.7056929
51915723,7,7600,67000014,250862.407,744144.5814,159.7174225,487,681.7308419
51912339,10,7600,67000011,249704.4071,744817.406,365.7150726,1376,1926.271921
51912485,8,7600,67000013,250740.8536,744331.1106,211.4347382,637,892.3635302
51911823,6,7600,67000036,248030.6173,743166.5932,221.0675201,4535,6349.374175
51911825,9,7600,67000015,251035.7264,743108.2742,164.5468445,635,889.160432
65282764,6,7600,67000036,247895.2694,743097.0725,322.1569977,4514,6319.169953
51911868,7,7600,67000031,248549.151,743699.562,162.559082,3575,5004.450183
51911895,7,7600,67000036,247988.3323,742981.9419,367.152298,4589,6424.908785
51912136,30,7600,67000013,250811.5293,744475.6681,454.072403,738,1033.645746
53228189,6,7600,67000033,248468.6238,742685.9055,309.7247162,4801,6721.249843
51912902,12,7300,67000035,247069.2248,742989.6479,1160.474045,4989,6985.043744
51914309,5,6512,67000033,248612.1704,742723.6042,421.4056397,4579,6410.344637
51913704,7,7600,67000013,250721.5033,744357.3783,247.3779144,647,905.1154468
51913818,34,7600,67000013,250823.235,744418.0174,1008.858795,696,974.8143235
51913914,7,7600,67000015,250777.2789,743020.8924,404.9012604,992,1389.191987
51913881,9,7600,67000033,248341.6827,742796.5565,364.5194397,4750,6649.787781
65282316,8,7600,67000036,248007.3849,742885.9858,391.2054749,4624,6473.744834
51915390,8,7600,67000013,250789.0992,744533.9401,189.197113,842,1179.488249
51914615,18,7600,67000013,250569.784,744390.4624,593.3055573,667,934.2046205
51914669,15,7600,67000021,249688.3153,744265.8513,1010.974197,1193,1670.123946
51915923,8,7600,67000015,250915.1346,743134.3768,138.0256805,522,731.2376701
51916022,18,7600,67000011,249726.0491,744766.8896,361.5656433,1316,1842.277099
51916173,6,5305,67000025,249648.6477,743193.4207,590.4111023,3052,4272.493774
51915549,8,5370,67000036,247589.6354,743100.6426,1225.403381,4867,6813.818009
51915642,12,6512,67000015,250127.3978,744121.1205,6234.354828,552,773.1295834
51915873,13,1000,67000036,248262.705,743136.535,360.4457245,4793,6709.754825
51916829,6,1000,67000032,248640.029,743133.409,498.2794342,4347,6085.691989
51917272,5,1000,67000031,248029.4378,743516.2075,130.1354523,3793,5309.969812
53228911,11,1000,67000022,249248.7455,743815.1381,1040.512146,2203,3084.503953
51917359,3,1000,67000011,249401.4505,744789.8532,107.8595734,1496,2095.039654
51916612,5,1000,67000033,248610.25,742297.9917,76.34490967,4915,6881.040332
51917763,3,1000,67000032,248248.6294,743271.2508,98.15109253,5089,7125.143435
51917764,7,1000,67000024,249907.8643,743128.2601,902.0070343,2295,3212.383287
51917770,6,1000,67000014,250966.1714,743191.4016,443.7913208,571,799.5372394
51917804,6,1000,67000022,249179.8274,744018.347,149.906723,1974,2763.340907
51917898,6,1000,67000014,250223.3291,744087.6098,148.8383331,465,651.4712868
51917909,7,1000,67000036,247653.2297,743213.8817,313.029007,4237,5931.229775
51917910,4,1000,67000032,248477.6659,743016.4611,48.77810669,4755,6656.658753
51917994,6,5202,67000015,250750.7565,743056.7943,103.0842896,1022,1430.609081
51918213,5,1000,67000031,248207.7834,743476.9267,241.7922211,3946,5524.661326
53228954,7,5521,67000014,251141.9429,743694.141,54.00013733,470,657.7015338
53228977,7,1000,67000014,250696.3098,744133.9233,188.2550507,528,739.7384134
51917719,4,1000,67000015,251133.7584,743058.0874,204.2046051,730,1021.661275
51918859,6,1000,67000015,249929.5055,744331.8274,216.2365723,915,1281.099563
51919098,3,1000,67000024,249894.0418,743107.335,54.49996948,2279,3190.204158
51919137,4,1000,67000014,251160.2256,744070.6602,105.1981049,551,770.7321289
51918342,13,1000,67000011,249391.5481,744805.8859,1573.617661,1502,2102.251036
51918347,7,1000,67000015,250066.7609,744036.1682,1227.189285,505,707.5541803
51918401,3,1000,67000022,249399.338,744006.4742,99.0667572,2086,2920.864193
51919629,6,1000,67000036,248239.6287,743148.5453,718.1053619,4803,6724.734291
51918688,6,1000,67000014,251057.774,743260.6803,319.4278717,595,832.7948928
53229331,4,1000,67000036,248024.4865,743059.993,59.97306824,4604,6445.955617
51919706,4,1000,67000013,250789.8266,744368.5638,88.36468506,664,930.1111988
51919722,8,1000,67000011,249436.2513,744830.1991,181.5960083,1530,2141.642709
51919792,6,1000,67000036,248213.3707,743095.231,558.9104309,4760,6664.339224
51919836,10,1000,67000022,249207.5445,743728.8042,180.4872131,2258,3160.723745
51921810,5,1000,67000021,250352.5021,744239.2032,152.2059784,611,855.0832714
51916879,8,7600,67000025,249082.6598,743210.8892,90.73294067,3623,5071.985363
53227986,12,7600,67000025,249112.3389,743688.6483,582.3167267,2570,3597.954264
53228913,6,7600,67000036,247875.2925,742978.8154,58.96401978,4482,6274.725844
51917894,6,7600,67000036,247789.9703,743116.2388,66.41525269,4469,6256.821906
53228946,8,7600,67000031,248766.6341,743626.6941,62.11103821,3752,5253.087368
51917752,7,7600,67000036,247972.1118,743436.8528,187.8929443,3852,5393.333988
51918741,6,7600,67000036,247820.8713,743320.3718,198.7922516,4364,6109.626972
51918829,8,7600,67000025,249418.1338,743270.8732,217.7419891,3421,4789.277058
51918919,8,7600,67000031,248455.3772,743808.6379,426.245285,3409,4772.227503
51919193,6,7600,67000036,247965.7661,743070.7658,401.5373688,4566,6391.998855
53229140,9,7600,67000014,251015.6879,744184.0368,149.5139771,603,844.4928414
51918639,9,7600,67000031,248988.7254,743299.7657,162.557251,3889,5443.941587
51919712,10,7600,67000021,249703.4479,744467.2541,272.4661713,1271,1779.429646
51915657,11,6520,67000035,247126.3527,742759.0992,1428.921219,4996,6994.224749
51915661,7,7600,67000015,250706.1098,743018.4825,140.884491,1052,1473.368142
51915667,10,7600,67000031,248479.9643,743817.9789,262.3165741,3390,4745.95398
51915669,9,7600,67000022,249605.8859,743857.5915,136.1098785,2264,3170.101529
51915672,9,7600,67000036,248033.3545,743012.3849,521.7067566,4615,6460.353975
51915675,7,5600,67000033,248925.1446,742673.2924,937.7596893,4432,6204.990543
51915687,7,7600,67000031,248242.1315,743765.0099,136.0306702,3485,4879.697694
51915688,5,7600,67000036,248258.4904,742928.1754,275.6458588,4790,6705.366937
51915702,11,6520,67000015,250381.5251,743644.3807,998.7042847,350,489.7278139
51915719,8,7300,67000035,247366.2667,742830.3782,114.8963623,4847,6785.387187
53228627,5,7600,67000036,247909.4338,743464.8099,334.8948822,3891,5446.748681
53228641,10,7600,67000012,249775.9769,744639.4011,192.5307007,1309,1832.435698
51915827,22,7600,67000022,249588.2004,743974.4732,686.7353363,1855,2597.657885
51915861,7,7600,67000013,250445.1142,744381.5153,90.41099548,656,918.8932602
53228651,4,7600,67000036,248101.5584,742986.0166,346.3070221,4687,6561.52605
51916858,6,7600,67000025,249144.9144,743348.2119,145.7920075,3583,5016.745507
51916860,5,7600,67000021,249623.4517,744325.2489,100.2146149,1386,1940.703911
51915888,19,5900,67000012,250142.3356,744467.0339,1118.184692,842,1178.444939
51916819,6,7600,67000025,249177.9089,743143.9245,192.2765198,4044,5661.030148
51916825,7,7600,67000011,249493.0481,744728.5391,247.3750763,1417,1983.875897
53227960,7,7600,67000025,249324.9376,742932.7838,194.2998962,3887,5442.332902
51916837,9,7600,67000015,250894.8794,743267.4822,125.6467133,434,607.7778177
51916840,10,5337,67000015,250888.9679,743311.127,579.4622955,411,574.9210218
51916849,4,5521,67000032,248592.738,742953.0743,129.2812042,4514,6320.127449
51916875,6,7600,67000031,248993.8658,743185.9582,366.0774994,3823,5352.487381
51916888,15,5001,67000012,250489.9212,744709.1006,413.4915619,915,1280.761699
51916897,4,5501,67000015,250882.6874,743146.686,94.55195618,500,700.4545815
51916911,6,7600,67000036,247922.8967,743007.5741,407.8944244,4544,6361.202692
51916942,5,5305,67000012,250375.5192,744664.2934,301.5223389,946,1323.834726
51916914,7,6840,67000035,247073.1469,742777.8686,375.8254242,5026,7036.993879
51916961,9,7600,67000013,250775.3235,744392.2336,297.5522614,681,953.72858
51916980,13,7600,67000031,248871.8478,743534.6182,378.5150299,3853,5393.991344
53227987,5,7600,67000022,249198.0556,744015.6195,157.6229553,2016,2822.043469
51916995,8,7600,67000022,249452.075,743630.3591,123.9626465,2439,3414.459171
51917001,12,7300,67000015,250113.8043,744007.7816,441.4596405,487,681.5331412
53227990,6,7600,67000025,249322.5009,743065.3637,209.6985626,3984,5577.352609
51917023,7,5370,67000033,248190.0779,742881.8571,273.2220001,4737,6632.393618
51917024,9,6520,67000015,250533.2512,743501.0151,1334.542755,283,396.8902111
51917030,6,7600,67000034,248061.531,742599.3097,234.1419983,4936,6910.514121
51917074,7,7600,67000025,249248.5728,743152.203,124.0651093,4044,5660.900752
51917092,4,7600,67000014,251018.1661,743236.3175,140.7930145,558,781.1525692
51917111,8,7600,67000036,247686.3669,743399.3839,323.9424896,4184,5858.222744
53228009,6,7600,67000036,247792.3565,743274.0457,81.74003601,4403,6163.89504
51917118,4,7600,67000036,247603.7418,743433.5807,420.3471375,4094,5732.263247
51917179,5,7600,67000011,249592.8069,744991.8875,127.3899841,1635,2289.4876
53228891,4,7600,67000012,250026.3943,744606.4744,52.33432007,1141,1597.086614
51917215,9,7600,67000014,251002.9082,744178.1912,148.8692627,570,797.9898448
51917217,7,7600,67000014,250776.35,743971.945,154.7218323,349,488.0435682
53228893,3,7600,67000025,248963.0823,743896.2564,317.7533112,2697,3775.879149
53228894,7,7600,67000022,249425.1101,744060.4046,238.0654907,1931,2702.860231
51917231,9,7600,67000013,250624.9141,744723.953,203.115921,871,1219.933418
51917242,6,7600,67000021,249029.5306,744193.4761,181.5960388,1909,2672.577091
51917245,12,7600,67000021,248968.395,743949.2895,332.7254944,2713,3798.128678
51917255,9,7600,67000025,249293.2516,743272.9513,215.3686066,3507,4909.757145
51917260,5,7600,67000025,249537.1666,743331.8706,280.2434082,2953,4134.270434
51917268,6,6520,67000014,251175.1931,744095.4403,279.6719666,550,770.291085
51917280,6,7600,67000036,248127.0216,743112.5295,186.2702026,4663,6527.721486
53228904,12,5312,67000012,250334.4686,744716.0281,221.0480957,1041,1457.707007
51917315,7,7600,67000025,249225.3179,743247.8617,240.1190491,3557,4980.217419
51917324,5,5521,67000036,247645.2125,743075.0499,164.1764832,4347,6086.32001
51917342,6,7600,67000036,247822.701,742945.2789,416.0708313,4490,6285.969116
51917345,8,7600,67000025,249065.1702,743460.1302,220.2965241,3373,4721.590736
51917358,4,5305,67000021,249393.1324,744509.407,275.4308624,1430,2002.520575
53228922,7,7600,67000014,250648.4161,743526.6336,101.0050049,230,322.1953644
51917381,8,6520,67000037,247004.1824,743451.953,2015.079361,5384,7538.066914
51917387,5,7600,67000036,247732.7965,743212.0142,308.1157379,4382,6135.147565
53228927,11,7600,67000013,250739.1728,744672.0832,160.4608612,861,1205.076947
51917400,5,7600,67000033,248794.6263,742419.6596,151.194519,4775,6684.846131
51916484,4,7600,67000036,248076.031,743145.4024,292.1254883,4577,6408.100671
51916488,8,6520,67000014,250965.8866,743348.7888,314.0799713,459,642.0103284
53227903,3,5000,67000031,248732.7532,743472.3809,114.5541992,3923,5492.650245
51916507,6,7600,67000012,250090.955,744668.06,168.3957977,1057,1479.282903
53227909,7,5740,67000031,248495.6361,743746.9867,147.9288788,3528,4939.689482
51916533,8,7600,67000022,249374.8609,744076.9534,491.5851135,1900,2660.042331
51916552,5,7600,67000034,248241.2838,742353.0014,255.5970001,5083,7116.18734
53227916,8,7600,67000025,249232.4291,743410.5373,202.2017212,3493,4889.673572
53227922,9,7600,67000015,251002.282,743055.0102,266.8344421,672,940.1758451
51916623,6,7600,67000036,248224.3302,742920.055,398.3301239,4790,6706.16848
51916631,7,6520,67000014,250869.1966,743520.4755,220.9165039,304,425.2590013
51916711,13,5201,67000011,249125.2026,745051.8394,546.6404877,1858,2600.625447
51916736,8,7600,67000021,249082.2834,744318.8942,155.7757568,1819,2546.540739
51916751,9,7600,67000012,249898.3707,744563.5316,206.4290161,1027,1437.606922
51916764,6,5201,67000022,249496.9842,744192.6606,565.1511383,1666,2332.072626
51916788,10,7600,67000021,249839.1912,744370.9836,238.0790253,1090,1525.4173
53228990,8,7600,67000015,250678.4709,742941.4267,309.8814697,1117,1563.294283
51917784,8,7600,67000036,247700.593,743036.0258,330.2493134,4376,6126.607596
51917796,10,7600,67000025,249190.3685,743431.7556,229.8970795,3459,4842.568793
51917800,12,7600,67000012,250342.1276,744281.9442,431.3658752,631,883.2447018
51917808,5,7600,67000022,249527.4352,743887.4532,211.9505768,2216,3102.566271
51917811,4,6520,67000032,248678.2627,743006.0037,107.1556091,4431,6203.786461
51917818,7,7600,67000012,249740.318,744669.238,332.6436005,1196,1674.178701
51917832,10,7600,67000033,248288.6965,742797.5897,547.2597809,4785,6698.588833
51917842,10,7600,67000025,249101.2002,743600.75,142.3399963,2750,3850.227112
51917847,13,7600,67000022,248992.5622,743927.6142,348.928299,2738,3832.779623
53229007,13,5601,67000021,249839.8618,744333.3126,756.8945313,1116,1562.617683
51917861,7,7600,67000036,247930.1152,743224.7761,321.5739746,4481,6273.236778
53229009,15,7600,67000025,249618.6,743123.2673,430.6616974,3085,4318.794102
51917891,12,7600,67000012,250438.0889,744450.3456,250.7830505,731,1023.802846
51917897,7,7600,67000013,250644.4316,744467.4747,184.2348633,684,957.3500363
53229015,18,7600,67000012,250362.6553,744474.2246,297.8525238,789,1105.102523
51917906,7,7600,67000025,249332.2167,742897.424,133.849823,3910,5474.607549
51917916,25,6512,67000012,250158.3254,744378.5505,1946.692505,786,1100.321521
51917938,7,7600,67000025,248705.2853,743846.6531,132.0617523,3233,4526.872495
51918005,9,7600,67000012,250490.6935,744673.2133,171.5805664,914,1279.412435
51917962,3,6520,67000031,249056.3458,742634.3175,60.6000061,4414,6179.794759
51918010,7,7600,67000025,248835.3054,743669.367,265.2831116,3249,4548.867551
53229029,7,7600,67000031,248579.8748,743727.0346,232.1299896,3587,5021.606232
51918013,4,7600,67000036,247949.2889,743431.7145,211.2778473,3867,5414.290447
51918020,7,6520,67000035,247216.5735,742981.9492,511.1387634,4891,6847.134948
51918021,10,7600,67000033,248100.3864,742784.3983,727.7131348,4766,6672.723735
51918037,9,6520,67000015,250322.6624,743713.3436,1029.663773,238,333.6402294
51918146,11,7600,67000022,249543.9315,743927.1355,224.7975769,2232,3124.499852
51918174,20,6520,67000013,250433.6152,744292.3059,539.0757904,585,819.1822873
51918180,16,7600,67000023,250100.0395,743746.0963,421.6400147,686,960.3705201
51918267,7,7600,67000036,248177.9249,743178.4067,733.3946838,4627,6477.294516
51918202,9,5601,67000022,249201.2984,743869.8965,703.0390472,2160,3024.287662
51918208,5,7600,67000013,250554.7972,744517.1613,253.0040436,773,1082.592682
51918216,3,5521,67000025,249173.3225,743553.2905,320.3507538,2694,3772.13123
51918220,8,7600,67000025,249078.0211,743189.2823,176.0919952,3786,5299.750864
51918221,4,5305,67000031,248635.2438,743597.8269,698.8637543,3864,5409.440688
53229071,5,7600,67000015,250571.9518,742999.2474,263.9957733,1215,1701.606748
53229073,10,7600,67000022,249641.4848,743806.3174,167.7488556,2692,3769.34587
51918233,14,7600,67000025,248812.4417,743928.3544,690.1533508,3008,4211.819988
51918235,7,7600,67000036,248077.4108,743077.1235,130.5601349,4631,6484.019789
51918246,5,7600,67000036,248075.857,743269.6204,225.0401001,4513,6318.036745
51918251,6,7600,67000015,250441.4493,743406.6741,117.2081909,375,524.479951
53229078,6,7600,67000025,249193.2777,743006.6161,230.0516357,3788,5303.55331
51918263,5,7600,67000036,247682.9386,743013.396,158.8344574,4402,6162.777336
53229079,6,7600,67000031,248803.6876,743338.3608,274.5312958,3995,5593.057717
51918281,5,5501,67000015,250915.4706,743274.5068,175.4600067,424,594.1716686
65282127,4,1000,67000015,249834.6099,743761.1065,120.4161377,1536,2150.108383
51917404,3,7600,67000033,249010.5901,742377.2644,51.44703674,4643,6499.532146
51917405,21,7600,67000031,248626.9133,743335.7854,304.1044006,4222,5910.310341
51918302,9,7600,67000036,247629.3637,742903.9639,253.3925934,4485,6279.318137
51917408,6,6520,67000013,250544.6157,744219.545,140.2236939,521,729.8827458
51918310,8,7600,67000022,249564.2299,744152.6771,322.3547974,1556,2177.742699
51918320,9,7600,67000013,250749.7188,744568.5969,354.3243408,802,1122.647775
51918324,4,7300,67000025,248795.6472,744082.9409,182.1082153,3227,4518.095373
51918335,8,6520,67000022,249198.1543,743942.8999,290.7806244,2117,2963.915723
51917429,20,7600,67000012,250216.0758,744400.3181,475.8317566,760,1064.202995
51917460,3,6520,67000014,251660.981,741706.1321,67.83000183,1785,2499.484941
51917479,7,7600,67000011,249628.0472,744712.0356,326.5186005,1381,1933.354047
51917502,13,7600,67000024,249588.8345,743349.0825,234.2353516,2981,4173.734333
51917511,7,6520,67000014,250981.7227,743542.7184,263.3444367,405,567.1644205
51917530,9,1000,67000013,250709.8561,744155.3942,776.7101746,536,749.9080009
51917538,10,7600,67000025,249206.5319,743163.8103,219.5942078,4045,5663.237361
51917553,30,7600,67000024,249878.5206,743385.8251,931.0823364,2321,3249.060054
53228953,10,7600,67000031,248183.5499,743530.7076,417.1448669,3791,5307.370663
51917564,5,7600,67000036,247934.4396,742857.4358,310.4593964,4640,6495.564049
51917565,8,7600,67000036,247785.135,743425.4377,370.627182,3980,5572.507728
51917567,6,7600,67000031,248624.5462,743887.5764,246.7575378,3203,4484.007018
51917615,8,7600,67000011,249558.1959,745155.0199,165.6328125,1593,2230.669621
51917657,6,7600,67000021,249650.2127,744381.2886,266.8442383,1340,1875.531574
51917699,5,6520,67000031,248213.299,743551.6867,38.37750244,3662,5126.23881
51917702,8,7600,67000013,250771.2791,744321.5657,214.4490051,633,885.6556818
51917710,9,7600,67000014,250989.8316,743203.6562,270.8825684,564,789.8954001
51917717,6,6520,67000014,250690.3108,743582.5141,263.7164307,193,269.6355278
51918722,6,7600,67000012,250269.4128,744590.4825,249.1339264,915,1281.419134
51917721,11,7600,67000015,250644.5541,743425.7439,215.7563934,453,633.6363675
53228984,15,5000,67000014,250508.7145,743993.4097,1666.012772,366,511.9032506
51918699,8,7600,67000031,248519.2207,743744.2889,315.9867706,3545,4963.365905
51918703,11,6520,67000014,250334.2285,743852.8857,2103.4254,258,360.6825271
51918706,9,7600,67000025,249023.5963,743257.2337,195.3951416,3848,5386.78122
53229163,6,6520,67000022,249239.2361,743936.1609,161.1638336,2148,3006.947554
51918742,8,7600,67000036,247613.4333,743196.9961,318.8183594,4241,5937.990945
51918744,8,7600,67000036,247895.4577,743139.5538,144.3060608,4498,6296.99128
53229165,22,6520,67000014,251126.2378,743261.382,1174.049927,587,821.5050641
51918751,9,7600,67000022,249425.0605,743679.0443,239.4769287,2392,3348.589127
51918767,6,7600,67000012,249979.7991,744634.3167,173.0487976,1085,1519.073322
51918809,7,7600,67000025,249417.2649,743338.8886,262.6074829,2864,4009.172923
53229172,10,6520,67000035,247541.5914,742770.5821,1625.495773,4625,6475.611993
53229173,17,7600,67000014,250925.4217,744224.5541,378.0311432,551,771.337709
51918790,7,7300,67000035,247134.9604,743020.3166,458.4595795,4955,6937.208721
53229175,6,7600,67000025,249327.2045,743026.6821,133.9881897,3953,5534.402054
51918792,10,7600,67000025,249547.8966,743367.7718,205.6999359,2949,4128.756268
51918814,12,7600,67000022,249381.6553,743937.0675,429.615387,2170,3037.690177
51918815,8,7600,67000012,249770.6939,744763.034,218.7036133,1278,1788.741825
51918824,6,7600,67000014,250400.0385,744080.4708,276.0574799,452,632.9017378
51918827,6,7600,67000033,248768.2733,742362.8639,242.9025574,4817,6743.916701
51918863,30,6520,67000014,251024.253,744143.8963,2112.922516,562,787.3385478
53229186,3,7600,67000036,247975.8639,742898.5024,57.49049377,4631,6482.849645
65282251,5,7600,67000033,248727.8182,742359.8666,370.1556702,4828,6758.821944
65282252,8,5337,67000014,250625.4064,743526.0084,920.6761169,243,340.6523524
51918904,9,7600,67000031,248474.3441,743714.7748,218.6463471,3517,4924.060354
51918916,11,7600,67000033,248772.2344,742612.4282,903.5592194,4690,6565.931249
51918930,4,7600,67000033,248431.3951,742360.1462,90.01750183,4897,6856.262135
51918933,4,7600,67000025,249468.25,743240.215,188.802887,3379,4730.600018
51919042,24,7600,67000011,249491.4794,745418.4821,465.0567627,1826,2555.805012
51919060,6,7600,67000021,249302.2654,744313.6395,272.8718872,1670,2338.595961
51919073,10,5000,67000012,250182.455,744638.465,233.8200073,1002,1402.507577
51919076,3,7600,67000025,249586.4907,743267.9429,198.4552155,3001,4201.867055
51919085,12,7600,67000025,249495.9851,743392.3745,210.8110504,2908,4071.511052
51919086,9,7600,67000024,249795.8884,743392.9774,117.4778595,2358,3300.677712
51919097,8,7600,67000031,248093.2086,743471.7234,121.7247162,3926,5496.820549
51919101,6,7600,67000025,249300.2699,743007.9668,151.9215088,3918,5485.304861
51919106,12,6520,67000021,248907.2069,744606.2586,1653.51239,2281,3192.801
51919116,9,7600,67000015,250639.5166,743072.7972,294.2796631,1222,1711.21826
51919130,13,7600,67000024,249562.4827,743361.2444,213.9066162,2961,4144.726075
51919132,3,7600,67000025,249618.0007,743251.1744,147.2524567,3027,4237.518175
51919133,8,7600,67000025,249182.6928,742967.6995,200.1266937,3847,5385.479735
51919151,6,7600,67000025,248980.292,743387.0215,246.5533142,3478,4868.779101
51919160,4,6520,67000014,250855.355,743613.095,83.45088196,270,377.84466
51919161,8,7600,67000025,249516.0877,743134.4035,317.5129242,3283,4595.515972
51919163,3,7600,67000025,249592.0851,743129.7367,214.1276093,3249,4549.07796
51919164,5,5501,67000015,250891.1543,743120.9847,244.973114,744,1041.45361
51919166,7,7600,67000013,250603.8441,744520.8221,313.435791,773,1081.618882
51919180,5,7600,67000036,248090.9826,743276.4988,399.700943,4553,6373.817951
51919182,9,5521,67000015,251032.4386,743129.7092,331.6403961,620,868.1972917
51919188,4,5202,67000015,250740.2155,743070.993,227.6802826,1034,1447.026172
51919206,7,7600,67000031,248727.157,743556.219,215.5481415,3749,5248.589701
51919212,4,7600,67000036,248196.0743,743071.9331,197.0694885,4714,6599.508823
51919223,5,7600,67000012,250397.4324,744674.2065,222.1659393,929,1300.17314
51919225,7,7600,67000015,250661.0355,743061.6185,120.5149994,1091,1527.67873
51919237,6,7600,67000014,250971.1589,744079.6757,213.4358521,518,725.446321
51919241,9,7600,67000031,249124.4458,742550.858,190.2077026,4510,6313.56662
51919242,9,7300,67000015,250233.2556,743730.5225,1490.125214,289,404.1283436
51918357,8,7600,67000012,250192.3242,744407.3792,273.851593,771,1079.474669
51918375,8,7600,67000021,249718.5682,744419.2743,174.2104492,1239,1734.05644
51918378,9,7600,67000031,248403.1389,743833.0173,338.426239,3362,4707.369717
51918379,6,7501,67000025,248885.09,744451.7341,691.2254486,2346,3284.314714
51918405,5,7600,67000036,247839.7749,742856.9838,245.1999207,4575,6405.128211
51918418,4,5305,67000036,248137.5916,743054.4644,331.101181,4680,6551.526848
51918434,5,7600,67000014,250509.4441,744089.4614,139.3200073,404,565.9985492
51918468,12,6520,67000035,247629.7202,742708.7211,2062.871597,4696,6574.394475
53229117,4,7600,67000036,248019.6729,743467.5179,300.8495331,3872,5421.361943
51918477,6,7600,67000025,249412.6563,743163.8836,320.2904816,3417,4783.378178
51918496,8,7600,67000021,249859.6947,744448.9459,393.9212341,1036,1450.269948
51918512,28,7600,67000011,249283.2537,745155.3454,496.8731995,1820,2548.091092
53229127,16,7600,67000011,249464.2231,745159.7044,416.9582977,1671,2339.554247
51918538,6,7600,67000011,249542.8772,744909.6464,195.6872253,1576,2205.962711
51918548,19,7600,67000011,249306.6723,745268.3427,302.3208008,1867,2614.395315
51918571,9,7600,67000012,250304.4213,744428.0241,190.2935333,776,1086.613023
51918573,5,5521,67000012,250430.9759,744699.924,360.6338806,924,1294.084027
53229139,21,7600,67000012,250304.426,744532.6024,260.3826447,822,1151.390751
51918585,3,7600,67000021,249433.6012,744495.7744,110.3579865,1432,2005.120442
51918590,6,7600,67000021,249017.0937,744371.954,259.1710815,1857,2600.175565
51918594,6,5000,67000031,248626.4274,743744.4999,362.6888886,3612,5057.249552
51918625,7,7600,67000025,249055.6672,743730.227,492.3939209,2620,3668.297532
51918630,5,7600,67000013,250476.2395,744310.4626,227.9818115,612,857.388935
51918632,8,7600,67000013,250476.4591,744252.2605,187.3970184,544,761.0910869
51918652,8,7600,67000036,247890.3428,743074.207,293.2083588,4510,6313.349249
51918653,6,7600,67000025,249024.294,743600.8641,171.9875641,2798,3916.518267
51918654,4,7600,67000036,247823.6339,743077.0544,190.9964142,4448,6227.713788
51918659,7,7600,67000011,249552.043,744735.2843,234.1636505,1432,2004.627927
51918663,6,7600,67000036,247588.9026,743249.5224,63.00932312,4205,5886.852755
51918665,7,7600,67000025,249244.492,743098.513,245.1216278,3991,5587.87811
53229151,7,7600,67000025,249360.4648,743067.8579,138.1859131,3979,5570.320336
51918666,6,5521,67000031,248940.5413,743145.2269,186.0626831,4058,5681.666299
51918667,6,7600,67000036,247619.6054,743018.4077,285.2657318,4379,6131.163072
51918668,11,7300,67000015,250476.907,743469.9435,430.9537048,384,537.6255188
51919635,5,5501,67000024,249751.1008,743541.8787,458.8998871,2482,3474.310728
51919647,15,7600,67000025,248946.295,743859.3572,451.9187622,2803,3923.722084
51919652,7,7600,67000036,247993.1052,743006.5484,363.1417999,4607,6449.844044
53229333,25,5900,67000014,251244.3046,743257.5103,2577.555649,675,945.5556337
51919666,11,7600,67000025,249016.35,743814.6906,340.042038,2632,3684.546854
53229334,7,7600,67000025,249504.9901,743166.9908,207.2968597,3334,4667.398755
51919669,3,7600,67000022,249396.9377,743675.3191,321.6166077,2397,3355.92423
51919670,6,7600,67000036,247605.9132,742952.6838,431.8023377,4451,6231.659639
53229335,17,7600,67000023,249988.1143,743929.905,403.1037903,1019,1426.116493
51919692,9,7600,67000036,247705.7381,743462.0349,391.1551056,4034,5648.017137
51919700,7,7600,67000021,249155.6117,744473.589,290.7015991,1750,2450.471797
51919703,9,7600,67000013,250593.0494,744726.2527,287.0799713,894,1251.639112
51919713,7,7600,67000034,247990.9894,742428.9484,184.1625366,5142,7199.383725
65282510,5,7600,67000036,248100.0147,742922.9843,364.6523743,4642,6498.858808
51919804,5,6520,67000014,250928.2845,743919.8525,643.8349457,326,456.2022092
53229349,4,7600,67000013,250593.6579,744280.3799,169.0874939,545,762.9864316
51919751,7,7600,67000021,249724.0882,744526.3768,103.8655701,1231,1722.786871
53229351,6,7600,67000033,248102.6083,742864.9237,143.1164551,4670,6537.537339
51919793,6,7600,67000031,248167.25,743693.405,397.1530151,3581,5013.392539
51919874,11,6520,67000014,250253.2373,743851.8222,2394.886063,292,408.2218782
51919813,7,7600,67000025,248929.6571,743627.3118,173.7559815,3304,4625.093882
53229360,5,7600,67000033,248836.921,742422.914,162.886261,4748,6647.731048
51919818,12,7600,67000025,249059.8038,743623.9562,150.9176941,2784,3897.720894
51919824,4,5305,67000033,248471.3625,742365.6832,262.6222382,4886,6840.408461
51919830,9,7600,67000022,249524.1627,743558.8609,281.9004974,2874,4023.077885
51919846,6,7600,67000015,250715.8767,743000.4335,182.3238373,1067,1493.23809
51919847,9,7600,67000031,249111.901,742741.4818,278.1265411,4399,6158.694233
51919856,7,5521,67000015,249949.3736,743887.1479,246.617569,886,1240.274087
51919889,4,6520,67000014,250955.3153,743572.0108,258.5532074,379,530.3309909
51919892,11,7600,67000022,249133.2674,743702.0832,295.7380219,2511,3514.969387
51919935,10,7600,67000021,249364.5285,744490.7847,260.8977051,1539,2154.470699
51919938,7,7600,67000021,249786.2283,744460.2651,152.1478577,1196,1674.413988
51919950,5,7600,67000013,250792.8299,744505.6592,263.6343231,762,1066.206775
51919952,15,7600,67000011,249657.195,744741.845,293.2349091,1556,2178.551251
51919955,14,7600,67000012,250416.7502,744369.0517,351.5704041,663,927.9290571
51919977,15,7600,67000013,250794.1497,744586.6302,265.4045563,867,1213.595953
51919983,17,6520,67000012,250115.2157,744627.5005,1418.697327,986,1380.653086
51919992,5,7600,67000012,250286.6,744649.655,155.802002,988,1383.222556
51919994,15,7600,67000013,250436.4902,744350.8823,255.154007,644,901.2920811
51919447,3,5501,67000013,250709.862,744306.204,17.69166565,648,906.8070479
53229296,8,7600,67000036,247668.7274,743359.6782,296.2766876,4162,5827.340158
51919466,7,7600,67000021,249384.4364,744411.857,168.802887,1499,2099.022442
51919467,13,3505,67000014,250620.3468,743573.419,590.1473084,246,344.3357165
51919471,22,7600,67000011,249480.4582,745188.5387,318.1411591,1647,2306.069152
51920871,8,7600,67000021,249111.0271,744504.7994,237.8266449,1773,2482.832886
51920874,8,7600,67000036,247713.8122,743403.7731,341.7103577,4204,5885.47136
51920895,15,7600,67000011,249678.65,744688.6658,233.2129059,1331,1863.095977
53228688,4,7600,67000013,250628.9519,744520.9956,243.1707764,762,1066.275571
51920979,4,5305,67000021,249211.6136,744174.4542,200.5267944,1850,2589.981446
51920405,5,7600,67000014,250649.6234,744028.6951,171.8331604,315,440.3358478
51920415,10,5900,67000014,250971.5741,744110.0373,193.3699493,534,747.8427089
51920430,5,7600,67000013,250721.2872,744392.5059,347.4793091,670,938.0483438
51921806,6,6520,67000014,251147.824,744099.9237,348.2507324,540,755.4862064
53228849,9,6520,67000015,250218.6745,743702.1935,421.2064514,278,389.7201437
51921836,8,7600,67000013,250491.9617,744287.5092,148.4000092,583,815.8129161
53228855,23,7600,67000012,250313.8745,744570.2712,258.933548,934,1308.158363
51921409,10,7600,67000031,248858.6075,743403.2889,356.6859436,3890,5446.296974
51921410,9,7600,67000036,247745.2686,742855.708,407.3788452,4562,6386.133073
51921356,6,7600,67000036,247602.5292,742916.4488,175.848999,4476,6266.247346
51921417,18,7600,67000011,249699.3767,744674.4352,302.6388092,1222,1711.276509
53229887,9,7600,67000021,249307.1428,744342.2153,158.6290436,1650,2309.713486
51922758,4,7600,67000015,250790.6807,743512.143,189.830658,265,371.665221
51922814,4,7600,67000014,250958.3656,744176.6309,135.861145,550,769.6257172
51922251,4,7600,67000036,247757.3266,743237.8215,165.6567078,4426,6196.904722
51922274,10,6520,67000014,250687.4402,743642.3,247.5180817,119,166.6456702
51922308,30,6520,67000014,251002.1206,744259.9662,924.6714783,648,907.374256
51922317,3,1000,67000021,249474.2636,744465.891,59.71488953,1445,2023.367605
51922322,6,7600,67000022,249541.3309,744103.5415,328.0307312,1734,2427.921339
51923730,7,7600,67000031,248218.7958,743754.7416,224.8010101,3505,4906.418583
51923691,13,7600,67000012,250225.1545,744560.0198,317.2228851,897,1255.722167
51923706,8,7600,67000024,249719.9153,743471.6594,127.4000702,2432,3404.41909
53230065,15,7600,67000013,250543.0487,744448.8558,259.8764496,704,985.4659154
51923802,6,7600,67000014,250257.98,744170.035,76.71788025,516,721.9181307
51923804,3,5202,67000021,249035.0028,744575.7125,219.2351532,1687,2361.295683
51923187,11,7600,67000021,249393.3154,744440.8664,203.8689728,1478,2068.681252
51923189,19,6520,67000021,249767.7182,744478.0614,269.1977539,1188,1663.097354
51923194,5,7600,67000036,247877.046,742855.447,306.0581055,4599,6438.14738
53229968,8,7600,67000036,248045.5681,743466.1451,279.0380859,3892,5448.917362
51923196,11,7600,67000015,250580.3275,743366.2753,389.563736,499,698.3952468
51924656,11,7600,67000013,250747.6507,744624.2476,188.1021729,840,1175.672214
51924625,18,7600,67000021,249404.5602,744467.0018,281.7805786,1457,2040.498419
65282704,10,7300,67000015,250004.8452,744101.5688,334.2141419,562,786.3497714
51924693,4,7600,67000012,250481.0941,744579.8188,125.4600525,861,1204.70076
53230400,5,6520,67000013,250668.8608,744352.6079,181.5997315,605,846.777463
51925566,8,7600,67000013,250504.5526,744266.1373,253.9559937,565,791.1636946
51925598,20,6520,67000012,249924.1846,744907.5267,1930.838593,1303,1824.695691
51925632,22,7600,67000022,249633.4143,743947.4859,753.3824921,1474,2064.168166
51925083,10,7600,67000012,250439.7076,744471.0565,203.6532593,746,1044.177384
51925110,11,1000,67000021,249332.5584,744273.3529,3155.063522,1677,2347.587246
51925129,9,7600,67000021,249087.4902,744518.8377,174.3317413,1728,2419.657054
51925144,13,5521,67000011,249241.6403,745158.3099,458.997345,1950,2729.597907
51925153,6,7600,67000021,249660.9475,744415.2936,131.4635468,1314,1839.899431
51926524,5,7600,67000012,250314.3306,744510.628,157.7289124,817,1143.533988
51926529,7,7600,67000021,249332.9082,744349.7563,214.685257,1640,2295.79768
51926537,3,7600,67000014,251050.0301,744102.3435,56.14698792,532,744.9205528
51915743,9,7600,67000011,249411.8737,745456.7419,176.5665588,1875,2625.176981
51916843,8,7600,67000015,250766.2814,743071.1672,319.4258575,1106,1548.775152
51917237,20,7600,67000021,249610.96,744349.8091,276.2512817,1401,1960.880357
51916593,7,7600,67000034,248360.7904,742303.653,324.9193726,4991,6987.259531
51918262,8,7600,67000036,247873.7195,743150.0785,311.026535,4480,6272.186927
51918282,4,7600,67000036,247954.0415,743197.5878,309.5375977,4505,6306.596098
51917478,7,7600,67000022,249599.4733,744090.591,301.0402832,1576,2206.916219
53228950,6,7600,67000034,248076.0858,742430.0179,424.2622681,5102,7143.476517
51918850,7,7600,67000014,250867.8436,744159.3091,67.14723206,496,693.9947234
51919114,5,7600,67000015,250977.6188,743071.5882,159.5726471,579,811.2665958
51918626,7,6535,67000035,247247.1273,742907.6379,2097.914246,4850,6789.350445
51922797,7,7600,67000014,251034.0634,744192.0801,518.2272797,603,844.7850433
51922806,25,7600,67000013,250602.0205,744553.5666,535.0393524,796,1115.045645
51926035,3,1000,67000012,250508.73,744727.5212,165.7464447,924,1293.229105
51928574,8,1000,67000014,251580.5761,741633.8244,289.1428223,1859,2602.342918
51927927,4,1000,67000034,248017.459,742527.5972,150.3000031,5055,7076.917414
51928718,5,1000,67000014,251731.5642,741510.9752,64.51986694,1937,2711.178191
51930441,6,1000,67000036,248202.2527,743155.5762,253.1542358,4811,6735.802308
51931789,3,1000,67000033,248484.4163,742308.346,149.7185059,4925,6894.651631
51932844,8,1000,67000034,247958.8839,742556.862,435.6174927,5008,7011.02287
51932700,8,1000,67000033,248459.6345,742320.5687,241.3223114,4920,6888.157875
51934085,4,1000,67000033,248679.4789,742465.9064,132.7651825,4828,6758.758224
51933606,5,1000,67000033,248525.7772,742387.1401,51.13427734,5006,7007.752805
51933667,3,1000,67000033,248641.1277,742311.5274,825.6882172,4929,6900.69692
51935190,4,1000,67000033,248529.2042,742293.74,864.4771729,4966,6952.91272
51935272,4,1000,67000014,251336.4241,742988.4945,1230.527008,859,1202.055386
51934653,6,1000,67000033,248877.4374,742619.1307,484.216507,4585,6419.3104
51935755,8,1000,67000034,248033.2739,742496.5809,334.4964905,5068,7094.708794
51936577,11,1000,67000034,247999.9164,742505.5266,627.693924,5168,7235.206596
51936639,15,1000,67000032,248391.0946,742982.9354,996.9558716,4868,6815.503546
51936980,4,5521,67000021,250083.4344,744313.5679,238.6802521,952,1332.808048
51937077,3,1000,67000034,248159.6982,742583.2314,100.9017944,4995,6992.829394
51936559,6,5305,67000031,248749.1603,743271.9952,263.160965,4627,6477.688963
51936562,8,1000,67000024,249740.5619,743126.2139,58.60856628,2563,3587.520236
53232545,4,5501,67000015,249913.3094,743410.231,134.2413025,2334,3267.505538
51938042,8,1000,67000036,248240.3398,743222.0979,164.4076843,4859,6802.163382
51929530,8,7600,67000025,249431.1914,743202.1076,218.0887604,3393,4749.928686
51928951,7,7600,67000031,248574.0723,743763.5323,332.3708344,3573,5001.719111
51931393,6,7600,67000015,251094.5566,743090.1331,170.3091278,720,1008.022606
51930837,6,7600,67000014,251038.3527,743198.3283,109.2886353,572,800.4703388
51933648,6,7600,67000033,248435.8656,742585.4715,84.40629578,4771,6679.901778
51934386,8,7600,67000022,249589.0011,743815.506,132.5234833,2281,3192.769424
51934424,12,7600,67000022,249012.7412,743885.8385,155.5480194,2773,3882.674902
53231339,10,7600,67000025,249116.4163,743592.7399,159.0158386,2738,3833.706544
51936158,6,7600,67000015,251085.9156,743158.4836,54.86758423,669,936.2967756
51936609,11,7600,67000012,250340.682,744643.2993,322.6409454,975,1364.943675
51936626,7,7600,67000014,250798.6389,743977.0128,243.4054871,362,506.6327293
68377414,8,7600,67000022,249560.5653,744089.4074,150.4177094,1585,2218.972146
51937935,10,7600,67000013,250856.6187,744280.5271,228.1761627,649,908.4295864
51937966,6,7600,67000015,251123.839,743080.9863,81.9059906,730,1021.661275
51938448,5,7600,67000015,250875.9252,743272.5694,145.2119598,419,586.3236924
51926017,9,7600,67000012,250024.7532,744854.0457,239.5803986,1221,1709.374687
51926073,14,7600,67000021,249827.2846,744300.3424,402.633728,1156,1618.219434
51926075,9,7600,67000014,250673.9057,744033.965,192.9832306,319,447.2092197
53229611,21,7600,67000011,249852.805,744942.535,272.8098908,1402,1963.283405
51927564,6,7600,67000033,249037.295,742306.75,371.4929199,4738,6632.735616
53230758,6,7600,67000036,247626.9385,743418.345,335.4253998,4093,5729.522903
51927580,4,5305,67000032,248695.7599,742915.1107,284.4759216,4506,6308.928385
53230769,9,7600,67000033,248169.316,742811.0715,410.4126129,4714,6598.962083
51926891,7,1000,67000034,247716.4564,742753.941,281.143692,4694,6572.274164
51926915,14,7600,67000032,248560.9731,742812.1345,297.7031555,4547,6365.410566
51927049,9,7600,67000022,249481.0784,743615.0432,315.7927246,2462,3447.121919
53230662,10,7600,67000025,249265.6373,743218.4401,213.1790619,4260,5964.616453
51927057,4,5202,67000033,248377.4604,742794.6136,215.5423431,4725,6614.548574
51927070,5,7600,67000036,247958.0238,742863.493,142.9157105,4652,6512.101924
53230666,5,7600,67000033,248857.8741,742422.3276,470.8945465,4730,6621.812993
51928134,4,6520,67000032,248641.5832,742855.6352,194.4817047,4485,6278.414826
53230896,5,5521,67000034,248121.3269,742408.288,224.2068024,5138,7193.601175
51928336,5,6520,67000014,251514.1004,741671.6096,81.01597595,1842,2578.938525
51928474,10,5601,67000033,248873.7931,742689.9991,916.1958008,4533,6346.349856
51928492,4,7600,67000031,248093.1929,743438.5033,352.1021881,3925,5494.537925
51928494,5,7600,67000036,247995.2165,743440.429,279.2558746,3859,5402.533379
53230925,6,7600,67000025,248852.1105,743641.7344,250.656662,3272,4581.207027
51928529,5,7600,67000036,247652.946,743491.264,219.2359924,4096,5734.813484
51928569,5,7600,67000034,248260.39,742373.0159,167.0038605,5075,7105.547759
51927809,5,7600,67000033,249025.4542,742344.6072,86.03201294,4756,6657.944825
53230808,3,6520,67000033,248611.1546,742479.0843,64.42556763,4821,6749.233538
51927983,7,7600,67000031,248933.6687,743421.7783,458.0710144,3943,5520.666045
51928023,8,7600,67000025,249088.4013,743288.4741,210.0699158,3570,4998.043595
53230851,10,7600,67000033,248622.6396,742626.7862,841.7665405,4629,6480.113182
51929030,8,7600,67000031,249153.3614,742689.0406,339.9788971,4537,6351.660824
51929032,13,7600,67000021,249414.2516,744418.3553,240.2470856,1489,2084.958679
53231020,6,6520,67000025,248713.1669,743980.0469,100.7079926,3114,4358.985938
51929344,9,7600,67000031,249185.9143,742648.2201,193.3294983,4527,6337.631699
51929395,19,7600,67000012,250380.6094,744419.7672,202.8262634,701,980.8149097
51929402,3,7600,67000025,249206.1331,743498.2669,148.7779083,2675,3744.420279
53231086,10,7600,67000025,249445,743415.94,243.0409699,2868,4015.371026
53231091,6,7600,67000033,248892.1218,742271.6671,286.4894714,4762,6666.307974
51929528,10,6520,67000035,247555.4648,742729.9938,583.0459137,4689,6564.6623
51929455,7,7600,67000031,248708.0795,743804.8951,329.4398193,3221,4509.215771
51929529,9,7600,67000022,249491.427,743794.3997,190.0521698,2741,3837.27026
53231093,4,7600,67000036,248200.7679,743005.2491,333.6025696,4732,6625.189651
51929469,6,7600,67000031,249168.2611,742831.9452,133.429245,4123,5772.447841
53231097,7,7600,67000025,249291.3418,743140.3075,152.6125488,4042,5659.479724
53231098,4,7600,67000036,247912.4964,743261.6076,399.2121429,4474,6262.931124
51929485,4,7600,67000033,248875.4239,742317.5644,276.319046,4779,6690.603765
51929494,11,7600,67000034,248158.7977,742460.4531,387.6373138,5028,7039.193675
53231101,5,7600,67000033,248416.8384,742311.5752,117.5398712,4955,6937.456767
51929497,6,6535,67000035,247698.0544,742539.3607,1940.332397,4829,6760.603211
53231009,6,7600,67000024,249835.9281,743343.9808,152.975235,2307,3229.955205
51928978,14,7600,67000015,250043.9425,743736.5669,472.4697418,1013,1418.524767
51928988,5,6520,67000014,251654.935,741717.1354,48.22851563,1776,2486.940931
51929000,4,7600,67000033,248428.7031,742621.8407,318.310318,4779,6690.322638
51929005,4,5521,67000033,248522.6487,742717.6982,321.8243408,4620,6467.440398
51929966,7,7501,67000032,248445.9544,743233.0934,180.4048309,5078,7109.711277
51929010,8,7600,67000031,248315.5805,743799.0686,355.8289337,3429,4800.402204
53231186,19,6520,67000014,252127.1371,741041.7909,503.6580505,2428,3399.060012
53231252,3,7600,67000036,247714.2575,742856.4636,363.7236481,4526,6336.44325
51930346,9,7600,67000025,249213.4722,743273.8256,147.2973328,3558,4980.851955
51930360,7,7600,67000021,249750.6736,744421.7191,182.3281555,1230,1721.954026
51930391,4,7600,67000036,248010.2574,743135.2317,223.2843323,4599,6438.323653
51930435,12,7600,67000031,248818.4138,743622.7228,235.9016876,3780,5292.073108
51929656,5,1000,67000014,251688.8655,741586.8893,776.6811523,1864,2609.519941
51929849,4,6520,67000033,248189.0062,742604.3785,68.13723755,4905,6867.178597
51929911,10,7600,67000033,248591.1996,742496.8103,570.0023651,4764,6669.242441
51929914,5,7600,67000034,247971.4391,742662.1372,280.174942,4950,6930.127122
51929920,6,7600,67000031,249141.9943,742663.6937,119.8556366,4446,6224.071772
51929923,9,7600,67000025,249313.3502,743220.8362,192.8170013,3477,4867.703178
51929932,8,7600,67000036,248018.9384,743090.2866,165.5059967,4593,6429.599941
51930914,3,6520,67000035,247769.2143,742571.067,60.60847473,4833,6766.464323
65282939,6,6520,67000035,247069.0372,742791.861,187.9887238,5023,7032.419386
51930936,7,5202,67000033,248934.5935,742731.6262,1152.830246,4476,6266.820037
51931271,7,7600,67000033,248851.6332,742270.7989,180.5816498,4790,6706.652799
51931286,4,7600,67000033,248914.5106,742387.7263,102.2066956,4690,6566.612857
51931289,4,7600,67000015,249032.6939,742429.0613,148.1251526,4604,6446.269447
51931326,8,6520,67000014,251212.7098,743402.8326,520.0798798,721,1009.457789
51931350,1,7501,67000015,251086.6505,742571.5873,102.5033569,1143,1600.877297
51930800,1,7501,67000015,251069.9627,742582.7864,203.0686188,1146,1604.745861
51930872,9,7600,67000033,248584.5954,742442.9453,685.1104126,4819,6746.69596
51931919,7,5501,67000034,247999.8693,742628.7288,282.7471314,4945,6922.854971
53231522,7,7600,67000034,247971.4055,742433.7847,422.6401978,5156,7218.277645
53231523,6,7600,67000025,249280.6509,742929.0175,213.033783,3861,5405.004518
51932208,8,7600,67000031,249208.527,742813.4933,267.2913361,4123,5772.137262
51932226,3,7501,67000015,251105.0179,742581.5685,244.3701477,1131,1584.022217
53231589,15,7600,67000025,248870.4776,743889.3589,507.9384308,2955,4136.551978
51932258,6,7600,67000033,248772.4527,742419.459,269.1952057,4784,6697.245036
53231599,5,7600,67000033,248728.6705,742386.4553,468.7456513,4812,6737.154455
51932338,4,7600,67000033,248938.6154,742338.3913,1029.851685,4774,6683.139524
51931753,3,6520,67000034,247916.1518,742585.9998,49.39849854,5020,7027.398584
53231509,10,7600,67000034,248107.1754,742564.5278,142.4570007,4998,6997.897037
51931822,4,6520,67000014,251592.9366,741695.5273,82.09835815,1782,2495.245006
53231515,7,5312,67000033,248509.8028,742329.1426,791.7091522,4982,6975.160848
51931825,5,7600,67000033,248856.25,742311.345,178.5332947,4784,6697.490115
51931835,8,6520,67000014,251517.7294,741774.3625,275.3289948,1745,2443.442563
51933167,3,5521,67000033,248557.6089,742784.9919,75.89094543,4596,6434.019091
51933201,6,7600,67000034,248439.0103,742519.5601,434.0524597,4826,6756.93781
51933220,4,7600,67000033,248429.2404,742683.802,545.4620819,4773,6681.914453
51933239,5,7600,67000034,247965.767,742828.7043,312.3139954,4747,6646.196435
53231769,5,6520,67000014,251465.9753,741710.3868,300.5816498,1826,2556.258136
53231668,10,7600,67000031,248223.3979,743592.2088,540.6836395,3635,5089.325772
51932683,8,7300,67000035,247671.3622,742615.4849,996.3689728,4758,6660.888094
51932701,7,6520,67000014,252100.9625,740974.8292,334.9153442,2418,3385.847208
51932730,5,7600,67000034,248197.6745,742375.8997,225.2337952,5117,7164.312706
51932754,5,5202,67000036,247850.4476,742908.0165,115.4647675,4582,6414.835972
51932767,9,7600,67000033,248206.1441,742792.8745,438.2256622,4840,6775.422886
51933991,8,6520,67000014,252210.2199,741000.2653,227.4178162,2461,3446.063866
51934137,6,7600,67000034,247820.5692,742680.4446,251.4041901,5168,7235.563179
51933675,3,7600,67000015,250820.316,742880.2462,64.1578064,989,1384.175
51933676,5,7600,67000033,248804.5989,742375.6293,331.9073029,4770,6677.451964
51933616,3,1000,67000033,248873.7798,742511.2397,278.9206085,4662,6527.191323
51933627,10,7600,67000033,248548.3944,742411.7962,725.8996277,4790,6706.503045
51933683,9,7600,67000031,248556.0291,743844.9385,374.9890747,3255,4556.700956
51933633,8,7600,67000031,248599.7445,743893.5561,340.8473511,3180,4451.458374
51933690,4,6520,67000034,248221.9101,742529.5689,90.3289032,4968,6955.287403
51934822,5,6520,67000014,251568.1838,741687.6743,110.5701752,1801,2521.082199
51934846,9,7600,67000025,249400.8042,743278.8189,178.7114868,3434,4808.292015
51934852,6,7600,67000025,249306.6772,743086.2318,213.1359863,4014,5619.290139
51934876,4,7600,67000036,248177.5697,743020.1016,248.5042419,4715,6600.386983
51934883,5,7600,67000025,249169.8333,743399.4542,149.9589081,3456,4838.52962
53232063,7,7600,67000025,249212.681,743088.0805,128.0684815,3996,5594.985788
51934893,8,7600,67000036,247735.65,743427.5,290.0890198,4016,5622.382318
51934956,4,7600,67000036,247784.1272,743098.7016,69.37780762,4456,6238.402338
51934902,9,7600,67000022,249472.4078,743635.8452,108.382782,2449,3428.485376
51934962,15,7600,67000024,249600.9741,743343.9195,272.2454376,2651,3710.770693
51934964,11,7600,67000025,249379.3996,743222.6747,240.2174072,3436,4810.035105
51934967,6,7600,67000036,247779.7388,743358.1386,297.2498322,4302,6023.284561
51934932,5,7600,67000034,248366.1933,742332.2534,172.7190399,4994,6992.079059
51935115,8,7600,67000034,248017.1567,742476.1594,194.988739,5085,7119.474582
51935116,9,7600,67000034,247851.1223,742721.6517,191.5202026,4906,6867.815901
51935123,10,7300,67000035,247277.1828,742775.7447,1801.931686,4907,6869.575586
51935129,6,7600,67000031,249061.5934,742621.1899,197.7949982,4456,6237.720488
51935144,3,6520,67000014,251653.1226,741707.1488,81.88256836,1782,2495.095139
51935222,6,7600,67000031,249146.4819,742845.1522,191.0538788,4141,5797.719562
53232119,6,7600,67000036,248036.0774,742859.2874,167.9806824,4624,6473.744834
51935225,8,7600,67000036,247731.8177,743031.7599,624.4865723,4411,6175.080067
51935252,3,7300,67000015,250339.7965,743535.1955,65.91769409,450,630.2273861
51935256,12,7600,67000032,248559.4842,742869.9534,929.5149384,4547,6365.410566
53232132,7,7600,67000025,249096.5494,743489.5561,304.0289154,3377,4727.935915
51935271,4,6520,67000031,248903.2804,742900.9007,102.7999725,4299,6018.861844
51935279,8,7600,67000025,248871.1186,743739.911,144.9404907,3133,4386.345684
51935280,10,6520,67000035,247091.2478,742745.3698,260.1880951,5017,7023.945988
51934345,5,7600,67000033,248945.7583,742427.8875,191.0641174,4635,6489.447863
51934348,8,7300,67000035,246967.1631,742992.1784,1520.175262,5058,7080.885417
53231972,6,6520,67000014,250551.5537,743825.0071,424.4207459,195,273.5813128
51934398,14,7600,67000025,249500.3638,743283.1701,372.1661072,2936,4110.631627
51934407,3,7600,67000015,250852.1259,743286.2425,104.4810181,402,562.1822697
51934414,9,7600,67000034,248167.6107,742480.7995,458.6699829,5015,7021.506175
53231981,3,7600,67000036,247965.4356,743183.1255,50.17518616,4536,6350.160562
51934442,6,7600,67000036,247877.6497,743028.6434,155.3484955,4476,6266.040176
53231984,8,7600,67000025,249259.3961,743182.8029,164.9826965,4269,5976.196402
53231985,12,7600,67000024,249617.141,743560.552,183.2963257,2566,3592.072184
51934639,9,7600,67000034,248179.6131,742505.643,530.3031464,4995,6992.800366
51934659,7,7600,67000031,249077.0808,742623.9542,306.5222626,4470,6257.655153
51935688,5,6520,67000014,251257.5042,743286.4375,56.49118042,655,916.3563498
53231337,6,7600,67000025,249473.108,743137.853,279.885437,3459,4842.318525
51935698,14,7600,67000023,250063.7948,743842.9581,507.7675018,1270,1777.758325
51935726,5,7600,67000014,250583.0462,743520.8324,272.2794037,286,400.1152389
51935730,11,7600,67000025,249201.2035,743186.3263,240.2659149,4061,5685.271912
51935734,5,6520,67000014,251074.8442,743836.8826,61.60165405,369,516.4106323
51935746,6,7600,67000031,248927.2276,743228.0833,159.141037,4017,5623.618272
51935781,7,7600,67000031,249128.0882,742899.9467,281.0563507,4175,5845.047807
53231357,9,7600,67000024,249823.4765,743328.6046,90.21760559,2400,3359.364447
51935806,3,7600,67000025,249265.1537,743457.0555,184.0122223,2726,3816.436054
51935810,6,5521,67000014,251165.9697,743621.3819,140.8139496,545,762.8977017
51935816,9,5202,67000014,250785.2668,743911.1952,171.2734833,252,353.2053068
51935817,8,5501,67000025,248878.591,743597.0574,240.3337402,3312,4636.168068
53231363,4,7600,67000015,250866.555,743351.615,64.25723267,395,552.8721343
51935837,8,7600,67000025,249454.8614,743314.4529,265.0283814,2896,4053.987691
51935838,15,7300,67000035,246906.8859,743097.7352,1111.113617,5117,7164.473232
51935842,6,7600,67000014,250945.8176,743230.352,208.5125122,531,744.0861515
51935845,6,7300,67000015,250361.5866,743551.1844,387.8702698,312,436.1662798
53231365,5,7600,67000015,250853.3846,743303.4731,181.0270233,391,546.7679794
51935847,4,7600,67000031,248280.9351,743570.9629,326.7292938,3594,5031.663161
51935849,8,7300,67000035,246989.7983,742948.4999,1426.23288,5053,7074.523604
51935851,8,7600,67000015,250621.8653,743039.8219,258.4778442,1197,1676.18072
51935999,8,7600,67000033,248719.6571,742315.3044,257.9113617,4859,6802.256775
51936051,11,7600,67000034,248146.2459,742436.5275,480.535965,5145,7202.819092
51936057,7,6512,67000034,248397.3488,742496.195,310.8144531,4882,6834.67467
51936073,4,7600,67000036,248000.7216,742840.4888,220.6511841,4747,6646.196435
51936081,6,7600,67000031,248801.6188,743425.7149,139.0530396,3857,5399.707566
51936082,13,7600,67000022,249472.232,743698.9995,234.1651154,2414,3379.059283
51936103,5,7600,67000033,248979.4464,742287.6896,153.0701141,4700,6579.855607
51936117,5,7600,67000033,248818.1035,742305.7188,164.8965912,4811,6736.043507
51936131,6,7600,67000036,247635.822,743529.4758,215.9815369,4113,5758.519453
51936139,14,7600,67000032,248515.2882,742813.5592,244.4337463,4579,6411.105967
51936145,3,5305,67000025,249018.06,743757.4325,162.7929993,2648,3706.974936
51935289,8,5521,67000031,248340.335,743809.0653,349.0396881,3410,4773.743923
51936165,7,7600,67000025,249328.584,743316.0742,222.0781708,3493,4889.524357
51936186,11,6512,67000014,250917.7174,743576.3512,2178.639191,310,434.6136754
51936194,6,7600,67000031,248793.7126,743523.0532,353.7388611,3794,5311.22793
51936195,11,6520,67000035,247035.7433,742864.958,1759.05513,4985,6979.428983
51936202,9,7600,67000036,247786.8189,742957.8141,216.411087,4490,6285.343107
65282384,6,5521,67000033,248521.9107,742522.1141,701.7404785,4744,6642.210095
51935304,12,7600,67000025,248949.0405,743459.0745,477.1754761,3422,4790.971197
53232136,7,7600,67000025,249020.6225,743646.7406,166.5599365,2816,3943.091744
51935308,6,7600,67000036,247655.9664,743523.8202,303.78685,4098,5737.720085
53232137,14,7600,67000024,249625.5552,743330.9802,232.9526825,3010,4214.646561
51935312,9,7600,67000025,249034.0755,743283.8639,172.1511078,3561,4985.063942
51935321,7,3500,67000014,250806.6532,744110.8233,835.0540009,526,736.0224925
51935329,9,7600,67000025,248971.2285,743410.7437,397.9004059,3460,4843.499687
51935336,4,7600,67000036,247598.5979,743305.1257,286.9774933,4165,5831.623685
51935351,4,7600,67000025,249629.4245,743285.3803,160.2967529,3023,4232.883789
51935352,7,7600,67000031,248778.04,743547.0537,293.4184418,3773,5282.586116
51935353,6,7600,67000025,249275.8196,743107.4927,168.4795532,4042,5658.365566
51935355,11,7600,67000025,249087.9971,743566.1854,137.0330048,2954,4135.097997
51935356,9,7600,67000025,249276.3642,743171.6981,201.3035126,4283,5996.380796
53232148,8,7600,67000024,249742.0021,743420.4596,149.1741943,2434,3407.362168
51935576,6,7600,67000034,247944.1969,742679.4697,245.6113281,4897,6855.711742
51935591,3,7600,67000025,249414.6683,743313.167,212.2476654,3438,4812.621268
53231323,7,5521,67000034,248027.1166,742446.1104,194.2294159,5128,7179.241199
51935612,5,7600,67000036,248150.8774,743116.1339,546.7299042,4646,6504.229558
51935630,12,7600,67000025,249509.7842,743385.7639,195.2249908,2919,4086.802193
51936605,9,7600,67000022,249175.3735,743986.3734,461.4272461,2095,2932.850708
51936608,9,7600,67000013,250538.555,744424.69,227.2500916,686,961.0112597
51936624,5,7600,67000031,248196.7637,743660.438,254.6961975,3566,4992.371664
51936630,20,5305,67000012,250385.6656,744489.6855,611.0055542,748,1047.793515
51936631,17,7600,67000012,249923.2887,744851.5093,253.8626556,1289,1804.949062
51936641,10,7600,67000036,248026.9246,742986.8923,482.9634399,4596,6434.346305
51936657,6,7600,67000033,248442.9834,742548.382,506.9626617,4787,6701.113888
51936661,4,7600,67000036,247939.184,743188.8851,124.8024597,4517,6323.344142
53232378,6,7600,67000025,249324.9457,743004.6194,253.2717438,3938,5512.631001
51936670,17,7600,67000024,249614.59,743336.405,245.7000122,3002,4202.421559
51936753,4,7600,67000036,248115.8295,743179.403,844.6157532,4624,6473.980572
51936692,8,7600,67000036,248042.3259,742963.0238,165.3521576,4594,6432.163114
51936699,19,7600,67000013,250669.5323,744169.0002,285.7910461,500,699.9203327
51936715,4,6520,67000033,248463.2278,742337.0573,136.4368439,4907,6870.18837
53232388,4,6520,67000031,248873.5908,742977.2424,76.37695313,4321,6049.856782
53232391,12,6520,67000014,250536.5092,743874.4205,1672.211517,282,395.3639641
51936939,7,7600,67000031,248291.797,743626.5857,310.8167572,3549,4968.700802
51936984,23,5253,67000011,249525.6963,745104.3901,1112.28096,1588,2222.683452
53232434,8,7600,67000031,248651.9981,743890.6257,309.1256561,3183,4456.833324
51937001,7,7600,67000031,248718.3516,743437.2401,239.3621368,3905,5467.260338
51937018,12,7600,67000012,250272.0075,744360.8513,324.5378723,708,990.5530176
65282512,3,7300,67000025,248764.8833,744051.2141,151.083252,3227,4518.095373
51937033,10,7600,67000012,249820.4407,744783.8161,277.2885742,1292,1809.263841
51937057,5,5305,67000033,248544.114,742377.1865,540.7380371,4959,6942.649903
51937066,5,5501,67000015,251066.82,742929.3067,430.5304413,729,1021.036003
51937076,8,7600,67000025,249396.458,743323.3553,210.2266235,3452,4833.485349
51937119,6,7600,67000025,249164.3266,743051.7117,290.0201111,3750,5250.343474
51937140,3,7600,67000036,247959.1828,743259.9044,52.44091797,4457,6239.744055
51937144,9,7600,67000021,249325.1131,744398.9943,201.9933929,1607,2250.196408
51937145,8,7600,67000013,250875.2705,744266.1635,178.6418915,584,817.2176618
53232460,5,7600,67000036,247683.603,743328.3559,337.9731445,4233,5926.488301
51937154,4,7300,67000015,250460.25,743465.035,68.49996948,388,542.5102682
53232462,11,7600,67000025,249113.9981,743552.8856,189.1696167,2724,3814.014298
51936274,9,7600,67000036,247761.8784,743427.3839,291.5671845,3997,5595.76569
51937159,10,7600,67000015,250939.2758,743082.2326,210.345047,563,788.4759283
53231436,8,7600,67000031,248991.074,743104.1903,313.2801666,4012,5616.712993
51936233,6,7501,67000031,248645.3867,743633.3453,730.6275024,3661,5125.016913
51936277,9,7600,67000036,247625.772,743448.4729,211.363266,4077,5708.050896
51936344,8,5202,67000012,249833.4054,744769.7311,127.5105133,1251,1751.290057
51936284,7,7600,67000021,249750.1222,744397.7094,363.1159515,1248,1747.767518
51936455,5,7600,67000033,248837.5435,742307.6792,176.4464569,4797,6716.498432
51936463,6,7600,67000036,247821.0564,743056.2763,210.6568298,4431,6203.925882
51936466,12,7600,67000025,248913.2951,743908.0385,497.2812958,2762,3866.956739
53231480,13,7600,67000022,249551.5627,743824.2308,333.2851105,2261,3165.291624
51936480,11,7600,67000012,249984.5558,744763.6558,278.4825134,1224,1714.274524
51936481,4,6520,67000014,250783.9,743932.44,192.3000031,335,469.6775014
51936483,11,5202,67000021,249279.6319,744492.9853,355.8559876,1548,2167.342458
53231482,4,5305,67000022,249435.2574,744158.1779,179.1080933,1659,2322.24575
51936530,9,6520,67000014,250970.5018,744033.7296,388.9571381,485,679.4444634
65282579,14,5900,67000014,250755.5385,743608.2467,2373.165756,200,280.2465219
51936568,7,7600,67000012,250476.2864,744523.4209,160.3474884,786,1101.061409
51937519,4,5305,67000032,248571.2834,742908.8831,238.2025757,4506,6309.094866
51937530,10,2303,67000025,249484.2033,743397.6161,230.8681488,2899,4058.622982
51937535,7,7600,67000031,249072.5708,742940.0945,160.1998138,4234,5927.596803
51937537,5,7600,67000036,247633.3851,742933.8086,234.8752136,4464,6249.547561
53232530,8,7600,67000021,249313.2459,744370.6637,166.0769959,1629,2280.639035
51937539,5,7600,67000011,249544.6846,744844.7219,186.9039154,1535,2148.590361
51937542,7,7600,67000024,250030.3539,743209.0656,229.3486023,2325,3254.584023
65282643,10,6520,67000015,250309.3708,743645.4229,651.3822327,317,443.7647994
51937566,10,7600,67000025,249099.5433,743270.1765,240.4550018,3585,5019.383753
51937569,7,7600,67000036,248176.9923,743109.7454,292.6512909,4695,6572.826228
51937580,7,7600,67000036,248201.5959,743133.9993,338.9474945,4797,6715.483842
53232535,4,7600,67000036,247892.7397,743149.5124,76.15933228,4493,6289.813485
51937584,8,7600,67000031,248819.2763,743476.2658,311.8728333,3832,5364.501014
53232536,6,5305,67000015,250856.1268,742989.1535,90.43089294,754,1056.169241
51937588,8,7600,67000025,249212.9395,743420.802,219.4091034,3477,4867.65432
51937629,6,7600,67000036,247635.6129,742958.2031,223.5808258,4449,6229.079299
51937630,8,7600,67000032,248212.7443,743283.8669,94.30741882,4634,6487.257897
51937597,5,7600,67000022,249238.7611,743892.3104,247.5043488,2171,3039.978153
51937599,10,7600,67000015,250928.7656,743104.1494,320.8560791,546,764.2972585
51937600,9,7600,67000031,248841.1985,743579.1916,230.6399841,3814,5340.003293
51937615,4,7600,67000031,248827.5086,743432.0894,56.16716003,3862,5406.256381
51937616,8,7600,67000031,248306.2554,743574.2342,220.1689911,3576,5006.840238
51937694,8,7600,67000014,250998.1409,743280.308,200.0157013,507,710.4675066
51937642,8,7600,67000036,248017.2353,742966.3664,211.9845734,4581,6412.875606
51937643,12,7600,67000025,249433.1836,743421.5123,199.1497955,2859,4002.313806
51937656,26,7600,67000031,248605.9737,743362.2761,295.7748108,4164,5829.626403
65282706,31,1000,67000012,250440.3343,744646.4946,689.2772369,867,1213.678451
51937664,4,7600,67000014,250764.5257,743951.9619,154.7577972,339,473.9996828
51937665,6,7600,67000015,250743.5263,743429.4083,187.5641022,272,381.1310951
51937670,14,7600,67000023,249843.5693,744255.1856,458.7762146,989,1385.196598
53232553,8,5202,67000014,251244.045,743400.3347,1216.268829,700,979.7354057
53232557,7,7600,67000031,249181.5872,742629.3103,198.4859009,4516,6322.784937
51937864,8,7600,67000025,249219.6987,743487.5676,176.4856873,2687,3761.675307
51937859,12,6520,67000032,248693.0217,742965.8193,829.4434967,4506,6308.890118
51937899,17,7600,67000015,249890.6056,744138.3086,470.3145599,1074,1503.466292
51937901,8,1000,67000014,250960.2547,743942.9502,1515.944229,420,588.5725359
51937907,13,5312,67000013,250689.4329,744625.2025,751.8666687,796,1113.880111
51937913,9,7600,67000024,249708.4833,743484.6347,126.7214508,2444,3421.612859
51937924,6,7600,67000033,248924.274,742276.4201,391.4256134,4739,6634.297387
51937926,21,7600,67000021,249205.625,744407.0091,259.2590027,1714,2400.025939
51937944,11,7600,67000021,249334.0715,744640.1256,262.2500153,1500,2099.596147
65282707,10,6512,67000014,250738.2853,743822.1108,1476.134262,182,255.1847244
53232606,4,5305,67000033,248323.6706,742693.7613,104.9259796,4796,6714.022473
51937992,5,7600,67000032,248300.8699,742928.6017,130.4331513,4828,6758.643641
51937993,4,7600,67000015,250968.5639,743133.6727,98.46875,535,749.6609296
51938019,9,7600,67000025,249195.9309,743283.2989,184.0233307,3572,5000.801785
51938024,4,7600,67000021,249741.1566,744539.0366,579.3395233,1152,1613.102476
53232614,6,7600,67000031,248461.0459,743770.3472,224.5877533,3413,4778.350358
51938036,5,7600,67000036,247817.0968,742922.1496,391.6998901,4511,6315.642969
51938041,3,7600,67000036,248041.7278,743432.4723,80.83468628,3888,5442.788716
51938048,4,7600,67000025,249556.4449,743180.9916,210.751648,3288,4602.590044
51938056,8,7600,67000031,248700.5432,743583.1492,174.2533264,3723,5211.814992
51938060,7,7600,67000031,248847.9148,743339.7713,296.6963959,3927,5497.323727
51938061,8,7600,67000031,249099.35,742966.8353,219.9973602,4232,5924.395167
51938066,6,7600,67000036,247833.4391,743463.1883,340.966568,3946,5523.903528
51938067,14,6520,67000025,249409.3983,743436.04,222.503479,2787,3901.451815
51937177,15,7600,67000025,249470.1478,743403.7096,217.4430084,2888,4043.3142
51938072,5,5305,67000036,247953.275,743117.75,159.3643951,4542,6358.231575
53232626,7,6520,67000035,247136.698,742885.8033,2332.703094,4917,6884.103635
51938094,5,7600,67000033,249005.8375,742291.9444,181.2997437,4719,6606.575902
51937163,7,7600,67000031,249007.7959,743085.006,209.0027313,3994,5591.449553
51937203,3,7600,67000033,248286.44,742643.747,64.44895935,4840,6776.445773
51937235,9,7600,67000025,249612.6921,743294.6129,215.5427399,3010,4213.809315
51937383,4,7600,67000036,247833.0253,743426.8036,335.6003265,3946,5524.851131
51937411,8,6520,67000036,247675.1568,743077.6031,545.4223328,4364,6109.706685
51937443,4,7600,67000014,250495.8396,744100.6652,133.1577606,413,578.2988327
51937445,7,7300,67000035,247158.479,742741.6035,263.8737946,5006,7009.006797
51937470,7,6520,67000015,251030.8762,743053.3409,189.487381,674,943.7672188
51937478,5,7600,67000036,247594.7335,743331.9202,323.217926,4147,5806.340461
51937480,4,7600,67000022,249358.7868,743662.4279,412.5788269,2375,3325.697777
51937491,7,7600,67000031,249175.6464,742612.6604,327.8270416,4505,6307.209616
65282829,3,7600,67000033,248950.7078,742391.5101,339.452713,4659,6523.16709
51938453,6,6535,67000035,247082.803,743047.6335,731.5419464,4997,6995.895914
51937513,7,7600,67000033,248527.5322,742547.5071,558.2391357,4725,6614.852497
53232526,10,5501,67000022,249445.0588,743863.6973,551.9058685,2777,3887.484496
51938467,7,7600,67000025,249246.9653,743230.9196,231.009964,3560,4984.52718
51938471,10,7600,67000025,249266.5104,742812.1277,196.0029907,3939,5514.994591
51938479,7,5521,67000014,251109.1875,743634.3756,158.1165619,438,612.9865699
51938481,5,7600,67000015,250998.6533,743145.6179,247.3984222,606,848.6795579
51938486,34,1000,67000015,250741.7971,743330.0552,1055.881287,410,573.7825843
53231606,6,7600,67000034,247866.4495,742614.9564,255.1680603,5068,7095.81972
51933250,4,7600,67000033,249023.9643,742381.3272,83.85958862,4635,6488.567601
51935665,8,7600,67000031,249106.75,742542.6862,360.5937347,4501,6301.313544
51935349,8,7600,67000036,248051.3248,742903.9951,185.4673767,4621,6469.393982
51936724,20,5253,67000015,250099.1219,743618.4718,1284.240829,1068,1495.223424
51936731,34,5900,67000014,251138.3752,743729.5652,3297.046249,425,594.7548265
51936744,8,7600,67000022,249503.4127,744155.6567,436.3288269,1689,2365.046845
65282576,8,7600,67000034,248040.9111,742517.2704,312.2624664,5052,7073.15076
51937903,6,7600,67000036,247856.0319,743060.5316,302.5649262,4494,6291.127777
53232619,8,6520,67000015,250182.6764,743810.0372,1331.794647,354,495.6705117
51937190,8,7600,67000015,250751.8818,743090.5152,246.8334656,1070,1498.140685
51937422,4,6520,67000014,251099.6089,744092.3949,242.2200928,527,737.3759683
51937453,6,7600,67000023,249760.9644,744248.2664,139.6726532,1166,1632.95642
51938542,5,1000,67000031,248673.3298,743621.592,268.3140106,3682,5154.686486
51938566,16,1000,67000015,250910.2479,743292.6287,345.3934937,423,591.7675755
51938847,7,1000,67000014,251775.3153,741490.8555,3515.450241,1965,2750.766109
51938964,6,1000,67000032,248430.9009,743020.8898,364.7289124,4990,6986.445983
51938989,7,5300,67000035,247300.8473,742947.1789,593.7954254,4826,6756.070629
51939473,8,1000,67000024,249857.162,743223.7533,965.8368225,2357,3299.199452
53232868,5,1000,67000022,249196.1295,743709.336,333.0184021,2482,3475.358666
51939718,17,1000,67000015,249768.6841,743768.2141,1601.118164,1729,2420.472069
51940276,3,1000,67000034,247923.5187,742560.4696,66.41099548,5021,7028.824587
51940425,12,1000,67000036,248221.694,743204.1188,543.1777191,4837,6771.27762
51940455,9,1000,67000033,248492.1927,742257.6123,339.4989624,5060,7083.535908
51940474,9,1000,67000031,248156.7608,743460.3202,1052.677124,3955,5536.464758
51940697,5,1000,67000033,248469.8231,742286.6501,292.7380981,4943,6920.167784
51940192,10,1000,67000022,249129.7535,743850.2638,993.2570343,2134,2987.093802
51941174,9,1000,67000036,248274.855,743108.56,574.1218109,4773,6682.436419
51941303,5,1000,67000024,249887.6919,743224.6386,67.49435425,2357,3299.199452
65282513,4,5305,67000032,248320.4733,743166.6719,164.4010468,5007,7009.874616
51940808,7,1000,67000024,249856.4558,743278.1406,850.7096558,2261,3165.815044
51940945,7,1000,67000025,249106.507,743156.1383,181.7862396,3665,5130.74341
51952534,8,1000,67000024,249734.3241,743145.7986,770.0928955,2554,3576.064145
53235458,5,1000,67000034,247802.9191,742751.0142,53.84272766,4754,6655.212737
51953969,5,1000,67000033,248608.3732,742287.4318,79.56950378,5105,7147.185576
51953302,8,1000,67000033,248673.6686,742448.753,479.0866089,4840,6775.730363
51953255,8,1000,67000034,248006.9624,742560.6737,1016.274323,4991,6987.073114
51953309,4,1000,67000033,248900.5307,742636.5935,86.54011536,4573,6401.500949
51954882,4,1000,67000033,248694.5147,742431.2483,201.7655029,4851,6791.895171
51954224,9,1000,67000014,251190.3985,743600.3397,142.0639801,564,789.2449267
51954393,5,1000,67000014,251547.258,741681.3453,82.24201965,1829,2560.496437
51955753,4,1000,67000034,247951.948,742591.306,98.06871033,4994,6991.788547
51955245,8,1000,67000034,248023.3625,742594.5833,249.1221008,4941,6917.590327
51956293,7,1000,67000033,248920.0643,742646.0877,165.4155121,4432,6204.990543
51938882,5,7600,67000015,250861.7642,743275.5112,74.99320984,412,577.1970933
51938897,8,7600,67000031,248375.2409,743823.7658,403.6519623,3383,4736.726362
51938965,6,7600,67000015,250565.85,742962.0129,60.48399353,1197,1675.369673
51939156,7,7600,67000034,247983.1637,742740.0502,489.3327026,4831,6764.055274
51939399,10,7600,67000022,249516.6829,743673.8767,250.8134308,2450,3430.103281
51940352,7,7600,67000031,249051.646,743019.6419,333.6592102,3945,5523.156788
51940445,10,7600,67000025,249130.1464,743584.2654,208.8330383,2727,3817.583706
51941316,9,7600,67000025,249139.7197,743537.4103,146.8199921,2702,3782.345786
53233270,7,7600,67000031,248820.6467,743387.6284,168.6486511,3887,5442.266896
51942224,9,7600,67000033,248647.1839,742559.862,66.29699707,4809,6732.544699
51952503,7,7600,67000025,249203.4516,743453.1779,147.1975708,2841,3977.201718
51953808,7,7600,67000014,251107.4796,744225.5999,131.6833649,605,847.2284145
51953359,7,7600,67000025,248722.1408,743832.4532,74.02636719,3219,4506.021914
51953476,8,7600,67000025,249256.8352,743249.8055,222.6490021,3545,4963.164531
51938499,8,7600,67000031,248752.1991,743456.0791,453.2234802,3926,5496.310183
51938501,9,7600,67000024,249681.2412,743698.3578,198.4549866,2618,3665.894006
51938530,7,7600,67000025,249123.4491,743231.79,164.0020905,4117,5764.44496
51938534,11,7600,67000032,248519.8815,742877.0886,288.8069153,4604,6446.138737
51938619,7,7600,67000025,249222.2953,743443.9568,176.5385284,2826,3956.275041
51938576,13,7600,67000015,250091.3799,743814.9992,523.2483063,1297,1816.232183
51938578,4,7600,67000036,247941.2656,743242.8799,176.4405975,4466,6252.985623
51938601,10,5305,67000031,248833.0522,743358.5679,150.7480774,3910,5473.746594
53232714,6,7600,67000025,249391.2522,743179.4841,252.9028473,3414,4779.439492
51938855,6,7600,67000012,250292.9863,744352.6489,176.7649689,692,968.6316525
51938856,3,5305,67000022,249718.9843,743857.5536,347.3884277,1802,2522.378901
51938889,8,7600,67000024,249709.15,743459.19,149.5400238,2470,3458.099718
51938900,7,7600,67000025,249498.4465,743118.9281,340.677124,3480,4871.52937
51938919,5,7600,67000036,247649.5073,743016.4136,247.5667877,4407,6169.269176
51938920,4,6520,67000014,251461.6416,741777.8489,88.61647034,1728,2418.898686
51938923,6,7600,67000036,247967.3869,743513.6253,183.3855133,4199,5879.190175
51938927,4,7600,67000036,247694.0571,743278.3117,508.8271027,4332,6064.421056
53232773,6,7600,67000031,248837.8125,743263.3134,482.5078735,4047,5666.435774
51938939,4,7600,67000025,249558.2588,743320.4841,214.9665527,2970,4158.189502
51938942,6,7600,67000025,249148.5113,743035.6557,319.9374695,3891,5447.561669
51938947,3,7600,67000036,247768.4176,742900.0397,74.17315674,4548,6367.356308
51938951,5,7600,67000036,247793.9484,743291.0197,262.8904572,4330,6062.478923
51938962,6,7600,67000036,247684.0578,743419.927,385.7758637,4058,5680.607562
51938966,8,7600,67000025,249034.079,743489.2368,197.8495178,3344,4680.99445
51938972,8,7600,67000025,248892.2635,743698.3617,210.718811,3246,4544.889291
51938985,8,7600,67000025,249276.9202,743240.5427,246.1222076,3507,4909.150213
51938992,6,7600,67000024,249668.3538,743725.9602,98.24938965,2639,3694.460019
53232783,7,7600,67000025,249294.2731,743229.9484,249.9352264,3492,4888.845805
51938999,7,7600,67000036,247809.0517,743462.1274,383.6486511,3963,5548.49773
51938128,6,5501,67000033,248250.6483,742900.832,242.407959,4780,6692.04821
51939000,4,7600,67000036,247982.6962,743175.8702,338.1517792,4530,6342.17497
51939001,6,7300,67000035,247109.2366,743037.7602,643.9476166,4977,6967.746976
51939005,9,7600,67000015,250476.25,743341.345,228.1537018,565,790.3012336
51938131,10,7600,67000015,250838.1866,743078.4873,287.1355896,854,1195.313662
51939010,9,7600,67000031,248984.1582,743245.3422,257.0672455,3860,5403.693685
51939012,8,7600,67000025,249224.0895,743153.7,213.204422,4029,5640.449729
51939021,5,7600,67000014,251039.7551,743225.5457,74.47802734,589,824.572142
51939036,10,5300,67000015,250388.6571,743485.6797,1261.060699,321,449.8181172
51938097,8,7600,67000025,249321.435,743043.3595,194.4180145,3965,5551.34469
51938100,3,7600,67000036,248099.3375,742961.3622,141.234787,4686,6559.864998
51938124,6,7600,67000034,248066.0308,742501.2758,155.8664246,5052,7073.286536
51938150,7,7600,67000033,248188.7594,742645.6452,205.7815857,4900,6860.429746
53232666,5,7600,67000036,247645.2146,743345.557,164.3732758,4143,5800.24037
51938395,8,7600,67000036,247786.1134,742989.1711,201.5497437,4468,6255.374359
51938334,13,7600,67000022,249425.331,743728.279,316.8389893,2750,3849.448755
51938343,4,6512,67000031,248425.1688,743759.3364,308.5306244,3440,4815.899378
51938358,8,6520,67000014,251224.2712,743451.7984,787.4229279,669,936.1321851
51938367,4,7600,67000015,249076.5598,742342.2607,382.0885773,4619,6466.239591
51938407,9,7600,67000025,249261.921,743353.1632,192.9333649,3530,4941.587985
51938419,11,5202,67000025,249237.197,743585.3497,466.4970245,2612,3657.311721
51938420,8,7300,67000035,247791.9515,742551.2326,239.9957886,4858,6800.935258
51938428,3,6520,67000024,249677.3485,743456.5433,42.8664856,2483,3476.81783
51938440,6,7600,67000024,249806.0484,743381.4283,78.14434814,2357,3299.347128
51938444,9,7600,67000022,249422.0717,743595.5225,287.800415,2419,3386.310167
51939040,10,7600,67000031,249101.3551,742691.3478,216.8468323,4423,6192.336369
51939052,8,7600,67000036,248266.6686,742965.0694,280.5852966,4802,6722.389718
51939069,4,7600,67000014,250980.3037,743253.6363,200.9881592,524,733.3033992
51939070,14,7600,67000025,249081.4426,743661.3133,334.1637268,2734,3827.076779
51939085,6,7600,67000022,249585.531,743883.3429,243.4338074,2259,3162.867821
51939088,7,7600,67000036,248047.0518,743441.1485,192.523407,3892,5448.691602
53232802,10,6520,67000014,250949.6001,743891.1478,638.0249634,383,536.7474702
51939099,12,7600,67000031,248922.0392,743249.2247,283.1312714,4013,5618.081345
51939108,6,7600,67000024,249816.1256,743365.7687,87.68447876,2350,3290.5126
51939111,8,6520,67000014,250469.4746,743730.1222,725.3446655,117,163.1454573
51939122,4,5000,67000025,249723.5313,743220.8188,779.7940369,2566,3592.12081
51939125,6,7600,67000036,248117.8164,743024.1557,101.9551544,4677,6547.478719
51939136,4,7300,67000035,247190.205,742995.1989,476.5565643,4912,6876.579626
51939745,9,7600,67000031,249136.5366,742563.4137,177.9493561,4521,6329.339267
53232924,5,7600,67000033,248771.6358,742258.9192,298.3816681,4848,6787.512626
53232925,4,7600,67000036,247625.9325,742967.2439,85.52365112,4445,6223.115173
51939772,7,7600,67000025,248778.895,743758.0519,223.1274109,3179,4450.447952
51939773,7,7600,67000031,248267.8084,743625.1964,426.9962616,3608,5050.58426
51939340,5,7600,67000034,248147.8977,742396.0705,314.6511536,5156,7217.753101
51939269,5,7600,67000033,248989.9567,742424.9659,187.5135498,4635,6489.693617
53232835,4,5900,67000034,247935.3268,742544.8505,83.94497681,5063,7087.529409
51939288,8,7600,67000031,249136.73,742991.1701,248.8880005,3882,5435.35975
53232840,3,7600,67000034,248172.6965,742608.5487,90.0065918,4996,6994.854502
51939314,6,7600,67000031,248861.897,743308.1516,296.0734406,3952,5532.662701
51939315,5,7600,67000034,248217.0638,742361.9065,239.165329,5101,7141.966529
51939334,7,7600,67000031,249152.7348,742572.9902,148.4292908,4519,6327.209998
51939418,6,7600,67000022,249520.7972,743859.1834,169.7080994,2223,3112.317454
51939373,9,7600,67000025,249009.3469,743653.1606,146.5499878,2826,3956.078712
51939381,6,7600,67000031,248973.1513,743203.1372,373.9855804,4069,5696.509658
51939428,6,7600,67000024,249824.8415,743356.6264,160.0096436,2350,3289.589434
53232857,4,6520,67000035,247724.8851,742605.0714,58.03352356,4793,6710.600817
51939414,7,7600,67000036,248041.0082,743080.1336,292.6199493,4610,6454.114147
51939431,4,7600,67000036,247970.7384,743247.4902,240.9189148,4471,6259.378322
51939432,6,6512,67000032,248482.1587,742858.5783,461.2838898,4604,6446.138737
51939433,4,7600,67000036,247633.2999,743040.9195,210.1390076,4371,6118.828218
51939434,6,7600,67000031,248973.7627,743173.4576,289.9811249,4054,5676.096229
51939435,8,7600,67000025,249338.9524,743355.5686,226.7259827,3500,4899.390453
51939439,7,7600,67000031,248603.135,743721.9659,453.7284241,3604,5044.924607
51939445,9,6512,67000035,247010.0085,743067.1563,1627.622055,5081,7112.815898
51939451,5,7600,67000036,247714.9092,743429.7802,211.2387848,4031,5643.072429
51939464,7,7600,67000025,249156,743181.155,184.0569916,4074,5704.245164
53232869,8,7600,67000015,250522.0314,743420.7326,328.9976196,363,508.7698648
53232870,6,7600,67000024,250032.0244,743227.1815,201.7716827,2312,3236.394803
51939481,7,7600,67000025,249479.9453,743181.4755,242.4368134,3335,4668.943263
51939489,7,7600,67000015,250746.0509,743018.5576,175.14151,1002,1402.767008
51939510,8,7600,67000031,249145.6589,742958.6454,212.1283417,4205,5886.793129
51939499,8,7600,67000025,248912.906,743662.2585,227.7803955,3276,4586.489507
51939513,6,7600,67000031,248871.1376,743281.0429,305.7225494,3975,5564.58658
51939549,5,7600,67000033,248343.0584,742685.2235,343.0394592,4803,6724.523523
51939711,8,7600,67000032,248167.2281,743304.8658,517.4641266,4612,6456.790937
51939714,12,7600,67000022,249099.0062,743734.067,405.4058228,2554,3575.077581
51939734,8,7600,67000024,249731.8471,743459.2473,126.1775971,2417,3384.297385
65282254,7,7600,67000033,248892.8732,742385.5486,286.4706421,4706,6588.327217
53233012,5,5305,67000034,248205.8823,742427.1525,232.0878143,5042,7058.732146
53233013,7,7600,67000021,249826.3182,744451.5201,183.5615692,1049,1468.83173
51940266,9,7600,67000025,249345.8615,742876.6989,141.4504395,3927,5498.359449
51940269,6,7600,67000036,247641.952,742991.976,244.1657257,4425,6194.862054
51940278,1,7501,67000015,251082.2921,742559.1718,105.3228455,1146,1604.745861
51940281,6,7600,67000036,247608.5945,743527.08,360.5991516,4129,5781.235751
51940304,12,7600,67000022,249461.6946,743792.0834,207.3201447,2745,3842.427752
51940311,11,7300,67000015,250397.3561,743529.3875,229.429306,290,406.4910366
51940318,8,7300,67000035,246945.2504,743033.3238,1798.121231,5079,7110.67212
53232164,7,7600,67000025,249309.1556,742966.0254,172.143692,3888,5443.009809
51940334,6,7600,67000031,249054.7922,743098.2096,254.8384094,3975,5565.59044
51940335,9,7600,67000024,249753.729,743432.3082,255.5250092,2393,3349.619712
51940337,6,7600,67000036,247805.7233,742855.0538,396.2849579,4551,6371.096801
51940340,4,7300,67000035,246986.3563,742969.0537,530.3375702,5068,7095.116524
51940343,6,7600,67000036,247727.5843,743345.5017,398.5710602,4267,5973.651349
65282255,9,7600,67000031,248683.5389,743555.1265,367.1328583,3861,5405.71782
51940345,7,7600,67000025,249060.5756,743519.3639,204.3300781,3342,4679.010641
53232167,8,7600,67000022,249449.9338,743597.7568,110.5248871,2450,3430.49527
53232168,10,6520,67000014,250611.7874,743856.7563,1158.512299,157,220.3997711
51940357,5,7600,67000015,249063.5941,742327.2192,330.9799957,4754,6655.619378
51940361,9,7600,67000025,249360.207,742961.3012,139.8315277,3909,5472.582353
53232170,7,7600,67000036,247892.1212,743292.9805,265.3909912,4390,6146.183408
51940485,6,7600,67000034,248054.1428,742482.5888,210.9859009,5068,7095.416795
67836133,9,6520,67000014,250509.8692,743791.0681,1305.069473,236,329.8779705
51940487,4,5305,67000033,248652.97,742469.6284,100.6082916,4826,6756.452135
51940422,7,7600,67000031,249071.2367,742581.8859,265.2169342,4482,6274.528459
51940426,7,7600,67000025,248948.7438,743590.4544,172.9165039,3332,4664.526345
51940490,5,7600,67000025,249634.1987,743244.1893,276.4555817,3039,4255.132336
53232185,6,7600,67000031,249118.1972,743009.3955,319.5261078,3900,5460.531339
51940493,5,7600,67000034,248299.404,742327.9888,675.4901581,5038,7053.019091
51940482,12,7600,67000024,249611.2729,743458.1498,163.9901733,2779,3890.515771
51940688,9,7600,67000033,248636.5788,742684.0922,761.4177551,4610,6453.367927
65282321,5,7600,67000033,248759.4275,742294.0662,264.6537933,4858,6800.959575
53232228,4,7600,67000036,247887.8811,743428.6186,256.9932404,3907,5469.960337
51940680,5,6520,67000036,247711.0769,743125.4043,98.6131897,4366,6112.863338
51940701,11,7600,67000022,249651.3044,743795.9766,186.124939,2682,3755.117936
51940708,8,7600,67000031,248555.6326,743805.5517,244.5882874,3341,4677.495945
51940713,9,7600,67000025,249163.5026,743447.6708,372.212677,3437,4811.431199
51940724,7,7600,67000033,248297.7319,742721.8426,591.7111359,4791,6708.071554
51940735,9,6520,67000014,250288.5091,743792.6001,2912.341232,246,343.7771234
51940737,14,6520,67000025,249381.1287,743448.6702,303.8047333,2813,3937.926722
51940748,9,6520,67000015,250211.9667,743858.2471,291.1813049,373,521.8556349
51940784,9,7600,67000036,247773.3169,743252.8366,326.3271179,4422,6191.350797
51940787,4,1000,67000015,250187.921,744146.1799,184.1674957,545,762.3495886
51939925,5,7600,67000036,248148.4885,742961.7035,386.7489166,4719,6606.140033
51940796,5,7600,67000034,248081.0068,742525.3037,181.5739594,5032,7044.996274
51939865,4,7600,67000036,248085.6847,743202.9165,321.6739349,4552,6373.207304
51939897,4,7600,67000033,248924.8917,742424.9395,170.0288391,4682,6554.72499
51939901,3,7600,67000036,248082.0785,743019.3929,57.31489563,4659,6522.15985
51939905,7,7600,67000025,249208.3674,743218.7743,188.0565338,4226,5917.071328
51939919,7,7600,67000025,249292.0185,743097.6129,174.7009735,4027,5637.76085
51939999,7,7600,67000036,247746.5621,743226.8063,184.4416962,4378,6128.641812
51940001,14,7600,67000024,249810.9838,743344.4738,549.058197,2397,3355.505062
51939950,6,7600,67000031,249067.6984,743037.9147,318.5475464,3942,5518.485491
51940006,11,7600,67000031,248145.8119,743652.8488,345.2425232,3599,5038.878801
51939965,10,7600,67000025,249457.967,743289.2239,249.2347717,3403,4764.22383
51939966,6,7600,67000025,249363.1185,743046.2853,176.9459839,3966,5552.18193
51939977,8,7600,67000014,250742.019,743556.0698,204.0335083,188,263.6769263
51939982,4,7600,67000015,251001.5789,743092.0947,137.2555389,645,903.0444105
51939983,10,5332,67000015,251063.3291,743214.4682,591.0409851,630,882.1981138
51939987,8,7600,67000031,248222.6411,743715.468,377.7433777,3535,4949.212267
51939988,15,7600,67000023,250023.7597,743773.8644,632.9872589,984,1378.063593
51939993,8,7600,67000025,249254.1813,742834.8691,243.5760956,4143,5800.573489
51940189,7,7600,67000025,249291.8609,743381.9926,460.5825653,3538,4952.65275
51941190,11,7600,67000025,249000.0044,743290.3518,238.8194275,3878,5429.739493
51941201,14,5305,67000024,249737.3711,743792.0832,506.0829773,1756,2457.971315
51941207,7,6520,67000015,250442.2825,743453.6799,143.8479462,372,521.3241812
51941209,11,7600,67000025,249474.33,743453.3213,331.1427612,2581,3612.731051
51941210,7,7600,67000025,249574.8581,743312.4049,232.5202026,2980,4172.02387
51941226,8,7600,67000025,249190.1327,743204.8663,261.2770538,4076,5706.875229
51941233,6,7600,67000022,249569.038,743861.7741,303.3679352,2247,3146.388664
51941234,7,7600,67000015,250854.9594,743338.0774,237.7611237,387,541.5856648
51941262,7,6520,67000033,248519.6009,742490.9279,383.6556091,4763,6667.644014
51941264,8,7600,67000025,249051.7761,743252.6023,159.7850189,3586,5020.923635
51941281,4,7600,67000031,248836.8039,743323.2194,85.97961426,3933,5506.706163
51941285,7,7600,67000036,247852.848,743157.54,257.1184845,4464,6250.09676
51941293,13,7600,67000031,248892.0028,743488.608,353.2805023,3888,5443.886766
51941296,6,6520,67000031,248897.5833,743094.3017,190.5354919,4114,5759.731715
51941301,6,7600,67000032,248298.6878,742890.2035,386.6539002,4750,6650.08699
51941309,8,7600,67000031,248906.0346,743309.8237,186.5559845,3964,5549.844056
51941315,4,5521,67000025,249546.4483,743290.0961,225.126236,2965,4150.572106
51941317,3,7600,67000031,248504.7031,743781.324,245.9399262,3381,4733.388014
53232335,7,7600,67000024,249766.2124,743425.9594,86.87854004,2383,3336.61758
51941323,6,5521,67000015,251033.6502,743077.0312,210.4199524,657,920.2635949
51941326,6,6520,67000015,250188.5764,743841.1075,1220.639145,379,530.0242221
51941339,5,7600,67000036,248155.4702,742996.3839,193.0147247,4712,6596.756015
51941348,8,7600,67000036,248108.3981,743279.9986,117.5827942,4567,6393.153048
51941358,6,7600,67000031,248827.9654,743290.0815,247.3926392,4030,5642.657554
51941361,8,7600,67000025,249233.3796,743192.8872,312.601593,4249,5948.569877
51941422,14,7600,67000025,249072.1114,743672.45,338.3474884,2754,3855.099716
51941374,7,7600,67000025,249173.3165,743220.9147,224.657547,4092,5729.319675
51941426,12,7600,67000025,249101.7985,743558.1888,150.7970886,2942,4119.136499
51941400,6,7600,67000025,249353.4027,743090.5744,232.3871155,3994,5591.470751
51941407,5,7600,67000033,248818.1711,742333.7818,158.1092835,4809,6732.810912
65282580,7,1000,67000033,248400.5553,742290.2313,442.0690918,4961,6945.344443
51941581,3,6520,67000014,251664.4966,741718.4381,199.1928864,1779,2490.004417
51941611,7,7600,67000034,248437.0704,742493.4634,686.5048981,4879,6830.396407
53233257,7,7600,67000025,249037.4345,743588.1137,205.2250061,2785,3898.69471
51941657,10,7600,67000025,249179.7239,743330.916,174.4430695,3598,5037.316749
53233261,6,6512,67000034,248245.8053,742505.0963,417.447937,4941,6917.131345
51941660,9,7600,67000031,248788.9651,743599.8736,137.6303558,3783,5295.643009
65282581,5,5521,67000033,248433.9377,742660.8338,758.543457,4776,6686.664701
53233262,6,6520,67000035,247540.7384,742876.7456,348.977417,4638,6492.57519
53233263,6,7600,67000036,247807.3498,743425.7775,405.4630432,3964,5550.286404
53233264,5,7600,67000036,247886.9907,743462.0081,256.0462036,3907,5470.361071
51941693,9,7600,67000013,250484.5434,744398.349,308.4760895,647,905.9594167
51940822,10,6520,67000025,248711.3755,744011.2418,928.1377869,3127,4378.095373
51941699,5,7600,67000036,247678.3264,743455.995,321.01297,4053,5674.37622
68377419,4,7600,67000033,248425.7129,742696.3076,63.25782776,4747,6646.274018
51941711,11,7600,67000025,249532.4,743256.6011,338.0045471,2960,4144.130116
53233271,10,7600,67000033,248732.9675,742609.1691,445.9938965,4858,6800.861834
51941714,5,7600,67000033,248751.4157,742414.9619,361.772644,4799,6717.957401
51940833,13,6520,67000025,249395,743443.19,225.3999939,2788,3903.406727
51940802,6,7600,67000014,250967.2739,743240.9572,230.0853272,529,741.0451847
51940844,8,6520,67000035,247115.6428,742911.5159,977.2492371,4988,6983.038362
51940849,6,5000,67000031,248532.8668,743794.1521,322.4249878,3359,4702.651607
51940864,5,7600,67000036,248095.1665,743226.8562,258.1884003,4541,6358.091413
65282644,9,6520,67000014,250359.338,743723.0997,1108.32486,178,248.8485617
53232257,10,7600,67000025,249229.1933,742870.3056,207.1776123,4132,5785.292136
51940885,9,7600,67000025,248924.9146,743503.1856,367.5743256,3386,4740.813133
51940889,6,7600,67000025,249178.5457,743028.7686,291.052002,3769,5277.285492
51940898,13,7600,67000025,249403.0328,743212.4527,238.6950836,3417,4784.339211
51940901,9,6520,67000015,250193.0772,743789.1758,515.3972168,337,472.4349815
51940911,7,7600,67000031,248806.6699,743569.665,165.0304871,3808,5330.674129
51940922,4,7600,67000036,247977.7694,743489.217,323.2430573,4200,5880.599993
51940929,10,5601,67000025,249736.5841,743096.3543,763.6201172,2571,3599.617286
65282645,8,7600,67000025,249005.1033,743576.8753,200.4768066,3282,4594.755719
51940939,4,7600,67000036,248188.3964,742963.8475,158.8459473,4747,6645.632996
51941116,7,7600,67000033,248499.4511,742629.2481,206.6327972,4729,6620.657177
51941144,6,6512,67000033,248019.3966,742726.7151,306.7589569,4848,6786.619869
51942091,9,7600,67000025,248995.2184,743595.3095,273.5873871,3267,4573.919672
53233338,5,7600,67000025,249276.37,743344.4765,226.1010132,3525,4934.697806
51942130,8,7600,67000025,249187.6157,742936.0285,195.8135071,4176,5846.765943
51942140,6,6520,67000014,251635.5478,741609.8243,149.7135162,1825,2554.491542
51942143,10,5521,67000036,247777.6243,743320.1614,258.5735016,4338,6072.85474
51942172,11,7600,67000032,248702.9604,742872.8469,1018.468094,4439,6214.838216
51942175,8,5521,67000014,251159.2509,743597.5132,278.1093903,509,712.2835534
51942179,9,7600,67000031,248749.2441,743590.031,275.8328095,3736,5230.922145
51942191,6,7600,67000015,250948.5862,743061.026,186.3878632,580,811.5855167
51942199,8,7600,67000033,248287.2351,742664.0296,312.9937439,4841,6778.094196
51942203,5,7600,67000015,249030.17,742395.5315,59.49015808,4608,6450.942661
51942214,8,7600,67000033,248409.4387,742349.4309,597.4417725,4909,6872.381063
53233357,3,7300,67000015,250498.9101,743458.2279,92.19215393,369,516.2749706
51942225,5,7600,67000015,251087.9139,743134.8958,101.6123352,686,960.596746
51942226,8,7600,67000036,248124.1556,743286.0856,307.3961029,4579,6409.930763
51942237,6,7600,67000034,247843.4805,742632.1906,291.7065735,5089,7124.443203
65282708,7,7600,67000036,247768.382,743165.2934,287.8298187,4410,6174.406713
51942244,14,6512,67000014,250771.9925,743834.7583,3490.906586,213,297.958984
51942259,6,7600,67000024,249556.0607,743513.1218,305.7434998,2836,3970.637239
65267337,4,5521,67000032,248310.5154,742870.6281,141.5243835,4734,6627.99353
51942263,4,7600,67000036,247773.9753,742885.9016,140.1826477,4552,6372.738674
51952509,5,7600,67000036,247783.3889,742896.1612,222.9956665,4531,6343.400029
51952510,6,7600,67000031,248911.5199,743290.3098,136.5860748,4008,5611.362748
51952532,5,7600,67000015,250729.7866,743036.7167,394.4995728,1036,1450.527116
51953495,5,7600,67000036,247780.1522,743277.2316,172.1790772,4316,6043.080608
51953496,5,7600,67000025,249144.2521,743083.2163,301.6976318,3724,5213.085731
51953498,6,7600,67000031,248259.625,743564.1424,200.9788666,3635,5089.267436
51953501,10,7600,67000025,249069.5058,743325.2829,224.5045319,3540,4956.670478
51953532,8,7600,67000025,249164.4752,743341.3446,227.0537872,3598,5037.27217
51953717,4,5501,67000032,248531.6345,742813.1315,37.07452393,4568,6394.759446
51953725,6,7600,67000025,249269.3796,743149.7244,120.8802185,4055,5677.040292
65282765,10,7600,67000033,248425.1149,742794.1985,674.9058533,4662,6527.063454
51953761,8,7600,67000035,247713.6801,742817.1822,140.6867828,4631,6483.331321
51953774,3,7600,67000033,248138.0414,742694.0709,188.263031,4905,6866.87862
51953794,7,7600,67000033,248822.1,742382,160.1431885,4757,6659.568463
51953878,7,7600,67000031,248244.1889,743682.0256,97.09489441,3529,4940.393731
51953817,4,5521,67000022,249291.887,743726.1541,382.631134,2279,3190.734661
51953842,7,7600,67000031,248893.9107,743332.5469,244.1874237,3946,5524.442073
51953845,11,7600,67000022,249532.484,743729.6235,230.8905182,2670,3738.374085
51953849,7,7600,67000031,248829.9573,743451.6943,306.8904266,3850,5390.106348
53235462,3,5740,67000014,250560.6997,744026.7364,90.28218079,377,527.8294986
51953959,7,7600,67000034,248379.7983,742537.8919,416.686554,4871,6819.430124
53235465,9,7600,67000031,249054.5709,742991.4258,176.765686,4251,5951.096094
51953926,6,7600,67000033,248759.0359,742318.5333,151.1061401,4851,6791.430983
51953930,12,7600,67000025,249341.9016,743243.7847,207.5299988,3466,4853.081397
51953935,11,7600,67000025,249431.4548,743476.2743,327.5176239,2621,3670.005026
51953936,7,7600,67000031,248574.1379,743687.2528,428.282486,3594,5032.240749
51953940,31,7600,67000024,249795.6017,743479.5992,828.6242828,2410,3373.467373
53235474,5,7600,67000036,247860.7903,743424.465,368.4047546,3927,5497.116201
51953977,10,6520,67000015,250802.962,743461.1483,2041.415527,303,423.7409619
51953377,9,7600,67000022,249559.8079,743804.5951,420.4920197,2280,3192.413323
51953318,6,7600,67000031,249096.9426,742753.8926,155.3071594,4387,6142.227979
51953324,7,7600,67000033,248450.5718,742624.6387,123.2745209,4763,6668.83468
51953330,4,7600,67000036,247675.236,742990.7402,384.1539002,4419,6186.700281
51953384,6,7600,67000034,248102.7692,742418.6061,341.284195,5123,7172.397814
51953332,4,7600,67000025,249452.1412,743249.1365,214.363327,3392,4749.012635
53235361,6,7600,67000033,248796.6769,742303.0796,198.5950317,4827,6757.639889
51953333,4,7300,67000035,247619.2415,742599.4897,732.6199951,4758,6661.482009
53235363,3,5740,67000033,248650.8137,742717.6078,26.65586853,4567,6393.626519
51953361,10,5740,67000034,247734.3844,742734.5556,496.9434967,4740,6635.725638
51953394,5,5740,67000033,248570.988,742711.8917,1322.015778,4593,6430.425154
51953363,4,7600,67000036,247998.6711,743057.5842,125.0625153,4606,6448.651301
51953412,6,7600,67000031,248818.5015,743312.9235,269.7929382,4013,5618.476884
51953414,10,7600,67000015,250675.0917,743047.9955,185.6901703,1077,1508.117616
53235375,8,7600,67000021,249691.4031,744333.5708,202.5407715,1234,1728.255497
51953464,11,7600,67000015,250667.4905,743423.5551,180.8935852,444,621.4036109
51954096,7,7600,67000035,247746.7077,742819.9952,299.9280701,4587,6421.826419
51954101,10,5340,67000034,248465.6402,742493.8781,284.7880859,4791,6707.527606
51954892,8,7600,67000031,248842.2761,743426.8537,265.9551239,3870,5417.821175
51954222,6,7600,67000025,249143.1623,743202.0622,206.1664887,4092,5728.789737
51954223,6,7600,67000031,248550.1711,743739.5895,332.81073,3566,4991.712731
53235523,4,7600,67000036,248021.5686,743198.9056,225.5097656,4521,6329.787007
53235528,7,7600,67000025,249233.4121,743048.1206,242.7692413,3964,5550.009157
51954346,3,1000,67000033,248100.4043,742666.1689,83.72329712,4910,6873.707388
51954275,3,6520,67000014,251024.14,743409.2494,153.074997,462,646.6995721
51954316,6,7600,67000033,248762.9111,742340.918,201.0497284,4833,6766.514964
51954372,6,7600,67000031,249140.6663,742702.5749,234.984375,4424,6193.772738
51954677,5,1000,67000014,251679.8499,741546.6355,299.1548157,1878,2629.682376
65282871,10,6520,67000031,248902.8389,742994.5173,5300.815613,4262,5967.492163
51955278,15,7600,67000023,250080.5492,743782.0072,457.8768005,715,1001.656951
51955283,8,7600,67000022,249453.3295,743647.1288,238.0033417,2432,3405.204341
51955349,4,7600,67000033,248377.3107,742595.775,124.9031372,4809,6733.101503
68377337,3,7600,67000033,248678.4805,742652.8854,95.12007141,4617,6464.274598
51955628,7,7600,67000031,249062.8788,742720.7602,253.3892822,4374,6123.636124
51955633,6,6520,67000035,247118.7306,742725.2996,547.1884155,5079,7110.894673
65282907,7,7600,67000033,248379.6472,742683.8102,728.0526733,4777,6687.952348
51955653,6,7600,67000033,248786.0701,742368.5261,317.3413696,4792,6709.325498
51955655,6,7600,67000034,248265.3212,742342.847,218.6539154,5064,7090.130419
51955701,8,7600,67000034,248334.2897,742314.2649,287.075882,5011,7015.565812
51955726,5,7600,67000034,248193.7457,742405.53,230.9018402,5130,7181.35511
51955741,10,7600,67000033,248617.804,742537.0441,851.2807007,4785,6699.587347
51955775,8,7600,67000031,249167.2367,742592.3968,222.8386536,4505,6306.778622
51955833,7,5521,67000033,248095.2254,742758.7244,312.9376373,4777,6688.108296
51955155,4,5601,67000014,251854.2356,741452.6878,265.4844513,2016,2821.840788
53234816,8,7600,67000034,248238.351,742385.4322,363.5467682,5093,7130.552266
51955215,10,7600,67000033,248629.5927,742590.7794,766.0084686,4813,6738.758452
51956199,4,5501,67000034,248480.1431,742515.9525,100.674942,4795,6713.561763
51955239,6,6520,67000014,252135.2833,740923.1048,294.1948395,2418,3385.847208
51956257,5,7600,67000015,249065.8534,742382.124,452.3472443,4592,6428.331022
51938537,6,6520,67000035,247165.3942,743005.3746,606.6007996,4931,6903.365149
51939128,6,7600,67000015,251064.9271,743083.663,212.5228424,719,1006.809287
51939733,10,6520,67000035,247418.8858,742766.5481,3311.705215,4884,6837.539031
51940363,10,7600,67000015,251032.1654,743165.0544,186.824646,595,832.9513315
51940394,8,7600,67000036,248017.9449,743154.2573,247.483429,4546,6364.177438
53232222,6,7600,67000033,248363.1145,742624.417,1016.722336,4826,6755.764488
51940790,6,6520,67000014,251025.5949,743315.5824,313.1412201,533,746.4758925
53232322,8,7600,67000031,248235.6304,743533.7111,293.6616669,3854,5395.739588
51940925,6,7600,67000036,247753.8939,743355.5301,364.7139435,4286,5999.90794
51941117,4,7600,67000033,248667.3684,742676.2322,61.58457947,4598,6436.936427
51941129,6,7600,67000034,247933.5318,742665.752,321.7576294,4909,6873.059502
51942115,6,7600,67000015,250715.3536,743054.39,352.4153442,1037,1451.214739
51953830,10,7600,67000032,248412.7541,742869.5678,518.8876801,4654,6515.570884
51955720,9,7600,67000031,249141.9806,742643.1475,320.6576996,4480,6271.737569
51956253,6,6512,67000033,248584.9832,742762.2291,437.297348,4576,6406.141243
53236358,4,1000,67000034,247965.1125,742584.9621,84.64749146,4993,6990.120655
51960347,3,1000,67000033,248507.5667,742474.8072,75.56083679,4802,6722.736486
51960600,7,1000,67000014,251728.3759,741553.5141,1175.536224,1901,2661.234786
52966336,4,1000,67000015,250468.3351,743362.3344,62.31350708,580,812.0899936
52966189,10,1000,67000022,249086.629,743831.1202,868.9249725,2346,3284.162217
53010368,6,1000,67000021,250284.0323,744239.5676,216.1654511,654,916.2097932
53032681,7,5305,67000023,249962.7883,743883.4525,20.82290649,823,1152.896651
67793898,4,1000,67000036,247902.9256,742911.4573,123.6468353,4564,6390.191383
53034162,15,5521,67000012,249863.1893,744645.619,599.6317139,1103,1544.491822
53033599,6,5521,67000021,249290.1464,744660.9694,336.0323944,1580,2212.136514
53054916,4,1000,67000014,251729.5156,741486.6817,131.3133087,1943,2719.536235
53077261,6,1000,67000014,251062.6661,743858.8486,170.1429443,358,500.6796497
53078934,9,1000,67000031,248015.6902,743539.7686,247.8356628,4222,5911.480777
53098981,12,1000,67000014,251115.9319,743852.1207,268.7258148,388,542.6048955
53118934,5,1000,67000033,248216.0333,742611.9721,310.9481659,4905,6867.178597
53148184,5,1000,67000014,250946.1014,743273.3758,186.3998871,496,694.4377175
53175174,10,1000,67000025,249287.7674,743068.741,286.2331238,3957,5540.275414
65282460,3,1000,67000014,251628.1495,741626.7306,68.93461609,1816,2542.822402
53236038,9,7600,67000033,248215.2704,742822.7148,358.955368,4747,6646.00788
51957099,5,7600,67000034,247917.4512,742819.7748,215.3892059,4714,6598.961425
51959522,5,7600,67000033,248816.35,742353.25,52.03997803,4819,6747.090543
52965334,8,7600,67000013,250735.8304,744298.1436,403.6576233,612,857.0053626
53076104,10,7600,67000011,249003.6788,745325.7433,217.0917053,2065,2891.66279
53108771,7,7600,67000015,250703.7557,742877.6506,62.12001038,1063,1487.51951
53122940,6,7600,67000036,247986.9817,742871.7549,300.3950653,4634,6487.457307
53124258,10,7600,67000021,249775.105,744368.6184,241.7155151,1112,1557.022149
53445863,9,7600,67000025,249375.9378,743331.7925,160.9377594,3468,4855.534847
53152008,13,7600,67000012,249983.25,744509.965,50.38710022,940,1316.624657
53160951,7,7600,67000014,250982.0722,744127.0296,94.41485596,548,766.8149223
53174810,12,7600,67000011,249340.0208,745326.8789,170.5009766,1809,2532.871418
65282027,6,7600,67000035,247691.9067,742819.7968,381.6775971,4647,6505.1314
65282398,8,7600,67000031,248531.6907,743777.8761,59.96064758,3363,4708.675554
65282408,7,7600,67000036,247624.9662,743521.7057,57.76754761,4120,5767.77696
65282521,11,7600,67000031,248335.5815,743516.3562,252.1449738,3901,5461.779613
65282523,11,7600,67000031,248388.2942,743521.5119,429.5688629,3939,5514.749383
65282531,9,7600,67000031,248526.1796,743502.6414,446.6705475,4036,5649.727297
65282532,11,7600,67000031,248565.2486,743484.8427,420.7939301,4065,5690.597048
65282533,8,7600,67000031,248773.6226,743583.731,66.78889465,3787,5301.762664
65282538,11,7600,67000021,249158.454,744086.9066,105.1122131,1943,2720.545986
65282583,8,7600,67000024,249720.3406,743730.7162,228.8584595,2615,3660.862828
65282586,10,7600,67000024,249599.4326,743691.9275,178.2344818,2635,3688.493327
65282587,10,7600,67000024,249613.6833,743678.074,182.0922852,2620,3668.61257
65282599,13,7600,67000024,249708.9764,743338.3226,212.6648712,2667,3734.365814
51956258,6,7600,67000033,248739.4036,742402.7113,368.3618927,4804,6725.357638
51956290,7,7600,67000034,248014.5395,742414.1925,171.6569672,5125,7175.493177
51956625,5,7600,67000031,249080.2013,742764.8465,149.7533112,4377,6127.861238
51956700,6,7300,67000035,247185.9984,742696.2618,2500.990158,5074,7103.804739
53234966,7,6520,67000014,252131.3938,740986.7189,210.8001099,2418,3385.847208
51956101,4,6520,67000014,251400.9096,742563.8358,126.8366242,1165,1631.006161
53235858,8,7600,67000033,248393.8055,742320.2333,353.0380707,4973,6962.040587
53235865,5,7600,67000034,247930.3594,742751.791,281.6073914,4843,6780.517023
51956189,5,7600,67000034,248001.0362,742706.8723,349.8144074,4857,6799.133877
51957145,4,7300,67000015,251030.825,742590.2165,127.6531067,1146,1604.745861
65282940,7,7600,67000033,248700.8504,742566.7612,1443.724472,4837,6771.943286
51957228,10,7600,67000032,248408.3433,742823.1218,1289.063828,4656,6518.906317
65282941,7,7600,67000034,247935.3,742817,272.6505432,4728,6619.422319
51957508,5,7600,67000033,248869.6713,742386.8985,194.2719574,4722,6611.461885
53236108,6,6520,67000014,251369.7643,742550.8615,449.795578,1163,1627.941582
51957546,6,7600,67000036,247798.4777,743086.3338,343.5431061,4450,6230.175575
51957560,5,7600,67000034,247904.4331,742821.2261,174.6601563,4704,6585.960054
51957644,9,7600,67000033,248585.0366,742471.2366,476.3515472,4820,6748.674156
53236117,3,7600,67000031,249057.5261,742765.2633,259.3067627,4366,6112.286838
53236119,6,5900,67000014,251825.8557,741559.0778,3875.776489,1953,2734.664929
51957623,6,7600,67000034,247837.9907,742819.6401,422.4379273,4656,6518.982104
51957625,8,6512,67000032,248705.7026,742807.8587,2391.692993,4442,6218.841572
51957626,4,6520,67000033,248028.1919,742701.1947,331.7559815,4867,6813.623988
51957656,4,1000,67000033,248557.4349,742483.244,71.12275696,4755,6657.076584
51957078,14,7600,67000034,248251.3945,742472.7514,502.3840637,5038,7053.296625
53236023,6,6520,67000035,247239.795,742656.25,211.4599915,4950,6930.691379
51957091,5,7600,67000034,248171.1861,742384.9701,309.2290497,5137,7191.989859
51957106,6,6520,67000035,247136.6054,742703.2105,90.82429504,5065,7091.214046
51957111,7,7600,67000033,248720.9225,742340.7906,371.6761169,4841,6776.952953
51958136,25,6520,67000014,251551.9618,741788.9516,2518.622223,1742,2439.250554
51958089,10,7600,67000032,248338.2281,742828.2276,221.2031403,4707,6589.107822
51958109,4,6520,67000031,249068.7375,742645.8238,72.55000305,4408,6170.940173
51958411,4,6520,67000014,252204.2743,740955.5164,264.3126221,2461,3446.063866
51958491,5,7600,67000034,248092.2416,742540.1244,133.4332886,5019,7026.482222
51958524,6,6520,67000034,248342.3291,742337.4246,270.1600342,5012,7016.374187
51958547,9,7600,67000033,248763.4054,742646.9945,1302.229462,4510,6313.669504
53236295,6,5202,67000033,248359.3437,742660.7655,923.2052307,4791,6707.73359
51958633,6,6520,67000014,251493.4759,741668.0872,151.2408905,1863,2608.448417
51957977,6,6520,67000014,251454.6679,742317.082,388.6145477,1342,1878.877274
51959065,10,6520,67000035,247603.2241,742772.019,668.3260498,4623,6472.264841
51959067,3,7600,67000033,248419.9914,742586.8586,71.10357666,4783,6695.809742
51958086,14,7600,67000032,248469.7756,742814.7035,295.5605469,4648,6506.542738
51959042,6,7600,67000034,248062.5923,742539.8041,185.2528534,5030,7042.550844
51959348,5,5501,67000033,248216.7633,742588.97,185.5357971,4983,6976.684723
53236446,12,5740,67000032,248588.2792,742794.8295,690.9172821,4526,6335.756603
51959438,3,7600,67000033,248431.9998,742707.4378,61.03497314,4752,6652.37177
53236450,7,7600,67000031,249092.7296,742639.8547,188.525238,4474,6263.977595
51959457,9,7600,67000033,248634.3098,742656.2563,340.9213562,4614,6459.819488
51959513,12,7300,67000035,247725.5589,742567.3402,2803.519272,4833,6766.37892
51959487,7,7600,67000031,249082.2371,742710.0001,319.9040375,4395,6152.386114
51959521,9,7600,67000034,248382.4546,742406.3338,447.3022003,4950,6929.444164
51959540,4,6535,67000033,248658.2929,742406.9069,348.3347626,4870,6818.475516
51959594,8,7600,67000034,247774.463,742819.524,220.6304474,4586,6420.29422
53236349,4,7600,67000033,248870.9774,742272.9624,176.1654205,4777,6687.180043
51958920,10,7600,67000033,248272.7921,742829.5776,869.4047089,4752,6653.182747
53236359,4,5521,67000033,248502.7022,742651.5672,173.7155609,4809,6733.181113
51958947,6,7600,67000034,247818.4117,742647.3345,259.7881928,5110,7153.609472
51959996,5,7600,67000015,251260.1982,742646.1546,137.1876221,1004,1405.23864
51960027,9,6512,67000033,248065.2261,742819.0052,1948.599396,4779,6690.267465
51960318,7,5521,67000033,248471.3154,742546.1777,255.7625275,4766,6672.680239
51960321,7,7600,67000031,249033.9276,742760.5187,244.7974854,4351,6090.862394
51960510,4,5202,67000033,248242.1023,742766.7497,248.1187134,4819,6746.818574
51960436,5,5202,67000034,248112.6151,742470.1116,244.4251099,5113,7157.585328
51960452,4,7600,67000036,247715.9392,742828.5792,152.4625092,4629,6481.100271
51960480,6,7600,67000034,247961.5117,742706.5533,358.1528778,4894,6851.770299
51960493,7,7600,67000025,248988.2585,743525.2044,205.5661469,3304,4625.53761
51960494,10,7600,67000031,248402.7322,743798.2208,374.6944275,3370,4718.320377
53235770,6,7600,67000015,251102.3759,743190.2186,120.3954773,641,897.0108788
51960519,6,7600,67000031,249152.8586,742910.8148,283.0673676,4189,5865.288439
51959644,4,6520,67000036,247735.5782,743149.7127,372.4786072,4407,6170.395013
51959794,7,7600,67000033,248530.1371,742573.5626,461.1565552,4724,6613.783647
53235649,5,7600,67000033,248956.8392,742280.1666,168.000412,4715,6601.511122
51959894,9,7600,67000033,248701.8428,742641.9308,917.7057037,4621,6469.146926
51961065,8,7600,67000025,249252.7084,743291.7326,262.8371124,3525,4935.469511
51961129,4,7600,67000033,249025.7711,742369.9406,201.8051453,4644,6501.518463
53236807,9,7600,67000031,249080.2979,742532.2761,252.4741974,4489,6284.795207
51961479,13,7600,67000025,249611.4551,743150.6197,433.9105988,3063,4288.437528
51960583,8,7600,67000015,250908.2217,743150.08,267.51828,508,710.566186
51961949,23,6520,67000014,252094.0792,741033.8324,887.6347351,2447,3425.810551
51962416,12,6520,67000014,250921.5525,743350.0691,317.4386902,439,614.124094
51962453,5,7600,67000033,248822.3315,742261.6832,413.1871185,4812,6736.807794
53236821,5,6520,67000014,251613.3492,741657.1373,733.5306549,1796,2514.452702
51963374,10,6520,67000014,252162.3184,741019.4864,535.8117981,2430,3401.752597
51965258,8,6520,67000035,247236.7097,742696.3309,294.9760895,4942,6918.748845
51965260,7,7600,67000034,247941.8147,742463.8668,167.5125122,5185,7259.671302
51966196,13,7600,67000034,247942.9312,742639.6871,569.7671967,4972,6961.414347
52796530,5,7600,67000012,250393.4251,744443.8063,108.4235077,716,1002.587575
53386458,8,7600,67000014,251001.7674,744099.3743,208.2923889,532,744.402588
52808923,7,7600,67000014,250805.1443,743912.7814,261.9832153,294,411.1968717
65282256,4,7600,67000014,250311.1839,744108.5682,85.96166992,519,726.2136832
52965414,6,7600,67000025,249345.1426,743304.3872,237.0934296,3478,4869.389538
52965773,6,7600,67000031,248558.0441,743529.4099,115.1073303,4068,5695.725989
53416879,9,7600,67000025,249674.2542,743247.1543,158.190445,3058,4280.651588
52965822,6,6520,67000015,250232.812,743828.7003,637.841629,347,485.9173215
52964974,12,7600,67000021,249275.585,744359.3388,255.5423279,1644,2301.27187
53416896,6,7600,67000025,249365.823,743026.051,178.4934235,3951,5531.840631
52964977,9,7600,67000033,248621.2405,742564.9239,424.7106171,4809,6732.355483
52964981,3,7600,67000024,249543.0384,743448.3187,479.0940857,2548,3567.72829
52965251,12,7600,67000032,248362.8894,742871.1093,435.0407257,4690,6565.448671
53416789,8,7600,67000022,249606.705,744130.2965,642.0821838,1584,2217.449029
52965314,3,6520,67000032,248661.381,742854.3782,71.40136719,4471,6258.707888
52966271,9,7600,67000021,249269.2575,744434.1164,235.4006958,1593,2230.600392
53416979,10,7600,67000025,249284.0868,743209.3886,196.2861023,4275,5985.116839
52966720,10,6512,67000035,247368.491,742915.5821,735.7572937,4755,6657.356929
52966724,7,7600,67000034,248087.5996,742576.594,247.289505,4958,6941.634453
52966748,7,7600,67000023,249762.6049,744229.0816,154.9431763,1153,1613.767265
52966772,5,7600,67000012,250253.0345,744454.4705,210.2316742,817,1143.73374
52966185,8,7600,67000031,249076.0903,742559.0592,186.1562347,4494,6291.128401
52967712,8,7600,67000025,249433.5646,743300.0784,153.1134796,3421,4789.763092
65282322,7,7600,67000031,248877.4832,743255.1843,316.5519562,3996,5593.780401
52967794,4,7600,67000013,250588.2488,744441.0979,229.5358887,720,1007.425433
52968668,6,7600,67000011,249478.5751,744701.3547,273.4645386,1417,1983.53994
52972682,10,7600,67000025,249216.5209,743309.7227,153.7136231,3568,4994.852743
52973082,6,7600,67000022,249423.8076,744023.3782,204.8338165,1947,2726.475832
52976312,7,7600,67000031,248832.6536,743523.5008,168.0440064,3845,5383.663222
52985816,18,7600,67000011,249329.5266,745149.7657,391.5679474,1798,2516.873474
52986736,3,6520,67000033,248561.7609,742404.085,60.89212036,4801,6721.852111
52988070,8,7600,67000022,249407.3767,744079.8012,307.8883057,1908,2671.767278
52989050,14,7600,67000025,249569.775,743210.2345,450.5040131,3015,4220.376564
52991292,7,7600,67000015,250760.0058,743417.9619,166.2049866,286,400.6207938
52991355,6,7600,67000012,249796.8726,744553.2779,125.7189941,1130,1582.575872
52992631,4,5000,67000014,250725.537,744044.0923,135.1467285,366,512.7059688
52992683,6,7600,67000036,247707.403,742972.0302,303.1155701,4454,6235.797916
52992723,8,7600,67000013,250650.6036,744498.9124,149.8057404,706,988.7542692
52993023,7,7600,67000034,247794.8006,742659.4282,184.6845703,5128,7179.852327
52993088,6,5740,67000036,247655.7858,743265.3708,494.7064819,4198,5876.901856
52999889,10,7600,67000011,249769.4749,744817.2705,210.1191711,1320,1848.233353
53003292,12,5300,67000014,250963.3616,743991.5854,514.2045441,455,637.2874386
53003343,8,5521,67000012,250307.6297,744616.0364,235.0716858,948,1327.452536
53007104,6,7600,67000011,249550.9471,744927.7298,183.6216888,1590,2225.745963
53007501,10,7600,67000011,249027.1207,745340.6055,320.3198853,2046,2863.791703
65268138,5,5521,67000034,248386.3539,742430.5667,196.3208313,4932,6905.488316
53027848,17,7600,67000024,249951.3862,743286.885,587.3556519,2245,3143.06028
53029138,8,7600,67000025,248905.5761,743551.6605,267.134613,3349,4688.688329
53031368,8,6520,67000015,250339.8652,743682.6284,589.8921661,309,433.0631221
53031910,8,7600,67000015,250759.2276,742996.7226,140.7445221,982,1374.173718
53031618,4,7600,67000011,249647.8965,745106.0363,170.4901123,1551,2171.736804
53031708,20,7600,67000011,249328.6461,744695.473,503.1384277,1537,2152.393647
53427642,10,5000,67000033,248045.4499,742652.4185,191.835022,4908,6871.53023
53031767,15,7600,67000011,249686.8536,744898.07,741.3992157,1568,2195.750924
53033132,7,7600,67000021,249021.442,744397.6359,430.0119476,1846,2584.069495
53033186,7,7600,67000012,250253.6948,744409.8059,260.8049927,781,1092.853362
53428771,10,7600,67000025,248810.9498,743715.8617,310.6425018,3212,4496.438649
53033281,12,7600,67000015,250625.7729,743377.9872,334.9783936,460,644.6228145
53032524,7,7600,67000013,250496.7557,744183.9011,121.3800049,496,694.7499015
53428658,8,6520,67000037,247040.2609,743376.6269,6199.472244,5396,7554.018215
53032645,5,5300,67000023,249769.5617,744200.5226,174.8366394,1132,1584.818026
53032646,5,7600,67000036,247673.41,742903.8331,369.0924377,4513,6317.553631
53428673,8,7600,67000015,250714.0646,743095.4204,184.416214,1058,1481.73033
53032690,16,6520,67000014,250905.3048,744136.45,396.2915649,510,714.3160286
53032704,6,7600,67000036,248246.9607,742978.1298,160.2689819,4785,6699.235255
53032736,7,7600,67000033,248470.9395,742625.1819,340.1023102,4749,6648.634428
53032724,9,7600,67000031,248500.311,743864.9162,329.8732758,3289,4604.744372
53032758,6,7600,67000011,249435.2229,745323.8825,267.9477081,1752,2452.12375
53032763,4,5202,67000011,249158.1562,745029.478,249.1460877,1858,2600.625447
53033987,9,7600,67000031,248208.9128,743532.4096,232.2529755,3809,5332.711568
53034079,7,7600,67000015,250795.8785,742851.6803,189.2633667,1014,1419.786697
53034080,5,7600,67000036,248090.4372,743030.9848,450.2150726,4655,6516.742541
53034090,13,6520,67000014,251039.5741,744362.6337,1410.072098,720,1007.724764
53034096,6,7600,67000025,248975.6889,743539.8144,238.3650513,3373,4721.77767
53034139,4,6520,67000011,249486.5464,744574.145,82.50735474,1387,1942.271358
65282515,8,7600,67000012,250363.4313,744455.5491,233.1094666,783,1095.828939
53034144,12,5305,67000012,250227.2361,744602.9059,366.5824127,936,1310.884156
53034156,5,7600,67000014,250393.4866,743989.7784,321.5066681,450,629.5583606
53428945,8,7600,67000013,250532.855,744605.9781,212.985672,842,1178.268408
53034173,4,7600,67000015,249055.055,742429.905,148.2599945,4588,6423.776896
53034184,7,5900,67000012,250119.3747,744662.0222,473.7653809,1036,1449.90056
53033456,11,7600,67000011,249702.2691,744724.4395,173.3588867,1274,1783.658888
53033590,9,7600,67000025,249005.498,743340.1649,244.417038,3516,4921.941727
53428842,7,5521,67000022,249420.526,744175.8821,417.9020996,1642,2299.222636
53034849,6,7600,67000011,249607.458,745026.3272,304.4614716,1501,2100.791618
53035000,6,5310,67000012,250066.6482,744604.8701,125.3574829,1007,1409.985526
53034629,4,7600,67000022,249465.7328,743586.8482,144.1596069,2464,3449.690655
53034630,8,7300,67000035,247772.5268,742528.8143,856.0863648,4876,6827.033987
53037054,8,7600,67000024,249997.9365,743280.5232,207.016098,2257,3159.239532
53038137,7,7600,67000025,249325.1252,742985.6048,231.4183655,3921,5488.778257
53038458,11,7600,67000022,249060.3632,743757.97,303.7865295,2574,3603.780829
53038493,10,5253,67000021,249366.688,744305.2941,941.6711884,1576,2206.594674
53038507,15,5600,67000012,249952.7985,744655.4386,2179.03714,1127,1578.026358
53429875,10,7600,67000024,249641.6609,743702.2462,183.263031,2618,3665.068294
53039905,4,6520,67000014,251366.9556,742580.9657,391.0366058,1140,1595.500467
53041767,11,7600,67000022,249493.9585,743640.9234,261.7866974,2448,3427.289976
53045299,10,7600,67000013,250808.0071,744538.6801,273.3019867,783,1095.972657
53055896,24,7600,67000011,249350.7458,745199.3734,422.6792297,1801,2520.817644
53433879,9,7600,67000013,250809.6256,744276.0258,257.5989227,632,884.6381639
53066688,8,6520,67000037,246952.2688,743322.8055,2202.07869,5419,7586.641185
53069054,5,7300,67000035,247229.605,742804.845,761.0140991,4947,6925.342424
53070496,11,7600,67000011,249569.3861,745069.7932,456.0125732,1556,2179.073362
53071115,14,6512,67000014,250914.1863,743887.295,543.4169617,307,429.1170918
53072320,6,7600,67000022,249411.9295,743615.0185,351.2662354,2421,3390.068367
53072505,5,7600,67000013,250453.6952,744336.2381,106.9524841,628,879.6463654
53435921,9,7600,67000011,249768.2114,745067.3671,229.1010895,1495,2093.182765
53073509,9,7600,67000025,248912.9668,743526.8856,232.8315582,3367,4714.28781
53073000,8,7600,67000011,249482.2022,745062.6389,161.0906372,1644,2301.749173
53075975,10,7600,67000022,249466.1356,743657.0073,100.7062378,2425,3395.157827
53076294,5,7600,67000036,247993.3742,743037.4224,251.5441742,4621,6469.245318
53076352,5,7600,67000036,247884.1276,743052.9353,265.5908051,4494,6291.186564
53436602,10,5000,67000021,250251.155,744203.365,328.8699951,664,929.644003
53076662,10,7600,67000021,249681.6881,744527.686,234.6025391,1229,1720.973149
53436520,9,7600,67000014,250544.7314,744072.2788,291.1632538,390,545.9546803
53077907,11,6535,67000013,250767.9254,744278.6115,354.6103821,602,842.7465291
53077939,5,6520,67000015,250377.5603,743503.5092,107.9123535,308,431.7280689
53077610,14,7600,67000021,249357.4642,744436.5464,291.1118622,1575,2205.571174
53077622,25,7600,67000013,250628.8257,744586.2158,598.3224335,781,1092.775019
53079901,3,5521,67000034,248106.847,742456.0615,175.2400055,5113,7158.888177
65282710,4,7600,67000033,248306.9792,742624.6736,471.4446869,4865,6811.597406
53081772,6,7600,67000036,248192.4098,743036.4779,218.2374573,4725,6614.943952
53082543,15,7600,67000015,249982.317,743771.5826,419.2000885,970,1357.840921
53083514,5,7600,67000036,247870.1702,743111.4956,375.2353668,4508,6311.852498
53083696,7,5521,67000033,248587.2594,742578.3856,145.1704865,4685,6558.512307
53084603,7,7600,67000031,249085.051,742979.0901,193.5623932,4245,5943.346529
53084293,3,7600,67000011,249430.4627,744976.5697,53.97579956,1661,2325.262164
53086786,5,7600,67000036,247670.906,742959.0888,317.6812592,4442,6218.31565
53089735,4,7600,67000033,248750.3335,742255.9297,214.0771484,4863,6808.064926
53438975,8,7600,67000031,248333.2886,743579.5623,314.2319641,3587,5021.415273
53091376,9,7600,67000012,250193.0471,744479.9311,322.9754639,860,1204.671783
53091382,4,5521,67000033,248466.855,742793.88,221.2099915,4662,6527.294601
53090862,7,7600,67000031,248758.3243,743488.5789,145.7627258,3926,5496.310183
53090895,6,6520,67000014,250960.2902,744415.9451,260.0385284,770,1077.99466
53092279,6,7600,67000025,249257.8853,743077.7926,194.2143097,3974,5563.217663
53092363,8,7600,67000013,250743.8774,744391.0034,297.5801849,680,952.1830805
53439325,8,7600,67000013,250687.6876,744480.9433,260.3481293,693,970.4214891
53093017,6,7600,67000025,249166.1042,743162.3014,243.0579681,4059,5682.87375
53093018,5,7600,67000015,250884.6767,743343.5078,235.7166596,409,572.8594931
53094931,6,7600,67000034,247812.3356,742818.8605,170.0227356,4638,6493.309089
53094512,17,7600,67000011,249683.805,745027.215,255.2398987,1480,2071.452797
53094518,4,5305,67000011,249250.3349,744988.0794,245.4090881,1798,2517.087496
53095444,10,7600,67000031,249129.2973,742720.6992,216.2721558,4413,6177.918557
53096443,6,7600,67000021,249731.6938,744472.5499,142.5245514,1200,1679.313938
53097428,5,7600,67000036,248240.5699,742946.3613,313.7073364,4767,6673.76617
53098999,12,7600,67000015,250598.8955,743417.7632,185.0556641,476,666.1944223
53099018,11,7600,67000025,249310.125,743411.9798,433.1900482,2776,3886.015788
53439591,9,7600,67000022,249558.0672,743893.6708,309.1598816,2243,3140.568537
53105084,3,5521,67000033,248541.8319,742603.677,298.5205994,4697,6575.592559
53109261,15,7600,67000011,249452.3028,745505.5021,268.8341827,2038,2852.977836
53110005,7,7600,67000036,247969.4946,743160.4498,299.534729,4544,6362.284237
53111070,9,7600,67000015,250511.7711,743379.0356,383.0938568,572,801.2019265
53110648,7,7600,67000011,249399.4783,744731.0863,296.2279816,1435,2008.80082
53443024,7,7600,67000033,248795.2069,742260.36,364.1949158,4831,6763.919721
53121411,10,6520,67000015,250847.1412,743448.9253,1300.704102,347,485.9221851
53121674,6,7600,67000013,250598.2904,744682.4833,151.6308746,869,1216.316305
53122893,8,7600,67000025,248965.9949,743556.572,284.7412872,3359,4702.515897
53124337,7,7600,67000025,248957.5006,743575.2483,174.4338532,3344,4681.98862
53124428,7,7600,67000021,249302.3713,744469.3026,169.7550049,1562,2186.63343
53126713,17,7600,67000015,249892.2752,744261.4746,429.1555023,949,1329.187587
53129554,12,7600,67000024,249639.0998,743323.9798,178.3900147,3021,4229.874329
53129269,5,7600,67000022,249401.818,744105.3072,290.2141113,1850,2589.424821
53129401,4,7600,67000033,248711.2938,742369.6079,158.5172272,4825,6754.415813
53446024,11,7600,67000032,248598.7918,742871.1858,402.106247,4485,6278.414826
53133923,6,7600,67000031,249107.384,742597.717,193.2099152,4478,6269.580786
53135023,6,7501,67000032,248429.827,743219.8899,216.4277496,5032,7045.454832
53135054,7,7600,67000031,249100.6678,742654.1574,204.4080048,4458,6241.447284
53137483,4,6520,67000035,247551.8328,742596.5392,108.6132965,4752,6652.613815
53148254,15,7600,67000021,249378.4548,744387.3609,313.1089478,1517,2124.24721
53148199,5,5500,67000014,250902.9192,743448.797,533.872345,393,550.4993052
53147786,7,7600,67000031,248734.1384,743613.8192,409.4201508,3717,5203.818007
53149179,4,6520,67000036,247717.6901,743161.9037,644.8446198,4409,6172.166582
53148750,4,5305,67000033,248159.447,742645.5217,195.5783539,4951,6930.87647
53449087,13,6520,67000015,250285.4994,743671.5171,921.2324677,292,408.5232948
53148898,6,7501,67000036,247848.4189,743559.1415,100.4524536,3884,5438.029919
53449316,10,7600,67000024,249763.4989,743391.0196,188.9632263,2408,3371.059559
53149642,8,7600,67000012,249867.3063,744501.8925,299.2349396,1003,1403.896344
53149657,10,5501,67000021,249819.267,744485.8002,226.4028931,1171,1640.03319
53149679,9,7600,67000011,249314.796,745307.1262,158.7524872,1875,2624.660909
53149709,11,7600,67000025,249536.5832,743373.1643,205.3050079,2940,4116.229816
53449240,7,7600,67000025,249039.6702,743266.6075,102.3129883,3574,5003.01154
53149815,7,7600,67000011,249554.1964,744857.4098,123.5853882,1546,2164.166571
53151418,3,7600,67000033,248932.3854,742434.1696,60.739151,4645,6502.656926
53150540,11,5521,67000036,248065.2901,742979.3538,286.2047272,4681,6553.02652
53150636,8,7600,67000011,249576.2484,745170.1354,210.8112793,1593,2230.234665
53150645,5,7600,67000012,250468.0538,744467.0603,114.7278442,783,1096.509119
53150654,3,1000,67000021,249472.1512,744458.9541,40.50485229,1450,2030.620151
53150685,12,7600,67000012,250055.1852,744617.4826,99.21380615,1030,1441.982899
53150732,9,5900,67000014,250955.0126,743305.9368,1121.806107,479,671.0840384
53151904,10,7600,67000011,249837.041,744906.049,268.141037,1360,1903.396915
53152184,15,5525,67000014,251131.7429,743790.3015,2044.365799,429,601.2912219
53154123,4,5501,67000022,249369.6658,744117.4358,81.32513428,1877,2627.51711
53154168,12,7600,67000025,249030.0289,743694.6166,292.6059876,2779,3890.840351
53450027,13,7600,67000021,249395.4694,744364.0225,262.0311279,1530,2142.347957
53449872,12,7600,67000025,248929.85,743883.7053,496.9904022,2782,3894.322551
53154726,4,5740,67000034,248222.5,742451.25,98.28540039,5046,7063.945725
53154727,3,7600,67000025,249603.6708,743260.6165,186.4135284,3015,4220.513343
53155092,10,7600,67000022,249345.1046,743682.9799,740.5458984,2331,3263.016123
53155096,12,7600,67000025,249484.25,743344.8942,305.8165894,2905,4067.506836
53155140,7,5501,67000025,248864.2208,743618.7921,294.2215424,3291,4607.124236
53450267,4,7600,67000033,248941.0733,742273.5358,175.468277,4727,6618.034748
53157402,7,7600,67000014,250419.4148,744181.1255,219.6900787,561,785.0119245
53161999,8,1000,67000014,251567.6653,741660.009,185.9258118,1842,2579.318746
53162467,16,7600,67000011,249454.7898,745487.6919,317.5177307,2052,2873.455925
53174803,11,5601,67000015,249896.2781,743085.1604,650.6473846,2263,3168.390125
53174806,7,7600,67000025,249023.1941,743300.2278,181.8663025,3547,4965.578447
53174315,8,7600,67000036,247725.0714,743465.6461,232.6321564,4023,5632.109255
53174319,7,6520,67000014,250912.1716,743368.838,364.9149475,403,564.0148937
53175650,8,7600,67000036,247861.1752,743307.0686,315.1544342,4366,6112.274771
53175170,12,7600,67000024,249600.5517,743573.3099,191.4420929,2553,3574.051496
53177328,4,7600,67000034,248215.5866,742394.0428,374.5720367,5112,7156.700696
53178070,8,7600,67000036,247977.0447,742916.3621,363.3585663,4611,6455.949774
53453979,6,7600,67000024,250002.0096,743228.7762,199.4138794,2194,3072.051048
65051974,7,7600,67000013,250609.7558,744329.4528,221.5146179,619,866.9481662
65282397,9,7600,67000031,248514.5686,743783.8934,136.8086243,3374,4723.200808
65282402,8,7600,67000031,248145.0407,743524.0609,95.03849792,3764,5268.967621
65282410,7,7600,67000036,247809.9946,743302.0313,265.1332855,4379,6130.931846
65282412,3,7600,67000036,247970.3599,743010.3344,50.04827881,4550,6370.371438
65282447,4,7600,67000036,247997.6957,743138.9202,138.2027893,4564,6389.353969
65282448,7,7600,67000036,248176.7931,743053.9648,177.5261231,4708,6591.188058
65282450,12,7300,67000035,247109.83,742962.7544,1369.581177,4955,6937.096332
65282451,8,6520,67000035,247063.4678,742962.0236,544.7983398,5037,7051.951147
65282453,4,6520,67000037,247009.5392,743287.6821,170.6282349,5323,7451.579165
65282461,4,6520,67000014,251456.2825,741731.9058,147.8396759,1810,2533.740301
65282471,8,7600,67000036,248119.2629,743224.4697,104.1115418,4590,6425.405952
65282519,10,7600,67000031,248311.1313,743514.5722,204.1206207,3884,5436.999511
65282520,10,7600,67000031,248286.8828,743512.0954,137.719101,3865,5411.104253
65282522,9,7600,67000031,248364.8373,743519.1967,221.6639099,3922,5491.176235
65282537,1,7501,67000025,248784.7934,744065.0662,103.9925232,3227,4518.095373
65282539,4,7600,67000022,249433.5551,743982.7873,54.8475647,2116,2961.724463
65282540,24,7600,67000021,249194.5288,744250.2782,319.4931641,1789,2504.406388
65282542,5,7600,67000024,249682.3796,743761.1909,328.0119782,2649,3708.689292
65282582,11,7600,67000024,249705.1613,743735.2349,174.3440857,2625,3674.826372
65282588,18,7600,67000024,249642.389,743650.2381,142.8957672,2592,3628.614195
65282590,17,7600,67000024,249657.5034,743635.3222,159.0316773,2577,3607.374622
65282591,17,7600,67000024,249670.931,743621.4976,167.1383667,2563,3588.109362
65282593,18,7600,67000024,249699.5847,743594.0363,133.2896576,2534,3548.047774
65282594,10,7600,67000024,249701.8964,743646.6719,214.8611603,2559,3583.095593
65282595,4,7600,67000024,249728.0279,743655.0072,229.0020905,2574,3603.076631
65282596,8,7600,67000024,249716.618,743664.7049,133.896225,2584,3618.033686
65282597,4,7600,67000024,249707.7071,743680.4163,136.4470978,2597,3635.231025
65282598,7,7600,67000024,249695.3171,743686.4735,130.2263947,2606,3648.440473
65282600,16,7600,67000024,249700.8438,743355.2967,166.1013947,2680,3752.420687
51959477,6,7600,67000034,247961.0285,742755.2279,172.5627136,4847,6785.299144
51958919,6,7600,67000034,247876.505,742813.2705,439.0127258,4684,6557.571216
53235748,6,5305,67000033,248358.0089,742586.5375,244.9268036,4827,6757.403521
65282185,6,7600,67000033,248251.5754,742631.9953,426.1901703,4898,6857.672098
52964550,7,7600,67000011,249501.6539,744747.0626,238.138794,1458,2041.860927
72618028,9,6520,67000015,250433.0504,743527.9374,531.1693115,292,408.9502373
52994737,8,7600,67000025,249066.7413,743205.4313,324.2315369,3800,5319.34791
53033535,7,7600,67000031,249038.7789,743039.5465,260.7444916,3956,5538.867606
53092305,11,7600,67000025,249528.7725,743426.7402,304.8084564,2702,3782.460022
53137096,4,5521,67000033,248594.4469,742421.4539,347.2423859,4863,6807.968587
53149664,16,7600,67000012,250507.0197,744649.253,535.3429871,926,1296.44146
53448774,6,7600,67000036,247763.2723,743076.3598,305.8896332,4378,6129.552596
65282663,6,1000,67000024,249897.7247,743157.8637,108.1400757,2313,3237.524201
65282722,4,1000,67000033,248488.3511,742647.073,150.3373566,4809,6733.181113
65282910,4,1000,67000011,249432.5007,745100.8231,427.6625214,1676,2345.709511
65282911,9,1000,67000011,249408.6916,745110.2189,443.4962769,1746,2443.756697
65282921,12,1000,67000011,249735.4726,745025.8345,181.6604614,1538,2152.913478
65282236,7,1000,67000015,251058.3321,743130.5137,370.996933,687,961.9613021
65282363,3,1000,67000011,249141.7844,745084.7469,85.86932373,1847,2585.80322
65282364,4,1000,67000011,249122.1761,745030.2393,125.6785584,1858,2600.625447
65282420,7,1000,67000031,248451.646,743477.2385,198.1711121,4032,5644.168391
65282436,3,1000,67000025,249650.2511,743159.943,96.31808472,3074,4302.970441
65282479,9,1000,67000014,250777.0561,744076.286,178.6047974,456,638.0553277
65282613,9,1000,67000031,248068.8742,743700.7446,154.7818146,3638,5093.53809
65282618,4,1000,67000021,248925.1252,744676.9704,280.4038696,2234,3128.011681
65269885,4,5202,67000022,249336.8494,744084.3542,23.2191925,2015,2821.000772
51662859,9,1000,67000024,250098.0373,743207.9531,2624.068817,1970,2758.066891
65586099,3,1000,67000012,250292.037,744846.69,228.0007172,1279,1791.039147
65604365,5,1000,67000032,248347.1945,743275.3154,57.76002502,4734,6627.664454
65604367,4,1000,67000032,248355.7328,743282.2659,62.64002991,4741,6637.223259
65604368,4,1000,67000032,248369.0512,743285.2028,64.80020142,4751,6651.039038
65604369,4,1000,67000032,248383.2819,743286.7167,56.16070557,5171,7238.744261
65605193,3,1000,67000025,248661.2436,743950.8763,75.67953491,3147,4406.435366
66144415,4,1000,67000031,248225.096,743434.3658,442.021759,4201,5882.051747
66147275,4,1000,67000032,248346.4699,743202.7694,100.9183044,5003,7004.456011
66218671,5,1000,67000025,249228.5799,743684.7319,322.6182404,2453,3434.641289
66217272,5,1000,67000024,249830.3599,743220.1315,77.2049408,2564,3589.724557
65282930,13,7600,67000012,250387.0717,744539.7341,126.8206024,805,1127.240466
65282935,14,7600,67000012,250258.7356,744604.3013,68.51049805,926,1297.026182
65282233,8,7600,67000015,250665.5427,743077.7386,76.80236816,1097,1535.886811
65282235,8,7600,67000015,250855.5003,743080.5564,153.7230988,744,1041.453186
65282240,8,7600,67000014,251077.6765,744197.9776,293.6182556,594,832.1452485
65282307,9,7600,67000011,249335.0046,745414.9921,72.84428406,1847,2585.768334
72618024,9,7600,67000011,249361.9754,744818.6969,398.2064056,1539,2154.177377
65282485,7,7600,67000014,250890.8528,744109.7005,188.0063324,464,649.0591033
68377340,8,7600,67000031,248738.729,743368.7211,68.41325378,3951,5531.628514
65605339,20,7600,67000021,248963.6189,744335.7097,272.3201141,2428,3398.649997
66149961,8,7600,67000036,247920.7211,743579.3878,177.9289703,3778,5288.603296
66132476,7,7600,67000037,247595.8959,743639.3802,257.4759064,4014,5619.463564
66149966,22,7600,67000037,247470.2972,743135.4431,446.8279266,4914,6879.933891
66152831,20,7600,67000037,247439.0102,743146.6645,405.8542175,4915,6880.42771
66144123,21,7600,67000037,247407.5814,743131.4834,486.8328705,4915,6880.42771
66147010,19,7600,67000037,247392.6106,743164.4093,412.0108643,4972,6961.309468
66141325,19,7600,67000037,247363.1203,743174.3849,434.3010254,4973,6962.128019
66141326,22,7600,67000037,247338.0663,743153.4471,419.0641785,5012,7016.822827
66150245,18,7600,67000031,248386.1984,743464.7565,53.379776,4096,5733.978542
65282602,13,7600,67000024,249671.2341,743381.3075,158.054596,2708,3791.397493
65282607,4,7600,67000033,248803.7991,742333.9597,153.292038,4819,6747.077049
65282647,6,7600,67000033,248908.0609,742325.9049,207.5990753,4770,6677.752873
65282656,3,7600,67000022,249344.1579,743883.723,115.9926453,2239,3134.85384
65282667,20,6520,67000014,250307.754,744025.0582,10636.32523,423,592.1017532
65282668,7,7600,67000034,247957.0497,742449.1263,192.4741669,5171,7238.781109
65282669,4,7600,67000034,248011.1778,742457.2085,156.4246521,5142,7198.657964
65282670,4,7600,67000034,247993.038,742467.7032,167.2102051,5157,7219.55128
65282671,6,7600,67000034,247976.8983,742479.6805,150.77211,5171,7239.629774
65282712,4,7600,67000036,248023.8374,742870.5421,239.3738403,4624,6473.744834
65282713,3,7600,67000036,248026.415,742846.6497,55.6025238,4805,6726.594127
65282725,7,7501,67000032,248467.4718,743191.0277,643.149704,5029,7041.018683
65282732,4,7600,67000034,248304.5712,742354.4666,149.3415985,5041,7057.695766
65282771,10,5501,67000014,250604.6664,743527.3375,145.8353729,258,361.3027475
65282773,10,7600,67000014,250773.0429,743552.4254,403.5889435,234,327.7465566
65282774,5,6520,67000014,250991.1548,743461.8169,230.3106384,485,679.5087354
65282776,6,6520,67000014,250824.4279,743745.2994,62.50666809,167,233.4603927
65282777,6,6520,67000014,250808.8799,743741.1815,208.1260986,153,214.2563758
65282778,7,6520,67000014,250785.0029,743737.1634,190.8622284,136,190.0496256
65282779,24,6520,67000014,250700.7685,743880.1312,420.940033,217,303.2471349
65282780,8,6520,67000014,250523.364,743931.2547,965.2300568,318,445.1463418
65282784,3,7600,67000014,250297.8431,744110.7737,59.19992065,509,713.0483539
65282785,6,6520,67000013,250448.3969,744218.6935,165.3515625,539,754.5822743
65282791,3,6520,67000014,250855.9772,744025.7469,318.4940186,403,563.5735896
65282792,5,6520,67000014,251109.8026,744016.6264,231.2183685,583,816.5976393
65282895,6,6520,67000017,249842.437,745618.8819,42.91096497,1909,2672.981995
65282898,6,1000,67000017,249877.9957,745622.1536,123.6094666,1935,2708.747526
65282914,7,7600,67000011,249395.6172,745023.0637,224.1907349,1719,2406.641336
65282925,16,7600,67000013,250768.62,744570.3288,296.0114899,857,1200.215809
65282929,3,7600,67000012,250390.8622,744550.7562,65.52523804,1011,1415.477236
65282932,4,7600,67000012,250493.3131,744557.2451,126.5207367,858,1201.044925
65282036,6,7600,67000012,249876.4149,744521.8228,63.30744934,1021,1428.992664
65282037,3,7600,67000021,249260.4446,744573.9332,73.50315857,1524,2134.287667
65282038,7,7600,67000021,249183.8708,744550.8814,196.5852509,1613,2258.259464
65282050,8,7300,67000015,251048.2062,742587.8594,215.1615295,1146,1604.745861
65282099,3,6520,67000014,251112.3578,744002.6565,156.0903626,593,830.7611048
65282218,4,6520,67000014,251406.1173,742451.174,739.9732971,1223,1712.859447
65282219,3,6520,67000014,251418.1783,742466.4822,208.062561,1231,1723.888424
65282220,3,6520,67000014,251359.6787,742589.9813,156.0112763,1132,1584.98591
65282221,7,7300,67000015,251038.1941,742589.4419,123.9056244,1146,1604.745861
65282227,6,6520,67000014,251174.2697,743799.9308,365.4527283,443,619.5937109
65282228,6,6520,67000014,251157.5802,743818.4304,107.810257,411,575.0088244
65282229,6,6520,67000014,251159.8538,743804.0025,87.80924988,438,613.3838948
65282230,3,7600,67000015,250759.0437,742961.9126,65.65238953,1100,1539.307239
65282239,4,6520,67000014,250667.8786,743847.306,50.37384033,175,245.1362557
65282286,8,5305,67000012,250286.4056,744470.6962,258.0916748,803,1123.635186
65282287,7,5305,67000012,250319.0727,744474.1009,137.7012634,801,1120.982133
65282288,22,7600,67000012,250381.844,744698.3359,533.6757202,928,1299.023087
65282291,25,7600,67000013,250642.9967,744559.447,240.8153229,768,1075.521701
65282296,27,7600,67000012,250464.8621,744832.9268,557.0777588,1007,1409.593425
65282297,27,7600,67000012,250500.7001,744817.1665,665.7285614,1088,1522.829228
65282301,4,6520,67000017,249858.2451,745633.8026,57.91040039,1918,2684.7647
65282302,25,7600,67000011,249338.383,745175.1791,445.5742493,1820,2547.995455
65282304,22,7600,67000011,249055.4142,745296.8597,524.0358582,2057,2879.731407
65282305,19,7600,67000011,249022.8029,745283.9644,502.4875183,2069,2895.912194
65282306,12,7600,67000011,249294.023,745304.1994,572.9401245,1860,2603.746822
65282366,11,7600,67000021,249082.9707,744347.7248,532.9267578,1850,2589.490516
65282370,9,7600,67000022,249548.9489,743659.73,188.5460968,2475,3465.076136
65282371,7,7600,67000022,249480.5273,743553.8246,218.4725037,2470,3458.077532
65282372,7,7600,67000022,249490.2031,743572.3657,174.7093506,2887,4041.992686
65282373,7,7600,67000022,249504.7252,743587.8307,163.6051941,2887,4041.992686
65282374,7,7600,67000022,249511.6559,743606.963,286.6278076,2497,3495.312342
65282416,5,7600,67000031,248495.2706,743517.2022,215.3710022,4012,5617.150267
65282418,7,7600,67000031,248443.2338,743525.1389,272.7843628,3978,5568.950162
65282419,6,7600,67000031,248413.3117,743523.9171,248.2690125,3978,5569.434107
65282437,4,7600,67000031,248987.1711,743051.4604,95.31929016,4178,5849.354255
65282439,5,7600,67000031,249042.9732,742998.2751,50.54025269,4251,5951.096094
65282484,4,7600,67000015,250867.5838,743306.519,277.4188232,397,555.4724579
65282552,10,7600,67000033,248897.0773,742424.7544,768.8071747,4702,6582.532078
72618026,3,7600,67000033,248727.4703,742400.6884,71.38224792,4811,6734.930994
65282560,3,7600,67000033,248791.2882,742375.0464,83.26594543,4787,6701.629478
65282562,16,6520,67000035,247533.8005,742640.4048,1972.835938,4722,6610.223069
65282564,3,7600,67000036,247805.2896,742905.4488,110.4676666,4524,6332.960003
65282566,12,7300,67000035,247189.9771,742924.3668,1258.953674,4892,6848.355785
65282567,7,7300,67000035,247229.9382,742978.1605,133.3165131,4881,6833.385949
65282568,3,7300,67000035,247216.4514,742999.3963,197.2496033,4896,6853.719086
65282611,3,7300,67000035,247203.7497,742992.7368,169.0877533,4906,6868.871313
65282865,5,6520,67000017,249540.1378,745426.4432,99.72888184,2106,2948.145445
72618027,4,1000,67000012,249708.6272,744551.1914,156.7918854,1213,1697.803469
65269914,0,6600,67000013,250747.4987,744409.0173,25.45431519,693,970.2153228
51663094,37,6530,67000014,251041.5429,743587.6606,4592.201904,392,548.8690283
51663257,37,5900,67000014,251165.8865,743527.5373,3479.717865,534,747.5822973
65585440,4,6520,67000015,250342.6518,743608.3571,113.7408752,352,492.3308756
65585443,6,6520,67000014,251205.5215,743639.4277,197.2829895,539,755.0324684
65585647,13,6520,67000014,250747.8485,743727.2466,888.4076386,130,181.6192281
65585652,5,6520,67000014,251085.7135,743922.9592,263.2381897,378,529.140854
65585657,4,6520,67000015,250012.5829,744149.8233,51.67971802,595,832.7758992
65585882,5,6520,67000012,250131.7451,744611.7418,43.99972534,978,1369.865419
65603769,4,7600,67000033,248721.2365,742287.9337,117.1954498,4887,6841.670096
65603780,3,7600,67000033,248529.5979,742417.191,51.6697998,4797,6715.934227
65603781,3,6520,67000033,248613.7698,742412.8035,96.51142883,4868,6815.389343
65604164,12,6520,67000035,247450.3623,742905.1237,642.5177765,4698,6577.521057
65605184,4,7600,67000022,249527.6529,743835.7019,53.76060486,2244,3141.60405
65605338,14,7600,67000021,249133.5951,744326.1089,499.8410492,1782,2495.254907
68377345,30,7600,67000011,249016.4631,745034.7899,407.4897156,2053,2874.148568
65602388,13,7600,67000011,248985.7795,745057.2332,614.5615082,2035,2849.081511
65602391,38,7600,67000011,248901.2783,745118.4699,661.5652771,2023,2831.667942
65602558,4,7600,67000011,249380.4796,745466.5347,102.9429016,1883,2636.746019
66147004,8,7600,67000031,248060.695,743568.7695,322.8851013,3748,5247.692935
66132467,7,7600,67000031,248039.0584,743574.2689,224.3914642,3736,5230.461664
66152826,7,7600,67000031,248174.4265,743603.9889,233.8292084,3671,5139.964314
66147005,8,7600,67000031,248125.1258,743606.4199,322.5619354,3793,5310.742697
66149959,10,7600,67000031,248062.8469,743603.3719,282.4629517,3745,5243.313218
66149960,8,7600,67000037,247962.7469,743634.6179,332.4928284,3738,5233.35887
66132469,11,7600,67000031,247983.6931,743601.1121,166.4320526,3731,5223.59296
66138384,11,7600,67000036,247940.5891,743585.4399,145.0155335,3763,5268.717861
66152829,8,7600,67000036,247905.265,743575.3845,119.3837128,3789,5304.559849
66138385,7,7600,67000036,247885.1205,743570.6852,248.2698975,3855,5396.71349
66152830,8,7600,67000036,247813.6615,743562.9158,122.2123566,3853,5393.621379
66141320,9,7600,67000036,247795.7586,743544.5607,126.8691406,3981,5573.127707
66149962,11,7600,67000036,247828.801,743544.2031,154.0103302,3956,5539.006315
66135443,9,7600,67000037,247802.078,743601.061,315.7776642,3860,5404.011251
66138386,7,7600,67000037,247777.8179,743602.6402,168.4424896,3878,5429.546565
66149963,7,7600,67000036,247756.6543,743548.3155,296.4728699,4010,5614.446935
66144122,8,7600,67000036,247694.5456,743579.7848,380.4246521,3935,5509.025104
66141322,7,7600,67000036,247636.6064,743587.6656,96.3440094,3976,5566.363599
66132472,14,7600,67000036,247595.7766,743581.8212,299.7891083,4129,5780.187473
66132473,8,7600,67000037,247653.5526,743622.7205,193.7233276,3971,5559.056692
66147009,7,7600,67000037,247633.6915,743628.605,171.512619,3986,5580.013933
66132474,4,7600,67000037,247614.269,743634.0007,154.8505096,4000,5600.164561
66149964,5,7600,67000037,247537.3216,743656.192,149.0396118,4057,5680.205067
66141323,7,7600,67000037,247554.3964,743651.2992,141.6367798,4045,5662.656677
66141324,7,7600,67000037,247531.7798,743600.5514,160.1756134,4176,5846.973307
66149965,8,7600,67000037,247496.8067,743627.7895,198.9616547,4082,5714.733614
66149967,20,7600,67000036,247560.3109,743115.1908,419.6894531,4867,6813.818009
66147011,20,7600,67000036,247534.8226,743171.7524,475.1278076,4903,6864.363445
66138390,20,7600,67000036,247563.7917,743234.0842,529.3663788,4904,6865.671722
66138391,20,7600,67000036,247542.9937,743295.283,519.4299316,4993,6989.80227
66147013,20,7600,67000036,247568.3731,743355.4008,506.9981537,5033,7045.891535
66141327,20,7600,67000037,247523.478,743411.6555,494.9394074,5030,7042.6599
66138392,20,7600,67000037,247193.3086,743239.496,527.2116394,5124,7173.305765
66152833,20,7600,67000037,247163.4675,743251.5978,463.875,5123,7172.214977
66135447,20,7600,67000037,247127.8884,743233.7101,564.1771851,5155,7217.594819
66147014,20,7600,67000037,247115.5823,743268.3649,567.9641419,5182,7254.733216
66135448,20,7600,67000037,247084.2473,743279.9887,588.2041168,5182,7254.442365
66132478,20,7600,67000037,247059.4796,743258.7014,474.9350281,5223,7312.797961
66135709,3,7600,67000031,248414.9141,743494.4324,56.28382874,3956,5538.872617
66219407,15,7600,67000011,249156.7747,745203.5059,623.526947,1939,2714.17658
66217991,21,7600,67000011,248934.3657,745122.1042,513.8958588,2023,2831.667942
66218670,10,7600,67000011,249586.7762,745118.6903,213.4986877,1560,2184.530247
66220076,4,1000,67000012,250264.885,744675.4968,81.92333984,989,1384.52528
66222087,4,7600,67000012,250347.3529,744704.3292,60.9200592,1034,1448.076328
66222088,5,7600,67000012,250358.954,744691.1571,120.2878113,1029,1440.098154
66221396,4,7600,67000015,250841.2291,743314.8225,58.09684753,380,531.5925273
66221397,4,7600,67000036,248163.2985,743053.4592,130.9545898,4696,6575.028493
65282672,6,7600,67000034,247958.7631,742492.5399,206.8845215,5187,7261.85304
65282926,30,7600,67000013,250778.7715,744467.6352,560.2495117,719,1006.309718
65282039,38,7600,67000011,248882.1147,745061.1673,398.6719055,2083,2916.046597
65282044,36,7600,67000011,248992.282,745255.3451,684.8104858,2022,2831.224931
65282295,36,7600,67000012,250463.9889,744780.2823,574.2638245,967,1353.54812
65282308,32,7600,67000011,248944.0829,745064.6111,571.0963593,2035,2849.081511
65282375,33,7600,67000021,249035.6557,744235.1912,457.8314819,1882,2635.20974
65282417,6,7600,67000031,248468.6099,743524.9028,242.5335388,3994,5591.996001
72618025,5,7600,67000033,248722.4431,742429.675,137.564682,4799,6718.337224
65585876,6,6520,67000014,250954.4195,744446.0313,404.8539581,792,1108.739039
65603783,4,7600,67000033,248713.1641,742419.1874,59.04858398,4808,6730.944628
66132475,5,7600,67000037,247575.6379,743645.8978,195.3486023,4029,5640.805598
66222086,35,7600,67000011,248964.14,745105.2542,544.9400024,2046,2864.71648
66220739,5,1000,67000014,250996.8528,744081.4599,81.05909729,518,724.8145497
66219433,11,1000,67000024,249715.8717,743820.6827,324.7892609,1781,2493.777627
66218716,4,1000,67000024,249848.2425,743139.0835,1352.826889,2320,3247.45733
67798007,6,1000,67000037,247385.0594,743319.0053,102.5090637,5121,7168.775677
67798008,6,1000,67000037,247378.3244,743301.5968,102.554718,5134,7187.325154
67798009,6,1000,67000037,247364.6452,743290.154,140.0382996,5145,7202.449972
67798010,6,1000,67000037,247378.6287,743284.5852,160.4445953,5145,7203.269612
67797936,5,5305,67000036,247938.7965,743160.3595,144.7338104,4546,6365.000061
67798888,6,1000,67000032,248334.1284,743221.6244,187.1417236,5023,7032.538312
67798243,6,1000,67000031,248708.8377,743259.6812,407.7381744,4253,5953.773444
66217276,8,7600,67000021,248967.4049,744465.573,286.8929749,2335,3268.356897
66220736,8,7600,67000021,248966.4953,744442.682,377.7655792,2351,3291.296195
66220737,20,7600,67000021,248958.7921,744261.4632,211.2054291,2481,3473.078443
66220087,9,7600,67000011,249490.1086,744756.0313,52.09628296,1461,2044.904864
66222102,20,7600,67000021,248957.4707,744131.2164,259.9008637,2572,3601.440309
66220750,12,7600,67000013,250649.4594,744178.9567,138.1243134,483,675.8289806
66220096,8,7600,67000031,248663.876,743546.0388,87.76950073,3853,5394.480787
66221414,12,7600,67000021,249245.8619,744571.5189,97.06097412,1535,2148.60384
66221431,6,7600,67000034,248257.8165,742566.9204,55.01098633,4911,6874.972653
67553537,12,7600,67000012,250416.1986,744583.9873,743.4714966,819,1146.90916
67798011,10,7600,67000036,247586.7455,743318.0483,57.51612854,5019,7026.377269
67798016,7,7600,67000037,247475.2506,743669.6314,190.2031403,4100,5739.710444
67798018,7,7600,67000037,247437.1575,743660.7893,159.8235016,4120,5767.760841
67798019,6,7600,67000037,247496.0127,743668.1384,186.2146149,4086,5720.259577
67797763,7,7600,67000037,247517.7754,743622.5736,186.4922791,4065,5690.463641
67797764,7,7600,67000037,247537.9318,743617.0552,192.4070435,4049,5668.703199
67797765,7,7600,67000037,247513.1414,743605.1888,183.4796295,4190,5866.157094
67797767,7,7600,67000036,247594.9014,743600.9052,156.5210724,4007,5609.553489
67797768,7,7600,67000036,247570.5991,743588.4977,231.8997803,4147,5806.345342
67797775,8,7600,67000036,247782.4905,743544.34,171.6928406,3991,5587.255815
67797789,6,7600,67000036,247890.1122,743179.1359,286.4783478,4520,6328.22812
67797935,5,7600,67000036,247915.6395,743174.3147,395.042511,4527,6338.396214
67797631,6,7600,67000033,248738.929,742252.1457,115.4408112,4863,6808.064926
67798830,6,7600,67000033,248378.434,742570.4251,71.5783844,4834,6767.512832
67798958,7,7600,67000031,249049.1014,743086.2261,52.15190125,3973,5561.737355
67798257,8,7600,67000022,249376.705,743584.8823,65.13916016,2397,3355.99762
67798266,10,7600,67000022,249615.7164,743736.6541,327.878006,2648,3707.796147
66218001,6,6520,67000035,247513.8335,742535.052,317.1101837,4783,6695.525887
66218678,4,6520,67000011,249549.245,745198.7973,138.7572632,1622,2271.283456
66221406,10,7501,67000021,248983.9604,744598.7632,420.0990906,2274,3184.19362
66219422,9,7600,67000021,249742.8099,744291.8681,167.0349884,1197,1675.857456
66220738,23,7600,67000021,249839.0535,744426.1677,336.4934845,1058,1480.932884
66218007,3,6520,67000014,251001.5685,744239.3714,43.86334229,648,907.3742562
66220740,23,7600,67000021,249343.5151,744482.4001,185.0735016,1547,2166.448854
66219424,6,5305,67000012,250303.9141,744481.5654,112.7673492,821,1148.746845
66218686,10,7300,67000035,247370.0413,742726.4122,1066.572342,4949,6928.857372
66218688,4,7600,67000033,248395.8306,742728.9041,60.10501099,4716,6603.032144
66217281,5,7600,67000011,249470.4068,744766.9084,191.184021,1462,2046.111004
66218692,3,7600,67000012,250004.2162,744756.39,58.61105347,1217,1703.885887
66219427,19,7600,67000012,249954.8253,744524.5705,341.1566925,982,1375.061639
66222113,3,6520,67000014,250482.748,743745.2346,156.1717224,271,379.8522315
72617893,4,1000,67000014,251177.4547,743689.7181,76.16171265,494,691.4617191
66220752,3,6520,67000014,250663.3629,743594.4895,193.2761993,209,292.642184
66218027,3,6520,67000015,250414.283,743598.558,64.10958862,314,439.2587839
66218028,3,7600,67000031,248694.598,743497.683,57.65426636,3891,5446.909746
66219434,3,7600,67000036,247694.4296,743307.0491,65.35984802,4235,5928.425417
66219435,4,7600,67000031,249195.6394,742806.0895,61.98191833,4086,5719.928206
66218703,3,6520,67000014,251064.7051,744271.9676,40.30410767,648,907.374256
66221418,3,7600,67000015,250503.0822,743414.5187,67.95617676,376,525.9424696
66217300,4,7600,67000033,248705.6934,742290.646,116.500061,4894,6851.819486
66220111,3,7600,67000015,250926.8781,743083.8879,60.76673889,559,782.7929161
66220117,3,7600,67000035,247683.1757,742817.6329,57.35006714,4653,6514.593253
66218042,3,7600,67000034,247798.5798,742714.8045,61.96968079,5168,7235.563179
66218723,4,7600,67000012,250300.2414,744286.845,76.57258606,662,926.9777638
67797993,4,7600,67000037,247479.3974,743190.918,53.52836609,4891,6846.844428
67797998,8,1000,67000036,247594.5042,743052.9382,541.6421204,4379,6131.163072
67798005,10,6520,67000035,247362.5281,742749.0435,120.0691223,4849,6788.714568
67798839,3,7600,67000032,248558.9936,742966.1404,61.39569092,4747,6645.367666
67798897,3,6520,67000031,248880.539,742958.8161,38.41438293,4321,6049.856782
67798899,6,7501,67000031,248846.1288,742973.8378,11.24133301,4425,6194.716005
67798900,6,7501,67000031,248842.1338,742970.11,10.74143982,4420,6188.674745
67798249,10,7501,67000032,248459.3718,743216.1328,49.96627808,5032,7045.454832
67797771,9,7600,67000037,247717.4926,743607.8014,145.4897614,3923,5492.122283
67797772,8,7600,67000036,247661.6851,743582.6961,227.8901825,3958,5541.247668
67797944,5,6520,67000035,247665.4578,742761.3739,241.8574371,4660,6523.6905
67798251,20,7600,67000032,248418.7184,743364.6802,312.0846863,4801,6720.955663
67798252,20,7600,67000032,248382.7762,743359.51,295.1911469,4776,6686.943397
67798253,20,7600,67000032,248348.0992,743352.0285,300.4325256,4749,6648.198813
67798859,24,7600,67000021,249154.7969,744181.8523,451.5704346,1835,2569.558713
67798915,30,7600,67000021,249225.9678,744493.7093,759.7379303,1653,2313.59961
67798924,20,7600,67000021,249130.7378,744583.8258,404.4859619,1620,2268.598179
67798932,6,7600,67000011,249518.9179,744922.1604,230.6479797,1592,2228.222651
67798977,18,7600,67000012,249868.452,744694.3087,313.1528626,1136,1589.710518
67798978,25,7600,67000012,249884.1146,744585.2607,644.3923492,1073,1501.64872
67798979,25,7600,67000012,249806.2211,744595.507,362.2650757,1099,1539.263462
67798313,10,7600,67000031,248103.0547,743607.4406,256.8673096,3668,5134.788917
67798323,6,7600,67000036,247889.3959,743553.4979,399.9898987,3930,5501.672875
67798325,10,7600,67000036,247813.763,743541.7887,204.2424164,3968,5554.679597
67836116,8,7600,67000012,250157.4456,744905.5384,458.3179474,1193,1670.878119
72617931,40,7600,67000011,249085.9595,745210.3945,523.0227356,1947,2726.298325
72617932,8,7600,67000021,248966.8748,744534.0706,305.3980408,2287,3201.122294
72616970,25,7600,67000012,249789.8372,744617.1076,664.5368042,1115,1561.685283
72616971,25,7600,67000012,249831.6944,744583.8843,380.8697815,1079,1510.202678
72616995,15,7600,67000011,249376.0191,745053.8447,325.1685028,1770,2477.306361
72616996,15,7600,67000011,249367.1984,745037.3317,295.0895386,1756,2458.604424
72616824,20,7600,67000021,248952.4993,744088.0496,289.6058655,2599,3639.188689
72616825,20,7600,67000021,248945.8848,744066.7767,305.1081085,2615,3661.395267
72616826,20,7600,67000025,248937.7796,744050.9258,143.4144592,2647,3706.122972
72616827,8,7600,67000021,248965.1838,744398.9861,407.501297,2382,3335.301375
72616890,9,7600,67000037,247741.8454,743604.6311,360.4913025,3905,5466.662221
72616893,8,7600,67000036,247658.4886,743565.0251,282.3592835,4081,5713.604124
72616894,40,7600,67000011,249056.4048,745202.6883,551.9720154,1955,2736.622511
72616895,43,7600,67000011,249024.4237,745201.8711,479.9728088,2003,2804.841993
72616896,30,7600,67000012,250339.6481,744937.3943,2016.332504,1894,2651.793194
72617067,28,7600,67000036,248011.9589,743388.6431,339.0890503,4357,6100.342161
72617076,25,7600,67000025,248895.3702,744340.5584,449.8999634,2452,3432.804485
72617077,25,7600,67000025,248894.8939,744371.6735,449.8999786,2406,3369.098429
72617078,25,7600,67000025,248894.8939,744309.9196,449.8999939,2452,3432.804485
72617079,25,7600,67000025,248902.1965,744402.3122,449.8999634,2406,3369.098429
72617080,28,7600,67000025,248892.5788,744259.6487,449.8999939,2509,3512.093388
72617081,32,7600,67000025,248892.9095,744229.2216,449.8999634,2509,3512.093388
72617082,35,7600,67000025,248892.248,744198.4637,449.8999786,2542,3559.278312
72617083,36,7600,67000025,248891.5865,744167.0444,449.8999786,2542,3559.278312
72617084,37,7600,67000025,248890.5943,744134.6329,449.8999634,2609,3652.204696
72617085,35,7600,67000025,248885.9913,744102.0579,478.230545,2609,3652.204696
72617087,8,7600,67000011,249338.0768,744831.2628,455.186203,1579,2210.041643
72617112,6,6520,67000014,250812.0298,743552.0726,1751.797455,270,377.4497104
72617115,6,7600,67000013,250497.8937,744421.6837,154.5926819,678,949.6164543
72617169,30,7600,67000015,249857.1457,743490.4513,527.6883087,2404,3365.100758
72617170,30,7600,67000015,249877.3879,743465.8264,495.6100311,2381,3333.214199
72617171,29,7600,67000015,249897.5488,743441.0953,497.2695313,2358,3301.298417
72617172,27,7600,67000015,249944.6157,743378.8005,603.6553955,2303,3224.830591
72617173,26,7600,67000015,249961.8432,743357.1138,515.4673157,2284,3197.156981
73088549,30,7600,67000021,248927.8856,744787.9015,709.1568756,2158,3020.633266
73088558,30,7600,67000021,249241.9213,744532.2729,366.6893768,1625,2274.336978
73088563,8,7600,67000021,248966.5424,744421.0154,327.2695618,2366,3312.985301
73088565,18,7600,67000021,249083.8853,744219.257,250.8782349,1897,2655.434105
73088588,30,7600,67000021,249119.2064,744103.1185,1038.095261,1967,2754.486942
67798017,7,7600,67000037,247455.6977,743665.9329,231.6073303,4110,5753.734261
67797766,6,7600,67000037,247474.6624,743615.6373,256.5184784,4166,5832.511605
67835716,7,1000,67000014,251552.4232,741610.633,636.8967285,1872,2620.209667
68377578,3,1000,67000015,249917.379,743105.7106,90.68693542,2111,2956.058523
72076122,15,2303,67000021,249534.2368,744360.1879,1939.646652,1463,2047.798799
67798984,13,7600,67000021,249858.5813,744487.0266,164.6286011,1015,1420.980515
67798272,12,7600,67000011,249567.352,744673.6703,54.0778656,1444,2021.155752
67798312,9,7600,67000031,248083.8606,743605.3467,270.693985,3764,5269.479506
67798319,8,7600,67000037,247933.7279,743622.4888,344.1389465,3761,5265.312289
67798320,8,7600,67000036,247954.341,743589.838,152.6204529,3753,5254.294154
67798321,8,7600,67000031,247971.435,743596.2051,152.766861,3741,5236.757997
67798436,18,7600,67000031,248349.1138,743461.5727,62.61502075,4120,5768.624273
67798439,9,7600,67000022,249469.7327,743645.8611,67.42378235,2431,3403.921328
67798489,11,7600,67000011,249492.8115,745159.1102,454.4303131,1682,2355.100948
67836122,11,7600,67000012,250353.3084,744697.6364,118.6018066,1030,1442.352738
67836124,11,7600,67000012,250328.0873,744387.76,611.491806,772,1080.342748
67835647,8,7600,67000013,250566.8217,744129.5626,73.15551758,433,606.7065429
67835667,6,7600,67000015,251139.8237,743130.1703,204.3634033,693,970.5573379
67835672,7,7600,67000015,250944.0936,743170.355,95.60847473,508,711.4252001
68377353,12,7600,67000021,249379.7287,744547.6588,266.6102142,1435,2008.809229
68377357,20,7600,67000021,248961.2894,744240.2885,353.3968658,2496,3494.249958
68377582,11,7600,67000022,249591.2712,743918.2277,99.24862671,1879,2631.083279
71735183,33,7600,67000011,248871.7958,745126.2103,488.5991058,2067,2893.9967
72617949,6,7600,67000015,250919.3476,743124.4644,150.3083649,530,741.9934079
72617955,7,7600,67000015,250975.2496,743081.6291,57.58822632,572,801.0024168
72617957,8,7600,67000015,250727.2795,743458.4896,57.35064697,255,356.5249518
72617997,12,7600,67000011,249844.3098,745055.2837,89.77589417,1453,2033.874726
72617998,13,7600,67000011,249783.3654,744995.7954,90.10072327,1562,2187.070414
72618001,11,7600,67000012,250356.5143,744705.763,63.45310974,1036,1450.880448
72617907,10,7600,67000012,250259.9694,744377.8856,109.3384399,721,1009.926481
72617909,8,7600,67000012,250197.4759,744460.5233,368.4793396,848,1187.227983
72617913,9,7600,67000013,250569.2183,744725.637,129.464035,899,1258.518889
72617922,14,7600,67000013,250822.9302,744508.8743,80.20414734,760,1063.969561
72616953,9,7600,67000013,250598.9283,744503.0047,85.06507874,745,1043.226168
67798913,4,7600,67000021,249100.6848,744447.6412,66.48205566,1779,2490.854073
67798929,5,7600,67000011,249264.7104,744968.5495,68.80024719,1670,2338.373701
67798966,8,6520,67000011,249688.4366,745002.4419,240.045517,1470,2058.20021
67798981,4,6520,67000021,249805.5686,744516.2376,144.0780335,1154,1615.210696
67798331,8,1000,67000031,248164.9045,743417.1776,100.515213,4244,5942.262548
67798333,8,1000,67000031,248191.4416,743420.0444,106.5417481,4226,5916.758122
67798446,10,6520,67000011,249017.766,745317.7834,27.06547546,2060,2883.370502
67798486,6,7600,67000011,249249.8847,745318.0204,268.9797821,1887,2641.796174
67798496,6,6520,67000017,249798.5364,745651.8653,178.6059113,1946,2724.26326
67836115,4,7300,67000017,250303.3299,745229.1924,83.51774597,1618,2265.466169
67836117,4,7600,67000012,250131.7232,744904.5836,381.9808044,1211,1694.843241
67835659,3,6520,67000014,250774.9637,743917.815,70.76593018,339,473.9996828
67835660,15,6520,67000014,250718.9394,743663.2904,898.2374725,110,154.4877296
67835661,8,6520,67000014,250538.4369,743700.8227,190.524765,47,65.23081812
67835662,3,6520,67000014,250550.2732,743606.8651,85.41685486,228,318.5515828
67835665,4,6520,67000014,251070.7889,743619.3317,577.8860779,410,574.3626938
67835696,3,6520,67000014,250548.7806,743785.3631,78.49736023,209,292.4375428
67835702,3,6520,67000014,251381.3496,742596.1696,25.23652649,1123,1572.098018
67835954,6,6520,67000014,251182.1866,743587.1832,155.0043335,575,805.3093336
67835955,10,5300,67000014,251004.4653,743423.5986,75.68106079,445,622.7924952
68377392,4,6520,67000014,251132.1089,744195.8467,132.2211456,587,821.438208
68377397,3,6520,67000014,251221.4877,743567.038,55.50605774,592,829.0109694
68377352,6,7600,67000012,250000.9885,744436.2438,75.27566528,907,1269.748191
68377354,3,7600,67000021,249234.6823,744595.6434,54.90188599,1545,2162.574407
68377373,3,7600,67000013,250520.5975,744400.8276,208.704483,667,934.047616
68377568,4,6520,67000014,251203.5467,743494.7987,172.4233398,625,875.3538537
68377584,3,6520,67000014,250910.2735,743901.2729,18.7021637,317,443.6025442
68377591,4,6520,67000014,250884.2717,743480.1179,88.65055847,349,488.322136
68377592,3,6520,67000014,250882.0786,743503.0672,43.98005676,349,488.9400126
68377626,6,5501,67000033,248252.2607,742884.1823,56.83958435,4771,6679.339136
72617895,15,1000,67000021,249459.5569,744306.5356,2301.840317,1523,2132.110379
72617897,4,6520,67000011,249472.0795,745252.8636,48.77359009,1696,2374.953867
72617899,5,6520,67000011,249498.4358,745242.5633,58.04621887,1669,2337.125915
72617947,5,6520,67000015,250761.2032,743040.0135,62.71017456,1008,1410.958888
72617910,6,6520,67000012,250142.6325,744502.9236,92.09674072,897,1256.268567
72617981,4,6520,67000014,251135.9395,744179.7716,61.74430847,566,793.0389256
72617982,4,6520,67000014,251131.315,744211.1671,87.8817749,587,821.438208
72617984,13,7300,67000013,250803.1336,744211.0322,752.1953888,600,839.9271867
67835666,4,7600,67000015,251111.8111,743147.3367,136.7182465,679,950.6365811
71735187,10,1000,67000021,249438.0505,744357.1156,545.8167419,1527,2137.899318
72616831,6,1000,67000037,247378.7458,743337.8293,53.53430176,5119,7166.755102
72616832,6,1000,67000037,247390.2877,743333.5701,54.61491394,5119,7166.755102
72616833,6,1000,67000037,247355.9275,743293.7035,71.8984375,5144,7201.865667
73088542,6,1000,67000021,248966.3076,744863.941,154.3494721,1884,2637.614591
73088561,5,1000,67000021,249492.7203,744416.8879,98.46899414,1436,2010.201878
73088566,7,1000,67000015,249905.7357,744311.1734,128.9376984,940,1315.519058
73088702,9,1000,67000032,248309.5613,743280.5658,729.736496,4712,6597.447626
73088703,13,1000,67000032,248278.2198,743256.6091,1025.39093,5066,7092.787124
73088704,6,1000,67000037,247396.0534,743308.8178,90.06080627,5125,7174.897844
73088705,6,1000,67000037,247389.6591,743294.1828,92.38542175,5136,7190.724113
73088706,6,1000,67000037,247363.2342,743302.9911,67.69680786,5136,7190.792526
73088707,6,1000,67000037,247405.5609,743340.7188,90.71307373,5141,7197.533609
73088708,6,1000,67000037,247400.0265,743326.6878,92.04312134,5119,7166.755102
73088510,6,1000,67000037,247313.3463,743197.3691,332.3752441,5006,7008.364754
73088511,6,1000,67000037,247312.3329,743177.5699,125.3421173,5012,7016.822827
73088512,6,1000,67000037,247300.1728,743165.4097,350.8600617,5012,7016.822827
73088638,9,1000,67000015,250085.5527,743150.2095,507.8391113,2006,2808.181903
73088639,9,1000,67000015,250076.2766,743129.3189,748.6489563,2022,2830.889168
73088641,7,1000,67000036,247611.7233,743077.7554,102.1865845,4363,6108.257113
73088656,7,1000,67000033,248069.1103,742642.3738,101.6552277,4916,6882.024183
72616769,6,7600,67000037,247395.9892,743611.9279,171.5116425,4161,5825.242955
72616770,8,7600,67000036,247727.4642,743572.887,310.9642944,3911,5475.971467
72616784,15,7600,67000015,249985.6132,744106.779,129.6984253,566,791.8910471
72616785,15,7600,67000015,249983.5388,744096.4335,159.295105,558,781.5736389
72616790,7,7600,67000013,250596.5602,744400.9019,53.57121277,679,949.9415704
72616814,7,7600,67000022,249315.685,743891.4527,53.09883118,2219,3106.312231
72616815,7,7600,67000021,249378.0795,744175.2863,53.95944214,1887,2641.578073
72616818,10,7600,67000025,248925.0866,743955.7862,88.82795715,2712,3796.488712
72616819,11,7600,67000025,248917.6684,743968.6665,83.91027832,2701,3781.647048
72616820,10,7600,67000025,248909.911,743977.3726,90.86947632,2694,3771.571981
72616835,19,7600,67000037,247484.2035,743363.3426,197.9031677,5021,7029.631713
72616872,8,7600,67000034,248375.8084,742293.0594,51.46992493,4978,6969.520152
72616889,8,7600,67000037,247833.5946,743602.3881,305.395462,3836,5370.172812
72616891,8,7600,67000037,247680.5035,743616.1068,309.6665649,3951,5531.005351
72616892,7,7600,67000036,247627.0475,743573.2242,315.7511597,4105,5746.979047
72617068,28,7600,67000036,247974.3466,743387.2829,336.0305481,4384,6137.966553
72617069,28,7600,67000036,247936.1869,743385.6798,356.4602051,4364,6108.907868
72617070,28,7600,67000036,247899.0558,743384.4765,316.6522827,4336,6069.874183
72617073,20,7600,67000021,248957.7531,744152.7142,356.373703,2558,3581.88813
72617074,20,7600,67000021,248960.6595,744218.8627,388.0575714,2511,3515.719127
72617075,20,7600,67000021,248961.9996,744196.8886,307.1886749,2527,3538.314649
72617114,9,7600,67000013,250497.5861,744443.6224,158.3331299,759,1062.496519
72617025,6,7600,67000036,247899.566,742848.2312,57.91171265,4615,6460.731657
73088570,15,7600,67000011,249147.8745,745249.5027,208.2158814,1911,2675.759881
73088571,6,7600,67000017,249840.317,745311.7197,185.5744782,1738,2433.87488
73088572,6,7600,67000017,249901.8787,745282.9553,205.8057556,1697,2376.08891
73088573,6,7600,67000017,249907.7446,745264.0851,350.9068298,1686,2361.054676
73088574,6,7600,67000017,249928.0907,745253.466,299.2359772,1647,2306.005211
73088575,6,7600,67000017,249975.5666,745230.0561,184.1115418,1603,2244.062575
73088579,11,7600,67000011,249646.5522,745066.0902,535.2073364,1538,2152.610858
73088581,30,7600,67000021,248894.7277,744932.2525,610.9943695,2050,2869.366881
73088582,9,7600,67000012,250166.1785,744927.3983,122.4795685,1251,1751.397521
73088583,30,7600,67000021,248901.5572,744902.9931,619.7738342,2073,2902.619303
73088584,30,7600,67000021,248909.1257,744874.5572,654.4907227,1893,2650.877546
73088585,30,7600,67000021,248916.032,744845.8002,659.6838684,1878,2628.902384
73088548,30,7600,67000021,248920.8477,744816.5756,718.8855591,1866,2612.24712
73088550,8,7600,67000011,249524.7756,744806.8899,274.651413,1504,2105.832098
73088553,11,7600,67000012,249844.2745,744722.0425,299.2700653,1270,1778.113298
73088556,18,7600,67000014,250913.2182,744593.1536,547.825592,901,1261.717576
73088559,12,7600,67000021,249423.5448,744442.0895,369.4912567,1471,2059.605025
73088564,20,7600,67000021,248963.5754,744310.2111,361.2938995,2446,3424.174123
73088567,8,7600,67000013,250551.7544,744120.668,50.74378967,426,595.9012074
73088568,6,7600,67000014,250909.2602,744078.8389,123.4557953,474,663.1505077
73088592,12,7600,67000022,249006.0857,743899.7183,184.7359314,2762,3867.461384
73088593,13,7600,67000022,249032.2101,743863.6612,213.3467712,2784,3897.481678
73088692,19,7600,67000037,247491.2277,743352.1774,85.37294006,5011,7015.234196
73088693,16,7600,67000037,247494.8914,743343.0572,78.90608215,5003,7003.952946
73088513,5,7600,67000036,247902.257,743193.2378,151.6414337,4520,6328.447701
73088642,6,7600,67000036,248188.4371,743101.6427,78.64070129,4702,6583.450229
73088651,6,7600,67000036,247691.7596,742845.7028,167.5402222,4530,6341.851742
73088652,6,7600,67000031,249039.2488,742843.375,683.2044067,4178,5849.652506
73088653,7,7600,67000031,249050.369,742752.0811,61.5930481,4362,6107.049988
72616884,4,6520,67000014,251471.0454,742260.5399,115.3794251,1383,1935.892589
72616906,4,6520,67000015,250446.2186,743504.7547,51.9122467,309,432.4359262
72617111,30,6520,67000014,250847.288,744061.5203,411.1022644,428,599.1018879
72617185,10,6520,67000035,247379.8717,742748.8263,222.4050598,4954,6935.687599
72617186,6,6520,67000035,247236.3399,742679.4225,98.18778992,4938,6913.332391
72617259,4,6520,67000014,251092.171,744292.9124,201.1874237,717,1004.113504
72617017,4,6520,67000036,247722.7367,743162.4812,47.17819214,4410,6174.055108
73088576,3,7300,67000017,250260.7142,745271.2515,105.3633728,1618,2265.466169
73088586,8,6520,67000021,248976.6178,744887.8794,716.2211151,1903,2663.619274
73088608,4,6520,67000014,250572.57,743617.3058,59.63183594,210,293.9226523
73088657,3,6520,67000036,247542.8304,743444.4699,84.71182251,4129,5781.235751
73088650,6,1000,67000036,247850.0183,742934.1286,359.2362976,4565,6391.68214
73088654,4,6520,67000035,247661.4748,742745.1955,73.47529602,4692,6568.969001
73088655,12,6520,67000035,247531.3499,742800.9691,743.6122894,4630,6481.8049
72616836,6,5521,67000036,247570.7519,743447.3427,319.4225311,4129,5781.235751
72617113,7,7600,67000025,248702.8089,743887.1324,426.0314179,3147,4405.466937
72617164,37,7600,67000024,249795.9258,743636.2366,452.5989533,2531,3542.757515
72617165,40,7600,67000015,249815.3593,743609.4361,455.1078186,2507,3509.667583
72617166,37,7600,67000015,249833.2133,743581.0729,425.8499298,2485,3479.301182
72617167,39,7600,67000015,249841.0587,743547.2725,443.7284241,2466,3452.571215
72617174,15,7600,67000012,250407.0917,744344.5328,369.641037,663,927.929057
72617175,15,7600,67000012,250387.5401,744361.3074,390.2579956,716,1002.858845
73088552,18,7600,67000012,249856.5832,744744.4553,395.6161041,1227,1717.234386
73088516,7,7600,67000034,248379.1361,742491.3308,61.91438293,4908,6871.369796
73088518,5,7600,67000033,248787.1708,742332.1439,171.3684387,4838,6772.582597
73088528,15,6520,67000014,250764.8181,743662.6396,1208.824417,178,248.5865234
