LocNameHeb,LocalityCode,StatArea,StatAreaCmb,EstbYr,DistrictCode,DistrictHeb,SubDistrictCode,SubDistrictHeb,NatRegCode,NatRegHeb,MetrCode,MetrHeb,TypeLocCode,TypeLocHeb,MuniCode,MuniHeb,LocalAuthoritiesClusterHeb,LocalAuthoritiesClusterCode,Area,pop_approx,pop_density,change_pcnt,DependencyRatio,inst_pcnt,Foreign_pcnt,age_median,m_age_median,w_age_median,religion,ReligionHeb,religion_pcnt,m_age0_9_pcnt,m_age10_19_pcnt,m_age20_29_pcnt,m_age30_39_pcnt,m_age40_49_pcnt,m_age50_59_pcnt,m_age60_69_pcnt,m_age70_79_pcnt,m_age80_pcnt,w_age0_9_pcnt,w_age10_19_pcnt,w_age20_29_pcnt,w_age30_39_pcnt,w_age40_49_pcnt,w_age50_59_pcnt,w_age60_69_pcnt,w_age70_79_pcnt,w_age80_pcnt,j_isr_pcnt,j_abr_pcnt,aliya1960_pcnt,aliya61_89_pcnt,aliya90_01_pcnt,aliya2002_pcnt,america_pcnt,africa_pcnt,asia_pcnt,europe_pcnt,israel_pcnt,shem_eretz1,eretz1_pcnt,shem_eretz2,eretz2_pcnt,shem_eretz3,eretz3_pcnt,shem_eretz4,eretz4_pcnt,Country1Heb,Country1Heb_pcnt,Country2Heb,Country2Heb_pcnt,Country3Heb,Country3Heb_pcnt,Country_Other_heb,Country_Other_pcnt,ChldBorn_avg,notmarried_pcnt,m_notmarried_pcnt,w_notmarried_pcnt,married_pcnt,m_married_pcnt,w_married_pcnt,MarriageAge_mdn,m_MarriageAge_mdn,w_MarriageAge_mdn,FiveYrsDifLoc_pcnt,FiveYrsSameLoc_pcnt,dress5_pcnt,hear5_pcnt,remember5_pcnt,see5_pcnt,walk5_pcnt,educ8_pcnt,educ9_12_pcnt,educ13_15_pcnt,educ16_pcnt,m_educ8_pcnt,m_educ9_12_pcnt,m_educ13_15_pcnt,m_educ16_pcnt,w_educ8_pcnt,w_educ9_12_pcnt,w_educ13_15_pcnt,w_educ16_pcnt,OtherCertA_pcnt,SecondaryCert_pcnt,MatricCert_pcnt,PostSecondaryCert_pcnt,Acadm1Cert_pcnt,Acadm2Cert_pcnt,m_OtherCertA_pcnt,m_SecondaryCert_pcnt,m_MatricCert_pcnt,m_PostSecondaryCert_pcnt,m_Acadm1Cert_pcnt,m_Acadm2Cert_pcnt,yeshiva_pcnt,w_OtherCertA_pcnt,w_SecondaryCert_pcnt,w_MatricCert_pcnt,w_PostSecondaryCert_pcnt,w_Acadm1Cert_pcnt,w_Acadm2Cert_pcnt,WrkY_pcnt,WrkN_pcnt,m_WrkY_pcnt,m_WrkN_pcnt,w_WrkY_pcnt,w_WrkN_pcnt,Empl_pcnt,SelfEmpl_pcnt,OtherEmpl_pcnt,m_Empl_pcnt,m_SelfEmpl_pcnt,m_OtherEmpl_pcnt,w_Empl_pcnt,w_SelfEmpl_pcnt,w_OtherEmpl_pcnt,HrsWrkWk_avg,m_HrsWrkWk_avg,w_HrsWrkWk_avg,Wrk_15_17_pcnt,IndstA_pcnt,IndstB_pcnt,IndstC_pcnt,IndstD_pcnt,IndstE_pcnt,IndstF_pcnt,IndstG_pcnt,IndstH_pcnt,IndstI_pcnt,IndstJ_pcnt,IndstK_pcnt,IndstL_pcnt,IndstM_pcnt,IndstN_pcnt,IndstO_pcnt,IndstP_pcnt,IndstQ_pcnt,IndstR_pcnt,IndstS_pcnt,IndstT_pcnt,IndstU_pcnt,IndstX_pcnt,m_IndstA_pcnt,m_IndstB_pcnt,m_IndstC_pcnt,m_IndstD_pcnt,m_IndstE_pcnt,m_IndstF_pcnt,m_IndstG_pcnt,m_IndstH_pcnt,m_IndstI_pcnt,m_IndstJ_pcnt,m_IndstK_pcnt,m_IndstL_pcnt,m_IndstM_pcnt,m_IndstN_pcnt,m_IndstO_pcnt,m_IndstP_pcnt,m_IndstQ_pcnt,m_IndstR_pcnt,m_IndstS_pcnt,m_IndstT_pcnt,m_IndstU_pcnt,m_IndstX_pcnt,w_IndstA_pcnt,w_IndstB_pcnt,w_IndstC_pcnt,w_IndstD_pcnt,w_IndstE_pcnt,w_IndstF_pcnt,w_IndstG_pcnt,w_IndstH_pcnt,w_IndstI_pcnt,w_IndstJ_pcnt,w_IndstK_pcnt,w_IndstL_pcnt,w_IndstM_pcnt,w_IndstN_pcnt,w_IndstO_pcnt,w_IndstP_pcnt,w_IndstQ_pcnt,w_IndstR_pcnt,w_IndstS_pcnt,w_IndstT_pcnt,w_IndstU_pcnt,w_IndstX_pcnt,Occup1_pcnt,Occup2_pcnt,Occup3_pcnt,Occup4_pcnt,Occup5_pcnt,Occup6_pcnt,Occup7_pcnt,Occup8_pcnt,Occup9_pcnt,OccupX_pcnt,m_Occup1_pcnt,m_Occup2_pcnt,m_Occup3_pcnt,m_Occup4_pcnt,m_Occup5_pcnt,m_Occup6_pcnt,m_Occup7_pcnt,m_Occup8_pcnt,m_Occup9_pcnt,m_OccupX_pcnt,w_Occup1_pcnt,w_Occup2_pcnt,w_Occup3_pcnt,w_Occup4_pcnt,w_Occup5_pcnt,w_Occup6_pcnt,w_Occup7_pcnt,w_Occup8_pcnt,w_Occup9_pcnt,w_OccupX_pcnt,WrkOutLoc_pcnt,m_TrnsprtOne_pcnt,m_TrnsprtMore_pcnt,w_TrnsprtOne_pcnt,w_TrnsprtMore_pcnt,TrnsprtMore_pcnt,TrnsprtOne_pcnt,CarDrvr_pcnt,CarPsngr_pcnt,Bus_pcnt,Bicycle_pcnt,Shuttle_pcnt,Taxi_pcnt,Train_pcnt,WorkPlace_pcnt,Motorcycle_pcnt,OnFoot_pcnt,OtherVehicle_pcnt,Godel1_0Emp_pcnt,Godel1_1Emp_pcnt,Godel2_0Emp_pcnt,Godel2_1Emp_pcnt,Godel2_2Emp_pcnt,Godel3_0Emp_pcnt,Godel3_1Emp_pcnt,Godel3_2Emp_pcnt,Godel3_3Emp_pcnt,Godel4_0Emp_pcnt,Godel4_1Emp_pcnt,Godel4_2Emp_pcnt,Godel4_3Emp_pcnt,Godel5_0Emp_pcnt,Godel5_1Emp_pcnt,Godel5_2Emp_pcnt,Godel5_3Emp_pcnt,employeesAnnual_medWage,employeesWage_decile1,employeesWage_decile2,employeesWage_decile3,employeesWage_decile4,employeesWage_decile5,employeesWage_decile6,employeesWage_decile7,employeesWage_decile8,employeesWage_decile9,employeesWage_decile10,SelfEmployedAnnual_medWage,SelfEmployedWage_decile1,SelfEmployedWage_decile2,SelfEmployedWage_decile3,SelfEmployedWage_decile4,SelfEmployedWage_decile5,SelfEmployedWage_decile6,SelfEmployedWage_decile7,SelfEmployedWage_decile8,SelfEmployedWage_decile9,SelfEmployedWage_decile10,hh_total_approx,size_avg,size1_pcnt,size2_pcnt,size3_pcnt,size4_pcnt,size5_pcnt,size6_pcnt,size7up_pcnt,hh0_5_pcnt,hh0_17_pcnt,hh0_17_1_pcnt,hh0_17_2_pcnt,hh0_17_3_pcnt,hh0_17_4_pcnt,hh0_17_5_pcnt,hh18_24_pcnt,hh65_pcnt,hh_MidatDatiyut_Name,hh_MidatDatiyut_pcnt,hh_Acher_pcnt,hh_Dati_pcnt,hh_Haredi_pcnt,hh_Hiloni_pcnt,hh_Masorati_pcnt,hh_Meorav_pcnt,HousingDens_avg,own_pcnt,rent_pcnt,OtherArng_pcnt,rm1_pcnt,rm2_pcnt,rm3_pcnt,rm4_pcnt,rm5_pcnt,rm6_pcnt,rm7_pcnt,rm8up_pcnt,Vehicle1up_pcnt,Vehicle2up_pcnt,Parking_pcnt,cellphone_ratio,Computer_avg
ירושלים,3000,111,111,ותיק,1,מחוז ירושלים,11,נפת ירושלים,111,הרי יהודה,410,"מטרופולין ירושלים, גלעין",120,"יישוב יהודי 500,000 תושבים ומעלה",0,עירייה,ללא שיוך לאשכול,0,,2980,,,1370.1,,0.7,17,16,18,1,יהודים,99.4,15,12.1,6.9,4.1,3.1,4.4,2.3,0.5,0.1,14.5,13.4,8.9,3.9,3,4.5,2.4,0.6,0.4,91.2,8.8,1.8,29.9,44.8,23.6,13.4,5.2,3.5,10.3,67.6,ישראל,67.6,ארצות הברית,10.9,מרוקו,2.9,הממלכה המאוחדת,2.7,ארצות הברית,40.5,הממלכה המאוחדת,9.5,צרפת,5.1,אחר,44.9,3.9,30.5,24.8,35.4,69.5,75.2,64.6,22,23,21,5.6,94.4,0.7,0.3,2.4,1,1.7,4.5,66.3,21.4,7.8,3.2,81.1,6.5,9.2,5.6,52.1,35.7,6.5,28.2,48.4,4.9,10.8,6.1,1.5,35.8,51.5,3,4.7,2.6,2.4,75.9,21,45.5,6.8,16.7,9.4,0.6,51.5,48.5,32.1,67.9,70.1,29.9,92.3,7.7,,88.2,11.8,,94,6,,27.7,33.4,25.5,2.7,,0.6,4.4,0.3,,2.2,5.3,0.7,0.8,2.9,0.9,0.4,5.8,,3.1,38.3,21.9,2.1,4.7,1,,4.5,,,8.2,,,4.6,5.3,0.9,2.8,0.9,,,9.6,,8.1,30.1,17.3,3.6,3.6,,,4.9,,0.8,2.8,0.4,,1.2,5.3,0.6,,3.7,1.2,0.6,4.3,,1.1,41.6,23.8,1.5,5.1,1.5,,4.4,2.8,41,13.4,9.7,21.8,,4.1,1.2,0.6,5.4,6,37,18,,18.8,,7.3,4.3,,8.6,1.5,42.6,11.6,13.6,23,,2.8,,0.8,4.1,7.7,86,14,77.8,22.2,20,80,27,4.1,57.3,,,,,1.6,0.3,7.1,2.6,46.5,53.5,,65.2,34.8,5.7,46.8,41.2,6.3,5.2,38.1,35.7,21,4.1,54.8,30.5,10.6,62500,15.1,16.5,18.8,12.7,14.5,4.6,7.3,4.8,4.6,1.2,44500,31.8,14.5,9.6,5.1,9.6,16.1,8.6,,4.8,,620,5.3,6.8,11.1,13.4,13.2,12.5,8.7,34.3,44.4,67.5,12.8,16.5,15.3,10.9,44.5,40.8,9.1,חרדי,87.6,,7.5,87.6,,0.7,4.1,1.5,69.8,25,5.2,5.7,5.6,34.9,39.3,11.9,2.2,0.3,,45.9,4.6,35.8,0.7,1.1
ירושלים,3000,112,112,ותיק,1,מחוז ירושלים,11,נפת ירושלים,111,הרי יהודה,410,"מטרופולין ירושלים, גלעין",120,"יישוב יהודי 500,000 תושבים ומעלה",0,עירייה,ללא שיוך לאשכול,0,,2470,,,1035.1,,4.5,21,21,21,1,יהודים,97,11.4,13.3,9.2,4.7,2.9,4.8,5,1.1,0.6,9.2,11.2,9.8,4,3.1,5.2,3.3,0.6,0.6,82.3,17.7,4.7,30.7,39.1,25.5,25.5,6.2,5.4,14.3,48.5,ישראל,48.5,ארצות הברית,21.6,מרוקו,3.5,איראן,3,ארצות הברית,54,מרוקו,5.2,רוסיה,5.1,אחר,35.7,3.4,36.5,31.5,41.3,63.5,68.5,58.7,23,24,22,1.2,98.8,1.5,1.4,3.3,0.7,1.5,4.1,58.6,24.3,13,3.7,70.4,11.9,13.9,4.5,47.5,35.8,12.2,24.9,43.7,6.4,9.7,11.7,3.6,31.6,50.9,2.7,4,6.5,4.3,71.5,18.6,37,9.9,15,16.5,3,56.5,43.5,44.7,55.3,67.4,32.6,87.3,12.7,,83.9,16.1,,89.4,10.6,,31,36.3,28.1,7.8,,,1.9,,,0.6,3.7,1.5,3.8,2.7,,,8.6,2.8,3.5,36.6,20.9,3.8,6.7,0.4,,2.5,,,3.4,,,0.5,7.9,2.1,8,5.3,,,5.9,3.6,5.9,32.7,10.7,5.7,5.9,0,,2.3,,,0.9,,,0.7,1,1.1,1,0.9,,,10.3,2.3,1.9,39.1,27.6,2.6,7.2,0.7,,2.7,3.3,40.1,18.1,7.8,19.7,,2,0.7,4.3,3.8,7,32.9,16.1,3.2,20.4,,5.1,1.8,7.2,6.3,0.9,44.8,19.5,10.9,19.3,,,,2.5,2.2,7,76.6,23.4,71.2,28.8,26.6,73.4,27.5,3.5,53.9,,,,0.4,1.2,1.1,9.4,3,29.7,70.3,35.9,46.4,17.7,,62,32.6,5.5,6.8,20.4,19.8,52.9,0.8,33.7,32.5,32.9,61800,22.8,13.9,13.4,12.8,11.3,8.5,4.4,5.8,5.6,1.4,66600,6.8,19.4,19,3.8,21.7,15,14.4,,,,600,4.1,9.5,29.7,14.4,8.5,8.4,11.1,18.5,31.8,60.3,44.1,15.1,5.4,13.3,22.2,35.7,18.3,חרדי,91,,8.3,91,,0.7,,1.1,58,33.6,8.4,4.4,7.6,26.5,30.4,18,11,0.7,1.4,43.9,8.9,34.5,0.82,1.3
ירושלים,3000,113,113,ותיק,1,מחוז ירושלים,11,נפת ירושלים,111,הרי יהודה,410,"מטרופולין ירושלים, גלעין",120,"יישוב יהודי 500,000 תושבים ומעלה",0,עירייה,ללא שיוך לאשכול,0,,6050,,,1680,,1.6,14,13,15,1,יהודים,98.4,20.7,9.5,6.5,7.3,2.8,1.5,1.5,0.7,0.6,18.5,8.4,6.8,7.2,2.3,1.5,1.7,1.7,0.9,88.3,11.7,3.4,32.7,39.9,24,11.4,6.1,3.6,12.8,66.1,ישראל,66.1,ארצות הברית,8.6,"בריה""מ (לשעבר)",3.6,מרוקו,3.1,ארצות הברית,20.2,"בריה""מ (לשעבר)",14.7,רוסיה,9.4,אחר,55.7,3.2,24.4,22,26.7,75.6,78,73.3,22,23,21,5,95,2.2,1.1,2,1.6,3.4,5.5,64.4,22.4,7.7,4,80.1,9.8,6.1,6.8,49.9,34,9.2,28.1,40.7,9,9.9,8.8,3.5,35.7,43.9,8.1,2.4,6.6,3.3,64.5,21,37.7,9.9,16.8,10.9,3.7,60,40,45,55,73.9,26.1,87.7,12,0.3,84.2,15,0.8,89.6,10.4,,32.4,34.6,31.3,8.6,0.2,,2.9,,0.2,3.2,7.8,1.7,0.6,4,1.1,0.7,6.3,5.2,5,36,15.9,1.8,3.9,0.2,,3.4,0.4,,5.2,,,7.7,13.6,4.9,,,,0.8,1.9,8.5,5,30.2,6.7,5,7,0,,3,,,1.6,,0.3,0.8,4.6,,0.9,6.2,1.7,0.6,8.7,3.4,5,39.1,20.9,,2.2,0.4,,3.6,2.8,40.6,13.7,7,22.4,0.2,3.5,1.3,2.3,6.3,7.5,31.7,9.7,2.2,22.6,0.5,9.4,3.7,4.5,8.3,0.3,45.4,15.9,9.5,22.3,,0.3,,1.1,5.3,8.7,78.4,21.6,78.1,21.9,21.8,78.2,32,3.5,49,0.2,0.1,,,3.1,0.2,10.3,1.5,56.1,43.9,17,61.1,21.9,,55.5,24.9,19.6,,51.6,37.7,10.7,2.8,51.6,34.3,11.3,73500,15.8,13.6,12.9,15.2,13.4,9.9,6.8,5.1,4.8,2.5,80200,7.9,8.3,9.4,5.3,19.7,22.7,10.5,5.8,4.6,5.8,1250,4.9,8.5,18.9,7.9,12.2,13.5,12.1,26.8,54.8,65.3,7.6,18.1,18.2,18.6,37.4,22.6,20.5,חרדי,70,0.4,14.7,70,7.2,7.7,,1.4,68.8,27.6,3.6,3.2,8,49.2,27.4,9.5,2.1,0.5,,45.8,8.4,44,0.7,0.9
ירושלים,3000,114,114,ותיק,1,מחוז ירושלים,11,נפת ירושלים,111,הרי יהודה,410,"מטרופולין ירושלים, גלעין",120,"יישוב יהודי 500,000 תושבים ומעלה",0,עירייה,ללא שיוך לאשכול,0,,4360,,,1801.2,,1,13,12,15,1,יהודים,97.6,21.2,9.3,3.9,8,2.5,1.3,1.5,0.8,0.7,18,9.9,6.3,8,2,1.5,2.1,1.4,1.3,86.6,13.4,3.4,31.1,44.7,20.8,7.3,7.7,3.8,14.5,66.7,ישראל,66.7,ארצות הברית,5.8,"בריה""מ (לשעבר)",4.3,אתיופיה,3.5,"בריה""מ (לשעבר)",19.2,אתיופיה,17.4,רוסיה,10.9,אחר,52.6,3.6,30.8,28.6,32.6,69.2,71.4,67.4,22,23,21,5.6,94.4,2.9,1.1,2.1,2.4,5.2,8.7,57.9,26.7,6.7,8,75.8,11,5.2,9.2,41.7,41,8.1,33.1,37.2,6.6,11.2,8.5,3.5,46.8,38.8,5.1,6.6,1.7,1,72.3,20.7,35.6,7.9,15.4,14.7,5.7,50.8,49.2,30,70,69.8,30.2,90,10,,96.2,3.8,,87.7,12.3,,32.9,37.1,31.4,9.7,,,4.7,,,,6,5.2,3,7.1,2,0.7,7.6,2.3,4,34.9,16.3,1.3,1.2,1.2,,2.6,,,12,,,,9.5,13.8,6.3,5.9,2.2,,3.3,6.2,10.1,18.3,7.2,3.5,0.8,,,0.9,,,2,,,,4.7,2,1.8,7.5,1.9,0.9,9.1,0.8,1.7,41,19.7,0.4,1.3,1.7,,3.2,2.3,41.2,13.7,5.8,27.6,,1.5,3.5,1.2,3.2,6.8,18.5,16.8,3.3,30.2,,4.4,13.1,1.4,5.6,0.6,49.6,12.5,6.8,26.7,,0.4,,1.1,2.3,2.3,84.5,15.5,81.8,18.2,17.4,82.6,21.3,4.2,56.5,,1.3,,,3.3,,12.8,0.8,82.6,17.4,17.9,69.2,12.9,,70.8,18.5,10.8,,71.5,17.6,11,4.2,68.2,21.8,5.8,77900,15.4,11,13,16,12.2,10.3,9.2,7.1,5.1,0.6,82200,,14.7,10.3,8.9,11,23.7,11.6,19.8,,,1000,4.8,18.7,16.3,8.5,7.5,8.8,8.6,31.6,55.7,65.9,17.4,10,14.3,10.9,47.3,11.3,22.1,חרדי,69,0.5,9.8,69,9,10.9,0.7,1.3,64.8,32.5,2.7,2.5,8.1,36,42.1,10.4,0.5,,0.4,32.3,4.5,22,0.62,1
ירושלים,3000,115,115,ותיק,1,מחוז ירושלים,11,נפת ירושלים,111,הרי יהודה,410,"מטרופולין ירושלים, גלעין",120,"יישוב יהודי 500,000 תושבים ומעלה",0,עירייה,ללא שיוך לאשכול,0,,4210,,,1761.6,,1.3,13,12,14,1,יהודים,96.9,21.3,9.3,4.8,8.2,3.2,1.4,1.3,0.9,0.7,19.1,8.6,6.1,8.6,1.4,1.2,1.6,1.2,1,88.1,11.9,5.7,26.5,43.9,23.9,9,6.8,3.1,14.1,67,ישראל,67,ארצות הברית,6.8,"בריה""מ (לשעבר)",4.8,אתיופיה,2.8,"בריה""מ (לשעבר)",20.1,אתיופיה,14.8,רוסיה,11.8,אחר,53.3,3.7,23.5,21.6,25.3,76.5,78.4,74.7,22,23,21,2.4,97.6,1.3,1.1,1.7,1.4,2.3,8.3,65.7,17.7,8.3,7,83.5,3.1,6.5,9.6,49.3,31.2,10,32.8,42.3,6,9.1,5.5,4.2,42,46.4,4.8,1.4,2.7,2.8,69.2,24.3,38.6,7.1,16.3,8.1,5.6,56.9,43.1,41.6,58.4,70.9,29.1,86.5,13.5,,87.9,12.1,,85.8,14.2,,32.2,35.9,30.5,4.4,,,0.9,,,2.6,7.5,3,4.4,6.6,1.9,0.9,6.5,6.4,3.3,25.9,18.2,2,4.8,,,5.3,,,2.7,,,6.3,11.6,6.5,7.6,3.9,2.2,0.6,7.2,8.8,1.2,9.6,12.6,3.2,7.8,,,8.2,,,,,,0.6,5.3,1.2,2.6,8,1.8,1,6,5.1,4.3,34.5,21.1,1.4,3.2,,,3.7,1.5,35.7,19.7,11.2,21,1,2.9,0.8,3.4,2.7,1.7,18.2,15.7,11.3,31.1,3,8.5,2.4,4.9,3,1.4,45,21.9,11.1,15.6,,,,2.6,2.6,5.9,79.8,20.2,71.1,28.9,25.9,74.1,31.8,3.6,49.8,1.2,,,,3.1,,7.1,3.4,37.5,62.5,36.8,38.1,25.1,,50.6,27.1,22.3,11,55.7,26.6,6.7,3.1,63,22.8,11.1,77500,12.1,11.4,16.7,13.2,11.1,14,11.5,5.8,3.8,0.3,57500,12.9,7.2,23,12.5,15.2,13.7,9,6.5,,,870,4.8,15.7,14.8,8.3,8.7,10.2,10.6,31.6,52.6,66.2,13.6,11.9,16.7,13.5,44.3,15.3,19,חרדי,66.3,,20.2,66.3,5,6.6,1.9,1.3,75.2,19,5.7,3.3,1.9,36.5,46.5,9,2.4,0.4,,45.8,6,30.6,0.71,1
ירושלים,3000,116,116,ותיק,1,מחוז ירושלים,11,נפת ירושלים,111,הרי יהודה,410,"מטרופולין ירושלים, גלעין",120,"יישוב יהודי 500,000 תושבים ומעלה",0,עירייה,ללא שיוך לאשכול,0,,3120,,,1378.6,,0.8,14,13,16,1,יהודים,94.5,21.3,7,7.8,8.8,2.5,1.7,0.8,0.6,0.3,20.3,5.8,8.7,7.6,2.5,1.4,1.2,1.1,0.5,87.9,12.1,0.9,21.3,50.3,27.5,5.5,6.4,3.6,16.9,67.7,ישראל,67.7,"בריה""מ (לשעבר)",3.9,אתיופיה,3.6,ארצות הברית,3.5,אתיופיה,17.2,רוסיה,15.3,"בריה""מ (לשעבר)",11.1,אחר,56.3,2.6,24.9,24.4,25.3,75.1,75.6,74.7,22,23,22,9.1,90.9,1.3,1.1,1.7,1.1,3.2,5.2,62.6,24.1,8.2,5,77.8,10.7,6.5,5.3,49.7,35.4,9.6,25.4,45.7,8.1,9.2,7.5,4,32.6,49.9,7.6,2.3,2.9,4.6,70.1,19.3,42.1,8.6,15.1,11.5,3.4,62.5,37.5,42,58,80,20,86.8,12.9,0.2,87.9,12.1,,86.4,13.3,0.3,31.9,34.6,31,6.3,,,5.8,,0.7,1.3,8.8,3.1,2.5,3.7,2.2,0.4,10.2,6.6,2.7,20.4,20.9,2.2,5.5,0.2,,2.7,,,4.2,,1.3,2.1,10.6,10,7.3,0.6,0.9,,7.7,14.7,2.2,10,13.4,1.7,6.9,,,6.4,,,6.6,,0.4,1,8.1,,0.4,5.1,2.8,0.6,11.3,3,2.9,25.1,24.2,2.4,4.9,0.3,,1.1,3.2,29.7,16.3,6.1,31.6,,4.8,1.5,3.7,3.2,4.2,18.9,14.7,2.8,37.6,,7.5,4.8,5,4.5,2.7,34.5,17,7.6,29,,3.6,,3.1,2.6,8,67.3,32.7,75.2,24.8,27.3,72.7,26.3,6.1,49.3,,,1.1,,4.5,0.4,9.9,2.3,43.3,56.7,24.8,42,33.1,4.2,50.5,41,4.4,,66.5,29.4,4.2,1.4,63.8,26.9,7.9,72300,12.6,15.4,19.6,10.8,11.9,14.3,8,5.6,1.5,0.4,67800,,19.8,18.8,8.8,15.4,15,12.4,4.7,3.2,2.1,730,4.3,15.3,11.6,14.9,12,15.6,11.5,18.9,61.4,69.9,17.4,22.1,20.5,13.4,26.6,19.6,14.9,חרדי,61.2,0.8,13.6,61.2,10.9,13.1,0.4,1.4,61,36.5,2.4,2.6,16.7,53.5,24.1,2.7,0.3,,,41,7.1,36.1,0.79,0.9
ירושלים,3000,117,117,ותיק,1,מחוז ירושלים,11,נפת ירושלים,111,הרי יהודה,410,"מטרופולין ירושלים, גלעין",120,"יישוב יהודי 500,000 תושבים ומעלה",0,עירייה,ללא שיוך לאשכול,0,,3060,,,1624.7,,0.4,13,12,14,1,יהודים,97.9,20.8,8,6.5,8.1,2.2,0.7,1.5,0.7,0.5,20.7,8,8.6,7.5,1.6,1.2,1.4,1.1,0.7,89.8,10.2,4.6,17.2,52.8,25.4,7.4,4.7,2.9,14.2,70.8,ישראל,70.8,ארצות הברית,4.8,רוסיה,3.7,"בריה""מ (לשעבר)",2.9,רוסיה,27.7,"בריה""מ (לשעבר)",11,אוקראינה,8.2,אחר,53.1,3.2,16.6,13.4,19.4,83.4,86.6,80.6,22,23,21,5.6,94.4,2.7,0.8,2.6,1.1,2.7,3.6,64.5,24,7.9,1.2,78.5,12.2,8,5.7,51.9,34.5,7.8,28.3,41.7,8.4,11.3,7.7,2.7,38.8,42.6,8,5.9,3.8,0.9,74.6,18.9,40.8,8.7,16.1,11.2,4.3,59.3,40.7,46.9,53.1,70.5,29.5,90.4,9.6,,91.9,8.1,,89.5,10.5,,31.5,29.9,32.3,5.4,,,4,,,0.8,9.2,3.3,1.3,5.5,2.4,0.3,8.7,1,5.7,31.8,17,0.6,4,,,4.3,,,6.9,,,1.5,11.4,9,2.6,4.1,0.9,,4.9,2.1,5,31.3,10.8,0.8,7.2,,,1.5,,,2.4,,,0.4,7.9,,0.5,6.3,3.3,0.4,11,0.4,6.1,32.1,20.6,0.5,2.2,,,6,1.2,35,19.8,7.7,25.7,,2.8,3.6,1.7,2.5,2.7,30.4,9.8,6.4,26.8,,6.5,9.7,3.1,4.5,0.4,37.7,25.6,8.4,25.1,,0.6,,0.9,1.3,8.2,74.1,25.9,65.9,34.1,31,69,40.3,4.5,44.2,,,0.4,,2.3,0.3,5.3,2.7,29.6,70.4,19,30.7,50.3,6.6,40.3,53.1,,3.7,64,32.2,,3.7,48.8,43.5,4,73700,11.3,11.1,14.4,17.5,11.6,12.4,7,4.1,6.5,4,81700,11.9,5,9.4,7.3,16.3,21.1,10.6,18.4,,,710,4.5,10.7,14.8,18.1,12.6,9.6,11.5,22.8,57.1,64.6,14.8,19.4,14.9,17.7,33.2,26.2,16.1,חרדי,70.3,0.5,8.9,70.3,9,9.1,2.1,1.3,64.2,31.5,4.2,2.9,15,26.9,43,9.6,2.6,,,49.1,7.1,51.9,0.79,1.1
ירושלים,3000,211,211,ותיק,1,מחוז ירושלים,11,נפת ירושלים,111,הרי יהודה,410,"מטרופולין ירושלים, גלעין",120,"יישוב יהודי 500,000 תושבים ומעלה",0,עירייה,ללא שיוך לאשכול,0,,5490,,,982.3,,1.3,31,28,32,1,יהודים,84.9,10.4,8.1,6.5,7,4.6,4.6,3.9,2.4,1.4,10.2,7,6.6,6.3,5.3,4.9,5.1,3.7,2.1,66.8,33.2,3.6,14.7,66.6,15.1,2.6,7.9,7.4,44.2,37.9,ישראל,37.9,רוסיה,12.4,"בריה""מ (לשעבר)",9.3,אוקראינה,8.3,רוסיה,29.1,אוקראינה,18.2,"בריה""מ (לשעבר)",9.6,אחר,43.1,2.2,41.3,37.9,44.5,58.7,62.1,55.5,24,25,23,6.9,93.1,5.1,1.9,4.3,2.7,6.5,6.2,48.6,27.5,17.7,7.7,53.9,20.7,17.8,4.8,43.5,34,17.7,21.6,21.9,21.1,9.7,13,12.8,26.4,25.1,19.2,8.4,7.3,13.6,16.4,16.9,18.8,22.9,10.9,18.4,12,68,32,68,32,68,32,90.3,9.7,,87.4,12.6,,92.9,7.1,,38.2,40.4,36.2,10.6,0.3,,5.8,,0.4,5,8.9,6.4,4.8,3.9,3.1,0.8,5.9,6.5,16.1,9.1,17,1.1,2.1,,0.2,2.7,,,8.3,,,8.3,10.3,9.5,5.7,4.6,1.2,0.3,6.4,9.7,15.8,6.3,7.3,0.8,1.4,,,4.2,0.5,,3.5,,0.7,1.9,7.6,3.6,4,3.1,4.9,1.2,5.5,3.5,16.4,11.7,26.2,1.3,2.8,,0.4,1.2,1.8,21,19.6,8.5,23.7,0.2,3.7,7,6.9,7.5,2.4,15.3,12.8,3.9,26.2,0.4,7.4,14.2,7.9,9.4,1.2,26.4,26,12.9,21.4,,0.2,0.3,5.9,5.7,13.1,75.1,24.9,67.7,32.3,28.6,71.4,57.8,2.2,25.6,,0.3,0.2,0.8,2.7,1.3,3.8,5.2,39.1,60.9,20.9,42.2,37,2.8,25.3,55.3,16.6,5.1,16.1,60.8,18,0.9,19.3,54.7,25.1,104900,6.6,13.2,9.1,11,9.9,10.2,14.7,11.4,9.8,4.1,103400,6.2,5,8.5,17.2,2.8,11.2,10.9,23.6,14.7,,1800,3.1,21,28.1,13.4,16.5,11,6.2,3.7,24.8,42.5,30,33.4,19.2,11.1,6.3,22.5,30.8,חילוני,34.1,0.5,20.5,8.3,34.1,32,4.7,0.8,66.5,26.1,7.4,1.2,3.5,26.6,49.7,16.4,2.4,,0.2,75.1,23,79.8,0.91,1.2
ירושלים,3000,212,212,ותיק,1,מחוז ירושלים,11,נפת ירושלים,111,הרי יהודה,410,"מטרופולין ירושלים, גלעין",120,"יישוב יהודי 500,000 תושבים ומעלה",0,עירייה,ללא שיוך לאשכול,0,,3680,,,1018.5,,1.3,29,29,29,1,יהודים,91.1,11.1,6.3,6.7,5.9,4.2,5,4.4,2.7,1.3,11.4,7.3,7.4,5.1,4.3,5.6,5.4,3.5,2.3,71.1,28.9,5.5,16.6,65.9,12,3,7.4,8,36.8,44.8,ישראל,44.8,רוסיה,12.1,"בריה""מ (לשעבר)",6.8,אוקראינה,6.4,רוסיה,31.9,אוקראינה,17.2,"בריה""מ (לשעבר)",10.8,אחר,40.2,2.1,35.8,33.3,38.1,64.2,66.7,61.9,23,24,22,4.4,95.6,4.3,1.7,5.2,3.4,6.9,3.9,55.2,24.6,16.3,3.7,61.1,20.8,14.5,4.1,49.9,28,18,22.4,23.9,20.7,9.4,11.3,12.4,28.4,26,19.1,8.6,6.8,11.1,20.2,16.9,21.9,22.1,10.1,15.5,13.6,66.7,33.3,66.9,33.1,66.4,33.6,89.8,10.2,,82.9,17.1,,96,4,,38.3,41.8,35.4,16.1,,0.3,6.6,0.2,0.5,2.8,10.4,7.5,2.7,4.6,1.8,1.7,2.9,7,14.3,9.6,19.4,1.2,2.5,0,1.1,2.8,,0.7,11.5,0.4,1.1,4.9,6.7,13.9,3.5,2.5,1.5,2.8,2.5,11.8,11.8,6.4,9.1,1.7,1.9,,1.5,3.9,,,2.1,,,0.8,13.7,1.7,2,6.5,2,0.7,3.3,2.7,16.6,12.7,28.8,0.8,3.2,0,0.7,1.7,4.1,13.7,18.3,11.5,29.7,0.7,5.3,6.7,2.2,7.8,5.6,11.9,14.5,4.1,26.5,1.5,11.1,13.7,4,7.2,2.6,15.5,21.7,18.4,32.6,,,0.3,0.5,8.4,12.6,87.8,12.2,76.8,23.2,17.8,82.2,52.5,2.5,22.8,,1.3,0.3,0.3,3.5,1.5,4.5,10.8,24.6,75.4,16.8,54,29.3,9.3,29.5,41.7,19.4,2.7,32.2,38.7,26.4,5.5,24.4,51.5,18.6,102900,9.1,9.2,12.2,8.2,12.5,15.3,11,11.1,6.8,4.6,78900,8.9,2.5,13.8,7.8,17.3,,5.9,14.1,15.9,13.8,1130,3.2,18.2,28.1,13.9,15.5,14.1,4.2,5.9,23.8,43.3,24.8,27.4,30.5,7.1,10.2,22,30,חילוני,34.5,1.2,18.9,15.5,34.5,26.5,3.4,0.9,74,19.8,6.2,3.6,4.8,36.5,40.1,14.6,0.4,,,70.6,22.1,53.2,0.95,1.2
ירושלים,3000,213,213,ותיק,1,מחוז ירושלים,11,נפת ירושלים,111,הרי יהודה,410,"מטרופולין ירושלים, גלעין",120,"יישוב יהודי 500,000 תושבים ומעלה",0,עירייה,ללא שיוך לאשכול,0,,4840,,,987.2,,1.4,32,29,35,1,יהודים,86.5,9.9,6.9,8.5,4.9,4.8,4.3,4.3,3.1,2.1,9.5,6.1,6.7,5.8,5.1,4.9,5.9,3.7,3.4,69,31,7.2,15.5,54.6,22.8,3,9.2,9.6,34.4,43.7,ישראל,43.7,רוסיה,11.1,אוקראינה,7.4,מרוקו,5.3,רוסיה,30.4,אוקראינה,19.7,"בריה""מ (לשעבר)",6.1,אחר,43.8,2.2,36.6,33.3,39.7,63.4,66.7,60.3,24,25,23,3.4,96.6,2.7,3.7,1.9,3.3,6.6,4.4,53.2,23.2,19.2,5,57.7,19.4,18,3.8,49.1,26.7,20.4,20.2,27.6,17.8,7,13.6,13.7,26,29.8,16.2,5.3,11,11.7,26.8,14.8,25.6,19.3,8.6,16,15.6,66.4,33.6,68.6,31.4,64.4,35.6,90.4,9.6,,87.7,12.3,,92.9,7.1,,39,41.3,37.1,14.9,0.8,,4.6,0.2,0.5,4,7.3,3.2,6.4,2.8,2.8,0.4,6.1,8.3,14.7,13.1,15.3,2.9,3.5,,,3.2,1.6,,7.5,0.4,1.1,5.9,7.3,5.7,12.3,3.1,1.7,0.7,5.6,12,12.6,5.6,5.3,4.8,3.1,,,3.7,,,1.9,,,2.2,7.3,1,0.9,2.6,3.8,,6.6,4.8,16.7,20.1,24.7,1.1,3.8,,,2.6,3.8,24.7,15.7,12.8,24.8,0.7,4.8,3.6,3.9,5.1,6.3,21.5,14.1,8.1,25,1.5,8.3,7,4.6,3.6,1.5,27.7,17.2,17.2,24.6,,1.4,0.4,3.3,6.5,10.7,86.1,13.9,76.8,23.2,18.7,81.3,51.1,3.4,26.2,0.2,0.9,,1.2,4,0.8,2.9,9.3,37,63,31,33.2,35.8,6.2,31.7,45.2,16.9,2.2,17.4,59,21.5,4,17,49.9,29.2,98500,10.4,9.6,12.9,8.4,13,10.5,12.1,10.1,9.1,3.9,90100,6.1,15.3,8.4,14.4,1.6,15.5,20.5,3,8.1,7.1,1720,2.8,29.2,28.8,12.8,11,8.4,5,4.7,21.8,34.3,33,24.9,19,15.5,7.7,19.4,35,חילוני,35.2,0.9,21.1,14.8,35.2,25.3,2.7,0.8,60.4,36.1,3.6,1.2,16.7,39,30.3,12.2,0.6,,,64.4,18.2,37.3,0.97,1.2
ירושלים,3000,214,214,ותיק,1,מחוז ירושלים,11,נפת ירושלים,111,הרי יהודה,410,"מטרופולין ירושלים, גלעין",120,"יישוב יהודי 500,000 תושבים ומעלה",0,עירייה,ללא שיוך לאשכול,0,,1770,,,937.2,,1.4,28,28,28,1,יהודים,85.8,10.6,6.7,7.7,6.7,3.5,3.9,4.1,2.8,1.2,10.3,7.4,9.8,5.6,4.6,5.6,4.4,3.7,1.4,72.2,27.8,7,13,51.9,28,4.6,8.7,9.5,32.5,44.7,ישראל,44.7,רוסיה,9.4,אוקראינה,8.2,איראן,5.3,רוסיה,26.6,אוקראינה,22.8,גאורגייה,7.3,אחר,43.3,2.3,37,33.4,40,63,66.6,60,23,25,22,6,94,3.9,1.5,3.4,2.3,8,3.4,55.5,30.2,10.9,2.5,60.8,25.4,11.3,4.1,50.9,34.4,10.6,26.4,27,20.1,4.4,14.8,7.3,35.4,29.5,13.9,4.5,9.3,7.3,28.4,18.4,24.8,25.6,4.3,19.6,7.3,65.7,34.3,67.1,32.9,64.4,35.6,93.8,6.2,,88.4,11.6,,98.5,1.5,,39,40.7,37.6,8.7,,0.5,8.4,0.4,0.8,3.5,13.6,3.5,6.2,3.3,3.8,0.5,7.4,4.6,8.7,12.3,12.1,2,4.2,,,4.3,,,10.8,0.8,1.7,4.5,14.6,6.3,11,2.2,0.8,,5.2,8.3,7.3,8.7,3.9,2.8,4.8,,,6.3,,1,6.2,,,2.6,12.8,1.1,1.9,4.2,6.4,1,9.3,1.3,10,15.5,19.2,1.3,3.7,,,2.5,2.4,17.7,21.3,11.8,24.2,,6.8,8.6,3.1,4,3.3,13.7,16.5,4.9,23.2,,11.9,13.8,4.9,7.9,1.6,21.3,25.5,17.8,25.1,,2.5,4,1.5,0.7,17.9,83.5,16.5,73.4,26.6,21.8,78.2,38,0.6,39.5,,,,0.9,1.6,0.5,2.4,16.6,52.1,47.9,25.8,41.4,32.8,5.2,41.6,53.2,,7,14.4,56.2,22.5,,23.6,44.6,31.8,79800,9.1,10.4,13.4,18.2,11.2,13.4,11.1,7.5,4,1.7,65500,25.9,6.8,9,4.8,27.6,,13.3,12.6,,,610,2.9,20.7,32.8,13.7,16.7,8,5.2,2.9,26.2,43.2,32.9,36.9,18.2,6.9,5.1,22.1,27.2,חילוני,31.5,3.4,26.1,17.4,31.5,20.7,1,0.9,52.7,42.2,5.1,,15.6,50.1,21,10.6,1.7,1,,62.4,13.6,43.1,0.98,1.2
ירושלים,3000,215,215,ותיק,1,מחוז ירושלים,11,נפת ירושלים,111,הרי יהודה,410,"מטרופולין ירושלים, גלעין",120,"יישוב יהודי 500,000 תושבים ומעלה",0,עירייה,ללא שיוך לאשכול,0,,4860,,,975.3,,1,28,28,29,1,יהודים,86.5,10.9,7.7,8.2,7.6,4.3,3.6,3.8,2.6,1.3,10.2,7.6,7.6,6.5,4.4,3.9,4.8,2.8,2.3,77.2,22.8,14.7,21.9,40.6,22.8,3.9,8.2,12.4,23.3,52.1,ישראל,52.1,איראן,6.7,רוסיה,6.3,מרוקו,5.5,רוסיה,21.6,אוקראינה,13.6,איראן,11.3,אחר,53.4,2.5,39,38.3,39.8,61,61.7,60.2,23,25,22,7.1,92.9,1.7,3.1,2.2,2,3.4,5.6,54.7,25.5,14.1,4.4,61.6,21.6,12.4,6.8,48.1,29.3,15.8,23.5,27.5,18.4,7.8,15.1,7.7,26.3,30.5,18.9,8.3,10.3,5.8,31.5,20.9,24.7,18,7.2,19.7,9.4,62.5,37.5,65.1,34.9,60,40,87.2,12.8,,81.7,18.3,,92.9,7.1,,39.3,41.1,37.6,9.1,,,10.6,,0.1,3.5,11.2,3.3,2.1,6.7,2,1.2,7.3,4.1,12,15,12.1,3.1,2.4,,0.2,3,,,16.4,,,5.6,12.3,4.8,3.2,4.2,2.4,0.8,7.8,5.2,9.9,9.9,7.5,4.7,2,,,3.2,,,4.5,,0.2,1.3,10.1,1.9,0.9,9.3,1.5,1.6,6.8,2.9,14.2,20.3,16.9,1.4,2.9,,0.5,2.8,6.7,25.6,16.6,10.4,20.8,0.1,5.3,4.5,3.7,6.2,8.7,21.3,15.1,4.5,18.7,0.3,9.2,8.1,5.7,8.4,4.6,30,18.3,16.5,23,,1.3,0.7,1.8,3.8,17.6,83.2,16.8,71.8,28.2,22.4,77.6,49.7,2.4,30.2,,0.3,,1.1,5.4,,3.9,6.9,60.6,39.4,23.3,37.8,38.9,6.4,33.5,52,8.2,,22.1,62.5,15.4,2.3,30.6,44,23.2,95800,7.8,13.9,10.3,12.5,11.2,10.6,10.5,9.9,5.7,7.6,62500,5.8,20.3,12,14.5,9.2,8.2,7.1,1.6,5.2,16.1,1500,3.2,15.2,36.5,14.6,10.5,8.9,5.4,8.8,25,40.9,28.9,27.1,16.3,11.3,16.4,20,31.4,חילוני,24.6,2.7,22.4,23,24.6,23.8,3.5,0.9,59.7,35.1,5.2,3.1,13.3,33.8,20.2,22.2,5.9,1,0.5,67.7,24.9,49.3,0.88,1.3
ירושלים,3000,221,221,ותיק,1,מחוז ירושלים,11,נפת ירושלים,111,הרי יהודה,410,"מטרופולין ירושלים, גלעין",120,"יישוב יהודי 500,000 תושבים ומעלה",0,עירייה,ללא שיוך לאשכול,0,,3070,,,684.6,,0.3,28,28,27,1,יהודים,94.7,6.6,9.6,10.2,3.9,4.3,7.5,5.2,1.2,0.6,6.6,11,9.4,3.8,5.9,7.9,4.4,1.4,0.6,83.8,16.2,6.9,34.9,40.2,17.9,3.3,11,16.9,17.6,51.2,ישראל,51.2,איראן,9.3,מרוקו,8,עיראק,4.5,איראן,16.1,רוסיה,15.5,מרוקו,10.6,אחר,57.7,2.2,36.7,37.1,36.3,63.3,62.9,63.7,25,25,23,1.2,98.8,0.8,2.4,1,1.2,2.3,4.2,56.2,22.9,16.7,5,59.1,18.9,17,3.4,53.3,27,16.3,17.7,23.7,28,6.5,13.5,10.6,20.4,26.4,25.6,7.9,10.5,9.3,13.8,14.8,21,30.5,5,16.7,12,71.1,28.9,71.5,28.5,70.7,29.3,86.6,12.9,0.5,78.9,20.1,1,94.5,5.5,,40.8,44.9,37.1,16.6,0.5,,4.7,,0.4,5.6,9.3,4.5,7.8,2.9,1.7,0.9,5.7,2.2,22.7,12,10,2.5,2.7,,,3.8,0.7,,8.8,,0.7,8.9,11.5,8.5,9.3,4.6,0.9,0.3,5.1,3.4,16.4,3.5,4.1,3.2,3.7,,,6.1,0.3,,0.4,,,2.2,7,0.4,6.2,1.2,2.5,1.4,6.3,0.9,29.3,20.9,16.2,1.9,1.5,,,1.4,9.9,20.6,17.9,9.3,22.5,0.2,3.6,5.2,2.2,8.7,13.8,15.7,11.2,3.8,26.4,0.4,7,10.2,2.3,9.1,5.9,25.6,24.9,15,18.4,,,,2,8.2,16.2,82.4,17.6,80.6,19.4,18.5,81.5,72.7,3.2,15.6,0.2,0.3,0.2,,3.3,0.9,1.6,1.8,40.9,59.1,27.9,29.6,42.4,6.7,34.4,32.1,26.8,,21.4,16.1,62.5,,10.8,42.7,46.4,136100,6.5,7.7,7.3,8.4,7.3,10,10.5,12.5,17.5,12.4,91000,,14.7,3.8,20.3,6.3,12.8,16.3,5.6,11.8,8.4,830,3.6,12.2,22.1,12,20.4,17.5,9.5,6.2,20.8,47.3,31.7,29.8,25.5,8.9,4.1,35,14.5,מסורתי,37.3,1.2,33.2,2.8,23.2,37.3,2.3,0.9,76.3,20.5,3.2,4.3,8.8,13.7,12.9,38.5,13.8,4.8,3.1,87.8,49.3,74.1,0.93,1.7
ירושלים,3000,222,222,ותיק,1,מחוז ירושלים,11,נפת ירושלים,111,הרי יהודה,410,"מטרופולין ירושלים, גלעין",120,"יישוב יהודי 500,000 תושבים ומעלה",0,עירייה,ללא שיוך לאשכול,0,,4480,,,884.1,,1.4,33,32,34,1,יהודים,92.5,8.8,6.2,6,6.1,3.8,5.3,5.3,2.7,2.2,7.9,7.8,8.3,6.1,4.4,7,5.6,3.6,3,72.5,27.5,9,19,54.3,17.7,4.4,10.9,12.9,27.2,44.6,ישראל,44.6,מרוקו,7.2,רוסיה,6.7,אוקראינה,6.6,רוסיה,19.8,אוקראינה,18.8,מרוקו,8.3,אחר,53.1,2.1,35,29.2,39.8,65,70.8,60.2,24,26,23,4.6,95.4,2,1.9,1.3,1.1,2.6,1.9,51.1,25.2,21.8,1.9,55.2,22.7,20.2,1.9,47.7,27.2,23.2,17.2,18.9,26.5,5.2,18.4,13.8,20.6,21.6,23.6,7.2,14.4,12.6,21.1,14.5,16.6,28.9,3.6,21.7,14.8,69.8,30.2,69.6,30.4,69.9,30.1,85.2,14.8,,79.2,20.8,,90.1,9.9,,39.3,43.8,36.2,13,0.6,0.1,5.4,0.6,0.3,3.1,11,3.1,5.1,4.9,3,2,7.1,5.3,16,11.1,12.3,2,4.8,0.5,0.2,1.4,0.5,0.3,8.4,1.2,0.6,5.1,15.2,6.1,5.7,6.8,1.5,2.2,7,10.1,13.5,4.9,4.3,1.9,1.7,,0.4,2.6,0.7,,3,,,1.4,7.6,0.5,4.6,3.3,4.3,1.7,7.2,1.3,18,16.3,19,2.2,7.4,0.9,,0.4,5.7,25.2,16.9,11.2,26.3,0.8,4.5,2.4,0.6,6.5,8.2,21.4,13.6,7.2,26,0.9,9.2,4.6,0.4,8.7,3.6,28.3,19.7,14.6,26.5,0.7,0.6,0.5,0.8,4.6,15.8,78.3,21.7,77.6,22.4,22.1,77.9,64.8,3.3,23.1,,,,1,1.2,0.7,2.9,3,41.8,58.2,34.8,23.1,42.1,,31.4,34.8,33.8,,22.3,46,31.7,1.3,9.7,47.5,41.5,112200,10.4,8.8,9.2,9.2,8.4,9.9,11.1,11,13.4,8.6,67100,9.1,8.9,9.2,17.7,17.3,10,8.7,5,4.5,9.7,1410,3.1,16.1,32,19.3,12.3,11.3,4.2,4.7,19,38.1,35.6,26.6,20,10,7.8,24.2,27.4,דתי/ דתי מאוד,32.3,0.6,32.3,8.9,29.8,26.6,1.8,0.8,72.6,25.4,2,,12,30.9,33.7,16.5,6.5,0.3,,76.6,34.4,33.9,0.94,1.5
ירושלים,3000,223,223,ותיק,1,מחוז ירושלים,11,נפת ירושלים,111,הרי יהודה,410,"מטרופולין ירושלים, גלעין",120,"יישוב יהודי 500,000 תושבים ומעלה",0,עירייה,ללא שיוך לאשכול,0,,5270,,,703.2,,1.3,27,27,27,1,יהודים,94.1,7.5,7.8,11.3,4.4,4.6,6.8,3.8,1.7,0.9,8.5,8.6,9.9,4.8,5.3,7.6,3.3,1.9,1.3,83.2,16.8,10.2,23.9,49.1,16.8,2.2,13.4,15,17.4,51.9,ישראל,51.9,איראן,7.5,מרוקו,7.3,עיראק,4.6,רוסיה,14.5,איראן,11.9,אתיופיה,10.5,אחר,63.1,2,40.4,39,41.8,59.6,61,58.2,24,26,23,4,96,2,0.9,1.8,1.6,5.2,4,53.2,28.1,14.7,4.2,57.9,26.6,11.3,3.9,48.8,29.5,17.8,19.6,23.3,25.6,6.3,15.1,10.1,20.6,28.6,23.3,8.7,12.2,6.6,15.6,18.6,18.2,27.7,4,17.9,13.5,73.5,26.5,73.9,26.1,73.1,26.9,89.9,10.1,,83.5,16.5,,95.9,4.1,,39.8,42.4,37.4,14,0.2,,4.6,0.6,,6.3,10.1,5.5,4.9,4,3.1,0.3,5.1,3.5,21.6,10.8,11.3,2.4,3.9,0.8,,1,0.3,,7.3,1.3,,8.2,13.2,7.7,4.5,5.2,2.4,0.7,4.8,5.9,21,4.8,3,3.5,3.7,0.9,,1.6,,,2.1,,,4.5,7,3.4,5.2,2.9,3.8,,5.4,1.2,22.1,16.6,19.3,1.4,4.1,0.8,,0.3,6.5,19.7,18.2,9.5,22.7,0.1,5.7,5.4,3,9.1,5.5,16.6,13.3,5.6,21.6,0.3,11,10.1,4.2,11.8,7.5,22.8,22.9,13.1,23.7,,0.6,0.9,1.8,6.6,16.6,82.5,17.5,80.2,19.8,18.7,81.3,63.1,2.3,21.8,0.2,0.4,,0.2,1.7,1.4,2.7,6.3,37.4,62.6,16.1,28.3,55.6,6.1,25.2,51.4,17.3,,14.8,46.9,38.3,,9.9,46.3,43.8,103400,11.2,12,8.5,10.3,8.7,8.3,9.9,10.2,10.9,10,79400,20.5,7.8,9.1,2.2,14.3,8.5,4.5,13.2,6.9,12.9,1610,3.3,16.5,25.5,15.5,16.3,14.1,7.7,4.4,21.5,41.9,34.6,28.9,16.2,13.7,6.6,39.6,21.9,דתי/ דתי מאוד,33.9,1.1,33.9,4.4,25.3,32.6,2.7,0.8,72.3,22.7,5,2.7,5.8,15.5,36,35,4.4,0.6,,81,41.7,72.1,0.94,1.6
ירושלים,3000,224,224,ותיק,1,מחוז ירושלים,11,נפת ירושלים,111,הרי יהודה,410,"מטרופולין ירושלים, גלעין",120,"יישוב יהודי 500,000 תושבים ומעלה",0,עירייה,ללא שיוך לאשכול,0,,2890,,,915.2,,2.1,31,30,33,1,יהודים,89.5,9.9,8.5,6.8,6.1,5,5.5,4.8,3.1,1.3,7.6,7.9,6.8,5.2,5.6,5.8,5.1,3.4,1.8,75.8,24.2,9,19,52.2,19.8,4.1,10.1,14.6,23.6,47.6,ישראל,47.6,איראן,7.6,מרוקו,6.9,רוסיה,6.4,רוסיה,20.9,אוקראינה,16.8,איראן,10,אחר,52.3,2.2,37.6,35,40.1,62.4,65,59.9,24,26,23,4.4,95.6,3.2,2,3.6,1.6,5.7,3.9,51.2,24.7,20.2,1.8,53.3,23.3,21.7,5.8,49.4,26,18.8,19.3,24,18.2,10.6,16.3,11.6,22.8,22.2,17.2,12,14.6,11.2,14.7,16.2,25.6,19.1,9.2,17.8,12,69.5,30.5,71.6,28.4,67.7,32.3,91.1,8.9,,86.2,13.8,,95.9,4.1,,40.1,42.5,38.1,14.8,,,7.2,,0.2,3.9,13.3,3.1,4.6,4.4,2.2,0.2,4.1,4.6,18.5,9.3,18.3,1.2,2.7,0.2,0.2,1.8,,,9.4,,0.4,6.3,15.1,5.6,6.4,5.1,1.6,0.4,5.4,4.2,15.4,7.9,10.3,1,1.7,0.4,0.5,2.8,,,5.1,,,1.5,11.6,0.7,2.9,3.8,2.9,,2.8,5,21.4,10.5,25.9,1.4,3.6,,,0.8,5.6,22.9,16.6,7,26,,6.9,2.6,4.5,8,9.3,22.8,9.1,4,23.7,,12.2,5.3,3.5,10,2,23,23.6,9.9,28.1,,1.9,,5.6,6,13.3,82.4,17.6,85.8,14.2,15.9,84.1,62.2,2.3,17.4,0.7,,0.7,0.2,5.4,1.8,4.5,4.8,43.3,56.7,24.7,34.9,40.4,7.8,28.1,48.1,16.1,,14.1,46.9,39,2.7,21.6,45.5,30.2,115200,6.4,9.9,7.2,6.6,13.3,13.8,9.7,11.5,16.7,4.9,77800,3.5,5.7,20.3,13.6,7.1,4.8,3.1,3.2,16.9,21.8,990,2.9,26.9,24.8,16.1,12,11.2,6.1,2.9,17.9,37.1,30.1,27.8,23.8,12.7,5.5,24.6,33.5,חילוני,36.8,1,27.6,3.5,36.8,28.7,2.4,0.8,72.2,23.8,4.1,0.8,3.3,30.3,49.1,13.6,2.2,0.7,,74.4,27.5,45.9,0.93,1.2
ירושלים,3000,225,225,ותיק,1,מחוז ירושלים,11,נפת ירושלים,111,הרי יהודה,410,"מטרופולין ירושלים, גלעין",120,"יישוב יהודי 500,000 תושבים ומעלה",0,עירייה,ללא שיוך לאשכול,0,,3880,,,874,,2,36,33,40,1,יהודים,91.1,7.5,7.6,7.6,5.2,5.4,5.4,5.5,2.7,1.9,6.8,7.8,5.5,5,6,7.4,6.4,3.6,2.9,72,28,9.4,23.2,50.7,16.6,3.5,9.8,13.9,29.4,43.4,ישראל,43.4,רוסיה,7.9,מרוקו,7,אוקראינה,6.6,רוסיה,21.8,אוקראינה,17.2,איראן,8.2,אחר,52.8,2.2,40.9,38.9,42.6,59.1,61.1,57.4,24,25,22,4.6,95.4,1.5,1.6,4.4,1.6,4.9,5.7,50.3,27.5,16.5,6.3,54.9,22.3,16.6,5.2,46.2,32.1,16.4,21.2,24.1,18.9,7.8,17.2,10.8,23,30.1,15.9,7.3,14.2,9.4,9.9,19.6,18.7,21.5,8.3,19.8,12,65.4,34.6,69.9,30.1,61.4,38.6,90.9,8.8,0.3,86.3,13.1,0.6,95.4,4.6,,38.6,42.4,35,14.5,,,4.2,0.5,0.5,3.7,10.2,6.1,3.9,5.5,2.5,0.6,6.6,4.2,15.8,10,15.9,2.7,3.7,0.6,,2.7,,,8.5,1.1,0.5,7.5,15.7,8.8,3.1,7.1,1.9,0.6,8.7,7.2,11.1,4.3,4.6,1.1,3.7,0.5,,3.9,,,,,0.5,,4.9,3.4,4.7,3.9,3.1,0.5,4.5,1.2,20.4,15.6,26.9,4.3,3.6,0.7,,1.6,3.9,21.5,20,10.5,23.2,0.2,5.5,6.4,2.6,6.2,4.4,18.8,15.1,5,20.3,0.4,11.2,12.9,4.6,7.3,3.4,24.2,24.7,15.9,26.1,,,,0.7,5.1,14.1,77.9,22.1,80.3,19.7,20.8,79.2,53.7,2,23.8,,,,1.6,6.4,0.5,4.3,7.7,56.6,43.4,26.4,50.8,22.8,3.1,37.4,44.3,15.2,9,9.6,54.4,27,,8,49.3,42.7,100200,8.4,10,9.9,11.7,13.8,7.5,9.9,11.9,10.5,6.5,90000,4.3,,12.1,14.6,5.9,27.8,5.5,12.9,7.8,9.2,1250,3,21.1,29.5,12.5,16.8,9.9,6,4.2,16.5,37.7,28.8,36,20.3,9.5,5.4,20.6,34.2,דתי/ דתי מאוד,32.4,0.9,32.4,3.6,32.3,25.7,5.1,0.8,76.4,22.1,1.5,0.5,5.8,25.9,41.8,21.8,3.8,0.5,,73.8,24,35.9,0.93,1.4
ירושלים,3000,226,226,ותיק,1,מחוז ירושלים,11,נפת ירושלים,111,הרי יהודה,410,"מטרופולין ירושלים, גלעין",120,"יישוב יהודי 500,000 תושבים ומעלה",0,עירייה,ללא שיוך לאשכול,0,,3940,,,829.7,,1.9,35,32,37,1,יהודים,83.3,7.7,7.5,7.8,5.7,5.1,5.9,5.2,3.2,1.4,8.3,6.1,6,6.2,5.7,6.3,6.3,3.7,2,73.2,26.8,10,25.7,45.1,19.2,2.9,11.4,13.9,28.6,43.2,ישראל,43.2,רוסיה,9.6,מרוקו,8.3,עיראק,5.7,רוסיה,25.8,אוקראינה,13.4,מרוקו,10.5,אחר,50.3,2.2,36.4,35.2,37.5,63.6,64.8,62.5,25,26,24,3.6,96.4,4,1.1,1.9,2.4,5.8,7,46.9,27.9,18.2,4.8,51.7,27.7,15.8,9.2,42.3,28.1,20.4,20.7,22.7,22.9,7.9,15.4,10.4,21,26.6,23.1,7.8,12.6,8.8,11,20.4,18.9,22.7,8.1,18.2,11.8,65.5,34.5,65,35,65.9,34.1,93.5,6.5,,88.7,11.3,,97.8,2.2,,37.7,41.8,34.3,17.9,0.3,,3.3,0.7,0.6,3.2,8.9,1.9,4.7,6.9,1.4,1.1,6.6,6.4,16.7,11.7,13.9,2.4,4.2,,1.3,3.8,0.6,,3.7,1.2,1.2,5.9,12.3,2.6,6.2,10.6,1.5,2.4,5.6,7.7,16.3,4.6,6.6,1.8,2.6,,1.6,4.9,,,2.9,0.3,,0.7,5.8,1.2,3.3,3.4,1.3,,7.5,5.2,17,18.3,20.6,2.9,5.8,,1.1,2.7,4,23.5,15,10.2,27.8,0.2,4.2,2.7,4.2,8.2,6.1,20.8,12,6.1,23,0.5,7.5,5.7,6.6,11.7,2,26.1,17.9,13.9,32.2,,1.1,,1.9,4.9,11,78.4,21.6,69.6,30.4,26.2,73.8,59.4,1.5,21.8,0.9,,,0.7,0.9,0.9,3.5,10.5,55.7,44.3,44.1,31.8,24.1,2.5,12.5,60.6,24.4,,17,65.3,17.8,,17.5,40.7,41.8,106300,9.2,9.4,11.5,9.6,9.3,10.7,9.6,10.8,13.9,6.1,92700,19.9,14.1,,11.8,,13.4,22.8,3.8,,14.2,1410,2.8,29.2,23.3,17.8,10.2,12.6,4.6,2.3,19,36.8,43.8,23.7,23.3,6.6,2.6,22,29.7,מסורתי,42.4,0.3,22.5,2.8,28.2,42.4,3.7,0.7,68.1,25.6,6.3,0.6,4.1,34.4,35.2,23.9,1.6,,0.2,73.8,28.3,50.8,0.99,1.3
ירושלים,3000,311,311,ותיק,1,מחוז ירושלים,11,נפת ירושלים,111,הרי יהודה,410,"מטרופולין ירושלים, גלעין",120,"יישוב יהודי 500,000 תושבים ומעלה",0,עירייה,ללא שיוך לאשכול,0,,5820,,,1042.9,,1.4,25,25,25,1,יהודים,97,10.9,9.5,8.7,5.8,3.7,3.6,4.7,2.4,0.7,10,9.3,9.9,5.1,3.6,3.7,5.2,2.4,0.8,84.6,15.4,14.4,30.4,18.6,36.5,8.4,7.3,9,17.2,58.2,ישראל,58.2,ארצות הברית,5.4,מרוקו,5.3,צרפת,5.2,ארצות הברית,18.5,צרפת,18.4,מרוקו,10,אחר,53.2,2.8,31.5,29.4,33.6,68.5,70.6,66.4,23,24,21,5.6,94.4,1.4,1,1.8,1,2.6,2.7,52.2,27.5,17.6,1.9,60.9,21.5,15.7,3.5,44,33.2,19.3,23.3,29.3,12.1,10.2,15.1,10,27.8,35.1,10.7,9,9.8,7.6,52.4,19,23.8,13.4,11.3,20.1,12.4,59.4,40.6,55.2,44.8,63.4,36.6,84.4,15.6,,77.8,22.2,,89.7,10.3,,33.2,35.5,31.8,12.6,0.3,,4.7,,,3.1,9.3,2,3.4,6.3,1.7,0.2,9.6,3.2,7.6,26.4,13.7,1.9,2.9,0.3,,3.4,0.8,,9.7,,,5.8,14.2,4.2,6.2,5,1.9,,10,5,7.5,16.5,4.6,2.1,2.9,0,,3.7,,,0.7,,,0.9,5.3,0.3,1.2,7.4,1.6,0.3,9.3,1.8,7.7,34.3,20.8,1.8,2.9,0.6,,3.2,5.7,44.2,13.8,5.8,17.3,,5.1,1.5,2.1,4.6,10.3,35.3,15,3.3,13.9,,10.4,3.4,2,6.4,2,51.3,12.9,7.7,19.9,,0.9,,2.1,3.1,18.8,89.3,10.7,84.2,15.8,13.6,86.4,52.7,3,35.1,,0.5,0.2,1,1.3,1.6,4.2,0.5,22.3,77.7,28.9,46.4,24.7,2,34.8,40.3,22.9,6.8,27.3,48.5,17.5,2.7,43.8,37.2,16.3,84500,15.4,12.6,11.3,9.4,10.8,7.4,10.8,8.7,5.5,8.1,90600,26.7,8.1,1.6,4.4,6.3,16.6,11.3,0.9,19.2,4.9,1740,3.5,16.7,29.6,15.8,10,7.6,7.2,13.1,28,41.4,21.8,20.4,15.2,14.8,27.8,32.4,27.7,חרדי,45.9,0.2,36.2,45.9,8.4,8.3,1,0.9,62.3,27.7,10,4.1,18.2,11.3,21.5,24.6,14.4,4,2,67.6,31.2,45.4,0.87,1.4
ירושלים,3000,312,312,ותיק,1,מחוז ירושלים,11,נפת ירושלים,111,הרי יהודה,410,"מטרופולין ירושלים, גלעין",120,"יישוב יהודי 500,000 תושבים ומעלה",0,עירייה,ללא שיוך לאשכול,0,,5740,,,1124.7,,0.8,22,22,21,1,יהודים,99.2,12.8,9.2,7.9,5.8,3,3.5,3.8,1.5,0.3,12.8,10.8,9.7,5.7,3,3.9,3.8,1.7,0.8,87.8,12.2,10.5,32.5,26.4,30.7,7.9,6.9,6.7,16.1,62.4,ישראל,62.4,ארצות הברית,6.1,צרפת,5,מרוקו,4.5,ארצות הברית,20.4,צרפת,16.8,מרוקו,8.8,אחר,54,2.9,26.6,21.7,30.7,73.4,78.3,69.3,23,23,21,7.5,92.5,1.6,0.3,1.6,2.2,3.8,3.1,64.2,25.2,7.4,1.7,81,12.1,5.2,4.3,49.9,36.5,9.4,24,43.6,8.1,12.3,8.9,3,30.1,47.5,8.5,5.1,6.1,2.6,66.7,18.8,40.3,7.7,18.5,11.2,3.4,53.5,46.5,45.6,54.4,60.2,39.8,87.4,12.3,0.3,80.9,18.3,0.9,91.5,8.5,,33.6,36.8,32.2,4.1,,,2.9,0.2,0.6,1.4,8.3,3.1,3.4,5.9,3.2,0.3,7.1,2.2,5.2,29.1,14.1,3,6.9,0.3,,3,,,5.4,0.5,0.9,2.9,14.3,4,6.1,4.7,1,,5.6,3.1,5.7,20.5,8.3,5.4,6.6,,,4.9,,,1.3,,0.3,0.5,4.5,2.5,1.7,6.6,4.5,0.4,8,1.6,4.8,34.5,17.7,1.6,7.2,0.5,,1.8,2.7,35.3,16.2,11.5,20.1,,4.9,2.5,2.3,4.4,5.2,30,14.6,2.9,18.9,,10.1,6.4,5.3,6.6,1.2,38.7,17.3,16.9,20.8,,1.6,,0.5,3,9.3,85.1,14.9,74.3,25.7,21.6,78.4,34.6,3.7,51.4,0.3,0.2,0.2,0.4,1,0.8,7.5,,30.1,69.9,30.2,48.6,21.1,8.5,40.1,51.5,,1.4,49.6,39.1,9.9,3.9,40.7,41.8,13.6,79600,9.5,15.1,13.1,13.7,12.5,7.8,8,10.1,7.3,2.7,62300,15.6,20.2,8.7,5.6,12.7,19.1,4.5,6.1,5.3,2.2,1480,3.9,13.1,27.9,9.6,15.1,10.1,7.9,16.2,32.9,50.4,22,21.5,15.1,16.1,25.2,32.5,20,חרדי,73,0.7,20.1,73,2.6,3.7,,1.1,52.3,42.4,5.3,2.4,19.5,24.4,32.9,11.8,7.9,1.1,,50.5,7.3,40.5,0.87,1
ירושלים,3000,321,321,ותיק,1,מחוז ירושלים,11,נפת ירושלים,111,הרי יהודה,410,"מטרופולין ירושלים, גלעין",120,"יישוב יהודי 500,000 תושבים ומעלה",0,עירייה,ללא שיוך לאשכול,0,,3000,,,1415.4,,1.9,20,18,23,1,יהודים,97.3,16.7,9.4,5.2,6.2,4.2,3.2,2.6,2.2,0.7,13.8,9.5,4.9,8.2,3.9,2.9,2.9,2.4,1.1,84,16,12.4,24.7,25.7,37.3,10.6,8.5,9.8,12.7,58.4,ישראל,58.4,ארצות הברית,7.2,מרוקו,5.7,איראן,5,ארצות הברית,23.4,רוסיה,13.3,מרוקו,8.7,אחר,54.6,3.2,27.7,26.3,29,72.3,73.7,71,24,25,22,5.9,94.1,1.3,1.5,2,1,5,6.6,48.2,24.8,20.3,4.8,61.1,19.6,14.4,8.3,36.2,29.7,25.8,25.5,25.8,12.3,9.8,16.6,10,27.3,33.4,11,9.1,14,5.2,47.6,23.8,18.7,13.6,10.4,19.1,14.5,63.2,36.8,57.5,42.5,68.6,31.4,85.6,14.4,,85.4,14.6,,85.8,14.2,,35.1,35.8,34.7,4.7,0.3,,3.8,0.8,,3,6.8,5,4.4,2.9,4.1,0.6,8.2,6.4,6,18.2,19.5,2.7,4.5,0.2,,2.5,0.7,,3.8,1.9,,6.1,8.9,11.3,2.8,4.2,5.5,0.8,4.9,8.4,4.9,15.6,9.2,2.1,5.3,,,3.5,,,3.7,,,0.6,5.2,,5.6,1.9,2.9,0.4,10.8,4.7,6.9,20.3,27.8,3.3,3.8,0.4,,1.7,3.4,32.8,18,12.3,18.2,0.3,4,3.9,1.8,5.3,4.7,27.7,13.3,13.6,18.1,0.7,6.9,8.8,0.1,6.1,2.4,36.8,21.7,11.3,18.2,,1.7,,3.2,4.6,15.3,86.5,13.5,84.9,15.1,14.4,85.6,55,3.4,33.8,0.9,,0.9,,2,0.6,3.4,,45.2,54.8,27.3,28.1,44.7,,40.7,42.4,16.9,8,39.1,46.2,6.7,3.8,39.4,44.3,12.5,97000,14.2,10.6,9,10.6,11.4,9.9,10.2,11.9,5.9,6.3,75400,8.6,5.5,17.4,11.6,10.9,13.2,9.4,14.2,4.3,4.8,820,3.7,20.8,23.7,6.9,12.1,14.4,9.1,13,39.1,54.5,18.6,21.8,21.3,16.5,21.8,15.7,26.6,חרדי,41.5,2.7,34,41.5,11.1,9.3,1.3,1,65.2,31.7,3.1,5.2,6.1,36.4,20.6,22,9.3,,0.4,74,21.2,47.8,0.86,1.3
ירושלים,3000,322,322,ותיק,1,מחוז ירושלים,11,נפת ירושלים,111,הרי יהודה,410,"מטרופולין ירושלים, גלעין",120,"יישוב יהודי 500,000 תושבים ומעלה",0,עירייה,ללא שיוך לאשכול,0,,3650,,,1643.8,,1.2,21,18,22,1,יהודים,98.4,16,9.4,4.6,6.5,3.6,2.2,3.3,2.5,1.5,14.1,9.5,6.1,6.3,3,2,4.3,3.3,1.9,82.8,17.2,17.7,32.8,18.9,30.6,9.5,8.7,9,14.5,58.3,ישראל,58.3,ארצות הברית,6,מרוקו,5.2,צרפת,4.7,ארצות הברית,16,צרפת,11.5,מרוקו,10.2,אחר,62.3,3.2,28.9,23.8,33.5,71.1,76.2,66.5,23,25,22,4.6,95.4,4.2,2.3,2.7,2.4,6.2,6.4,51.1,27.3,15.2,2.6,62.7,20,14.6,9.8,40.4,34,15.8,26.4,28.2,12.3,9.8,16.8,6.5,32,30.4,12.5,5.6,14.4,5.2,50.2,21.2,26.2,12.1,13.7,19,7.8,55.1,44.9,46.1,53.9,63.4,36.6,82.5,17.5,,76.3,23.7,,86.6,13.4,,33.8,34.3,33.5,8.2,,,2.1,,,3.6,8.9,2.4,2,8.4,2.9,0.2,7.8,1.6,8.7,19.6,22.2,3.1,3.1,0.5,,2.7,,,2.4,,,9.1,10.8,6,3.1,5.8,2.7,0.6,8.4,3.6,10.2,16.3,11,1.1,3.9,1.2,,3.8,,,1.9,,,,7.7,,1.4,10.1,3.1,,7.4,0.3,7.7,21.8,29.6,4.4,2.6,,,2,2.4,32.7,17.6,10.4,22.4,,2.9,2.1,3.5,6.2,4.9,26.6,14.7,10,18,,6.9,5.2,3.9,9.7,0.7,36.6,19.4,10.8,25.2,,0.2,,3.2,3.8,11.6,90.5,9.5,75.8,24.2,18.4,81.6,43.2,4.2,44.5,,,,,1.2,,5.2,1.8,55.5,44.5,38.7,39.9,21.4,3.3,59.4,23.4,13.9,,25,57.7,17.2,4.6,43,43.9,8.5,82600,15.3,13.7,11.2,10.1,11.5,6,9.9,7.8,10.5,3.9,83400,14.3,5.6,12.7,10.1,5,12.6,9.4,15.5,8.8,6,970,3.8,25.8,18,10.7,9.5,10.3,6.9,18.8,37.4,47,12.2,17.8,21.8,10.4,37.7,17,35,חרדי,45.6,3.3,32.7,45.6,6,9.9,2.5,1,59.3,35.9,4.8,,11.3,35.5,27.7,19.9,4.2,1.4,,60.1,13.2,37.3,0.8,1.2
ירושלים,3000,323,323+324,ותיק,1,מחוז ירושלים,11,נפת ירושלים,111,הרי יהודה,410,"מטרופולין ירושלים, גלעין",120,"יישוב יהודי 500,000 תושבים ומעלה",0,עירייה,ללא שיוך לאשכול,0,,3210,,,1340.9,,2.3,27,29,26,1,יהודים,96.7,9.3,8.6,6.1,4.4,4.5,3.3,4.3,5.1,1.7,10.1,10.3,8.5,4.6,4.1,3.1,5.3,5.1,1.4,67.8,32.2,12.8,23.4,17.4,46.4,21.7,6.2,9.1,21.8,41.2,ישראל,41.2,ארצות הברית,16.3,איראן,4.9,מרוקו,3.4,ארצות הברית,37.9,הממלכה המאוחדת,6.6,צרפת,6.3,אחר,49.2,2.7,30.6,25.6,35,69.4,74.4,65,23,25,22,5.6,94.4,0.1,1.7,1.2,1.5,1.7,8.1,45,22.2,24.7,10.2,46.7,19,24.1,6.3,43.5,25.1,25.2,26.6,21,12.6,5.5,18.5,15.8,34.2,20.6,9.5,6.6,13.2,15.9,29.1,19.8,21.4,15.3,4.6,23.2,15.8,59.3,40.7,66.6,33.4,52.9,47.1,80.4,18.9,0.7,76.5,22.3,1.3,84.9,15.1,,36,38.4,33.5,10.1,0.6,,3.9,0.3,1,4.2,14.2,3.8,4.2,6.3,3.9,1.8,11.1,4.1,7.8,12.7,14,1.5,1.4,,,3.2,,,4.6,0.6,2,6.8,19.8,6.8,4.3,7.6,3.1,1.1,14.3,6,6.4,5.4,3.5,1.5,1,,,5.4,1.2,,3.1,,,1.4,7.9,0.4,4.1,5,4.8,2.5,7.6,2,9.5,20.8,25.7,1.5,1.8,,,0.7,10.5,32.3,12,6.2,18.7,,4.1,6.3,4.7,5.2,14,26.8,9.8,4.2,12.9,,6.2,11.9,7.5,6.8,6.6,38.5,14.5,8.4,25.2,,1.8,,1.6,3.5,13.4,85.8,14.2,83.8,16.2,15.2,84.8,55.7,6,18.4,0.3,1.1,0.4,0.3,1.6,1.4,11.4,3.6,38.8,61.2,28.5,26.4,45.1,16.5,15,55.8,12.6,,38.6,29.1,32.3,5.4,28.9,40.1,25.6,85900,19.8,11.6,10,7.9,5.9,8.3,6.8,8.2,11.2,10.3,68700,5.6,17,14.1,8,16,6.8,13.6,6.2,9.4,3.4,980,3.3,16.1,32.6,17.3,8.8,7.1,7.3,10.9,23.6,42.1,32.1,21.4,18.5,13.3,14.7,30.5,37.2,דתי/ דתי מאוד,50.3,3.3,50.3,12,12.5,20.1,1.8,0.9,58.1,34,7.9,1.9,20,16.6,19.8,17.8,15.4,4.6,3.9,75.5,29.7,52.6,0.87,1.5
ירושלים,3000,411,411,ותיק,1,מחוז ירושלים,11,נפת ירושלים,111,הרי יהודה,410,"מטרופולין ירושלים, גלעין",120,"יישוב יהודי 500,000 תושבים ומעלה",0,עירייה,ללא שיוך לאשכול,0,,5030,,,1573.7,,0.7,17,17,16,1,יהודים,98.4,15.7,10.8,5.6,6.5,4.4,2.4,2.5,1.9,0.8,15.6,11.7,4.7,6.7,4.1,2.3,2.1,1.4,0.7,89.7,10.3,16.3,33,25.4,25.3,4.9,6.3,7,13.6,68.2,ישראל,68.2,מרוקו,4.2,ארצות הברית,3.5,איראן,3.4,רוסיה,13.4,ארצות הברית,12.1,איראן,10.6,אחר,63.9,3,26.6,25.6,27.7,73.4,74.4,72.3,23,24,22,7.4,92.6,2.1,1.2,3.7,0.9,3.6,5.3,57,25.9,11.8,4.7,67.4,16.8,11.2,6,47,34.6,12.3,25,34.3,11.8,9.3,12.6,7.1,28.8,39.8,11.8,4.9,7.5,7.2,51.7,21.3,28.9,11.8,13.5,17.5,7,58.8,41.2,54.5,45.5,63,37,88.1,11.9,,86.8,13.2,,89.2,10.8,,34.3,34.8,33.8,1.5,,,2.8,0.1,,2.5,9.5,1.2,4.3,6.6,2.2,,9.2,3.4,11.4,23.2,14.2,0.6,3.9,0.6,,4.3,,,3.9,0.3,,5,12.5,1.7,8.6,5.2,3.3,,8.2,4.7,15.1,11.8,9.1,1.3,2.8,0.5,,6.1,,,1.9,,,0.4,7.1,0.8,0.8,7.7,1.3,,10.1,2.3,8.2,32.7,18.4,,4.9,0.8,,2.7,5.1,35.9,17.9,8.4,17.6,,3.4,2.3,2.3,7.1,8.6,25.4,16.8,5.9,18,,6.7,5.1,3.4,10.1,2.1,44.7,18.7,10.5,17.3,,0.7,,1.4,4.5,11.9,83.5,16.5,86,14,15.1,84.9,47.1,2.2,42.5,0.2,,0.3,0.3,2.1,2.1,3,0.2,24.5,75.5,39,34.3,26.6,3.7,17,48.3,30.9,4.8,30.1,52.1,13,3.1,43.2,38.5,15.2,82300,13.7,11.2,13.7,12.2,11.8,10,8,6.9,7.9,4.6,104700,15.8,5.6,5.6,5.3,12.2,3.2,24.7,9.7,11.5,6.5,1140,4.4,11.9,22.4,12.3,8.7,10,9.9,24.8,43.9,59.5,14.9,18.1,15.4,17.6,34.1,26.8,21.3,חרדי,60.8,0.4,22.2,60.8,6.2,8.5,1.8,1.2,62.1,34.5,3.4,4.3,4.7,28.7,33.6,21.4,4,0.5,2.7,69.6,20.1,28.9,0.8,1.3
ירושלים,3000,412,412,ותיק,1,מחוז ירושלים,11,נפת ירושלים,111,הרי יהודה,410,"מטרופולין ירושלים, גלעין",120,"יישוב יהודי 500,000 תושבים ומעלה",0,עירייה,ללא שיוך לאשכול,0,,3890,,,1443.4,,0.9,18,17,19,1,יהודים,98.9,16.4,9.5,5.8,5.7,4.6,2.5,2.4,1.7,0.7,15.4,10.1,8.7,5.9,3.4,1.9,2.5,2,0.8,87.7,12.3,12.4,32.2,27.8,27.7,6.7,6.3,6.8,15.6,64.5,ישראל,64.5,ארצות הברית,5.4,מרוקו,4.1,צרפת,3.7,ארצות הברית,18.8,צרפת,12.5,רוסיה,11.5,אחר,57.2,2.8,26.8,19.6,33.3,73.2,80.4,66.7,23,23,22,8.1,91.9,1,1.1,2.6,1,2.5,3.7,54.7,28.1,13.5,4.6,70.4,13.5,11.4,2.9,40.3,41.3,15.4,22.5,35,11.3,8.5,16,6.7,32.3,39.1,9.9,3.3,8.7,6.7,56.2,13.6,31.3,12.6,13.2,22.6,6.8,60.8,39.2,46.6,53.4,73.8,26.2,84.1,15.9,,82.3,17.7,,85.1,14.9,,33,33.9,32.5,6.5,,,4,,,1.1,6.6,2.3,1.2,4.3,1.3,1,6.5,3.7,10.2,25,23.2,1.5,5.8,0.2,,2.1,,,5.8,,,3,11.6,6,2.4,1.7,0.6,2.8,3.9,7.5,12.1,11.8,18.4,1.2,6.5,0.6,,4.1,,,3,,,,3.9,0.3,0.6,5.7,1.6,,8,1.5,9.2,32.2,25.9,1.6,5.4,,,1,2.2,38.6,17.6,8.5,19.5,0.4,2.4,0.3,4.3,6.2,3.9,27.4,12.6,9.3,27.1,1,4.2,0.9,8.2,5.4,1.3,44.7,20.3,8.1,15.4,,1.4,,2.1,6.6,12.2,88.5,11.5,84.4,15.6,14,86,43.6,2,45,0.3,1.4,,0.2,0.3,,7,0.2,27.4,72.6,41.2,29.1,29.7,3.1,49.7,20.5,26.7,,64.8,20.2,15.1,1.1,47.4,38.3,13.2,75800,13.2,13.4,13.1,15,5.2,9.3,10,7.9,8.3,4.7,63700,5.9,11.9,6.5,26.4,18.7,5.9,4.6,8.3,4.6,7.2,940,4.1,14.4,24.2,13.9,8.5,8.8,10,20.2,41.6,54.3,21.6,15.6,10.8,15.5,36.4,27.7,18.6,חרדי,66.8,1.4,24,66.8,1.7,4.7,1.3,1.2,56.6,39,4.4,3.2,21.9,23.5,30.6,12.2,5,2.8,0.8,49.5,14.9,34.4,0.78,1.2
ירושלים,3000,413,413,ותיק,1,מחוז ירושלים,11,נפת ירושלים,111,הרי יהודה,410,"מטרופולין ירושלים, גלעין",120,"יישוב יהודי 500,000 תושבים ומעלה",0,עירייה,ללא שיוך לאשכול,0,,2930,,,1504.7,,0.3,15,14,16,1,יהודים,99.6,18.6,9.6,4.6,8.5,4.3,2,1,0.5,0.2,17.4,11.2,5.8,7.9,3.8,1.9,1.3,1.2,0.2,92.5,7.5,8.7,26.7,15.6,49.1,3.5,7.6,5.3,10.9,72.7,ישראל,72.7,מרוקו,5.5,צרפת,3.9,איראן,2.7,צרפת,30.6,ארצות הברית,12,מרוקו,9.7,אחר,47.8,2.9,22.1,18.5,25.3,77.9,81.5,74.7,23,24,22,18.4,81.6,0.6,1,2.2,1.1,1.4,3.1,54.3,24.8,17.7,1.5,66.2,19.1,13.2,4.6,43.9,29.8,21.7,24.7,29.9,11.6,7.4,15.8,10.6,27.5,36.7,12.5,4.3,9.7,9.3,59.8,22.2,23.9,10.8,10.1,21.1,11.8,71.5,28.5,68.1,31.9,74.5,25.5,88.4,11.6,,85.5,14.5,,90.6,9.4,,35.9,37,35.2,13.9,,,3.4,,0.2,3.2,10.3,2.5,3.1,5.5,4.6,1.1,7.6,0.9,18.3,20.7,10.1,2.2,3.1,0.2,,3.1,,,6,,0.4,4.2,12.2,5.3,6.3,3.5,2.8,0.5,7.1,1,21.7,14.8,7.2,3.2,1.9,,,2,,,1.3,,,2.5,8.9,0.4,0.7,7,5.9,1.5,8,0.8,15.6,25.3,12.2,1.4,4,0.4,,4,4.3,34.2,20.3,10.4,18.3,,1.7,2.2,2.2,6.3,6.8,25.1,18.9,7.4,21.5,,3.8,5.1,4.5,6.8,2.3,41.2,21.4,12.7,15.9,,,,0.5,6,12.6,90.6,9.4,85.1,14.9,12.3,87.7,67.4,3.8,23,0.5,,0.8,,0.7,1.5,1.2,1.2,18.7,81.3,,56.2,43.8,,41.5,51.8,6.6,2.4,34.1,49.9,13.5,2.5,26,58.2,13.3,120000,8.9,7.9,10.2,8.1,10.1,7.2,10.6,15,14.6,7.4,93900,8.8,4.6,2.1,2,18.2,18,12.5,16.4,6.3,11.1,630,4.7,8.4,12.1,10.1,16.8,14.7,19.8,18.1,55.6,76.4,10.4,24.6,21.6,23.7,19.8,19.5,9,חרדי,61.3,0.7,26.8,61.3,2.8,8,0.4,1.2,56.1,39.8,4,1.8,6.2,24.4,30.7,30.6,5.7,,0.5,83.9,34.7,88.8,0.86,1.4
ירושלים,3000,421,421,ותיק,1,מחוז ירושלים,11,נפת ירושלים,111,הרי יהודה,410,"מטרופולין ירושלים, גלעין",120,"יישוב יהודי 500,000 תושבים ומעלה",0,עירייה,ללא שיוך לאשכול,0,,5860,,,1504.3,,1,16,14,17,1,יהודים,99,17.4,12.9,7,3.7,4.8,2.4,1,0.6,0.3,14.6,12.7,9.8,4.5,4.5,2.5,0.6,0.5,0.5,93.6,6.4,7.5,40.2,29.3,23,7.6,4.4,3.4,11.3,73.3,ישראל,73.3,ארצות הברית,5.6,"בריה""מ (לשעבר)",3.3,מרוקו,2.6,"בריה""מ (לשעבר)",20.4,ארצות הברית,18.7,רוסיה,11.8,אחר,49,3.2,22.6,16.5,27.6,77.4,83.5,72.4,22,23,21,7.2,92.8,1.1,,0.6,0.7,1.2,2.9,67.7,24.3,5.2,2.2,84.4,9.5,4,3.5,53.1,37.2,6.2,27.6,44.9,4.7,13.7,7.1,1.9,37.4,50.6,3.9,5.6,1.6,0.9,73.7,19,39.9,5.5,20.8,11.9,2.9,53.4,46.6,34.1,65.9,70.3,29.7,88.8,11.2,,84.8,15.2,,90.5,9.5,,29.9,30.6,29.6,3.3,,,2.4,,,1.1,6.4,2,1.9,7.3,1.2,0.8,7.7,1.8,1.4,39.2,18.5,0.7,2.9,0.4,,4.1,,,5.6,,,2.6,13.8,6.3,3.7,2.3,1.1,1.6,6.5,,1.5,34.6,10.6,0.6,4.5,,,4.8,,,1.1,,,0.5,3.3,0.2,1.2,9.4,1.2,0.5,8.2,2.6,1.4,41.1,21.8,0.8,2.3,0.6,,3.8,2.1,45.6,15.8,7.2,19.5,,3.1,2.4,1.7,2.6,6.5,29.5,20,1,18.3,,8.8,8.3,2.3,5.4,0.2,52.3,14,9.8,20,,0.8,,1.4,1.5,12.7,82.6,17.4,83,17,17.1,82.9,21.3,2.2,60.1,0.8,,,,3.1,0.5,10.4,1.4,8.1,91.9,14.7,73.5,11.8,7.5,59.8,29.2,3.5,6.2,50.5,27.3,16,5.3,48,31.9,14.7,74800,16.1,12.1,12.9,17.6,11.1,9.8,7.5,6.1,4.1,2.6,60000,18.1,4.7,25.2,7.6,9.5,22.4,7.1,1.7,,3.6,1230,5.1,9.1,16,12.4,13.4,10.3,6.7,32,52.4,72,18.4,18.7,14.8,10.6,37.5,37.5,5.9,חרדי,89.4,1.3,6.7,89.4,1,1.7,,1.5,49.9,45.4,4.7,6.1,15.9,36.4,19.1,12.4,8.8,0.9,0.3,32.1,3.7,24.6,0.72,0.9
ירושלים,3000,422,422,ותיק,1,מחוז ירושלים,11,נפת ירושלים,111,הרי יהודה,410,"מטרופולין ירושלים, גלעין",120,"יישוב יהודי 500,000 תושבים ומעלה",0,עירייה,ללא שיוך לאשכול,0,,2800,,,1665.3,,1.1,16,14,18,1,יהודים,98.4,17.5,12.7,5.4,4.4,5.5,2.6,1,0.8,0.5,14.2,12.5,6.4,6.1,4.3,2.1,0.8,1.2,2.1,90.4,9.6,6.8,25,45.5,22.7,4.6,4.6,3.4,14.5,72.9,ישראל,72.9,ארצות הברית,3.5,צרפת,3.3,מרוקו,3.1,רוסיה,21.7,צרפת,13.8,"בריה""מ (לשעבר)",13.4,אחר,51.2,3.3,26.2,16.9,33.9,73.8,83.1,66.1,22,23,21,5.1,94.9,,,1,1.3,0.6,2.9,68.1,22.7,6.3,3.4,85.6,9.4,1.6,2.5,50.6,36,11,31.2,42.1,5.5,11.9,7,2.3,45.5,44,5.4,2.5,2.6,,71.2,17,40.2,5.6,21.3,11.4,4.6,51.8,48.2,34.3,65.7,69.3,30.7,88.8,11.2,,85.8,14.2,,90.3,9.7,,31.4,33.4,30.5,2.1,,,1.6,0.5,0.8,1.5,7.6,2,0.9,7.2,2.2,0.7,7.4,3.5,3.5,33.9,14.6,1.5,8.1,,,2.6,,,,1.6,,3.6,13.5,5.9,2.7,1,,2.1,4.4,6.5,3.5,26.1,12.6,3.5,8.3,,,4.7,,,2.4,,1.2,0.4,4.6,,,10.3,3.3,,8.9,1.9,3.5,37.8,15.6,0.5,8,,,1.5,3.9,46.2,13.1,7.4,19.6,,2.1,2.4,2.1,3.3,9.4,34,9.1,7.4,22.5,,3.6,7,,7.1,1.1,52.3,15.2,7.4,18.1,,1.3,,3.1,1.4,13.6,91.8,8.2,86.9,13.1,11.5,88.5,32.7,5.4,50.4,,,,,1.8,,9.1,0.5,30,70,20.2,66.6,13.2,,64.5,35.5,,7.9,44,35.3,12.8,6.8,51.7,33.8,7.7,84900,13.1,11.3,13.6,9.3,7.5,13.7,12,9,7.8,2.7,73900,5.5,16.9,7.1,14.6,22.6,17.8,7.2,4.1,,4.1,580,4.7,9.1,23.7,6.6,15.6,11,6.1,27.8,45.8,72.5,23.9,19.5,14.4,7.1,35.2,30.3,8.9,חרדי,79.3,,12.3,79.3,2,6.4,,1.3,57.2,41.5,1.3,,16.3,27.7,33,17.6,5.3,,,48.9,10,29.8,0.81,1.1
ירושלים,3000,431,431,ותיק,1,מחוז ירושלים,11,נפת ירושלים,111,הרי יהודה,410,"מטרופולין ירושלים, גלעין",120,"יישוב יהודי 500,000 תושבים ומעלה",0,עירייה,ללא שיוך לאשכול,0,,3220,,,1595.6,,0.7,18,19,17,1,יהודים,99.4,14,14.5,8.2,4,3.9,3,3.3,1.4,0.1,14.1,13.5,3.8,4.5,4.8,3.2,2.4,1,0.3,90.6,9.4,6.7,29.5,39,24.8,9.8,4.5,4.6,13.7,67.3,ישראל,67.3,ארצות הברית,8.1,מרוקו,3.4,הממלכה המאוחדת,3.4,ארצות הברית,31.1,הממלכה המאוחדת,11.7,צרפת,11.4,אחר,45.8,4.1,36.5,43.2,28,63.5,56.8,72,22,23,21,2.8,97.2,2.7,1.2,0.9,1.2,3.2,2.9,66.2,26.2,4.6,1.8,82.7,12.3,3.3,3.8,52.7,37.7,5.7,27,45.8,3.6,14.6,6.4,2.5,29.1,54.4,3.9,8.8,2.2,1.5,79.1,25.3,38.7,3.4,19.4,9.9,3.3,50.9,49.1,37.4,62.6,62,38,91.8,8.2,,94.2,5.8,,90.7,9.3,,28.8,32.3,27.7,7.2,,,3.1,0.5,,1.6,7.6,1.8,1.5,4.2,,,4,0.4,2.9,40.4,19.8,,5,1.7,,5.6,,,5.9,1.5,,2.6,12.6,2.2,2.9,5.2,,,1.7,1.3,2,37.3,6.4,,7.7,1.6,,9.1,,,1.8,,,1.2,5.2,1.7,0.8,3.7,,,5.1,,3.4,41.8,26,,3.7,1.7,,3.9,4.8,37.9,17.7,6.9,20.8,,2.7,1.7,1.9,5.6,8.8,41.2,13.9,2.9,9.8,,5.8,5.5,4.7,7.5,3,36.4,19.5,8.7,25.9,,1.2,,0.5,4.8,8.7,88.4,11.6,81.9,18.1,15.9,84.1,24.5,1,52.7,0.7,,0.4,,3.7,0.6,16,0.5,44.6,55.4,34.7,35.3,30,7,56.9,36.1,,,39,45.7,15.2,7.8,41.2,40.8,10.2,78600,20,12.3,13.5,8.5,7,8.4,10.1,8.5,9.2,2.4,56000,3.3,,30.2,33.9,14.4,,9.7,4.8,3.7,,580,5.1,3.1,20.6,12.1,18.7,7.8,9.4,28.3,38.6,63.2,18.4,15.1,12.4,14.9,39.1,34.2,17.3,חרדי,92.3,2.5,4.7,92.3,,,0.4,1.4,73.3,24.8,1.9,3.7,2.5,23.5,48.3,20.1,0.3,,1.6,39.9,8.7,43.9,0.69,1
ירושלים,3000,432,432,ותיק,1,מחוז ירושלים,11,נפת ירושלים,111,הרי יהודה,410,"מטרופולין ירושלים, גלעין",120,"יישוב יהודי 500,000 תושבים ומעלה",0,עירייה,ללא שיוך לאשכול,0,,2770,,,1332.4,,3.5,19,20,19,1,יהודים,97.8,11.9,12.8,8.9,5,3.4,3.8,3.7,1.5,0.4,12.7,12.7,6.7,4.3,2.8,3.8,3.4,1.9,0.5,88.9,11.1,8.9,26.2,32.2,32.7,13.2,3.8,2.3,14,66.6,ישראל,66.6,ארצות הברית,11.3,הממלכה המאוחדת,2.5,צרפת,2.4,ארצות הברית,36.4,צרפת,11.2,הממלכה המאוחדת,9.1,אחר,43.3,3.8,34.1,35.3,32.8,65.9,64.7,67.2,22,23,21,3.1,96.9,1.8,0.6,1.4,0.9,2.7,2.8,65.5,22.1,9.6,0.3,75.4,13.2,11.1,5.3,56.1,30.3,8.3,31.2,43.4,5.1,12.2,5.9,2.1,34.6,46,4.4,8.3,5.4,1.3,77.8,28.1,41,5.7,16,6.5,2.8,44.8,55.2,32.8,67.2,56,44,89.4,10.6,,84.6,15.4,,92.1,7.9,,30.6,33.5,28.9,2.9,,,4.2,,,1.2,7.2,2.2,2.4,3.6,0.8,0.7,8.7,2,2.9,39.8,19.3,,2.8,,,2.3,,,5.4,,,,15.5,2,6.5,3.6,,,6.5,2.8,2.5,36.2,12,,3.7,,,3.2,,,3.5,,,1.9,2.3,2.2,,3.6,1.3,1.1,10,1.5,3.2,41.8,23.6,,2.2,,,1.8,3.6,39.9,14.1,9.9,24.3,1.1,2.8,,1.5,3,8.3,37.8,13.2,4.8,22.3,2.8,4.6,,1.5,4.7,0.8,41.1,14.5,12.8,25.5,,1.7,,1.5,2,11.3,78.9,21.1,74.6,25.4,23.7,76.3,17.6,2.7,61.2,,,,,2.7,,14.6,1.3,62.5,37.5,27.4,44,28.6,11.8,74,14.1,,17.1,56.2,7.1,19.6,18.2,37.5,30.7,13.6,75400,16.9,15.2,11.1,15.5,10.8,12,8,6.9,1.2,2.3,70800,4.6,,,31.7,22.6,19.5,11.6,,4.9,5.2,650,4.8,8.2,30.7,9.1,7.3,9.2,6.5,28.9,38.6,57.4,18,14.2,15.6,13.2,38.9,35.6,20.6,חרדי,96.4,,1.4,96.4,,1.9,0.3,1.3,53.9,41.8,4.3,2.7,11,25.3,43.1,17.8,,,,27.9,2,35.8,0.65,0.7
ירושלים,3000,433,433,ותיק,1,מחוז ירושלים,11,נפת ירושלים,111,הרי יהודה,410,"מטרופולין ירושלים, גלעין",120,"יישוב יהודי 500,000 תושבים ומעלה",0,עירייה,ללא שיוך לאשכול,0,,4770,,,1173.3,,0.7,20,19,20,1,יהודים,99.5,12.8,13.3,9.9,3.5,2.9,4.5,3.8,0.9,0.3,11.8,10.9,9.5,3.4,2.9,5.2,3.1,0.9,0.3,91.8,8.2,6.7,42.1,27.8,23.4,7.2,5,4.5,14.1,69.2,ישראל,69.2,ארצות הברית,5.8,צרפת,3.7,מרוקו,3.4,ארצות הברית,23,צרפת,15.3,"בריה""מ (לשעבר)",12.1,אחר,49.5,3.8,33.1,35.4,30.6,66.9,64.6,69.4,22,23,21,4.9,95.1,0.5,0.4,0.9,0.5,1.1,2.8,65.9,24.3,7,1.5,80.1,9.8,8.6,4,53,37.5,5.4,26.1,45.4,6.6,13.2,7.2,1.6,29.7,52.8,6,7.1,3.9,0.6,76.7,22.9,38.7,7.1,18.7,10.2,2.4,53.6,46.4,39.4,60.6,66.5,33.5,92.8,7.2,,92.6,7.4,,92.9,7.1,,30.4,33.4,29.1,6,,,2.7,0.3,,2,6.2,1.1,2.9,5,0.5,0.6,5.8,3.6,1.6,45.6,14.4,1.4,4.3,0.5,,1.7,,,3.9,1,,4.9,8.4,2.8,5.2,4.5,,1,6,8.6,0.9,40.6,5.8,1.9,1.9,,,2.6,,,2,,,0.4,5,0.3,1.6,5.2,0.7,0.4,5.6,1,1.9,48.2,18.8,1.1,5.6,0.8,,1.2,3.9,44.6,13.8,7.9,20.7,,3.6,1.9,0.7,2.8,5.7,40.2,10.4,6.1,19.3,,7.5,4.9,1.5,4.4,2.9,46.9,15.6,8.8,21.4,,1.6,0.4,0.3,2,11.5,84.3,15.7,85.6,14.4,14.8,85.2,21.4,3.5,56.9,0.2,,1.3,0.7,2.3,,12.3,1.3,69.3,30.7,18,54.3,27.7,3.3,56.3,32.2,8.2,5.8,51.8,20.6,21.8,1.6,38,37.3,23,67700,15.3,16.4,15.2,14.9,10.1,6.5,9.1,8.9,2.8,0.7,67900,16.5,6.1,6.9,14.4,18.6,13.1,15,6.2,3.3,,1030,4.5,7,21.7,14.7,16.2,10,7.5,22.9,40.5,61.6,22.2,26.2,14.2,9.2,28.3,42.4,12.3,חרדי,93.8,1.3,2.6,93.8,0.2,,2.1,1.2,60.2,36.7,3.1,2.8,14.6,23,29.5,24.1,5,1.1,,38.7,6.4,38.7,0.79,1
ירושלים,3000,512,512+511,ותיק,1,מחוז ירושלים,11,נפת ירושלים,111,הרי יהודה,410,"מטרופולין ירושלים, גלעין",120,"יישוב יהודי 500,000 תושבים ומעלה",0,עירייה,ללא שיוך לאשכול,0,,4320,,,1102.1,,38.5,23,23,23,1,יהודים,77,9.7,10.1,15.2,5,3.3,3.7,3.9,2.9,1.1,9.7,9.6,8,2.8,3,3,4.1,2.8,2.1,82.9,17.1,18.4,27.6,21.5,32.4,14.4,2.1,2.5,23.2,57.9,ישראל,57.9,ארצות הברית,13,הממלכה המאוחדת,6.8,פולין,3.9,ארצות הברית,39.8,הממלכה המאוחדת,17.5,בלגייה,5.3,אחר,37.5,4.3,29.5,28.7,30.3,70.5,71.3,69.7,21,22,20,3.4,96.6,2.6,0.9,1.4,1.9,4.7,3.6,55.9,25.9,14.6,2.4,66.7,11.6,19.2,4.8,45.6,39.5,10.1,29.8,47.1,3.5,13,5.8,0.8,31.2,53.2,2.8,10.3,1.7,0.8,81.8,28.6,41.4,4.1,15.5,9.7,0.7,40.6,59.4,29.8,70.2,51,49,89.8,10.2,,79.2,20.8,,95.6,4.4,,24.8,26.7,23.8,5.8,,,2.9,,,2.2,9.3,4.1,2.4,5,0.3,,3.4,5.6,2.4,39.1,15,1.3,2.8,1.3,,3,,,4.4,,,6.1,13.3,3.7,5.3,,,,,4.4,3.7,36.8,12.7,2.9,2.9,,,3.8,,,2,,,,7,4.3,0.8,7.8,0.5,,5.4,6.2,1.6,40.3,16.3,0.5,2.8,2,,2.6,4.9,39.7,13.8,11.3,18,,1.9,0.9,4.1,5.3,6.8,41.1,8.6,7.2,12.8,,4.3,2.5,10.1,6.6,3.9,38.9,16.8,13.6,20.9,,0.6,,0.8,4.5,8,72.4,27.6,89.5,10.5,16.9,83.1,12,1,51.2,,,0.9,,2.1,,32.8,,50.6,49.4,33.4,45.7,20.9,25.5,44.4,30.1,,25,40.4,20.3,14.4,26.8,46.2,20.7,6.3,57400,22.9,14.3,18.8,9.1,9.7,7.6,8.5,5,4.1,,71700,,,18.4,28.8,4.2,22.3,4.6,8.9,,12.8,940,3.9,8.2,35,16.6,9.1,4.3,7.6,19.2,39.5,49.6,24.7,18.6,7.3,14.4,35,29.9,30,חרדי,92.5,1.2,5.3,92.5,1.1,,,1.2,56.9,40.8,2.4,10.3,5.1,36,34.9,13.8,,,,14.6,2.1,25.5,0.7,0.7
ירושלים,3000,513,513,ותיק,1,מחוז ירושלים,11,נפת ירושלים,111,הרי יהודה,410,"מטרופולין ירושלים, גלעין",120,"יישוב יהודי 500,000 תושבים ומעלה",0,עירייה,ללא שיוך לאשכול,0,,4880,,,1285.7,,26.3,20,21,19,1,יהודים,84.8,11.4,13,12.5,4.1,4,3.8,2.8,1.5,0.7,12.2,11.4,7.3,2.9,3.1,3.3,2.8,1.9,1.3,90.9,9.1,18.7,21.1,24.8,35.5,10,1.5,3.2,15.8,69.5,ישראל,69.5,ארצות הברית,8.6,רומניה,3,הממלכה המאוחדת,2.8,ארצות הברית,32.9,הממלכה המאוחדת,15.8,בלגייה,6.9,אחר,44.4,4.4,31.6,34.6,28.4,68.4,65.4,71.6,21,21,20,4.3,95.7,4.1,1.9,3.5,2.9,4.9,10.3,65.2,21.5,3.1,5.7,82.7,6.4,5.2,13.7,52,32.8,1.5,34.7,46.6,4.4,10.6,3.6,,32.9,61.1,1.5,4.5,,,75.2,36.1,35.8,6.5,15.2,6.4,,41,59,33.6,66.4,46.5,53.5,92.1,7.9,,88.1,11.9,,94.2,5.8,,26.2,27.8,25.5,1,,,3.7,,,0.4,9.4,2.8,5.1,6.1,1.2,0.4,4,0.8,2.2,34,15.6,4.9,5.4,1,,2.8,,,8.9,,,1.2,12.7,2.2,6.3,3.7,1.2,1.2,4.6,2.4,6.5,27.5,11.5,,6.7,,,3.5,,,1,,,,7.8,3.2,4.5,7.3,1.2,,3.6,,,37.4,17.7,7.4,4.8,1.6,,2.5,2.7,30.2,22,11.9,23.9,,2.6,1.3,1.6,3.6,6.5,24.8,29.9,12.3,11.6,,6.2,3.9,1,3.7,0.8,33,18,11.7,30.1,,0.7,,1.9,3.6,6.5,88.2,11.8,87.9,12.1,12,88,13,2.7,39.5,0.4,0.4,,,4.3,,39.6,,85.1,14.9,47,40.1,13,8.8,60.7,24.3,6.2,16.8,44.1,35.9,3.2,19.2,38.6,27.5,14.7,60100,22.2,17.3,11.6,15.9,11,8.2,8.5,2.7,2.5,,45100,9.1,28.2,27.7,6.8,10,,9,9.2,,,980,4.1,14.1,22.9,14.5,15.8,6.8,5.4,20.6,35.8,58.2,21.2,28.2,13.2,7.1,30.4,34.7,29.4,חרדי,82.8,,12.4,82.8,,2.1,2.7,1.2,54.7,32.8,12.6,4.1,13.5,36.9,27.4,12.9,5.1,,,16.5,6.7,27.6,0.66,0.7
ירושלים,3000,514,514,ותיק,1,מחוז ירושלים,11,נפת ירושלים,111,הרי יהודה,410,"מטרופולין ירושלים, גלעין",120,"יישוב יהודי 500,000 תושבים ומעלה",0,עירייה,ללא שיוך לאשכול,0,,4780,,,1010.1,,27.1,21,21,22,1,יהודים,84.2,11.9,11.6,16,5.6,3.4,3.3,2.9,1.2,0.8,10,9.4,8.8,3.6,3.1,3.3,2.6,1.6,1.1,89.9,10.1,21.1,22.3,23.9,32.6,7.7,3.9,7,13.6,67.9,ישראל,67.9,ארצות הברית,6.9,איראן,4.5,מרוקו,3.1,ארצות הברית,28.3,הממלכה המאוחדת,14.6,איראן,14.6,אחר,42.5,3.9,34.6,39.3,29.2,65.4,60.7,70.8,21,21,20,5.1,94.9,1.9,1.5,2.9,2.6,3.1,10.3,61.8,20.3,7.6,6.1,75.4,7.4,11.1,14.2,49.3,32.1,4.4,33.7,45.8,5.2,10.7,3.7,0.9,33.7,60.4,1.2,4.1,0,0.6,78.9,33.6,32.4,9,16.7,7,1.3,44,56,31.1,68.9,55.9,44.1,88.3,11.7,,92.1,7.9,,86.4,13.6,,27.7,31.1,26.2,2.8,,,2.3,,,1.1,8.9,1.1,5,2.8,0.7,0.3,5.8,2.6,2.9,37.4,14.7,1.4,3.2,0.2,,9.5,,,4.8,,,2.5,11.7,2.1,6.6,2.2,,1,1.7,6.8,3.8,28.5,12.2,,3.5,0,,12.6,,,1,,,0.4,7.5,0.5,4.2,3.1,1.1,,7.9,0.5,2.5,41.9,15.9,2.1,3,0.4,,7.9,4.6,31.3,13.6,12.9,22.3,,3.1,0.5,2.7,9,5,28.3,16.6,6.8,18.8,,7.2,1.4,8.1,7.7,4.4,32.9,12,16,24.1,,0.9,,,9.7,10.4,87.6,12.4,80.8,19.2,16.8,83.2,14.8,2.3,57.8,,,1,,,,22.8,1.2,65.1,34.9,28.6,54.6,16.8,5.1,73.9,21,,12.6,69.8,17.6,,15,37.9,37.9,9.3,54400,16.2,18,24.3,12.2,5.9,6.6,7.7,3,3.6,2.5,62700,7.1,3.3,17.7,25.3,17.5,,3.8,5.7,19.5,,1020,4.1,11.4,20.8,18.3,12.7,9.3,9,18.5,41.4,59.9,27,21.3,17,7.4,27.2,36.9,19.7,חרדי,89.8,,7.7,89.8,1.7,0.8,,1.2,48.4,46.7,5,4.1,21,21.8,33.1,15.3,2.5,1.9,0.2,23.4,4.3,36.1,0.71,0.7
ירושלים,3000,515,515,ותיק,1,מחוז ירושלים,11,נפת ירושלים,111,הרי יהודה,410,"מטרופולין ירושלים, גלעין",120,"יישוב יהודי 500,000 תושבים ומעלה",0,עירייה,ללא שיוך לאשכול,0,,5390,,,1306,,19.9,21,21,21,1,יהודים,87.9,13,10.3,9.9,5.1,3.6,3,2.8,2,1.3,12.1,10.5,8.3,4,3.4,3.1,2.8,2.3,2.5,88.5,11.5,27.3,23.6,20.9,28.2,9.5,4.4,7.4,13.3,65.4,ישראל,65.4,ארצות הברית,8.5,איראן,4,מרוקו,2.7,ארצות הברית,26.5,איראן,12.2,מרוקו,8.4,אחר,52.9,3.6,29.3,23.9,33.5,70.7,76.1,66.5,22,23,21,4.2,95.8,1.7,0.3,2.2,1.1,3.2,5,55.8,24.2,15,1.9,66.9,12.6,18.6,7.9,45,35.7,11.4,27.6,42.1,7.2,10.8,9.4,2.9,34.9,46.4,7.1,3.9,5.4,2.3,72.7,20.4,38,7.2,17.7,13.4,3.4,45.9,54.1,32.7,67.3,58.8,41.2,88.4,11.6,,90.4,9.6,,87.3,12.7,,26.9,31.8,24.7,2.7,,,4.5,,,2.3,8.1,1.3,2.2,2.8,0.5,2.3,8.3,2.5,0.6,34.9,16.6,1.4,3.5,0.4,,7.8,,,8.3,,,4.6,17.6,3.7,5,,,4.3,4.4,4.4,0.8,28.5,6.8,2.8,5.2,1.1,,2.6,,,2.5,,,1.1,3.1,,0.7,4.3,0.8,1.3,10.4,1.5,0.5,38.3,21.8,0.6,2.6,,,10.5,4.4,41.3,12.6,9.4,19.7,,2.2,1.3,4.5,4.5,7.7,27.2,17.2,5.2,23.5,,3,3.7,7.8,4.8,2.6,48.8,10.2,11.7,17.8,,1.8,,2.8,4.4,6.7,83.9,16.1,87.9,12.1,13.6,86.4,19.3,1.2,50.8,,,0.3,,3.9,,22.1,2.4,57,43,28.2,61.9,9.9,6.2,69.4,24.4,,6.4,64.8,25.2,3.7,15.5,44.4,28.7,11.4,55600,23.4,18.3,13.5,15.5,5.6,11.3,5.1,2.7,3,1.7,42800,16,29.6,16.2,10.1,2.3,,11.1,5.3,2.4,7.1,1310,4.2,14.4,18.4,14.1,17.6,6.3,12,17.2,48.2,62.3,21.9,26.6,7.6,19.7,24.1,30.6,18.2,חרדי,78.8,,13.8,78.8,2.9,4.5,,1.3,52.5,36.8,10.7,2.2,15.4,37.4,30.8,11.7,1.6,0.8,,23.6,2.3,37.7,0.72,0.8
ירושלים,3000,521,521,ותיק,1,מחוז ירושלים,11,נפת ירושלים,111,הרי יהודה,410,"מטרופולין ירושלים, גלעין",120,"יישוב יהודי 500,000 תושבים ומעלה",0,עירייה,ללא שיוך לאשכול,0,,5090,,,1240.7,,22.2,21,21,20,1,יהודים,87.1,10.2,11.7,13.1,5.5,3.6,3,2.9,2,1.1,11.7,11.7,6.5,3.8,3,3,3.1,2.3,1.9,86.2,13.8,10.9,34.3,19.7,35,19.2,4.5,3.6,15.6,57,ישראל,57,ארצות הברית,16.5,הממלכה המאוחדת,3.2,מרוקו,2.8,ארצות הברית,42,הממלכה המאוחדת,8.2,מרוקו,7.2,אחר,42.5,3.9,37.5,39,36,62.5,61,64,22,23,21,3.6,96.4,1.2,1.5,2.3,1.4,1.9,2.9,54.3,24.5,18.4,1.4,67.1,8.1,23.4,4.2,43,38.9,13.9,25.4,43.7,3.7,13.4,9.7,4.1,29.7,51.7,3.7,6.2,4.9,3.9,80.8,21.6,36.7,3.8,19.7,14,4.2,41.1,58.9,26.5,73.5,53.9,46.1,85.7,14.3,,77.9,22.1,,89.2,10.8,,26.6,25.7,27,9,,,1.2,,,1.7,5.4,1.2,0.9,6.4,0.6,1.9,6.3,1.8,1.2,48.7,15,0.8,5.2,,,1.6,,,2.2,,,5.6,7.8,3.9,1.2,4,,,4.8,,1.3,50.8,9.1,0.8,6.4,,,2,,,0.7,,,,4.4,,0.8,7.4,0.9,2.7,7.1,2.6,1.2,47.7,17.6,0.8,4.6,,,1.5,0.9,53.8,16.7,13.3,11.7,,0.6,0.5,0.4,2.3,0.8,63.9,14.3,10.3,4.8,,1.8,1.6,1.2,1.3,0.9,49.3,17.7,14.6,14.7,,,,,2.7,8.4,80.6,19.4,80.4,19.6,19.5,80.5,11.8,1.3,57.8,0.4,0.4,1.9,0.3,1.2,,24.9,,85.3,14.7,29.8,62.9,7.3,36.6,32.9,26.4,4.2,,91.4,3.9,4.6,8.3,52,26.5,13.2,68100,15.4,12.7,19.4,18.2,10.7,7.9,4.6,4.6,4,2.6,61500,12.6,21.2,6.3,18.1,7.4,17.2,9.9,5.2,2.2,,1140,4.1,11.4,34.6,13,8.8,3.4,7.6,21.1,42.2,53.8,27,18.4,9.2,10.2,35.1,38,25.9,חרדי,87.2,3.4,9.4,87.2,,,,1.2,56.3,39.5,4.2,6.7,10.4,31.2,28.9,15.7,7,0.2,,25.7,1,29.8,0.75,1.1
ירושלים,3000,522,522,ותיק,1,מחוז ירושלים,11,נפת ירושלים,111,הרי יהודה,410,"מטרופולין ירושלים, גלעין",120,"יישוב יהודי 500,000 תושבים ומעלה",0,עירייה,ללא שיוך לאשכול,0,,6410,,,1218.5,,37.1,20,21,18,1,יהודים,78,13.1,11.7,13.9,5.9,5.1,2.2,1.4,1.1,0.7,13.1,11.7,5.7,5.2,4,1.9,1.1,1.4,0.8,83.5,16.5,7.5,22,14.7,55.8,23.7,3.6,5.2,12.4,55.1,ישראל,55.1,ארצות הברית,20.3,הממלכה המאוחדת,3.8,איראן,3.3,ארצות הברית,47.4,הממלכה המאוחדת,8.9,איראן,6.3,אחר,37.4,3.4,23.8,22.3,25,76.2,77.7,75,23,24,21,3.5,96.5,1.7,1.4,1.9,0.3,1.7,4.8,54.1,26.4,14.8,3.4,68.1,11.9,16.6,6,41.7,39.2,13.2,27.4,38.8,5.3,10.2,13.6,4.6,32.6,48.7,4.1,3.5,8.5,2.6,57.8,22.8,30,6.4,16.1,18.2,6.5,42.4,57.6,28.8,71.2,54.3,45.7,89.5,10.5,,87.3,12.7,,90.5,9.5,,29.4,34.3,27.6,2.6,,,2.5,,,2,10.3,0.4,1.5,8.8,1.1,0.9,7.8,1,3.1,37.7,10.9,2.9,4.2,0.4,,4.5,,,3.3,,,6.4,10.8,1.2,1.5,3.5,0.8,0.8,8.3,1.8,4.4,41,7.9,,4.7,,,3.7,,,2.2,,,,10.1,,1.5,11.2,1.2,1,7.6,0.6,2.5,36.1,12.4,4.2,4,0.6,,4.8,2.8,48.1,11,9.9,18,,1.5,1.2,1.5,6,5.1,41.3,8.8,13.4,11,,3.4,2.7,1.4,12.8,1.7,51.2,12,8.3,21.2,,0.6,0.5,1.6,2.9,13.1,86.7,13.3,78.9,21.1,18.5,81.5,28.3,3.6,48.8,0.5,,,,0.7,0.6,14.5,2.9,67.5,32.5,54.1,31.7,14.3,28.3,43,21.7,6.9,42.6,23.1,27.2,7.1,13.3,47.8,30.9,7.9,88500,20.5,7.7,12.9,5.7,8.8,8.5,13.8,7.2,9,5.9,51400,24,18.4,3.1,14.1,11.6,11.6,13.4,,3.8,,1060,5,9.8,18.7,9.4,9.4,9.7,11.7,31.3,51.1,68.9,16.1,14.1,13.3,13.5,43,30.7,19.6,חרדי,74.7,1.1,16.4,74.7,2.6,4.5,0.6,1.3,64.2,30.4,5.4,2.8,4.4,33.3,45.5,11.3,1.9,0.2,0.6,47.1,6.8,57.3,0.72,1.3
ירושלים,3000,523,523,ותיק,1,מחוז ירושלים,11,נפת ירושלים,111,הרי יהודה,410,"מטרופולין ירושלים, גלעין",120,"יישוב יהודי 500,000 תושבים ומעלה",0,עירייה,ללא שיוך לאשכול,0,,3290,,,1081.6,,46,23,23,23,1,יהודים,72.2,12.1,8.9,17.5,6.8,2.9,1.7,1.9,1.7,1.8,11,8.2,7.5,5.2,3.2,1.3,1.7,2.2,4.2,76.5,23.5,20.3,30,13.7,36,19,6.1,9.8,15.2,49.8,ישראל,49.8,ארצות הברית,13.4,איראן,5.7,הממלכה המאוחדת,3.1,ארצות הברית,26.1,איראן,9.8,הממלכה המאוחדת,7.8,אחר,56.2,2.8,36.5,27,43.1,63.5,73,56.9,23,23,21,0.4,99.6,5,3.9,5.5,3.8,8.4,12.1,40,18.1,29.8,4.7,50.5,9.2,35.6,17.9,31.6,25.3,25.2,30.2,32.5,5.7,8.7,12,11,29.6,50.4,6.7,3,6.1,4.2,65.8,30.6,18.2,4.8,13.3,16.7,16.4,36.8,63.2,31.2,68.8,41.2,58.8,87.8,12.2,,86.5,13.5,,88.6,11.4,,31,37.7,27.8,3.4,,,0.8,,,1.3,12.1,2.2,0.4,4.4,1.3,1.8,10.1,0.9,6,25.7,11.6,0.6,6.8,0.9,,13,,,2.2,,,3.6,17,4.7,1.1,3.8,,3.4,10.6,2.5,7.8,26.7,1.2,1.8,5.3,,,8.5,,,,,,,9.3,0.8,,4.8,2.1,0.8,9.9,,4.9,25.2,17.6,,7.6,1.4,,15.7,3.8,33.5,18.7,9.6,19.9,,,1.7,0.8,12,5.6,30.4,20.4,,20.9,,,4.7,2.2,15.8,2.7,35.3,17.7,15.1,19.4,,,,,9.9,7,68.3,31.7,79,21,25.2,74.8,41.4,2.7,37.8,,,2.5,,0.7,,11.4,3.5,83.7,16.3,76.2,17.6,6.1,61.8,21.9,7.8,8.5,30.5,38.6,27,3.9,8.9,42.7,44.9,3.6,91700,11.6,9,11.6,13.6,7.7,8.5,10.2,6,13.2,8.6,57000,12.3,5.6,30.2,14.8,27.2,4.8,,4.9,,,620,3.5,22.6,27.8,7.8,15.1,5.1,6.7,14.9,40.6,52.6,24.2,24.6,13.8,10.3,27.2,23.8,29.1,חרדי,60.5,3.2,17,60.5,6,10.3,2.9,1.1,48.4,47.8,3.7,1.3,8.5,58.8,27.9,2.9,0.7,,,43.2,4.1,68.1,0.82,1.1
ירושלים,3000,524,524,ותיק,1,מחוז ירושלים,11,נפת ירושלים,111,הרי יהודה,410,"מטרופולין ירושלים, גלעין",120,"יישוב יהודי 500,000 תושבים ומעלה",0,עירייה,ללא שיוך לאשכול,0,,1690,,,1118.4,,19.8,25,26,24,1,יהודים,82.8,7.8,7.5,13.5,6.2,3.8,2.8,3.7,3.3,2.4,9.8,11.4,6.5,4.5,3.7,2.5,3,4.1,3.4,73,27,14.9,24.9,14.6,45.5,26.4,5.3,13.3,13.9,41.1,ישראל,41.1,ארצות הברית,21.8,איראן,7.7,עיראק,3.3,ארצות הברית,39.4,איראן,13.2,הממלכה המאוחדת,6.1,אחר,41.3,2.7,39.4,38.2,40.5,60.6,61.8,59.5,23,25,22,9.6,90.4,3.5,1.1,3.8,3,6.8,6.4,47.4,24,22.2,5.9,57.2,18.4,18.5,6.9,38.6,29,25.5,25.3,27,13.6,6.5,16.4,11.2,23.6,32.7,12.8,5.6,13.7,11.6,50.2,26.9,21.8,14.3,7.3,18.9,10.9,48,52,49.4,50.6,46.6,53.4,80.6,19.4,,74.4,25.6,,86.1,13.9,,32.9,45.1,22,,,,5.1,,,3.5,11.2,2.9,0.5,5.9,4.2,2.4,10.3,5.2,5.4,23.6,10.7,,3.2,0,,5.7,,,6.6,,,7.2,14.1,6,1.1,8.1,7.5,0.9,6.2,9.6,7.8,12.3,8,,,0,,4.7,,,3.5,,,,8.4,,,3.7,1,3.9,14.4,0.9,3.1,34.7,13.3,,6.4,0,,6.7,8.2,35.8,19.9,1,13.1,,5,2.9,5,9.1,16.6,20.3,13.9,1.2,15.8,,7.6,6,8.2,10.3,,50.8,25.6,0.9,10.4,,2.4,,2,8,11.2,87.7,12.3,64.2,35.8,23.1,76.9,40,,30.1,3.3,,0.7,,0.7,,13.4,11.9,54.6,45.4,36.3,47.6,16.2,6.7,25.9,67.5,,5.2,33.8,55.9,5,1.7,37.3,52.4,8.6,82500,24.3,14.4,4,8.9,12.8,6.3,4.1,9.7,12.3,3.1,145500,13.1,7.8,,,11.1,10.2,6.5,41.3,7.1,2.8,470,3.2,16.3,39.3,11.8,10.5,6.5,2.9,12.8,20,33.7,23.6,16.3,17,12.4,30.6,27.7,37.8,חרדי,42.4,3.4,33,42.4,9.5,10.1,1.7,0.9,51.6,44.3,4.2,1.5,18.6,22.5,31.7,13.2,9.2,2.9,0.4,63.8,21,49,0.8,1.3
ירושלים,3000,531,531,ותיק,1,מחוז ירושלים,11,נפת ירושלים,111,הרי יהודה,410,"מטרופולין ירושלים, גלעין",120,"יישוב יהודי 500,000 תושבים ומעלה",0,עירייה,ללא שיוך לאשכול,0,,4600,,,1141.1,,24.9,21,22,20,1,יהודים,83.9,12.6,10.6,12.4,5.6,4.3,3.2,2.3,1.6,0.8,12.1,10.9,7.1,4.6,4.5,2.7,2.3,1.5,0.8,85.9,14.1,14.3,31.8,21,33,14.8,4.2,12.6,8.7,59.7,ישראל,59.7,ארצות הברית,11.9,איראן,9,מרוקו,2.7,ארצות הברית,34.7,איראן,21.1,הממלכה המאוחדת,5.6,אחר,38.6,3.4,24.7,23,26.3,75.3,77,73.7,22,24,21,4.4,95.6,3.5,2.3,4.1,2.5,5.2,7.2,63.7,21.5,7.6,5.2,77.3,12.7,4.9,9.1,51.1,29.7,10.1,30.8,41.3,7,7.7,11,2.2,33.8,51.6,5,4.2,4.3,1.1,64,28.1,31.9,8.8,11,17.1,3.1,49.8,50.2,41.3,58.7,57.6,42.4,90.8,9.2,,84.2,15.8,,95.1,4.9,,28.6,29.4,28.1,6,,,1,0.5,,1.3,7.6,4.8,1.6,3.8,3,,6.1,2.3,4.7,31.2,18.1,2.4,6.6,0.9,,4,,,2.4,1.3,,3.4,14.2,9.4,4.1,2.3,2.9,,1.8,4.5,0.9,29.5,9.6,3.7,4.7,,,5.2,,,,,,,3.2,1.7,,4.7,3.1,,8.9,0.9,7.2,32.4,23.8,1.6,7.9,1.5,,3.2,2.9,31.3,14.1,11.1,24.3,,4.3,3.9,1.9,6.1,5.1,21.6,14.5,4,24.6,,10.8,9.7,3.4,6.3,1.5,37.7,13.9,15.8,24.2,,,,0.9,6,9.5,83.8,16.2,74.8,25.2,21.5,78.5,29.8,2.4,43.1,1.4,,,1,0.7,2.3,11.6,7.6,53.9,46.1,47.6,47.6,4.8,,39,44.2,16.8,8.1,48.1,29.4,14.4,1.7,43.4,38.6,16.3,76800,14.5,15.2,12.2,12.9,11.8,10.3,8.2,6.7,3.5,4.6,81800,3.7,,7.3,27.7,9.1,7.7,11.8,15.5,13.7,3.4,800,4.4,12.3,21.7,9.7,13.2,12.9,8.7,21.5,35.6,55.6,19.6,17.7,13.8,13.6,35.3,31.5,27.1,חרדי,72.1,,14.7,72.1,4.4,6.3,2.5,1.2,65.4,29.7,4.8,1.3,6.5,30.6,44.3,15.3,2,,,45.3,9,50.2,0.77,1
ירושלים,3000,532,532,ותיק,1,מחוז ירושלים,11,נפת ירושלים,111,הרי יהודה,410,"מטרופולין ירושלים, גלעין",120,"יישוב יהודי 500,000 תושבים ומעלה",0,עירייה,ללא שיוך לאשכול,0,,5460,,,1325,,0.6,17,16,18,1,יהודים,99.3,17.1,11.4,7.5,5.3,4.1,3.8,1.8,0.6,0.2,14.9,10.7,7.8,5.2,3.7,3.5,1.3,0.5,0.6,94.5,5.5,14.9,38.6,28.1,18.4,3.6,7.5,9.1,6.4,73.4,ישראל,73.4,איראן,6.2,מרוקו,4.9,ארצות הברית,2.4,איראן,21,מרוקו,15,ארצות הברית,14,אחר,50.1,3.3,26.4,23,29.8,73.6,77,70.2,22,23,21,4.4,95.6,1.9,0.4,2.1,0.6,3.1,4.6,75.1,16.5,3.8,4.9,84.8,6.7,3.6,4.3,65.9,25.8,4.1,27.8,53.8,6.7,7,4.5,0.3,32.9,58.6,4,3,1.4,0.2,75.7,22.9,49.2,9.2,10.8,7.5,0.4,55,45,42.5,57.5,66.9,33.1,91.4,8.6,,88.9,11.1,,92.7,7.3,,28.5,29.6,27.9,3.2,,,2.7,,0.4,0.7,10.2,3.4,1.4,4.3,1.1,0.9,3.5,2.8,2.5,34.9,19.2,1.9,7.2,1.1,,1.9,,,3.1,,1.1,1.1,19.8,9.5,3.9,1.2,2.3,1.8,1.4,3.7,0.8,29.1,7.1,4,5.4,1.8,,3,,,2.5,,,0.5,4.9,,,5.9,0.4,0.4,4.6,2.3,3.5,38.1,25.9,0.8,8.3,0.7,,1.2,1.1,27.5,18,11.6,30.4,,2.9,1.6,4.6,2.4,1.1,21.4,20.1,11.1,22.1,,6.3,4.3,9.1,4.5,1.1,30.9,16.9,11.8,35.1,,0.9,,2,1.2,9.8,87.5,12.5,79,21,17.9,82.1,17.3,0.5,61,,,0.2,0.5,2.2,0.6,15.5,2.1,52.5,47.5,7.9,68.2,23.9,25.3,45.7,15.6,13.4,6.8,34.6,40.8,17.8,7.7,44.2,35.4,12.8,57400,19,18.9,19.1,12.2,11.9,5.6,5.8,5.2,2.1,0.3,67000,11.2,7.5,12.2,16.9,13.4,16,6,5.9,2.9,7.9,1230,4.5,11.2,23,8.4,12.4,10.4,10.2,24.5,42.6,62.2,20.1,14.1,14.3,19.3,32.2,31.9,7.8,חרדי,79,1.7,13.9,79,0.8,3.5,1.1,1.4,54,43.8,2.2,4.8,13.8,37.5,35.3,8.5,0.2,,,31.5,2.5,28.7,0.7,0.6
ירושלים,3000,533,533,ותיק,1,מחוז ירושלים,11,נפת ירושלים,111,הרי יהודה,410,"מטרופולין ירושלים, גלעין",120,"יישוב יהודי 500,000 תושבים ומעלה",0,עירייה,ללא שיוך לאשכול,0,,3450,,,1146.7,,20.3,23,24,21,1,יהודים,88,11.3,8.6,12.9,4.4,3.8,3,4.3,2.6,0.9,12,9.9,9.1,3.1,3.1,3.2,3.8,2.6,1.3,86.9,13.1,18.7,33.1,19.5,28.7,11.9,4.3,7,12.2,64.6,ישראל,64.6,ארצות הברית,10.1,איראן,4.1,מרוקו,2.8,ארצות הברית,39.4,איראן,11.6,מרוקו,6.8,אחר,42.2,3.5,21.9,19.7,23.9,78.1,80.3,76.1,22,23,20,5.4,94.6,2.8,1.3,0.4,1,5.5,4.4,57.5,16.4,21.7,1.3,67.9,6.5,24.2,7.2,48.2,25.2,19.4,24.4,43.7,7.6,9.3,7.7,7.3,17.9,58.5,2.7,4.9,7.2,8.7,75.9,30.3,30.4,11.9,13.2,8.2,6.1,40.7,59.3,26.6,73.4,53.5,46.5,95.2,4.8,,98.1,1.9,,93.9,6.1,,27.1,29.9,26,3.6,,,3.8,,,1.8,8.3,1.9,2.4,5.3,2.1,0.4,3.2,3.6,4.5,39.1,11.7,0.8,6.6,,,4.4,,,7.8,,,5.8,7.3,4.9,6.6,1,,,,3.2,4.5,36.5,7.7,,11.3,,,3.2,,,2,,,,8.7,0.6,0.6,7.2,3,0.6,4.7,3.7,4.5,40.3,13.4,1.1,4.5,,,5,0.9,35.1,15.8,9.5,23.4,,2.3,1.9,2.6,8.5,1,34.3,12,6.9,25.4,,4.2,6.1,4.2,6,0.9,35.4,17.5,10.6,22.5,,1.5,,1.8,9.6,8.6,87.3,12.7,81.3,18.7,16.7,83.3,17.4,1.6,45.6,2.5,,,1,2.8,0.6,24.5,4,73.3,26.7,48.1,43.2,8.7,27.3,41.7,28.6,2.4,,61.6,22.4,16,12.8,53.9,20.1,13.2,60600,17.1,15,23.3,10.3,5.5,7.6,7.3,6.5,4.8,2.6,98900,,,29.2,13.9,,12.6,33.1,,11.2,,900,3.5,11.2,35.2,23.7,6,5.8,4.3,13.8,30,42,36,13.6,10.9,8.1,31.3,36.9,34.4,חרדי,86.4,,12.3,86.4,,0.2,1,1.1,54.4,37.6,8,6.9,17.1,32.8,34.6,5.4,2.2,,0.9,26.1,4.2,39.8,0.78,0.9
ירושלים,3000,541,541,ותיק,1,מחוז ירושלים,11,נפת ירושלים,111,הרי יהודה,410,"מטרופולין ירושלים, גלעין",120,"יישוב יהודי 500,000 תושבים ומעלה",0,עירייה,ללא שיוך לאשכול,0,,4510,,,1024.8,,4.2,30,28,32,1,יהודים,72.8,10.3,7.2,9.4,6.2,4.3,4.1,2.7,3.1,2.1,8.7,7.7,6.5,6.7,5.5,3.9,3.5,4.8,3.3,70.8,29.2,12.2,30.4,27.1,30.3,19.1,5.7,8.8,23.1,43.3,ישראל,43.3,ארצות הברית,13.3,רוסיה,4.9,איראן,3.7,ארצות הברית,25.7,רוסיה,11.5,אוקראינה,6,אחר,56.7,2.1,37.2,36.3,38.1,62.8,63.7,61.9,24,26,23,6.9,93.1,1.5,0.8,1.9,1.3,4.6,3,36.2,23.5,37.3,2.3,37.3,21.7,38.7,3.6,35.3,25,36.1,17.8,22,12,6.8,21,20.4,19.1,25.3,10.1,8.3,20.1,17.2,28.5,16.6,19.3,13.7,5.5,21.9,23.1,61.8,38.2,66,34,58.3,41.7,86.2,13.6,0.1,82.1,17.6,0.3,90.2,9.8,,36.9,39,35.4,19.6,,,3.7,,0.2,3.2,5.1,1.9,4.6,4.4,2.5,1.2,9.9,3.2,13,22,14.6,1.8,3.2,0.4,0.7,4.5,,,6.5,,0.4,6.5,6.1,2.5,4.6,4.7,2,1.6,10.9,3.7,15.6,14.5,5.9,1.5,3.2,0.7,1.4,7.6,,,1,,,,4.1,1.4,4.6,4.1,3,0.8,8.9,2.8,10.5,29.1,23,2.1,3.1,0.1,,1.6,6.8,42.3,16.5,8.7,14.1,,2.8,1.1,1.1,6.6,9,37.3,15.3,5.1,13.8,,5.7,2.2,1.7,9.9,4.8,47.2,17.8,12,14.3,,,,0.4,3.5,13.7,68.6,31.4,74.2,25.8,28.5,71.5,58.7,1.9,23.2,,0.4,0.4,0.2,1.7,0.2,4.4,8.8,42.7,57.3,25.6,44.9,29.5,16.9,37.1,34.3,11.7,24.2,18.8,44.7,12.2,4.1,19,58.9,18.1,114300,9.5,7.5,9.4,8.5,7.5,12,8.7,11.9,11.6,13.4,75000,15.6,18.4,3.7,4.2,11.9,10.1,6.9,7.3,5.6,16.2,1640,2.8,25.7,30.2,14.9,11.1,9.7,4.4,4,27.2,39.9,33.2,30.2,19.1,10.8,6.6,21.3,32.9,חילוני,35.7,1.6,16.7,18,35.7,25.4,2.5,0.8,50.3,40.6,9.1,3.7,7.6,36.7,31.7,17.6,2.4,0.3,,70.3,21,54.5,0.92,1.7
ירושלים,3000,542,542+543,ותיק,1,מחוז ירושלים,11,נפת ירושלים,111,הרי יהודה,410,"מטרופולין ירושלים, גלעין",120,"יישוב יהודי 500,000 תושבים ומעלה",0,עירייה,ללא שיוך לאשכול,0,,5280,,,516.8,,2.2,23,24,22,1,יהודים,60.2,5.4,6.2,18.5,4.6,3.1,2.4,0.9,1.1,1.2,7,8.5,27.3,3.9,2.9,2,1.6,1.7,1.6,73,27,7.3,20.2,26.5,46,15.2,7.2,5.4,29,43.2,ישראל,43.2,ארצות הברית,9,רוסיה,7.1,"בריה""מ (לשעבר)",4.3,ארצות הברית,17.6,רוסיה,14.8,אוקראינה,7.7,אחר,59.9,1.4,72.9,68.7,75.9,27.1,31.3,24.1,25,26,23,38.8,61.2,1,0.3,0.5,3.2,3.6,5.1,26.1,42.4,26.4,4.7,28.2,36,31.1,5.4,24.4,47.8,22.4,15.2,11.5,31.3,3.9,22.6,15.5,18.2,11.3,27.7,4.3,21.4,17.1,21.5,12.7,11.8,34.3,3.6,23.5,14.1,63,37,75.5,24.5,52.6,47.4,93.4,6.6,,92.4,7.6,,94.5,5.5,,28.1,30.9,25,8.5,,,2.3,0.3,0.4,1,6.3,4.9,5.6,3.5,0.7,0.1,9.7,4.2,11.6,25.3,16.8,1,4.7,0.2,0.1,1.4,,,3.2,0.6,0.8,1.9,2.5,9.2,6.6,3.4,0.7,,9,6,8.1,22.2,15.5,0.3,8.1,,0.2,1.6,,,1.2,,,,10.5,,4.4,3.6,0.6,0.3,10.4,2.2,15.6,28.8,18.2,1.9,0.9,0.3,,1.1,5.9,40.6,13.6,7.2,15.9,,1.8,5.5,2.4,7.1,8.4,42.5,8,4,14.7,,2.5,10.5,4.6,4.8,3.1,38.4,19.8,10.8,17.2,,0.9,,,9.7,21.9,76,24,80.4,19.6,22.1,77.9,46.8,3.1,26.8,,0.2,,1.1,2,0.6,9.9,9.5,42.7,57.3,24.2,25.4,50.4,12.2,50.3,13.9,23.7,,39.9,45.5,14.5,4.9,28.3,35.3,31.5,64500,28.4,15.2,5.8,7.9,8.5,3.1,5,9.8,7.8,8.5,80100,4,2.3,17.6,3.5,22.9,29,1.1,7.6,7.9,4,1380,3,18.8,30.8,15.1,14.2,11.8,4.4,4.9,23.9,39.1,31,40.7,14.7,8.3,5.3,42,18.1,חילוני,40.8,1.1,19.2,6.5,40.8,28.9,3.6,1,39.1,48.8,12.1,10.5,18,25.4,33.3,6.3,2.7,2.5,1.3,61.6,19.5,60.3,0.93,1.8
ירושלים,3000,611,611,ותיק,1,מחוז ירושלים,11,נפת ירושלים,111,הרי יהודה,410,"מטרופולין ירושלים, גלעין",120,"יישוב יהודי 500,000 תושבים ומעלה",0,עירייה,ללא שיוך לאשכול,0,,6690,,,1207.1,,1.3,19,20,19,1,יהודים,99.1,13.4,10.9,7.5,4.9,3.2,4.3,3.7,0.9,0.2,14.1,11.7,8.4,5.4,3.3,4.5,2.7,0.5,0.3,92,8,6.1,35.9,27,31,10.1,5.5,6,8.9,69.5,ישראל,69.5,ארצות הברית,6.9,מרוקו,3.9,איראן,3.6,ארצות הברית,29.4,מרוקו,10.5,איראן,10.4,אחר,49.7,4,29.4,25.4,33.2,70.6,74.6,66.8,22,23,21,4.2,95.8,1.1,0.2,0.5,0.1,1.3,1.9,66.4,23.2,8.5,2.3,80.2,8.7,8.7,1.6,52.8,37.4,8.2,27.4,45.6,5.1,11.7,7.7,2.5,37.8,49.5,2.6,5.8,2.5,1.7,79.7,17.2,41.7,7.4,17.5,12.8,3.3,52.8,47.2,35.7,64.3,69.4,30.6,86.5,12.8,0.7,84.2,15.8,,87.6,11.3,1,32.4,37.6,30.3,6.3,,,3.2,,,1.6,8.8,2.8,3.3,5.9,2.5,0.3,7.2,1.6,3.8,34.4,14.5,1.3,6.6,0.3,,1.9,,,5.6,,,4.9,21,6,5.2,2.8,1.9,,1.8,3.7,4.2,27.1,6.4,2.2,3.2,,,4,,,2,,,,2.9,1.3,2.3,7.4,2.8,0.5,9.8,0.6,3.6,37.9,18.4,0.9,8.3,0.4,,0.9,2.1,40.4,18,9.7,20.1,0,2.9,2.3,1.9,2.5,3.9,30.8,15.2,7,24.2,0.1,6.8,7,3.2,1.8,1.3,45.1,19.4,11.1,18.1,,1,,1.2,2.8,10.7,86.2,13.8,82.2,17.8,16.4,83.6,32.2,3.1,53.4,,,0.5,,1.1,0.7,7.5,1.4,57.6,42.4,32.1,51.1,16.8,3.9,61.5,28.2,6.4,4.5,42.3,45.7,7.5,4.4,40,36.4,19.3,82100,15.3,11.5,9.3,14.7,10.7,12,9.7,10.1,3.5,3.2,74200,17.8,5.2,9.4,10.8,10.1,21.8,14.6,5.1,3.1,2.3,1590,4.6,4.7,18.7,17,11.5,14.8,13.6,19.8,45,66.4,21,19.8,18.7,15.7,24.8,30.7,12,חרדי,87.1,0.2,8.9,87.1,1.1,2.1,0.5,1.2,65.2,33.5,1.3,0.9,3.9,22.8,41.6,27.7,2.6,0.4,,49.5,9.5,39.4,0.81,1.2
ירושלים,3000,612,612,ותיק,1,מחוז ירושלים,11,נפת ירושלים,111,הרי יהודה,410,"מטרופולין ירושלים, גלעין",120,"יישוב יהודי 500,000 תושבים ומעלה",0,עירייה,ללא שיוך לאשכול,0,,5920,,,1185.9,,2.1,20,19,20,1,יהודים,98.5,13.2,12.3,8.3,3.3,4.1,5.3,3.4,0.8,0.2,11.7,12.6,7.8,4,4.4,4.8,2.7,0.9,0.3,93.4,6.6,10.5,40.5,28.9,20,8.2,5.2,5.6,9,72,ישראל,72,ארצות הברית,6.3,מרוקו,4,איראן,3.2,ארצות הברית,29.7,מרוקו,15.7,איראן,9.3,אחר,45.3,3.8,25.3,22.9,27.6,74.7,77.1,72.4,22,23,21,4.1,95.9,2.1,0.3,2.2,1.5,4.3,4.1,67.3,20.8,7.7,2.8,79.8,8.4,9,5.4,54.9,33.3,6.4,32.1,44,3.9,11.5,6.8,1.6,39.2,49.7,1.1,5.1,3.6,1.2,75.4,25,38.3,6.7,18,10,2,47.8,52.2,39.7,60.3,55.9,44.1,90.2,9.8,,84.7,15.3,,94,6,,30.3,34.6,27.6,3.3,,,4.5,0.2,0.6,2.6,7.7,3.4,3.4,4.7,0.5,0.7,6.7,1,1.8,39,13.5,1.6,5.1,0.9,,2,,,8.8,,1.5,4.9,8.9,7.8,6.1,2.1,,0.4,6.7,1.5,0.4,28.8,10.8,1.9,6,2.2,,1.2,,,1.5,0.4,,1,7,0.3,1.6,6.5,0.9,1,6.8,0.7,2.7,45.9,15.4,1.4,4.5,,,2.5,3.6,37.8,14.4,10.5,19.8,,4.8,3.1,3.2,2.8,7.4,27.4,16.4,4,18.2,,8.6,7.7,7.4,2.8,1,44.9,13,15,20.9,,2.2,,0.3,2.7,11.6,86.3,13.7,85.6,14.4,14.1,85.9,30.8,3.2,50.4,0.5,0.8,1.8,,1.5,,10.4,0.6,18.7,81.3,42.8,35.2,22,7.1,45.3,32.5,15.1,,52.9,42.4,4.7,13,37.5,31.7,17.9,79900,17.7,10.5,13.8,11.2,10.4,9.7,11.3,6.8,6.3,2.3,61600,6.7,26.3,14.2,20.9,12.3,6.3,4.3,2.8,6.3,,1300,4.9,3.1,15.7,16.5,15.6,11.4,13.3,24.4,37.1,70.2,24.2,18.2,15.4,15.1,27.1,40.9,13.6,חרדי,79.8,1.3,8.3,79.8,0.8,9.4,0.3,1.3,66.5,28.2,5.3,3.1,9.9,20,36.7,23.4,6.4,0.4,0.2,51.3,5.7,42.3,0.7,0.8
ירושלים,3000,613,613,ותיק,1,מחוז ירושלים,11,נפת ירושלים,111,הרי יהודה,410,"מטרופולין ירושלים, גלעין",120,"יישוב יהודי 500,000 תושבים ומעלה",0,עירייה,ללא שיוך לאשכול,0,,4270,,,965.6,,3.5,22,22,22,1,יהודים,97.6,10.6,11.1,13.2,3.8,2.7,3.9,4.3,1.5,0.4,10.2,10.9,11.7,3.1,3.2,4.5,3.4,1.2,0.4,89.9,10.1,6.6,36.5,25.5,31.3,14,4.9,4.1,11.8,65.3,ישראל,65.3,ארצות הברית,11.5,מרוקו,3.3,איראן,1.9,ארצות הברית,42.2,מרוקו,7.7,הממלכה המאוחדת,7,אחר,43.1,3.1,32.5,33.3,31.7,67.5,66.7,68.3,22,23,21,8.8,91.2,1.7,0.5,2.7,1.5,2.4,1.6,64.7,25.5,8.2,0.6,78.4,12.1,9,2.6,51.6,38.3,7.4,23.2,43.8,11.3,12,7.5,2.2,30.8,50.6,9,5.9,2.3,1.3,76.2,15.9,37.3,13.5,17.7,12.5,3,54.8,45.2,43.1,56.9,66,34,92,8,,88.3,11.7,,94.2,5.8,,30.2,32.6,28.8,3.4,0.3,,2.5,,0.2,1.2,10.2,0.9,2.1,6.1,1.1,0.5,8,2.3,4.9,35,16.6,1.5,4.5,,,2,0.7,,3.6,,0.5,3.1,15.1,2.4,3.5,2.6,1.3,1.4,10.3,2.2,7.7,32.4,8.2,0.5,2.6,,,1.9,,,1.9,,,,7.1,,1.2,8.3,1,,6.5,2.4,3.1,36.7,21.8,2.2,5.8,,,2.1,4.2,38.6,15.2,11.8,18.7,0.3,3,0.9,1.1,6.3,7.2,31.5,13.5,5.5,19.4,0.7,5.2,2.3,1.6,13,2.2,43.1,16.2,15.7,18.2,,1.7,,0.8,2,10.6,87.7,12.3,86.5,13.5,13,87,33.4,3,49.1,0.5,0.9,0.3,0.9,1.1,1.1,9,0.7,52.9,47.1,11.7,55.4,32.9,10.6,39.9,33.5,16,,56.9,34.7,8.4,5,29.2,40.2,25.6,69500,16,17.4,13.9,12.4,10.1,9.3,6.9,7,4.2,2.9,62500,4.7,9.5,21.8,14.9,7.4,11.6,18.8,3.3,5.3,2.8,1130,4.1,13.3,19.9,17,16,6.3,11.2,16.4,35,56.3,28.6,22,13.5,17.4,18.5,42.7,16.9,חרדי,93.3,,5.2,93.3,,,1.5,1.1,48.9,45.5,5.5,8.5,19.1,11.6,16.6,27.5,9.8,6.7,0.2,55.2,17.6,34,0.88,1.2
ירושלים,3000,711,711,ותיק,1,מחוז ירושלים,11,נפת ירושלים,111,הרי יהודה,410,"מטרופולין ירושלים, גלעין",120,"יישוב יהודי 500,000 תושבים ומעלה",0,עירייה,ללא שיוך לאשכול,0,,4510,,,1349.2,,2.9,19,19,20,1,יהודים,97.9,15.1,12.7,9.8,4.7,3.4,3,2.9,1.4,0.6,12.9,10.3,8.4,4.3,3,3,2.2,1.4,1,93.2,6.8,23.7,26.4,27.4,22.4,6.3,2.8,5.4,9,76.5,ישראל,76.5,ארצות הברית,5.7,איראן,3.3,מרוקו,1.7,ארצות הברית,27.9,איראן,15,מרוקו,8.8,אחר,48.2,4,28.9,33.3,23.9,71.1,66.7,76.1,21,21,20,6.5,93.5,0.6,1.1,0.9,0.8,1.9,5.7,74,13.7,6.6,5.2,81.4,6.1,7.3,6.3,66.2,21.6,5.8,32.2,52.7,2.1,9.3,3.2,0.5,31.8,60.2,0.8,5.9,1.3,,78.2,32.5,44.7,3.5,12.9,5.3,1.1,46,54,38,62,54.6,45.4,84.3,12.2,3.6,70,21.4,8.6,94.4,5.6,,28.9,30.1,28.4,4.4,,,8.2,,,0.3,9.9,2.4,1.8,0.4,1.6,0.7,9.7,0.3,,43.9,11.4,1.4,4.3,0.5,,3.2,,,16.7,,,0.7,8,2.2,3.2,,0.7,0.9,10.6,0.7,,41.2,5.8,2.4,2.8,,,3.9,,,2.2,,,,11.4,2.4,0.8,0.6,2.2,0.5,9.1,,,45.9,15.4,0.6,5.4,0.8,,2.7,3.4,34.6,11.7,10.2,26.2,0.3,1.9,4.7,2.8,4,4.2,39.5,14.9,5,10.8,0.7,2,11.3,6.1,5.4,2.9,31.1,9.5,13.9,37.3,,1.8,,0.5,3,8.7,80.4,19.6,79.7,20.3,20,80,16.1,1.1,43.4,,,,,2.2,1,34.4,1.9,62,38,31.7,59.9,8.5,18.7,39.6,30.9,10.8,9.2,50.5,40.3,,9.6,44.3,27,19,53000,15.3,23.2,18.9,12.8,8.1,7.5,7.6,4.9,1.4,0.4,36300,22,20.8,35.2,,15.1,6.8,,,,,1150,3.8,19.6,24.4,11.9,9.4,12.1,4.6,18,31.3,53.6,28.3,15.7,18,8.1,30,39,18.5,חרדי,86.7,2,9.5,86.7,,1.7,,1.3,43.5,42.6,14,11.1,15.9,39.3,27.3,5.1,1.2,,,21.1,2.5,17.8,0.74,0.4
ירושלים,3000,712,712,ותיק,1,מחוז ירושלים,11,נפת ירושלים,111,הרי יהודה,410,"מטרופולין ירושלים, גלעין",120,"יישוב יהודי 500,000 תושבים ומעלה",0,עירייה,ללא שיוך לאשכול,0,,5500,,,1341.7,,7.9,19,19,19,1,יהודים,94.7,16,10.9,10.2,5.7,2.8,2.8,2,1.3,0.7,13.8,10.5,9.1,4.2,2.9,2.9,1.8,1.3,0.9,93.4,6.6,21.7,20.7,17.6,40,7.2,2.5,3.9,9.9,76.6,ישראל,76.6,ארצות הברית,5.9,איראן,2.6,הממלכה המאוחדת,2.2,ארצות הברית,27,איראן,13.2,הממלכה המאוחדת,11.4,אחר,48.4,3.7,23.6,23.2,24,76.4,76.8,76,21,22,20,5.2,94.8,1.4,0.9,1.3,1.4,3.1,7,69.3,18.5,5.2,3,81.2,9.8,6,10.9,57.6,27,4.5,33.9,49.8,3.6,9.8,2.7,0.2,35.7,54.2,2,7.6,0.3,0.2,73.4,32.1,45.5,5.1,12,5.1,0.2,48.6,51.4,33.2,66.8,63.7,36.3,92.3,7.7,,92.4,7.6,,92.3,7.7,,27.7,32.6,25.5,0.6,,,2.2,,,2.5,8.1,0.8,0.8,2.8,1.7,2.8,5.9,1.4,2.4,48.8,10.9,0.6,3.2,1.1,,4.1,,,4.3,,,6.7,8.3,1.7,1.7,1.1,5,3,2.1,4.1,2.3,45.1,5,1.3,0.7,1.8,,5.8,,,1.1,,,0.4,8,0.4,0.4,3.6,,2.7,7.8,,2.5,50.6,13.9,0.3,4.5,0.8,,3.3,2.5,39.6,11.5,12.3,23.3,,2.8,1.5,2.2,4.2,4.7,36.7,14.6,10.1,12.4,,5,4.3,3.8,8.4,1.4,41,9.9,13.5,29,,1.7,,1.4,2.1,9.7,84.5,15.5,79.6,20.4,18.7,81.3,10,1.7,51.2,0.3,1,0.3,,1,0.3,32.9,1.3,59.4,40.6,36.2,50.3,13.5,9.5,49.7,40.8,,5.1,64.2,30.7,,8.4,57.7,22.7,11.2,60700,18.3,19.7,14.4,12.3,7.8,12,3.5,6.9,1.7,3.4,72600,19.7,9.5,,16.7,16.1,4.6,19.2,10.5,3.7,,1330,4.1,15.4,25.2,11.3,8.7,10.7,9,19.8,44.3,58.6,22,16.4,18.1,14.7,28.7,36.5,16.9,חרדי,86.5,0.3,10.1,86.5,,3.2,,1.4,46.2,50.2,3.6,6.6,25.2,37,23.3,7.2,0.4,,0.3,15.5,3.2,18.8,0.72,0.5
ירושלים,3000,713,713,ותיק,1,מחוז ירושלים,11,נפת ירושלים,111,הרי יהודה,410,"מטרופולין ירושלים, גלעין",120,"יישוב יהודי 500,000 תושבים ומעלה",0,עירייה,ללא שיוך לאשכול,0,,6870,,,1578.2,,4.2,17,17,17,1,יהודים,96.9,16.5,11.1,9.5,4.6,2.6,2.6,2.1,1.6,0.7,15.4,11.5,8.1,4.7,2.7,2.2,2,1.2,0.9,94.3,5.7,22.9,16.9,21.4,38.8,6.5,1.7,2.9,9.7,79.2,ישראל,79.2,ארצות הברית,5.7,מרוקו,1.3,איראן,1.3,ארצות הברית,37.3,בלגייה,7,הממלכה המאוחדת,6,אחר,49.7,4.3,19.6,19.3,19.9,80.4,80.7,80.1,20,21,20,7,93,3.2,2.3,1.8,2,2.6,10,72.3,14.7,3,3.5,87.8,5.9,2.8,16.1,58,22.8,3.2,34.7,51.7,2.6,7.6,3,0.4,31.7,62.5,0.8,4.5,0.2,0.2,80.4,37.5,41.7,4.2,10.4,5.6,0.6,48.9,51.1,41.7,58.3,55.5,44.5,91.9,7.5,0.6,89.3,9.2,1.4,93.7,6.3,,28.5,28.8,28.4,1.2,,,6.2,,,1.6,10.3,1.9,0.6,2,0.8,0.6,5.4,1.3,1.5,39.3,18.9,,4.2,0.7,,4.6,,,10.6,,,1.9,8.3,3.4,1.5,1.4,,,2.6,2.6,3.1,38.6,11.5,,7.7,0.4,,6.5,,,3.1,,,1.4,11.7,0.9,,2.4,1.4,1,7.3,0.3,0.4,39.8,24.1,,1.8,1,,3.3,2.2,32.3,16,9.5,26.4,,4,1.6,4.1,3.8,2.7,31.3,15.8,6.8,17.1,,6.5,3.8,8.6,7.4,1.8,33.1,16.1,11.4,33,,2.3,,1,1.3,11.2,89.8,10.2,78,22,17,83,13.9,,41,0.3,0.2,0.5,,2,0.3,41.2,0.6,87.2,12.8,35.1,54.1,10.8,9.8,49.5,40.7,,4.9,39.9,35.5,19.7,15.5,40.6,38.4,5.5,54700,19.2,21.6,17.3,11.6,12.6,5.8,4.8,3.1,3.3,0.8,97300,,6.8,11,5.5,6.8,30.6,5.5,17.9,12.5,3.4,1460,4.4,7.5,24,16.6,11.4,11.2,7.8,21.6,50,64.4,24.7,15.2,16,13.9,30.3,33.5,20,חרדי,88.8,1.4,5.9,88.8,2.9,0.6,0.4,1.5,43.6,45.2,11.2,10.3,21.1,43.1,17.2,7.5,0.8,,,18.2,0.6,10.2,0.66,0.3
ירושלים,3000,714,714,ותיק,1,מחוז ירושלים,11,נפת ירושלים,111,הרי יהודה,410,"מטרופולין ירושלים, גלעין",120,"יישוב יהודי 500,000 תושבים ומעלה",0,עירייה,ללא שיוך לאשכול,0,,2030,,,1638,,3.1,16,16,18,1,יהודים,97.7,19,12.4,7.8,3.9,3.8,3.3,1.5,1,0.4,16,9.4,7.1,4.4,3.2,3,1.4,1.4,0.8,95,5,17.7,37.4,25.9,19,7.5,2.1,2.9,7.8,79.7,ישראל,79.7,ארצות הברית,6.3,רומניה,1.9,מרוקו,1.8,ארצות הברית,32.6,הממלכה המאוחדת,13,מרוקו,7.1,אחר,47.3,4.4,25,27.1,22.8,75,72.9,77.2,20,20,20,3.2,96.8,2.8,0.8,2,0.7,4.2,11,78.4,5.1,5.4,1.7,94.8,0.8,2.7,20,62.7,9.3,8,32.8,57.6,0.8,2.4,5,1.3,24.6,71.9,,,0.8,2.7,75,40.8,43.8,1.7,4.8,9,,42,58,33.1,66.9,50.5,49.5,90.2,9.8,,90.5,9.5,,89.9,10.1,,25.8,30.8,22.7,9.1,1.1,,9.8,,,,14.5,,1.5,1,,,6.7,3.6,1.1,27.3,25.7,2.1,4.3,1.3,,,3,,22.6,,,,25.3,,4.1,,,,,4,,31.5,3.6,5.8,,,,,,,2.3,,,,8.2,,,1.6,,,10.7,3.4,1.7,24.8,38.6,,6.8,2,,,1.5,30.7,1.8,7.9,32.6,1.1,7.6,4.5,10.8,1.6,3.9,33.5,2.2,,11.6,3,8.3,12.2,21,4.2,,29,1.6,12.6,44.9,,7.2,,4.8,,17.6,100,,91.2,8.8,5.6,94.4,6.3,,43.4,1.5,,2.3,,10.4,,36.1,,71.4,28.6,18.5,54.4,27.1,34.2,48,17.8,,15,85,,,23,51.2,22.2,3.6,33700,41.7,18.6,7.3,7.2,4.1,4.9,8.6,7.7,,,49200,14.8,,42.1,32.6,,,,,10.5,,460,4.2,16.6,26.8,9,8.9,6.1,6.2,26.5,45.9,57.7,19.1,13.7,14.2,8.9,44,27.9,18.6,חרדי,82.6,0.8,15.7,82.6,,,0.8,1.5,35.3,49.2,15.5,8.7,27.1,47.5,10.4,5.4,0.9,,,11.6,,7.2,0.72,0.3
ירושלים,3000,721,721,ותיק,1,מחוז ירושלים,11,נפת ירושלים,111,הרי יהודה,410,"מטרופולין ירושלים, גלעין",120,"יישוב יהודי 500,000 תושבים ומעלה",0,עירייה,ללא שיוך לאשכול,0,,6340,,,1281.2,,2.5,19,20,18,1,יהודים,98.2,15.8,12.6,15.9,5,2.9,2.2,2.2,1.1,0.6,13.4,9.2,7,4.5,2.5,1.9,1.7,1.1,0.5,95.2,4.8,22.2,21.5,25.7,30.6,5.4,4.4,4.2,6.8,79.3,ישראל,79.3,ארצות הברית,4.7,מרוקו,2.4,איראן,1.9,ארצות הברית,27.4,צרפת,10.1,איראן,8.8,אחר,53.7,4,36,46.9,18.8,64,53.1,81.2,20,21,20,9.2,90.8,2.5,0.1,3.5,2.1,3.1,10,72,13.1,5,2.4,81.5,11,5.1,18.3,61.5,15.3,4.8,42.2,42.8,5.3,5.4,3.1,1.3,37.6,52,1.7,6,1.9,0.8,76.6,47.2,32.6,9.2,4.7,4.3,1.9,41,59,33.2,66.8,49.6,50.4,86.2,12,1.9,88.8,11.2,,84.3,12.5,3.2,25.2,28.2,23.1,,,,6.2,,,1.3,9.2,2.1,3.1,1.6,0.9,0.9,2.7,2.3,1,36.9,19.6,1.7,6,0.5,,4.1,,,7.3,,,3,11.1,2.7,3.9,1.9,1.5,,,3.9,1.6,28.1,18.4,2.9,10.4,,,3.2,,,5.4,,,,7.8,1.6,2.5,1.4,0.5,1.5,4.7,1.1,0.5,43.3,20.4,0.9,2.8,0.8,,4.8,5.2,22.1,16.1,5.4,33.2,0.1,6.2,0.9,5.3,5.6,7.9,28.2,15.4,2.5,22.2,0.1,5.3,2,6.6,9.9,3.2,17.7,16.6,7.4,41.2,,6.9,,4.4,2.5,6,78.1,21.9,73,27,24.8,75.2,14.1,0.8,42.6,1.9,,,,3.1,0.7,35.2,1.7,62.6,37.4,27.9,51.4,20.6,12.5,73.3,14.2,,29.5,36.9,25.4,8.2,16.8,48.9,27.6,6.7,47800,25.2,22.8,19.2,8.2,5.4,6.7,4.7,5,2.4,0.4,61200,12,7.6,21.2,16.1,17.3,21.8,,,,4,1400,4.4,16.2,18.7,10.5,11.6,12.8,6.1,24.1,43.3,59.2,18.5,16.1,19.4,16,30,39.7,16.2,חרדי,91.1,,4.7,91.1,0.1,2.7,1.5,1.5,35.3,47.1,17.6,11.5,24.9,42,12.7,6.9,,1.2,0.8,17.7,4.4,8.8,0.63,0.4
ירושלים,3000,722,722,ותיק,1,מחוז ירושלים,11,נפת ירושלים,111,הרי יהודה,410,"מטרופולין ירושלים, גלעין",120,"יישוב יהודי 500,000 תושבים ומעלה",0,עירייה,ללא שיוך לאשכול,0,,3900,,,1314.6,,1.4,19,20,18,1,יהודים,98.8,18.1,9.3,9.7,6.2,4,3.4,3.2,1.2,0.6,15,8.5,7.3,4.8,2.9,1.9,2,0.9,0.9,93.7,6.3,26,30,24.8,19.2,3.2,4.9,6.4,8.1,77.3,ישראל,77.3,מרוקו,2.9,איראן,2.8,ארצות הברית,2.5,ארצות הברית,16.3,מרוקו,12.8,איראן,12.1,אחר,58.8,3.7,29.1,35,21.2,70.9,65,78.8,21,22,20,6.8,93.2,2,2.7,5.1,3.1,4.7,13.7,70.7,12,3.6,6.1,87.7,4.5,1.6,22,51.9,20.2,5.9,34.7,45.7,10.8,4.3,3.3,1.2,31.2,57.5,8.3,2.6,0.4,0.1,72.6,38.5,32.7,13.7,6.1,6.6,2.4,42.7,57.3,37.5,62.5,48.5,51.5,89.5,9.7,0.8,92.5,7.5,,86.7,11.7,1.6,26.5,29.3,23.9,2.2,,,7.6,,0.4,6.6,8.3,2.3,2,2,,,4.7,2.6,1.4,27.2,19.8,2.7,4.4,0.7,,7.3,,,10.5,,0.9,13.9,5.8,4.9,4.2,1,,,5.9,3.4,,16.8,7.2,4.7,7.3,0.5,,13.1,,,4.9,,,,10.6,,,3,,,3.6,1.9,2.7,36.6,31.3,0.9,1.8,0.9,,2,0.4,20.1,9.2,13.6,33.7,,6.1,6.9,6.7,3.3,0.9,15.3,4,14,27.4,,12.3,14.5,7,4.5,,24.4,13.9,13.3,39.3,,0.5,,6.4,2.1,4.1,79.9,20.1,88,12,15.9,84.1,8.8,1.5,46.3,1.4,,0.6,,2,0.5,30.5,8.3,34.2,65.8,50.4,49.6,,17,45.5,30,7.5,40,37.9,16.2,5.8,26.3,50.3,19.7,3.7,42400,27.2,25.5,9.9,13,5.5,7.8,6,3.8,0.7,0.7,72100,10.7,,8.9,24.2,19,18.5,2.6,11.8,4.3,,1060,3.7,29,15.2,16.5,8.3,7.3,8.7,15,40.9,47.3,24.3,13.8,10.1,20.5,31.2,28.8,17.5,חרדי,71,1.1,11.3,71,4.3,9.5,2.9,1.4,22.7,62.3,15,13,33.4,32.4,15.6,5.6,,,,20.9,3.6,9.1,0.71,0.4
ירושלים,3000,723,723,ותיק,1,מחוז ירושלים,11,נפת ירושלים,111,הרי יהודה,410,"מטרופולין ירושלים, גלעין",120,"יישוב יהודי 500,000 תושבים ומעלה",0,עירייה,ללא שיוך לאשכול,0,,3790,,,1640.4,,1.8,18,19,17,1,יהודים,97.8,13.2,15.8,9.4,4.1,3.4,2.4,2.3,1.5,0.7,14.9,11.2,6.4,3.8,3.8,2.2,2.1,1.2,1.6,95.3,4.7,24.7,22.7,28.4,24.1,4.7,2.4,1.9,7.6,83.4,ישראל,83.4,ארצות הברית,3.9,רומניה,1.2,מרוקו,1.1,ארצות הברית,28.1,אתיופיה,10.4,צרפת,9.1,אחר,52.4,4.2,33.7,41.8,23.1,66.3,58.2,76.9,20,20,20,9.8,90.2,2,0.6,3,1.9,2.4,9.9,79.7,8.1,2.3,3,93.5,3.5,0,17.1,65.5,12.8,4.6,39.6,51.8,3.1,2.1,2.3,1.2,34,63.7,0.3,1.4,0.6,,80.8,45.3,39.5,6.1,2.7,4.1,2.4,42.5,57.5,38.8,61.2,46.3,53.7,88.1,11.9,,93.5,6.5,,83.5,16.5,,28.1,31.7,25.5,8.1,,,6.6,,,1,18.1,1.7,1.6,2.5,1.1,0.6,1.4,6.5,,28.7,18,,7.6,2.3,,2.3,,,7.5,,,2.3,25.7,3.8,1.2,1.3,1.2,1.4,,4.7,,24.6,12.6,,10.4,,,3.3,,,5.9,,,,12,,1.9,3.5,1,,2.6,8,,32.1,22.3,,5.2,4.2,,1.4,0.6,16.7,7.9,9.2,36.8,,5,2.4,17.2,4.2,1.3,10.9,10.7,10.6,28.9,,7.2,5.3,21,4.1,,21.4,5.7,8,43.2,,3.3,,14.2,4.2,9.2,84.5,15.5,90.1,9.9,12.5,87.5,11.2,1.7,38.1,2.4,,,,4.1,,37.3,5.4,67.4,32.6,17.4,66.2,16.4,14.8,49.1,36.2,,19.5,40.1,34.5,5.9,23.3,46.7,24,5.9,48400,36.5,11.5,19.1,9.4,9.3,5.8,1.9,4.6,1.2,0.7,56900,24.8,11,,46,,12.9,5.3,,,,850,4.1,17.8,18.3,18.4,9.5,6.6,8.5,20.9,40,59.9,28.5,13.8,15.5,12.6,29.6,38,17,חרדי,86.8,,9.4,86.8,0.8,3,,1.4,27.7,49.2,23.1,3.5,19.5,46.1,22.8,4.7,3.5,,,16.7,0.6,12.4,0.64,0.3
ירושלים,3000,724,724,ותיק,1,מחוז ירושלים,11,נפת ירושלים,111,הרי יהודה,410,"מטרופולין ירושלים, גלעין",120,"יישוב יהודי 500,000 תושבים ומעלה",0,עירייה,ללא שיוך לאשכול,0,,4310,,,1704.6,,1.3,17,17,17,1,יהודים,98.8,17,11.4,8.7,3.7,3.4,2.8,2,1.5,0.6,15.9,11.6,6.7,4.4,3.2,2.3,2.5,1.5,0.9,96.6,3.4,21.6,28,23.5,27,3.8,1.2,1,7.4,86.6,ישראל,86.6,ארצות הברית,3,הונגריה,1.5,רומניה,1.3,ארצות הברית,29.7,הונגריה,8,רומניה,7.9,אחר,54.4,5.1,19.1,20.2,17.9,80.9,79.8,82.1,19,20,19,6.7,93.3,3.3,1.7,2.5,2.8,4.8,15.4,72.5,8.6,3.6,4.5,90.6,3,1.9,27.1,52.9,14.7,5.4,41.8,48.9,3.4,3.8,0.7,1.4,27.8,66.4,2.1,2.1,0.7,0.9,72.4,57,30,4.7,5.6,0.7,1.9,37.7,62.3,35.8,64.2,39.8,60.2,83,17,,87.2,12.8,,79,21,,24.5,26.4,22.5,4.2,,,7.7,,,0.7,14.1,3.5,4.4,1.6,,1,1.5,4.6,0.3,28.2,19.4,1.3,5.6,0.7,,5.1,,,12.6,,,1.5,14.5,3.7,6.8,1.8,,2,,5,,33.3,4.7,1.1,10.1,,,2.8,,,3,,,,13.8,3.4,2.1,1.5,,,3,4.2,0.6,23.3,33.6,1.6,1.2,1.4,,7.3,1.3,19,11.6,10,39.7,0.6,2.9,1.8,10.5,2.6,2.7,20.7,17.6,5.9,31.3,1.2,2.8,3.7,12.5,1.5,,17.4,5.8,13.8,47.8,,3,,8.5,3.8,7.2,78.8,21.2,76.6,23.4,22.2,77.8,7.7,2.3,38.1,,,,,8.8,,42.4,0.7,66.7,33.3,30,47.2,22.8,49.8,39.1,11,,29,25.5,45.5,,29.1,44.4,25.4,1.1,50500,23.5,21.1,32.5,8.3,3.4,5.8,1.5,2.6,1.2,,58700,13.6,,25,12,23,23.9,,,2.5,,1040,4.1,20.1,22.2,11.2,8.1,9.4,9.8,19.2,42.7,57.8,24.3,10,18.7,14.5,32.5,23.4,17.1,חרדי,88.9,4,6.2,88.9,0.2,0.7,,1.5,15.1,52.4,32.5,17.6,24.2,35.5,19.4,2.6,0.7,,,7.6,1,5.7,0.61,0.2
ירושלים,3000,812,812,ותיק,1,מחוז ירושלים,11,נפת ירושלים,111,הרי יהודה,410,"מטרופולין ירושלים, גלעין",120,"יישוב יהודי 500,000 תושבים ומעלה",0,עירייה,ללא שיוך לאשכול,0,,4470,,,1294.2,,8,20,19,20,1,יהודים,92.1,14.4,13.7,11.2,5.2,4.1,3,2.3,1.4,0.7,12.3,9.3,8,4.7,2.9,2.4,2.1,1.6,0.9,89.2,10.8,11.2,18.5,18.5,51.7,7.3,3.9,6.3,13.5,69.1,ישראל,69.1,ארצות הברית,6,איראן,3,מרוקו,2.3,ארצות הברית,21.3,"בריה""מ (לשעבר)",12.2,אוקראינה,8.7,אחר,57.8,3.6,34.2,40.1,27,65.8,59.9,73,21,22,21,10.4,89.6,3.7,2.4,2.5,4.5,4.6,5.5,67.1,18.9,8.5,4.5,79.6,6,9.9,6.5,55.6,30.7,7.2,26.1,47.6,7.3,9.1,5.2,4.7,34.4,52.7,4.1,3.2,1.3,4.2,69.9,18.3,42.9,10.2,14.5,8.9,5.2,47.4,52.6,38.1,61.9,55.9,44.1,88.2,11.8,,84.6,15.4,,90.3,9.7,,29.9,29.2,30.2,3.6,0.3,,4.4,0.3,,1.8,10.4,2.1,1.5,4.7,1.7,1.8,8.5,3.8,2.6,29.4,13.7,1.9,7,0,,4.1,0.8,,9.6,,,4.9,12.6,2,1.6,3,2.4,2.4,3.9,5.9,3.3,27.9,5.9,2.4,6,,,5.4,,,1.3,0.5,,,9.2,2.1,1.4,5.7,1.4,1.5,11.3,2.5,2.2,30.2,18.3,1.6,7.5,0,,3.3,4.6,30.9,20.1,10.7,22.5,,3.5,1.2,2.7,3.7,9.3,24.4,23.2,7.7,16.1,,7.4,1.5,5,5.2,1.8,34.8,18.2,12.5,26.3,,1.2,1,1.4,2.8,12,80.5,19.5,78.8,21.2,20.6,79.4,16,0.3,39.5,0.6,,0.3,1,2,,34.3,6,58.7,41.3,25.4,41,33.7,32.8,41.4,25.8,,14.7,44.7,40.6,,10.1,36.2,39,14.6,65900,19.9,11.3,17.6,13.5,10.3,8.2,7.8,5.5,4,2,115800,6,,13.5,4.9,5.6,13.7,13,25.6,14.1,3.5,1000,4,17.8,20.6,16.1,12.4,9.2,6.2,17.7,37.9,51.9,20,24.2,13.8,10.2,31.7,36.6,20.9,חרדי,85.2,0.4,3.8,85.2,6.5,3.2,0.8,1.3,51.8,44,4.2,12.3,19.1,27.6,31.8,8,1.2,,,29.4,2.9,26.5,0.74,0.8
ירושלים,3000,813,813,ותיק,1,מחוז ירושלים,11,נפת ירושלים,111,הרי יהודה,410,"מטרופולין ירושלים, גלעין",120,"יישוב יהודי 500,000 תושבים ומעלה",0,עירייה,ללא שיוך לאשכול,0,,1600,,,1014.7,,5,22,23,22,1,יהודים,94.4,12.4,9.7,8.8,7.2,4.2,3.3,2.9,0.9,0.5,13,9.5,7.8,9.6,3,2.3,2.9,1.3,0.7,88.1,11.9,14.7,18.3,17.9,49.1,8.5,7.3,6,10.6,67.7,ישראל,67.7,ארצות הברית,7,מרוקו,4.8,צרפת,2.9,ארצות הברית,23.8,צרפת,15,מרוקו,12,אחר,49.1,3.2,34.4,31.4,37.1,65.6,68.6,62.9,21,23,20,14.8,85.2,0.7,1.3,1.8,1.7,3.1,5.1,65.7,19,10.2,8.1,76.8,7.1,8,2,54.7,30.9,12.3,23.5,50.6,8.6,5.2,10.3,1.9,30.1,57.1,3.9,3,3.7,2.1,64.8,16.8,44.1,13.2,7.3,16.9,1.6,54.2,45.8,44.8,55.2,63.6,36.4,90.5,9.5,,88.2,11.8,,92.1,7.9,,30.2,36.9,25.6,3.5,,,4.8,,,3.1,18.6,2.3,6.1,2.4,1.4,,5.9,3.6,1.3,21.1,16.5,2.6,4.2,0.8,,5.4,,,3.9,,,6.1,26.5,5.6,13.5,0.9,2,,,4.4,3.1,12.9,9.9,3.2,2.3,,,5.8,,,5.4,,,0.9,13,,0.8,3.5,1,,10.1,3,,26.9,21.2,2.2,5.5,1.4,,5,4.3,17.4,19.7,12.7,29.1,,8.2,2.3,2.3,3.9,5.9,10.7,27.7,3.1,26.7,,15.4,5.6,2.5,2.4,3.2,22.2,14,19.5,30.8,,3,,2.2,5,8,78.1,21.9,80.9,19.1,20.3,79.7,17.3,1.4,29,0.6,,,3.4,4.7,1.7,39,2.9,47.1,52.9,23,39.8,37.2,17.2,34.9,39.6,8.3,15.4,40.6,32.3,11.8,5.1,44.1,44.4,6.4,60700,16,16.8,22.9,12.5,11.8,5.8,7,4.2,2.7,0.4,96100,10.7,23.4,,,,48.1,9.9,7.9,,,420,3.6,23.9,18.3,14.7,14.4,5.5,9.2,14,36.6,48.5,20.4,22.9,17.9,16.8,22,24.6,18.9,חרדי,64.1,,22.5,64.1,8.8,2.3,2.2,1.2,31.9,54.8,13.3,4.7,28.3,38.8,22.1,5.6,0.5,,,30.3,5,17.7,0.77,0.8
ירושלים,3000,814,814+811,ותיק,1,מחוז ירושלים,11,נפת ירושלים,111,הרי יהודה,410,"מטרופולין ירושלים, גלעין",120,"יישוב יהודי 500,000 תושבים ומעלה",0,עירייה,ללא שיוך לאשכול,0,,5390,,,1263.2,,6.5,21,21,21,1,יהודים,94.3,12.9,10.8,10.1,5.3,3.5,2.9,2.3,1.1,1.4,14.7,9,8.6,4.7,3.2,2.9,2.3,1.5,2.7,90.8,9.2,21.7,26.6,17.5,34.2,7.8,3.8,5.4,11,72,ישראל,72,ארצות הברית,6.5,מרוקו,2.4,איראן,2.3,ארצות הברית,32.6,הממלכה המאוחדת,9,פולין,7.2,אחר,51.2,3,28.7,29.5,27.9,71.3,70.5,72.1,21,22,21,10.2,89.8,3.8,1.8,2.2,2.9,5.5,8.7,65.5,19.1,6.7,5.8,78,7.5,8.7,11.4,54,29.8,4.8,30.8,45.4,7.8,10.7,2.9,2.4,32.3,53.3,5,7.2,0.5,1.6,79,29.3,38.1,10.3,13.9,5.2,3.2,49.5,50.5,36.9,63.1,61.1,38.9,88.6,11.4,,87.9,12.1,,89,11,,30.4,33.5,28.8,3.2,,,4.5,,,1,11.9,4.7,2,1.1,0.6,1.4,2.9,3,2.8,31.2,18.8,2,4.1,3.8,,4.1,,,8.2,,,1.5,12.5,11.7,5.4,,1.1,2.5,1.3,2.7,3.5,25.6,11.2,1.9,5.4,0,,5.5,,,2.4,,,0.7,11.6,0.8,0.1,1.7,0.3,0.7,3.9,3.1,2.4,34.4,23.1,2,3.4,6,,3.3,2.3,26,16.6,10.5,30.6,,3.2,5,2.5,3.3,4.8,24.2,20.7,4.3,20,,2.7,13.8,3.4,5.9,0.9,27,14.2,13.9,36.7,,3.4,,2,1.8,11,82.2,17.8,76.2,23.8,21.5,78.5,14.5,2.5,42.4,0.2,1.2,,0.6,1.4,0.5,34.4,2.3,56.9,43.1,26.5,61.1,12.4,2.1,75.3,16.4,6.2,,38.7,58,3.3,7.7,45.4,37.6,9.2,58800,17.6,18.4,21.6,11.2,9.8,7.6,5.9,3.8,3.2,0.8,57600,2.9,1.6,24.7,31.4,14.5,4.5,10.9,1.5,4,4.1,1430,3.8,15.6,28.3,15.6,10.7,6.2,6.2,17.3,37.5,50.3,22.5,21.4,13,13.7,29.3,34.5,20.9,חרדי,80.8,1.7,10.8,80.8,2.4,3.1,1.2,1.3,37.5,50.1,12.5,10.1,28.9,28,17.9,10.2,0.6,1.5,2.8,25.4,3.7,20,0.73,0.6
ירושלים,3000,815,815,ותיק,1,מחוז ירושלים,11,נפת ירושלים,111,הרי יהודה,410,"מטרופולין ירושלים, גלעין",120,"יישוב יהודי 500,000 תושבים ומעלה",0,עירייה,ללא שיוך לאשכול,0,,3110,,,1041.6,,2.3,21,21,20,1,יהודים,97.9,15.3,10.1,15.8,3.6,4.2,4,1.5,1.2,0.6,13.1,7.4,8.1,4.3,3.4,3.9,1.5,1.1,0.9,94.8,5.2,24.5,27,31.5,17,3.9,2.4,4.5,7.7,81.5,ישראל,81.5,ארצות הברית,3.4,איראן,2,מרוקו,1.5,ארצות הברית,24.4,"בריה""מ (לשעבר)",8.6,איראן,8.3,אחר,58.7,3.4,26,28,23.3,74,72,76.7,21,22,20,4.4,95.6,1.6,0.8,1.1,1.9,3.3,10.3,73.5,11.8,4.3,7.7,82.9,4,5.3,13.1,63.7,20,3.3,33.6,51.4,6.1,6.9,1.5,0.5,32,61.2,3.4,2.7,,0.7,76.7,35.3,41.1,9,11.1,3.1,0.3,45,55,45.2,54.8,44.8,55.2,95.8,4.2,,97.8,2.2,,93.8,6.2,,27.1,31.2,24.7,4.8,,,4.4,,1.1,0.8,11.1,5.1,11.1,2.5,0.9,0.5,3.3,3.9,1.7,30.1,13.7,4,3.2,1,,1.7,,,9.1,,2.2,1.6,13.9,9.9,18.1,,,,1.8,6.2,0.8,20.8,4.8,6.2,0.8,1.2,,2.6,,,,,,,8.5,0.6,4.6,4.9,1.8,1,4.8,1.8,2.5,38.8,22.1,2,5.3,0.7,,0.8,1.8,20.8,14.3,4.5,31.8,,5.9,6.9,11.4,2.6,2.7,11.6,9.7,2,27,,12.2,14.2,18.8,1.7,0.9,29.5,18.5,6.8,36.4,,,,4.5,3.4,9.5,86.2,13.8,83.4,16.6,15.2,84.8,23,4.4,42.7,0.5,2.9,,,2.7,,20.9,3,91.3,8.7,23.4,48,28.6,11.5,55.1,20.2,13.3,11.1,30.6,58.3,,20.7,33.7,27.9,17.7,51200,16.4,24.7,20.4,12.6,10.2,4.5,3.4,4,2.4,1.5,61100,15.5,10.2,11.8,15,,30.6,16.8,,,,710,4.2,15.4,17.9,14.3,11.1,10.3,11.7,19.3,34.4,53,23,21.4,16.9,12.4,26.3,48.7,16.4,חרדי,71.1,,11.5,71.1,1.2,15.6,0.6,1.5,36.8,45.8,17.4,7.3,29.7,34.5,26.1,1.7,0.8,,,27.5,1.1,18.2,0.75,0.5
ירושלים,3000,816,816,ותיק,1,מחוז ירושלים,11,נפת ירושלים,111,הרי יהודה,410,"מטרופולין ירושלים, גלעין",120,"יישוב יהודי 500,000 תושבים ומעלה",0,עירייה,ללא שיוך לאשכול,0,,4360,,,1232.3,,3.8,21,21,21,1,יהודים,96.8,14.6,10.1,11.4,5.4,3.4,2.5,2.4,1.3,0.8,14.4,8.7,8.8,4.2,3.6,2.8,2.6,1.7,1.1,91.8,8.2,18.5,21.3,23.7,36.5,6.7,4.4,5.5,9.3,74.2,ישראל,74.2,ארצות הברית,5.5,מרוקו,3,צרפת,2,ארצות הברית,29.7,צרפת,12,מרוקו,8,אחר,50.3,3.3,24.8,26.8,22.8,75.2,73.2,77.2,21,22,21,10,90,2.7,0.2,2.9,0.9,4,6.5,70.7,16,6.7,2.3,84.1,7,6.5,11,56.4,25.6,6.9,31.4,47,6.8,5.8,4.3,4.6,31,56.2,3.3,3.9,2.3,3.2,76.5,31.9,37.2,10.5,7.8,6.5,6,47,53,37.5,62.5,57,43,91.7,8.3,,91.2,8.8,,92.1,7.9,,28.1,29.8,27.1,,,,5.8,,0.9,0.4,12.3,3.6,2.7,4.5,1.2,1.4,4.5,2.1,2,30.4,18,1.4,6.2,0.4,,2.2,,,10.8,,2.2,,15.6,8,5.1,6.3,2.2,0.8,3.8,3.3,0.7,19.8,6.1,1.7,8.6,,,4.9,,,2.3,,,0.7,10,0.5,1.1,3.3,0.5,1.9,5,1.3,2.9,37.6,26.2,1.2,4.5,0.7,,0.3,4,26.3,17,11.6,24.7,0.9,2.7,3.5,5.9,3.4,6,23.2,23.6,2.1,13.8,2.2,3.9,8.7,9.3,7.1,2.7,28.3,12.4,18.1,32.1,,1.8,,3.6,0.9,10.5,77.2,22.8,74.2,25.8,24.6,75.4,14.9,0.3,38.5,3,1.1,,0.3,2.1,0.7,33.2,6,54.8,45.2,28.3,54.7,17,20,59.7,20.2,,4.2,55,35.5,5.3,13.1,43.6,39,4.3,51600,26.2,18,16.3,5.2,9.3,7.2,8.7,5.2,2.3,1.6,63100,4.4,9.8,4.5,39,18.7,13.8,3.9,6.1,,,1130,3.7,16.4,29.6,13.2,9.1,8.3,8.3,15,40.6,52.4,28.2,16.3,19,13.3,23.2,35.2,16.9,חרדי,78.1,2.4,10.9,78.1,4.2,3.2,1.2,1.4,24.7,63.5,11.7,11,36.6,26.2,22.6,1.5,1.2,0.8,,20.3,2.6,13.9,0.75,0.6
ירושלים,3000,911,911,ותיק,1,מחוז ירושלים,11,נפת ירושלים,111,הרי יהודה,410,"מטרופולין ירושלים, גלעין",120,"יישוב יהודי 500,000 תושבים ומעלה",0,עירייה,ללא שיוך לאשכול,0,,4450,,,880.1,,45,23,24,23,1,יהודים,74.8,8.9,7.4,20.2,6.2,2.8,2.8,4.2,2.8,0.9,9.5,9,8.3,2.8,2.5,3,4.3,3.3,1,84.3,15.7,12,30.3,24.6,33.1,13.2,2.4,2.3,25,57.1,ישראל,57.1,ארצות הברית,12.1,פולין,4.7,הממלכה המאוחדת,4,ארצות הברית,36.7,הממלכה המאוחדת,13.2,שווייץ,7.6,אחר,42.5,4.4,29.8,33.6,25.8,70.2,66.4,74.2,22,24,21,2.6,97.4,2.7,2,1.7,2.2,4.8,2.2,46.9,25.3,25.6,0.8,50.8,12.1,36.3,3.8,42.5,39.8,13.9,30.1,41.8,3.7,15.1,6.2,3.1,35.1,44.8,4.6,10.5,3.7,1.3,83,24.7,38.5,2.6,20.1,9,5.2,37.1,62.9,24.3,75.7,51.2,48.8,91.3,6.9,1.9,92.1,7.9,,90.9,6.4,2.8,27.7,33.8,24.9,,,,2.4,0.4,,,8.5,0.9,0.4,8.1,0.3,,2.8,2.8,1.3,46.6,14.8,2.4,4.8,0.4,,3,,,5,,,,10.5,2.6,1.3,5.4,,,4,3.4,1.3,47.4,4.7,4.9,5.4,1.3,,2.9,,,1.1,0.6,,,7.5,,,9.4,0.5,,2.3,2.4,1.4,46.3,19.9,1.1,4.5,,,3.1,3.3,48.7,10.5,9.1,19.9,,2.1,,2.9,3.3,4.7,53.3,2.3,7.4,12.7,,6.2,,6.5,7,2.7,46.5,14.6,10,23.5,,,,1.2,1.5,10,63.4,36.6,84.9,15.1,22.4,77.6,11.9,1.2,61.8,1.5,1.5,2.8,,1.8,0.5,17.2,,88.4,11.6,39.7,41.7,18.6,37.3,38.1,16.6,8,64.2,23.1,3,9.8,25.7,36.5,22,15.7,63300,17.8,18.3,16.2,11.1,10.4,9.8,5.3,6.3,3.8,1.1,80600,16.2,,5.9,6.4,30.8,23,17.7,,,,1100,3,24.8,28.8,15.4,11.2,6.8,5.7,7.4,29.6,40.6,32,24.7,20.1,9.7,13.5,35.7,34.6,חרדי,88.9,,9.9,88.9,1.2,,,0.9,65.7,26.5,7.8,1.7,12.8,23.4,32.7,27.5,1.8,,,30.3,0.7,30.8,1.11,0.8
ירושלים,3000,912,912,ותיק,1,מחוז ירושלים,11,נפת ירושלים,111,הרי יהודה,410,"מטרופולין ירושלים, גלעין",120,"יישוב יהודי 500,000 תושבים ומעלה",0,עירייה,ללא שיוך לאשכול,0,,9120,,,963.8,,42.9,22,22,21,1,יהודים,75.7,11.8,10,17.5,5.5,3.2,3.3,2.9,1.3,0.5,10.5,10.1,9,3.6,2.9,3,2.8,1.3,0.8,85.3,14.7,8.4,11.8,25.7,54.1,15.7,0.6,0.6,25.2,57.9,ישראל,57.9,ארצות הברית,12.2,הממלכה המאוחדת,5.1,בלגייה,5.1,ארצות הברית,31.5,הממלכה המאוחדת,18.2,בלגייה,16.8,אחר,33.5,4.3,20.6,17.6,23.2,79.4,82.4,76.8,20,21,20,6.1,93.9,3.1,1.8,1.7,3,4.3,5.6,54.5,23,17,3.1,62.5,13.5,20.9,8.1,46.2,32.7,12.9,34.7,40.8,4.7,11.3,5.8,2.7,42.2,44.6,0.8,7,2.6,2.9,77.9,27,36.8,8.8,15.8,9.2,2.5,45,55,35.1,64.9,55.3,44.7,83.5,16,0.4,85.8,14.2,,82,17.2,0.7,28.7,30.7,27.4,0.7,,,4.7,,,0.9,13.1,1.5,0.3,2.3,4.6,1.3,3.6,0.6,2.3,37.1,15.1,1.2,8.8,0.3,,2.4,,,4.4,,,0.5,11.8,1.1,,0.8,9.7,0.4,2.1,1.6,2.7,38.4,6.9,,15,0.7,,3.8,,,4.9,,,1.2,13.9,1.9,0.5,3.2,1.3,1.8,4.6,,2,36.3,20.3,1.9,4.8,,,1.4,2.5,39.1,18.2,7.2,25,,2.8,1.1,1.3,2.8,5.4,41.5,20.5,6,13.1,,2.3,2.8,3.3,5.1,0.7,37.6,16.8,7.9,32.6,,3.1,,,1.4,9.6,86,14,76.6,23.4,19.5,80.5,13,1.2,41.1,,,0.8,,2.8,,40.4,0.8,34.4,65.6,36,32.5,31.5,6.5,74.1,19.5,,20.1,61.8,15,3.1,20.2,45.8,27.6,6.3,60900,17.2,18.3,16.8,9.6,7.9,9.5,8.6,5.4,4.7,1.9,83400,7.5,10.6,12.7,11.1,4.8,14.7,18.9,11.7,6.3,1.6,1940,4.1,7.9,31,16.7,9.6,8.7,5.9,20.2,43,58.5,26.8,19.3,12.8,12.4,28.7,37.9,20.4,חרדי,92.1,,6.6,92.1,,1.3,,1.3,46.8,47.1,6.1,6.2,16.4,24.7,32.3,18,1.2,1.1,,18,1.1,47.3,0.73,0.8
ירושלים,3000,913,913,ותיק,1,מחוז ירושלים,11,נפת ירושלים,111,הרי יהודה,410,"מטרופולין ירושלים, גלעין",120,"יישוב יהודי 500,000 תושבים ומעלה",0,עירייה,ללא שיוך לאשכול,0,,9340,,,1048.1,,36.1,20,21,19,1,יהודים,79.4,13.1,11.8,17.9,5.7,3.9,2.3,1.1,0.5,0.3,12.2,11.3,8.5,4.5,3.3,1.7,0.7,0.7,0.5,86.5,13.5,4.1,6.6,18.5,70.7,15.5,1.4,1,18.5,63.7,ישראל,63.7,ארצות הברית,12.2,הממלכה המאוחדת,5.5,בלגייה,5.1,ארצות הברית,36.4,בלגייה,17.8,הממלכה המאוחדת,14.9,אחר,30.9,3.2,27.6,32.6,22.3,72.4,67.4,77.7,20,21,20,10.2,89.8,0.4,0.2,0.6,0.6,1.1,5.9,56,20.4,17.7,4.8,62.3,8.7,24.2,7,50,31.6,11.5,34.3,44.2,3.7,8,7.9,1.9,42.2,46.7,0.9,4.3,3.4,2.5,80.6,26.7,41.9,6.4,11.6,12.1,1.3,39.6,60.4,25.9,74.1,52.6,47.4,85.9,13.5,0.6,86.6,13.4,,85.5,13.5,0.9,27.4,31.4,25.7,5.7,,,1.9,,,1.5,9,1.3,0.8,4.2,0.6,2.7,8.4,2.5,1.4,39.2,11.4,0.6,7.2,0.8,,6.4,,,6.1,,,3.8,8.1,1.3,1.9,4.4,0.6,2.3,8.2,3.7,0.7,36.9,7.3,,5,1.6,,8.1,,,,,,0.4,9.5,1.3,0.3,4.2,0.7,2.9,8.4,1.9,1.8,40.2,13.3,0.9,8.3,0.4,,5.6,2.4,35.5,16.6,18,18.9,,2.8,0.5,2.9,2.4,4.7,37.9,23.8,10.2,7.3,,7.2,1.5,4.3,3,1.3,34.4,13.3,21.5,24.2,,0.8,,2.3,2.2,7.2,83.5,16.5,83,17,16.8,83.2,11.5,2,42.9,0.2,,1.2,0.7,0.3,0.4,39.5,1.4,34.6,65.4,36.1,59.3,4.6,42.2,31.1,25.2,1.5,48,29.7,16.1,6.2,32.6,30.5,30.4,6.5,67300,15.6,16.7,13.9,12.3,13.8,8.3,6.7,4.6,5.4,2.5,81700,11.6,16.1,7.1,5.9,9.2,14.1,22,2,11.9,,1920,4.6,6,16,20.2,14.1,8.4,11.7,23.5,61.7,77.7,26.8,20.8,11.9,15.8,24.8,46.6,6.4,חרדי,92.6,0.9,4.7,92.6,0.8,1,,1.4,43.3,49.9,6.8,6.8,14.7,30.1,29.1,15.1,3.9,0.3,,27.2,0.5,48.1,0.69,0.9
ירושלים,3000,914,914,ותיק,1,מחוז ירושלים,11,נפת ירושלים,111,הרי יהודה,410,"מטרופולין ירושלים, גלעין",120,"יישוב יהודי 500,000 תושבים ומעלה",0,עירייה,ללא שיוך לאשכול,0,,3480,,,1187.6,,13,21,20,21,1,יהודים,89,14.3,10.7,11.9,5.3,3.6,2.4,2.2,1.3,0.8,13.5,8.7,9.2,5,3.6,2.4,2.4,1.7,1.1,82.3,17.7,7.7,9.4,14.1,68.8,11.3,2.8,3.6,20.6,61.7,ישראל,61.7,ארצות הברית,8.7,"בריה""מ (לשעבר)",4.7,הממלכה המאוחדת,2.9,"בריה""מ (לשעבר)",19.5,ארצות הברית,19,אוקראינה,14.4,אחר,47.1,3.6,28,25.3,30.6,72,74.7,69.4,21,21,20,10.8,89.2,1.6,0.9,2,1.6,3.5,5.6,56.2,25,13.3,6.1,65.5,13,15.4,5,45.2,39.1,10.8,35.2,39.6,6.3,11.8,4.8,2.1,41.8,44,6.2,2.9,2.8,2.4,79.5,27.5,34.6,6.5,22.4,7.2,1.8,46,54,37.5,62.5,55.9,44.1,84.3,14.5,1.2,87.8,10.7,1.4,81.5,17.5,1,33.3,37.3,30.5,,0.3,,2.2,,,3.7,12.2,2.2,2.7,4.8,2,0.8,5.5,2.3,3,27.7,16.9,2.5,5.5,0.4,,5.3,0.8,,1.1,,,6.6,12.7,5,5.6,3.7,1.3,1.8,2.4,1.5,1,20.7,17,0.8,7.4,0.9,,9.6,,,3,,,1.4,11.8,,0.4,5.6,2.5,,7.9,3,4.6,33.3,16.8,3.9,4,,,1.9,3.7,31.7,19.9,15.7,19.3,,1.7,1.1,2.9,4,6.8,21.4,26.6,13.5,13.7,,1.6,2.5,6.5,7.4,1.3,39.8,14.5,17.5,23.8,,1.8,,,1.3,11,76.3,23.7,81.1,18.9,21.2,78.8,17.6,3,39.5,0.8,0.2,,1.4,,0.8,28.6,8,32,68,23.4,52.3,24.2,30.2,50.7,19.2,,11.3,65.2,20.6,2.9,10.9,52.5,31,5.6,76500,13.3,11.5,14,19.5,16,7,10.7,3.3,4,0.7,68800,,6.4,29.3,3.3,18.6,4,9.2,12.5,16.7,,1110,3.8,19.1,16.3,19.7,11.9,8.9,5.1,19,51.6,62.4,32.8,18.8,12.1,7.7,28.5,39.5,15.7,חרדי,79.1,3.6,8.2,79.1,4.6,3.3,1.2,1.2,41.5,49.9,8.6,7.9,17.8,38.4,22.4,8.4,4.3,,0.8,22.5,1.4,41.2,0.75,0.8
ירושלים,3000,921,921,ותיק,1,מחוז ירושלים,11,נפת ירושלים,111,הרי יהודה,410,"מטרופולין ירושלים, גלעין",120,"יישוב יהודי 500,000 תושבים ומעלה",0,עירייה,ללא שיוך לאשכול,0,,3130,,,1227,,33.2,24,23,26,1,יהודים,80.8,10.1,8.7,15.8,6.1,3.4,2.3,3.2,3.9,2.3,9.2,8.2,6.2,3.8,2.4,2,3.5,4.1,4.9,73.5,26.5,15.5,36.8,21.2,26.5,19.7,4.4,4.7,26.4,44.8,ישראל,44.8,ארצות הברית,17.9,הממלכה המאוחדת,4.6,"בריה""מ (לשעבר)",3.8,ארצות הברית,31,"בריה""מ (לשעבר)",11.3,הממלכה המאוחדת,8.6,אחר,49.2,4,42.1,38.9,45.2,57.9,61.1,54.8,22,24,21,2.4,97.6,2.6,2.9,3.6,4.7,7.7,4.7,52.3,24.1,18.9,1.6,63.6,11.9,22.9,8.1,40,37.3,14.6,34.6,37,2.5,16.1,6.7,3.1,44,41,0.3,13.1,1.6,,71.2,24.3,32.7,4.8,19.4,12.3,6.4,44.1,55.9,36.4,63.6,52.5,47.5,86.9,13.1,,87,13,,86.8,13.2,,24.2,23.7,24.6,2,0.9,,2,,,2.9,11.9,,1.5,6.1,0.4,,4,2.7,2.2,36.3,20.1,3.4,2.8,0.7,,2,,,4.8,,,6.8,16.9,,1.4,2.7,,,1.4,5.6,3,36.9,9.9,,4.9,1.7,,4,1.5,,,,,,8.1,,1.7,8.5,0.7,,5.9,0.6,1.7,35.8,27.6,5.8,1.3,0,,0.6,1.6,38.7,18,12.1,17.9,,3.8,,3.5,4.4,3.8,38.6,10.1,7.8,18.5,,7.8,,5.1,8.3,,38.8,23.8,15.3,17.5,,0.8,,2.3,1.6,8,85.9,14.1,68.4,31.6,23.6,76.4,12.3,3.5,54.8,1.5,1.6,,,1.4,,22.6,2.3,93.5,6.5,26.2,55.5,18.3,,70.4,19.1,10.5,13.1,31.1,55.8,,4.5,48.9,36.7,9.9,58600,23.3,13.8,16.6,17.5,6.7,8.9,3.9,5.2,2.5,1.6,65600,,18.1,19.2,9.6,22.4,6.5,5.3,,,18.9,680,3.4,28.3,27.1,7.5,8.4,8.6,5.1,15,31.6,41.3,17.5,19.6,21.4,11.5,30,15.3,38,חרדי,84,,10.5,84,,5.5,,1,60.3,29.8,9.8,3.4,11,36.2,25.1,23.2,0.7,0.5,,21.5,1.1,22.2,0.79,0.9
ירושלים,3000,922,922,ותיק,1,מחוז ירושלים,11,נפת ירושלים,111,הרי יהודה,410,"מטרופולין ירושלים, גלעין",120,"יישוב יהודי 500,000 תושבים ומעלה",0,עירייה,ללא שיוך לאשכול,0,,5530,,,1264.3,,21.5,19,20,19,1,יהודים,87.6,14.7,10.1,11.7,5.4,3.4,2.2,1.8,0.9,0.5,14.2,11.7,8.7,4.5,3.6,2.4,1.7,1.5,1,88.8,11.2,8.6,24.6,26.1,40.7,14.9,3,3.7,16.4,61.9,ישראל,61.9,ארצות הברית,12.8,הממלכה המאוחדת,5.7,בלגייה,3,ארצות הברית,37,הממלכה המאוחדת,13.4,בלגייה,10.7,אחר,38.9,3.5,22.2,19,24.7,77.8,81,75.3,21,22,21,5.1,94.9,1.6,0.8,2.4,0.6,1.7,5.3,57.2,24.3,13.2,3.8,61.4,14.6,20.2,6.8,53.1,33.8,6.3,36.6,41.4,3.9,12,5.7,0.5,51.2,35.7,2.1,6.1,4.8,0.2,80.4,22.3,47.1,5.6,17.7,6.5,0.7,46.1,53.9,31.4,68.6,60.6,39.4,86.9,13.1,,86.9,13.1,,86.8,13.2,,28.2,28.7,28,0.7,,,1.3,,,1.5,8.2,0.9,1,5.7,0.8,1.4,10.5,2.1,1.7,38.2,16.7,0.6,4.5,0.9,,4,,,1.7,,,1.4,8.6,2.9,3.2,1.5,1.7,3.4,6.1,3.9,4.1,37.4,10.3,0.7,2.8,1.2,,9.1,,,1.2,,,1.5,8,,,7.6,0.3,0.5,12.5,1.3,0.6,38.5,19.6,0.6,5.2,0.8,,1.7,2.3,39.5,16.5,8.4,21.6,,1.8,0.6,1.7,7.5,3.7,40.4,18.4,9.4,14.1,,2,2,3.7,6.2,1.7,39.1,15.6,7.9,25,,1.7,,0.9,8.1,8.5,79.1,20.9,82.7,17.3,18.5,81.5,10,3.2,50.8,1.7,,0.3,0.5,2.3,0.5,29.2,1.6,25.7,74.3,53.7,35.7,10.7,18.8,58.3,20.4,2.5,14.1,63.9,22,,6.4,52,33.2,8.4,68100,20.4,16.3,11.3,13.8,10.8,8.8,8.9,4.8,4.2,0.5,75400,2,20.3,9.6,11.9,11.9,17.2,11.9,9.7,2.7,2.6,1430,4.4,12.1,18.6,14.6,9.9,15.8,7.8,21.1,53.3,67.3,17.3,22.1,23.2,10.2,27.2,31.6,13,חרדי,86.5,1.5,7.2,86.5,1.1,3.8,,1.4,47,51.4,1.6,3.9,22.1,39.6,24.9,8.4,1,0.2,,13.8,0.2,15.4,0.74,0.8
ירושלים,3000,923,923+924,ותיק,1,מחוז ירושלים,11,נפת ירושלים,111,הרי יהודה,410,"מטרופולין ירושלים, גלעין",120,"יישוב יהודי 500,000 תושבים ומעלה",0,עירייה,ללא שיוך לאשכול,0,,3360,,,1041.1,,27.3,20,21,19,1,יהודים,84,12.8,10.7,15.5,4.7,3.5,2.2,1.9,0.6,0.3,12.1,11.9,11.8,3.8,3.1,2.2,1.5,0.7,0.7,88.5,11.5,8.4,23,29,39.6,13.4,3.9,3.4,17.5,61.9,ישראל,61.9,ארצות הברית,10.5,הממלכה המאוחדת,7,שווייץ,2.6,ארצות הברית,25.2,הממלכה המאוחדת,24,שווייץ,6.7,אחר,44.2,2.9,22.6,14.9,28.8,77.4,85.1,71.2,22,22,21,7.5,92.5,2.3,0.5,2.2,1.5,3.1,2.3,55.7,23,19,0.2,56.3,10.6,32.9,4.3,55.2,34.2,6.3,35.1,46.1,4.2,7.6,6.5,0.4,43.4,49.2,3.8,1.2,2.4,,83.1,27.5,43.3,4.6,13.5,10.3,0.9,43.8,56.2,24.2,75.8,61.7,38.3,88.1,11.9,,92.2,7.8,,86.7,13.3,,28.7,32.6,27.4,1.1,,,2,,,1.3,9.2,0.2,5.7,3.9,2.1,0.3,4.7,0.7,0.9,34.6,17.3,0.5,5.9,0.7,,9.7,,,4,,,5.2,17.3,,21.1,4.4,1.3,,5.3,,1.5,30.2,3.3,1.2,4.1,,,1.1,,,1.3,,,,6.4,0.3,0.4,3.7,2.4,0.4,4.5,1,0.7,36.1,22.2,0.3,6.6,0.9,,12.7,1.9,35.2,18.9,14.3,19,,2.5,0.6,1.6,6,5,30.6,11.4,7.9,28.3,,8.5,1.1,5.2,2.1,0.9,36.7,21.6,16.5,15.8,,0.5,0.4,0.4,7.4,9.9,82.3,17.7,83.1,16.9,17.2,82.8,7.9,1.9,52.2,6.2,0.3,,0.6,0.4,,25.4,5.1,23.6,76.4,17.3,61.5,21.2,,86.3,10.6,3.1,18.7,56.6,23.5,1.2,25.9,39.4,29,5.8,58600,16.9,20.8,18.7,16.8,4.2,7.6,5.4,3.9,3.4,2.2,41800,13.5,26.1,25.2,0,5.8,15,5.6,8.8,,,980,4.3,4.7,16.2,17,29.3,13.1,6.3,13.4,58.8,77.8,23.7,42.5,10.4,8,15.4,50.3,8.7,חרדי,87.3,,9.5,87.3,,2,1.2,1.3,34.2,61.8,4,1.8,21.2,41.9,23.3,9.3,1.9,0.6,,13.7,1,11.7,0.73,1
ירושלים,3000,1011,1011,ותיק,1,מחוז ירושלים,11,נפת ירושלים,111,הרי יהודה,410,"מטרופולין ירושלים, גלעין",120,"יישוב יהודי 500,000 תושבים ומעלה",0,עירייה,ללא שיוך לאשכול,0,,4240,,,757.5,,3.8,34,32,36,1,יהודים,92.3,6.7,5.6,9.2,7.4,5.1,3.9,3.2,2.9,2.5,7.3,6.4,6.8,9.2,6,5.2,4.1,4.6,3.7,77,23,16,19.8,35.7,28.5,6.9,7.3,7.1,29.9,48.8,ישראל,48.8,רוסיה,7.7,מרוקו,4.2,ארצות הברית,3.9,רוסיה,24.2,ארצות הברית,9.6,צרפת,8.4,אחר,57.7,1.7,46,43,48.5,54,57,51.5,26,27,25,15.9,84.1,3.2,1.2,2.9,3.1,7,2.6,27.2,30.8,39.4,2.4,29,31.6,36.9,2.7,25.5,30.2,41.7,11.5,11,20.1,4.9,25.7,26.8,11.4,14.3,21.4,4.8,25.1,22.9,16.6,11.6,7.9,19,5,26.2,30.3,68.8,31.2,71.9,28.1,65.9,34.1,88.7,10.9,0.4,89,11,,88.4,10.9,0.7,39.7,42.7,36.7,18.5,,,3.4,0.5,0.2,2.2,4.5,1.8,5.1,9.9,1.4,0.6,10.2,0.8,18.4,15.9,15.3,4.9,2.5,0.1,,2.4,,,5.1,1,,3.7,2.8,1.7,6.3,15,1.2,0.9,12.3,0.8,19.5,12.7,6.6,5.9,2.4,0.2,,2,,,1.7,,0.3,0.7,6.2,1.8,4,4.9,1.7,0.3,8.1,0.8,17.3,19,23.7,3.9,2.7,,,2.9,5.4,50.7,13,4.4,12.6,,2.8,1,1.7,8.3,6.5,49.6,10.8,4,9.9,,4.9,2.1,2.7,9.5,4.4,51.8,15.2,4.9,15.3,,0.7,,0.6,7.1,20.7,69.3,30.7,70.2,29.8,30.3,69.7,49.1,1.3,24.3,2.1,,0.2,0.9,0.1,1.6,8.2,12.2,46.4,53.6,29.4,21.8,48.8,,31.5,52.1,16.4,,10,60.3,29.6,,9,69.9,21.1,124300,10.8,8.6,7.8,7.6,8.1,8.8,10.6,11.2,11.1,15.4,93200,3,11.8,12.5,6.1,11.3,20,4.3,13.6,14.4,3,1720,2.4,32.1,34,12.2,11.7,7.2,2.4,0.5,16.4,30.3,42.4,33.4,17.1,5.5,1.5,15.5,30.6,חילוני,55.6,2.4,16.6,3.2,55.6,18.4,3.8,0.7,46.1,50.4,3.5,1.8,14.9,43.6,29.1,9.2,1.4,,0.1,66.3,21.6,50.2,0.96,1.7
ירושלים,3000,1012,1012,ותיק,1,מחוז ירושלים,11,נפת ירושלים,111,הרי יהודה,410,"מטרופולין ירושלים, גלעין",120,"יישוב יהודי 500,000 תושבים ומעלה",0,עירייה,ללא שיוך לאשכול,0,,6470,,,1091.5,,6.5,42,37,46,1,יהודים,91.3,5.7,7.8,7.4,3.1,4.4,5.2,3.4,3.6,5.3,4.6,6.9,7.2,4.7,6.4,5.6,4,6.5,8.1,78,22,36.9,25.3,22.6,15.3,4.7,8,13.4,25.4,48.5,ישראל,48.5,עיראק,6.2,מרוקו,5.1,פולין,3.9,רוסיה,11,"בריה""מ (לשעבר)",8.7,מרוקו,8.6,אחר,71.7,2,46.4,39.5,51.6,53.6,60.5,48.4,25,27,24,5.2,94.8,3.5,3.1,3.6,1.6,4.8,4.6,38.1,26.5,30.8,2.8,41.4,23.5,32.4,6,35.4,29,29.6,19.1,11.8,20,6.8,21.7,20.5,19.5,13.2,18.9,6.5,21.7,20.3,7.1,18.8,10.7,21,7,21.8,20.6,57.5,42.5,60.2,39.8,55.3,44.7,85,15,,79,21,,90.2,9.8,,37.7,40.3,35.5,9,0.2,,3.7,0.7,,2.9,5.9,1.5,3.9,4.6,3.7,1.8,10.1,2.9,23.5,12.7,13.5,2,2.7,0.7,0.6,2.4,0.3,,5.5,0.9,,5.1,7.1,2.1,4.3,7.3,0.9,3.2,10.5,4.1,21.4,10.2,6.1,3.3,2.8,0,1.3,3.6,,,2,0.4,,0.9,4.9,1,3.6,2.2,6.2,0.7,9.8,1.9,25.4,14.8,20.1,0.9,2.6,1.3,,1.3,8.1,38.9,12.9,6.2,16.1,0.2,2,0.9,3.2,11.6,10.1,35.6,12.1,3.3,13.3,0.3,4.2,1.8,5.7,13.5,6.3,41.9,13.6,8.7,18.5,,,,1,9.9,17.8,82.5,17.5,82.3,17.7,17.6,82.4,70.3,1.3,9.8,0.7,0.9,0.3,1.8,1.9,1.3,8.1,3.7,55.8,44.2,45,39.1,15.9,4.3,49.7,28.5,17.5,,19,52.1,28.9,1.5,10.7,46.7,41.1,154600,9.5,9.8,5.2,5.1,5,5.3,12.9,10.9,15.9,20.4,108000,6.9,3.9,5.9,13,4.2,11.9,6.1,10.4,17.5,20.3,2280,2.6,26.8,34.2,13.3,11.6,9.6,3.2,1.1,12.4,30.1,34,39.3,19.4,6.1,1.1,19.3,45.8,חילוני,47.8,2.1,17,0.4,47.8,29.2,3.5,0.7,58.8,33.7,7.5,5.2,4.9,32.2,38.2,17.1,2.4,,,75.8,30,91.6,0.96,1.6
ירושלים,3000,1013,1013,ותיק,1,מחוז ירושלים,11,נפת ירושלים,111,הרי יהודה,410,"מטרופולין ירושלים, גלעין",120,"יישוב יהודי 500,000 תושבים ומעלה",0,עירייה,ללא שיוך לאשכול,0,,3790,,,861.1,,3.2,33,29,37,1,יהודים,92.9,8.7,9,7.8,5.3,6,5,3.7,2.5,1.8,7.5,6.4,6.1,7.1,6.5,5.5,4.3,3.3,3.6,81.5,18.5,17.6,33.4,30.3,18.7,9.3,5.2,6.3,27,52.2,ישראל,52.2,ארצות הברית,5.6,רוסיה,4,פולין,3.8,ארצות הברית,17.9,רוסיה,12.9,אוקראינה,8,אחר,61.2,2,44.4,43.8,44.9,55.6,56.2,55.1,27,27,26,10.5,89.5,3.3,1.8,1.4,2,4.2,2.7,27.7,21.6,48.1,0.6,31.8,20.2,47.4,4.7,23.7,22.9,48.7,10.3,7.6,21,4.5,22,34.5,10.4,8.3,22.6,4.7,21.2,32.7,5.2,10.2,7,19.5,4.4,22.8,36.1,73.8,26.2,78.1,21.9,69.7,30.3,83.4,16.4,0.2,77.6,22,0.5,89.8,10.2,,40.1,41.1,39.2,20.5,1.3,,2.9,0.2,,2.6,1.8,0.7,3.8,8.5,3.3,0.7,9.8,2.9,17.2,22.8,13,3.3,2.6,0.9,0.2,1.5,1.8,,4.7,0.3,,4.6,0.8,1.3,3.5,10.8,1.9,1.3,11.2,5.6,14.6,21.2,7.6,3.9,1.3,0.7,0.4,2.3,0.9,,0.9,,,0.5,2.9,,4.1,6,4.9,,8.4,,20.1,24.5,18.9,2.5,4,1.1,,0.5,6.7,56,12.1,1.8,10.2,1.1,1.7,0.7,1.6,8.1,7.6,51,12.1,1.6,10.9,2.1,3.2,1.3,0.9,9.2,5.7,61.6,12.1,2.1,9.4,,,,2.3,6.8,13.3,73.8,26.2,75.9,24.1,25.2,74.8,56.7,1.4,10.8,2.4,0.8,0.3,1.6,1,1.4,16,7.7,40,60,13.8,43.4,42.9,,18.8,46.9,34.3,,5.7,64.1,30.2,,4.1,64.1,31.8,155900,7.2,5.9,9,8.7,6.2,3.9,9.6,16.5,12.9,20.3,78800,6.5,6.5,16.5,14.4,8.1,3.4,14.1,14.5,7.8,8.2,1320,2.8,19.8,35.7,10.6,16.5,12.5,3.5,1.2,18,37.7,29.5,41.5,22.2,4,2.8,21.7,29.5,חילוני,69.8,2.6,10.9,0.4,69.8,14.1,2.2,0.8,55.4,41.8,2.7,2.9,9.8,31.7,30.8,19.7,2.6,1.9,0.5,84.1,32.8,46.5,0.96,2.2
ירושלים,3000,1014,1014,ותיק,1,מחוז ירושלים,11,נפת ירושלים,111,הרי יהודה,410,"מטרופולין ירושלים, גלעין",120,"יישוב יהודי 500,000 תושבים ומעלה",0,עירייה,ללא שיוך לאשכול,0,,3270,,,851.5,,3.9,34,34,35,1,יהודים,91.5,7.6,7,7.1,5.7,5.5,4.9,4.3,3.7,2.8,7,6.9,8.6,6.4,5.5,5.7,4.3,3.7,3.3,75.6,24.4,14.2,23.3,26.4,36.1,9.8,5.6,5.9,30.7,48.1,ישראל,48.1,ארצות הברית,5.8,רוסיה,5.1,"בריה""מ (לשעבר)",4.9,ארצות הברית,16.4,רוסיה,13,"בריה""מ (לשעבר)",12,אחר,58.5,1.7,41.5,39.3,43.4,58.5,60.7,56.6,26,27,25,9.3,90.7,3.9,1.1,1.6,3.6,5.9,2,31.7,23.6,42.7,1,36.2,24.2,38.6,3,27.6,23,46.4,12,12.7,20.6,5,21.2,28.5,13.1,14.2,19.1,5.3,22.7,25.6,8.6,11,11.2,22,4.7,19.9,31.2,65.4,34.6,67.7,32.3,63.3,36.7,85,15,,81.3,18.7,,88.3,11.7,,40.1,41.7,38.4,15.5,,,2.9,0.3,,1.5,4.3,0.8,3,7.4,1.6,0.9,8.6,3.2,17,24,14.2,4.7,2.8,0,0.3,2.8,,,4.8,0.5,,3,5.6,1.6,2.6,9.8,2.4,0.5,11.9,5.7,14.2,19,9.8,4.2,0.8,,0.7,2.7,,,1,,,,3.1,,3.3,5.1,0.8,1.2,5.4,0.8,19.6,28.7,18.4,5.1,4.6,0,,2.8,5.7,59.1,8.5,2.5,11.2,,2.8,0.8,0.9,8.5,7.9,51.7,8,2,13.1,,5.7,1.6,,10,3.7,66.2,9,2.9,9.4,,,,1.7,7,16.3,69.9,30.1,80.5,19.5,24.5,75.5,55.9,0.6,11.4,2.2,0.7,0.9,1.7,0.7,1.5,13.5,10.8,40,60,28.2,37.7,34.1,2.5,33.1,56.1,8.3,2.9,4.5,61.3,31.2,,5.6,62.3,32.1,143000,12.1,4,7,8.6,8.1,7.4,7.5,9.7,14.2,21.5,94600,,11.1,3,14.8,14,16,8.6,6.4,17.6,8.6,1240,2.6,25.7,35,14.7,10.9,9.6,2.2,1.7,15.3,34.1,42,33.6,18.1,3.6,2.7,20.2,32.8,חילוני,61.1,1.1,16.6,1.4,61.1,17.3,2.4,0.8,50,44.3,5.7,5.3,15.4,34.3,28.3,11.5,3.7,1.6,,80.2,25.8,48.5,0.96,2
ירושלים,3000,1022,1022+1023+1024,ותיק,1,מחוז ירושלים,11,נפת ירושלים,111,הרי יהודה,410,"מטרופולין ירושלים, גלעין",120,"יישוב יהודי 500,000 תושבים ומעלה",0,עירייה,ללא שיוך לאשכול,0,,2610,,,805.5,,3,30,29,33,1,יהודים,91.6,6.5,7.2,11.8,4.6,5.9,4.6,3.2,3.5,2.5,6.8,7.6,9.7,4.8,6.1,4.3,3.6,4.2,3.4,79,21,16.2,33.4,27.6,22.9,11.7,5.6,5.8,26.6,50.4,ישראל,50.4,ארצות הברית,8.1,פולין,3.9,"בריה""מ (לשעבר)",3.5,ארצות הברית,22.2,רוסיה,9.7,ארגנטינה,6,אחר,62.1,1.8,48.8,48.8,48.8,51.2,51.2,51.2,26,27,25,10.7,89.3,3.1,2,1.5,2,4.5,4.1,31.7,21.9,42.3,5.4,32.7,18.7,43.3,3,30.8,24.8,41.5,16.6,9.8,20.6,4.1,17.6,31.3,17.7,9.8,19.8,3.8,18.3,30.7,8.7,15.6,9.7,21.3,4.4,17,31.9,62.5,37.5,74.2,25.8,52,48,80.6,19.4,,75.5,24.5,,86.8,13.2,,38.5,42.5,34.6,19.8,0.3,,2.9,1.9,,3.2,3.6,0.6,5.6,6.4,1.7,1.1,13.4,0.8,18.9,19.5,10.2,4.1,3.9,0,0,1.8,,,2.6,3.5,,5.8,5.1,0.6,8,8.6,1.1,1.9,14.6,0.6,18.3,17.3,3.3,4,2.7,0,0,2.2,0.7,,3.3,,,,1.7,0.7,2.5,3.6,2.5,,11.9,1.1,19.8,22.3,18.9,4.3,5.5,0,,1.3,9.8,47.3,13.4,2.8,10.8,,1.9,0.3,2.2,11.3,14.2,46.4,13,2.4,5.9,,3.5,0.6,2,12.1,4.3,48.5,13.9,3.4,17.2,,,,2.5,10.2,9.5,78.4,21.6,72.9,27.1,24.1,75.9,57.8,5.7,14,4.2,,,2.5,,3,11.3,1.4,60,40,44.3,18.3,37.4,17.8,13,44.7,24.5,,29.1,49.8,21.1,,5.1,55.1,39.8,153500,9.1,8.5,2.9,4.6,8.8,7.2,11.6,4.8,16.8,25.6,109500,8.2,14.8,6.3,1.7,7.4,6.9,9,17.4,8.8,19.4,900,2.8,19.4,33.9,16.5,15.6,11.6,1.6,1.3,17.4,35.4,31.6,42.4,21.6,1.6,2.9,25.8,38.5,חילוני,58.6,,11.6,3.2,58.6,21.9,4.7,0.8,57.8,33.2,9,6,8,26.5,41.5,14.1,3.1,0.7,,76,31.7,59,0.94,1.9
ירושלים,3000,1025,1025+1021+1026,ותיק,1,מחוז ירושלים,11,נפת ירושלים,111,הרי יהודה,410,"מטרופולין ירושלים, גלעין",120,"יישוב יהודי 500,000 תושבים ומעלה",0,עירייה,ללא שיוך לאשכול,0,,1940,,,982.8,,2.4,34,33,35,1,יהודים,93.7,6.5,4.2,9.7,5.4,3.7,2.9,5.8,4.8,2.5,7.6,5.6,10,6.4,3.4,3.7,6.4,6.3,4.9,61,39,9,14.6,23.4,52.9,12.1,12.9,7.6,30.8,36.6,ישראל,36.6,מרוקו,8.7,ארצות הברית,7.6,צרפת,6.6,רוסיה,13.8,ארצות הברית,13.6,מרוקו,11.1,אחר,61.5,2.2,41.2,37.8,44,58.8,62.2,56,23,24,22,17.3,82.7,5.7,3.6,5.3,3.2,7.9,3.9,47,24.6,24.5,3.4,52.3,18.6,25.7,4.5,41.4,31,23.2,19.3,23.8,19,6.2,16.5,15,25.2,27.7,15.3,5.4,11.4,15,31.9,13,19.7,23.1,7.2,22,15,62.1,37.9,69.6,30.4,54,46,72.4,27.6,,69.3,30.7,,76.4,23.6,,36.2,38.5,33.1,13.1,0.8,,5.3,0.4,,5.4,11.8,3.4,0.8,10.7,0.6,2.1,10.7,5,15,10.8,8.4,2.1,3,0.5,,3,1.4,,8.5,0.4,,7.7,14,5.9,1.4,10,,3.7,7.4,5.3,16.1,7.7,4.3,3.1,0.4,,,2.8,,,0.9,0.5,,2.3,8.8,,,11.8,1.4,,15.2,4.6,13.6,15,14,0.8,6.6,1.1,,3.4,7.6,34.5,17,5.8,16.1,0.4,5,3.3,1.1,9.2,12.1,30.7,18.2,1.4,12.9,0.7,8.6,5.8,,9.7,1.6,39.8,15.5,11.8,20.4,,,,2.5,8.5,19.4,84.5,15.5,81.2,18.8,16.9,83.1,45.5,3.8,20.5,1,,,7.1,1.6,,16.6,3.9,36.2,63.8,26.9,35.5,37.6,15,37.5,38.6,8.9,,25.6,63.7,10.7,,24.2,42,33.8,101900,6.6,14.7,10.5,7.5,11.2,13.1,7.1,8.6,7.5,13.1,101800,2.3,6.3,11.9,8.7,7,15.9,16.2,14.1,13.2,4.2,810,2.5,34.7,30.7,12.6,10.8,4.2,3.5,3.5,19.5,27.8,32.2,39.5,11.4,10.4,6.4,22.5,38.9,דתי/ דתי מאוד,35.5,,35.5,11.7,31,18.4,3.4,0.9,36,54.1,9.9,18.3,20,23.3,31.7,6,0.8,,,56.2,17.5,84.1,0.93,1.2
ירושלים,3000,1031,1031,ותיק,1,מחוז ירושלים,11,נפת ירושלים,111,הרי יהודה,410,"מטרופולין ירושלים, גלעין",120,"יישוב יהודי 500,000 תושבים ומעלה",0,עירייה,ללא שיוך לאשכול,0,,3650,,,1403.6,,2.8,21,20,23,1,יהודים,97.2,11.6,13.2,10.7,5.7,3.6,1.7,2.5,2.2,2.2,11.3,9.3,6.2,5.8,3.3,2,2.6,3.2,3,84,16,23.3,22.1,25.4,29.3,10.8,7.8,6.3,16.1,59.1,ישראל,59.1,ארצות הברית,7.4,צרפת,5.7,מרוקו,4.7,צרפת,19.6,ארצות הברית,18.2,מרוקו,9.7,אחר,52.6,2.9,45.8,52,38,54.2,48,62,23,24,22,7.5,92.5,4.4,1.1,3.8,2.3,5.6,3.1,53.4,28.1,15.5,2.8,61.6,20.1,15.5,3.3,46.1,35.1,15.5,21.5,25.6,18.2,9.3,15.3,10,24,26.4,18.9,8.1,12.4,10.3,58.2,19.3,24.9,17.7,10.4,17.9,9.8,53.2,46.8,49.9,50.1,56.2,43.8,93.3,6.7,,91,9,,95,5,,33.8,34.1,33.5,12.9,,,4,,,1.4,7.3,2.2,5,5,1.9,0.6,5.7,2.7,7.9,30.6,17.1,2.6,3.4,0.6,,2.2,,,5.7,,,2.6,9.7,1.6,4.5,5.5,3,0.7,6.2,2.8,6.9,23.1,15.1,2.2,6.4,,,4,,,2.7,,,0.5,5.4,2.7,5.4,4.5,1.1,0.5,5.2,2.7,8.6,36.3,18.5,2.9,1.1,1.1,,0.8,2.8,42.3,15.3,8.4,19.9,,2.5,1.3,2.6,4.9,4.2,36.4,14,6.2,19.4,,5.1,3,3.7,8,1.7,46.9,16.3,10.1,20.3,,0.5,,1.8,2.6,11.6,78.1,21.9,82.9,17.1,19.1,80.9,28.5,2.4,26.4,0.4,0.4,0.8,2,2.2,0.2,27.2,9.5,48.2,51.8,37,45.9,17.1,23.1,44.8,22.6,9.4,,22.2,61.3,16.5,2,33.5,51,13.5,86800,14.5,17.8,7.6,9.4,8,9.8,7.8,9.1,10.6,5.5,84000,8.5,3.3,13,12.9,4.4,13.1,3,15.4,12.2,14.2,930,3.5,25.4,23.8,14.1,5.5,7,7,17.2,28.4,40.6,15,15.2,18.2,15.3,36.3,21.1,32.7,דתי/ דתי מאוד,54.7,0.6,54.7,34.2,4.5,3.2,2.8,1.1,51.4,41.9,6.7,5,17.3,34.1,30.5,10.6,1.2,1.3,,50.9,6.2,40.3,0.78,1.1
ירושלים,3000,1032,1032,ותיק,1,מחוז ירושלים,11,נפת ירושלים,111,הרי יהודה,410,"מטרופולין ירושלים, גלעין",120,"יישוב יהודי 500,000 תושבים ומעלה",0,עירייה,ללא שיוך לאשכול,0,,2070,,,1107.9,,1.3,23,22,24,1,יהודים,98.6,13.5,10.4,7,6.4,4.6,3.7,1.8,1.5,1,11.7,9.5,8,7.3,4.1,3.7,2.4,1.9,1.3,83.6,16.4,8.4,24.7,20,46.9,12.1,8.7,5.5,17.2,56.5,ישראל,56.5,ארצות הברית,8.9,צרפת,6,מרוקו,4.7,ארצות הברית,28.3,צרפת,17.6,רוסיה,5.2,אחר,48.9,2.4,35.5,31.8,38.7,64.5,68.2,61.3,24,25,23,14.9,85.1,0.6,1.2,0.6,0.5,1,1.6,46,26.9,25.5,1.3,52.8,18.6,27.3,1.8,39.9,34.3,24,16.2,21.3,20.1,7.7,21,13.8,23.5,28.4,9.7,7,17.5,13.8,55.8,9.6,14.9,29.4,8.3,24.1,13.8,67.8,32.2,71.6,28.4,64.5,35.5,86.9,13.1,,86.5,13.5,,87.2,12.8,,34,37.9,30.3,6.5,0.2,,3.7,0.3,,2.2,3.6,2,1.1,8.1,2,2.9,12.6,2.8,8,25,18.8,0.9,3.8,0.3,,1.6,,,5.2,0.7,,4.2,5,2.7,1.9,14.7,2.2,2.5,9.3,4.1,9,18.6,12.7,1,3.6,0,,2.6,0.4,,2.1,,,,2.1,1.3,0.4,1.3,1.8,3.4,16,1.5,7,31.6,25.1,0.7,4,0.6,,0.6,6.6,43.3,16.6,6.1,10.8,0.2,2.3,1.4,4.6,8,9.6,37.9,15.7,5,8.2,,3.8,2.7,8.7,8.4,3.5,49,17.6,7.3,13.5,0.4,0.7,,0.4,7.6,13.2,82,18,77.2,22.8,20.4,79.6,35,0.8,22.1,3.2,,0.4,1.3,0.3,0.8,23,13,19.9,80.1,28.8,16.9,54.3,,32.7,67.3,,8.8,33.2,42.5,15.4,4.3,22.7,53.6,19.4,118200,9.3,7.5,10.7,12.2,8,7,14,10.7,11.4,9.2,63600,12.7,21.9,11.7,3.7,13,2.9,16.2,4.5,9.9,3.5,590,3.5,25.8,18.8,13.5,13,7.2,9.1,12.5,32.7,44.1,21.1,22,14,17.8,25.2,24.4,19.4,דתי/ דתי מאוד,66.9,0.6,66.9,25.7,3.3,1.7,1.8,1,43,47.4,9.6,4.2,15.9,35.2,19.5,19.7,3.4,1.7,0.5,65.5,9.4,44.1,0.84,1.5
ירושלים,3000,1033,1033,ותיק,1,מחוז ירושלים,11,נפת ירושלים,111,הרי יהודה,410,"מטרופולין ירושלים, גלעין",120,"יישוב יהודי 500,000 תושבים ומעלה",0,עירייה,ללא שיוך לאשכול,0,,3680,,,1103.2,,3.3,25,24,25,1,יהודים,96.4,13.7,8.4,8,8.3,3.6,2.5,2.8,1.6,1.4,11.6,8.3,8.6,6.6,3.9,2.7,3,2.5,2.6,81.4,18.6,10.7,22.2,22.9,44.3,10.9,9,6.3,21.9,51.9,ישראל,51.9,צרפת,8.5,ארצות הברית,8.4,מרוקו,5,צרפת,21,ארצות הברית,19.5,רוסיה,7,אחר,52.5,2.4,38.4,36,40.5,61.6,64,59.5,25,26,23,13.5,86.5,2.6,2.1,3.2,3.2,4.4,4,44.7,28.4,22.9,4.4,51.9,23.2,20.5,3.7,39.1,32.4,24.8,21.3,19.4,19.7,5.1,23.4,11.2,24.8,20.1,23.8,3,19.7,8.5,59.9,18.4,18.9,16.4,6.7,26.3,13.3,62.1,37.9,60.1,39.9,63.6,36.4,89.2,10.8,,86.8,13.2,,91,9,,33.6,35.3,32.2,12.6,,,1.8,0.3,,2,6.9,,3.3,6,1.7,0.9,8.8,3.2,11.7,23,13,3.6,5.7,0.4,,7.6,,,3.5,0.7,,3.2,9.4,,3.9,11,2.8,1.6,9,4.2,10.9,18,2.9,3.5,4.4,,,11,,,0.5,,,1.1,5,,2.9,2.3,1,0.4,8.7,2.4,12.4,26.7,20.6,3.7,6.7,0.6,,5,3.1,40.3,18.1,6.9,16.8,,2.5,,4.2,8.2,4.1,37.7,13.1,2.8,15.7,,5.8,,6.8,14,2.3,42.2,21.9,9.9,17.6,,,,2.2,3.9,14.1,74.4,25.6,63.7,36.3,31.6,68.4,39.7,1.7,27.8,0.8,0.7,,1.4,2.2,1.7,14.1,9.9,45.1,54.9,34.8,29.3,35.9,3.6,29.4,59.4,7.6,4.4,46.5,28.6,20.6,3.1,21.7,63.5,11.7,87800,16.5,10.9,10.7,8.1,8.4,10.3,9.1,10.6,7.2,8.1,65500,15.9,5.3,9.3,19.2,17.1,10.6,5,6.1,11.5,,1120,3.1,28.4,25.6,13.2,9,6.6,6.7,10.5,28.9,43.7,30.2,18,17.5,14.2,20.1,17.2,25.4,דתי/ דתי מאוד,70,,70,16.9,4.8,6.5,1.7,1,39.1,55.4,5.5,6.1,18.7,37.4,29.3,6.2,1.3,0.3,0.7,51.9,10,36.5,0.84,1.4
ירושלים,3000,1115,1115+1114+1116,ותיק,1,מחוז ירושלים,11,נפת ירושלים,111,הרי יהודה,410,"מטרופולין ירושלים, גלעין",120,"יישוב יהודי 500,000 תושבים ומעלה",0,עירייה,ללא שיוך לאשכול,0,,2710,,,1018.6,,2.1,35,36,33,1,יהודים,92,8,7.8,4.8,8,5.6,4.8,5.3,3.9,2.2,10,7.1,5.3,6.2,5.8,4.1,5.2,4.1,1.8,81.8,18.2,28.6,28.6,22.9,19.9,6.6,11.1,11.1,20.3,50.9,ישראל,50.9,מרוקו,8.6,ארצות הברית,4.4,תימן,4.3,ארצות הברית,16.8,מרוקו,14.2,רוסיה,7.9,אחר,61.1,2.3,45.4,44.2,46.6,54.6,55.8,53.4,25,27,24,3.3,96.7,2.6,2,2.4,1.2,3.7,6.2,43.1,20.7,30,7.7,43.7,17.6,31.1,4.9,42.5,23.5,29.1,20.2,19.7,17.2,7.1,23.2,12.6,22,21.7,16.8,6.6,22,10.9,8.3,18.5,17.8,17.5,7.5,24.4,14.3,65.7,34.3,68.9,31.1,62.6,37.4,78.2,20.6,1.3,76.6,22.3,1.2,79.8,18.9,1.4,37,41.1,33.2,4.6,,,3.5,,,1.2,10,2.4,4.3,6.1,4.1,1.8,15.3,4.6,7.5,15.4,15.5,2.6,2.1,0.3,,3.5,,,2.6,,,1.4,14.6,3.8,5.5,10.2,6.4,2.1,14.5,5.4,5.9,8.4,11.2,1.9,0.8,,,5.3,,,4.4,,,1,5.1,0.9,3,1.8,1.6,1.5,16.1,3.8,9.2,22.6,20.1,3.4,3.5,0.6,,1.5,7.7,39.1,16.8,4.8,15.5,0.2,4.8,3.5,2.9,4.7,10.5,33,15.7,2.4,13.3,0.4,7.4,6.8,3.3,7.4,4.7,45.6,18,7.4,17.8,,2.1,,2.5,2,15.7,82.4,17.6,82.5,17.5,17.6,82.4,65.2,4.1,13.6,,,,,1,1.8,11.7,2.7,46.4,53.6,21.4,46.5,32.1,10.3,18.4,54.2,17.1,,17.8,62.4,19.8,0.9,14.5,67.6,17,102500,8.6,12.9,9.2,8,14.2,6.6,7.3,11.8,11.1,10.4,71300,15.7,9.9,9.2,8.4,11.4,6.7,9,4.5,12.5,12.7,900,2.8,27.1,29.4,9.5,14.8,10.3,5.9,3,20.8,37.1,29.2,30.9,22.4,9.4,8.1,14.2,32.8,חילוני,39.3,2.7,17.7,4.1,39.3,29,7.2,0.9,49.4,36.5,14.1,11.1,17,25.5,25.5,15.2,4.4,,1.2,80.5,36.1,55.7,0.94,1.5
ירושלים,3000,1121,1121,ותיק,1,מחוז ירושלים,11,נפת ירושלים,111,הרי יהודה,410,"מטרופולין ירושלים, גלעין",120,"יישוב יהודי 500,000 תושבים ומעלה",0,עירייה,ללא שיוך לאשכול,0,,2650,,,1124.8,,4.4,29,23,36,1,יהודים,90.3,7.7,10.1,11.9,4.3,4.5,2.8,3.5,2.9,2.3,9.8,4.9,7,5.1,3.9,3.7,4.4,3.8,7.4,72.1,27.9,19.3,18.1,39.5,23.1,5.5,9.2,7.5,33.7,44.1,ישראל,44.1,רוסיה,7.6,צרפת,7.4,מרוקו,5.7,רוסיה,21.7,צרפת,12.7,אוקראינה,11.1,אחר,54.4,1.9,52.4,54.5,50.2,47.6,45.5,49.8,24,26,23,11.6,88.4,4.7,1.4,6.6,3.4,9.3,6.4,33.5,28.1,32,5.8,33.8,28.8,31.6,6.8,33.3,27.5,32.4,19.3,13.6,16.6,8.2,20.4,21.9,19.6,16.9,15.5,8.8,15.9,23.2,23.7,18.9,10.8,17.5,7.6,24.2,20.9,61.2,38.8,57.7,42.3,64.1,35.9,91.2,8.8,,88.2,11.8,,93.4,6.6,,37.7,37.8,37.6,18.8,,,2.9,,,2.3,7.8,1.5,4.3,6.6,2.7,0.7,3.8,4.8,12.5,17.2,22.4,2.4,3.5,1.3,,3.4,,,4.9,,,4.7,13.4,2.8,2.7,8.4,5.2,1.5,4.6,6.3,13.9,9.9,9.3,5.7,4.5,,,2.2,,,1.5,,,0.6,3.7,0.6,5.5,5.2,0.8,,3.2,3.7,11.5,22.6,31.9,,2.7,2.3,,4.3,4.7,40.2,10.6,3,25.9,,2.6,1.3,2.4,9.4,7.8,29,10.9,1.2,27,,6.1,3,2.5,12.6,2.5,48.4,10.4,4.4,25.1,,,,2.3,7.1,12.2,67.2,32.8,72.7,27.3,29.7,70.3,51.3,2.8,38.8,0.4,,,,0.4,0.4,4,1.9,45.2,54.8,37,33.8,29.2,,46.1,41.8,12.1,5.1,11.4,64.7,18.8,3.4,35.9,46.9,13.8,107400,12.6,11,9.9,9.2,7.2,11.8,6.7,10,10,11.4,50900,14.9,25.7,5,4.7,9.4,,26.3,,4.3,9.8,840,2.6,28.4,32.2,14,11.7,10.1,1.8,1.7,21.9,32.3,31.1,32,26,5.7,5.2,16.6,35.4,חילוני,48.5,3.8,16.4,10.6,48.5,17.9,2.9,0.8,52.2,41.5,6.3,2.9,19.6,41.3,21.8,11.9,0.4,,2.2,56,19.9,42.8,0.97,1.5
ירושלים,3000,1122,1122,ותיק,1,מחוז ירושלים,11,נפת ירושלים,111,הרי יהודה,410,"מטרופולין ירושלים, גלעין",120,"יישוב יהודי 500,000 תושבים ומעלה",0,עירייה,ללא שיוך לאשכול,0,,3360,,,1185.2,,3,24,23,25,1,יהודים,94.9,19.4,5.2,8.6,8.4,3.5,1.7,2.6,1.6,1.3,16.3,4.2,10.4,6.2,2.3,1.8,2.9,1.9,1.6,76.7,23.3,5.5,14.4,34.7,45.3,4.2,11.3,4.7,29.1,50.7,ישראל,50.7,צרפת,14.7,מרוקו,6.3,רוסיה,4.4,צרפת,33,רוסיה,15.6,אוקראינה,10.2,אחר,41.1,2.2,27.1,23,31.2,72.9,77,68.8,23,23,22,7.8,92.2,1,1.5,1.1,2,3.4,6.7,45.8,26.5,21,4.8,49.6,20.1,25.6,8.6,42.1,33,16.4,25.1,33.6,14.5,5.1,14.1,7.7,32.1,37.9,13.8,3.8,6.9,5.6,60.4,18,29.3,15.2,6.4,21.4,9.7,56.5,43.5,44.3,55.7,68.7,31.3,89.2,10.5,0.2,91,9,,88.1,11.6,0.4,34.6,34.7,34.5,17.8,,,2.5,,0.3,1.8,9.1,1.6,2.3,6.1,3.8,0.2,11,7.7,7.6,20.4,18.4,2.5,3.6,,0.4,0.9,,,4.2,,0.7,4.6,11.8,4.1,3.7,5.7,2.3,0.5,7.1,14.8,7,15.2,8.2,3.5,4.8,,1.1,0.9,,,1.4,,,,7.3,,1.3,6.4,4.7,,13.6,3.1,7.9,23.7,24.9,1.8,2.9,,,0.9,1.2,33.3,13.8,13.6,26.1,0.6,3.9,2.1,3.5,1.9,0.6,25.8,13.3,9.7,28.7,1.6,9.3,5.3,1.9,3.9,1.6,38.2,14.1,16.1,24.5,,0.4,,4.5,0.7,8.7,68.7,31.3,66.2,33.8,32.8,67.2,35.5,4.1,44.6,0.2,,0.4,0.3,,2,6.5,6.3,67,33,25.5,31.3,43.2,5.2,66.4,24.9,3.4,,66,26,8,12.1,48.5,36.3,3.1,73800,15.9,12.7,14.7,14.4,15,8.9,8.9,3.2,3.6,2.7,71900,4.8,12.1,16.8,9.8,34.3,17.6,4.7,,,,1170,3.6,21.3,18.6,14.4,11.6,14,9.6,10.5,52.3,57.2,21.8,19.6,23.9,16.7,17.9,14.8,22.6,חרדי,47.3,0.2,19.2,47.3,20.8,11.6,1,1.1,51.6,45.3,3,0.6,11,72.7,13.7,2,,,,51.5,3.1,16.4,0.83,1
ירושלים,3000,1123,1123,ותיק,1,מחוז ירושלים,11,נפת ירושלים,111,הרי יהודה,410,"מטרופולין ירושלים, גלעין",120,"יישוב יהודי 500,000 תושבים ומעלה",0,עירייה,ללא שיוך לאשכול,0,,1990,,,1462.5,,2.7,22,22,22,1,יהודים,96.1,14.4,9.8,5,6.1,4.5,3.2,2.9,2.9,1.4,13.4,10.1,4.9,6.4,3.7,3.3,3.7,2.7,1.4,88.2,11.8,20.6,30.4,22.3,26.7,5.1,8,7.5,18.7,60.7,ישראל,60.7,צרפת,7.3,מרוקו,5,ארצות הברית,3.2,צרפת,21.4,ארצות הברית,10.2,מרוקו,8.9,אחר,59.4,2.9,34.4,34.6,34.1,65.6,65.4,65.9,23,24,23,6.6,93.4,2.5,2.5,2.2,0.7,4.6,4.9,41.2,25.5,28.4,3.2,45.9,20.8,30.2,6.9,35.6,31.1,26.4,19.3,23.9,18.8,7.8,19.1,11.1,17.7,31.7,20.2,7.6,16.2,6.6,41.3,21.2,14.7,17.2,8,22.5,16.3,63.3,36.7,62.6,37.4,64.1,35.9,82.8,17,0.3,79.6,19.8,0.5,86.2,13.8,,31.9,32.6,31.2,1.9,,,2,,,2.1,4.7,3.1,4.7,5.6,2,1.7,5.4,3.2,8.5,26.4,19.6,4.1,3,0.2,1.4,2.2,,,3.8,,,2.8,6.7,5.7,5.3,8.8,2.1,2.3,6.7,3.9,11.8,21,9,3.5,2.5,,2.5,1.6,,,,,,1.4,2.5,,4,1.9,1.9,1.1,3.9,2.3,4.7,32.7,31.9,4.9,3.5,0.5,,3,6.3,42.3,17.3,8.9,13.9,,2.7,2.4,2.7,3.6,6.6,39.7,16.9,8.8,8.6,,4.4,4.5,5,5.5,5.8,45.3,17.9,9,20.1,,0.6,,,1.3,7.8,83.5,16.5,75.5,24.5,20.2,79.8,59.5,2.6,19.2,,0.9,,0.2,2.1,,7.4,8,34.8,65.2,34.8,23.3,42,5.6,42.1,34.8,17.5,,36.7,47.3,16,1.7,34.2,55.4,8.8,103100,11.8,12,5.1,11.4,11.3,14.6,6.1,9.5,11.3,6.9,57400,21.1,9.9,11.8,13.4,17.7,3.7,8,7.1,,7.4,630,4.4,23.1,19.9,10.3,6.5,6,7.7,26.5,38,50.5,14.4,11,8.6,14.9,51.1,12.3,26.4,חרדי,29.6,2.5,21,29.6,28,19,,1.2,63.9,30.6,5.6,6.3,19.2,16,35.7,12.7,8.6,1,0.4,73,38,12.9,0.74,1.5
ירושלים,3000,1124,1124,ותיק,1,מחוז ירושלים,11,נפת ירושלים,111,הרי יהודה,410,"מטרופולין ירושלים, גלעין",120,"יישוב יהודי 500,000 תושבים ומעלה",0,עירייה,ללא שיוך לאשכול,0,,3570,,,1364.6,,2.2,22,20,24,1,יהודים,96.5,15.5,8.2,5.4,6.1,5,2.9,2.1,1.6,1.3,15.3,8.6,5.3,8.3,4,3,2.7,2.5,2,83.9,16.1,14.9,18,23.9,43.2,6,8.2,5.8,22.7,57.3,ישראל,57.3,צרפת,10.8,מרוקו,5.5,ארצות הברית,3.2,צרפת,31.9,רוסיה,9.2,מרוקו,8.2,אחר,50.7,2.4,36.2,30.9,40.7,63.8,69.1,59.3,23,24,22,8.2,91.8,2.8,1.4,2.6,3,5.6,6.2,41.7,28.1,24,4.6,48.1,21.8,25.5,7.8,35.2,34.5,22.5,28.3,17.8,14.8,5.1,20.2,13.8,35.7,19.3,14.7,4.5,11.7,14.1,46.3,20.8,16.2,14.9,5.7,28.7,13.6,59,41,48.1,51.9,70,30,86.7,13.3,,86.1,13.9,,87.1,12.9,,36.3,38.7,34.8,5.6,,,3.6,0.5,1,2,5.1,1.6,2.9,3.6,0.9,,8.2,4.6,11.1,25.4,16.7,2,6.5,0.2,,4,,,8.7,1.3,2.4,4.4,3.4,4,3.3,5,0.5,,7,8.6,8.5,21.6,10.7,3,2.8,,,4.9,,,,,,0.4,6.3,,2.6,2.6,1.1,,9,1.9,13,28,20.9,1.4,9.1,0.3,,3.4,3.4,45,16.8,6,18,,3,2,1.7,4.1,5.9,39.7,17.6,3.7,13.7,,6.9,4.9,4.2,3.5,1.7,48.6,16.3,7.6,21,,0.4,,,4.5,10.3,79.3,20.7,77.2,22.8,21.9,78.1,56.3,3.5,20.1,3.6,,0.9,0.2,1.5,0.9,6,7,45.7,54.3,16.1,61.4,22.5,4.7,54.6,27.1,13.6,7.1,27.3,45.7,19.9,1.6,44.3,48.7,5.5,105600,8.5,10.7,8.2,11.9,9.8,12.5,12,9.7,10.3,6.3,61600,6.9,3.2,19.7,22.2,9.3,9.9,9,10,2.2,7.5,1120,3.6,24.3,23.2,9.3,12.3,8.7,4.7,17.5,37,51.4,22.4,17.9,17.3,9.7,32.8,16.6,27.5,חילוני,36.5,0.8,20.1,26.4,36.5,15,1.3,1,48.1,48.7,3.2,2.7,22.3,33.8,24.1,13.1,3.1,0.9,,64.5,13.9,28.2,0.81,1.2
ירושלים,3000,1125,1125,ותיק,1,מחוז ירושלים,11,נפת ירושלים,111,הרי יהודה,410,"מטרופולין ירושלים, גלעין",120,"יישוב יהודי 500,000 תושבים ומעלה",0,עירייה,ללא שיוך לאשכול,0,,870,,,1410.3,,3.3,28,31,25,1,יהודים,94.6,9.5,8.4,4.7,5.2,5,3.9,3.3,4.5,2.6,8.5,13.7,8,3,4.7,3.7,3.3,5.4,2.7,78.9,21.1,32,23,15.1,29.9,7.1,6.9,8.2,23.8,54,ישראל,54,ארצות הברית,5.4,עיראק,5.3,צרפת,4.4,צרפת,15.8,עיראק,13.1,ארצות הברית,10.4,אחר,60.7,2.9,36.4,31.1,41.1,63.6,68.9,58.9,25,26,22,3.1,96.9,1.6,1.1,1.3,2.1,1.8,3.2,44.8,21.2,30.8,2,57.3,13.1,27.6,4.2,33.6,28.5,33.7,15.2,20.1,22.6,6.8,17.9,17.5,17.2,25.7,23.1,4.2,13.7,16.1,27.8,13.3,15,22.1,9.2,21.6,18.7,61.7,38.3,66.7,33.3,57.2,42.8,73.2,26.8,,69.9,30.1,,76.6,23.4,,33.7,39.8,27.6,5.4,1.2,,4.2,,,2.8,3.7,2.9,4.1,3.8,1.4,1.9,8.1,5.9,7.3,27.9,13.4,2.7,7,0,,1.7,,,4.1,,,5.5,2.6,5.5,6.4,5.5,0.9,2.2,6,10.5,9.6,22.3,15.1,2,1.8,0,,,2.4,,4.4,,,,4.9,,1.6,2,2,1.5,10.4,1,4.7,34,11.6,3.3,12.7,0,,3.5,9.2,44.4,15,3.6,15.2,,0.8,,3.1,8.7,11.8,37.3,17.9,0.9,17.4,,1.5,,4,9.2,6.3,52,12,6.5,12.8,,,,2.2,8.3,27.1,89.8,10.2,90.7,9.3,9.7,90.3,66.6,6.4,10.3,0.8,,,1.2,,0.6,5.8,8.2,71.3,28.7,48.2,14.9,36.9,,28.8,52.2,19,15.1,25.2,52.7,7.1,,6.1,55.4,38.5,85400,9.1,16.6,8.7,11.7,8.3,6.6,8.8,8.5,11.7,10,139900,14.9,2.5,,1.6,11.7,14.3,4.9,24.7,13.1,12.4,260,3.2,17.3,33.9,16.1,12.6,5,4.9,10.1,26.6,39.8,33.7,24.8,12.5,8.3,20.7,26.8,35.8,דתי/ דתי מאוד,37,1,37,16.4,26.8,16.5,2.3,0.8,48.2,41.8,9.9,6.3,10.3,22.5,26.6,23.2,3.6,3.8,3.7,77.4,26.2,53.3,0.91,1.6
ירושלים,3000,1131,1131,ותיק,1,מחוז ירושלים,11,נפת ירושלים,111,הרי יהודה,410,"מטרופולין ירושלים, גלעין",120,"יישוב יהודי 500,000 תושבים ומעלה",0,עירייה,ללא שיוך לאשכול,0,,3650,,,824.7,,6.5,30,28,33,1,יהודים,84.3,8.5,5.5,9.4,5.1,5.5,3.5,2.3,2.3,3,7.7,5.4,12.1,7.1,5.1,3.7,3.8,3.9,6.1,72.4,27.6,22.6,15.9,34.5,26.9,3.8,12.4,9.7,33.5,40.7,ישראל,40.7,צרפת,7.5,מרוקו,7.4,רוסיה,6.8,רוסיה,16.8,צרפת,12.9,אוקראינה,9.6,אחר,60.7,1.9,54.3,48,58.9,45.7,52,41.1,25,26,23,13.2,86.8,5.8,3.2,6.3,4.1,8,7.1,39.2,28.8,24.9,5.4,40.9,28.7,25.1,8.5,37.8,28.9,24.8,20.9,18.1,15.9,8.7,20.3,16.1,16.1,22.7,16.2,11,18.2,15.7,14.9,24.7,14.3,15.7,6.7,22.1,16.4,67,33,70,30,64.5,35.5,90.8,9,0.2,88.1,11.5,0.4,93.1,6.9,,39.1,40.5,37.9,27.9,,,3.5,,,3.1,5.2,2.2,3.4,4.8,0.6,0.3,7.7,6.3,12.6,18.5,17.5,5.7,5.7,0.8,,2,,,4.7,,,6.5,6.5,1.7,2.9,7.6,,,5.7,9.3,17.6,13.7,7.8,7.1,6.4,,,2.3,,,2.5,,,,4.1,2.7,3.8,2.3,1.2,0.5,9.5,3.6,8.1,22.7,26.2,4.4,5.1,1.6,,1.8,2.9,36.2,17.8,3.7,22,,6.2,0.7,3.3,7.1,4.5,32.5,14.7,1.8,18,,11.5,,5.4,11.8,1.5,39.6,20.7,5.3,25.7,,1.5,1.4,1.5,2.9,8.1,75.8,24.2,73.8,26.2,25.2,74.8,55.9,1,29.9,0.3,,0.7,1.1,1.6,1.7,6.9,0.9,37.9,62.1,25.5,47.4,27.1,8.3,42.2,38.1,11.4,,13.7,67.9,18.4,,25.7,61.3,13,98000,10.5,9,9.5,12,12.7,7.3,9,14.5,10.9,4.7,71900,5.2,,4.2,25.9,21.4,3.2,12.2,9.1,16.4,2.5,1240,2.5,37.7,22.4,16,11.7,6.1,3.6,2.5,21.4,35.8,36.5,31.3,19,8,5.2,15.2,29.2,חילוני,43.3,0.8,16.3,5.9,43.3,31.5,2.2,0.8,43.8,48.3,7.9,8.5,25.9,38.3,19.5,6.9,0.9,,,64.8,15,27.2,0.88,1.3
ירושלים,3000,1132,1132,ותיק,1,מחוז ירושלים,11,נפת ירושלים,111,הרי יהודה,410,"מטרופולין ירושלים, גלעין",120,"יישוב יהודי 500,000 תושבים ומעלה",0,עירייה,ללא שיוך לאשכול,0,,4230,,,922.8,,4.3,28,28,29,1,יהודים,91.4,12.1,5.7,8.9,9.2,4.3,2.7,2.6,2.3,1.8,11.9,5.3,8.6,8.1,3.1,3.6,3.5,3.3,2.9,71,29,6.9,14.8,40.1,38.2,3.9,13.8,6,33.2,43,ישראל,43,צרפת,14.1,מרוקו,9.2,רוסיה,5.7,צרפת,25.8,רוסיה,17,אוקראינה,12.9,אחר,44.3,2,42.8,42,43.5,57.2,58,56.5,23,25,22,11.2,88.8,4.6,3.6,5.5,3.4,9,5.6,49.6,28,16.8,5.5,62.6,20.2,11.6,5.7,38.2,34.8,21.3,20,31.4,13.8,9.1,16.1,9.7,25.1,36.1,14.7,8.2,10.5,5.4,35,15.4,27.2,13,9.9,21,13.4,67,33,65.1,34.9,68.6,31.4,90.5,9.5,,88.9,11.1,,91.8,8.2,,36.6,38.7,35.1,35.9,,,2.8,,,5,10.3,5.3,3.7,4.6,2.6,2.3,5.1,4.6,11.4,14.3,16.8,2.4,2.8,0.9,0.4,4.8,,,1.3,,,9.2,13.4,10.4,5.4,6.4,1.6,4.2,3.4,6.7,12.1,7,8.7,1.7,2.5,,0.8,5.3,,,4,,,1.5,7.8,1.2,2.4,3.1,3.4,0.8,6.5,3,10.7,20.2,23.5,3,3,1.7,,4.3,5.1,24.2,16.1,9.6,24.5,,4.4,5.4,4.1,6.7,8.3,15,9.5,8.1,23.3,,9.8,11.9,4.7,9.5,2.5,31.7,21.5,10.8,25.5,,,,3.7,4.4,12.1,78.9,21.1,71.2,28.8,25.4,74.6,47.3,1.9,39.5,0.8,,0.2,,3.3,1,4.4,1.7,42.7,57.3,27.6,39,33.4,2.7,47.1,46.7,3.4,,38.1,44.9,17,2.5,29.4,47,21.1,88700,12.6,12.2,8.4,10.6,17.2,11.7,13.8,6.9,4.4,2.2,61600,9.3,26.3,1.8,15.6,7,20.5,8.9,,6.4,4.3,1460,2.8,31.4,27.3,13,10.3,8,4.5,5.5,28.2,38.4,31.4,29.8,15.7,9.6,13.5,19,24.2,חרדי,24.1,5.5,20.7,24.1,23.5,22.9,3.3,0.9,46,47.9,6.1,5.4,13.4,52.1,21.7,6.9,0.4,,,59.8,9.7,14.7,0.94,1.1
ירושלים,3000,1133,1133,ותיק,1,מחוז ירושלים,11,נפת ירושלים,111,הרי יהודה,410,"מטרופולין ירושלים, גלעין",120,"יישוב יהודי 500,000 תושבים ומעלה",0,עירייה,ללא שיוך לאשכול,0,,2010,,,904.5,,4.3,32,33,32,1,יהודים,92.5,7.6,7.8,7.6,6.7,5.7,5.1,5,3.2,1.4,8.3,7.2,8.1,5.2,4.8,4.1,6,3.9,2.3,79.2,20.8,26.5,26.6,21.9,25.1,3.2,19.2,11.7,18.5,47.4,ישראל,47.4,מרוקו,15.1,עיראק,4.9,צרפת,4.7,מרוקו,24.3,צרפת,11.9,רוסיה,10.9,אחר,52.9,2.1,41.8,41.7,41.9,58.2,58.3,58.1,24,26,23,10,90,5.8,6.8,2.6,3.2,9.3,3.7,48.8,26.9,20.6,4.8,53.3,24.7,17.1,2.7,44.5,29,23.8,15.9,25.3,23.6,6.1,14.5,14.6,18.5,31.3,17.3,6.1,15,11.8,15.9,13.4,19.7,29.5,6.1,14.1,17.2,67,33,66.2,33.8,67.9,32.1,81,19,,78.1,21.9,,83.7,16.3,,41.8,42.9,40.9,4.2,0.3,,3.7,0.7,0.8,4.7,9.6,2.8,5.6,4.4,5,1.6,5.6,1.8,14.6,16.5,12.1,3.4,4.5,,,2.2,0.6,,6.1,,1.6,7.7,11.7,5.9,4.4,7.7,4.2,,7.6,3,11.6,10.8,7.8,4.6,1.4,,,3.2,,,1.5,1.4,,2,7.8,,6.7,1.3,5.7,3,3.9,0.7,17.4,21.7,15.9,2.4,7.3,,,1.3,7.1,32.6,12.3,7.1,24.7,0.7,4.1,2.9,1.4,7.1,9.8,31.2,10.9,3.1,20.4,1.4,6.3,6.1,2.3,8.5,4.6,33.9,13.7,10.8,28.6,,2.2,,0.5,5.7,8.6,78.7,21.3,71.4,28.6,24.9,75.1,60.3,3.3,25.2,0.8,,,,0.4,1.1,7.8,0.8,27.2,72.8,43.4,26.7,29.9,,19.2,50.3,30.5,5.2,10.5,73.3,11.1,,15.9,53.7,30.4,111900,9,6,7.6,11.4,11.4,11.4,8.5,15.2,10.8,8.7,81300,11.2,11.5,10.1,4.1,12.9,18.8,12.6,4.3,4,10.6,720,2.7,30.6,30.4,9.6,9.2,14.3,4.6,1.4,19.5,34.4,35,23.9,32.5,6.1,2.5,22.4,31.2,מסורתי,30.8,1.9,30.5,4.6,30.4,30.8,1.7,0.8,45.7,49.3,5.1,4.9,23.4,23.9,26.7,14.6,6.5,,,64.3,29.6,32.3,0.94,1.3
ירושלים,3000,1141,1141,ותיק,1,מחוז ירושלים,11,נפת ירושלים,111,הרי יהודה,410,"מטרופולין ירושלים, גלעין",120,"יישוב יהודי 500,000 תושבים ומעלה",0,עירייה,ללא שיוך לאשכול,0,,4910,,,1013.4,,2.6,31,31,31,1,יהודים,92.2,10.2,7.1,5,8.7,4.8,3.5,3.8,2.4,1.8,10.8,7.5,6.9,6.3,5.6,4.9,4.4,3.3,2.9,72.3,27.7,14,20.1,38,28,2.7,27.8,7.5,18.1,43.8,ישראל,43.8,מרוקו,12.8,אתיופיה,11.6,רוסיה,5.1,אתיופיה,24.4,מרוקו,16.9,רוסיה,14.8,אחר,43.9,2.2,47.4,42.3,51.9,52.6,57.7,48.1,24,26,23,5.2,94.8,2.9,2.6,2.8,2.5,6.3,7.7,54.1,20.8,17.5,6.5,58.9,18.3,16.3,8.7,50.2,22.7,18.4,25.2,27.9,18.6,5.4,12,10.9,25.5,33.7,17.1,6.8,7.3,9.6,24.7,25,23.4,19.7,4.2,15.7,11.9,69.4,30.6,73.8,26.2,66,34,92.4,7.4,0.2,92.1,7.9,,92.6,6.9,0.4,37.4,40.1,35.2,26,,,1.9,,0.6,6.3,9.8,6,4,4.4,0.8,0.7,3.1,4.8,14.3,12.5,21.2,3.5,2.3,1.5,,2.5,,,2.6,,0.8,11.5,14.3,11.6,3.9,7,,0.3,2.7,7.2,15.9,5,6.5,4.9,2.5,,,3.3,,,1.3,,0.4,1.7,6,1.3,4.1,2.1,1.4,1,3.4,2.8,12.9,18.8,33.8,2.3,2.2,2.8,,1.8,2,21.6,14.6,8.6,30.1,0.2,5.5,6.5,5.3,5.6,2.7,17.3,10.8,8.6,21.5,0.5,11,13.8,7.3,6.6,1.4,25.2,17.9,8.5,37.5,,0.7,0.2,3.7,4.8,9.1,77.8,22.2,80.9,19.1,20.5,79.5,48.7,2.6,35.7,1,,,,1.8,1.5,6.5,2.3,50.5,49.5,27.5,35.1,37.4,2.6,31.7,53.5,12.2,4.4,11.2,54.2,30.2,1,15.6,53.6,29.8,96400,8.8,11.1,13,8.7,12.6,14.6,9.2,11.8,9.1,1.1,67700,9.9,10.4,10.2,17.6,13.7,14.6,8.6,8.2,,6.8,1590,2.9,31,23,11.2,10.5,12.4,6.1,5.8,24.3,41.4,34.3,22.1,20.7,13.4,9.5,16.7,29.3,מסורתי,31.1,1.5,23,11.7,28.7,31.1,4.1,0.9,55.6,39.5,4.9,6.8,13.9,38.2,30.2,9,1.5,0.4,,60.9,18.1,23.5,0.91,1.1
ירושלים,3000,1142,1142,ותיק,1,מחוז ירושלים,11,נפת ירושלים,111,הרי יהודה,410,"מטרופולין ירושלים, גלעין",120,"יישוב יהודי 500,000 תושבים ומעלה",0,עירייה,ללא שיוך לאשכול,0,,2580,,,1096.4,,1.7,33,31,35,1,יהודים,94.9,10.6,8.3,5.4,5.5,5.5,4.3,5.4,3.2,2.2,9.9,7.3,3.9,7,4.9,5.5,4.9,3.9,2.4,76.3,23.7,24.2,27.4,30.6,17.8,2.8,22.6,9.8,15.7,49.1,ישראל,49.1,מרוקו,15.3,איראן,4.7,אתיופיה,3.9,מרוקו,25.2,אוקראינה,10.7,רוסיה,10.5,אחר,53.6,2.6,39.6,39.1,40,60.4,60.9,60,24,26,22,5,95,6.9,4.3,6.8,3.7,9.6,9.5,52,19,19.4,4.8,58,15.3,21.9,13.3,47.3,21.9,17.5,26.3,26.5,15.8,6.5,10.9,13.8,23.7,33,13.4,5.9,9.4,14.5,22.9,28.4,21.4,17.7,7.1,12.2,13.3,66,34,74.6,25.4,59.2,40.8,90.9,9.1,,90.6,9.4,,91.1,8.9,,39.1,44.9,33.2,18.3,,,7,,0.9,4,8.1,1.6,2.9,4.5,2,,4.7,7.1,13.5,19.5,16,2,1.7,1.8,,2.7,,,10.4,,1.9,5.2,11.7,3.1,5.8,8.9,0.5,,3.5,8.4,12.3,16,6.2,1.6,1.3,,,3.2,,,3.6,,,2.7,4.4,,,,3.4,,6,5.7,14.8,23.1,25.9,2.4,2.1,3.6,,2.3,4.8,22.3,12.3,6.9,27.5,0.2,9.8,3.6,3.4,9.4,6.4,17.4,6.8,5.4,28.3,0.4,17.9,7.2,1.7,8.6,3.1,27.2,17.8,8.4,26.6,,1.6,,5.2,10.2,8,79.5,20.5,71.1,28.9,24.5,75.5,55.8,2.4,27.6,1.5,0.8,,,3.6,0.4,5.9,2.1,36.9,63.1,35.9,31.5,32.6,,37.7,54.3,8,,15,50.6,34.4,,6.6,76.7,16.7,91700,8.6,10.3,11.2,14.8,11.4,9.5,8.5,9.3,11.2,5.2,121200,2.7,12.8,4.1,8.3,16.9,,16.5,24.9,4.6,9.1,860,3,30.4,23.1,13.5,8.9,11.7,5.6,6.8,22,35,23.8,22.1,22.4,13.5,18.1,17.1,36.2,דתי/ דתי מאוד,35.4,,35.4,8.9,23.6,29.5,2.6,0.9,60.9,34.1,5,8.6,11.4,30.1,32.8,12.8,4.1,0.3,,60.3,13.5,25.2,0.85,1.3
ירושלים,3000,1143,1143,ותיק,1,מחוז ירושלים,11,נפת ירושלים,111,הרי יהודה,410,"מטרופולין ירושלים, גלעין",120,"יישוב יהודי 500,000 תושבים ומעלה",0,עירייה,ללא שיוך לאשכול,0,,4920,,,909.8,,3.7,29,28,30,1,יהודים,90.2,10.1,7.2,8.7,7,4.4,3.5,3.8,2.4,1.4,11.4,5.8,8,6.6,4.6,4.9,4.7,3.2,2.2,70.7,29.3,7.8,13.5,41,37.6,2.2,30.2,7,17.8,42.7,ישראל,42.7,אתיופיה,17.7,מרוקו,9.6,רוסיה,5.1,אתיופיה,39.3,רוסיה,14.4,מרוקו,9.8,אחר,36.6,2.3,41.6,38.5,44.3,58.4,61.5,55.7,25,26,24,11.4,88.6,3.9,2.4,3.7,3,8,7.2,51.8,25.6,15.5,5.8,57.8,23.7,12.7,8.4,46.6,27.2,17.9,24.8,25.3,17.7,5.3,17,9.9,25.5,29.9,15.9,7.6,13.9,7.3,25.7,24.3,21.4,19.2,3.3,19.8,12.1,73,27,76.6,23.4,69.9,30.1,92.4,7.6,,91,9,,93.6,6.4,,39.3,41.5,37.4,29,,,5.2,,1.3,2.7,9.9,4.2,5.3,4.4,2.3,0.3,6.1,9.3,11.9,13.5,16.5,1.4,2.2,1,0.3,2.1,,,10.4,,2.8,4.5,11.1,7.4,5.3,5.2,2.1,,8.2,9.7,13.1,7.6,6.2,0.9,2.4,,0.7,2.3,,,0.3,,,0.9,8.8,1.1,5.4,3.6,2.5,0.7,4,8.8,10.7,19.1,26.2,1.9,2,2,,2,3.5,25.6,12.6,8.2,28.4,0.2,4.3,5.1,5.6,6.7,3.9,21.2,9.3,6,27.1,0.4,7.9,10.1,3.9,10.2,3.1,29.7,15.6,10.2,29.7,,0.9,0.3,7.1,3.4,9.3,71.7,28.3,72,28,28.1,71.9,52,2.8,35.3,0.3,,,0.5,1.6,1,2.8,3.8,30.2,69.8,32.5,34.4,33.1,3.4,16.4,55.3,24.9,4.5,9.8,73.8,11.9,,5.6,71,23.4,98300,9.8,9.1,11.2,12.9,11.4,11.4,12.1,6.2,9.4,6.6,41800,6.3,27.2,26.1,2.2,,,10.8,11.5,8,7.9,1610,2.9,20.9,29.6,17.2,14.6,9.5,4.7,3.6,28.1,42.3,28.5,35.5,21.1,8.8,6.1,16.1,26.6,מסורתי,32.9,1.7,27.8,7.1,26.5,32.9,4,0.9,51.1,43.2,5.7,0.6,12.8,50.8,25.7,9,0.8,0.3,,69.7,21.3,36,0.92,1.1
ירושלים,3000,1144,1144,ותיק,1,מחוז ירושלים,11,נפת ירושלים,111,הרי יהודה,410,"מטרופולין ירושלים, גלעין",120,"יישוב יהודי 500,000 תושבים ומעלה",0,עירייה,ללא שיוך לאשכול,0,,1120,,,1220.5,,4.3,33,31,35,1,יהודים,93,9.7,9,4.3,6.4,4.4,3.6,4.5,4.2,2.5,7.3,8.1,6.6,6.1,4.7,3.9,6.2,5.5,2.9,78.9,21.1,41.8,36,10.9,11.3,5,20.8,10.3,15.2,48.6,ישראל,48.6,מרוקו,17.4,איראן,4.2,עיראק,3.9,מרוקו,33.6,איראן,9.6,ארצות הברית,8.8,אחר,47.9,2.6,43.3,40.5,45.6,56.7,59.5,54.4,25,26,22,5.9,94.1,3.5,0.7,1.9,1.6,5.7,4.2,54,25.5,16.4,3.4,57.9,26,12.7,4.9,50.2,25,19.9,22.4,29.5,16.2,8.3,16.2,7.4,20.2,34.8,17.4,9.1,12.7,5.8,6.7,24.6,24.4,15,7.5,19.6,8.9,62.2,37.8,65.8,34.2,58.6,41.4,85.9,14.1,,79.4,20.6,,92.7,7.3,,35.2,39,31.3,16,,,1.8,,,8.2,6.2,3.7,7,1.8,0.5,,4.7,5.9,16.8,11,19.8,2.1,6.5,0,,4,,,2,,,15.7,5.4,5.6,5.8,2.3,,,6.5,8.1,19.7,5.7,9.7,1.6,4.6,,,7.5,,,1.6,,,,7.1,1.6,8.4,1.2,1,,2.7,3.5,13.7,16.8,31,2.8,8.6,0,,,4.6,24,14.7,6.9,25.8,0.3,5.8,4.4,5.1,8.3,4.7,18.3,14.1,3.6,20.8,0.6,11.1,8.3,5.3,13.2,4.5,30.3,15.4,10.5,31.4,,,,4.9,3,13.5,74.1,25.9,71.1,28.9,27.3,72.7,57.6,2.1,28.9,4,,,,0.6,0.7,3.4,2.7,52.5,47.5,31.8,41.2,27.1,14.8,9.3,52.6,23.3,,15.8,72.4,11.7,,24,37.2,38.8,104900,10.8,12.2,7.4,7,11.5,13.7,10.8,10,12.1,4.6,46500,8.4,31.2,10.9,6,6.7,3.5,8.3,20.9,3.9,,370,2.7,29.9,28.1,12.9,11.3,12,1.6,4.1,19.9,34.1,30.4,33.3,22.9,5.3,8.1,17,40.6,מסורתי,39.8,,28.2,1.7,27.8,39.8,2.6,0.8,60.2,34.6,5.2,1.1,17.5,34.6,28.5,12.7,4.4,1.3,,72.2,29.2,28.1,0.9,1.2
ירושלים,3000,1152,1152+1151,ותיק,1,מחוז ירושלים,11,נפת ירושלים,111,הרי יהודה,410,"מטרופולין ירושלים, גלעין",120,"יישוב יהודי 500,000 תושבים ומעלה",0,עירייה,ללא שיוך לאשכול,0,,3730,,,907,,1.6,44,41,46,1,יהודים,96,4.9,6.7,6.7,5.9,3.5,4.3,8.7,5.9,2.5,4.8,6.2,7.7,4.3,4.6,6.2,9.8,5.3,1.9,80.9,19.1,31.4,33.2,19.1,16.4,4.1,13.2,18.4,17.5,46.7,ישראל,46.7,עיראק,9.5,מרוקו,9.1,איראן,5.3,מרוקו,16.3,עיראק,8.6,איראן,8.3,אחר,66.8,2.1,38.1,36.1,39.9,61.9,63.9,60.1,25,26,23,3.2,96.8,1.8,1.3,1.6,0.6,3.4,4.5,46,24.2,25.3,5.2,49.5,19.9,25.4,3.8,42.7,28.2,25.3,16.6,19.2,22.4,7.5,18.1,16.2,18.7,23.6,18.6,7.8,14.8,16.5,5.1,14.7,15.1,25.9,7.2,21.1,15.9,66.8,33.2,70.1,29.9,63.8,36.2,79.8,19.9,0.4,74.6,24.7,0.7,84.8,15.2,,39.6,43,36.5,24.3,0.2,,4,0.3,0.4,5,10.3,3.4,7.3,3.8,2.7,2.3,10,3.5,18.7,7.9,13.2,2.9,1.5,0.4,,2.2,0.4,,5.6,0.6,0.2,7.8,12.1,6.7,6.3,3,1.4,3.5,9.4,4.5,20,4.8,8.5,1.6,1.7,,,1.9,,,2.3,,0.5,2.1,8.4,,8.3,4.6,4,0.9,10.6,2.6,17.4,11.2,18,4.2,1.3,0.8,,2.5,9.9,30.5,16.9,7.2,18.7,,6.1,1.6,1.3,7.7,12.9,27.7,12.2,2.6,18.9,,8.5,2.8,2.2,12.2,7,33.3,21.8,11.9,18.5,,3.6,0.4,0.4,3.2,12.3,89.2,10.8,84.6,15.4,13.1,86.9,73.2,3.1,11.9,1.3,,,1.1,1.6,0.8,5.7,1.2,34.5,65.5,33.1,34.7,32.2,,14.2,52.1,33.6,,11.1,55.4,33.5,1.3,7.2,44.6,46.9,126100,7.9,9.5,6.6,11.6,8.6,6.2,11.4,10.1,11.1,16.9,106300,7,8.3,7.6,2.8,15.7,8.5,4.1,8.6,18.7,18.7,1440,2.5,29.2,34.6,13.3,8.6,7.8,4.6,2,9.7,23,34.4,29.3,19.1,14,3.1,20.3,45.1,חילוני,42.7,0.3,15.3,1.3,42.7,37,3.4,0.7,66.5,23.9,9.6,7.1,10.1,13.9,27.1,29.2,8.9,2.8,0.9,86.2,44.4,69.6,1.04,1.5
ירושלים,3000,1154,1154,ותיק,1,מחוז ירושלים,11,נפת ירושלים,111,הרי יהודה,410,"מטרופולין ירושלים, גלעין",120,"יישוב יהודי 500,000 תושבים ומעלה",0,עירייה,ללא שיוך לאשכול,0,,4010,,,873.1,,1.1,33,30,34,1,יהודים,97.5,5.7,9.5,8,2.5,4.8,7.1,4.5,2.8,1.8,6,11.3,7.8,3.2,6.3,8.4,5.4,3.3,1.8,85.3,14.7,23.3,36.5,28.4,11.8,3.6,11.7,11.9,17.5,55.4,ישראל,55.4,מרוקו,8.8,עיראק,5.4,איראן,3.7,מרוקו,14.8,רוסיה,12.8,ארצות הברית,9.5,אחר,62.9,2,40.8,38.8,42.6,59.2,61.2,57.4,26,27,24,2.7,97.3,1.4,1.4,1.9,0.9,3.1,1.7,46.8,25.6,25.9,2,47.9,26.6,23.6,1.4,45.9,24.7,27.9,16.2,14,25.9,6.6,19.9,17.4,16.6,14.2,27.8,9.1,16.2,16.2,6.2,15.8,13.8,24.3,4.4,23.1,18.6,68.4,31.6,67.1,32.9,69.4,30.6,87.8,12,0.2,85,15,,90,9.6,0.4,40.2,43.2,37.3,13.6,,,3.6,0.7,,1.5,7.6,1.8,7.1,4.2,4.5,0.9,9.6,3.8,22.1,12.8,13.9,2.7,2.7,0,,0.7,,,4.2,1.5,,3.4,11.7,3.9,8.6,5.3,4.1,0.4,12.5,5.2,23.2,4.7,6,2.8,1.3,0,,1.2,,,3.1,,,,4.1,,5.8,3.1,4.7,1.4,7.1,2.5,21.2,19.6,20.7,2.6,3.8,,,0.3,5.5,35.2,17.4,6.1,19.8,0.2,3.4,1.8,1.3,9.4,7.4,29.3,17,3.4,21.1,0.3,6.8,3.8,2.6,8.3,4,40.2,17.7,8.4,18.7,,0.5,,0.2,10.3,12.3,86.7,13.3,83.7,16.3,14.9,85.1,77.4,3.2,15.2,0.4,0.2,,0.6,,1,1,0.9,55.4,44.6,26.4,31.2,42.4,,47.4,26,26.7,4.5,9.5,38.8,47.3,1,6.2,52.2,40.7,155400,7.9,7.2,8,4.2,5.4,8.5,10,12.2,19.3,17.3,82800,6.5,4.3,12.8,17,8.4,17.3,,8.5,16,9.2,1290,3.1,17.9,27.5,15.6,17.4,14.1,5.7,1.9,12.8,39.9,35.5,25.9,26.1,10.4,2.2,29.3,31.8,חילוני,43.3,0.5,15.2,0.7,43.3,37.7,2.6,0.7,73.5,21.7,4.8,1.9,1.7,12,42.2,37.6,3.9,0.6,,86.2,48.8,43.1,0.93,1.8
ירושלים,3000,1211,1211,ותיק,1,מחוז ירושלים,11,נפת ירושלים,111,הרי יהודה,410,"מטרופולין ירושלים, גלעין",120,"יישוב יהודי 500,000 תושבים ומעלה",0,עירייה,ללא שיוך לאשכול,0,,2100,,,702.4,,6.3,32,31,34,1,יהודים,84.9,6.6,4.8,9.6,8.1,4.6,3.9,4.4,2.1,1.3,8,6.7,9.3,7.2,4.7,5.9,6.7,3.7,2.3,68.1,31.9,9,16.6,35.7,38.8,3.1,27.1,12.1,18.9,38.8,ישראל,38.8,אתיופיה,15.6,מרוקו,9.1,רוסיה,5.4,אתיופיה,32.2,רוסיה,14.8,מרוקו,10.2,אחר,42.7,2,59,54,62.9,41,46,37.1,24,25,21,6.8,93.2,3.3,1.5,2.7,2.3,5.6,12.4,60.8,18.1,8.7,15.1,60.7,16.5,7.7,10.4,60.9,19.3,9.4,33.8,31.7,15.5,4.1,10,4.9,34.8,37.3,10.9,6.3,7.6,3.1,20.9,33,27.3,19.2,2.3,11.9,6.3,62.7,37.3,73.5,26.5,54.3,45.7,92.8,7.2,,92.4,7.6,,93.1,6.9,,35.7,38.9,32.1,30.7,,,4.1,,0.3,0.8,15.4,3.9,8.8,5.3,0.2,1.8,4.2,15.1,7.5,10.2,14.2,1.6,3.2,2.1,,1.4,,,7.1,,,1.5,16.5,5.5,7,7.3,0.4,1.9,4.3,21.4,8.5,6.9,3.6,2.9,3.5,,,1.7,,,0.8,,0.7,,14.1,2,10.7,3.1,,1.6,4.1,7.9,6.4,13.9,26.4,,2.8,4.5,,1,4.7,14.6,18.3,3.8,35.3,1.1,4.3,4.6,9.5,3.8,7.6,8.6,16.7,3.9,33.6,2.1,8.1,8.6,6.1,4.9,1.4,21.5,20.2,3.6,37.3,,,,13.5,2.5,1.7,85,15,94.9,5.1,10.6,89.4,38.5,1,46,1.8,0.8,,,1.4,,10.6,,41.8,58.2,25.9,34.6,39.5,5.2,41.8,34,19,6.8,43.3,20.6,29.3,10.2,22.1,44.4,23.4,82200,9.2,13.5,17.2,13.4,16.5,5.3,11.7,5.8,4.5,2.9,88900,16.7,5.4,17.7,,8.8,11.6,19.3,,4.9,15.5,880,2.2,44.9,26.9,11.3,6.5,4.7,3.7,2,14.2,21.6,35.2,23.5,16.3,15.5,9.5,18.3,27.1,מסורתי,36.1,3.8,26.5,11.6,20.3,36.1,1.7,0.8,42.5,49.2,8.3,7.1,17.1,60.7,10.9,3.1,0.3,0.4,0.4,39,6.5,11.9,0.95,0.8
ירושלים,3000,1212,1212,ותיק,1,מחוז ירושלים,11,נפת ירושלים,111,הרי יהודה,410,"מטרופולין ירושלים, גלעין",120,"יישוב יהודי 500,000 תושבים ומעלה",0,עירייה,ללא שיוך לאשכול,0,,2940,,,800.9,,5.5,30,29,32,1,יהודים,89.4,8.7,6.3,11.1,8.6,4.2,4.3,4.3,1.9,1.2,9.2,6.8,7.4,6.3,4.3,4.3,5.1,3.2,2.9,78.4,21.6,23.1,17.8,27.9,31.2,5.3,19.5,15.4,11.9,47.9,ישראל,47.9,מרוקו,9.9,עיראק,8.9,אתיופיה,6.7,אתיופיה,18,מרוקו,14.4,רוסיה,13.2,אחר,54.4,2.5,50.9,51.2,50.5,49.1,48.8,49.5,24,25,23,15.7,84.3,3.7,4.1,4.5,4.3,7.6,9.7,61,20.4,9,8.5,64.9,20.2,6.5,10.9,56.9,20.6,11.6,32.2,25.4,21.9,4.2,12.9,3.4,31.8,26.1,26,5.3,8.1,2.7,22.3,32.5,24.7,17.6,3,17.9,4.2,67.8,32.2,71.3,28.7,64.2,35.8,91.3,8.7,,90.7,9.3,,91.9,8.1,,39.4,42.7,35.8,3.9,0.3,,3.6,0.3,0.4,3.9,14.5,0.2,4.9,2.3,0.6,0.3,6.4,10.1,13,14.4,16.9,0.9,2.7,3.3,,0.9,0.5,,4.8,0.6,0.8,7.4,18.8,0.4,7,3.2,0.6,0.5,6.2,13.9,16.2,7.1,8.2,1.1,1.8,0.4,,0.5,,,2.1,,,,9.5,,2.4,1.4,0.6,,6.7,5.9,9.4,22.9,27,0.6,3.8,6.6,,1.3,4.2,17.5,12.6,8.9,36.4,0.3,6,1.4,7,5.6,6.2,11.4,12.1,7.8,35.4,0.5,10,2.6,6.2,7.9,2,24.5,13.2,10.2,37.6,,1.3,,8,3.1,8,86.1,13.9,83,17,15.4,84.6,47.3,2.8,39.5,0.9,,0.4,,0.8,0.4,6.4,1.5,43.9,56.1,21.2,36.1,42.7,12.3,35.4,42.9,9.4,,14.1,66.1,19.8,1.5,22.3,49,27.2,89100,5.5,11.3,13.9,13.4,14.3,13.7,12.7,7.5,6.5,1.1,48100,22.7,4.1,24.6,12.6,8.9,4.7,,8.3,10,4,1080,2.6,33.5,32.9,8.5,9.9,6.6,4.2,4.4,19.5,31.9,38.7,23.7,16.1,12.1,9.4,18.2,30,מסורתי,33.7,1,33.1,6.6,23.5,33.7,2.2,0.9,41.2,53.5,5.4,6,31.8,30.2,25.1,6.7,,,0.2,53.7,13.5,12.6,0.95,0.9
ירושלים,3000,1213,1213,ותיק,1,מחוז ירושלים,11,נפת ירושלים,111,הרי יהודה,410,"מטרופולין ירושלים, גלעין",120,"יישוב יהודי 500,000 תושבים ומעלה",0,עירייה,ללא שיוך לאשכול,0,,2450,,,971.2,,2.5,35,31,38,1,יהודים,89.8,9.5,6.4,4.9,6.3,4.5,3.3,4.1,4.2,1.2,7.5,5.8,9,6.6,6.6,4.8,6,6.9,2.4,72.5,27.5,21,13,42,23.9,4.2,19.3,16.6,17.6,42.3,ישראל,42.3,מרוקו,9.4,עיראק,8.3,אתיופיה,7,רוסיה,18.6,אתיופיה,16.4,מרוקו,11.9,אחר,53.2,2.1,49,36.9,56.9,51,63.1,43.1,24,25,22,4.8,95.2,3.5,2.4,2.8,2.9,8.1,10.4,56.1,17.3,16.1,11.1,59.2,15.6,14,9.9,53.8,18.6,17.7,29.9,26.7,18.6,4.1,9.7,10.9,31,34.3,12.2,5.4,6.1,10.9,17.9,29.1,20.9,23.4,3.1,12.5,10.9,67.5,32.5,72.5,27.5,63.6,36.4,91.4,8.6,,86.6,13.4,,95.6,4.4,,38,41.6,35.4,6,,,2.2,,0.6,3.3,11.8,7.6,4.4,2.9,0.4,0.4,1.2,4.2,22,13.3,17.7,1.9,3.8,0.9,,1.1,,,3.7,,1.4,7.3,18.6,16.6,6.3,4,,1,0.7,5.8,18.1,9.5,3.3,1.4,1.5,,,0.8,,,1,,,,6,,2.9,1.9,0.8,,1.7,2.9,25.4,16.5,29.8,2.4,5.7,1.6,,1.4,4.3,18.5,16.1,14,23.4,,3.7,8,4.8,7.3,5.6,14.8,10.6,8.4,22.4,,8,17.5,4.7,8,3.2,21.6,20.7,18.7,24.1,,,,4.9,6.8,6.1,86.7,13.3,78.1,21.9,17.8,82.2,56.8,3.8,30.2,1.9,,0.6,,0.9,,3.9,1.8,24.2,75.8,25.5,45.6,28.9,10.2,36,32.7,21.1,,6.8,63.5,29.7,,13.3,58,28.7,97400,9.7,10.9,8.6,10.6,11.9,11.5,15.4,13,5.8,2.6,58500,9.3,4.7,27.4,15.7,15.3,6.4,,21.3,,,870,2.6,30.3,33.8,10.4,8.1,9.6,4.9,2.9,16.3,25.9,21.4,25.6,29.8,14.4,8.8,15.1,36.7,מסורתי,35.1,1.2,25.1,3.3,31,35.1,4.3,0.7,70.1,29,0.9,2.7,5.7,29.3,54,8.3,,0.1,,63.5,15.1,31.4,0.95,1
ירושלים,3000,1214,1214,ותיק,1,מחוז ירושלים,11,נפת ירושלים,111,הרי יהודה,410,"מטרופולין ירושלים, גלעין",120,"יישוב יהודי 500,000 תושבים ומעלה",0,עירייה,ללא שיוך לאשכול,0,,3190,,,981.9,,3.5,32,30,34,1,יהודים,88.3,7.8,8.5,7.6,6.2,4.9,3.9,4.4,3.3,1.7,8.9,8,6.2,6.3,6.3,4.4,5,4.3,2.3,78.6,21.4,27.4,21.5,17.6,33.5,12.1,10.4,17,13.7,46.9,ישראל,46.9,עיראק,9.7,ארצות הברית,8.9,מרוקו,6,ארצות הברית,24.8,עיראק,12.5,מרוקו,7.2,אחר,55.5,2.4,38.2,37.5,38.7,61.8,62.5,61.3,25,26,24,6.5,93.5,2.4,0.7,1.7,1.8,4.9,2.7,50.2,19.6,27.5,1.3,56.3,17.4,25,4,44.6,21.6,29.8,22.6,21.6,16.6,4.4,17.7,17,27.2,23.1,14.5,5.4,14,15.7,13.3,18.3,20.2,18.6,3.5,21.2,18.2,63.1,36.9,69,31,57.7,42.3,84.1,15.9,,81.2,18.8,,87.2,12.8,,38.2,38.4,37.9,17.2,,,2,0.2,0.6,4.1,11.3,4.6,4.1,3.2,1.4,0.8,9.3,3.1,12.6,16.3,17.5,3.5,4,,,1.4,,,2.6,0.3,0.7,6.3,14.2,8.2,5,4.4,1.2,0.7,12.2,4.3,11.3,13.3,7.9,4.3,1.9,,,1.1,,,1.4,,0.5,1.6,8.1,0.6,3,1.8,1.6,0.9,6,1.8,14.1,19.6,28.2,2.7,6.3,,,1.7,3.9,36.5,15.8,5.7,18.4,0.8,4.1,5.2,1.6,7.9,5.3,31.3,10.7,1.7,19.4,1.6,7.7,9.8,3.1,9.5,2.2,42.4,21.5,10.2,17.4,,,,,6.2,15.2,80.9,19.1,84.5,15.5,17.4,82.6,60,2.6,22.3,0.9,,,0.4,1.2,2.1,9.1,1.3,65,35,27.6,38.7,33.7,,23.7,53.5,22.7,4.4,16.5,58.3,20.8,1.3,7.1,63.7,27.9,105900,13.7,6.7,9.1,9.4,10.7,10.1,9.9,8.4,11.8,10.2,95000,,23.1,6.1,1.8,9.8,17.8,9.1,13.6,9,9.6,1080,2.8,30.4,26.9,12.4,8.8,8.9,9,3.5,17.8,34.8,25.5,24.5,25.9,16.5,7.5,17.5,34.2,דתי/ דתי מאוד,57.8,0.5,57.8,1.5,14.4,24.6,1.2,0.8,58.2,34.9,6.9,8.2,15.3,23.5,31.8,16.5,3.6,0.8,0.3,75.1,26.4,42.3,0.94,1.5
ירושלים,3000,1215,1215,ותיק,1,מחוז ירושלים,11,נפת ירושלים,111,הרי יהודה,410,"מטרופולין ירושלים, גלעין",120,"יישוב יהודי 500,000 תושבים ומעלה",0,עירייה,ללא שיוך לאשכול,0,,5070,,,996.6,,2.4,31,30,32,1,יהודים,95.5,9.2,7.3,6.5,6,5.3,3.5,4.3,2.6,1.6,10.8,7.1,6.5,8,6,3.9,4.7,3.9,2.9,80.1,19.9,32.4,16,20.7,30.9,9.9,10.4,17.8,11.6,50.3,ישראל,50.3,עיראק,12.7,ארצות הברית,7,מרוקו,6.2,ארצות הברית,21.1,עיראק,19,מרוקו,9.1,אחר,50.8,2.2,45.2,39.8,49.6,54.8,60.2,50.4,25,27,23,6.1,93.9,3,2.8,3.9,1.9,5.4,4.8,44.8,24.2,26.3,3.4,49.4,23.2,24,6,40.8,25,28.2,19.9,20,17.3,6.2,18,18.6,22.3,21.1,17.3,9.4,13.4,16.5,21.7,18,19.1,17.2,3.4,21.9,20.4,71,29,70,30,71.9,28.1,87.2,12.8,,79.2,20.8,,93.3,6.7,,36.6,40.9,33.3,24.7,,,2.9,0.4,0.3,2.4,7.4,3.5,4.3,4.6,2.9,1.1,8.1,4.1,17,16.6,14,4.3,3.7,0.3,0.3,1.6,,,4.7,0.4,0.8,4.7,6.4,6.4,6.6,5.1,2,1.2,11.3,7.5,17.1,10.2,6.6,4.5,1.6,,0.6,2.4,,,1.3,0.4,,0.5,8.3,1.1,2.4,4.2,3.6,1.1,5.4,1.2,16.9,22.1,20.3,4.2,5.5,0.5,,1,4.3,36.8,13.6,7.9,21,0.2,2.7,3.6,1.7,8.3,7.5,29.3,11.4,6.2,18.6,0.3,5.9,7.7,2.8,10.2,1.5,43.3,15.5,9.3,23,,,,0.7,6.7,9.9,83.9,16.1,83.3,16.7,16.4,83.6,50.5,3.3,27.8,3.5,0.2,,,1.4,1.4,10.2,1.5,31.4,68.6,23.5,45.5,31,9.2,34,31,25.8,3.8,14.3,60.3,21.6,0.8,10.8,58.7,29.7,94500,12.3,9.7,10.2,9.5,13.6,9.6,9.7,12.1,8.3,5,74800,11.5,12.2,5.6,11,19.1,9.5,,12,8.2,10.8,1600,3,25.5,24.4,15.3,11.8,11.7,7,4.4,25.8,41.4,33.7,21.3,23.3,13.4,8.2,19.3,31.2,דתי/ דתי מאוד,47,1.1,47,3,20.4,26,2.5,0.9,56,39.5,4.6,3.7,14.3,39.4,28.6,10.6,2.9,0.3,0.2,70.4,15.3,22,0.87,1.7
ירושלים,3000,1216,1216,ותיק,1,מחוז ירושלים,11,נפת ירושלים,111,הרי יהודה,410,"מטרופולין ירושלים, גלעין",120,"יישוב יהודי 500,000 תושבים ומעלה",0,עירייה,ללא שיוך לאשכול,0,,4440,,,1033.8,,3.5,33,31,34,1,יהודים,94.7,11,7.3,4.7,8.2,5.1,3.7,4.1,3.3,1.8,9.7,6.7,5.1,8.5,6.1,3.8,5,3.8,2.5,78.1,21.9,21.8,27.9,24.7,25.6,12.3,8.7,12.8,18.6,47.6,ישראל,47.6,ארצות הברית,9.2,עיראק,7.5,צרפת,5.7,ארצות הברית,21.8,צרפת,13.3,עיראק,9.6,אחר,55.4,2.1,35.3,31,39.1,64.7,69,60.9,25,27,24,7.6,92.4,2.2,0.2,3.1,1.4,3.8,3.2,36.3,22.8,37.6,0.9,39.5,21.7,37.9,5.3,33.4,23.9,37.4,15.5,15.9,17.6,5.8,19.3,26,16,15.9,18.1,5.9,19.4,24.7,30.4,15.1,15.8,17.1,5.8,19.2,27.1,70,30,72,28,68.2,31.8,87.9,12.1,,84.4,15.6,,91.2,8.8,,37.6,41,34.4,15,,,3.1,0.2,0.2,1.9,6,2.5,2.8,8.4,1.2,0.8,9.2,4.1,10.2,21.2,20.2,3.1,3.1,0.2,,1.7,,,5.4,0.5,0.4,2.9,6.1,4.7,2.7,13.2,1.9,1.4,8.5,6.2,9.9,16.1,12.4,3.7,1.6,0,,2.5,,,1,,,0.8,5.9,0.4,2.9,4,0.4,0.3,9.8,2,10.5,26,27.6,2.4,4.6,0.3,,0.8,6,50,14.8,1.7,15.2,0.7,2,2.7,0.9,5.9,10.2,43.1,14.8,,14.4,1.4,4.1,4.5,0.6,6.9,2.1,56.6,14.8,3.3,16.1,,,1,1.2,5,14.2,75,25,80.4,19.6,22.2,77.8,55.5,2,27.4,2.8,,0.2,0.9,1.5,0.8,8.7,0.2,34.9,65.1,31.9,40.5,27.6,1.2,23.6,64.7,10.5,,10.1,74.6,15.3,,8.2,73.9,17.9,115700,7.5,8.1,8.3,8.5,11.3,12.3,11.9,9.9,9.5,12.8,76700,10.9,3.3,14.1,10.5,13.7,13.9,6.6,6.9,13.9,6,1590,2.7,31.2,25.4,10.3,15.1,10.6,6.3,1.2,24.2,38,26.2,33.6,21.8,16.8,1.6,13.1,31,דתי/ דתי מאוד,51.5,2.1,51.5,2.9,21.7,18.5,3.2,0.8,50.9,44.1,5,5.9,12.2,40.5,29.4,8.1,3.4,,0.6,69.5,23.2,39.3,0.89,1.6
ירושלים,3000,1221,1221,ותיק,1,מחוז ירושלים,11,נפת ירושלים,111,הרי יהודה,410,"מטרופולין ירושלים, גלעין",120,"יישוב יהודי 500,000 תושבים ומעלה",0,עירייה,ללא שיוך לאשכול,0,,6810,,,1182,,1.6,21,20,27,1,יהודים,97.7,13.2,13.3,15,6,3.7,2.1,2.2,2.5,1.1,10.1,6.5,5.7,5.3,3.7,2,2.9,3.2,1.6,82.7,17.3,15.1,20.1,19.3,45.5,8.1,8.1,6.2,22.7,54.9,ישראל,54.9,צרפת,10.4,ארצות הברית,6.1,מרוקו,5.3,צרפת,31.5,ארצות הברית,12.4,מרוקו,8.2,אחר,47.9,2.7,44.1,53.8,28.9,55.9,46.2,71.1,24,25,23,9.4,90.6,3,1.7,1.9,2.9,3.8,3.6,35.8,33.6,27,2.3,43.4,29.5,24.8,4.9,28,37.8,29.2,17.4,18.3,13.8,8.2,25.1,17.1,20.9,20.2,14.5,8.2,18.8,17.4,51.3,13.8,16.4,13.1,8.3,31.6,16.8,61.1,38.9,58.9,41.1,63.3,36.7,89.6,10.4,,89.9,10.1,,89.4,10.6,,37.9,41.9,34.4,11.4,0.2,,3.6,,,1.8,7.8,1.6,1.6,7.6,2.2,1,9,4.4,14.4,18.7,18.2,2.4,1.9,0.3,,3.3,0.4,,6.5,,,3.6,8.7,2.6,1.3,11.2,2.3,,9.9,5,16.7,14.2,8.5,2.6,1.9,,,4.6,,,0.9,,,,6.9,0.7,1.8,4.3,2.1,1.9,8.2,3.8,12.3,23,27.4,2.2,2,0.5,,2,3.8,48.1,14.3,6.2,14.7,0.5,3,1.5,1.4,6.5,6.8,40.6,15.9,6.4,11.3,1.1,5.6,3.1,1.4,7.8,1,55.4,12.8,5.9,18,,0.4,,1.4,5.2,10.7,78.9,21.1,79.2,20.8,20.9,79.1,52.9,1,34.9,0.5,0.5,0.5,,1.1,0.8,6.9,0.8,59.8,40.2,38.9,36.1,25,15.3,30.2,43,11.5,2.2,23.3,70.3,4.2,,16.3,71,12.7,113600,14.7,6.8,6.5,7.8,11.3,8.6,10.2,13,11.4,9.8,76000,6.8,9.3,7.7,15.2,19.6,8.6,4,12,4.3,12.4,1830,3.2,22.8,29.1,11.3,10.8,9.7,7.7,8.5,31.5,43.4,19.2,23.2,23,18.8,15.8,19.4,29.5,דתי/ דתי מאוד,59.6,0.6,59.6,21.7,7.8,8.9,1.4,0.9,53.9,37.3,8.8,3.7,6.6,39.7,33.2,13.8,2.7,0.4,,67.7,16,42.8,0.91,1.4
ירושלים,3000,1222,1222,ותיק,1,מחוז ירושלים,11,נפת ירושלים,111,הרי יהודה,410,"מטרופולין ירושלים, גלעין",120,"יישוב יהודי 500,000 תושבים ומעלה",0,עירייה,ללא שיוך לאשכול,0,,5010,,,982.2,,3.9,34,31,37,1,יהודים,92.9,8.1,6.3,8.4,6.9,4.2,3.3,3.6,3.8,3.7,6.3,5.8,7.5,7.5,5.2,3.8,4.3,6.1,5.2,71.5,28.5,15.7,26.8,22.9,34.6,15,7.6,6.7,30.2,40.5,ישראל,40.5,ארצות הברית,11.1,צרפת,4.8,מרוקו,4.5,ארצות הברית,26,צרפת,10.1,רוסיה,7,אחר,56.9,1.9,48.9,44.9,52.3,51.1,55.1,47.7,25,26,24,15.5,84.5,2.4,1.5,2.1,0.7,3.5,1.7,24.3,26.5,47.6,1.1,27.1,24.5,47.2,2.1,21.9,28.1,47.9,9.4,8,20,6.2,28.8,27.5,10,7.7,23.8,5.6,26,26.8,23,8.8,8.3,16.7,6.8,31.3,28.1,69.5,30.5,73.2,26.8,66.2,33.8,85.6,14.4,,85.3,14.7,,85.8,14.2,,36.3,37.7,35.1,17.8,0.4,,3,0.2,,2.5,4.7,1.2,5.8,6.3,2.6,1,11.8,2.3,13.3,19.3,16,4.1,1.6,0.4,,3.4,0.9,,3.1,,,4.2,5.8,2.6,7.4,9.3,4.2,1.8,15.8,3.7,13.4,13,6.3,3.2,1.2,,,4,,,2.8,0.3,,1,3.7,,4.3,3.6,1.2,0.3,8.1,1,13.2,25,24.8,5,2.1,0.7,,3,6.3,52.9,11.4,5.9,14.4,0.3,0.9,0.3,0.5,7,9.4,50,11.8,4.3,14.3,0.6,1.6,0.6,1,6.3,3.5,55.6,11.1,7.4,14.6,,0.3,,,7.6,17.9,78.1,21.9,82.6,17.4,19.6,80.4,59.3,3,22.6,2.3,,1.1,1.1,1.7,0.7,7.7,0.7,30.4,69.6,25.9,35,39.2,3.5,27.2,47.2,22,,13.1,67.9,19,2.7,4.9,60.6,31.8,120600,11.4,6.3,8.4,8.3,8.8,9.6,7.1,11.4,13.3,15.4,87500,19.3,8.6,4.3,9.8,5.2,9.8,10,7.3,15.1,10.8,1860,2.5,29.9,39,10.6,6.4,6.5,5.2,2.3,14.5,26.2,27.7,28.8,21.6,15.5,6.4,13.7,33.7,דתי/ דתי מאוד,44.2,3,44.2,0.7,37.4,12.9,1.7,0.7,46.7,48.6,4.7,5,15.3,30.6,30.2,11.1,4.3,2.6,0.9,77.4,27.5,59.5,0.91,1.9
ירושלים,3000,1223,1223,ותיק,1,מחוז ירושלים,11,נפת ירושלים,111,הרי יהודה,410,"מטרופולין ירושלים, גלעין",120,"יישוב יהודי 500,000 תושבים ומעלה",0,עירייה,ללא שיוך לאשכול,0,,3610,,,818.7,,4.5,33,34,33,1,יהודים,93.7,8.2,4.9,6.7,8.3,5.3,3.7,3,3.6,3.2,7.2,4.7,12.3,7.5,4.9,3.1,4.2,5,4.3,69.3,30.7,11.8,25,21.7,41.5,18.3,6.3,5.8,28.9,40.8,ישראל,40.8,ארצות הברית,14.1,צרפת,5.9,הממלכה המאוחדת,4,ארצות הברית,30.2,צרפת,13.4,הממלכה המאוחדת,6.6,אחר,49.8,1.7,44.4,38.8,48.9,55.6,61.2,51.1,26,27,24,15.4,84.6,1.7,1.9,1.2,2.5,4.3,2.7,24.4,31.7,41.3,2.8,25.8,27.1,44.3,2.7,23.2,35.3,38.8,10.7,8.2,24.4,7.7,23.5,25.5,10.2,10.9,22.9,6,22.7,27.2,23.3,11.1,6,25.6,9.1,24.2,24.1,67.8,32.2,73.1,26.9,63.5,36.5,83,17,,79.2,20.8,,86.3,13.7,,36.3,38.6,34,19.8,0.1,,2.3,,0.3,0.8,6.1,0.3,8.7,9.1,1.8,2.3,14.4,3.1,11.9,13.3,14.8,4.9,4.9,0,,0.9,,,2.6,,0.6,1,4.8,0.5,6.9,12.7,1.7,2.7,17.3,3.5,14.6,11.1,8.5,5.8,3.8,0,,1.9,0.2,,2.1,,,0.6,7.2,,10.4,5.8,2,2,11.7,2.7,9.4,15.3,20.5,4.1,6,,,,6.2,50.5,18.6,3.8,13.5,,1.1,0.5,2.1,3.7,8.4,49.9,20,2.2,9.5,,1.5,0.5,1.7,6.2,4.2,51.1,17.3,5.3,17.1,,0.8,0.4,2.5,1.4,14.1,77.3,22.7,72.8,27.2,25.1,74.9,55.6,1.8,25,1.8,0.3,0.4,1.9,,1.8,9.7,1.7,33.1,66.9,35.5,17.9,46.6,3.9,24.4,51.6,20.1,,14.7,53.7,31.6,2.4,10.2,63.6,23.8,116300,12.7,11.8,9.1,7.7,5.1,9,7.7,11.3,12.9,12.5,75500,21.6,3,12.9,3.4,9.8,14.2,10.2,8.9,8.7,7.3,1510,2.3,37.4,33.4,10.3,7.7,6.6,3.6,1.2,14.7,23.3,34.1,27.2,22.9,11.5,4.4,13.9,32.5,דתי/ דתי מאוד,50.7,1.8,50.7,0.6,33.7,9.4,3.9,0.7,46.8,44.7,8.4,3.7,11.8,30.5,37.7,11.6,3.8,0.8,,73.5,20.9,54.7,0.95,1.8
ירושלים,3000,1311,1311,ותיק,1,מחוז ירושלים,11,נפת ירושלים,111,הרי יהודה,410,"מטרופולין ירושלים, גלעין",120,"יישוב יהודי 500,000 תושבים ומעלה",0,עירייה,ללא שיוך לאשכול,0,,2560,,,839.5,,4.1,34,33,36,1,יהודים,94.5,6.6,4.9,10.1,7.1,3.6,3.6,5.6,4.4,2.6,6.3,4.9,8.6,7.8,4.6,4,5.7,6.1,3.6,65.4,34.6,12.2,25.3,17.1,45.4,20.2,6.6,5.9,29.5,37.7,ישראל,37.7,ארצות הברית,16,צרפת,8.3,הממלכה המאוחדת,4,ארצות הברית,34.3,צרפת,15,הממלכה המאוחדת,7.5,אחר,43.2,2.1,38.2,36.4,39.8,61.8,63.6,60.2,25,26,24,12.4,87.6,1.4,2.7,2.6,0.9,3.5,6.2,22,28.9,42.9,3.1,32.4,27.5,37,8.8,13.1,30.1,48,12.1,9.2,23.1,4.3,23.9,27.4,12.3,12.9,26.3,4.2,19.6,24.6,27.7,11.9,6,20.2,4.4,27.7,29.8,67.8,32.2,70.4,29.6,65.5,34.5,83.5,16.5,,85.6,14.4,,81.7,18.3,,34.9,37.4,32.7,2.9,,,2,,,0.8,4.4,1.7,3,5.2,0.9,1.3,15,2.2,14.4,21.6,16.7,4.2,2.3,1.4,,2.9,,,3.2,,,1.6,6.6,1.6,3.1,8.2,1.1,2.7,15,3.9,15.5,22.1,12.1,0.7,0.3,,,2.3,,,0.9,,,,2.4,1.8,3,2.6,0.8,,15,0.6,13.4,21.1,21,7.4,4,2.7,,3.3,5.5,54.8,15.1,4.3,10.4,,1.6,0.3,1.4,6.7,7.7,50,12.5,7.5,8.8,,1,0.7,3,8.9,3.4,59,17.5,1.4,11.8,,2.1,,,4.8,15.3,89,11,74.1,25.9,18.5,81.5,55,3.9,17.2,5.3,,,2.2,1.8,1.4,13.2,,36.7,63.3,22.8,31.2,46.1,,30.3,50.3,19.3,,6.7,53.6,39.7,2.4,14.2,56.4,27.1,103400,13.3,5.2,8.8,12.6,11.6,6.1,7.9,8.8,14.4,11.3,52500,16.9,23.3,6.9,13.8,,13.4,5,8,8.3,4.3,1010,2.5,25.6,40.6,15.2,6.3,6,3.7,2.6,14.9,24.8,41.1,23.9,21.5,7.4,6.2,13.6,39.3,דתי/ דתי מאוד,64.9,2.1,64.9,2.8,18.9,8.8,2.5,0.7,51.9,46.1,2,1.5,17.3,31.6,28.2,11.4,3.8,2.4,3.9,69.4,24,39.3,0.91,1.9
ירושלים,3000,1312,1312,ותיק,1,מחוז ירושלים,11,נפת ירושלים,111,הרי יהודה,410,"מטרופולין ירושלים, גלעין",120,"יישוב יהודי 500,000 תושבים ומעלה",0,עירייה,ללא שיוך לאשכול,0,,3450,,,1020.1,,4.7,38,38,38,1,יהודים,94.2,6.5,5,6.7,6.3,5.3,4,4.1,5,4.2,7.7,5.2,7.9,6.2,5,3.6,4.8,7.2,5.2,66.8,33.2,14.3,27.5,20.3,38,18.9,6.8,5.1,31.9,37.2,ישראל,37.2,ארצות הברית,14.4,צרפת,5.1,הממלכה המאוחדת,4.6,ארצות הברית,30.3,צרפת,9.7,הממלכה המאוחדת,9.2,אחר,50.8,2.1,42.9,39,46.3,57.1,61,53.7,25,26,25,10.5,89.5,3.6,1.9,3.7,1.5,4.9,3.9,25.9,27.2,43,4,29.6,24,42.5,3.9,22.2,30.5,43.4,13.6,11.9,15.3,7.1,25.1,27.1,14.4,18.3,15.3,6,20.2,25.8,20.1,12.7,5.4,15.3,8.1,30,28.4,56.9,43.1,62.1,37.9,51.7,48.3,77.7,21.7,0.6,75.8,23.9,0.3,80,19.1,1,37.4,39.9,34.8,8.9,,,4.6,,,2.6,2.7,1.5,3.6,7.3,0.7,0.7,10.9,5.5,11.5,18.7,18.7,3.2,5.1,0.4,,2.3,,,5.4,,,4.9,2.9,2.7,4.1,11.2,1.2,1.3,13.3,4.6,11.3,15.9,11.4,3.2,3.3,0,,3.2,,,3.7,,,,2.5,,3,2.7,,,8,6.5,11.8,22,27.2,3.3,7.2,0.8,,1.2,6.3,53.3,14.7,7.5,9.1,,2.6,2.2,1.1,3.2,9.8,49.3,9.4,7,11.7,,3.9,3.2,1.5,4.1,2.2,57.9,20.8,8.2,6.1,,0.9,1.1,0.6,2.2,15.6,77,23,72.2,27.8,25.2,74.8,56.8,1.8,25.1,2.9,,0.7,,0.9,0.3,10.2,1.4,37.8,62.2,36.5,33.5,30,10.7,34.9,37.5,17,,5.8,74.3,19.9,10.9,4.6,77,7.5,102700,11.9,10.3,10.9,8,8.9,6.8,8.2,9.6,11.8,13.6,70400,15.4,17.8,5.9,7.4,8.2,9.8,6.8,7.4,6,15.4,1490,2.4,32.9,38,10.9,5.6,6,3.4,3.2,14.4,24.9,31.3,21.2,29.5,12.8,5.3,11.5,38.8,דתי/ דתי מאוד,49.4,1.8,49.4,3.7,29.7,12.5,3,0.7,43.3,49.2,7.5,5.8,16.5,34.7,30.1,9.4,1.7,1.2,0.6,63.8,17.3,41.3,0.85,1.6
ירושלים,3000,1313,1313,ותיק,1,מחוז ירושלים,11,נפת ירושלים,111,הרי יהודה,410,"מטרופולין ירושלים, גלעין",120,"יישוב יהודי 500,000 תושבים ומעלה",0,עירייה,ללא שיוך לאשכול,0,,1830,,,941.9,,5.7,36,32,41,1,יהודים,89.7,6.1,6.4,9.5,5.5,5,3.8,3.3,4.3,2.9,6.2,5.2,6.7,7.7,5.3,4.3,4.7,6.1,6.9,63.1,36.9,15.5,23.6,17.1,43.8,20,8.6,8.8,26.7,35.9,ישראל,35.9,ארצות הברית,16.1,צרפת,6.5,הממלכה המאוחדת,4.5,ארצות הברית,32.7,צרפת,9.9,הממלכה המאוחדת,7.9,אחר,49.4,1.8,55.3,52.1,58.1,44.7,47.9,41.9,25,27,24,9.5,90.5,2.7,1.6,3.2,3,3.8,4.6,25.5,30.8,39,2.7,21.2,35.2,40.9,6.1,28.7,27.6,37.7,15.1,8.8,20,4.4,28.3,23.3,8,4.6,26.4,4.9,32.6,23.6,24.6,20.4,11.9,15.3,4,25.2,23.2,66,34,70.1,29.9,63,37,85.1,14.9,,81,19,,88.6,11.4,,39.6,43.9,36.6,11,,,1.3,,,0.3,5.9,1,4.3,7.6,1.3,2.3,16.1,4.2,13.1,13.4,15.9,6.2,2.6,0.9,0.4,3.1,,,,,,0.7,1.7,2.1,2.2,8.5,1.2,4.2,24.8,6.6,14.6,11.2,14,5.6,,,0.9,1.6,,,2.3,,,,9.4,,6.1,6.8,1.3,0.7,8.9,2.3,11.8,15.2,17.4,6.7,4.8,1.6,,4.4,5.1,46.5,14.6,5.4,18.9,,0.7,1,1.2,6.6,10.3,42.4,18.7,6.5,15.8,,0.7,2.1,,3.5,0.7,50,11.3,4.4,21.5,,0.7,,2.3,9.2,12.5,81.4,18.6,80.5,19.5,19.1,80.9,42.6,2.2,31,3.6,,0.8,0.3,,1.6,15.8,2.1,43.6,56.4,24.6,32.9,42.4,7.6,11,64.7,16.7,,12.4,87.6,,,2.8,61.5,35.7,103200,11,13.3,6.7,9.8,9.9,12.7,7.1,10.5,9.8,9.3,87800,3.7,5.9,20.6,2.9,16.1,4.5,14.2,10.3,,21.9,820,2.1,40.6,36.1,10.9,3.2,7.3,0.7,1.1,12.1,21.4,44.9,26.1,21.9,3.2,3.9,11.8,42.8,דתי/ דתי מאוד,36.7,,36.7,2,35.3,22.4,3.6,0.7,49.7,46.6,3.8,5.4,27.6,37.6,18.1,5.5,4.7,1,,60.2,11.6,42.3,0.93,1.5
ירושלים,3000,1314,1314,ותיק,1,מחוז ירושלים,11,נפת ירושלים,111,הרי יהודה,410,"מטרופולין ירושלים, גלעין",120,"יישוב יהודי 500,000 תושבים ומעלה",0,עירייה,ללא שיוך לאשכול,0,,2680,,,1029.7,,5.3,38,35,40,1,יהודים,91,6.3,5.9,9,4.6,4.4,3.4,4.7,5.6,3.5,5.9,5.7,7,7.2,4.7,4.5,5.8,7.2,4.5,58.7,41.3,13.3,22.1,14.4,50.2,23.6,7.1,7.6,29.3,32.4,ישראל,32.4,ארצות הברית,18.1,צרפת,5.9,הממלכה המאוחדת,5.7,ארצות הברית,34.9,צרפת,10.8,הממלכה המאוחדת,10.4,אחר,43.9,2.2,40.4,38.1,42.3,59.6,61.9,57.7,24,26,23,9.4,90.6,3.1,2.8,1,2.2,6.3,5.5,33.6,22.5,38.5,5.5,35.2,21.6,37.7,5.5,32.1,23.2,39.1,19.1,16.9,15.7,3.1,20.7,24.6,20.6,18.7,16.4,1.7,17,25.7,11.3,17.7,15.2,15.1,4.4,24.1,23.5,60.9,39.1,64.7,35.3,57.3,42.7,78.2,21.8,,78,22,,78.5,21.5,,31.3,33.5,29.2,,,,1.8,0.2,,4.9,4,1.4,5.9,6.5,2.2,1.3,10.8,3.8,10.7,17.6,13.9,7.3,5.5,0.3,0.6,1.5,,,2.7,0.4,,9.4,5,2.1,8,11.2,4.2,1,13.6,6.7,8,10.2,8.2,6.4,1.1,,,1.7,,,0.7,,,,2.9,0.6,3.7,1.4,,1.6,7.7,0.7,13.6,25.6,19.9,8.3,10.3,0.5,1.2,1.3,6.2,44.6,14.6,4.1,12.6,,4,2.1,2.3,9.5,7.6,39.9,14.1,0.6,11.2,,7.7,4.1,3.2,11.7,4.7,49.8,15.1,7.8,14,,,,1.4,7.2,14.8,74.7,25.3,78.2,21.8,23.7,76.3,55.4,4.7,19.3,2.4,,0.7,,2.3,1.9,12.5,0.8,46.6,53.4,31.8,30.7,37.4,5.1,21.4,54,19.5,7.2,4.7,71.7,16.4,,11.1,67.8,21,92400,12.8,9.4,10.2,13.7,7.5,11.5,6.9,8.7,7.6,11.8,72900,8.7,11.2,9.6,13.5,19.2,12.1,8.1,8,7.9,1.7,1000,2.5,23.9,43,11.6,7.3,9,3,2.2,13.5,22.7,30.7,26.2,22.8,13.6,6.7,19.2,45.6,דתי/ דתי מאוד,36.2,0.7,36.2,3.6,33.5,22,4,0.8,52.8,40.4,6.8,3.3,20.4,32,26,10.1,5.8,1,1.5,71.8,21.8,64,0.97,1.6
ירושלים,3000,1315,1315,ותיק,1,מחוז ירושלים,11,נפת ירושלים,111,הרי יהודה,410,"מטרופולין ירושלים, גלעין",120,"יישוב יהודי 500,000 תושבים ומעלה",0,עירייה,ללא שיוך לאשכול,0,,3770,,,903.5,,3.8,33,31,34,1,יהודים,94.7,8.6,6.8,7.1,7.5,4.5,3.6,3.6,3.5,1.9,8.5,6.1,8,7.7,5.7,4.6,4,4.8,3.6,72.7,27.3,18.7,22.7,19.2,39.3,16.8,8.1,12.1,21.6,41.4,ישראל,41.4,ארצות הברית,12.7,עיראק,6.6,צרפת,5.9,ארצות הברית,26.8,צרפת,11.7,הממלכה המאוחדת,9.1,אחר,52.5,1.9,46.4,41.4,50.7,53.6,58.6,49.3,25,28,24,13.9,86.1,2.2,0.3,2.1,2.4,4.1,5.5,35.5,25.3,33.8,2.2,42.9,20.1,34.8,8.1,29.6,29.4,32.9,19,13.1,17,6.9,23.4,20.7,22.3,18,12.6,5.3,18.1,23.5,29.4,16.3,9.1,20.6,8.2,27.6,18.3,66.1,33.9,69.8,30.2,63.1,36.9,89,11,,89.1,10.9,,88.9,11.1,,37.2,40.1,35,19.2,0.2,,2.3,,,0.7,4.7,0.8,4.3,9.5,2.4,1.1,10.1,3.7,13,17.8,16.8,4.7,4.9,0.8,,2.3,0.4,,3.9,,,1.6,7.1,0.5,4.2,15.8,4.1,1.3,10.7,7.5,9,14.6,11.1,4.3,1.4,,,2.4,,,0.8,,,,2.6,1.1,4.4,3.8,0.8,0.9,9.6,0.4,16.6,20.6,21.7,5,8.1,1.5,,2.2,9.3,47.8,13.5,4.5,14.5,,1.2,0.9,3.3,5,11.7,46.2,12.3,1.2,13.2,,2.5,1.8,5.1,5.8,7.2,49.2,14.5,7.4,15.7,,,,1.7,4.4,16.5,75.4,24.6,74.5,25.5,25.1,74.9,53.7,1.3,27.1,0.7,,,1,1.2,2.2,11.5,1.3,33,67,29.8,30.7,39.5,3.6,43.1,38.9,14.4,3.7,15,54.3,27,10.2,6.1,62.5,21.3,111600,9,11.3,10.2,7.7,9.2,8.3,8.8,13.9,12.7,9.1,62600,22.1,8.5,9.6,13.8,3.1,2.7,2.5,14.5,14.9,8.3,1350,2.6,30,32.2,13.2,11.3,5.5,3.9,3.9,18.6,32.4,36.3,27.3,15.8,12,8.6,17.7,28.9,דתי/ דתי מאוד,47.6,0.3,47.6,4.5,27,18.7,1.8,0.8,48.5,46.8,4.7,11.1,12.9,39,22.1,10.6,2,0.9,1.4,70.4,15.9,18.9,0.93,1.7
ירושלים,3000,1321,1321,ותיק,1,מחוז ירושלים,11,נפת ירושלים,111,הרי יהודה,410,"מטרופולין ירושלים, גלעין",120,"יישוב יהודי 500,000 תושבים ומעלה",0,עירייה,ללא שיוך לאשכול,0,,2590,,,829.4,,7.6,34,33,35,1,יהודים,88.7,6.1,3.4,11.5,6.7,3.9,3.7,3.9,5,3.8,6.8,3.6,10.9,7.6,3.8,2.9,4.1,6.8,5.6,60,40,10.4,14.8,18.4,56.4,22.8,6.7,4.7,32.2,33.6,ישראל,33.6,ארצות הברית,16.2,צרפת,6.5,הממלכה המאוחדת,4.2,ארצות הברית,31.9,צרפת,10.5,הממלכה המאוחדת,7.8,אחר,49.8,1.6,53.7,50.6,56.5,46.3,49.4,43.5,25,26,22,24.3,75.7,2.8,1.8,4.2,2.9,4.1,2.3,24.9,28.2,44.6,2.3,20.5,31.1,46.1,2.3,28.7,25.6,43.4,11.8,10.6,23.1,4.1,26.8,23.6,13,9.9,23.3,3.5,26.2,24,25.9,10.8,11.2,22.9,4.5,27.3,23.3,55.5,44.5,58.1,41.9,53.2,46.8,88.5,11.5,,87.7,12.3,,89.2,10.8,,32.8,35.5,30.4,7.1,0.4,,3.1,0.3,,1.4,7.1,,9,9.5,2.3,0.6,10.6,2.3,12.3,13.4,16.4,3.8,4.7,0,,2.9,,,4,0.7,,2.2,7.5,,3.7,10.7,3.5,1.3,15.5,1.8,16.2,10.5,8.9,5.8,4.6,,,3.1,0.8,,2.2,,,0.5,6.7,,14,8.3,1.1,,6,2.8,8.5,16.2,23.5,1.9,4.8,0,,2.8,6.8,47,11.7,3,17.9,0.4,0.5,3,2.4,7.1,12.4,42.5,14.2,1.3,8.9,,1.1,4.9,4.9,9.7,1.4,51.3,9.3,4.7,26.6,0.8,,1.3,,4.6,15.6,75,25,78.6,21.4,23.1,76.9,37.9,2.5,31.7,1.9,,,1.9,0.7,3,20.1,0.4,39.4,60.6,48.1,19.7,32.3,15,31.4,37.6,16.1,,13.9,70.8,15.3,7.4,11.5,60.8,20.3,79300,19.7,12.6,12,6.4,7.1,9,8,5.9,9.8,9.5,126400,8.5,17.8,2.1,12.6,6,,12.4,19.4,18.2,2.9,1220,2.1,40.4,38.1,9.2,5.7,3.4,1.3,1.9,13.9,18.1,40.2,29.4,13.3,8.9,8.1,15.8,39.7,דתי/ דתי מאוד,41.5,0.4,41.5,5.4,39.1,10,3.7,0.7,26.9,63.4,9.7,4.7,21.2,39.9,24.6,7,2.4,0.2,,60.8,14.6,35.8,0.98,1.8
ירושלים,3000,1322,1322,ותיק,1,מחוז ירושלים,11,נפת ירושלים,111,הרי יהודה,410,"מטרופולין ירושלים, גלעין",120,"יישוב יהודי 500,000 תושבים ומעלה",0,עירייה,ללא שיוך לאשכול,0,,1420,,,632.8,,5.4,31,31,32,1,יהודים,89.5,7,3.1,12.6,10.4,3.1,2.4,3.8,3.3,2.6,6.9,2.7,13.6,8.7,2.9,3.7,4.8,4.1,4.3,59.1,40.9,9.2,13.1,18.3,59.3,17.2,8.2,7.4,32.4,34.7,ישראל,34.7,ארצות הברית,13.8,צרפת,11.7,מרוקו,4.5,ארצות הברית,26.4,צרפת,22.4,הממלכה המאוחדת,5.1,אחר,46.1,1.4,58.7,57.2,60.1,41.3,42.8,39.9,24,27,24,22.6,77.4,1.6,1.6,3.4,,2.8,3.4,23.3,40.6,32.7,4,27.5,32.8,35.7,2.8,19.6,47.8,29.9,10.9,12,31.6,4.6,24.1,16.7,13.3,16.3,29.3,2.6,20.4,18.3,29.2,8.8,8.1,33.8,6.5,27.6,15.2,68.9,31.1,73.7,26.3,64.4,35.6,76.6,23,0.4,68.9,30.2,0.9,83.7,16.3,,32.1,35,28.8,,,,6.2,,,1.4,5.3,2.4,4.3,4.7,1.3,4.4,11.9,3.4,10.3,18.2,13.4,7.5,2.7,0,,2.5,,,9.2,,,2,4.1,4,1.5,5.3,2.5,6.4,11.3,3.3,17.5,14.1,7.2,9.1,1.9,,,0.7,,,3,,,0.7,6.5,0.8,7.2,4.1,,2.4,12.7,3.5,2.9,22.4,19.8,5.9,3.6,0,,4.5,2.7,39.4,25.1,5,13.7,,4.1,2,0.4,7.5,5.3,38.2,20.8,3.2,10.9,,6.2,4,0.8,10.5,,40.7,29.7,6.8,16.7,,1.9,,,4.3,19.6,76.7,23.3,68.8,31.2,27.6,72.4,47.9,1.7,31.6,2.1,,0.5,1,0.6,0.7,14,0,43.4,56.6,15.3,29,55.7,7.3,22.6,34.3,35.8,,23.4,76.6,,5.1,27.3,63.6,4,81600,14.8,15.1,12.6,12.3,7.7,9.8,6.9,9.4,5.5,5.9,82100,10.1,11.8,24,,3.8,8.2,11.1,5.8,12,13.2,680,2,45.3,35.3,8.6,2.6,4.1,2.6,1.5,12.2,16,31.3,22,25.7,16.1,4.9,14.4,28.9,חילוני,40,3.9,36.8,5.2,40,12.1,2.1,0.7,28.4,65.7,5.8,9.4,26.7,26,23.7,10.4,3.8,,,67.7,11.8,32.9,0.97,1.5
ירושלים,3000,1331,1331,ותיק,1,מחוז ירושלים,11,נפת ירושלים,111,הרי יהודה,410,"מטרופולין ירושלים, גלעין",120,"יישוב יהודי 500,000 תושבים ומעלה",0,עירייה,ללא שיוך לאשכול,0,,1790,,,1448.9,,6.5,48,38,55,1,יהודים,91.8,7.6,5.7,4.7,5.5,3.1,3.6,4.3,6.6,5,5.2,4.1,5.4,6.2,3.6,4.5,6.3,9.9,8.7,51.9,48.1,17.2,18,15.8,49,24.9,14,8.3,28.8,24.1,ישראל,24.1,ארצות הברית,18.8,צרפת,10.5,מרוקו,7.8,ארצות הברית,31.6,צרפת,13.8,מרוקו,9.5,אחר,45.1,2.6,37.1,26.2,44.8,62.9,73.8,55.2,24,26,23,12.7,87.3,5.4,3.5,4.1,2.4,6.3,4.6,35.4,22.7,37.3,1.1,40.5,20.6,37.8,7.4,31.2,24.4,36.9,19.2,16.4,13.5,7.7,23.6,19.7,20.2,14.5,14.7,8.2,20.5,21.9,16,18.4,17.9,12.5,7.3,26,17.9,53,47,52.6,47.4,53.3,46.7,78,20.3,1.7,80,20,,76.4,20.5,3.1,37.3,42.9,33.5,5.4,0.7,,5.4,,,3.7,7.2,3.6,7.3,8.1,2.6,1.3,10.8,4.9,6.9,15,12.1,2.7,4.3,0,,3.6,,,8.6,,,3.7,12.7,6.6,7.8,15,1.8,0.8,7.6,7.1,8.3,9.7,3.1,1.6,2.4,0,,3.3,1.2,,2.7,,,3.7,2.8,1.2,6.9,2.4,3.2,1.8,13.3,3.1,5.8,19.2,19.4,3.5,6,0,,3.8,13.1,41.7,15.2,4.9,14.6,,,3.5,1.4,5.5,17.7,29.7,18.5,3.4,16.1,,,7.8,3.2,3.5,9.3,51.4,12.6,6.1,13.3,,,,,7.1,18.9,90.7,9.3,76.5,23.5,17.1,82.9,61.9,0.5,18.4,1.5,,,1.5,,1.1,15,,41,59,58.4,29.6,12,4.9,28.4,49.4,17.3,,13.9,49.7,36.3,,6,77.7,16.2,127300,11.1,7.6,4.3,10.9,7.8,8.8,11.4,15.7,11.9,10.5,142100,22.7,9.7,12.2,,,4.9,,10.5,14.2,25.7,670,2.4,29.8,37.9,12.5,9.5,5.9,3.2,1.3,14.3,23.6,31,28.2,24.7,10.7,5.4,9.7,48.4,דתי/ דתי מאוד,49.7,0.8,49.7,,22.3,26.8,0.5,0.7,44.9,50.4,4.7,4.8,7.4,27.6,45,13,0.7,,1.5,68.7,14.6,93.1,0.91,1.5
ירושלים,3000,1333,1333,ותיק,1,מחוז ירושלים,11,נפת ירושלים,111,הרי יהודה,410,"מטרופולין ירושלים, גלעין",120,"יישוב יהודי 500,000 תושבים ומעלה",0,עירייה,ללא שיוך לאשכול,0,,2150,,,1129.7,,4.9,39,33,46,1,יהודים,92.1,7,7.7,7.4,5.5,4.4,3.8,5.2,4.2,3.6,6.4,5.2,6.4,4.7,4.9,4.6,5.9,4.8,8.5,56.6,43.4,13.9,22.8,19,44.3,26.8,9.7,5.1,29.5,28.9,ישראל,28.9,ארצות הברית,20.8,הממלכה המאוחדת,6.8,צרפת,5.3,ארצות הברית,35.1,הממלכה המאוחדת,10.8,צרפת,9.1,אחר,45,2.2,44.8,37.9,50.5,55.2,62.1,49.5,24,25,23,9.8,90.2,1.9,1.7,1.5,3.6,5.9,3,31.5,20.7,44.8,1.3,39.9,17,41.7,4.5,23.9,23.9,47.6,14.9,14.9,17.7,2.3,23.6,26.6,17.4,15.6,15.8,2.4,22.1,26.8,13.9,12.6,14.3,19.4,2.3,25,26.4,62.8,37.2,67.9,32.1,58.3,41.7,77.2,22.8,,86,14,,68.4,31.6,,36.2,41,31.1,16.4,0.7,,3.4,0.7,,2,4.7,2.2,4,4.6,0.7,0.8,13.6,2.3,13.2,18.1,15,4.8,4.1,0.4,,4.7,1.3,,3.9,1.5,,4,6.1,2.7,1.6,5.7,1.3,0.8,12.6,1.7,11.2,20.5,6.5,7.8,3.3,0.7,,6.5,,,2.8,,,,3.3,1.6,6.5,3.3,,0.8,14.6,3,15.3,15.6,23.8,1.8,4.8,,,2.8,7.4,49.9,9.9,5.7,10.9,0.7,4.5,2.2,2.3,6.6,5.8,47.4,6.9,5.8,9.8,1.3,7.8,4.3,4.5,6.5,9.1,52.5,13,5.5,12.1,,1.1,,,6.7,9,76,24,76,24,24,76,51,1.2,26.5,6.7,,,1.4,0.9,0.9,11.3,,37.5,62.5,38.8,31.9,29.3,9.6,21.6,55.3,13.4,,24.6,45.1,30.3,,14.5,61.1,24.4,100400,15.2,13.9,6.4,6.9,11.5,6,4.6,6.3,14.8,14.5,59700,10,13.4,18.4,8.4,17.6,8.8,5.6,,2.7,15,770,2.5,34.4,29.3,12.5,8.2,10.3,4,1.3,15.3,28.3,26.5,34.3,26.8,9,3.4,16.8,41.3,דתי/ דתי מאוד,41.8,6.1,41.8,2.6,26.7,20.6,2.1,0.7,51.8,39.1,9,3.7,17.1,36.1,20,13.3,4.4,3,2.4,64.4,18.5,41.3,0.96,1.7
ירושלים,3000,1334,1334,ותיק,1,מחוז ירושלים,11,נפת ירושלים,111,הרי יהודה,410,"מטרופולין ירושלים, גלעין",120,"יישוב יהודי 500,000 תושבים ומעלה",0,עירייה,ללא שיוך לאשכול,0,,5210,,,931.8,,2.7,28,26,32,1,יהודים,92.8,7.1,9.7,10.2,4.2,3.8,4.2,3.4,2.8,1.7,7.6,8.4,9.1,6.4,5,5.4,4.5,3.9,2.6,62.8,37.2,10.5,19.7,20.9,48.9,29.5,8.3,5.3,25.7,31.3,ישראל,31.3,ארצות הברית,24,צרפת,7.9,הממלכה המאוחדת,5,ארצות הברית,43.3,צרפת,12.9,הממלכה המאוחדת,6.6,אחר,37.2,2.3,43.1,38.1,47.2,56.9,61.9,52.8,24,26,23,4.9,95.1,2.2,1.7,3.1,2.5,5.2,9.3,44.1,18.9,27.7,9.1,48.5,14,28.4,9.5,40.2,23.1,27.1,30.2,20.6,11.2,2.9,19,16.1,33.5,20.5,9.4,1.1,16.4,18.9,17.8,27.3,20.7,12.7,4.5,21.3,13.6,52,48,71.6,28.4,34.7,65.3,81.2,18.8,,77.9,22.1,,87,13,,37.7,39.1,35.4,7,0.2,,3.2,0.1,,6.4,5.4,4.2,8.8,4.9,1.8,2.8,8.6,9.2,5.6,12.3,12.7,5,1.6,0.9,,6.4,0.4,,4.9,0.1,,6.7,6.7,6.6,10.2,6.6,2.8,3.3,8.6,10.9,3,9.5,5.5,3.8,1.7,0.2,,8.5,,,,,,5.8,3.2,,6.2,2,,1.8,8.5,6.1,10.3,17.2,25.6,7.4,1.4,2,,2.4,4.4,39,10.3,7.5,12.3,1,8.3,7.3,4.2,5.6,5,31.2,10.1,6.6,10.2,1.6,12.2,11.3,5.9,5.8,3.5,52.9,10.7,9.2,16.1,,1.3,,1.1,5.1,13.5,85.2,14.8,89.1,10.9,13.5,86.5,58.3,1.5,22,3.8,0.4,,0.3,2.9,0.9,9,1,49.3,50.7,35.9,38.4,25.8,16.6,29.9,44,9.5,,42.2,44.4,13.4,9.1,32.8,36.5,21.5,118400,11,7.6,10.6,10.2,5.8,10.5,14.6,8.8,8.5,12.3,99500,2.6,10.4,12.9,3.1,4.8,20.5,11.6,5.8,18.4,9.9,1620,3.2,21.1,31.1,11.1,12.2,7.6,10.5,6.4,21.3,40,26.8,29.3,23.7,14.6,5.5,25.9,29.3,דתי/ דתי מאוד,44.6,4.8,44.6,2.3,17.4,29.5,1.3,1.1,55,27.7,17.3,6,17.7,37.4,22.7,10.8,2.7,1.8,1,74.9,19,50.6,0.89,1.3
ירושלים,3000,1335,1335,ותיק,1,מחוז ירושלים,11,נפת ירושלים,111,הרי יהודה,410,"מטרופולין ירושלים, גלעין",120,"יישוב יהודי 500,000 תושבים ומעלה",0,עירייה,ללא שיוך לאשכול,0,,3460,,,945.3,,2.6,33,30,36,1,יהודים,93.6,9,7,6.9,5.7,4.6,3.9,4.7,3.2,1.4,7.9,6.4,8.9,5.7,5.6,5.1,5.9,4.5,3.6,59.1,40.9,10.5,16.4,20,53.1,21.8,12.8,7.3,27.8,30.2,ישראל,30.2,ארצות הברית,16.9,צרפת,13.5,מרוקו,6.9,ארצות הברית,29.6,צרפת,21.2,מרוקו,8.4,אחר,40.8,2.2,43,36.5,48,57,63.5,52,24,26,23,10.8,89.2,4.3,0.6,2.2,0.9,5.8,5,35.5,27.1,32.4,3.1,39.2,24.3,33.4,6.7,32.2,29.6,31.5,18,13.8,19.7,5,23.8,19.8,17.3,15.8,19.4,4.1,21.2,22.2,27.3,18.5,12.1,19.9,5.8,26,17.7,66.9,33.1,72.9,27.1,61.8,38.2,80.1,19.4,0.6,71.8,27.1,1.1,88.6,11.4,,37,39.8,34.5,16.1,,,4.5,0.2,,2.6,4.2,1.5,4,9.5,2.7,0.5,12.2,5.5,10.9,13.9,14.1,5.1,4.5,0.9,0.1,3.2,,,6.8,0.3,,5.2,4.6,2.3,5.9,15.1,1.9,0.7,18.1,5,9.8,3.3,9.5,4.8,2.8,,,3.8,,,2,,,,3.9,0.6,2,3.7,3.5,0.4,6.1,6.1,12,24.6,18.8,5.4,6.2,1.8,0.2,2.7,5.1,43.3,12.9,6.1,14.9,1.3,4.3,1.8,3.2,7.2,7,44.6,11.8,5.1,9.4,2.6,7.4,3,3,6.1,3.2,41.9,14.1,7.1,20.4,,1.1,0.6,3.4,8.2,12.8,75.1,24.9,78.3,21.7,23.2,76.8,48.2,2.3,26.5,0.8,0.6,0.3,2.3,0.4,0.7,17.7,0.3,40.7,59.3,18.7,37,44.3,6,36.4,57.6,,2.9,19.5,62.2,15.4,,18.4,59.3,22.3,103500,11.7,12.7,8.7,6.4,10.5,10.1,9.1,8.3,8.8,13.5,63000,11.8,10.4,21.4,7.7,6,7.3,5.3,11.4,12.4,6.4,1330,2.6,27.6,38.5,8.5,12.7,6.6,2.7,3.5,18.7,29,24.3,36.4,19.4,8.7,11.2,17.9,31.7,דתי/ דתי מאוד,50.7,3,50.7,3.2,24.3,16,2.8,0.7,55.8,39.5,4.7,1.2,12.4,35.2,37.3,12.3,1.7,,,59,12.2,47.8,0.91,1.4
ירושלים,3000,1336,1336+1332,ותיק,1,מחוז ירושלים,11,נפת ירושלים,111,הרי יהודה,410,"מטרופולין ירושלים, גלעין",120,"יישוב יהודי 500,000 תושבים ומעלה",0,עירייה,ללא שיוך לאשכול,0,,2870,,,959.7,,2.3,28,28,28,1,יהודים,64.4,7.8,8,11.3,5.2,5.3,3.9,3.6,3.6,2.8,7.9,8.7,8.6,4.9,4.5,4.1,3.7,4.1,2.2,64.4,35.6,12.9,22.6,21.1,43.5,22.6,8.5,5.6,28.2,35.1,ישראל,35.1,ארצות הברית,17.2,הממלכה המאוחדת,5.2,מרוקו,4.6,ארצות הברית,34.7,הממלכה המאוחדת,10.1,רוסיה,5.7,אחר,49.5,2.3,45.3,45.5,45.2,54.7,54.5,54.8,24,26,22,1.8,98.2,5.1,2.5,4.1,4.1,8.2,14.7,45.8,14.4,25.1,13.7,47.8,16.2,22.4,15.6,43.9,12.7,27.7,32.4,20.6,15,3.5,13.4,15,32,20.5,18.2,4.3,10.1,15,17.7,32.9,20.8,11.9,2.8,16.7,15,53.9,46.1,65.2,34.8,42.9,57.1,75.2,24.8,,78.9,21.1,,70,30,,34.1,35.6,32.2,10.8,,,2.5,,0.7,12.7,9.5,0.5,6.7,3.6,1.4,1,10.9,5.3,6.6,12.2,14.5,4.1,4.5,0,0.6,2.6,,,3.2,,,20.8,8.7,0.3,9.1,3.6,2,1.2,10.2,5.2,7.1,6.7,10.5,3.5,3,0,1.1,3.7,,,1.5,,1.8,0.8,10.7,0.8,3.3,3.7,0.6,0.7,11.8,5.4,5.9,20.1,20.2,4.9,6.7,0,,0.9,4.8,29.5,15.9,1.2,17.9,0.3,13.1,4.3,5.8,7.1,5.2,23,13.2,,15.3,0.5,21.8,7.2,6.5,7.4,4.3,39,19.9,3,21.5,,0.7,,4.9,6.6,8.5,85.3,14.7,72.7,27.3,19.5,80.5,47.7,3,24.7,2.6,0.4,0.3,1,4.1,1.4,12.1,2.8,38.8,61.2,34.6,27.2,38.1,4.4,32.9,45,17.6,3.3,33,56.5,7.2,11.6,39.8,21,27.6,79400,14.7,11.6,17.4,6.9,11.1,10.9,7.9,8.3,7.2,4,61000,23,13.1,3.2,13.5,13.8,9.1,7.2,1.1,5.1,10.9,930,2.9,29,27.2,15.6,6.3,8.6,7.4,5.9,17.1,34.2,36.7,20.8,28.9,7,6.7,32.8,32.7,מסורתי,30.1,2.6,29.8,6.7,26.6,30.1,4.2,1,54.1,24.8,21.1,4,16,39.1,28.3,9.6,1.4,0.8,0.8,65.5,15.7,47.9,0.98,1.4
ירושלים,3000,1337,1337,ותיק,1,מחוז ירושלים,11,נפת ירושלים,111,הרי יהודה,410,"מטרופולין ירושלים, גלעין",120,"יישוב יהודי 500,000 תושבים ומעלה",0,עירייה,ללא שיוך לאשכול,0,,920,,,1068.5,,1.3,40,38,42,1,יהודים,92,8.8,6.3,3.6,5.9,5.1,4.8,5.1,4.7,3.4,6.9,5.2,4.7,7.4,6.7,4.7,6.6,6.6,3.4,53.8,46.2,8.8,18.9,23.7,48.6,23,11.4,6.5,29.6,29.5,ישראל,29.5,ארצות הברית,17.5,צרפת,12.5,מרוקו,5.6,ארצות הברית,31.9,צרפת,18.4,מרוקו,6.7,אחר,43,2.1,37.2,31.7,41.7,62.8,68.3,58.3,25,25,24,14.2,85.8,1.9,0.5,4.1,1.2,1.9,8.6,30.6,21.9,38.8,9.6,32.4,20.7,37.3,7.9,29.2,23,40,18.5,13.7,11.5,5.4,26.4,24.6,19.4,14.2,12.6,7.5,22.2,24.2,5.2,17.8,13.2,10.7,3.8,29.7,24.9,61.4,38.6,63.7,36.3,59.5,40.5,69.9,29.4,0.7,78.9,21.1,,63.3,35.5,1.2,36,41.5,31.3,33.5,,,5.2,,,2.6,2.3,0.7,5.1,5.6,3.3,0.8,9.9,,18,16.9,12.3,8.2,2.7,1.9,2.6,2,,,4.2,,,5.7,2.5,1.6,4.9,8.5,2.8,1.6,15.6,,24.2,17.6,6.2,0.6,1.9,0,,1.9,,,6.1,,,,2.1,,5.3,3,3.6,,5,,12.6,16.3,17.6,14.7,3.4,3.5,4.7,2,7.5,43.8,16.3,7.6,12.3,,4.8,0.3,2.9,4.5,8.4,46.6,11.2,6.8,10,,8.6,0.7,3.2,4.6,6.8,41.4,20.7,8.2,14.2,,1.6,,2.6,4.3,7.9,75.2,24.8,74.9,25.1,25,75,60.1,2.2,25.7,3.4,0.8,,,,1.5,6.3,,45.8,54.2,40.7,26.6,32.7,11.8,26.8,45.5,15.9,,5.6,57.5,36.9,,29.9,46.4,23.8,130700,8.1,8.9,9.3,8.2,4.9,9.8,10.5,12.2,9.1,19,36800,19.9,18.9,17.9,10.3,,3,12.3,17.6,,,380,2.5,30.1,30.3,17,10.1,9,3.2,0.3,15.2,29.1,35.2,31.1,26,6.6,1.1,19.4,35.9,דתי/ דתי מאוד,32.8,7.3,32.8,2.3,25.8,26.7,5.2,0.7,25,72.6,2.4,,16.1,17.7,44.2,16.7,3.2,1,1,72.5,23.1,78.1,1.03,1.8
ירושלים,3000,1412,1412+1411,ותיק,1,מחוז ירושלים,11,נפת ירושלים,111,הרי יהודה,410,"מטרופולין ירושלים, גלעין",120,"יישוב יהודי 500,000 תושבים ומעלה",0,עירייה,ללא שיוך לאשכול,0,,3730,,,1254.2,,2.9,22,23,22,1,יהודים,87.5,12.5,10.1,7,5.4,4.8,4.1,3.2,1.8,1.2,12.4,10.2,8,4,3.9,3.8,3.2,2.1,2.3,86.6,13.4,23.6,18.3,20,38.1,6.6,11.1,5,11.7,65.6,ישראל,65.6,מרוקו,7.6,ארצות הברית,5.1,צרפת,3.2,ארצות הברית,22.1,מרוקו,14.2,צרפת,11.6,אחר,52.1,2.9,37.9,35.7,40,62.1,64.3,60,22,23,21,8,92,4.4,3.1,3.3,2.3,5.4,10.9,62.8,17.2,9.1,9.9,71.6,12.3,6.2,12,53.8,22.2,12,36.4,36.4,11.7,6.1,5.8,3.7,32.7,47.7,8.8,3.1,3.5,4.2,51.9,40.1,24.9,14.6,9.2,8.2,3.1,46.9,53.1,43.9,56.1,50,50,83.2,16.8,,71.7,28.3,,93.6,6.4,,29.9,35.8,25.9,7.3,0.5,,3.6,,0.4,4,8.1,3.3,12.2,1.6,1.8,0.2,5,7.2,4.5,23.9,14.4,2.7,3.9,1,0.8,1,1.1,,4.7,,0.9,8.3,9.1,6.9,14.8,1.1,1.1,0.5,6.4,3.8,2.4,21.5,7.4,3.6,3.5,,1.7,1.4,,,2.6,,,,7.1,,9.8,2.1,2.5,,3.8,10.3,6.3,26.1,20.7,1.9,4.4,1.8,,0.6,5.3,22,7.2,14.3,28.4,0.5,5.6,4.3,7.8,4.6,10,23.7,6.7,13,13.9,1.1,10.7,9.1,7.2,4.7,0.9,20.5,7.6,15.5,41.5,,1,,8.4,4.5,7.9,77,23,72.5,27.5,25.4,74.6,28.9,2.7,24.6,1.5,,,0.4,1.9,0.5,30.3,9.2,58.2,41.8,32.2,45.1,22.7,21.5,39.9,27.8,10.7,17.4,47.7,12.7,22.2,20.5,23,35.6,20.9,65700,23.1,15.1,11,14.3,8.5,12.7,6.9,5.2,2.3,0.9,82600,13.6,,16.2,,19.2,17.2,6.2,,12.6,14.9,990,3.6,29.3,21.2,11.4,8.6,7.5,4.8,17.1,26.5,40,20.9,16.5,14,11.9,36.7,28.1,25.7,חרדי,46.4,2.7,16.2,46.4,19.4,14.1,1.2,1.2,46.9,42.7,10.4,12.1,9,42.1,24.7,10.7,0.8,,0.6,42.2,7.8,24.4,0.74,0.7
ירושלים,3000,1421,1421,ותיק,1,מחוז ירושלים,11,נפת ירושלים,111,הרי יהודה,410,"מטרופולין ירושלים, גלעין",120,"יישוב יהודי 500,000 תושבים ומעלה",0,עירייה,ללא שיוך לאשכול,0,,2130,,,723.1,,9.9,28,27,29,1,יהודים,85.3,9.8,7.1,13,9.5,4,3.7,3.5,2.5,1.5,6.8,5,11.3,5.4,3.9,3.5,3.9,3,2.7,71.4,28.6,10.8,11.9,17.2,60.1,10,10.7,7.5,20.3,51.5,ישראל,51.5,ארצות הברית,7.4,צרפת,7.3,מרוקו,6,צרפת,18.9,ארצות הברית,18.6,מרוקו,7.8,אחר,54.6,1.9,53.3,53.9,52.7,46.7,46.1,47.3,23,24,22,25.7,74.3,3.9,1.9,5.9,2.3,3.7,3.2,51.2,27.5,18,4.7,64.6,15.6,15.1,1.8,39.2,38.2,20.7,23.4,22.6,25.2,4.9,15.3,8.7,31.1,30.3,18.3,2.8,9.4,8.1,43.4,16.4,15.7,31.3,6.7,20.6,9.2,54.6,45.4,50.2,49.8,58.5,41.5,91,9,,90.8,9.2,,91.2,8.8,,34.1,37.6,31.6,12.6,,,4.8,,,1.5,9.5,0.3,8.5,7.7,3.5,0.8,6.2,5.2,7.6,14,15,4.5,4.4,0.4,,6.2,,,4.9,,,0.8,17.7,0.6,8.4,12.1,0.8,0.7,9.9,9.2,2,10.4,5.4,6.1,4.4,,,6.4,,,4.8,,,1.9,3.4,,8.5,4.4,5.5,0.8,3.4,2.3,11.7,16.7,22,3.3,4.4,0.7,,6.1,4.6,31.5,15.5,5.4,27.5,1,1.7,0.9,6.6,5.1,5.4,36.3,12.2,0.8,19.1,2.4,4,2.2,14.9,2.7,4.1,28,17.9,8.8,33.7,,,,0.6,6.9,13.3,91.1,8.9,85.6,14.4,12.1,87.9,17.6,1.1,49.7,0.7,,,,0.4,,23.8,6.7,30,70,37.1,40.4,22.5,38.6,19.2,19.4,22.7,29.6,,49,21.4,14.1,37.3,37.2,11.4,62500,23.9,10.8,15.7,12.4,7.5,7.9,4.5,7,3.2,7.1,30600,32.7,32.6,,,21.8,,,3.4,9.6,,890,2.2,48.2,26.3,10.3,4.9,3.9,2.2,4.2,11.5,18.8,32.2,19.2,16.1,11.6,20.9,23.1,24.4,חרדי,31.9,2.1,26.6,31.9,23.2,15.2,1.1,0.9,25.9,58.4,15.7,23.4,22,31.3,15.9,4.6,,,2.7,33.7,3.6,25.9,0.89,1
ירושלים,3000,1422,1422,ותיק,1,מחוז ירושלים,11,נפת ירושלים,111,הרי יהודה,410,"מטרופולין ירושלים, גלעין",120,"יישוב יהודי 500,000 תושבים ומעלה",0,עירייה,ללא שיוך לאשכול,0,,1090,,,957.7,,8.5,24,24,22,1,יהודים,78.6,9,8.4,13,7.7,2.9,3.4,3.5,3.1,1.2,11.1,10.2,8.3,6.1,2.6,3.4,2.6,2.8,0.6,78,22,6,15.4,23.6,55,4.6,15.4,3.4,16.4,60.1,ישראל,60.1,אתיופיה,10.9,צרפת,5.7,ארצות הברית,3.7,אתיופיה,30,צרפת,20.6,ארצות הברית,10.4,אחר,39,3.1,34.1,37.5,30.2,65.9,62.5,69.8,22,22,21,9,91,2.3,0.5,4.4,2,2,10,52.3,24.3,13.4,4.8,68,17.7,9.6,15.4,36.4,30.9,17.3,30.2,32.5,14.9,8.2,7.5,6.7,22.7,51.5,11,5.3,4.6,4.9,61.9,37.8,13.1,18.9,11.1,10.5,8.6,47.7,52.3,51.8,48.2,43.5,56.5,91.3,8.7,,85.2,14.8,,99,1,,41.5,41.8,41.2,,,,8.6,,,2.7,8.4,,6.5,8.5,,2.2,2.5,5.2,4.5,19.8,27.3,1.1,0.8,,,1.9,,,11.7,,,4.8,8.4,,4.6,13,,3.9,,4.1,8.1,9.8,31.6,,,,,,,,4.7,,,,8.4,,9,2.9,,,5.5,6.6,,32.3,22.1,2.5,1.8,,,4.2,2.6,23.2,21.1,8.7,24.8,,4.2,4,9.9,1.6,2.3,29.9,15.1,12.2,16.5,,4.8,7.1,9.1,2.9,3,14.8,28.4,4.4,35.1,,3.5,,10.8,,22.2,84.8,15.2,82.6,17.4,16.1,83.9,31.2,6.4,20.7,1.2,,,3.6,4.5,0.9,27.8,3.8,30.7,69.3,35.3,21.3,43.4,10.6,66.1,16.7,6.6,47.5,52.5,,,26.7,51.1,22.3,,84900,10.7,10.9,16.1,12.2,13.9,8,12.2,8.2,6.4,1.4,40500,46.6,,26.1,,14.9,,,,,12.4,350,2.8,41.2,21.1,13.6,7.6,1.4,4.5,10.6,26.1,34.2,32.3,19.4,11.1,11.5,25.7,22.8,17.1,חרדי,48,2.5,13.3,48,23,13.2,,1,26.3,62.3,11.4,13.3,29.7,28.1,21.2,6.1,1.6,,,36.3,1.5,34.3,0.81,0.9
ירושלים,3000,1423,1423,ותיק,1,מחוז ירושלים,11,נפת ירושלים,111,הרי יהודה,410,"מטרופולין ירושלים, גלעין",120,"יישוב יהודי 500,000 תושבים ומעלה",0,עירייה,ללא שיוך לאשכול,0,,1270,,,367.4,,22.4,27,28,26,1,יהודים,65.2,6.4,5.1,20,10,7.7,5.4,3.2,1,1.2,4,4.7,17.7,5.1,2.9,2,1.9,0.7,1.1,69.9,30.1,8.9,8.3,25.9,56.9,9.6,10.9,7,23.7,48.7,ישראל,48.7,ארצות הברית,6.6,צרפת,6.4,מרוקו,6.2,צרפת,20.3,ארצות הברית,16.9,רוסיה,11.3,אחר,51.4,1.4,71.9,70.9,73,28.1,29.1,27,23,24,20,33.3,66.7,2.3,1.6,5.1,0.2,5.2,6.9,41.1,34.8,17.1,5.4,49.1,33.8,11.7,8.7,31.9,36,23.5,21.7,21.2,35.3,5.3,8.5,7.9,27.7,30.2,26.6,5.6,6.1,3.8,20.6,14.7,10.9,45.3,5.1,11.4,12.6,67.8,32.2,61.4,38.6,75.2,24.8,96.7,3.3,,100,,,93.9,6.1,,37.9,45.1,31.6,7.9,,,4.1,,,1.8,4.8,1.8,14.5,4.2,0.4,,5.5,7.6,10.2,21.4,7.9,4.7,6.7,,3,1.4,,,3.8,,,1.4,4.4,4.1,16.1,7.7,0.9,,7.6,3.4,12.9,20.1,6.3,1.3,5.3,,4.9,,,,4.3,,,2,5.1,,13.2,1.5,,,3.7,11,8,22.5,9.2,7.4,7.9,,1.5,2.6,3.1,32.3,16.2,7.4,28.5,,3.5,0.6,5.6,2.8,3.5,24.6,23,9.1,22.6,,7.8,1.4,5.6,2.4,2.7,38.5,10.7,6.1,33.2,,,,5.7,3.1,11.4,74.4,25.6,75,25,25.3,74.7,24,,31.9,2.5,,2.4,,2.3,,31.2,5.7,21.5,78.5,,54.1,45.9,15.8,48.2,36,,63.4,18.6,,18,7.6,16.6,36,39.8,52000,22.7,23.7,11.3,11.1,8.1,9.1,7.7,2.1,4.1,,18800,,67.1,32.9,,,,,,,,480,1.8,62.6,19.3,7.9,4.3,0.9,2.7,2.3,6.4,13.7,34.5,36.2,10.1,6.8,12.4,26.4,13,חילוני,55.6,3.2,13,7.1,55.6,19.5,1.5,0.8,17,67.5,15.5,27.9,33.9,15.9,18.5,2.9,,0.8,,46.4,3.9,12.2,0.91,1.3
ירושלים,3000,1424,1424,ותיק,1,מחוז ירושלים,11,נפת ירושלים,111,הרי יהודה,410,"מטרופולין ירושלים, גלעין",120,"יישוב יהודי 500,000 תושבים ומעלה",0,עירייה,ללא שיוך לאשכול,0,,2050,,,248.4,,16.4,28,28,27,1,יהודים,73.5,3.5,3,24.2,10.6,4.2,2.8,2.5,1.5,1,1.8,2.6,23.6,7.3,2.4,2,2.9,2.1,1.8,58.8,41.2,4.8,10.2,21.9,63,15.1,8.2,7,32.4,37.3,ישראל,37.3,ארצות הברית,9.1,צרפת,7,רוסיה,6.1,ארצות הברית,18.9,צרפת,12.7,רוסיה,12.3,אחר,56.1,1.2,76.5,77.4,75.6,23.5,22.6,24.4,25,26,23,43.7,56.3,4.5,,7.2,4.5,7.6,4.2,37.3,39.6,18.9,4.1,43.8,35.4,16.7,4.4,30.4,44.1,21.2,13.7,14.3,40.4,5,17.1,9.6,16.3,19.5,32.9,5.3,14.6,11.4,19.4,11,8.7,48.4,4.6,19.7,7.6,74.5,25.5,76.8,23.2,71.9,28.1,91.1,8.9,,88.1,11.9,,94.4,5.6,,33.2,34,32.2,,,,0.6,0.3,,3.7,8.7,2,13.8,7.6,2.1,0.4,7.1,5.2,10.8,15.1,9.1,5.3,3.4,0.6,,4,,,1.1,0.5,,6.1,5.7,2.5,12.1,8.8,2.7,0.7,2.8,7.9,15.2,10.1,6.9,6.2,3.2,,,7.5,,,,,,0.9,12.2,1.4,15.8,6.3,1.5,,12.1,2.2,5.7,21,11.7,4.2,3.7,1.3,,,5.2,31.5,14.9,5.6,27.5,,3.4,,2.7,9.1,8.5,28.3,14,7,16.9,,6.4,,5,14.1,1.5,35.3,16,4,39.9,,,,,3.4,14.8,77.5,22.5,70.1,29.9,26,74,26.5,0.7,33.4,1.8,0.5,,,,0.3,27.2,9.5,35.1,64.9,5.2,13.3,81.4,,24.8,32.2,43,,,79.3,20.7,29.6,14.3,,56.1,65400,16.3,19.1,14,14.2,8.6,9.5,6.9,1.7,5.4,4.2,65200,11.1,22.5,11.2,,42.1,5.4,,7.7,,,1140,1.5,66.4,25.6,3.2,1.5,1.5,1.6,0.3,3.1,5.3,30.1,37.4,27.4,,5,30.5,15.4,חילוני,49.6,4.3,12.4,8.3,49.6,20.4,5,0.7,9.4,82.8,7.8,22.7,43.4,18.3,10.1,4.9,0.7,,,29.7,4.4,9.8,1.03,1.3
ירושלים,3000,1425,1425,ותיק,1,מחוז ירושלים,11,נפת ירושלים,111,הרי יהודה,410,"מטרופולין ירושלים, גלעין",120,"יישוב יהודי 500,000 תושבים ומעלה",0,עירייה,ללא שיוך לאשכול,0,,1330,,,337.8,,5,26,27,25,1,יהודים,83.5,4.2,1.8,21.5,5.8,2.4,1.3,2,2.2,2.8,3.5,3.1,33.2,4.4,2.2,1.4,3,3.4,1.7,65.8,34.2,5.9,10.2,21.6,62.3,16.9,8.7,4.6,30.4,39.4,ישראל,39.4,ארצות הברית,10.9,רוסיה,6.1,צרפת,5.5,ארצות הברית,23.2,רוסיה,11.7,צרפת,10.2,אחר,54.9,0.9,79.2,76.9,80.9,20.8,23.1,19.1,23,23,21,34.7,65.3,0.7,1.7,6.2,1.6,4.4,0.7,25.1,43.4,30.8,1.5,17.9,49.9,30.7,,32,37.1,30.9,6.9,10.7,45,5.8,18.5,13.1,11.4,11.5,44.9,5.9,18.8,7.5,32.6,2.6,9.9,45,5.7,18.2,18.6,66.6,33.4,60.1,39.9,72.9,27.1,87.2,12.8,,80.5,19.5,,92.7,7.3,,30,33.3,27.3,,3.2,,4.5,0.7,0.7,,4.3,1,13.6,10.6,,0.9,16.5,2,7,11.4,10.3,4.1,2.8,0.8,,5.5,4.8,,8.2,,,,6.3,,16,16.8,,1.9,21.7,,1.3,5.6,5.2,3.3,,,,8.8,1.8,,1.5,1.3,1.3,,2.7,1.8,11.7,5.4,,,12.2,3.6,11.7,16.3,14.5,4.8,5.1,1.4,,2.9,2.9,39.6,14.1,3.9,23.3,2.2,1.5,,1.9,10.6,3.3,48.8,13.9,2,11.7,4.8,1.6,,4.1,9.7,2.7,32,14.3,5.4,32.9,,1.5,,,11.3,14.3,87.1,12.9,73.1,26.9,20.4,79.6,30.1,4.9,33.6,4.6,,,3.5,,2.7,16.9,3.8,30.5,69.5,24.5,29.2,46.2,,10,48.8,41.2,,65.4,28.2,6.4,,45.4,21.4,33.2,51900,20,27.1,11.6,10.3,7.1,5,8.9,2.4,4.6,3,100900,15.8,,,12.9,,24.7,15.6,,,30.9,640,1.8,56.3,27.8,5.2,6.9,1.2,2.1,0.4,8.9,10.7,12.2,59.8,4.5,19.6,3.9,24.1,17.4,חילוני,46.3,2.4,15.8,10.9,46.3,21.2,3.4,0.7,19.8,74.5,5.6,14.7,24.2,38,19.6,1.4,,,2.1,36,10.5,40,1.08,1.6
ירושלים,3000,1426,1426,ותיק,1,מחוז ירושלים,11,נפת ירושלים,111,הרי יהודה,410,"מטרופולין ירושלים, גלעין",120,"יישוב יהודי 500,000 תושבים ומעלה",0,עירייה,ללא שיוך לאשכול,0,,960,,,768.6,,14.8,33,31,35,1,יהודים,85.8,6.3,3.8,11.3,7,4.2,3,3.1,3.8,4.2,4.9,4,14.3,7,3.5,3,4.2,5.3,7.2,59.5,40.5,15.2,16,18.7,50.2,22,6.9,6.9,33.5,30.7,ישראל,30.7,ארצות הברית,17.5,הממלכה המאוחדת,7.1,רוסיה,3.5,ארצות הברית,29.9,הממלכה המאוחדת,8.4,צרפת,5.9,אחר,55.8,2,59.7,50.2,66.4,40.3,49.8,33.6,25,27,24,18.2,81.8,0.3,1,1,1.6,4,3.7,31.3,33.2,31.8,4.4,36.6,28.3,30.7,3.1,26.7,37.5,32.8,20.3,12.2,21,3.2,30.6,12.7,26.7,20.6,18.5,1,18.5,14.7,18.7,14.8,5,23,5.2,41,11,55,45,56,44,54.2,45.8,77.3,22.7,,66.2,33.8,,88.7,11.3,,37.5,43.3,32.1,11.5,,,1.1,,,2.2,10.7,0.8,13.3,10.5,,7.7,7.2,1.9,4.3,12.2,6.2,10,5.2,,,6.8,,,0.9,,,4.4,4.8,1.7,11.8,8.7,,15.7,10.6,4,3.9,11.6,2.6,5.3,3.3,,,10.8,,,1.2,,,,16.4,,14.7,12.2,,,4,,4.7,12.7,9.6,14.5,7,,,2.9,6.4,41.2,19.3,,24.6,0.5,,0.5,,7.6,10.2,32.1,28.4,,15.1,0.9,,0.9,,12.3,2.6,50,10.6,,33.7,,,,,3.1,17.3,75.9,24.1,74.4,25.6,24.9,75.1,32.4,2.2,28.5,1,0.8,,1.3,,,27.4,6.4,33.4,66.6,48.1,28.7,23.2,11.2,25.6,38,25.2,,21.5,61.2,17.3,42.2,5.7,41.9,10.2,75500,25.8,14.2,7.5,8.3,4.9,7,3.3,10.2,12.9,5.9,45600,25.9,21,20.6,5.9,,3.3,,17.2,,6.1,460,2.3,50.2,18.2,11.9,5.9,3.3,9.2,1.3,12.5,23.2,21.6,23.6,34.7,14.6,5.6,18.6,35.2,חילוני,41.6,3.2,32.2,10.6,41.6,9.3,3,0.7,29.7,60.1,10.1,6.6,23.3,36,26.8,4,0.5,,2.9,56.2,10,38.2,0.98,1.3
ירושלים,3000,1431,1431,ותיק,1,מחוז ירושלים,11,נפת ירושלים,111,הרי יהודה,410,"מטרופולין ירושלים, גלעין",120,"יישוב יהודי 500,000 תושבים ומעלה",0,עירייה,ללא שיוך לאשכול,0,,910,,,1174.7,,3.9,24,23,25,1,יהודים,95.9,14.5,8.5,8.8,5.7,4.1,3,2.8,2.1,1.7,12.1,8.2,8.3,6.8,3.3,3,2.4,3.3,1.5,86.7,13.3,13.1,21.2,29.3,36.4,12.5,3.5,4.1,15,64.9,ישראל,64.9,ארצות הברית,9.5,הממלכה המאוחדת,3,"בריה""מ (לשעבר)",2.4,ארצות הברית,22.8,צרפת,14.7,הממלכה המאוחדת,8.1,אחר,54.4,2.6,45.6,45,46.2,54.4,55,53.8,23,24,21,12.9,87.1,1.1,1.6,1,2.2,2.5,11.9,56,20.4,11.6,6.4,64.4,17.9,11.4,16.2,49.6,22.4,11.8,25.4,41.7,10.7,7.8,9.3,5.2,27.5,50.3,10.2,2.2,5.1,4.6,60.4,23.7,35,11.1,12.1,12.5,5.6,49.4,50.6,44.4,55.6,53.3,46.7,89.5,10.5,,92.9,7.1,,87.5,12.5,,29.3,31.9,27.3,,,,1.8,,,0.6,6.7,1.2,16.9,2.2,5.2,,4.9,2.3,9.2,20.9,16.6,,7.8,0.4,,3.2,,,1.5,,,1.7,11.2,1.5,23.1,1,13.8,,7.5,1.5,6,15.8,5,,10.4,0,,,,,2,,,,4,1,13.1,2.9,,,3.3,2.8,11.1,24,23.6,,6.3,0.7,,5.1,8.2,31.4,13.5,6.6,28.3,,1.2,3,2.7,5.1,21.8,13.1,21,,26.2,,,7.9,1.7,8.3,,42.5,9,10.6,29.5,,2,,3.2,3.2,9.9,74.6,25.4,77.2,22.8,23.9,76.1,21.9,0.7,32.5,0.7,,,1.6,0.7,,34.7,7,26.5,73.5,38.4,55.7,5.9,,43,17.1,39.9,,,100,,7.7,47.6,31.2,13.5,51100,33.6,14.4,8,6.6,12.8,5,5.6,7.6,6.4,,47100,,35.5,16.5,25.1,4.2,12.4,6.2,,,,290,3.3,34.1,23.8,6.5,4.3,7.7,10.1,13.6,25,35.5,15.3,11.6,21.9,21.3,30,27,32,חרדי,46,,18,46,27.9,6,2,1.1,26.2,41.7,32.1,7.7,20.2,42.9,27.5,1.7,,,,29,2.2,12,0.76,1
ירושלים,3000,1432,1432,ותיק,1,מחוז ירושלים,11,נפת ירושלים,111,הרי יהודה,410,"מטרופולין ירושלים, גלעין",120,"יישוב יהודי 500,000 תושבים ומעלה",0,עירייה,ללא שיוך לאשכול,0,,960,,,598.3,,12.8,29,30,29,1,יהודים,85.1,6.8,4.7,12.9,8.9,3.9,3.7,3.7,3.4,1.4,6,4.2,16.9,6.3,2.9,2.6,5.7,4,2.1,69.4,30.6,8.6,13.7,17.8,59.9,19.3,10,8.9,19.4,42.3,ישראל,42.3,ארצות הברית,16.5,צרפת,5.1,מרוקו,4.8,ארצות הברית,36.6,צרפת,11.5,רוסיה,5.4,אחר,46.5,1.2,54.4,48.9,58.9,45.6,51.1,41.1,26,27,25,29.4,70.6,2,0.5,2.1,2.2,1.4,2.7,38,29.7,29.6,2,50.8,22.2,25,3.4,25.9,36.8,34,14,16.9,25.1,4,22.9,17.2,14.5,24.8,24.8,1.8,17,17.1,37.5,13.5,9.5,25.3,6.1,28.4,17.2,69.5,30.5,68.8,31.2,70,30,80.9,19.1,,79.3,20.7,,82.2,17.8,,31.1,33.6,28,36.3,0.9,,,,,2,4.8,0.7,12.1,6.5,,2,13.7,5.2,9.9,16.6,8.6,4.1,5.8,2.5,1.1,3.5,1.8,,,,,4.2,,1.5,18,8.8,,,17.1,10.8,12.4,12.1,1.3,,3.6,2.1,,6.2,,,,,,,9.2,,6.6,4.3,,3.9,10.5,,7.6,20.7,15.6,7.9,7.9,2.8,2.1,0.9,7.8,36.9,16.5,3.2,21.8,0.9,2,2.5,0.7,7.6,11.7,26.8,8.5,3.9,20.9,1.8,4.2,5.1,1.4,15.8,4.3,46.4,23.9,2.6,22.8,,,,,,14.2,71.4,28.6,75.1,24.9,26.7,73.3,23.7,,36.4,3.6,,,1.3,,1.7,29.2,4.2,20.7,79.3,23.1,28.8,48.1,13.4,33.1,45.9,7.5,,37.5,43.8,18.8,,16.9,38.7,44.4,77400,24.2,10.6,10.9,5.9,9.9,15.8,8.3,0.7,9.2,4.5,60100,15.2,20,12.8,5.6,13.6,3.4,,,13.7,15.8,420,2,42,39.7,8.9,3.2,3.7,1.2,1.2,8.7,16.3,48.5,29.7,9.4,4.7,7.6,10.6,25.5,דתי/ דתי מאוד,43,3.3,43,8.6,25.2,14.7,5.2,0.9,26,59.8,14.2,24.3,32.6,19.3,14.6,8.2,0.9,,,44.4,4.7,11.2,0.9,1.4
ירושלים,3000,1433,1433,ותיק,1,מחוז ירושלים,11,נפת ירושלים,111,הרי יהודה,410,"מטרופולין ירושלים, גלעין",120,"יישוב יהודי 500,000 תושבים ומעלה",0,עירייה,ללא שיוך לאשכול,0,,3020,,,657,,21.2,27,27,27,1,יהודים,76.3,8.7,6.7,15.7,9.1,4.7,3.2,3.7,2.3,1.3,8.1,5.8,11.6,5.5,3.5,3.2,3.4,2.2,1.4,66.3,33.7,6.4,9.1,13.6,70.8,18,10.7,9.9,21.8,39.6,ישראל,39.6,ארצות הברית,14.5,צרפת,9.8,מרוקו,5.3,ארצות הברית,30.2,צרפת,18.8,רוסיה,5.7,אחר,45.3,1.9,52.4,51.4,53.4,47.6,48.6,46.6,23,25,21,16,84,3.9,1.6,4.3,1.7,5.8,5.9,50.7,28.8,14.6,3.8,55.3,25.9,15,7.9,46.2,31.7,14.3,24.9,24.9,21.8,5.9,15.6,6.9,29.9,26.5,16.6,6.6,11.8,8.6,33,20.2,23.3,26.8,5.3,19.2,5.2,65.3,34.7,65.2,34.8,65.4,34.6,86.3,13.7,,82.9,17.1,,89.5,10.5,,35.3,39.8,31.3,,,,3.5,,,3.5,13.6,4.3,7.6,8.5,1.6,0.3,6.8,3.9,11.7,9.7,13.2,2.1,4.3,2.6,,2.7,,,6.5,,,5.8,10.5,8.2,12.4,12.2,1.4,0.6,6.3,4.9,11.7,6.9,4.6,1.3,1.6,,,5.2,,,0.8,,,1.4,16.6,0.7,3.1,5.1,1.9,,7.4,3,11.6,12.4,21.3,2.8,6.8,5,,0.3,8,28.6,12.9,6.3,22,,6.1,4,3.2,9,9.4,25.1,8.6,4.6,19.9,,11.4,8.2,4.1,8.6,6.7,32,17,7.8,23.9,,1.2,,2.3,9.2,17.3,85.8,14.2,73.7,26.3,20.7,79.3,32.9,2.7,28.7,0.9,,,0.7,2.2,0.5,23.9,7.6,27.3,72.7,33.5,16.3,50.1,10.1,25.7,42.2,22,12.1,,75.5,12.4,1.6,19.6,61.2,17.6,67800,11.5,13.3,18.5,17.8,9,7.8,4.8,8.2,5,4.2,80000,10.5,5.1,13.7,16.2,4.8,13.9,1.4,22.3,12.1,,1040,2.3,46.6,26.1,11.1,2.7,3.5,4,5.9,15.7,22.8,34.8,16.2,25.4,9.2,14.3,30.8,25.4,דתי/ דתי מאוד,30,2.2,30,21.2,18.5,27.2,1,0.9,27.2,62.9,9.9,12.4,34.6,30.2,17.1,4.9,0.6,0.2,,42.2,9.3,28.3,0.85,1.2
ירושלים,3000,1434,1434,ותיק,1,מחוז ירושלים,11,נפת ירושלים,111,הרי יהודה,410,"מטרופולין ירושלים, גלעין",120,"יישוב יהודי 500,000 תושבים ומעלה",0,עירייה,ללא שיוך לאשכול,0,,1940,,,461.4,,22,28,27,29,1,יהודים,75,5.9,7.3,19.5,10.7,4.4,3.8,3.2,1.6,1.1,5.2,4,13.5,8,2.8,2.8,2.6,2,1.8,76.4,23.6,10,13.7,24.1,52.2,14.2,9.3,9.4,17.3,49.8,ישראל,49.8,ארצות הברית,11,עיראק,6.1,מרוקו,4.8,ארצות הברית,31.6,צרפת,9.6,אתיופיה,6.2,אחר,52.6,1.4,64.7,68.2,60.5,35.3,31.8,39.5,24,26,23,29.7,70.3,5.5,2.6,3.2,4.7,5.3,9.9,42.2,37.1,10.9,11,46.7,34.7,7.6,8.6,37.3,39.6,14.5,21.5,16.4,37.4,2.5,18.8,3.4,25.4,18.8,30.9,3.1,20.4,1.3,26.2,17.3,13.7,44.4,1.9,17.1,5.6,74.2,25.8,79.3,20.7,68.7,31.3,95.3,4.7,,94.2,5.8,,96.7,3.3,,35.2,38.6,30.9,24.2,,,2.5,,,2.1,7.4,2.8,9.4,9.9,3.2,1.6,6.9,6.6,11.6,17,11.2,4.1,0.9,0,,3.1,,,2.4,,,3.8,6.1,5,7.9,12.3,5.1,,7.1,7.2,12.4,11.3,5.4,7.4,1.6,,,5.1,,,2.6,,,,9,,11.4,6.8,0.7,3.5,6.7,5.8,10.6,24.1,18.4,,,0,,0.5,4.7,34.5,12.8,10.4,19.9,,2.6,3.5,5.3,6.3,6.2,31.3,11,11.7,17,,4.7,6.2,4.5,7.4,2.9,38.5,15,8.8,23.5,,,,6.3,5,16.5,72.8,27.2,65.8,34.2,30.4,69.6,31.1,1.6,32,2,,1.5,2.5,2.4,2.7,18.3,6,18.5,81.5,13.5,22.4,64.1,,21.8,64.7,13.5,,52.3,17.5,30.2,16.6,34.3,40,9.1,73600,13.8,12.9,13.1,15.4,9.2,6.4,12.4,9.7,2.3,4.8,72600,30.7,,,14,36.8,10.6,,7.9,,,800,1.8,54.4,26.1,11,4.1,2.4,2.1,,7.9,11.1,35.1,28.2,21.7,15.1,,21.2,19,חילוני,35.3,3.2,25.4,8.9,35.3,20,7.3,0.8,27.4,65.9,6.7,21.4,33.2,28.3,11.8,3.3,1.9,,,49.5,7.3,12.4,0.97,1.3
ירושלים,3000,1435,1435,ותיק,1,מחוז ירושלים,11,נפת ירושלים,111,הרי יהודה,410,"מטרופולין ירושלים, גלעין",120,"יישוב יהודי 500,000 תושבים ומעלה",0,עירייה,ללא שיוך לאשכול,0,,2130,,,570.9,,5.4,27,29,26,1,יהודים,90.1,8.9,6.5,12.5,10.2,4.3,3.2,3.3,2.2,0.6,7.1,5.6,17.7,7.4,2.8,2.7,2.6,1.6,0.7,73.1,26.9,3.4,13.1,22.4,61.1,23.6,10.1,4.6,17.8,43.8,ישראל,43.8,ארצות הברית,18.7,צרפת,4.8,מרוקו,4.7,ארצות הברית,42.6,צרפת,8.9,הממלכה המאוחדת,8.4,אחר,40.1,1.5,58.1,57.1,59.1,41.9,42.9,40.9,25,26,22,28.2,71.8,0.8,1.3,4,1.4,3.6,7,30.9,38.4,23.7,5.6,34,35.9,24.6,8.4,27.6,41,22.9,14.1,17.5,25.1,6,29.8,7.6,16.1,18.9,21.7,8.3,26.9,8,38.7,11.9,16,28.6,3.6,32.8,7,71.4,28.6,69.3,30.7,73.7,26.3,87.8,12.2,,88.3,11.7,,87.2,12.8,,34.6,37.8,31.9,17.6,,,2.6,,,2,7,0.2,11,10.6,0.7,0.3,4.9,4.2,9.1,22.4,12.4,5,3.5,0,,4,,,5.1,,,4.2,10.6,,6.1,11.5,1.4,,8.1,8,9.7,11.7,7.5,6.7,3.3,,,6.2,,,0.3,,,,3.7,0.4,15.6,9.9,,0.6,1.9,0.8,8.6,32.3,16.8,3.4,3.7,0,,2,2.3,44.8,11.5,3.1,27,1,3.9,,1.5,4.9,4.8,47.5,10.5,2,22,0.7,6.1,,2.7,3.8,,42.4,12.4,4.2,31.6,1.3,1.8,,0.4,5.9,12,69.3,30.7,74.7,25.3,27.8,72.2,20.6,1.3,43.6,0.9,,0.4,0.6,1.9,1.7,22.3,6.7,22.7,77.3,3.1,25.4,71.6,,41.3,46.5,12.2,29.8,35.7,34.4,,11.4,61.6,13.2,13.9,61900,23.3,14.9,12.5,4.6,9.2,11.7,5.3,6.6,8,3.9,56800,18.8,8.5,12.4,15.7,21.3,12,,,11.3,,1000,2.2,52.1,23.4,7.5,5.1,3.8,3.1,5.1,16.4,21.9,27.5,13.6,21,21.5,16.4,16.6,15.3,דתי/ דתי מאוד,37.9,4.4,37.9,10.1,27.7,15.2,4.7,0.9,22.9,70,7,23.8,32.5,25.2,9,5.3,2.6,1.7,,40.1,6.6,8,0.88,1.4
ירושלים,3000,1436,1436,ותיק,1,מחוז ירושלים,11,נפת ירושלים,111,הרי יהודה,410,"מטרופולין ירושלים, גלעין",120,"יישוב יהודי 500,000 תושבים ומעלה",0,עירייה,ללא שיוך לאשכול,0,,920,,,555.3,,12.7,29,29,28,1,יהודים,83.7,6.5,5,13,9.3,3.6,2.4,4.2,2.5,1.2,6.6,4,17.8,8.8,2.5,2.6,4.6,3.3,2.2,73.8,26.2,11.3,16.5,23.6,48.6,18.4,10.6,10.7,18.4,41.9,ישראל,41.9,ארצות הברית,14.8,מרוקו,5.4,עיראק,4,ארצות הברית,30,מרוקו,9.3,צרפת,9.2,אחר,51.5,1.2,70.2,65.9,73.5,29.8,34.1,26.5,27,29,24,28.8,71.2,,1,1.4,1.3,6.5,6.1,33.7,38.6,21.6,6.1,38.1,30,25.9,6.1,30.6,44.7,18.6,13.8,22.3,32.8,4.4,14.1,12.6,17.3,24.3,29.2,1.5,8.5,19.1,21.7,11.3,20.8,35.4,6.4,17.9,8.1,77.9,22.1,74.1,25.9,80.6,19.4,84,16,,80,20,,86.6,13.4,,33.3,34.9,32.2,26.4,,,1.1,,,0.8,9.5,3.6,8.3,5.6,,1.1,11.5,4.2,9.8,17.4,17.3,3.7,3.7,,,2.5,,,1.7,,,2,9.4,4.5,4.9,10.3,,2.8,13.1,5.7,6.3,11.8,14,6.9,,,,6.5,,,0.6,,,,9.6,3,10.5,2.7,,,10.5,3.2,11.9,20.9,19.4,1.7,6,,,,2.4,34.8,21.8,3.3,30.3,,,3.9,1.9,1.7,1.4,44.4,10.7,,28.1,,,10.1,2.3,3.1,3,28.7,28.8,5.4,31.7,,,,1.6,0.8,9.6,91,9,83.1,16.9,13.5,86.5,24.5,3,24.6,6.2,,,4,0.8,1.3,30.4,5.2,17.7,82.3,15.8,29.7,54.5,17,9.8,35,38.2,,23.9,76.1,,,,34.5,65.5,60300,17,24.9,13.1,11.6,12.7,3.3,4.6,5.8,3.1,3.9,51600,,5.6,43.1,36.8,7.1,,,3,,4.4,390,2.1,50.2,27.6,8,6.1,2.8,1,4.2,8.4,15.2,26.8,48.9,7,,17.4,15.6,20.7,חילוני,36.7,1.8,34,6,36.7,14.5,7.2,0.8,15.8,66.6,17.6,27.5,29.9,20.5,13.1,6.7,,1.2,1.1,42.6,5,11.8,0.96,1.4
ירושלים,3000,1437,1437,ותיק,1,מחוז ירושלים,11,נפת ירושלים,111,הרי יהודה,410,"מטרופולין ירושלים, גלעין",120,"יישוב יהודי 500,000 תושבים ומעלה",0,עירייה,ללא שיוך לאשכול,0,,1310,,,611,,3.6,29,28,31,1,יהודים,95.3,6.7,4.2,18,6.1,4.4,3.7,3.4,3.5,2,6.4,4.5,11.5,7.7,3.7,3.5,3.8,3.9,3.2,72.2,27.8,11.1,17.2,20,51.6,21.6,6.5,8.6,19.3,44,ישראל,44,ארצות הברית,14.7,הממלכה המאוחדת,3.9,צרפת,3.8,ארצות הברית,33.4,צרפת,9.5,קנדה,5.9,אחר,51.1,1.6,55.9,58.7,52.8,44.1,41.3,47.2,25,27,23,21,79,2.6,2.9,4.9,1.3,5.4,5.3,36.1,32.3,26.2,4.8,42.9,29.9,22.4,5.8,28.4,35.1,30.6,15.2,18,22.7,6.3,21.4,16.5,16.7,24.6,25.7,1.3,18,13.8,30.1,13.6,10.5,19.2,12,25.2,19.6,67.2,32.8,69.7,30.3,64.5,35.5,84.4,15.6,,80.2,19.8,,89.5,10.5,,38,38.4,37.4,7.5,,,0.6,1.9,,1.9,9.1,3.6,4.5,9.7,2.9,,9.5,1.5,12.5,16.6,12.6,7,4.7,0,,1.5,,,1,3.5,,3.5,11.6,5.3,8.2,9.8,1.1,,7.6,1.7,11.1,14.2,4.5,11.8,3.2,,,2,,,,,,,6.1,1.5,,9.7,5.1,,11.8,1.2,14.2,19.6,22.6,1.1,6.5,0,,0.8,6.8,43.7,15.8,6.2,13.1,,3.5,3.9,1.7,5.2,8.1,41,9.4,7.2,15.3,,6.3,7,1,4.8,5.2,47.1,23.7,5.1,10.4,,,,2.7,5.8,24.7,77,23,69,31,26.7,73.3,30,0.8,29.2,4.3,,1,3.8,5.9,,23,2,13.9,86.1,25,42.1,33,6.3,7.8,42.7,43.2,14.5,41.1,44.4,,10.6,34.8,38.7,15.9,99400,5.1,17.4,9.2,16.3,5.8,12,5.9,11.6,7.6,9.1,92300,,2.7,7.4,11.3,21,15.9,16.3,5.1,3.6,16.8,630,2,43.1,36.7,9.1,3.8,3,1.9,2.4,10.5,15.3,27.4,28.9,16,16.3,11.4,16.4,22.3,דתי/ דתי מאוד,37.9,1.1,37.9,9.3,30.1,15.7,5.9,0.8,32.4,57.2,10.5,14.8,36.3,29.8,9.7,6,1.4,0.6,1.4,48.3,6.4,10.5,0.93,1.4
ירושלים,3000,1438,1438,ותיק,1,מחוז ירושלים,11,נפת ירושלים,111,הרי יהודה,410,"מטרופולין ירושלים, גלעין",120,"יישוב יהודי 500,000 תושבים ומעלה",0,עירייה,ללא שיוך לאשכול,0,,910,,,1049.9,,16.3,29,29,29,1,יהודים,87.9,11,6.2,9.4,6,4.5,4.2,4.7,4.1,2.5,7.4,8.1,9.1,2.7,4,3.4,5,5.8,1.9,63.8,36.2,7.9,14.8,21.2,56.1,32.2,6,5.7,24.1,31.9,ישראל,31.9,ארצות הברית,24.6,צרפת,5.5,הממלכה המאוחדת,4.5,ארצות הברית,44.4,צרפת,7,הממלכה המאוחדת,6.1,אחר,42.5,2.9,28.6,23.8,33.1,71.4,76.2,66.9,24,25,22,12,88,5.5,1.8,4.9,1.8,10.7,2.4,36.6,25.7,35.2,0.5,44.9,19.6,35,5.7,22.8,35.8,35.6,14.4,33.3,22.3,7.9,12.3,9.8,14.7,42.7,25.8,2.7,7.3,6.9,55.6,13.9,17.9,16.5,16.6,20.6,14.6,50.5,49.5,50.9,49.1,49.8,50.2,77.2,22.8,,69.1,30.9,,89.7,10.3,,39.7,45.8,31,11.1,,,,,,2.2,5.3,4.9,5.2,4,1.7,0.9,11.6,2.1,1.2,19.7,25.1,5.5,2.6,6.5,,1.5,,,,,,2.2,6.3,7.8,5.3,1,,1.4,6.4,3.3,0.9,20.7,24.1,4.6,4.2,10.3,,1.5,,,,,,2.4,3.4,,5.2,9.1,4.6,,20.5,,1.6,18,26.6,7.1,,,,1.5,16.7,35.9,13.3,4.4,20.3,,1.4,4.1,,4,24.3,33.5,5.6,,23.3,,2.2,6.5,,4.6,3.9,39.9,26.3,11.7,15.1,,,,,3.1,9,82,18,74.4,25.6,20.7,79.3,21.1,0.4,25,3.3,,,3.4,,18.5,23,5.3,36.4,63.6,52.4,8.3,39.4,,57.1,26.2,16.7,5.1,70,15.5,9.4,9.8,46,27.1,17.1,62400,23.5,7.1,19.7,7.4,3.7,18.4,6.9,2.7,6.8,3.8,91500,,27.7,,18.6,,37.2,12.1,4.3,,,390,2.8,18.3,41.1,11,18.2,4,3.2,4,25.1,33.5,16.4,52.9,9,11,10.7,11.1,27.6,חרדי,46.6,5.4,21.2,46.6,14.8,8.6,3.3,0.9,28.1,49.1,22.8,5.5,15.8,30,37,5.2,2.8,1.9,1.8,65.6,18,24.7,0.94,1.5
ירושלים,3000,1441,1441,ותיק,1,מחוז ירושלים,11,נפת ירושלים,111,הרי יהודה,410,"מטרופולין ירושלים, גלעין",120,"יישוב יהודי 500,000 תושבים ומעלה",0,עירייה,ללא שיוך לאשכול,0,,1160,,,1624,,20.1,42,36,52,1,יהודים,81.4,5.3,6,8.9,5,3.4,1.8,2.8,5.1,7.9,7.1,4.9,5.5,5.2,3.9,1.5,4,7.5,14.2,47.6,52.4,8.3,17.4,20.7,53.6,30.5,7,5.6,33.9,23,ארצות הברית,26.7,ישראל,23,הממלכה המאוחדת,9,פולין,4.8,ארצות הברית,40.4,הממלכה המאוחדת,9.6,צרפת,6.7,אחר,43.3,2.9,43.1,35.2,49.2,56.9,64.8,50.8,24,26,23,9,91,11.6,7.5,4.3,6.1,12.6,5.7,20.6,28.3,45.4,4.1,32.3,30.2,33.4,7.1,10.8,26.6,55.5,11.3,14.3,13.1,11.4,22.6,27.3,13.1,23.6,17.2,11,10.6,24.6,39.1,9.8,6.5,9.7,11.7,32.7,29.7,37,63,45.7,54.3,29.7,70.3,79.4,20.6,,69.1,30.9,,92.2,7.8,,33.9,32.6,35.5,5.7,,,3.8,,,,4.2,0.9,4.5,3.6,1.9,4.9,16.8,1.7,8.7,15.4,19.3,4.6,3.6,0,,6,,,6.6,,,,5.5,1.6,5.1,5.4,1,5.7,20,1.7,10.1,16,12.3,2.1,4.8,,,2,,,,,,,2.5,,3.8,1.2,3,3.7,12.5,1.6,6.8,14.7,28.8,8.1,1.9,0,,11.3,3.6,42,19.2,1.3,21.9,,,3.1,1.6,7.4,5,47.5,20,,17,,,5.4,,5.1,1.6,34.5,18.1,3,28.5,,,,3.8,10.5,10.4,73.1,26.9,70.2,29.8,28.1,71.9,28.3,,22.1,0.9,,,3.5,0.7,3.5,38.2,2.7,61.5,38.5,62.3,27.7,10,,62.1,15.1,22.8,12.4,10,69,8.6,8.4,32.1,51.8,7.7,69500,16,17.2,14.7,7.6,7.6,11.3,10.8,10.1,4,0.8,66900,22.1,3.2,16,3.1,22.1,18.7,6,3,,5.8,440,2.3,33.6,39,13.1,5.2,2.1,2.6,4.4,10.7,14.5,20.6,16.9,13.7,20.3,28.5,7.6,66.4,דתי/ דתי מאוד,54.1,3.2,54.1,20.5,11.4,7.1,3.8,0.6,53.2,43.3,3.5,1.3,15.7,19.1,45.4,15.8,2.6,,,36.2,7,55.6,0.93,1.4
ירושלים,3000,1442,1442,ותיק,1,מחוז ירושלים,11,נפת ירושלים,111,הרי יהודה,410,"מטרופולין ירושלים, גלעין",120,"יישוב יהודי 500,000 תושבים ומעלה",0,עירייה,ללא שיוך לאשכול,0,,1700,,,845.9,,14.8,26,26,27,1,יהודים,89.4,8.8,6.7,16.6,7,2.9,2.7,2.7,2.6,2.4,9.4,6.8,10.9,5.3,3,2.6,3.1,3.2,3.3,68.8,31.2,6.1,12.7,19.2,62,27.3,5.4,2.9,28.1,36.2,ישראל,36.2,ארצות הברית,22.1,הממלכה המאוחדת,5.9,צרפת,5.1,ארצות הברית,41.9,צרפת,9.7,הממלכה המאוחדת,8.1,אחר,40.3,1.9,45.4,47.9,42.5,54.6,52.1,57.5,24,26,23,23.5,76.5,1.3,3.3,2.2,3.6,2.5,5.3,34.1,31,29.6,2.1,45.9,22.9,29.1,8.4,22.6,38.8,30.2,18.8,15.4,25,3.8,23.5,13.5,18.4,16.8,29.5,0.7,21.5,12.9,39.5,19.1,14,20.6,6.9,25.3,14.1,54,46,53.7,46.3,54.2,45.8,78.3,21.7,,68.7,31.3,,86.7,13.3,,27.4,30.4,24.7,,,,,,,0.5,6.7,2.5,5.7,6.1,3.2,2.6,9.8,7.8,7.2,20.9,14.8,5.5,5.6,0.5,,0.6,,,,,,0,4.3,5.3,4.9,4.3,6.8,0.9,9.1,10.1,5.3,22.2,14.3,3.6,9,,,,,,,,,0.9,8.9,,6.5,7.8,,4.1,10.4,5.6,8.8,19.8,15.3,7.3,2.6,0.9,,1.1,6.1,38.3,21.2,2.8,22.8,,,2.5,4,2.3,6.2,31.2,27.9,2.7,19.7,,,5.3,4.8,2.2,6,44.7,15.2,2.9,25.5,,,,3.2,2.4,6.3,78.4,21.6,82.5,17.5,19.4,80.6,37.9,,26.5,1.3,,,0.6,0.7,,33.1,,31.2,68.8,41.1,36,23,15,31.9,35.4,17.7,,75.6,11,13.4,12.1,32.4,47.6,7.9,61100,17.4,17.7,14.9,12.3,17.5,3.5,4.4,5.4,2.9,4.1,64900,25.3,9.1,8.3,2.3,23.8,5.5,8.1,,4.5,13.1,590,2.6,37.3,31.1,10.9,8.3,2.6,1.4,8.3,17.7,25.2,21.2,24.7,26.4,1.9,25.9,20.2,29.2,חילוני,37.6,2.3,21,24.4,37.6,14,0.8,0.8,32.3,63,4.7,11.1,19.2,28.9,18.9,15.3,6.6,,,49.8,10.8,19.8,0.85,1.5
ירושלים,3000,1443,1443,ותיק,1,מחוז ירושלים,11,נפת ירושלים,111,הרי יהודה,410,"מטרופולין ירושלים, גלעין",120,"יישוב יהודי 500,000 תושבים ומעלה",0,עירייה,ללא שיוך לאשכול,0,,3360,,,692.2,,7.9,29,28,29,1,יהודים,91.5,9.2,4.6,12.3,8.3,3.1,2,2.9,2.7,2.5,6.3,4,16.5,8.3,3.3,2.3,3.4,3.5,4.6,69.6,30.4,11,14.9,18.2,55.9,21.1,5.8,2.8,30,40.4,ישראל,40.4,ארצות הברית,16.8,צרפת,5.6,הממלכה המאוחדת,4.5,ארצות הברית,34.2,צרפת,10.6,הממלכה המאוחדת,8.3,אחר,46.8,1.5,57.2,51.2,61.8,42.8,48.8,38.2,25,27,23,30.6,69.4,1.9,2.5,3.4,1.1,3.8,3.7,24.9,38.5,32.9,6.8,27.3,35.7,30.2,1,22.8,41,35.2,11.6,9.7,31,4.8,24.1,18.9,19.3,12.6,27.8,1.2,21.3,17.8,32.9,4.8,7.1,33.7,7.9,26.5,20,67.6,32.4,66,34,69,31,86.3,13.7,,86.7,13.3,,86.1,13.9,,35.7,39.2,33.2,,0.8,,1.6,,,1.6,3.2,0.9,8.5,7.8,1.9,2.9,14.6,3.2,8.8,15.5,16.4,3.4,4.3,1.5,,2.9,,,3.1,,,3.7,1.9,0.8,11,11,3.5,5.2,16.1,2.1,9.5,12.9,11.4,2.5,2.5,0,,3.1,1.5,,0.4,,,,4.2,1,6.6,5.2,0.7,1.2,13.5,4.1,8.1,17.6,20.4,4.2,5.8,2.7,,2.8,2.6,50.1,14.4,3.7,18,1.4,1.2,0.1,2.4,6.2,4.1,48.8,15.9,4.9,13.6,,2.6,0.3,2.4,7.3,1.5,51.1,13.2,2.7,21.4,2.5,,,2.3,5.3,13.3,72.8,27.2,70.9,29.1,28.3,71.7,39,2.1,28.9,2.8,0.7,0.2,0.3,2.7,0.3,22.1,1,20.7,79.3,29.1,36.9,34.1,,24.8,46.3,28.8,5.8,23.1,61.1,10,6.4,46.9,36.1,10.6,73500,21.7,12.4,10.1,9,10.5,6.8,8.7,4,10,6.9,81700,14.8,11.3,6.8,7.3,9.3,13.9,5.1,3.5,15.3,12.8,1530,2.1,45,31.9,9.4,5.2,2.8,3.2,2.4,12.7,17.6,26.8,28.3,14.3,16.9,13.6,14.1,27.2,חילוני,39.4,1.9,32.5,9.2,39.4,12.8,4.2,0.7,33.5,62.4,4.1,13.5,22.3,32.7,21.2,8.5,1,0.6,0.3,50.3,6.8,23.2,0.92,1.5
ירושלים,3000,1444,1444,ותיק,1,מחוז ירושלים,11,נפת ירושלים,111,הרי יהודה,410,"מטרופולין ירושלים, גלעין",120,"יישוב יהודי 500,000 תושבים ומעלה",0,עירייה,ללא שיוך לאשכול,0,,2780,,,522.7,,6.9,30,30,30,1,יהודים,91.4,5,3.4,12.8,7.6,3.4,3,2.5,3.1,3.5,4.1,2.9,19.1,9.8,3.5,3.1,3.3,4.8,5,69.2,30.8,11.5,19.8,23.6,45.1,16.7,5,4.1,30.2,43.9,ישראל,43.9,ארצות הברית,12.3,הממלכה המאוחדת,4.8,צרפת,4.6,ארצות הברית,28.1,צרפת,11,הממלכה המאוחדת,9.4,אחר,51.5,1.4,60.9,55,65.2,39.1,45,34.8,25,27,24,33.2,66.8,1.7,1.4,1.7,0.5,3.6,1.9,21.2,37,39.9,0.8,24,33.5,41.7,2.8,19,39.7,38.6,8.5,6.9,30.3,4.2,24.5,25.6,10.5,7.2,27.7,1.7,24.5,28.3,22.1,6.9,6.6,32.3,6.3,24.5,23.5,71.7,28.3,74,26,69.9,30.1,83.2,16.8,,78.2,21.8,,87.6,12.4,,33.9,35.8,31.9,33.3,,,2.8,,,0.5,3.6,0.3,10,6.5,1.3,0.7,15.4,2.8,10.2,19.8,14.4,1.3,5.5,0.6,,4.1,,,3,,,1.1,5,0.7,8.7,6.8,1.7,0.6,19.1,2.3,10.3,18.3,11.8,0.4,7.9,0.9,,1.5,,,2.7,,,,2.4,,11.1,6.3,1,0.8,12.3,3.3,10.1,21.1,16.7,2.1,3.5,0.3,,6.3,6.1,52.9,12.6,3.2,13.8,0.6,0.8,1.1,1.4,7.4,9,55.8,9.4,1.8,13.1,1.3,0.6,2.3,1.4,5.4,3.7,50.4,15.4,4.4,14.4,,1,,1.5,9.2,13.7,74.5,25.5,78.7,21.3,23.3,76.7,45.1,,30.9,3.9,,,1,,0.9,16.8,1.5,25.1,74.9,22.1,18.5,59.4,9.2,16.4,49,25.4,,16.5,76.9,6.6,9.8,7.4,66.6,16.2,88000,15.2,16.6,8.3,8.9,10.7,7.3,9.7,7.4,6.4,9.5,33400,24.4,25.6,16.9,,5.9,5.6,8.8,,1.6,11.1,1360,1.9,48.1,31.5,9.7,4.6,4.1,1.3,0.6,9.7,13,32.9,29.7,24.4,8.7,4.4,15.7,23.6,חילוני,46.3,3.6,28.5,3.2,46.3,12.7,5.7,0.7,28,65.6,6.4,7.4,23.7,42.8,17.8,6,1.3,0.5,0.5,62.4,14.1,22.2,0.97,1.8
ירושלים,3000,1511,1511,ותיק,1,מחוז ירושלים,11,נפת ירושלים,111,הרי יהודה,410,"מטרופולין ירושלים, גלעין",120,"יישוב יהודי 500,000 תושבים ומעלה",0,עירייה,ללא שיוך לאשכול,0,,4160,,,1440.1,,0.8,21,21,21,1,יהודים,97.2,13.7,9.9,5.3,5.4,4.1,3.6,2.7,2.4,1.9,12.1,11.8,7.3,5.1,4.1,3.2,2.6,2.8,2.2,87.2,12.8,20.2,23.8,30.3,25.7,6.3,7.4,6,16.8,63.6,ישראל,63.6,צרפת,6.8,מרוקו,5.5,ארצות הברית,3.9,צרפת,21.1,מרוקו,12.3,ארצות הברית,10.9,אחר,55.7,3.2,27.3,21.1,32.8,72.7,78.9,67.2,22,23,21,4.2,95.8,1.6,1.6,1.3,2.5,3.3,2.6,64.1,22.4,10.8,3,74.7,12.6,9.8,2.3,55.1,30.9,11.7,23.9,41.1,10.2,8,11.7,5,31.6,46.7,7.8,3.1,6.1,4.8,67.5,17.3,36.3,12.3,12.3,16.7,5.2,56.7,43.3,45,55,66.8,33.2,88.7,11.1,0.2,86.8,13.2,,89.8,9.9,0.3,30.7,33.5,29.1,5.1,,,3.1,,,0.9,11.1,0.7,0.6,4.7,1.4,3.1,7.4,3.9,4.1,32.2,15.8,0.8,5.5,0.8,,4,,,4.4,,,2.4,14.4,0.9,0.6,5,1.9,6.7,4.8,5,6.7,23,11.6,0.5,5.2,,,7,,,2.3,,,,9.1,0.5,0.6,4.5,1.1,1.1,8.9,3.3,2.7,37.6,18.2,1,5.7,1.2,,2.2,3.2,37.5,17.1,8.7,20.7,,2.6,0.6,3.7,5.9,6.1,30,26.6,6.8,9.4,,4,1.5,6.3,9.2,1.6,41.8,11.6,9.8,27.3,,1.8,,2.1,4,8.3,83.3,16.7,78.7,21.3,19.6,80.4,23.6,1,54.8,0.8,,0.7,0.3,0.3,0.9,13.9,3.8,58.4,41.6,36.7,47,16.3,4,40,46.3,9.6,,23.6,69,7.4,5.7,36.4,37.8,20,66500,17.7,18.4,11,10.9,8.9,8.5,7.3,7.4,4.8,5.1,81400,3.7,2.5,20.4,4.3,17.9,25.8,9,9.8,,6.6,930,4.1,12.9,25,12.1,12.1,9.5,8,20.5,38.9,58.4,24,20.2,12.9,12.3,30.5,28.5,19.5,חרדי,71.1,,24.5,71.1,1.4,3,,1.2,54.7,36.6,8.7,1.4,13.4,33.4,38.1,11.3,1.8,0.7,,43.7,8.7,42,0.81,1
ירושלים,3000,1512,1512,ותיק,1,מחוז ירושלים,11,נפת ירושלים,111,הרי יהודה,410,"מטרופולין ירושלים, גלעין",120,"יישוב יהודי 500,000 תושבים ומעלה",0,עירייה,ללא שיוך לאשכול,0,,3590,,,1456.3,,1.3,19,16,20,1,יהודים,98.7,14.9,11.5,5,4.5,4,3.4,2.5,1.2,1.5,13,12.2,8.5,5.4,4,3.2,2.1,1.7,1.4,90.6,9.4,19.1,23.2,23.3,34.4,8.8,4.6,5.7,14.2,66.8,ישראל,66.8,ארצות הברית,6.2,צרפת,4.4,מרוקו,2.8,ארצות הברית,25.2,צרפת,18.9,מרוקו,6,אחר,49.8,3.4,29.5,19.6,37.1,70.5,80.4,62.9,23,24,22,10.3,89.7,1.6,0.3,2,2.1,1.7,3.2,55.5,28.2,13.1,3.7,66.5,18.7,11.1,2.7,46.3,36.2,14.8,23.8,31.6,12.3,11.9,14.2,6.3,28.8,38,9.5,9.4,9.4,4.8,65.1,19.6,26.1,14.7,14,18.1,7.5,57,43,48.1,51.9,64.5,35.5,90.1,9.3,0.5,88.8,10.3,0.9,90.9,8.8,0.3,33,37.1,30.6,12.8,,,0.5,,,1.5,7.8,3.4,2.4,8.5,1.4,1.2,6.4,0.9,7.8,40.1,12.4,1,3,0.6,,1.1,,,0.5,,,3.2,12.2,4.8,6.2,10.6,,2.6,8.3,1.7,11.8,30.1,2.9,0.9,1.7,1.6,,0.8,,,0.4,,,0.4,5,2.5,,7.2,2.3,0.3,5.2,0.4,5.4,46.2,18.3,1,3.9,,,1.3,5,49.4,13,6.9,16.1,,0.2,0.5,4.2,4.7,6,46,13.3,0.9,16,,0.5,1.3,7.7,8.3,4.3,51.4,12.8,10.7,16.3,,,,2,2.5,14.7,84.8,15.2,84.5,15.5,15.4,84.6,22.8,1.5,47.3,3,0.3,0.5,1.7,1.7,1.5,17.4,2.3,28.4,71.6,29.7,35.7,34.6,8.3,58.8,27.3,5.6,8.9,34.7,29.7,26.7,1.5,44.7,39.7,14.2,86400,18.1,12.3,8.2,10.6,13.9,8.4,10.2,4.8,10.4,3,78500,,,29.5,10.3,18.9,16.2,10.4,11.2,3.5,,870,4,16.1,26.2,11.8,10.5,8.6,8.4,18.4,31.4,54.5,24.6,17.3,16.7,12.1,29.3,31.4,17.7,חרדי,61.6,,32.4,61.6,2.4,3.1,0.5,1.2,46.5,44.6,9,7,12.6,34.2,31.5,10.4,2.2,1.5,0.6,39.6,3.9,32.5,0.77,1
ירושלים,3000,1513,1513,ותיק,1,מחוז ירושלים,11,נפת ירושלים,111,הרי יהודה,410,"מטרופולין ירושלים, גלעין",120,"יישוב יהודי 500,000 תושבים ומעלה",0,עירייה,ללא שיוך לאשכול,0,,3160,,,1392.9,,2.1,22,24,21,1,יהודים,97.8,11.5,8.4,7.2,5,3.5,3.2,2.9,2.8,1.3,14.4,11.6,8.2,4.8,3.6,3,3.6,3.4,1.8,87.3,12.7,21.6,33.2,18.7,26.5,8.4,5.6,6.6,17.5,61.9,ישראל,61.9,ארצות הברית,6.3,צרפת,6.2,מרוקו,3.4,צרפת,21.3,ארצות הברית,20.7,מרוקו,7.6,אחר,50.5,3.5,27.5,23.4,31,72.5,76.6,69,23,24,22,8.1,91.9,2.6,1.6,1.7,3.5,4.6,5.4,52.9,29,12.8,2.1,69.2,18.1,10.6,8.2,39.2,38.1,14.6,22.8,33.4,13.9,10.4,12.6,6.9,24,42.6,13.4,5.2,8.7,6.1,68,21.8,25.5,14.4,14.8,16,7.5,54.7,45.3,47.9,52.1,60.4,39.6,93.3,6.7,,91.3,8.7,,94.7,5.3,,31.7,33.4,30.6,7.9,,,1.5,,,2.1,6.7,3.1,4.2,6.8,1.6,1.3,8.6,3.5,6.1,32.5,14.6,0.9,3.3,2,,1.3,,,1.8,,,3.7,4.6,5,9.7,5.8,1.6,1.8,11.4,5,5.9,26.1,9,1.6,3.9,0,,3.1,,,1.3,,,0.9,8.1,1.9,0.3,7.6,1.7,0.9,6.6,2.4,6.3,36.8,18.5,0.4,2.8,3.4,,,2.7,44.4,17.5,7.1,19.2,,0.5,0.9,3.8,4,5.2,39.5,20.7,4.9,15.5,,1.2,2.1,5.8,5.2,0.9,47.8,15.2,8.6,21.8,,,,2.4,3.3,9.6,82.7,17.3,81.3,18.7,18.1,81.9,20.1,2,45.2,0.6,,0.3,2.4,1,0.9,26.1,1.3,49.5,50.5,32.5,44.3,23.1,9.4,52.9,10.5,27.2,4.1,30.6,48.6,16.7,3.5,41.6,39.2,15.7,69300,16.1,17.1,15.8,10.1,9.3,5.4,6,9.9,7.2,3.3,52000,22.6,5.8,13.8,12.7,3.5,14.4,3.3,,14,9.9,870,3.6,22.3,26.5,13.2,8.9,5.7,7.9,15.5,30.5,41.9,20.5,16.5,14.6,17.7,30.7,27.7,30.3,דתי/ דתי מאוד,48.4,,48.4,48.3,,3.3,,1.1,52.5,44,3.5,7.9,15.1,30.6,36.9,7.2,1.5,0.2,0.4,42.6,7.6,46,0.82,1.1
ירושלים,3000,1514,1514+1515,ותיק,1,מחוז ירושלים,11,נפת ירושלים,111,הרי יהודה,410,"מטרופולין ירושלים, גלעין",120,"יישוב יהודי 500,000 תושבים ומעלה",0,עירייה,ללא שיוך לאשכול,0,,3770,,,1511.4,,2.4,17,15,19,1,יהודים,97.9,16.6,13.6,5.7,6.6,3.8,2.3,1.5,1,0.7,13.2,11.8,8.4,5.4,3.9,2,1.8,1,0.7,89.7,10.3,12,18.4,18.2,51.4,7,6.8,4.3,11.3,70.6,ישראל,70.6,צרפת,5.8,ארצות הברית,4.8,מרוקו,4.6,צרפת,30.3,ארצות הברית,19.1,מרוקו,9.8,אחר,40.8,3.4,29.4,24.9,33.5,70.6,75.1,66.5,22,23,22,7.3,92.7,1.4,2.1,2,2.6,3,1.8,63.8,25.5,8.8,1.5,75.8,15.9,6.7,2.1,51.4,35.5,11,24.8,38.6,11.4,11.1,10.3,3.9,26.4,48.4,12.1,4.2,7.1,1.8,66.3,23.1,28.5,10.7,18.3,13.5,6,54.5,45.5,46.3,53.7,63.1,36.9,89.9,10.1,,86,14,,92.8,7.2,,36.6,37.2,36.1,8.8,0.3,,3.1,,,2.9,6.2,5.5,1.7,7.1,4,1.4,7.5,2.5,6.8,26.2,15.4,1.9,5.9,0.7,,0.9,0.7,,4.7,,,4.3,5.4,12.2,0.7,3.9,3.8,2.1,6.2,5,7.1,25.6,10.6,3.8,3.3,0.5,,,,,1.9,,,1.9,6.8,0.4,2.5,9.4,4.1,0.9,8.5,0.6,6.5,26.7,19.1,0.5,7.9,0.8,,1.6,7.4,35.6,23.9,6.2,14.9,0.2,2.2,4.1,1.9,3.7,12.4,31.5,19.1,3.7,14.5,,2.5,9.5,2,4.8,3.6,38.7,27.5,8.1,15.2,0.4,2,,1.7,2.8,6.5,81.8,18.2,75.3,24.7,21.9,78.1,31.8,1.9,35.3,2.9,,,0.2,1.9,1.1,22.8,1.9,47.4,52.6,39.5,31,29.6,7.8,64.3,20.3,7.6,8.4,37.1,25.7,28.9,4.6,42.4,43.6,9.4,83500,13.8,10.2,12.9,11.4,12.3,13.4,7.4,8.3,6.3,4,72600,2.2,26.1,16.9,,5.8,8.5,5.9,7.3,12.4,14.9,830,4.5,14.2,17.9,13.4,6.3,12.5,11.6,24.1,46.8,67.1,22.9,9.4,21,16,30.6,26.5,15.6,חרדי,66.7,2.4,21.5,66.7,2.9,2.9,3.5,1.3,44.3,51.9,3.7,8.1,13.4,20.8,36.3,17.5,1.6,0.9,1.3,55,9.7,54.6,0.74,1.1
ירושלים,3000,1516,1516,ותיק,1,מחוז ירושלים,11,נפת ירושלים,111,הרי יהודה,410,"מטרופולין ירושלים, גלעין",120,"יישוב יהודי 500,000 תושבים ומעלה",0,עירייה,ללא שיוך לאשכול,0,,740,,,1198.4,,1.2,37,37,37,1,יהודים,95.7,7.7,6.9,5.4,5.9,5.1,4.3,4.4,6,2.3,9.4,7.5,3.4,8.1,5.1,4.3,5.9,6.3,1.9,83.1,16.9,28.1,26.7,21.4,23.8,5.8,11.7,11.6,18.7,52.1,ישראל,52.1,מרוקו,6.9,עיראק,4.7,ארצות הברית,3.9,מרוקו,10.4,ארצות הברית,9.7,רומניה,9,אחר,70.9,2.3,37.7,40,35.6,62.3,60,64.4,25,25,24,17,83,,2.9,0.5,0.9,2,0.6,40.3,25.3,33.8,0.6,40.7,28.4,30.3,0.7,39.9,22.2,37.3,15.5,22.7,15,8,18.9,20,16.3,24.3,19.6,10.2,18.9,10.7,10.6,14.8,21.1,10.5,5.7,18.8,29.1,68.8,31.2,66.6,33.4,71,29,82.6,17.4,,82,18,,83.1,16.9,,40.3,44.5,36.9,27.1,1,,5,0.7,,4.2,12.4,2.2,7.7,2.8,5.3,1.4,11.4,1.8,10.2,14.3,7.3,5,5.2,0.6,,1.6,2,,3.1,1.4,,6,10.5,3.8,10.7,4.7,6.1,2.8,15.4,3.8,7.5,8.3,7,2.6,0.9,,,3.3,,,6.7,,,2.4,14.1,0.8,4.8,1.1,4.7,,7.8,,12.7,19.8,7.5,7.3,9.1,1.1,,,10.4,41.3,16,3.1,17.2,0.4,1.1,2.5,1.4,6.6,10.1,41.1,15.9,1.4,13.9,0.9,2.3,5.2,2.8,6.5,10.7,41.6,16.1,4.7,20.4,,,,,6.6,31.6,91,9,87.6,12.4,10.7,89.3,79.8,2.7,5,0.7,,0.5,,0.3,6.6,1.8,2.6,52,48,28,27.6,44.5,,38.9,41,20,,16.7,77.3,6,2.9,6.9,69.7,20.4,157700,6.6,10.5,6.1,2.9,7.9,10.7,5.7,18.4,14.7,16.5,59700,10.6,8.6,6.4,25.6,11,4.7,12.2,3.9,2.5,14.5,310,2.4,35.4,29,10.9,12.3,6.7,4.1,1.5,18,32.8,23.5,47.2,14.2,10.6,4.6,8.5,45.7,חילוני,56.7,1.9,9.7,4.6,56.7,26.6,0.5,0.7,56.3,36.5,7.2,4.2,16.7,27.5,26.4,14,9.6,1.1,0.5,93.1,41.8,68.7,0.95,1.5
ירושלים,3000,1521,1521,ותיק,1,מחוז ירושלים,11,נפת ירושלים,111,הרי יהודה,410,"מטרופולין ירושלים, גלעין",120,"יישוב יהודי 500,000 תושבים ומעלה",0,עירייה,ללא שיוך לאשכול,0,,3130,,,1181.2,,9,28,28,28,1,יהודים,93.7,11.1,7.7,7.5,6.8,3.1,3.3,6.2,4.2,1.5,9.6,8.3,7.1,5.8,2.5,3.3,6.8,3.7,1.5,72.8,27.2,7.5,35.8,26,30.7,24.3,9,4.6,19.6,42.5,ישראל,42.5,ארצות הברית,19.4,צרפת,5.1,מרוקו,4.2,ארצות הברית,42.9,צרפת,8.3,הממלכה המאוחדת,7.8,אחר,41,4,24.6,22.4,26.6,75.4,77.6,73.4,23,24,22,5.9,94.1,4.3,1.5,3.2,1.9,4.8,3.6,46.2,29.6,20.6,3.7,59.6,18,18.6,3.4,33.8,40.3,22.4,20.4,33.7,8.1,15.1,13.2,9.5,23.9,41.4,4.1,11.8,9,9.9,62.8,17.3,26.5,11.9,18,17.1,9.1,50.2,49.8,43.2,56.8,56.6,43.4,87.4,12.6,,86.4,13.6,,88.1,11.9,,36.2,39.5,33.8,4.4,0.4,,3.9,0.4,,2.5,10,,1.6,5.7,1,0.7,11.7,2.8,5.5,26.6,13.3,1.4,7.6,0,,5,0.9,,5.5,0.8,,5.3,10.7,,2.7,5.9,,,14.6,0.8,4.6,28.4,8.9,2.7,4.4,,,3.6,,,2.7,,,0.5,9.4,,0.8,5.6,1.6,1.3,9.6,4.3,6.2,25.3,16.5,0.5,9.8,0,,6.1,4.4,43.1,16.2,7.2,19.5,0.4,2.5,,0.7,6,7.7,52.4,13.3,1.5,13.1,0.9,3.9,,1.6,5.5,2,36.4,18.3,11.3,24.1,,1.5,,,6.4,11.7,80.8,19.2,80,20,19.6,80.4,48.8,1.6,36.8,0.4,1,,0.3,0.9,0.4,9.8,,57.4,42.6,54.4,28.6,17,7.1,50.8,27.6,14.5,8.7,49.6,28.6,13.1,0.9,34.9,52.1,12,78300,14.3,12.6,15.1,10.1,10.5,7.6,7.3,7.3,9.5,5.6,77200,11.1,17.9,7.4,3.1,16.6,14.4,21.8,7.7,,,850,3.5,12.8,28.7,17.5,13.2,9.4,7.9,10.5,27.9,40.7,21.2,19,20.9,19.2,19.7,22.6,36.4,חרדי,67.1,1,28.3,67.1,,2,1.6,0.9,63.8,30.9,5.3,3.5,7.5,13.3,44.9,22.5,6,2,0.3,65,14.5,41.8,0.84,1.4
ירושלים,3000,1522,1522,ותיק,1,מחוז ירושלים,11,נפת ירושלים,111,הרי יהודה,410,"מטרופולין ירושלים, גלעין",120,"יישוב יהודי 500,000 תושבים ומעלה",0,עירייה,ללא שיוך לאשכול,0,,2610,,,1131,,12.2,30,30,29,1,יהודים,91.7,8.9,8.7,7.3,6.3,4.8,4.5,5.6,3.5,1.4,8.3,9.6,6.8,4.3,3.4,4,6.2,4.2,2.1,70.8,29.2,10.6,26.4,30.1,32.9,25.9,10.6,6.2,20.2,37.1,ישראל,37.1,ארצות הברית,21.8,מרוקו,5.3,צרפת,4.2,ארצות הברית,39.2,צרפת,9.3,מרוקו,7.3,אחר,44.2,4.1,34.6,30,38.7,65.4,70,61.3,22,23,21,1.1,98.9,1.5,1.6,1.6,1.4,2.2,3.7,44.5,27.9,23.9,2.7,52.3,20.2,24.8,4.8,36.6,35.7,23,20.1,34,7.8,14.2,16.7,7.1,24.3,38.8,4.7,13.6,15.5,3.2,73.4,16,29.1,11,14.9,17.9,11.1,49.8,50.2,41.9,58.1,57.7,42.3,80.3,19,0.6,78.3,20.3,1.5,81.9,18.1,,32,36.6,29.2,1.9,,,3.7,,,2.2,7,1.3,0.4,9.8,2.8,0.9,12.3,0.9,3.2,32.1,14.1,2.7,3.9,,,2.8,,,4.6,,,5.1,10.3,3,1,13.3,3.7,0.6,9.4,2.1,4.6,32.9,6,0.9,1.9,,,0.6,,,3.1,,,,4.6,,,7.3,2.1,1,14.5,,2.1,31.5,20,3.9,5.4,,,4.4,6.9,47.9,18.5,7.8,11,,1.5,1.7,1.4,3.3,14.3,44.7,16.6,3.7,10,,2.7,3.9,1.2,3,1.5,50.2,20,10.9,11.7,,0.6,,1.6,3.4,9.2,93.3,6.7,87.1,12.9,10.3,89.7,45.6,4.3,34.2,0.5,,2.5,,,,12.2,0.6,72.1,27.9,27.4,35.8,36.8,11.3,51.9,28.9,7.9,18.6,,81.4,,30.3,26.4,29.6,13.7,94400,12,6.6,10,16,10.2,8.9,10.4,10.4,8.1,7.4,82800,15.3,2.2,4.2,8.8,19.2,10.8,13.2,,15.9,10.5,810,3.6,16.7,33.8,6.6,7.1,16.2,5.7,13.9,27.2,44.6,13.6,16.6,30.7,11.9,27.2,20,35.1,חרדי,76.3,,15.4,76.3,5.9,2.4,,0.9,66.9,29.2,3.9,2.1,8.4,25,26.3,30.8,5,0.8,1.4,56.7,8.9,42.1,0.9,1.3
ירושלים,3000,1523,1523,ותיק,1,מחוז ירושלים,11,נפת ירושלים,111,הרי יהודה,410,"מטרופולין ירושלים, גלעין",120,"יישוב יהודי 500,000 תושבים ומעלה",0,עירייה,ללא שיוך לאשכול,0,,3120,,,964.9,,7.9,22,21,23,1,יהודים,94.9,8.7,13.8,14.8,3.7,2.5,4.6,4.2,2.4,0.8,7.2,9,10.6,3.1,2.6,4.7,4.4,1.9,1,79.3,20.7,7.2,29.6,22.9,40.3,18,10.3,3.5,17.8,50.4,ישראל,50.4,ארצות הברית,13.4,מרוקו,6.4,צרפת,5.6,ארצות הברית,35.1,צרפת,15.8,מרוקו,12.8,אחר,36.2,3.7,44.2,49.2,38,55.8,50.8,62,22,23,21,8.4,91.6,1.8,1.4,1.7,1.3,2,4.1,54.5,28.9,12.6,3.6,65.2,15.6,15.5,4.6,44,41.8,9.7,27.8,36.2,7.2,10.6,13.1,5.1,39.5,37.1,2.9,8.4,6.5,5.7,71.7,16.5,35.2,11.3,12.8,19.6,4.6,52.8,47.2,41.3,58.7,64,36,93.3,6.7,,96.2,3.8,,91.6,8.4,,32,33.1,31.4,4.1,,,3.5,,,1.2,5.9,1.1,4.4,2,3.5,0.8,7,2,8.1,36.9,14.6,,7.6,,,1.5,,,4.3,,,1.7,7.6,2.8,4.2,3,1.6,0.8,4.1,4.6,4.9,41.4,10.8,,5.8,,,2.5,,,3.1,,,0.8,4.8,,4.6,1.3,4.7,0.8,8.8,0.4,10,34.2,16.9,,8.7,,,0.9,4.5,41.8,19.2,11.2,13,,2.1,1.2,2.1,4.9,10.1,46.1,15.6,2.2,8.9,,3.5,3.1,4.2,6.3,1.1,39.2,21.3,16.6,15.5,,1.3,,0.9,4.1,8.6,80.9,19.1,82,18,18.4,81.6,24.2,4.9,53,3.4,,0.3,,1.3,1,11.9,,44.5,55.5,30,45.3,24.7,39.6,20.2,27.3,12.9,11,51.2,32.2,5.7,2.1,28.8,37.1,32,84300,14.3,15.5,8.7,10.9,8.9,12,7.9,8.4,9,4.3,37900,17.2,21,25.1,19.5,3.9,,,9.2,,3.9,780,3.3,18.9,26.5,20.1,10.2,8.3,5.2,10.8,27.9,42.6,39.6,22.6,7.8,14.5,15.5,42.9,22,חרדי,86.5,,11.1,86.5,2.3,,,0.9,59.4,32.8,7.8,5.6,8.4,22.1,28.3,29,5.7,,0.8,54.2,11.3,27.7,1,1.2
ירושלים,3000,1524,1524,ותיק,1,מחוז ירושלים,11,נפת ירושלים,111,הרי יהודה,410,"מטרופולין ירושלים, גלעין",120,"יישוב יהודי 500,000 תושבים ומעלה",0,עירייה,ללא שיוך לאשכול,0,,4550,,,1039,,7.9,22,21,23,1,יהודים,94.9,11.3,12.4,11.6,4,3.3,4.4,4.1,2.3,0.7,8.1,10.4,8.8,2.7,4.1,4.9,4,1.8,0.8,79,21,6.7,26.6,29,37.7,22.6,7.3,3.4,20.1,46.6,ישראל,46.6,ארצות הברית,16.8,מרוקו,4.9,הממלכה המאוחדת,4.5,ארצות הברית,34.4,צרפת,9.8,הממלכה המאוחדת,9.3,אחר,46.6,3.8,33,36.1,29.8,67,63.9,70.2,22,23,21,1.7,98.3,1.2,1.2,0.8,0.9,2.2,3,59.7,27.4,9.8,1.9,73.3,15.7,9.2,4.2,44.9,40.4,10.5,32.9,34.4,5.3,14.4,9.8,3.3,45.3,33.4,4.5,9.2,5.4,2.2,79.2,19.2,35.5,6.2,20,14.6,4.5,50.4,49.6,40.5,59.5,61.2,38.8,88.7,10.8,0.5,85.7,13.6,0.7,90.9,8.8,0.4,29.3,29.4,29.1,4,0.4,,4.4,,,1.3,7.4,0.9,1.9,5.4,1.1,2.1,7.3,1.1,3.2,38.4,12.3,2.2,6,0.5,,4,0.9,,7.6,,,1.7,7.5,0.8,3.8,3.9,1.2,3.5,7.3,2.2,2.5,34.2,8.3,2.9,4.9,0.7,,6.1,,,2.1,,,1.1,7.3,1.1,0.5,6.4,1,1,7.3,0.3,3.6,41.5,15.2,1.7,6.9,0.3,,2.5,4.6,42.5,20.9,7.9,16,,1.3,2,1.4,3.3,4.6,42,24.7,4.5,10.2,,1.9,3.7,2.5,5.9,4.7,42.9,18.2,10.3,20.3,,0.9,0.7,0.7,1.4,8.7,80.1,19.9,85.9,14.1,16.6,83.4,34.7,2.4,43.6,0.4,0.2,0.8,0.6,0.2,0.4,16.2,0.5,79.1,20.9,31.3,47.7,21,12,30.1,48.7,9.2,7.3,34.2,43.4,15.2,1.9,51,29.6,17.5,82400,16.1,10.2,11.4,13.6,11.2,9,5.8,9.8,8.5,4.4,76400,12.6,15.3,4.6,10.8,14.8,4.1,9.3,15.8,,12.7,1370,3.6,22.8,22.1,13.8,10.6,10.4,5.6,14.7,26.7,47.5,25,22.1,16.7,11.5,24.6,42.9,17.9,חרדי,91.6,0.7,6.8,91.6,,0.7,0.3,1,53.9,27.3,18.8,4.8,5.2,12.1,31.1,42,3.8,0.5,0.6,60.5,8.4,18,0.88,1.6
ירושלים,3000,1525,1525,ותיק,1,מחוז ירושלים,11,נפת ירושלים,111,הרי יהודה,410,"מטרופולין ירושלים, גלעין",120,"יישוב יהודי 500,000 תושבים ומעלה",0,עירייה,ללא שיוך לאשכול,0,,2740,,,1178.2,,6.6,24,24,24,1,יהודים,95.8,11,9.1,10.6,5.8,3.4,2.4,5,3.2,1,9.9,10.5,6.8,5.1,3.2,3.6,5.1,2.9,1.3,76.8,23.2,10.2,31.7,23.9,34.1,23.8,7.5,3.6,18.5,46.6,ישראל,46.6,ארצות הברית,19.9,צרפת,4.8,מרוקו,4.1,ארצות הברית,44.3,צרפת,10.8,מרוקו,7.3,אחר,37.6,3.4,32.6,32.9,32.3,67.4,67.1,67.7,23,24,22,3.3,96.7,2.2,1.2,1.5,1.1,3.2,3,46.9,31.7,18.4,2.7,57.2,20.6,19.5,3.3,38.2,41,17.5,21.5,33,8.7,11.5,17.8,7.5,29,35.9,7.9,6.7,12.5,8,67,15.2,30.6,9.3,15.5,22.2,7.1,54.6,45.4,52.6,47.4,56.3,43.7,84.6,15.2,0.2,79.3,20.1,0.6,88.5,11.5,,32.7,33.8,32,10,0.3,,3.1,,,1,10.3,0.8,2,8.7,2.3,2.1,19,1.5,6.5,17.7,13,2.4,6,1.6,,1.9,0.6,,4.7,,,1.1,10.9,1.2,4.5,7,1.6,3.5,19.2,3.4,7.6,13.3,6,2.1,10.1,,,3.3,,,1.8,,,0.9,9.9,0.5,,10.2,2.8,1,18.7,,5.6,21.2,18.7,2.6,2.6,2.9,,0.8,7.2,44.5,21.4,4.3,12.4,0.6,2.2,1.5,1.7,4.4,7,40.4,19.4,2,13.4,0.6,4.4,2.6,2.1,8.1,7.3,47.8,22.9,6.2,11.6,0.6,0.4,0.5,1.4,1.3,9.7,77.1,22.9,84.4,15.6,18.9,81.1,44.5,2.4,36.6,0.5,0.5,,0.4,0.5,0.9,12.7,0.9,31.8,68.2,40.6,28.8,30.6,4.2,52.1,38.6,5,,27.1,54.9,18,2.6,29.4,48,20,87200,18.3,10.1,11.1,7.9,10.8,10.1,8,8.9,11.4,3.4,80100,15.1,17.3,1.9,7.2,12.6,9.2,6,5.6,16.6,8.6,660,3.9,8.5,34.2,13.9,7.5,10,10.8,15.1,27.8,46.7,22.8,16.4,18.8,19.6,22.5,31.2,36,חרדי,68.1,,31.3,68.1,,0.3,0.4,1,63.8,30.1,6.2,2.7,10,7.9,54.5,19.2,4.4,0.4,1,64.1,10.8,29.8,0.84,1.4
ירושלים,3000,1613,1613+1611+1612,ותיק,1,מחוז ירושלים,11,נפת ירושלים,111,הרי יהודה,410,"מטרופולין ירושלים, גלעין",120,"יישוב יהודי 500,000 תושבים ומעלה",0,עירייה,ללא שיוך לאשכול,0,,2610,,,1098.8,,1.7,22,21,26,1,יהודים,96.6,10.8,12.7,13,3.6,5.8,4.2,2.3,2.7,0.8,10,9.1,4.1,4.4,6.2,3.8,3.2,2.4,0.9,85.9,14.1,15.2,22.1,29.7,33,3.3,11.8,10,14.5,60.4,ישראל,60.4,מרוקו,8.2,צרפת,7.1,עיראק,4.5,צרפת,24,מרוקו,17.4,רוסיה,11.5,אחר,47.1,2.7,40.8,49.8,28,59.2,50.2,72,24,25,23,8.3,91.7,1.8,1,0.8,0.4,3.1,3.2,57.6,24.6,14.5,2.8,69.5,17.7,10.1,3.8,44.4,32.3,19.5,22.5,20.2,26.8,5.6,17.1,7.9,22.2,28.1,28.3,4.8,11.8,4.9,40.3,22.7,11.5,25.1,6.4,23.1,11.2,66.6,33.4,69.6,30.4,63.2,36.8,93.5,6.2,0.3,92.7,7.3,,94.6,4.8,0.6,29.5,27.4,31.7,14.4,1.8,,3.4,,1.2,0.8,8.1,4.3,2.5,5,1.2,2.1,4.4,3.4,15.5,27.7,12.3,1,2.5,1.1,0.4,1.5,3.2,,4.7,,0.4,1.4,10,7.5,2.6,6.4,0.8,2.9,2.8,5.6,12.3,26.9,6.3,1.8,1.4,,0.8,2.1,,,1.8,,2.1,0.2,5.8,0.5,2.4,3.4,1.6,1.1,6.3,0.7,19.3,28.6,19.4,,3.7,2.4,,0.8,3.8,32.3,15,11.6,16.7,2.1,3.4,3.2,5.3,6.6,6.2,20.5,14,12.1,14.2,3.8,6.3,5.7,9.2,8.1,0.9,46.4,16.1,11.1,19.6,,,0.2,0.7,4.9,7.9,82.9,17.1,81,19,18,82,60,3.5,17.5,0.6,,,1.6,2.7,1.5,12.4,0.2,40.1,59.9,43.6,14.5,41.9,9.3,36.1,24.9,29.8,6.3,12.8,42.5,38.5,1.1,13.5,57.2,28.1,99400,23.6,6.2,6.1,9,7.4,6.8,13.4,12,11.1,4.3,73300,10.1,,11.2,7.6,24.4,16.6,10.4,3.7,,16.2,740,3.3,25.9,23.1,12,11.5,10.4,8.7,8.5,22.1,41.4,23.8,27,11.8,19.1,18.2,31.3,23.7,דתי/ דתי מאוד,51.7,1,51.7,5,11.3,29.7,1.3,0.9,61.8,31.2,7,3.1,16.6,15.2,47.4,15.9,1.5,0.3,,73.5,27.1,92.4,0.98,1.4
ירושלים,3000,1614,1614,ותיק,1,מחוז ירושלים,11,נפת ירושלים,111,הרי יהודה,410,"מטרופולין ירושלים, גלעין",120,"יישוב יהודי 500,000 תושבים ומעלה",0,עירייה,ללא שיוך לאשכול,0,,3550,,,1019.5,,1.1,25,23,27,1,יהודים,97.8,11.5,11.2,8.4,5.3,4.7,4.9,3.2,2.2,0.8,9.4,8.9,6.8,5.2,5.3,5.2,3.5,2.4,1.2,81.2,18.8,13.3,20.7,25.9,40.1,3.7,13.3,9.3,21.7,51.9,ישראל,51.9,צרפת,12.6,מרוקו,7.9,עיראק,4.2,צרפת,35.5,מרוקו,11,ארצות הברית,6.9,אחר,46.6,2.5,36.7,36.2,37.1,63.3,63.8,62.9,24,25,23,3,97,1.8,2.8,1.6,1.8,4.6,5.4,56,24.5,14.1,6.4,61.7,18,13.9,4.4,50.3,30.9,14.4,21.9,23.5,24.2,8.3,13.8,8.3,24.7,24.3,25.2,7.9,11.7,6.1,24.8,19.1,22.7,23.1,8.7,15.9,10.4,69.3,30.7,69.1,30.9,69.4,30.6,90.6,9.2,0.3,87.1,12.3,0.6,93.7,6.3,,34.9,39.5,30.4,26.8,0.7,,4,0.3,0.8,1.1,8.9,4.4,6.7,6.2,2,0.8,5.2,6.4,15.7,17.5,11.9,1,2,1,0.3,3.1,0.5,,5.8,0.6,0.8,1.6,7.5,8.3,7.4,9.5,1.8,1.6,5.1,8.8,18.7,11.6,3.3,1.1,0.3,1.5,,4.1,0.9,,2.3,,0.9,0.7,10.2,0.7,6.1,2.9,2.1,,5.4,4.1,12.8,23.3,20.1,0.8,3.6,0.5,0.6,2.1,5.1,27.6,12.6,8.9,23.4,,2.3,5,5.8,9.4,8.4,23.6,7.9,4.2,23,,3.6,10.2,6.6,12.5,1.9,31.4,17.2,13.3,23.8,,1,,5,6.5,16.5,89.3,10.7,82.7,17.3,14.1,85.9,60,2.4,28.5,0.6,0.6,,0.2,1.8,1.1,4.5,0.2,25.9,74.1,34.7,24.3,40.9,4.5,29.3,46.9,19.3,,31.2,30.8,37.9,1.1,10.4,56.5,32,97800,13.4,8.6,9.1,12.4,10.4,8.4,11.2,10,8.1,8.4,76000,10.3,13.2,11.6,9,9.5,12.7,9.9,3.3,13.6,6.7,950,3.7,15.1,25.5,11,12.4,15.1,8,13,24.6,47.4,19.6,24.9,26,12.1,17.4,32.2,24.1,דתי/ דתי מאוד,50.9,0.8,50.9,7.3,10.1,30.5,0.4,0.9,68.3,27.2,4.5,,6.6,21.1,47.5,18.8,4.8,1.2,,77,27.3,89.1,0.9,1.4
ירושלים,3000,1615,1615,ותיק,1,מחוז ירושלים,11,נפת ירושלים,111,הרי יהודה,410,"מטרופולין ירושלים, גלעין",120,"יישוב יהודי 500,000 תושבים ומעלה",0,עירייה,ללא שיוך לאשכול,0,,4170,,,1230.6,,0.9,20,19,21,1,יהודים,98.8,12.2,13.5,6.1,4.3,6.6,3.9,2.4,1.7,0.4,10.5,12.1,5.4,5.1,7.4,3.5,2.5,1.8,0.4,84.4,15.6,8.6,22.3,20.1,49,3.9,11.8,9,18.6,56.7,ישראל,56.7,צרפת,13.8,מרוקו,7.8,עיראק,4.3,צרפת,46.5,מרוקו,12.2,אלג'יריה,6.1,אחר,35.2,2.6,33.7,32.2,35.1,66.3,67.8,64.9,24,25,23,2.5,97.5,1,0.7,1.5,0.8,2.4,6.4,53.9,24.9,14.8,7.1,59.1,21.5,12.3,5.7,48.7,28.3,17.3,25.2,22.7,22.8,6.4,15.2,7.7,30.7,21.7,24.4,6.2,10.1,7,21.7,19.7,23.8,21.1,6.6,20.4,8.4,69.7,30.3,68.7,31.3,70.7,29.3,88,12,,82.3,17.7,,93.2,6.8,,38.4,41.6,35.6,18.4,0.3,,2.3,0.2,0.4,1.9,9.8,4.6,7.2,3.6,4.1,0.4,3.3,6,19.7,16.7,9.3,1.4,3,0.2,0.4,5.1,0.5,,4.7,0.4,0.4,3.4,13.1,5.6,9.9,5.7,3,0.4,2.9,9,20.6,7.7,2.8,2.1,2.8,,0.8,4.1,,,,,0.5,0.4,6.6,3.5,4.7,1.6,5.2,0.4,3.7,3,18.8,25.5,15.6,0.8,3.3,0.4,,6.2,5.6,24.4,20.6,11.5,22.5,,3.6,3.2,3.2,5.5,8.3,21.2,16.3,4.9,24.6,,6.9,6.5,4.8,6.6,2.9,27.6,24.8,18,20.4,,0.3,,1.6,4.4,8.3,86.6,13.4,86.2,13.8,13.6,86.4,64.7,3,27.3,0.2,,0.2,,1.4,0.3,2.4,0.4,57.3,42.7,32.8,35.5,31.7,,37.4,45.8,16.7,,33.1,39.9,27.1,2.2,7.9,60.3,29.6,119200,11.1,9.5,6.1,5.9,10.7,10.7,10,15.8,12.5,7.6,87600,11.9,14.9,9.4,4.8,7.3,11.9,4.4,15.5,11.2,8.6,970,4.3,11.8,15,10.8,14.3,21.8,12.6,13.8,30.9,63.5,18.4,21.4,27.9,16.7,15.7,28.8,18.9,דתי/ דתי מאוד,44.9,,44.9,6,15.9,31.1,2.2,1,73.5,23.7,2.8,2.4,,18.7,45.3,29.1,3.6,0.9,,82.9,40.3,93.2,0.84,1.6
ירושלים,3000,1616,1616,ותיק,1,מחוז ירושלים,11,נפת ירושלים,111,הרי יהודה,410,"מטרופולין ירושלים, גלעין",120,"יישוב יהודי 500,000 תושבים ומעלה",0,עירייה,ללא שיוך לאשכול,0,,5920,,,1091.3,,0.8,24,23,25,1,יהודים,98.7,10,11.3,6.7,5.3,5.3,4.4,2.9,2.3,0.7,10.1,11.5,6.6,5.6,6.6,3.9,3.6,2.5,0.9,83.5,16.5,16.4,21.9,22.4,39.4,3.8,15.1,11.4,16.5,53.3,ישראל,53.3,צרפת,11.2,מרוקו,10.9,עיראק,5.1,צרפת,34.9,מרוקו,18.7,ארצות הברית,6.5,אחר,40,2.3,37,35,38.8,63,65,61.2,24,26,23,3.5,96.5,2.7,0.8,2.3,1.2,4.9,3.5,57.2,24.4,14.9,2.3,60.9,22.8,14,4.7,53.8,25.8,15.7,22.5,22.9,22.2,6.9,15.8,9.7,25.4,24.8,20,8.1,11.7,10.1,17.9,19.7,21.2,24.1,5.9,19.6,9.4,71.5,28.5,70.6,29.4,72.3,27.7,88.8,11.1,0.1,84.1,15.6,0.3,93,7,,39.6,44.3,35.2,22.2,,,2.3,0.3,0.6,3.2,12.7,4.7,4.4,4.4,2.5,1.2,5.9,5.5,19.1,14.4,11.8,1.6,2.3,0.4,,2.7,,,3.8,0.6,0.3,5.5,13.7,9.1,6.1,8.4,2.3,1.6,6.9,8.4,17,7.1,2.7,1.1,2.2,0.2,,3.1,,,1,,0.8,1,11.7,0.6,2.8,0.6,2.7,0.8,4.9,2.7,21,21.3,20.4,2.1,2.4,0.7,,2.3,5.5,23.9,20,7.8,24.4,,4.8,5.2,1.8,6.7,8.2,21,12.9,5.9,21.4,,9.5,10.7,2.1,8.3,2.9,26.6,26.7,9.6,27.3,,0.3,,1.5,5.2,7.2,85,15,87.3,12.7,13.8,86.2,67.9,1.4,24.2,0.4,,,0.1,1.1,1.1,3.1,0.6,49.1,50.9,36.3,29.2,34.5,12.1,23.5,38.5,25.9,2,17.9,47,33.1,,8.9,53.1,38,110800,10.7,10.8,8.1,9.6,7.9,9.1,13.8,12.6,11.6,5.8,69700,14.2,8,8.8,16.3,2.9,8,3.7,14.6,7.1,16.3,1560,3.8,15.3,20,12.6,13.4,18.5,9.7,10.4,25.6,54.4,27.4,23.5,23.1,12.7,13.3,30.1,23,דתי/ דתי מאוד,45.9,0.7,45.9,7.5,12.1,31.8,2.1,0.9,69,24.2,6.8,0.7,3,17.6,46.8,28.3,3.3,0.3,,82,45.7,92,0.89,1.4
ירושלים,3000,1617,1617,ותיק,1,מחוז ירושלים,11,נפת ירושלים,111,הרי יהודה,410,"מטרופולין ירושלים, גלעין",120,"יישוב יהודי 500,000 תושבים ומעלה",0,עירייה,ללא שיוך לאשכול,0,,5600,,,1108.6,,1.1,22,21,22,1,יהודים,97.8,11.9,11.4,3.6,6.3,7.2,4,2.1,1.2,0.4,11.6,11.5,6,6.9,7.6,3.4,2.9,1.5,0.5,86.8,13.2,10.3,19.6,23.8,46.3,2.3,13.8,10.7,14.4,58.7,ישראל,58.7,מרוקו,9.8,צרפת,8.9,עיראק,4.6,צרפת,35.5,מרוקו,15.2,ארצות הברית,5.3,אחר,44,2.3,34.4,28.5,39.5,65.6,71.5,60.5,25,26,24,2.6,97.4,2.4,1.1,1.8,1.2,3.4,3,62.2,22.5,12.3,2.9,66.4,21.2,9.5,3,58.7,23.6,14.7,22.9,26.9,24.1,5.5,13.7,6.9,29.3,28,18.4,7.7,10.4,6.2,11.7,17.4,26,28.9,3.7,16.5,7.5,75.4,24.6,74.2,25.8,76.4,23.6,87.3,12.7,,79.1,20.9,,93.9,6.1,,37.7,41.7,34.6,19.8,,,4.5,0.1,0.6,2.5,11.5,4.8,7,3.3,3.8,1.6,4.3,4.8,23.8,9.9,7.6,2.7,3.5,1.2,,2.5,,,6.8,0.3,1.4,5.2,13,8.7,8.8,3.9,3.2,0.9,4.8,4,22.1,3,4,3.1,2.1,,,4.6,,,2.6,,,0.2,10.2,1.6,5.5,2.7,4.3,2.1,4,5.4,25.2,15.5,10.6,2.4,4.6,2.1,,0.8,6.8,16.7,20.8,13.3,24.8,,4.6,3,3.3,6.7,13.3,13.9,15.8,5.2,24.5,,9.1,6.7,3.4,8.1,1.4,19,25,20,25,,0.8,,3.2,5.5,8.4,86.8,13.2,91.3,8.7,10.6,89.4,71.8,2.5,17.6,0.1,0.2,0.6,0.2,2.3,2.3,2.3,,19.4,80.6,33.9,38.1,28,11,18.4,41.9,28.8,,9.9,69.8,20.4,2.3,8.3,61.9,27.5,117200,9.3,9.2,9.9,7.7,9.9,9.7,10.7,14.4,15.2,4.1,110900,6.5,7.2,6.7,8.1,8.7,12.4,11.2,21.7,9,8.5,1470,3.8,17.4,16.8,11.2,13,19.6,14.1,7.8,28.4,60.8,18.6,25.3,31.1,17.2,7.8,23.8,16.9,מסורתי,38.7,0.3,33.4,5,21.3,38.7,1.3,0.9,72,21.9,6.1,0.9,1.6,10.6,52.3,31.7,3,,,89.7,51.4,93.8,0.9,1.4
ירושלים,3000,1618,1618,ותיק,1,מחוז ירושלים,11,נפת ירושלים,111,הרי יהודה,410,"מטרופולין ירושלים, גלעין",120,"יישוב יהודי 500,000 תושבים ומעלה",0,עירייה,ללא שיוך לאשכול,0,,3660,,,1137.1,,0.2,20,19,22,1,יהודים,99.2,17.1,8.1,4.3,9.4,5.6,2.4,1.8,0.9,0.3,15.7,8.1,5,10.8,4.5,2.9,1.9,0.9,0.3,90.5,9.5,10.4,17.4,21.8,50.4,1.8,12.6,8.7,10.5,66.4,ישראל,66.4,מרוקו,8.9,צרפת,6.6,עיראק,4.5,צרפת,37.2,מרוקו,12.5,אתיופיה,10.4,אחר,39.9,2.5,26.3,24,28.6,73.7,76,71.4,25,27,24,7,93,0.8,0.6,1.3,0.6,2.1,1.6,60.9,23.4,14.1,2.4,61.1,25.5,11,0.9,60.8,21.5,16.9,15.4,34.9,19.8,5.1,17,7.7,15.8,41,17.8,6.4,12.8,6.1,15.5,15,29.2,21.7,3.9,20.9,9.2,84.1,15.9,87.5,12.5,80.9,19.1,91,9,,88.1,11.9,,93.7,6.3,,40.4,42.5,38.4,26.7,,,5.6,0.6,1.4,3.1,13.3,4.3,5.3,4.3,4,0.9,4.6,4.3,22.8,9.8,7.7,1.5,3.8,0,,2.8,,,7.5,1.1,2,6,17.4,8,6,5,3.1,0.9,3.5,5.9,20.5,3.2,2.4,2.6,3.6,,,1.4,,,3.6,,0.9,0.3,9.2,0.5,4.5,3.7,4.9,0.9,5.6,2.7,25.2,16.3,13.1,0.4,4,0,,4.2,3.6,20.3,18.8,13.8,19.9,,4.4,6.2,4,8.9,5.4,16,17.6,9.7,15.7,,8,12.5,4,11,1.8,24.6,20,17.9,24.1,,0.8,,4.1,6.8,11.8,90,10,83.1,16.9,13.5,86.5,74.6,1.8,15.7,0.6,,,0.2,2.7,2.3,1.2,1.1,9.7,90.3,7.5,20.2,72.3,4.2,39.3,48.6,7.9,,13.8,77.4,8.8,1.6,7.2,72.9,18.3,126800,7.3,7.3,9.7,7.1,6.6,13.7,15.9,14.2,12.3,6,75000,,6.3,9.4,19.1,18.9,4.7,16.8,6,13,5.8,930,4,12.6,14,13.3,14.3,25.1,14.2,6.4,48,64.4,12.6,25.8,33.5,19,9.1,15.7,13.9,מסורתי,37.8,1.4,29.1,4.9,23.7,37.8,3.1,1,71.9,25.1,3,0.9,0.8,18.6,58,19.4,1.9,,0.3,91.6,53.8,98.4,0.85,1.3
ירושלים,3000,1711,1711,ותיק,1,מחוז ירושלים,11,נפת ירושלים,111,הרי יהודה,410,"מטרופולין ירושלים, גלעין",120,"יישוב יהודי 500,000 תושבים ומעלה",0,עירייה,ללא שיוך לאשכול,0,,3530,,,1121.9,,6.7,24,24,25,1,יהודים,93.9,9.6,9.6,12.8,4.3,3.1,2.8,3.2,2.8,2.4,8.1,9.7,9.1,4.7,4.3,3.2,2.6,3,4.6,69.3,30.7,13.3,18.3,15.2,53.3,8.5,13.4,6.3,29.7,42.1,ישראל,42.1,צרפת,18.4,מרוקו,7.4,ארצות הברית,5.7,צרפת,37.3,ארצות הברית,11.2,מרוקו,9.8,אחר,41.6,2.7,42,41.8,42.2,58,58.2,57.8,23,24,22,14.2,85.8,2.5,0.8,2.6,1.5,4.7,2.2,44.1,31.9,21.9,0.8,51.3,24.8,23.1,3.4,37.9,37.8,20.8,20.9,20.3,21.5,11.5,15.3,10.7,24.3,23.4,25.6,7.3,7.6,11.7,55.7,17.9,17.5,17.9,15.1,21.9,9.8,54,46,53.5,46.5,54.4,45.6,88.5,11.5,,80.7,19.3,,94.3,5.7,,31.2,30.8,31.4,7.5,,,3,,,2,8.3,1.6,1.5,4.2,1.3,3,7.1,4.7,7.6,21.2,23.3,1.2,6.2,0.6,0.5,2.5,,,4,,,4.1,13.5,3.7,2.4,6.2,1.5,6.2,8,6.8,12.2,12.9,7.1,2.4,7.7,,0.6,0.8,,,2.3,,,0.5,4.4,,0.8,2.7,1.2,0.5,6.4,3.1,4.1,27.5,35.6,0.4,5.1,1.1,0.5,3.8,6.9,38.8,15.9,10.4,20.6,,1.2,2.4,0.3,3.3,5.9,35.9,16.1,9,20.7,,1.8,5.5,0.8,4.3,7.7,41.1,15.8,11.5,20.5,,0.8,,,2.6,8.9,86.6,13.4,70.1,29.9,22.7,77.3,47.3,2.7,27.3,0.3,0.3,,0.9,1.8,1,13.5,4.8,31.9,68.1,39.5,40.9,19.6,27.5,34.7,34,3.8,16.4,36.6,47,,2.4,13.2,66.8,17.6,82400,16.1,13.8,13,8,8.1,9.7,10.3,6.8,8.4,5.8,59500,13.8,11.3,12.9,13.7,2.3,7,16.8,22.1,,,970,3.5,5.5,39.8,15.2,10.9,11,9.6,8,33.3,50.9,31.1,30,15.3,9.9,13.7,31.9,27.4,חרדי,47.7,1.3,41.5,47.7,6.3,3.1,,1.1,44.3,46.1,9.6,5.3,15,27.4,26.3,22.1,3.1,0.5,0.2,62.5,15.3,67.8,0.85,1.4
ירושלים,3000,1712,1712+1713,ותיק,1,מחוז ירושלים,11,נפת ירושלים,111,הרי יהודה,410,"מטרופולין ירושלים, גלעין",120,"יישוב יהודי 500,000 תושבים ומעלה",0,עירייה,ללא שיוך לאשכול,0,,4300,,,1441.6,,3.8,20,17,21,1,יהודים,96.9,15.8,9.7,6.2,5.5,3.9,2.5,1.9,1.7,1.4,14.1,10.1,8.3,6,3.9,2.5,1.9,2.2,2.2,78.1,21.9,8.8,15.1,20.6,55.5,9.8,7.3,4.9,30.9,47.1,ישראל,47.1,צרפת,19.9,ארצות הברית,5.3,מרוקו,5,צרפת,44.4,ארצות הברית,9.1,מרוקו,7.3,אחר,39.2,3,28.1,19.9,34.4,71.9,80.1,65.6,23,23,21,6.3,93.7,1.5,0.1,2.1,1.1,3.1,3.9,50.4,28.1,17.6,2.8,62.2,15.7,19.3,4.9,39.3,39.8,16.1,28,29.8,9.8,11.7,13.7,7,36.7,34.7,7,6.2,9,6.4,65.9,19.7,25.2,12.5,16.9,18.2,7.5,49.2,50.8,36,64,61.6,38.4,88.3,11.7,,84,16,,90.5,9.5,,33.6,35.8,32.6,2.3,,,2.3,,,2.5,5.9,1.9,1.8,7.8,2.4,1.1,6.9,2.1,8.1,25.6,22,1.7,5.6,,,2.4,,,3.8,,,5.7,5,3.2,2.1,8.5,5.5,1.5,5,3,10.1,20.4,11.7,1.8,9.2,,,3.6,,,1.6,,,0.7,6.4,1.2,1.7,7.4,0.8,0.8,7.9,1.6,7,28.3,27.6,1.7,3.6,,,1.7,3.2,42.4,15.6,7.3,19.2,,4.9,0.8,0.8,5.9,6.2,40.6,14.8,5.7,10.5,,10.3,2.2,,9.8,1.6,43.3,16,8.2,23.9,,1.9,,1.2,3.9,8.5,80.3,19.7,73.7,26.3,24,76,34.6,3.7,35,0.3,0.3,0.5,0.6,2.8,0.3,13,9,57.5,42.5,36.2,49.2,14.6,12.5,61.5,20.6,5.4,,35.3,53.6,11.1,7.6,50.6,33.5,8.3,97200,13.9,9.9,11.1,9.6,9.6,7.5,11.5,13.4,10.1,3.4,49300,11.1,24.1,15.2,6.9,10.6,3.8,6.2,8.9,11.4,1.8,1130,4.2,15.5,26.9,8.4,6.6,8.4,12.3,21.9,42.4,57.5,17.4,12.9,14.8,20.9,34,22.5,24.6,חרדי,64,1,22.9,64,7.2,4.1,0.8,1.2,51.5,39.9,8.5,1.8,11.9,31.6,38.8,12.7,2.2,0.7,0.4,51.9,5.2,47.9,0.75,1.2
ירושלים,3000,1714,1714,ותיק,1,מחוז ירושלים,11,נפת ירושלים,111,הרי יהודה,410,"מטרופולין ירושלים, גלעין",120,"יישוב יהודי 500,000 תושבים ומעלה",0,עירייה,ללא שיוך לאשכול,0,,5040,,,1642.4,,4.4,21,20,23,1,יהודים,95.8,13.2,10.8,9.3,4.3,3.4,2.5,2.1,2.2,2.5,12.7,9.6,6.2,4.7,2.8,2.5,2.5,4.2,4.6,75.3,24.7,7,17.6,31.5,43.9,12.6,6.3,3.2,27.9,50,ישראל,50,צרפת,9.8,ארגנטינה,5.2,ארצות הברית,5,צרפת,21.4,רוסיה,13,ארגנטינה,11.1,אחר,54.4,3.6,39,39.5,38.5,61,60.5,61.5,23,24,22,4,96,1.4,1.2,1.1,1.4,3.7,4.1,50.4,28.8,16.7,3.6,62.8,13.8,19.8,4.7,38.4,43.3,13.6,24.9,33.1,8.4,13.6,13.9,6.1,32.2,40,5.9,8.8,6.3,6.7,66.6,17.8,26.3,10.8,18.2,21.3,5.5,45.2,54.8,34,66,56.1,43.9,85.7,14.3,,83.4,16.6,,87.1,12.9,,28.7,33.6,26.4,5.2,,,0.7,,,1.8,7.4,0.2,1.6,8.9,1.2,0.9,8.2,2.5,4.1,38.4,14.2,1.9,5.4,0.2,,2.4,,,0.6,,,3.4,8.6,0.6,2.4,4.9,2.4,2.6,13.8,1.6,6.4,31.8,11.5,4.2,2.5,,,2.9,,,0.8,,,0.8,6.8,,1.2,11.2,0.5,,5,3,2.8,42.1,15.7,0.6,7,0.3,,2.2,4,51.7,18,6.3,13.3,,1,0.3,2.2,3.2,9.3,47.2,22.3,3.1,9.3,,0.8,0.8,3.8,3.3,1,54.2,15.6,8.2,15.5,,1.1,,1.3,3.1,10.4,80.5,19.5,79.3,20.7,20.3,79.7,25.4,1.9,40.9,0.5,,0.2,0.4,,0.6,21.7,8.3,86.5,13.5,40.5,50.4,9.1,5,76.2,18.8,,12.6,34.6,47.2,5.7,8.5,43.9,36.7,10.8,78500,18,13.8,11.8,10.2,8.1,10,12.2,4.4,6,5.6,68000,4.4,7.3,19.2,13.8,10,10.4,6.8,13.4,10.1,4.5,1140,3.9,16.2,30.2,10,6.4,7.8,10.7,18.7,36.7,50.9,23.6,11.3,13.1,18.8,33.2,28,31.2,חרדי,83.1,,14.9,83.1,0.9,0.4,0.7,1.1,50.8,41.7,7.5,0.8,10.4,34.1,36.9,14.5,2.5,0.8,,44.6,5.8,40.5,0.84,1.1
ירושלים,3000,1715,1715,ותיק,1,מחוז ירושלים,11,נפת ירושלים,111,הרי יהודה,410,"מטרופולין ירושלים, גלעין",120,"יישוב יהודי 500,000 תושבים ומעלה",0,עירייה,ללא שיוך לאשכול,0,,5890,,,1238.6,,3.3,20,20,19,1,יהודים,97.7,11.2,17.6,18.7,4.6,2.7,1.7,1.9,1.4,0.9,11.7,8,5.5,4.1,3,2.3,1.6,1.7,1.4,82.9,17.1,7.9,16.3,14.9,60.8,12.7,6.8,3.5,20.9,56.2,ישראל,56.2,צרפת,9.5,ארצות הברית,5.8,מרוקו,4.5,צרפת,32.3,ארצות הברית,12.9,ארגנטינה,12.1,אחר,42.7,3.5,55.2,67.9,29,44.8,32.1,71,23,23,21,8.5,91.5,2.6,,2.6,2.9,5.1,6.1,52.1,29.5,12.3,3.9,62.5,23.2,10.4,8.6,40.2,36.7,14.4,21.3,40,7.6,12.9,12.5,5.6,21.3,48.3,5.9,9.8,10.2,4.6,71.4,21.4,30.6,9.7,16.5,15.2,6.7,49.7,50.3,43.3,56.7,57,43,90.1,8.5,1.4,83.8,13.1,3,95.3,4.7,,32.3,35,30.4,6.9,,,5.5,,,2.2,5.7,1,1.8,7.1,3.5,0.6,8.6,5,5.5,30,14.2,0.7,7,0.6,,1.1,,,11.2,,,4.9,6.6,1.9,3.3,7.5,1.4,0.5,6.7,5.4,6.2,23.5,10.2,,9.6,0,,1.1,,,0.7,,,,4.9,0.3,0.5,6.8,5.1,0.7,10.2,4.7,5,35.4,17.5,1.3,4.8,1,,1,4.5,42.9,19.3,10.6,13.8,,2.7,0.2,1.5,4.5,7.6,38.9,20.6,5.3,11.3,,5.9,0.5,2,8,2,46.2,18.2,15.1,15.9,,,,1,1.5,7.6,80.6,19.4,88.8,11.2,15,85,32.2,1.3,32.7,0.2,0.5,1.1,1.6,0.6,0.9,19.6,9.3,67.8,32.2,29.6,56.7,13.7,3.9,53.9,31.6,10.6,9.7,49.2,26,15.1,9.5,39.6,40.6,10.3,86600,15.5,5.8,13.7,12.6,14.5,8.5,8.9,8.8,7.8,3.9,73600,16,3.3,9.6,12.4,14,,7,7.5,5.1,25,1380,3.5,29.8,18.2,11,6.1,10.7,11.3,13,31.1,46.1,15.6,13.5,23,22.4,25.6,36.1,19.6,חרדי,70.9,1,16.4,70.9,0.8,8.8,2.1,1,50.9,39.6,9.5,5,14.7,20.6,33.3,20.3,2.3,0.9,2.9,56.7,10.8,52.5,0.99,1.3
ירושלים,3000,1716,1716,ותיק,1,מחוז ירושלים,11,נפת ירושלים,111,הרי יהודה,410,"מטרופולין ירושלים, גלעין",120,"יישוב יהודי 500,000 תושבים ומעלה",0,עירייה,ללא שיוך לאשכול,0,,5580,,,1303.4,,9,20,20,19,1,יהודים,94,12.4,12.1,11.5,4.7,3.6,3,2.3,1.7,1,13.1,11,7.2,4.6,3.6,2.8,2.4,1.7,1.3,75.6,24.4,5,16.3,17,61.7,14.2,7.1,3.7,27.3,47.7,ישראל,47.7,צרפת,15.7,ארצות הברית,4.9,מרוקו,4.6,צרפת,35,ארצות הברית,10.3,ארגנטינה,9.2,אחר,45.5,3.3,30.4,35,25.3,69.6,65,74.7,22,23,21,8.9,91.1,2.9,1.2,2.6,1.2,3.7,3.3,54,24.8,17.8,2,65.2,13.6,19.3,4.7,43,35.9,16.4,25,29.1,18.9,9.8,10,7.2,30.1,32.6,21,4.3,5.5,6.5,71.1,20,25.7,16.7,15.2,14.6,7.8,44.7,55.3,32.2,67.8,57.2,42.8,85,15,,89.1,10.9,,82.8,17.2,,32.1,33.4,31.4,5.1,,,0.6,,,1.8,6.4,1.4,1.1,6.9,2.2,1.9,9.7,2.5,4.6,33.1,15.3,1.5,5.5,0.8,,4.6,,,1.1,,,2.6,10.4,3.4,1.6,3.3,1.4,3,9.6,1.6,5.7,31.7,6.8,2.9,7.2,2.3,,5.4,,,0.3,,,1.3,4.3,0.3,0.9,8.9,2.7,1.2,9.7,3,4,33.9,20,0.7,4.5,0,,4.2,4.3,44.5,16,8.7,15.6,,1.1,1.5,2.1,6.1,7.2,35.8,15.9,5.5,13.6,,1.5,4.3,5.5,10.8,2.8,49.4,16,10.4,16.7,,0.9,,0.3,3.6,6.7,76.1,23.9,75.4,24.6,24.3,75.7,38.6,2.8,31.3,,,,0.4,2.3,0.2,17.2,7.2,60.6,39.4,55,26.6,18.4,17.7,43.3,28.6,10.5,20.3,57.6,14.4,7.7,11.1,48.9,30.8,9.2,90500,10.4,12.9,10.3,12.9,10.5,9,12,11.4,7.3,3.4,59600,12.9,15.8,10.9,20.8,12.2,5.3,8.9,5.4,8,,1430,4.2,12.2,21.2,10.4,16.3,13.9,9.3,16.6,49,65.7,19.3,23.5,21.5,12.6,23.1,21.9,20.1,חרדי,80.9,2.6,15.4,80.9,0.8,0.3,,1.1,52.7,43.5,3.8,1.8,12.1,23.9,29.9,25.8,6,,0.4,55.7,9.7,63.9,0.82,1.2
ירושלים,3000,1721,1721,ותיק,1,מחוז ירושלים,11,נפת ירושלים,111,הרי יהודה,410,"מטרופולין ירושלים, גלעין",120,"יישוב יהודי 500,000 תושבים ומעלה",0,עירייה,ללא שיוך לאשכול,0,,2120,,,989.6,,2.8,37,32,43,1,יהודים,94.9,6.2,8.7,9.2,6,4.6,4.3,4.9,4.2,3.2,5.7,6.9,6,4.3,5.8,5.3,5.5,5.3,3.8,76.8,23.2,25.8,25.8,22.2,26.3,5.3,8.7,10.9,28.5,46.6,ישראל,46.6,צרפת,6.5,מרוקו,6.4,עיראק,5.2,צרפת,18.2,רוסיה,11.2,מרוקו,9.2,אחר,61.4,2,39.8,40.4,39.2,60.2,59.6,60.8,25,27,24,4.8,95.2,3.8,1.5,1,0.2,4.9,2.7,39.3,27.5,30.5,1.8,42.7,26.6,28.9,3.6,36.1,28.3,32,16.3,15.3,20,8.6,22.9,17,14.8,19.5,22,6.1,25,12.6,9.5,17.6,11.5,18.1,10.9,21,20.9,62.8,37.2,68.4,31.6,57.8,42.2,82.7,17.1,0.2,76.7,23.3,,89.3,10.3,0.4,40.6,43.7,38,23.6,0.5,,3.7,0.3,,1.3,10.9,3.7,5.6,5.4,2.6,1.6,7.8,3.3,16.6,18.1,10.1,2.2,3.5,1.4,,1.5,,,5.1,0.6,,0.5,12.8,6.4,4.4,8.2,1.5,2.4,9.9,2.3,13.5,15.3,10.7,2.3,1.6,0.7,,1.8,1,,2.2,,,2.2,8.9,0.7,6.8,2.4,3.8,0.6,5.6,4.4,19.9,21.2,9.5,2,5.5,2.2,,1.2,6.7,37.3,18.6,5.1,15.7,0.7,2.1,4.2,2.2,7.4,7.3,39.6,17.6,1.1,16,0.7,3.3,6.4,1.7,6.3,6,34.8,19.7,9.4,15.5,0.8,0.7,1.7,2.8,8.6,14,79.9,20.1,85.9,14.1,17.3,82.7,74.4,3.6,10.6,,,,1.9,2.9,2.3,2.1,2.1,60.2,39.8,33.9,32.9,33.2,7.1,21.1,59.3,12.4,,15.3,44.5,40.2,,4.4,63.8,31.7,124100,14.3,4.7,11,8.9,4.8,9.4,8.4,11.7,15.1,11.7,70300,8.3,5.3,14.4,14.7,10.2,7.7,4.6,10.3,13.3,11,790,2.8,24,29.2,17.6,13.9,10,2.9,2.3,17.9,34.6,46.1,24.7,20.5,5.6,3.1,28.2,39.1,חילוני,51.3,2.7,11.6,7.2,51.3,22,5.2,0.7,60.4,33.3,6.4,3.5,6,22.6,36.6,15.7,5.1,4,6.4,80.8,36,53.4,0.95,1.6
ירושלים,3000,1722,1722,ותיק,1,מחוז ירושלים,11,נפת ירושלים,111,הרי יהודה,410,"מטרופולין ירושלים, גלעין",120,"יישוב יהודי 500,000 תושבים ומעלה",0,עירייה,ללא שיוך לאשכול,0,,2600,,,1126.8,,2.2,35,35,35,1,יהודים,95.3,8.4,4.1,6,5.3,3.9,3,4.9,4.8,2.6,10.7,5.8,7.8,6.2,5.2,4.6,6.5,7.2,3,71.3,28.7,14.3,20.6,22.7,42.4,5.3,9.3,10.4,36.1,38.9,ישראל,38.9,צרפת,14.7,מרוקו,6.4,עיראק,4.7,צרפת,31.7,רוסיה,10.5,מרוקו,9.6,אחר,48.3,2.1,38,28.6,45.1,62,71.4,54.9,24,25,23,5.3,94.7,1.5,0.7,2.6,1.5,4,4.7,35.4,28.8,31.1,2.7,40.6,25.6,31.1,6.4,31.2,31.4,31,19.9,16.9,16.9,10,16.9,19.4,25.8,21,15.7,6.3,16.1,15.1,25.2,15,13.4,17.9,13.1,17.6,23,59.3,40.7,65.7,34.3,54.1,45.9,82.9,17.1,,75.6,24.4,,90.2,9.8,,38.1,37.7,38.5,33.1,,,6.5,0.9,,0.9,9,5.2,2.3,5.9,2.4,1.7,9.1,3.7,14.5,13.9,10.5,6.3,2.8,0,,4.4,,,11.4,1.8,,,9.3,8.4,2.4,7.2,1.7,3.5,9.9,5.5,9.4,9.4,5.6,5.5,2.1,,,6.9,,,1.7,,,1.7,8.8,2.1,2.2,4.7,3,,8.3,2,19.4,18.4,15.3,7,3.5,0,,1.9,7.8,34.9,15.7,7.1,12.8,,6.6,5.4,2.2,7.6,8.1,29.5,13.2,6.3,9.6,,10.1,10.9,2.4,9.8,7.4,40.1,18.2,7.8,15.9,,3.2,,2,5.4,10.4,82.7,17.3,81.1,18.9,18.1,81.9,71.1,4.1,16.9,0.5,0.9,0.7,0.5,1.3,0.4,1.4,2.2,60.3,39.7,30.3,48.9,20.8,6.5,30.7,47.3,15.5,8.1,42.3,39.4,10.2,,12.9,69.9,17.2,115900,10.5,8.6,9.8,12.5,6,7,11,11.4,15.6,7.7,101200,12.1,,20.1,,16.5,2.3,8.7,6.1,6,28.2,1090,2.8,23.7,31.7,13.8,16,6.3,7.2,1.3,29.2,39.2,33,31.7,13.6,18.5,3.3,16.7,39.8,חילוני,40.2,0.4,11,20,40.2,23.5,4.8,0.8,65.4,30.3,4.3,,3.9,51.4,27,14.5,2.7,,0.6,81.4,28,62.5,0.95,1.5
ירושלים,3000,1723,1723,ותיק,1,מחוז ירושלים,11,נפת ירושלים,111,הרי יהודה,410,"מטרופולין ירושלים, גלעין",120,"יישוב יהודי 500,000 תושבים ומעלה",0,עירייה,ללא שיוך לאשכול,0,,3620,,,1270.3,,2.8,31,32,30,1,יהודים,96.9,8.6,9.3,5.1,4.6,4.4,4.3,5.2,4.9,1.9,8.8,10.1,6.9,3.7,5.5,4.8,5.9,4.6,1.4,71.7,28.3,14.6,18.3,16.8,50.2,6.1,10.4,10.9,32.2,40.5,ישראל,40.5,צרפת,18.3,מרוקו,7.5,עיראק,4.4,צרפת,39.4,מרוקו,11,ארצות הברית,6.1,אחר,43.5,2.4,28,25.2,30.6,72,74.8,69.4,24,26,23,5.2,94.8,2.3,2.2,2,2.3,3.7,3.3,47.2,27.4,22,5,51.6,25,18.5,1.8,43.2,29.7,25.3,21.4,20.4,18.4,9.5,14,16.2,27.7,22.3,17,9.4,10.5,13.1,22.6,15.6,18.7,19.8,9.6,17.2,19.1,60.7,39.3,63.5,36.5,58.1,41.9,84.8,15.2,,80.1,19.9,,89.3,10.7,,41.2,40.7,41.8,11.4,,,2.6,1.2,,4.4,8.1,3.4,2.9,6.9,2.8,1.8,8.4,2.2,17.7,14.7,13.2,2.9,3.9,0.2,,2.7,,,4.8,,,8.7,10.2,6.7,3.3,6.8,2.4,2.1,7.6,3.3,16.9,12.3,6.2,1.5,3.7,,,3.5,,,0.4,2.4,,,6,,2.5,7,3.1,1.5,9.2,1,18.6,17.2,20.4,4.4,4.1,0.3,,1.9,11.9,35.8,15.7,3.3,13.5,0.2,3.5,2.5,0.5,13.1,16.3,30.1,12.2,1.1,13.5,0.5,7,4.9,1.1,13.4,7.3,41.6,19.3,5.6,13.4,,,,,12.7,12.8,74.8,25.2,78.8,21.2,23.2,76.8,71.6,2.4,17.1,0.6,0,,1.3,0.8,0.9,2.1,3.2,50.2,49.8,44,35.5,20.5,4.2,40.3,28.4,27,,3.2,53.6,43.2,1.2,18.9,45.7,34.2,126300,9.3,7.3,6.7,8.2,7.4,11.9,9.4,10.6,11.2,18,75200,18.6,3.6,15.5,5.6,15.8,10.3,2.2,6.4,10.3,11.8,1090,3.2,14.7,38.2,11.4,9.3,11.5,7.8,7,21.8,40.9,30.7,23,21.9,12.3,12.1,23.5,37.8,חילוני,36.6,1.1,12.4,23.8,36.6,23.1,3.1,0.8,69.5,25.1,5.4,3,7.5,16.2,42.4,28.1,1.9,0.7,0.2,83.3,36,55.8,0.89,1.5
ירושלים,3000,1724,1724,ותיק,1,מחוז ירושלים,11,נפת ירושלים,111,הרי יהודה,410,"מטרופולין ירושלים, גלעין",120,"יישוב יהודי 500,000 תושבים ומעלה",0,עירייה,ללא שיוך לאשכול,0,,2720,,,1074.8,,2.8,34,32,36,1,יהודים,94.8,9.3,7.6,6.3,6.8,3.6,4.3,5.2,4.5,2.4,8.2,6.6,6.4,6.2,5.3,4.1,5.8,5.2,2.4,66.9,33.1,14,16,18,52,3.9,13.2,11.9,34.6,36.4,ישראל,36.4,צרפת,19.7,מרוקו,8.6,עיראק,4.5,צרפת,39.1,מרוקו,11.3,ארצות הברית,5.4,אחר,44.3,2.3,38.5,36.6,40.3,61.5,63.4,59.7,24,25,22,3.7,96.3,1.9,2.5,2.2,0.9,4,4.6,46.8,23.9,24.7,3.6,52.4,18.8,25.2,5.7,41,29.2,24.1,19.8,20.6,21.1,9.5,16.8,12.2,22.7,23.2,21.3,8.2,13.4,11.2,15.9,16.6,17.9,20.8,10.9,20.4,13.3,61.5,38.5,60.4,39.6,62.7,37.3,81.1,18.9,,76.6,23.4,,85.9,14.1,,39.3,42.6,36.2,14.3,,,4.8,0.3,,4.1,13.5,2.5,9,6.2,3.4,6,6.7,6.8,13.1,8.3,7.3,2.3,2.9,,,2.9,,,6.8,0.7,,6.4,10.4,3.8,13.1,8.1,5.2,6.8,7.2,10.1,9.6,3,4.4,,2.3,,,2.1,,,2.6,,,1.7,16.7,1.2,4.7,4.3,1.5,5.1,6.1,3.4,16.6,13.8,10.2,4.7,3.6,,,3.8,10.3,27.6,19.4,7.7,22.3,0.3,3.9,0.9,1.5,6.2,15.5,24.2,17.8,7.6,18.3,0.5,6.2,1.9,1.8,6.3,4.8,31.2,21.1,7.7,26.5,,1.5,,1.1,6.1,15,85.3,14.7,85.2,14.8,14.8,85.2,71,6,11.8,,0.3,2.2,1,1.5,1.2,4.7,0.3,33.1,66.9,46.9,25,28.1,11.9,25.1,54.8,8.2,,24,42.9,33.1,2.8,30.4,45.1,21.6,120000,6.6,6.6,8.3,11.2,12.1,7.6,7.6,10.3,15.6,14.1,90300,17.1,10.5,9.5,6.8,2.9,17.5,9.9,1.5,13.9,10.5,950,3,20.9,32,12.4,11.9,8.9,9.4,4.4,23.5,37.7,32,19.5,17.1,21.2,10.2,16.3,39.8,מסורתי,33.9,,25.9,14,25,33.9,1.2,0.7,51.5,42,6.4,2.9,7.1,13.9,49.5,20.9,3.8,0.7,1.2,87.3,40,84.9,0.9,1.4
ירושלים,3000,1811,1811,ותיק,1,מחוז ירושלים,11,נפת ירושלים,111,הרי יהודה,410,"מטרופולין ירושלים, גלעין",120,"יישוב יהודי 500,000 תושבים ומעלה",0,עירייה,ללא שיוך לאשכול,0,,3160,,,1543.5,,4.1,49,45,53,1,יהודים,92.9,7.4,6.2,3.6,3.8,4.7,3.8,5.7,7.3,5.1,6.1,5.7,2.8,4.6,5.4,4.4,7.7,10.4,5.2,61.1,38.9,22.7,22.4,15.7,39.3,14.3,14.2,15.1,24,32.3,ישראל,32.3,ארצות הברית,10.6,מרוקו,8.9,עיראק,7.5,ארצות הברית,21.8,צרפת,12.4,מרוקו,11.8,אחר,53.9,2.3,34.4,27.3,40.4,65.6,72.7,59.6,25,26,23,3.2,96.8,5.5,5.9,5.6,4.9,8.9,9.3,33.1,27.2,30.4,5.6,37,26.8,30.5,12.5,29.7,27.6,30.2,25.5,10.2,17.5,8.5,20.1,18.3,26.3,13.3,16.9,8,16.8,18.6,8.5,24.8,7.5,18,8.9,22.9,17.9,52,48,54.6,45.4,49.7,50.3,83.3,16.7,,81.5,18.5,,84.9,15.1,,37.8,39.8,36.1,16.6,0.3,,3.4,,1.2,2.8,4.6,2.1,4.3,6.6,3.1,2.1,8,1.6,19.7,12.5,16.2,5.2,2.5,0,0.2,3.8,0.6,,5.2,,1.3,4.6,7,4.2,4.7,10.1,5.1,3.8,8.1,2.8,18,9.5,6.6,2.1,2,,0.3,3.8,,,1.6,,1,1.1,2.3,,3.9,3.2,1.2,0.5,7.8,0.4,21.4,15.3,25.3,8.1,3,0,,3.8,9.5,30.2,21.6,6.7,12.4,,2.2,2.2,3.3,11.9,12.2,27.1,17.8,6.9,10.4,,4.5,4.5,5,11.6,6.9,33.2,25.2,6.5,14.3,,,,1.7,12.3,9.1,89.7,10.3,86.7,13.3,11.9,88.1,69.9,4.8,14.5,3.5,,,0.5,,0.2,6.6,,56.1,43.9,45.5,37.4,17.1,,37.1,49.5,13.4,4.2,12,72.4,11.4,,12.2,59.4,28.4,152300,11.1,4,9.8,4.5,7.4,3.9,11.3,15.7,19.8,12.8,55200,10.6,3.9,19.6,18.1,7.4,6.9,2,8.1,2.2,21.2,1280,2.4,23.1,48,10.3,8,6.6,2.9,1.1,11.9,26.7,29.5,39.5,19.2,9.1,2.7,8.5,56.1,מסורתי,35.3,2.9,26.3,0.8,31.1,35.3,3.6,0.7,71.6,22.2,6.1,1.3,8.5,36.2,45.8,6.8,1.3,0.2,,74.4,25.2,96.7,0.9,1.4
ירושלים,3000,1812,1812,ותיק,1,מחוז ירושלים,11,נפת ירושלים,111,הרי יהודה,410,"מטרופולין ירושלים, גלעין",120,"יישוב יהודי 500,000 תושבים ומעלה",0,עירייה,ללא שיוך לאשכול,0,,4860,,,1022.4,,4.8,36,33,38,1,יהודים,92,8.6,7.6,5.8,5.6,5.5,4,4.5,3.9,2.3,8.2,6.2,5.9,7,6.6,4.4,5.2,5.2,3.5,64.1,35.9,12.1,22.5,22.1,43.3,19.3,10.3,8.3,28.8,33.4,ישראל,33.4,ארצות הברית,14.9,צרפת,10.8,מרוקו,5.2,ארצות הברית,27.1,צרפת,19.9,מרוקו,5.8,אחר,47.2,2,42.4,35.6,48,57.6,64.4,52,25,26,23,9.2,90.8,3.9,2,2.3,2.5,5.1,7,38.9,21.6,32.4,4.1,47.8,18.5,29.6,9.6,31.3,24.3,34.8,20.7,14.7,19.2,5.4,16,24.1,21.3,20.5,18.1,6.2,11.2,22.6,20.4,20.1,9.7,20.1,4.7,20.1,25.3,63.1,36.9,68.1,31.9,58.9,41.1,80,20,,75,25,,84.8,15.2,,37.8,39.5,36.2,21.7,,,1.2,,0.3,1.3,6.5,3.3,3.8,9.1,3.4,0.6,10,4.3,12.1,16.9,13.3,4.9,3.4,0,0.2,5.3,,,2.6,,0.7,2.3,10.4,5.8,4.8,12.4,4.6,0.8,9.3,6.1,11.8,13.2,3.2,3.5,2.5,,,6.1,,,,,,0.5,2.8,1,2.8,6,2.2,0.4,10.6,2.6,12.5,20.3,22.7,6.2,4.3,0,0.5,4.6,3.6,42,12,5.9,18.1,0.2,1.2,2.6,1.8,12.6,4.2,37.6,11.1,3.5,19.3,0.5,2.4,5.4,2.9,13.1,3.1,46.1,12.7,8.2,17,,,,0.8,12.1,6.8,83.2,16.8,83.3,16.7,16.7,83.3,51.5,3.7,29.2,1.9,0.2,,0.8,1.1,1.3,10.5,,45.6,54.4,29.6,41,29.3,7.2,28.2,52.5,12.1,1.8,25.2,57.4,15.6,,12.5,68.4,19,112900,12.2,5.8,9.2,11.5,8.7,13.4,9.2,11.3,11.7,7.1,87600,8.9,19,9.1,5.5,4.7,12.9,15.3,9.8,9.4,5.4,1870,2.5,32.6,32.6,11.3,10.2,8.2,3.8,1.2,16.6,32.7,36.3,31.9,19.1,9.6,3.1,16.3,38.5,דתי/ דתי מאוד,34,0.8,34,3.8,26.6,30.3,4.5,0.7,53.5,41.6,4.9,2.9,10.1,42.9,36.2,5.4,1,1.4,,63.5,20.1,61.8,0.91,1.4
ירושלים,3000,1814,1814,ותיק,1,מחוז ירושלים,11,נפת ירושלים,111,הרי יהודה,410,"מטרופולין ירושלים, גלעין",120,"יישוב יהודי 500,000 תושבים ומעלה",0,עירייה,ללא שיוך לאשכול,0,,4500,,,1065.8,,1.6,35,32,37,1,יהודים,96.2,8.2,9,6.8,4.4,5.9,4.8,5,4.7,1.3,7.9,7.4,5.9,5.2,5.5,5.1,6.6,4.8,1.8,69.9,30.1,12.8,22.8,18.9,45.4,16.7,11.5,9.4,24.5,37.9,ישראל,37.9,ארצות הברית,12.1,צרפת,8.9,מרוקו,6.5,ארצות הברית,27.4,צרפת,18.3,מרוקו,6.9,אחר,47.3,2.3,34.6,32.3,36.7,65.4,67.7,63.3,26,27,25,7.6,92.4,1.6,0.5,1.3,1.8,3.2,2,42.5,25.3,30.2,2.8,44.6,23.9,28.7,1.2,40.4,26.6,31.7,14.8,19.3,19,7,18.4,21.5,17,18.6,19.5,7.9,17.4,19.6,13.1,12.7,20,18.5,6.2,19.4,23.3,66.1,33.9,66.8,33.2,65.4,34.6,81.7,18.1,0.2,77.9,21.7,0.4,85.4,14.6,,37.5,41.5,33.7,12.7,,,4.8,,,2.3,5.9,1.3,4.5,6.3,2.8,1.5,11.4,4.5,15.7,13.2,14.6,3.7,4.1,0,0.2,3.1,,,5.3,,,3.9,6.4,1.9,7.2,8.9,3.7,2.8,13.4,5.7,14.5,9.3,9.6,3.1,0.5,0,,3.8,,,4.4,,,0.7,5.4,0.8,1.9,3.9,1.9,0.3,9.5,3.3,16.8,17,19.4,4.3,7.5,,0.4,2.5,8.8,39.7,17.1,6.6,16.7,,2.6,1.3,0.1,7.1,13.8,39.1,13.9,2.2,16.6,,4.6,2.7,,7,4,40.3,20.1,10.9,16.8,,0.7,,0.1,7.1,9.6,78.2,21.8,80.4,19.6,20.7,79.3,67.2,1.5,18.9,3.1,,,1,1.6,1.1,5.1,0.5,34.9,65.1,38.6,29.8,31.6,,19.1,63.4,17.5,,19.4,55.4,25.3,,7.9,63.9,28.2,142400,9.4,7.4,6.5,8.2,6.5,5.3,14.4,9.7,18.8,13.7,94800,16,7.3,1.6,7.3,8.1,16,3,8.4,7.2,25,1560,2.8,23.7,33.4,10.3,13.8,11,5,2.7,17,37,27.7,33.4,23.5,10.5,5,18.8,37.1,דתי/ דתי מאוד,39.7,1.5,39.7,3.1,29.7,24.5,1.5,0.7,56.5,40.4,3.1,0.6,9.8,23.3,36.3,22.6,5.4,0.6,1.4,83.4,34.8,81.8,0.93,1.8
ירושלים,3000,1815,1815,ותיק,1,מחוז ירושלים,11,נפת ירושלים,111,הרי יהודה,410,"מטרופולין ירושלים, גלעין",120,"יישוב יהודי 500,000 תושבים ומעלה",0,עירייה,ללא שיוך לאשכול,0,,2750,,,694.9,,10.9,30,28,32,1,יהודים,77.9,7.3,6.5,12.3,6.9,4.8,3.8,4,2.3,1.8,7,5.8,9.9,7.8,4.6,4.5,5.1,3.6,1.9,57.3,42.7,6.2,10,39.9,43.9,5.9,35.4,7.2,23.5,28,ישראל,28,אתיופיה,23.5,צרפת,9.1,מרוקו,8.6,אתיופיה,35.4,צרפת,15.4,רוסיה,10.6,אחר,38.6,1.7,51.8,50.2,53.1,48.2,49.8,46.9,24,25,23,4.8,95.2,5.2,2.5,4.1,5.4,6.5,8.6,58.4,20.2,12.8,6.4,65.5,19.8,8.4,10.6,52.1,20.6,16.7,33.4,27.9,15.8,5.6,10,7.3,37.5,29.5,14.7,8.2,6,4.1,19.9,29.8,26.5,16.8,3.3,13.4,10.1,62.9,37.1,66.6,33.4,59.6,40.4,93,7,,91.8,8.2,,94,6,,36.5,39.2,34.1,9.2,,,3.7,,0.3,3.3,8.6,2.7,10.6,4.6,2.7,1.5,5.3,17.6,6.3,8.7,12.6,2.5,2.9,0.4,,5.8,,,7.5,,0.6,5.8,6.5,5.4,12.4,2.2,0.7,3,3.5,21.7,9.2,4.2,4.6,4.3,1.6,,,6.8,,,,,,0.8,10.6,,8.8,7,4.6,,7.1,13.5,3.4,13,20.5,0.8,4.2,0.7,,4.8,1.9,18.6,11.7,7.5,36.4,,2.8,3.1,9.9,8.1,2.9,13.9,11.7,0.7,35.9,,4.7,6.3,15.9,7.8,1,23.2,11.7,14.1,36.9,,0.8,,4,8.4,9.7,82.1,17.9,79.1,20.9,19.4,80.6,35.1,1.8,40.6,2,,,1,3.2,0.7,14.6,1,28.5,71.5,22,42.8,35.2,8.8,26.1,48.5,16.6,4.7,26.6,45.2,23.6,8.3,25.6,44.5,21.6,81300,15.6,10.4,12.2,14,13,7.7,11.6,7.1,4.6,3.8,75300,9.8,6.7,5.8,16.5,17.6,15.1,,,28.5,,1000,2.4,33.1,33.2,14.6,7.4,4.8,3,3.9,15,26.5,42.6,23.4,14.6,15.3,4,24.9,24.6,מסורתי,38.8,1.7,26.2,3,27.9,38.8,2.3,0.9,41.4,52.6,6,7.7,17.1,40.4,32.1,1.8,0.9,,,46.2,7.3,40.2,0.9,0.9
ירושלים,3000,1816,1816,ותיק,1,מחוז ירושלים,11,נפת ירושלים,111,הרי יהודה,410,"מטרופולין ירושלים, גלעין",120,"יישוב יהודי 500,000 תושבים ומעלה",0,עירייה,ללא שיוך לאשכול,0,,1200,,,1002,,5.1,28,26,29,1,יהודים,90,11.8,6.4,7.9,4.5,5.8,3.6,3.1,2.4,1.4,12.9,6.1,8.9,5.9,5.8,3.9,3.8,3.5,2.3,64.4,35.6,8,11.9,21,59.1,15.5,13.6,7.3,28.2,35.3,ישראל,35.3,צרפת,18.4,ארצות הברית,11.6,מרוקו,6.1,צרפת,34.8,ארצות הברית,20.8,מרוקו,7,אחר,37.5,2.2,36.2,33.5,38.3,63.8,66.5,61.7,24,25,24,3.8,96.2,1.9,,3.5,1.9,6.6,2.1,46.2,26.2,25.5,2.6,50.9,22.7,23.9,1.6,42.2,29.3,26.9,19.5,20.5,22,5.5,17.1,15.4,23.6,20.1,18.5,4.2,18.2,15.4,16.6,16,20.9,24.9,6.6,16.1,15.4,70.8,29.2,80.5,19.5,62.6,37.4,89.8,10.2,,87.1,12.9,,92.6,7.4,,35.7,36.8,34.6,25.1,,,3.7,,0.8,1.7,6,7.2,1.2,10.4,6.1,1.5,7,5.4,17.7,14.7,7.8,1.7,3.4,1.7,,2,,,7.2,,,3.2,4.6,12.7,,11.3,3.7,1.8,8.4,7.9,13.5,9.8,3.9,0.9,3.9,3.2,,3.9,,,,,1.6,,7.4,1.3,2.6,9.3,8.7,1.1,5.6,2.9,22.1,20,11.9,2.5,2.9,,,,3.1,35,15.5,10.8,12.5,,3.3,7.1,5,7.6,4.9,29.5,13.9,,15.8,,6.5,13.8,6.5,9,1.1,40.9,17.1,22.4,9,,,,3.4,6.1,12.2,76.2,23.8,91,9,16.6,83.4,47.9,5.7,26.9,0.7,,,0.8,2.5,0.8,13.4,1.2,44.5,55.5,24.3,42.9,32.8,,29.3,54.2,16.5,,28.5,39.8,31.6,2.3,27.9,38,31.8,118400,11.3,7.6,8.7,9.3,11.9,3.1,8.1,12.2,16.7,11,62500,6.4,16,6.9,20.8,10.5,25.7,,,13.7,,380,3,25,26.5,11.2,13.6,14.4,4.8,4.4,28.2,47.2,33.9,25.3,25.1,10,5.7,17.6,29.8,דתי/ דתי מאוד,51.4,,51.4,,26.6,19.4,2.7,0.9,57.2,32.8,10,1.8,9.7,32.1,40.9,14.3,1.2,,,61.5,23.9,91.4,0.93,1.7
ירושלים,3000,1818,1818+1817,ותיק,1,מחוז ירושלים,11,נפת ירושלים,111,הרי יהודה,410,"מטרופולין ירושלים, גלעין",120,"יישוב יהודי 500,000 תושבים ומעלה",0,עירייה,ללא שיוך לאשכול,0,,3030,,,1194.5,,2.9,32,28,37,1,יהודים,89.6,9.6,9.4,8.3,7.7,3.6,3.4,4.6,3.9,2.6,7.9,6.5,3.8,6.8,3.9,3.6,5.1,5,4.4,61.2,38.8,15.3,14.7,18.5,51.5,15.4,13.7,10.3,28,32.6,ישראל,32.6,צרפת,16,ארצות הברית,12.3,מרוקו,7.2,צרפת,26.2,ארצות הברית,20,מרוקו,10.5,אחר,43.3,2.6,39.2,41,37.2,60.8,59,62.8,24,26,23,3.5,96.5,0.5,1.9,2.7,0.7,1.8,6.3,42.9,25.7,25.1,4.6,46.2,24,25.2,8,39.7,27.4,24.9,19.4,19.4,17.5,6.7,22.3,14.8,21,13.6,25.6,7.3,19.5,13,28.4,17.9,24.8,9.8,6.1,25,16.5,58.8,41.2,66.7,33.3,51.4,48.6,82.2,17.4,0.4,83.1,16.2,0.7,81.2,18.8,,37.6,37.8,37.2,16.5,,,5.3,,0.3,0.7,7.1,2.7,3.8,6.8,4.4,1.7,10.6,5.4,10,17.7,13.6,1.5,4.5,0.4,0.6,3.1,,,9.1,,0.5,1.3,8.9,4.6,4.2,9.2,6.6,1.2,12.9,7.9,8.6,10.1,4,2.7,1.7,,1.1,5.3,,,0.8,,,,4.9,0.5,3.3,4,1.8,2.3,8,2.3,11.7,26.6,24.7,,7.7,0.8,,0.5,5.1,40.7,13.2,9.5,14.3,,4,3.2,1.3,8.6,5.8,30.7,8.5,8.4,17,,7.5,6,2.4,13.7,4.3,52.4,18.7,10.9,11.2,,,,,2.6,14.8,81.4,18.6,84.4,15.6,17.3,82.7,55.8,1.4,13.9,3.3,,0.6,1.1,1.8,2.1,16.2,3.7,54.7,45.3,42.6,21.2,36.2,33.4,31.5,35.1,,,21.2,65.9,12.9,5.7,28.7,52.5,13.1,135800,12.1,6.6,8.6,9.7,4.7,6.6,13.5,12.7,13.9,11.6,62700,7.7,25.1,15.8,4.4,7.7,4,9.1,13.8,4.5,7.8,960,3.1,19.5,29.6,14.6,15.1,8.7,10.2,2.3,31.1,43.5,26.2,29.2,18.8,22.9,2.9,17.1,34.3,דתי/ דתי מאוד,52.5,1.3,52.5,10.4,9.4,24.3,2.2,0.9,49.9,43,7.1,0.8,11.5,31.8,35.5,17.1,2.9,0.3,,67.3,19.1,77.1,0.9,1.5
ירושלים,3000,1821,1821,ותיק,1,מחוז ירושלים,11,נפת ירושלים,111,הרי יהודה,410,"מטרופולין ירושלים, גלעין",120,"יישוב יהודי 500,000 תושבים ומעלה",0,עירייה,ללא שיוך לאשכול,0,,4220,,,1143,,1.7,33,31,35,1,יהודים,94.5,10.7,8.3,5,4.2,6.6,3.8,5,4.2,0.9,9.7,8.2,4.5,6.2,7,4.4,6.4,3.8,1.2,79.8,20.2,18,25.3,24.7,32.1,7.4,14.4,11.7,18.7,47.8,ישראל,47.8,מרוקו,9.6,עיראק,5.6,ארצות הברית,5,ארצות הברית,14.6,מרוקו,13,צרפת,12.3,אחר,60.2,2.5,35.3,33.3,37,64.7,66.7,63,25,26,25,4.9,95.1,2.1,1.9,1.1,1.6,4.4,4.2,45.5,28.1,22.1,2.7,54.9,24,18.3,5.6,37.4,31.7,25.4,19.5,20.2,17.7,6.7,22.2,13.7,23.3,23,19.2,7.9,15.2,11.4,8.7,16.2,17.8,16.4,5.7,28.2,15.8,70.7,29.3,71.8,28.2,69.8,30.2,84.3,15.7,,80.5,19.5,,87.6,12.4,,37.8,41.4,35.2,24.6,0.2,,3.5,0.2,0.2,2.3,7.1,5.5,6.3,5.3,3.9,1.9,10.1,3.4,21,10.4,12.3,1.7,3.2,,0.4,1.3,,,4.9,0.4,0.4,4.4,9.5,11.4,8.7,9.4,5.5,2.4,9.4,4.8,15.1,3.9,2.9,2,3.4,,0.4,0.9,0.3,,2.2,,,0.4,5,0.4,4.1,1.7,2.4,1.4,10.7,2.2,26.2,16,20.5,1.4,3,,0.4,1.6,8.2,25.7,18.4,9.7,16.4,0.4,5.1,6.2,1.1,8.9,10.5,21.2,13.8,4.9,15.7,0.8,9,13.2,1.7,9.2,6.1,29.6,22.4,13.9,17,,1.6,,0.6,8.7,9,83.2,16.8,87.6,12.4,14.5,85.5,70.3,2.7,16.3,1.5,,,,1.8,2.2,4.7,0.6,34.3,65.7,40.2,35.3,24.5,6.2,18.7,56.4,18.8,2.2,14.5,52,31.3,0.6,11.9,66.5,21,126400,11,6.7,8.6,8.9,7.4,8.9,13.5,12,12.4,10.6,77300,2.5,7.5,3.2,24.3,19.6,7.3,6.8,4.2,12.2,12.5,1360,3.1,20.3,25,19.1,13.5,12.3,6.8,3,22.4,43.8,26.9,27.1,26.7,13.1,6.2,17.1,33.9,מסורתי,39.1,2,21.7,2.5,33.1,39.1,1.6,0.8,68.9,30,1.1,1.4,6,20.8,45.4,21,3.8,1.5,,83.7,39.7,58.5,0.89,1.6
ירושלים,3000,1822,1822,ותיק,1,מחוז ירושלים,11,נפת ירושלים,111,הרי יהודה,410,"מטרופולין ירושלים, גלעין",120,"יישוב יהודי 500,000 תושבים ומעלה",0,עירייה,ללא שיוך לאשכול,0,,2350,,,958.2,,2.3,38,36,39,1,יהודים,90,7.3,6.1,6.6,5,6.2,4,5.5,4.4,2,7.5,6.9,6.1,6.1,5.3,4.8,8.2,5.8,2.2,62.5,37.5,10.7,25,25,39.4,15.6,14.2,11,25.3,33.9,ישראל,33.9,מרוקו,8.7,ארצות הברית,8.5,רוסיה,7.3,רוסיה,15.7,ארצות הברית,15.4,מרוקו,7.6,אחר,61.3,2.1,38.2,36.9,39.3,61.8,63.1,60.7,25,26,24,4.2,95.8,3.2,2.6,2.7,3.4,8.3,7,41.8,29.1,22.1,7.5,48.5,23.5,20.5,6.6,36,33.9,23.4,19.5,20,18.7,9.4,18.3,14.1,24.3,26.2,12.4,9.3,12.5,15.3,11.2,15.2,14.7,24.2,9.4,23.4,13,69.1,30.9,63.8,36.2,73.7,26.3,86.2,13.8,,83.8,16.2,,88.1,11.9,,36,39.7,33.6,15.5,,,5.7,0.8,0.7,0.9,7.3,2.6,6.8,4.6,3.8,1,9,3.1,14.4,15.6,16.1,1.4,5.2,0,,0.9,,,8.4,1.2,0.9,2.2,9.5,5.4,9.6,8,2.1,,9.5,5.3,11.2,10.9,8.9,1.5,5.3,,,,,,3.7,0.5,0.6,,5.8,0.6,4.6,2.1,4.9,1.8,8.7,1.5,16.7,19.1,21.4,1.3,5.1,0,,1.6,4.8,30.4,17.4,8,24.6,,2.8,2.8,3.1,6.2,5.7,22.5,15.1,6.6,26,,6.7,5.7,6.1,5.5,4.1,36.1,19,9.1,23.6,,,0.7,0.9,6.6,6.2,80.2,19.8,89.1,10.9,14.8,85.2,51.3,4.1,32,1.9,0.4,,0.8,0.4,1,6.3,1.8,27.3,72.7,29,21.7,49.3,19.2,22.4,41,17.3,,14.4,61.4,24.2,,20.8,53.1,26.1,101200,12.5,11.3,11.6,7.8,8.2,5.5,10.7,13.2,10.1,9.1,100300,5.6,,5.8,7.4,8.6,23.2,8.5,7.2,18.8,15,930,2.5,32,26,16.1,12.6,10.4,1.6,1.4,16.3,31.2,33.1,36,22.6,4.8,3.5,20.7,33.5,חילוני,33.5,2.4,24.1,5,33.5,30.8,4.3,0.8,62.2,34.8,3,7.2,18.6,26.1,34.9,11.5,0.8,0.5,0.4,66.3,24.2,36.1,0.91,1.4
ירושלים,3000,1823,1823,ותיק,1,מחוז ירושלים,11,נפת ירושלים,111,הרי יהודה,410,"מטרופולין ירושלים, גלעין",120,"יישוב יהודי 500,000 תושבים ומעלה",0,עירייה,ללא שיוך לאשכול,0,,2130,,,862.8,,1.2,31,29,32,1,יהודים,81,7.8,7.5,7.6,5.2,4.5,3.9,4.1,3.4,1.4,8.2,8.1,8.7,7,6.2,6,5.2,3.7,1.6,69.1,30.9,10.5,13.3,40.7,35.6,4.7,18.4,9.6,26.2,41.1,ישראל,41.1,אתיופיה,8.9,רוסיה,8.3,מרוקו,7.2,רוסיה,21,אתיופיה,14.1,אוקראינה,13.4,אחר,51.5,1.7,48.8,44.7,52.1,51.2,55.3,47.9,25,26,24,8,92,3,2.7,4.4,2.4,4,9.7,55,22.5,12.8,9.8,59.2,20.1,10.9,9.6,51.7,24.4,14.3,26.9,22.7,24.1,8.9,12.9,4.5,25.9,28.2,20.1,14.2,7.4,4.2,9.3,27.8,18.4,27.1,4.9,17.1,4.7,72.4,27.6,72.5,27.5,72.3,27.7,90.2,9.3,0.5,82.6,16.2,1.2,96,4,,33,37.4,29.8,20.1,0.4,,3.9,,1.9,2.7,13,4.2,6.2,1.1,0.3,1.2,5.8,6.6,13,14.2,18,1.6,1.7,1.3,,3,0.8,,5.3,,4.3,5,19.3,7,6.6,0.7,0.6,2.6,6.9,10.3,12.3,3.2,10,1.8,1.7,,,1.5,,,2.7,,,0.9,7.6,1.8,5.8,1.4,,,4.9,3.5,13.5,23.5,24.7,1.5,1.7,2.3,,4.2,6.2,14.1,18.2,8,29.3,0.4,3.4,6.4,6,8.1,7.8,10.1,15,4.2,26.5,0.8,7.4,14.1,4.3,9.7,4.9,17.4,20.8,11.2,31.6,,,,7.4,6.7,6.3,87.4,12.6,81.2,18.8,16.1,83.9,58.3,3.7,31.2,2.4,,0.3,,0.5,2,1.5,,34.1,65.9,16.8,24.4,58.8,14,14.7,52.9,18.4,,32.3,39.9,27.8,4.1,13.9,64.4,17.6,88400,8.8,6.6,16.7,13.2,14.7,9.2,11.3,8.8,8.1,2.6,81300,16.8,15.1,4.2,,6.6,16.9,9.2,5.4,11.1,14.6,860,2.5,33.3,25.6,16.9,14.5,7,1.4,1.2,17.7,35,40.9,33.2,19.1,4.2,2.6,21.4,29.1,מסורתי,39.9,3,13,0.8,35.7,39.9,7.6,0.7,54.7,38.3,7,2.5,11.3,51.6,24.9,6.8,2.9,,,68.2,18.7,37.4,0.95,1
ירושלים,3000,1824,1824,ותיק,1,מחוז ירושלים,11,נפת ירושלים,111,הרי יהודה,410,"מטרופולין ירושלים, גלעין",120,"יישוב יהודי 500,000 תושבים ומעלה",0,עירייה,ללא שיוך לאשכול,0,,2710,,,1296.8,,2.5,41,36,44,1,יהודים,83.8,8.3,7.1,4.3,5.1,5,4.2,4.2,4.9,3,7.4,6.4,4.9,4.8,6.4,4.3,6.4,6.6,6.6,58.4,41.6,9.9,21.4,47.5,21.2,7.5,15.8,9.3,34.9,32.4,ישראל,32.4,רוסיה,11.3,אוקראינה,8,מרוקו,7.7,רוסיה,23.6,אוקראינה,17.1,ארצות הברית,7,אחר,52.4,2.1,53.3,45.5,59.1,46.7,54.5,40.9,25,26,23,6.2,93.8,6.4,1.2,5,1.3,11.8,7.5,58.8,19.3,14.4,6.7,63.6,17.2,12.5,8.2,54.6,21.1,16.1,29.5,28.5,13.9,8.1,12.3,7.8,32.4,30.2,11.2,10.5,11.3,4.4,12.8,26.9,27,16.2,6,13.2,10.8,62,38,63.6,36.4,60.6,39.4,89.1,10.9,,89,11,,89.1,10.9,,38.9,42.7,35.2,13.5,,,8.7,0.3,0.5,2.6,12.7,5.6,4.3,5.1,2.5,1.2,3.5,7.1,6.2,5.5,22.2,3,3.1,1,0.3,4.7,,,9.2,0.6,1,5.6,14.7,11.8,7.4,7,,1.5,4.2,6,8.7,2.1,9.9,2.4,3,,0.7,4.3,,,8.3,,,,11,,1.4,3.3,4.7,1,2.8,8.1,3.9,8.6,33.1,3.5,3.2,1.9,,5.1,2.6,19.2,15.3,8.6,26.5,,6.8,7.9,7.3,5.6,3.8,12.5,12.1,2.7,19,,11.8,16.8,10.5,11,1.6,25.3,18.2,13.9,33.3,,2.3,,4.5,0.9,8.9,77.5,22.5,80.2,19.8,21.2,78.8,49.8,3.7,40.9,0.4,,0.8,,1.3,1.1,1.4,0.6,50.5,49.5,31.4,35.6,32.9,10.1,45,41.4,3.4,6.1,19.2,55.2,19.5,2.7,11.1,58.2,28,96700,8.8,13.3,12.1,8.2,14.9,12.8,11.6,9.5,6.6,2.2,60500,20.2,4.7,13.5,20.3,6.6,8,3.5,3.1,9,11.1,900,2.7,26.8,30.5,14.1,16.2,6.2,4.4,1.8,19.9,39.3,34.8,40.4,12,8.9,3.9,12.6,35.2,חילוני,34.5,2.3,27.5,2.6,34.5,26.5,6.7,0.8,51.1,42.7,6.2,3.9,13.2,35.8,43.9,2.8,0.3,,,58.4,13.5,31.4,0.93,1.1
ירושלים,3000,1825,1825,ותיק,1,מחוז ירושלים,11,נפת ירושלים,111,הרי יהודה,410,"מטרופולין ירושלים, גלעין",120,"יישוב יהודי 500,000 תושבים ומעלה",0,עירייה,ללא שיוך לאשכול,0,,2160,,,931.2,,2.2,32,28,35,1,יהודים,85.5,11.7,8.1,6.4,5.9,5.5,4.3,3.4,3,1.9,7.1,6.6,6.5,7.9,5.3,4.8,5.2,4.2,2.2,68.3,31.7,9.4,22.6,36,32.1,13.7,13.9,7.9,25.3,39.2,ישראל,39.2,ארצות הברית,8.6,מרוקו,6.8,רוסיה,6.1,ארצות הברית,15.8,רוסיה,15.2,אוקראינה,8.4,אחר,60.7,2.1,42.3,37.9,46.1,57.7,62.1,53.9,24,26,23,8.1,91.9,2.4,2.6,4.5,1.6,6.5,4.3,46.9,28.7,20.1,2.5,52.2,24.8,20.5,5.8,42.4,31.9,19.8,23,17.1,19.8,5.9,23.1,11.1,24.6,18.7,19.5,6,21.2,10,14,21.7,15.8,20.1,5.9,24.6,12,69,31,69.5,30.5,68.6,31.4,84.8,15.2,,81.4,18.6,,87.5,12.5,,36.5,38,35.3,19.1,,,3,,,3.3,5.3,2.9,3.8,5.9,,1.2,5.6,9.5,15.1,15.7,18.3,4.7,3.4,0.5,0.9,1,,,2.7,,,7.4,4.1,6.6,5.4,9.8,,2.7,5.1,11.3,14,9.7,8.5,5.7,2.2,1.2,2,1.8,,,3.2,,,,6.2,,2.6,2.8,,,5.9,8,16,20.5,26.1,3.9,4.4,,,0.5,3.1,31.4,17.1,4.4,25,0.7,4.3,4.6,2,7.3,5.9,27.4,14.6,0.5,21.4,1.7,7.7,10.4,0.6,9.7,0.8,34.5,19.2,7.5,27.9,,1.6,,3.2,5.4,6.6,89.3,10.7,86.6,13.4,12.1,87.9,56.9,3.1,26.8,0.3,,,,2.2,1.9,6.4,2.4,33.1,66.9,24.4,42.1,33.6,7.4,28.1,46,18.4,,26.1,70,3.9,2.9,16.6,61.1,19.4,107100,12.3,7.4,7.4,11.3,8.8,13.2,13.9,14.9,7,3.8,41600,16.8,32.2,7.4,2.8,18.7,5.6,14.4,2.2,,,810,2.6,25,36.9,14.4,11,4.6,4.2,3.9,20.7,41.2,47.2,24.7,12,7.9,8.2,13.7,25.4,מסורתי,35.2,2.2,22.7,5.9,32,35.2,2.1,0.8,46.9,47,6,3.6,17.8,33.1,37.9,7,0.5,,,72.1,20,44.8,0.88,1.2
ירושלים,3000,1911,1911,ותיק,1,מחוז ירושלים,11,נפת ירושלים,111,הרי יהודה,410,"מטרופולין ירושלים, גלעין",120,"יישוב יהודי 500,000 תושבים ומעלה",0,עירייה,ללא שיוך לאשכול,0,,3350,,,1108.1,,1,26,25,27,1,יהודים,92.6,16.1,5.7,7.4,7.2,3.4,3,2.3,2.4,1.2,15.7,4.5,8.4,7.4,4.4,3.3,3.5,2.7,1.4,82.3,17.7,13.4,19.1,43.7,23.8,4.3,9.6,9.8,16.5,59.8,ישראל,59.8,מרוקו,6.8,רוסיה,4.3,עיראק,3.4,רוסיה,21,אוקראינה,14.9,מרוקו,10.4,אחר,53.7,2.6,35.2,30.7,39.2,64.8,69.3,60.8,23,24,22,6.4,93.6,0.6,1.9,2.3,1.8,4.1,3.9,57,23.1,16,3.2,65.9,22.4,8.4,4.6,47.9,23.8,23.7,25.7,29.4,15.5,11,9.8,8.6,31.4,31.7,14.4,11.2,7.3,4,45.9,19.9,27.1,16.6,10.8,12.4,13.2,67.5,32.5,65.8,34.2,69.3,30.7,87.5,12.5,,87,13,,88,12,,36.2,39.3,33.8,5.1,,,2,0.2,1.3,6.3,9.7,3.2,2.7,4.9,0.3,0.9,7.9,6.2,11.8,20.9,13.4,1.1,4.7,0.3,,2.2,,,3.1,0.5,2.6,12.6,13.3,5.7,5.7,1.6,,1.9,4.7,11.8,12.4,10.4,6.9,1.2,2.3,0.6,,2.6,,,0.9,,,0.6,6.5,0.9,,8,0.5,,10.8,1.1,11.2,30.6,19.3,1,6.9,,,1.9,3.6,25.6,14.2,7.6,32.5,,5.4,4.9,3.3,3,6.4,9.6,17.7,1.8,33.5,,10.1,10.1,4.4,6.3,1,40.2,11,13,31.6,,1,,2.2,,7,78.8,21.2,84.4,15.6,18.4,81.6,56.4,4.4,30.8,,,,0.3,1.4,0.9,3.4,2.4,44.9,55.1,24.5,30.3,45.2,8.1,17.8,59.8,14.3,5,26.6,59.2,9.1,2.4,41,49.4,7.2,85600,9.9,10.7,14.1,14.3,12.2,10.8,9.2,12.1,3.8,2.9,49600,16.6,21.7,16.9,7.8,9.4,11.1,4.2,7.4,1.9,3.1,1100,3,30.2,24.8,8.2,14.4,7.9,7.9,6.7,32.9,42.3,18.2,30.1,18.6,18.5,14.7,14.7,26.3,חרדי,27.6,1.1,23.8,27.6,21.6,24.7,1.1,1,47.8,46.6,5.6,5,16.3,53.6,18.6,5,1.5,,,59.5,13.3,23.5,0.95,0.9
ירושלים,3000,1912,1912,ותיק,1,מחוז ירושלים,11,נפת ירושלים,111,הרי יהודה,410,"מטרופולין ירושלים, גלעין",120,"יישוב יהודי 500,000 תושבים ומעלה",0,עירייה,ללא שיוך לאשכול,0,,5700,,,939.4,,1.8,30,29,32,1,יהודים,90.9,9.1,7.2,7.4,5.3,4.5,4.7,3.6,2.9,1.6,8.8,7.4,8.9,5.6,5.3,5.7,5.2,4.4,2.3,78.7,21.3,18.2,35.6,31.2,15,3.8,14.4,14.4,17.3,50.2,ישראל,50.2,מרוקו,9.3,עיראק,6,רוסיה,3.6,מרוקו,14.2,רוסיה,13.4,"בריה""מ (לשעבר)",8.9,אחר,63.6,2.3,46.4,40,51.5,53.6,60,48.5,23,25,23,4.8,95.2,3.4,2.4,4.6,2.6,7.2,4.5,56.9,23.7,14.9,4.6,62.4,18.8,14.2,4.5,52.3,27.7,15.5,23.8,22.5,23.5,7.5,13.2,9.5,27.5,25.5,23,7.1,9.8,7.2,16,20.7,20,24,7.9,16,11.5,65.5,34.5,66.1,33.9,65.1,34.9,88.2,11.8,,78,22,,96.8,3.2,,37.7,42,34.7,13.5,0.2,,3.3,0.2,0.2,2.8,11.9,4,5.4,4.8,2.4,1.4,3.7,7.6,15.7,12.8,15.7,2,3.2,0.5,0.2,2,0.4,,4.1,,0.5,6.2,14.9,8.5,7.2,5.7,2.1,1.5,3.7,12.4,13.3,6.7,6.9,0.8,1.1,,0.5,3.4,,,2.5,0.3,,,9.5,0.3,4,4,2.6,1.3,3.7,3.6,17.6,17.9,23,2.9,5.1,0.9,,0.9,3.7,21.1,16.5,10.2,28,0.4,4,4.5,4,7.8,5.3,17,12.2,5.8,26,0.9,7.7,9.5,6.1,9.5,2.3,24.5,20,13.8,29.6,,0.9,0.4,2.2,6.3,10.7,88,12,87.2,12.8,12.4,87.6,58.6,3.1,29.8,,,0.5,0.2,3.7,1.3,2.7,0.2,55.1,44.9,31.8,22.9,45.3,,22.7,43.9,33.3,4.5,21.7,48.3,25.4,2.5,22.1,46.4,29,102100,10.6,11.5,8,7.3,13.8,9,12.5,13.4,7.4,6.3,98100,14.3,4.8,8.4,7.6,10.9,8.2,12,13.1,2.3,18.4,1860,3,24,29.1,12.9,11.8,9.6,7,5.6,17.5,33.7,28,23.9,24.4,10.4,13.3,25.9,35.5,מסורתי,34.2,0.2,21.7,9.3,31.8,34.2,2.7,0.8,59.7,37.1,3.2,3.5,11.4,20.3,48.5,11.9,2.8,1.5,,67.6,28.8,35.5,0.89,1.2
ירושלים,3000,1913,1913,ותיק,1,מחוז ירושלים,11,נפת ירושלים,111,הרי יהודה,410,"מטרופולין ירושלים, גלעין",120,"יישוב יהודי 500,000 תושבים ומעלה",0,עירייה,ללא שיוך לאשכול,0,,5440,,,942.2,,2.3,31,29,34,1,יהודים,91.8,9.2,6.8,8.9,5.2,5.1,4,4.2,3.4,1.6,8.8,6.8,7.9,5.2,5.8,4.8,5.2,4.3,2.9,75.9,24.1,16,28.7,38.6,16.8,3.2,12.3,15.2,21.1,48.2,ישראל,48.2,מרוקו,8.9,רוסיה,5.9,עיראק,5.3,רוסיה,17.9,אוקראינה,12.6,מרוקו,10.7,אחר,58.8,2.3,37.6,34.4,40.4,62.4,65.6,59.6,24,26,23,6.6,93.4,3.3,1.7,3.2,1.9,6.7,6.4,58.7,21.5,13.5,7.2,63.8,19.4,9.5,5.6,53.9,23.4,17.1,21.8,29.2,22.2,6.8,12.2,7.7,25.1,34.6,20.7,5.1,9,5.6,19.2,18.9,24.2,23.7,8.4,15.2,9.7,65.3,34.7,65.5,34.5,65.1,34.9,92.1,7.9,,86.4,13.6,,97,3,,39.6,40.9,38.5,10.3,,,4,0.4,0.6,2.8,10.7,3.7,4.8,4.4,1.7,2.2,4,8.9,17,11,13.5,3.1,4.1,0.9,0.2,1.9,,,5,0.8,1.2,4.7,11.4,6.8,4.7,7,1.9,4.1,3.8,12.3,15.2,4.5,3.8,5.8,2.1,1.1,0.5,3.1,,,3,,,1,10,0.8,4.9,2,1.6,0.5,4.2,5.9,18.7,17,22.3,0.7,5.9,0.7,,0.9,3.7,19.1,15.7,10.1,25.7,0.3,6.3,4.4,5.8,9,5.4,11.8,12.9,5.8,26.4,0.7,10.5,9.2,5.2,12.1,2.1,25.9,18.3,14,25,,2.4,,6.3,6.1,11.9,87.5,12.5,84.4,15.6,14.2,85.8,62.8,3.9,23.8,0.6,,0.5,,2.9,1.2,2.8,1.4,54.5,45.5,22.3,40.3,37.4,8.2,42.7,30,19.1,1.6,21.4,43.4,33.6,1.1,11.9,58.1,28.9,96600,10.2,10.2,8.2,11,13.6,11.1,10.8,8.9,10.3,5.8,74000,3.2,20.1,11.9,8,16.5,2.7,6.2,20.4,5.4,5.5,1750,3,19.1,32,11.4,16.2,12.1,5,4.2,20.7,38.1,32.2,27.7,25.6,8.3,6.2,26.7,33.1,מסורתי,28.8,0.3,27.2,12.6,28.4,28.8,2.8,0.9,61.8,35.6,2.6,2,10.7,30.9,41.8,12.5,1.3,0.5,0.3,74.4,27.2,52.6,0.96,1.2
ירושלים,3000,1914,1914,ותיק,1,מחוז ירושלים,11,נפת ירושלים,111,הרי יהודה,410,"מטרופולין ירושלים, גלעין",120,"יישוב יהודי 500,000 תושבים ומעלה",0,עירייה,ללא שיוך לאשכול,0,,4530,,,1019.2,,1.8,34,32,36,1,יהודים,94.2,9.2,6.7,7,6.3,4.6,3.9,4.9,4.6,1.7,7.7,6.9,7.3,5.7,5.1,4.9,6.9,5.1,1.7,77.3,22.7,17.8,33.2,31.8,17.2,3.3,13,15.7,20.8,47.2,ישראל,47.2,מרוקו,9.7,עיראק,6.5,רוסיה,4.5,רוסיה,15.1,מרוקו,13.6,אוקראינה,10.2,אחר,61.2,2.4,38.8,37.5,40,61.2,62.5,60,24,25,23,4.6,95.4,3.2,2.3,3.6,4,7.5,5.7,54.7,25.8,13.8,3.6,57.3,25.8,13.3,7.7,52.2,25.8,14.2,21.9,30.9,20.7,5.8,12.1,8.7,23,34,17.8,8.4,9.6,7.2,15.8,20.9,27.9,23.4,3.3,14.4,10,69,31,67.9,32.1,70.2,29.8,88.6,11.4,,86.2,13.8,,90.7,9.3,,38.9,42.5,35.8,22.5,,,4.7,0.2,0.4,2.3,10.4,3.7,7.2,4.6,2.7,0.2,5.3,3.1,20.8,10.8,14.7,1,4.6,2.3,,1.1,,,8.6,0.4,0.8,4.8,12.1,7.6,8.1,8.3,1.4,0.4,5.9,5.4,18.5,5.7,5.5,0.8,2.8,1.4,,1.6,,,1.2,,,,8.9,,6.5,1.2,3.9,,4.7,0.9,22.9,15.5,23.2,1.1,6.3,3.1,,0.7,7.9,20.9,19.3,8.9,22.5,,5.8,5.4,3.6,5.6,12,18.3,13.9,3.6,19.2,,11.2,11.1,5.5,5.1,4.1,23.3,24.3,13.8,25.5,,0.7,0.3,1.9,6.1,8.2,89.4,10.6,87.4,12.6,11.7,88.3,63.7,2.7,25.4,0.6,,,0.4,2.8,0.8,2.9,0.6,27.8,72.2,27.4,45.6,27,,30.3,51.5,18.2,,18.4,42.1,39.5,2.2,10.1,57.4,30.3,104900,6.7,10.5,10.8,13.5,8.4,10.5,9.8,13.3,10.3,6.2,57200,15.1,9.3,18.4,11.3,3.1,3,12.7,3.5,11.3,12.3,1610,2.8,26.7,30.5,12.5,12.5,10.3,3.9,3.7,18.3,32.2,31.9,26.3,23,11.6,7.3,22.5,37.5,חילוני,36.2,,22.5,7.3,36.2,30.2,3.8,0.8,64.8,28.7,6.4,4,7.8,31.2,36.9,17.2,2.6,0.3,,80.8,30.8,50.8,0.92,1.2
ירושלים,3000,1921,1921,ותיק,1,מחוז ירושלים,11,נפת ירושלים,111,הרי יהודה,410,"מטרופולין ירושלים, גלעין",120,"יישוב יהודי 500,000 תושבים ומעלה",0,עירייה,ללא שיוך לאשכול,0,,3420,,,785,,2.6,30,27,32,1,יהודים,81.1,10.3,6.4,8.6,6.2,5.6,4.4,3,1.8,1.2,9.3,7.4,7.9,6.2,7.2,6.8,3.3,2.6,1.6,75.7,24.3,9.2,27.3,41.9,21.6,3.1,13.3,13.8,23.9,46,ישראל,46,מרוקו,9.3,רוסיה,5.7,אוקראינה,5,רוסיה,17.8,אוקראינה,16.7,מרוקו,9.1,אחר,56.5,1.9,45.7,42.7,48.4,54.3,57.3,51.6,24,25,22,4.3,95.7,2.9,3.1,4.5,3.7,6.7,6,63.7,21.5,8.9,2.9,67.8,22.4,6.9,8.6,60.2,20.7,10.5,24.5,32.7,19.5,6.7,10.7,5.9,24.3,36.2,16.5,10.7,9.4,2.9,21.9,24.6,29.7,22.2,3.3,11.7,8.5,66.5,33.5,76,24,58.3,41.7,91.1,8.9,,87.7,12.3,,94.8,5.2,,36.8,39.2,34.3,14.3,0.1,0.7,3.6,,0.2,6.2,18.3,5.4,4.2,4.2,1.1,0.2,4.8,6.2,13.3,14.1,13.5,,1.7,0.5,,1.5,0.3,1.4,4.6,,0.4,11,21.2,7,3.7,5.3,1.4,,4.2,7.8,11.3,10.1,5.9,,1.4,,,3,,,2.5,,,1.1,15.2,3.7,4.8,3.1,0.7,0.4,5.3,4.4,15.4,18.4,21.7,,2.1,1.1,,,1.7,15.4,14.8,7.7,33.5,0.7,9.1,5.5,4.3,7.3,0.8,12.8,16,2.7,25.8,0.3,16.7,9.9,4.8,10.2,2.7,18.2,13.5,13.1,41.7,1.1,0.9,0.9,3.8,4.2,10.6,87.3,12.7,89.8,10.2,11.6,88.4,53.7,2.8,30.5,,1.2,1.3,0.4,4.8,,4.3,1.1,41.9,58.1,14.3,49.1,36.6,16.4,32.3,29,22.3,,16,59.2,24.7,5.9,20.6,38.4,35.2,93600,10.1,10,10.2,11.3,16.2,14.5,10,9,4.9,3.9,73300,14.5,13,3.7,7.1,22.8,10,8.4,16.3,,4.1,1120,3,23.8,27.4,12.3,15.1,11.7,4,5.7,23,39.7,35,29.5,18.1,10.3,7.1,24.9,27,מסורתי,33.4,2.1,24.8,16,20.2,33.4,3.5,0.9,59.9,33.2,6.9,4.9,6.7,44.5,39.9,3.6,0.4,,,61.7,19.8,39.1,0.92,1
ירושלים,3000,1922,1922,ותיק,1,מחוז ירושלים,11,נפת ירושלים,111,הרי יהודה,410,"מטרופולין ירושלים, גלעין",120,"יישוב יהודי 500,000 תושבים ומעלה",0,עירייה,ללא שיוך לאשכול,0,,2680,,,926.5,,1.3,32,32,32,1,יהודים,93.9,9.6,7.6,5.1,6.8,4.6,4,5.2,3.2,1.4,10,6.3,8.6,7.1,4.9,5.2,5.7,3.7,1.3,79.8,20.2,13.7,31.1,34.8,20.4,2.9,13.2,15.1,20.7,48.1,ישראל,48.1,מרוקו,9.7,עיראק,5.4,צרפת,5.3,רוסיה,16.4,אוקראינה,13.4,מרוקו,12.9,אחר,57.3,2.1,40.1,34.2,45.1,59.9,65.8,54.9,25,26,25,7.9,92.1,3.5,2.1,3.9,2.1,7.6,4.5,56.2,24,15.3,6,58.7,24.8,10.6,3.3,54.2,23.5,19,21.1,25,21.1,6.1,17.8,9,24.9,26,19.5,6.9,18,4.7,14,18.1,24.1,22.4,5.4,17.7,12.3,69.6,30.4,70.2,29.8,69.1,30.9,92.3,7.7,,86.5,13.5,,96.7,3.3,,40,42.9,37.8,27.2,,,4.6,,0.5,2.6,13.3,4.1,3.5,3.3,2.2,,6.6,5.2,11.6,15.8,15.2,4.6,3.8,,1.8,1.3,,,8.6,,0.6,5.2,15.7,6.9,3,4.8,2.1,,12,6.9,10.8,4.9,5.6,4.8,4.5,,2.3,1.3,,,1.3,,0.5,0.6,11.3,1.9,3.9,2.1,2.3,,2.2,3.7,12.2,24.6,22.9,4.5,3.3,,1.5,1.3,4.3,24.6,17,9.9,26.8,0.3,5.4,2.7,3,6,7.4,22.1,14.8,5.9,23.9,0.8,9.8,5.5,4.8,5.1,1.8,26.5,18.8,13.1,29.2,,1.9,0.4,1.6,6.8,12.5,86.1,13.9,86.5,13.5,13.7,86.3,64,3,25.3,,,,1.3,2.4,0.9,1.8,1.2,57.9,42.1,17.9,34.6,47.6,,24.9,56.2,18.8,,13.6,58.2,28.2,,15.4,58.1,26.5,99300,7.6,7.9,9.5,11.3,16.5,14.5,14,12.3,4.8,1.5,113500,9.4,,11.2,2.5,,17.9,28.6,5.2,25.3,,960,2.8,29.7,25.6,12.6,15.3,8.3,5.3,3.2,25.2,35.1,25,36.5,21.2,11.5,5.8,17.2,32.5,מסורתי,42,,18.9,7.4,28.6,42,3.1,0.8,64.4,30.5,5.1,,7.8,42.8,38.9,10.5,,,,66.8,23.7,45,0.92,1.2
ירושלים,3000,1923,1923,ותיק,1,מחוז ירושלים,11,נפת ירושלים,111,הרי יהודה,410,"מטרופולין ירושלים, גלעין",120,"יישוב יהודי 500,000 תושבים ומעלה",0,עירייה,ללא שיוך לאשכול,0,,2840,,,792.7,,1,31,31,31,1,יהודים,94,9.9,6.9,7.1,7.7,5.3,5.1,4.4,2.4,1.1,10.2,5.9,7.3,8.2,4.8,6.3,4.7,1.8,1.1,81.6,18.4,9.6,25.1,41.7,23.6,2.9,11.4,12.3,20.5,52.9,ישראל,52.9,מרוקו,8.4,רוסיה,5.3,עיראק,4.6,רוסיה,22.3,אוקראינה,13.5,מרוקו,8.7,אחר,55.4,2.1,41.3,39.1,43.4,58.7,60.9,56.6,24,26,23,3.1,96.9,1.9,1.2,2.6,2.4,3.1,3.9,54.7,26.7,14.7,3.3,59.6,24.9,12.2,4.3,50.5,28.3,16.9,18.8,25.7,20.4,11.5,15.2,8.5,23.3,28.9,19.8,12.4,10.4,5.2,18.6,14.9,22.9,20.9,10.7,19.3,11.3,74.3,25.7,71.5,28.5,76.7,23.3,92.7,7.3,,89.9,10.1,,94.8,5.2,,39.1,41.5,37.3,28.1,0.2,,6.6,,,2.8,13.3,3.7,3,5.1,2.9,0.2,5.1,4.7,18.4,11.2,14.5,3.5,3.4,0.4,,1,0.4,,11.5,,,5.8,9.5,7.2,5,7.2,2,,4.4,7,17.2,6.4,4.9,6.6,3.1,,,1.8,,,2.6,,,0.4,16.4,0.8,1.3,3.5,3.6,0.3,5.6,2.9,19.4,15.1,22.2,1.1,3.6,0.8,,0.4,2.8,20.1,17.5,9.8,25.7,,6.8,5.1,3.8,8.4,4,15.2,12.7,7.8,19,,14,10.9,4.9,11.7,1.9,24,21.4,11.4,31.2,,1,0.4,3,5.8,12,84.8,15.2,90.2,9.8,12.1,87.9,57.4,2.9,31.3,,,0.6,0.6,0.6,2.2,3.2,1.2,25.3,74.7,17.5,41,41.5,,51.4,30.8,17.8,4.2,3.9,68.8,23.1,3.1,10.2,51.8,35,101400,7.4,11,10.7,8.3,13.6,11.4,11.5,10.4,12.6,3.1,69000,23.6,9.1,7.6,3.6,17.8,12,3.5,15.4,,7.3,930,3,24.4,30.3,11.6,11.1,12.1,5.8,4.7,24.7,37.9,23.6,32.2,24.5,11.5,8.1,21,27.1,חילוני,34.1,0.4,24.4,8.2,34.1,32.3,0.6,0.9,61.8,34.4,3.8,1.7,9.6,46.2,32.8,6,2.4,1.3,,76.8,29.3,40.2,0.98,1.2
ירושלים,3000,1924,1924,ותיק,1,מחוז ירושלים,11,נפת ירושלים,111,הרי יהודה,410,"מטרופולין ירושלים, גלעין",120,"יישוב יהודי 500,000 תושבים ומעלה",0,עירייה,ללא שיוך לאשכול,0,,3190,,,798.3,,0.6,35,35,36,1,יהודים,97.5,8,6.4,5.9,7,4.8,6.1,6.8,3.2,1.1,8.3,6.6,6.2,6.7,4.4,6.9,7,3.9,0.8,83.6,16.4,17.6,39.7,33.3,9.3,3,13,15.6,13.9,54.4,ישראל,54.4,מרוקו,9.8,עיראק,7.7,איראן,5.1,מרוקו,16.9,רוסיה,12.6,אוקראינה,9.6,אחר,60.8,2.2,35.9,35.5,36.2,64.1,64.5,63.8,25,26,24,4.9,95.1,1.2,1.9,3,1.7,5.2,4.2,50.5,27.4,17.8,6.2,55.7,22.3,15.8,2.2,45,32.9,19.9,16.6,26.4,20.6,7.1,18.8,10.5,19.6,31.7,19.5,8.9,12.6,7.7,5.7,13.4,20.7,21.7,5.3,25.4,13.6,73.8,26.2,77.4,22.6,70,30,88.9,10.4,0.6,82.3,16.6,1.2,96.8,3.2,,39.9,39.8,40,30.7,0.2,,2.2,0.7,0.2,4.1,16.3,5,3.8,7.2,2.3,1.8,7.7,2.3,22,8.7,8.6,2.2,1.5,,,3.1,,,3.5,1.3,0.4,6.4,20.9,7.3,5.9,9.6,2,1.1,8.6,2.7,17.2,3.6,2.8,1.6,1,,,4.1,0.4,,0.7,,,1.3,10.6,2.2,1.3,4.4,2.7,2.6,6.7,1.8,27.8,14.9,15.7,2.8,2.2,,,1.8,5.7,25.7,18,6.6,20.4,,5.4,4.7,4.3,9.3,5.5,21.3,14.4,2.3,22.2,,9.9,8.5,6.7,9.2,5.9,31.1,22.3,11.8,18.2,,,,1.5,9.3,7.8,84.6,15.4,87.8,12.2,13.9,86.1,77.4,2.2,12.9,3.2,,0.6,0.2,0.9,0.6,1.8,0.2,16.2,83.8,26.5,36.4,37.2,3.9,14.8,31.5,49.8,,6.6,53.3,40.1,1.2,7.6,46.6,44.6,126400,6.2,8.9,9.2,7.8,6.5,13.3,9.2,11.7,15.1,12.2,122900,3.5,4.7,8.1,3.9,4,17.1,13.9,19.3,4,21.5,1080,3,17.7,34,12.2,16.2,12.1,5.5,2.3,16.5,33.8,23,40,23.3,8.4,5.3,23.4,30,מסורתי,39.1,1.5,22.7,2.5,31.9,39.1,2.3,0.7,75.7,20.7,3.6,,0.6,20.6,45.3,24.3,8.6,,0.6,87.8,49.1,63,0.96,1.6
ירושלים,3000,2111,2111+2112,ותיק,1,מחוז ירושלים,11,נפת ירושלים,111,הרי יהודה,410,"מטרופולין ירושלים, גלעין",120,"יישוב יהודי 500,000 תושבים ומעלה",0,עירייה,ללא שיוך לאשכול,0,,46300,,,1030.2,,0.1,20,19,21,2,מוסלמים,98.1,13.8,12.3,8.7,7,5.1,3.1,1.4,0.6,0.2,11.4,10.6,9.7,6.3,4.9,2.8,1.5,0.6,0.2,,,,,,,,,,,,,,,,,,,,,,,,,,  .,,2.5,29.7,31.7,27.6,70.3,68.3,72.4,23,25,20,1.7,98.3,2.8,0.9,2.9,2.3,4.5,18.1,62.2,11.7,8,20.2,63.6,10,6.1,15.9,60.7,13.4,10,47.4,30.8,7.8,2.2,10.4,1.5,52.8,29.9,6.6,2.2,7.5,1,,41.9,31.6,9,2.2,13.3,1.9,43.1,56.9,67.6,32.4,18.1,81.9,90.5,8.9,0.6,88.5,10.9,0.5,97.9,1.2,0.9,37.4,40.1,28.3,2.6,0.2,0.1,10.3,0.7,0.8,15.1,17.4,11.4,8.1,0.7,0.4,0.2,2.3,6.6,1.1,8.8,7.1,0.1,1.2,0.2,0.4,6.7,0.1,0.1,11.8,0.8,1,19,19.8,13.8,8.8,0.9,0.5,0.2,2.1,7.2,0.5,2.2,3,0.2,0.6,,0.5,7,0.5,,4.9,,,0.5,8.2,2.3,5.6,0.2,,,3.1,4.6,3.4,33.8,22.8,,3.6,1,0,5.4,2,11.2,4.8,5.3,16.3,0.3,20.7,17.8,14.7,6.9,2.4,6.5,3.7,4.2,13.4,0.3,25.6,22,14.9,7.1,0.7,29.3,9,9.8,27.4,,2.1,1.6,13.9,6.2,40.5,83.5,16.5,88.3,11.7,15.6,84.4,48.4,8.8,18.4,0.2,0.6,0.7,0.4,15,2.1,3.2,2.2,52.3,47.7,28.2,56.3,15.5,16.4,63.3,19.5,0.9,11.6,56.6,24.9,6.8,9.9,51.8,24.1,14.2,69400,13.8,15.6,16.7,14.3,12.7,8.2,9.9,7.1,1.4,0.2,77900,13.2,8.6,15.3,10.1,7.1,11.1,9.8,6.1,11.2,7.4,10260,4.6,5.3,10.3,14.2,19.1,18.5,16.9,15.7,49.2,75,23.4,26.9,24.6,16.6,8.5,42.4,9.7,מסורתי,50.5,3.6,39.6,0.1,3.6,50.5,2.7,1.4,56.5,29,14.5,1.4,11.9,43.8,34.6,6.8,1.1,0.2,0.2,79.1,19.2,69.6,0.77,0.6
ירושלים,3000,2123,2123+2121+2122+2124+2125+2126,ותיק,1,מחוז ירושלים,11,נפת ירושלים,111,הרי יהודה,410,"מטרופולין ירושלים, גלעין",120,"יישוב יהודי 500,000 תושבים ומעלה",0,עירייה,ללא שיוך לאשכול,0,,51180,,,963.9,,0.1,23,22,24,2,מוסלמים,93.7,11.3,11.3,8.4,6.4,5.5,3.9,2,1,0.4,10.6,10.8,8.6,6.3,5.3,4,2.3,1.4,0.6,,,,,,,,,,,,,,,,,,,,,,,,,,  .,,2.6,33.4,33.6,33.2,66.6,66.4,66.8,23,26,21,1.6,98.4,3,1.2,2.2,2.2,4.9,12.2,57.9,16.7,13.2,11.9,61.8,14,12.3,12.4,54,19.5,14.1,40.1,28.1,9.1,4.4,14,4.2,43.7,29.1,6.9,4.2,11.4,4.7,53.4,36.6,27.1,11.4,4.5,16.6,3.8,48,52,68.6,31.4,27.5,72.5,89.9,10,0.1,87.1,12.8,0.1,96.9,3.1,,36.8,40.2,29.7,1.7,0.1,0,5.5,0.4,0.2,11.2,18.2,8.2,7,1.2,1.2,0.2,3.9,5.3,0.9,14,12.7,0.6,1.4,0.6,1,6.4,0.1,0,7.3,0.4,0.2,14.5,21.8,11,8.1,1.4,1,0.2,4.2,5.8,0.8,4.7,8.4,0.5,1.1,0.4,1,6.9,,,1,0.3,0.1,3,9.3,1.3,4.2,0.6,1.7,0.1,3.3,3.9,1.1,36.9,23.1,0.8,2.2,1,1.1,5.1,4.8,22.9,7.9,5.2,18.7,0.2,13.4,11.3,9.6,6.2,5.5,15,7.4,3.1,16.1,0.2,18.5,15.8,11.4,6.9,2.8,42.5,9.2,10.3,25.2,,0.6,,4.9,4.4,23,80.9,19.1,80.1,19.9,19.3,80.7,61.6,5.2,12.7,0.6,0.3,0.2,0.9,9,1.1,5.2,3.4,48.3,51.7,35.7,47,17.4,11,63.1,23.6,2.3,9.2,50.8,29.2,10.8,5.6,44.9,30,19.5,72100,14.1,14.2,14.9,13.6,11.1,9.9,7.3,7,5.5,2.5,63000,12.7,10.7,15.8,11.5,11.2,7.2,10.5,9.1,7.9,3.6,12140,4.2,11.5,11,14.4,18.2,19,12.9,13,37.6,64.9,23.3,30.5,22.8,15.6,7.8,35,16.9,מסורתי,47.8,5.2,36,0.4,7.2,47.8,3.5,1.4,45.2,34.9,19.9,1.6,19.6,40.7,28.5,7.3,2.1,0.1,0,80.7,30.8,66.1,0.86,0.8
ירושלים,3000,2213,2213+2211+2212+2214,ותיק,1,מחוז ירושלים,11,נפת ירושלים,111,הרי יהודה,410,"מטרופולין ירושלים, גלעין",120,"יישוב יהודי 500,000 תושבים ומעלה",0,עירייה,ללא שיוך לאשכול,0,,20870,,,1156.8,,0.2,19,19,19,2,מוסלמים,99.4,14.2,12.9,9.7,5.5,5,3.3,1.1,0.4,0.1,12.6,11.9,8.9,5.5,4,2.9,1.3,0.5,0.1,,,,,,,,,,,,,,,,,,,,,,,,,,  .,,2.9,32.4,34.6,30.1,67.6,65.4,69.9,21,24,19,1.4,98.6,2.9,1.1,2.9,2.4,4.8,25.1,61.1,9.3,4.6,25.6,62.9,7.6,3.9,24.5,59,11.2,5.3,58.3,25.5,6.7,2.8,6.1,0.7,61.6,25,4.8,3.6,4.1,1,,54.5,26.1,8.8,1.9,8.4,0.3,45.3,54.7,68,32,19.7,80.3,93.4,6.6,,92.4,7.6,,97.5,2.5,,37.3,40.4,26.7,3.6,1.1,,6.8,0.3,0.5,18.4,14,9.7,7.6,0.5,0.4,,1.2,15,0.4,6.9,11,0.1,0.5,0.6,,5.1,1.3,,8.5,0.4,0.7,22.9,15.7,10.4,8.5,0.6,,,1.3,16,0.5,2.2,4.2,0.1,0.4,0.4,,6,,,,,,0.7,7.1,7.3,4.4,,1.8,,0.9,11.1,,25.5,37.2,,0.6,1.6,,1.9,1,9.2,4.7,3.4,21.1,1.1,21.3,13.2,19.3,5.7,0.7,3.9,4.6,3.1,16.5,1.3,26.8,16.5,19.4,7.1,1.9,29.6,5.1,4.8,39.1,,,0.6,18.9,,35.4,80,20,77.2,22.8,20.6,79.4,44.7,6,22,1.1,0,0.3,0.6,16.4,1.5,4.5,3,66.1,33.9,29.3,46.9,23.7,1.5,61.4,30.5,6.6,8.9,73.6,15.8,1.6,10.6,46.9,24.4,18,67000,14.6,18.8,14.3,15,13.5,10.3,6.4,4.1,2,1.2,68900,22.4,9.9,2.8,13.1,6.6,12.1,1.3,9.6,14.3,8,4470,4.8,6.1,13.5,9.2,16.7,17.4,14,23,48.1,77.5,20.5,26.6,22.1,14,16.7,46.8,7.4,מסורתי,48.4,5.7,40.6,,3,48.4,2.3,1.5,53,26.9,20.1,0.8,13.7,49,29.4,5.9,1,,0.4,68.9,16.6,40.1,0.75,0.4
ירושלים,3000,2222,2222+2221,ותיק,1,מחוז ירושלים,11,נפת ירושלים,111,הרי יהודה,410,"מטרופולין ירושלים, גלעין",120,"יישוב יהודי 500,000 תושבים ומעלה",0,עירייה,ללא שיוך לאשכול,0,,26380,,,904.2,,0.1,24,22,24,2,מוסלמים,97.9,11.3,11.5,9,6.2,5.1,4.2,2.2,1,0.4,10.1,9.9,9.5,6.2,5.3,4.5,2,1.1,0.4,,,,,,,,,,,,,,,,,,,,,,,,,,  .,,2.5,35.1,35.5,34.6,64.9,64.5,65.4,23,25,20,1.8,98.2,3.6,1.8,3,3.4,5.9,15.8,59.8,14.5,9.9,15.3,64.9,10.6,9.2,16.3,54.8,18.4,10.5,42.9,29.4,10.2,3.5,11.1,2.8,45.9,31.9,7.6,3.7,7.7,3.1,100,39.9,27,12.7,3.4,14.5,2.5,47.2,52.8,68.7,31.3,26,74,91.5,8.1,0.5,89.7,10,0.3,96,3,1,36.2,39.2,29.2,4.1,0.1,,5.5,0.4,0.3,11.9,16.8,10.1,7.7,1.2,0.3,,2.7,7.4,1.6,11,12.4,0.7,1.9,1.2,0.5,6.4,0.2,,6.9,0.6,0.4,15.7,20.5,13.3,9.9,1.4,0.1,,2.6,9,1.4,3.8,5.5,0.4,1,0.3,0.2,6.9,,,1.9,,,2,7,2,1.7,0.6,0.7,,3,3.4,2,29.8,30.2,1.4,4.2,3.5,1.4,5,1.7,15.2,6.2,6.2,22.8,0.5,13.1,13.1,14.4,6.7,2.3,9.4,4.9,4.9,17.8,0.7,18.1,17.8,17.1,7,0.2,30.2,9.6,9.7,35.8,,0.3,1,7.3,6,26.3,83,17,77.8,22.2,18.4,81.6,50,7.5,15.4,0.1,0.4,0.4,1,12.8,1.4,5,6.1,24.5,75.5,46,37.9,16,8.8,55.7,31.4,4.1,10.2,50.3,28.7,10.8,8.2,42.9,25.8,23.1,66800,16.2,17.1,13.9,15.5,11.6,9.8,6.7,5.1,2.7,1.4,53600,13.7,17.6,12,19,6.5,4,4.1,13.5,7.1,2.3,6030,4.4,6.1,14.8,14.5,17.2,17.3,13.6,16.4,36.5,65.3,23.7,30,22.7,14.3,9.3,42.4,17.2,מסורתי,44.8,3.6,39,0.6,8,44.8,4,1.4,47.3,28.4,24.3,2.1,17.4,45.7,27.9,5.8,1,0.1,,73.4,23.8,51.5,0.83,0.8
ירושלים,3000,2312,2312+2311,ותיק,1,מחוז ירושלים,11,נפת ירושלים,111,הרי יהודה,410,"מטרופולין ירושלים, גלעין",120,"יישוב יהודי 500,000 תושבים ומעלה",0,עירייה,ללא שיוך לאשכול,0,,20450,,,988.5,,0.2,21,21,21,2,מוסלמים,99.5,12.3,11.8,9.2,7.1,5.3,3.4,1.4,0.5,0.1,11.6,11.5,9.6,6.8,4,3,1.5,0.6,0.2,,,,,,,,,,,,,,,,,,,,,,,,,,  .,,2.7,31.1,33.3,28.8,68.9,66.7,71.2,22,25,20,1.5,98.5,2.9,1.2,3.1,2.7,4.3,18.1,68,8.3,5.6,17.2,70.9,7.2,4.7,19.1,64.9,9.5,6.5,53.7,29.4,6.8,2.6,5.9,1.5,57.7,27.9,6,3.2,4,1.2,,49.5,31.1,7.7,1.9,8,1.8,46.5,53.5,71,29,20.1,79.9,95.3,4.4,0.4,94.3,5.3,0.4,99.1,0.6,0.2,37.5,40.2,28.1,2.5,,,5.5,0.5,,14.8,16,12.7,7.8,0.7,,0.5,1.5,9.4,0.2,8.1,13.2,0.7,2,0.3,,6,,,6.8,0.6,,18.6,18.9,15.5,9.2,0.7,,0.6,1.5,9.1,0.1,3,5.7,0.7,2,,,7,,,0,,,,4.7,1.5,2.3,0.7,,,1.9,10.5,0.9,28.2,43.2,0.7,2.1,1.4,,1.9,0.9,10.2,5.7,4.6,18.3,1.3,17.6,19.7,16.6,5.2,1.1,4.8,6.3,3.3,13.4,1.6,22,24.6,17.2,5.8,,31.9,3.3,9.7,37.7,,,,14.3,3.1,21.9,83.7,16.3,80,20,17,83,46.7,6.5,20.8,0.5,0.2,0.2,1.5,11.9,2.9,5.3,3.3,42.8,57.2,13.1,76.2,10.7,17.6,55,24.2,3.1,9.3,63.3,21.8,5.6,6.7,52.5,23.7,17.1,71600,10.7,13.7,17.4,17.9,11.3,9.6,8.6,9.2,0.9,0.5,75100,5.4,7.5,18.3,14.3,6.8,8.2,18.2,10.9,10.3,,4640,4.5,6.7,14.7,11.8,17,19.4,14.3,16.1,46.2,69.7,20.9,27.4,26.4,13.5,11.8,44.7,10.6,מסורתי,49.1,2.1,41.6,,5.4,49.1,1.9,1.6,44.9,36.3,18.8,4.2,20.1,51.1,19.5,3.9,0.7,0.4,0.1,73.4,15.9,52.3,0.8,0.5
ירושלים,3000,2321,2321+2322+2323+2324,ותיק,1,מחוז ירושלים,11,נפת ירושלים,111,הרי יהודה,410,"מטרופולין ירושלים, גלעין",120,"יישוב יהודי 500,000 תושבים ומעלה",0,עירייה,ללא שיוך לאשכול,0,,34260,,,930.5,,0.2,22,22,23,2,מוסלמים,98.4,11.3,10.8,10,5.4,5.8,3.9,1.6,0.8,0.3,11,10.8,9.5,5.8,5.3,3.9,2.2,1.3,0.5,,,,,,,,,,,,,,,,,,,,,,,,,,  .,,2.5,34.9,35,34.9,65.1,65,65.1,22,25,20,0.7,99.3,3.5,1.7,2.7,3.2,6.1,15.8,66.8,11.8,5.6,16.3,71,7.5,5.3,15.3,62.8,16,6,49.8,29.1,8.3,3.2,8,1.5,55.1,28.3,7.7,3,4.2,1.7,82,44.8,29.9,8.8,3.5,11.7,1.3,46.1,53.9,69,31,24.1,75.9,93,6.7,0.3,91.5,8.3,0.3,97.1,2.4,0.5,34.9,37.4,29.4,1.4,0.4,,6.3,0.6,0.7,12.7,13.1,10.7,11,0.2,0.5,0,1.9,9.2,1.4,11.3,11.4,0.9,0.7,0.9,1,5.1,0.5,,7.1,0.8,1,16.9,15.6,13.6,13.3,0.3,0.2,0,2.3,10.4,1.3,3.6,4.8,1.1,0.5,0.3,0.8,5.8,,,3.9,,,1.3,6.2,2.5,4.8,0.1,1.3,,0.8,6,1.7,32.6,29.7,0.3,1.4,2.5,1.4,3.4,2.7,11,5.9,5.9,23.8,0,16.3,14.4,14.2,5.9,3,6.2,4.1,5.2,19.1,0,21.4,19.1,15.4,6.4,1.7,24.1,10.9,8.1,36.7,,2.2,1.1,10.7,4.4,19.6,81.4,18.6,83.5,16.5,18.1,81.9,46.8,6,23.6,0.5,0.4,0.4,0.7,11.7,2.8,4.6,2.6,42.8,57.2,36.4,51.4,12.3,8.4,66.5,23.4,1.8,12.5,51.5,30.3,5.6,3.8,48.6,28.7,18.9,69600,15.2,15.3,15.8,15.6,11.3,8.5,8.6,6.4,2.6,0.9,60700,13.8,12.5,16.8,10.5,14.9,13.6,6.1,,10.5,1.3,7710,4.4,8.3,10.2,12.8,18.2,21,15.1,14.4,39.2,67.9,25.3,23.7,29.3,15,6.7,43.1,15.5,מסורתי,50.2,1.9,38.3,0.4,6,50.2,3.2,1.6,48.4,29.5,22.1,4.9,22.1,48.5,19.1,4.8,0.4,0.1,,74,18.8,45.8,0.79,0.6
ירושלים,3000,2411,2411+2412,ותיק,1,מחוז ירושלים,11,נפת ירושלים,111,הרי יהודה,410,"מטרופולין ירושלים, גלעין",120,"יישוב יהודי 500,000 תושבים ומעלה",0,עירייה,ללא שיוך לאשכול,0,,11700,,,819.8,,0.2,25,25,25,2,מוסלמים,97.4,10.4,9.8,9.8,6.8,5.3,4.2,2.7,1.6,0.6,9.7,9.3,10.8,6.7,4.5,4.5,1.8,1.1,0.6,,,,,,,,,,,,,,,,,,,,,,,,,,  .,,2.4,36.4,37.5,35.4,63.6,62.5,64.6,23,26,20,0.6,99.4,2.4,1.2,1.5,2,4.5,13.1,60.1,16.4,10.4,11.4,66.3,12.9,9.4,14.8,54,19.9,11.4,37.5,32.5,11.1,3.1,12.6,3.1,35.8,38.2,9.3,3,9.5,4.2,16.2,39.3,27,12.9,3.2,15.6,2,49.7,50.3,71.4,28.6,28.5,71.5,90.5,9.3,0.2,88.9,10.9,0.1,94.4,5.3,0.3,36.5,40,28.2,4.5,,,6.5,0.5,0.4,8.6,18.9,9.9,7.2,1.7,1.5,0.1,1.8,5.2,2.9,13.6,13,1,2.3,,0.9,4.1,,,8.6,0.6,0.5,11.3,21.6,12.7,9.9,1.6,0.9,0.2,2.5,6.6,3.4,4.6,6.4,0.2,2.2,,1.2,4.9,,,1.1,0.3,,1.9,12.1,2.8,0.6,1.9,2.7,,,1.9,1.6,36.1,29.7,2.8,2.4,,,2.1,2.3,18,11.7,7.8,21.6,,9.9,13.3,7.3,8.1,2.9,10.8,10.8,6.4,17.1,,13.8,18.6,10,9.6,1,36.1,14,11.1,33.1,,,,0.4,4.4,18.4,80.2,19.8,77.2,22.8,20.6,79.4,55.9,5.4,15,0.8,0.4,0.8,0.7,8.5,2.6,8.7,1.1,21.8,78.2,31.2,18.2,50.7,8,66.5,25.4,,12.8,38.1,32.5,16.6,4.9,41.6,24.9,28.6,67600,13,17.1,16.3,18,11.8,5.6,7.8,6.5,2.1,1.8,57000,15.4,6.3,22,9.4,11.5,10.5,,20.7,,4,2720,4.3,13.9,9.8,10.5,20,17,14.2,14.6,32.1,59.1,22.4,33.5,24.4,11.7,7.9,39.2,19.3,מסורתי,51.2,5.9,34.9,0.4,5,51.2,2.6,1.4,45,23.8,31.2,3.3,20.4,44.1,20.1,8.7,2.4,0.1,0.8,83,34.6,50.5,0.94,0.9
ירושלים,3000,2413,2413+2414,ותיק,1,מחוז ירושלים,11,נפת ירושלים,111,הרי יהודה,410,"מטרופולין ירושלים, גלעין",120,"יישוב יהודי 500,000 תושבים ומעלה",0,עירייה,ללא שיוך לאשכול,0,,6230,,,982.6,,0.4,25,23,27,2,מוסלמים,90.6,11,10.3,8.9,6.5,4.6,3.7,2.3,1.7,0.7,10.1,9.2,7.9,6.1,4.9,4.5,3.7,2.6,1.5,,,,,,,,,,,,,,,,,,,,,,,,,,  .,,2.5,41.2,39.4,42.9,58.8,60.6,57.1,24,27,21,0.3,99.7,5.8,2,4.3,2.1,7.7,17.7,52.5,16.4,13.3,18,56.9,11.3,13.8,17.4,48.4,21.3,13,42.8,25.7,8.6,4.5,13.4,5,44.3,26.8,8.6,2.5,11.7,6.2,49.5,41.4,24.6,8.7,6.4,15,3.9,41.5,58.5,58,42,25.6,74.4,88.5,11.2,0.3,87.8,11.8,0.4,90,10,,34.8,36.4,32,,,,5.4,1,,3.8,18.8,9.5,6.9,0.1,0.6,2.5,3.7,5,1.5,19.5,10.9,0.5,2.5,0.5,0.6,6.5,,,7.5,1.5,,5.5,23.1,13.4,8.2,,0.9,3.7,4,6,1.7,10.1,5.5,0.2,2.2,,0.9,5.7,,,0.8,,,,9.6,1,4.1,0.4,,,3.1,2.9,1.1,39.9,22.6,1.3,3.2,1.6,,8.4,2,24.9,7,4.9,26.2,,11.7,9.9,7.6,5.7,2.5,15.2,6,4.2,24.8,,17.2,14.5,9.4,6.1,0.9,45.8,9.1,6.5,29.2,,,,3.6,5,14,84.4,15.6,83.3,16.7,15.9,84.1,51,2.1,13.6,,0.8,2,1.7,7.5,1.4,16.8,3.1,55.3,44.7,49.3,45.4,5.4,39.1,17.4,29.9,13.6,7.9,61.4,23,7.8,4.9,46.9,32.7,15.4,73300,16.7,15.7,11.8,11,14.9,11.4,5.9,6.7,3,2.9,49600,15.6,10.9,25.5,31.8,11.4,,,,4.8,,1560,3.9,20.6,16.1,9.1,14.7,14.2,9.4,15.9,29.9,50.1,20.6,28.6,27.9,11.7,11.3,29.7,31.5,מסורתי,54.3,5.1,31.1,1.8,3.6,54.3,4,1.4,36.9,30.6,32.5,10.4,20.9,40.8,20.8,6.3,0.8,,,69.8,23,29.3,0.87,0.8
ירושלים,3000,2511,2511,ותיק,1,מחוז ירושלים,11,נפת ירושלים,111,הרי יהודה,410,"מטרופולין ירושלים, גלעין",120,"יישוב יהודי 500,000 תושבים ומעלה",0,עירייה,ללא שיוך לאשכול,0,,24940,,,965.2,,0.2,23,22,24,2,מוסלמים,94.1,11.1,11.5,9.3,5.9,4.6,4,2.6,1.6,0.4,10.1,9.9,9,5.3,4.9,4.8,2.7,1.6,0.6,,,,,,,,,,,,,,,,,,,,,,,,,,  .,,2.7,37.4,37,37.8,62.6,63,62.2,22,25,19,0.9,99.1,4.7,1.9,3.8,3.9,7.6,23.2,60.4,10.6,5.8,25.9,62,8,4.1,20.5,58.9,13.1,7.4,55.1,25.1,9.5,2.3,7.1,0.8,58.1,26.3,7.5,2.7,4.9,0.5,63.4,52.2,24,11.5,1.9,9.2,1.2,42.8,57.2,64.4,35.6,22.2,77.8,93.8,5.9,0.3,92.1,7.6,0.3,98.4,1.1,0.5,35.5,39,27.6,,0.4,,6.3,1,0.5,13.7,13.4,8.2,8.3,1,0.5,0.4,1.5,9.1,1.3,11.7,12.6,1.6,3,0.9,0.3,4.5,0.5,,7.1,1.4,0.6,18.3,16.8,10.4,9.2,0.9,0.7,0.2,1.3,10.6,1.6,3.8,6.7,1.5,2.7,,0.4,5.5,,,4.1,,,1,4,2.2,5.8,1.2,,0.9,2.1,5.1,0.4,33.4,29.1,1.8,3.9,3.4,,1.6,0.8,11.5,7.5,2.9,23.3,,18.4,11.3,18.1,6.1,0.9,5.7,6.8,3.1,18.8,,23.9,14.8,19.8,6.3,0.7,27.7,9.4,2.4,35.9,,3.2,1.8,13.4,5.6,21.4,81.4,18.6,82.8,17.2,18.3,81.7,36.8,5,19.1,0.7,0.1,0.2,0.2,13.2,2,17.2,5.4,66.2,33.8,57,35.7,7.3,17.2,48.9,33.8,,8.4,56.5,22.1,13,5.4,42.8,26.4,25.4,63100,15.2,19.3,16,16.8,11.9,8.9,5.4,4.2,1.9,0.5,56100,12.7,12.1,21.4,10.2,5,9,19.8,2.2,4.7,2.8,5380,4.7,12.8,11.4,11.1,15.2,13.6,14.2,21.7,35.5,64.6,23.2,27.8,21.3,14.7,12.9,39.3,25.6,מסורתי,44.1,3.4,43.9,0.4,5.2,44.1,3,1.8,37.5,30.8,31.7,10.5,31.9,35.4,14.2,4.2,1.8,0.5,1.5,67.3,19.1,27.7,0.81,0.5
ירושלים,3000,2512,2512,ותיק,1,מחוז ירושלים,11,נפת ירושלים,111,הרי יהודה,410,"מטרופולין ירושלים, גלעין",120,"יישוב יהודי 500,000 תושבים ומעלה",0,עירייה,ללא שיוך לאשכול,0,,3080,,,1025.9,,2.2,22,22,24,1,יהודים,53.3,9.8,12,15,5.9,3.8,3,3.1,2.4,1.4,9.9,7.9,7.3,4.9,3.1,2.8,3.7,2.5,1.4,78.1,21.9,9.6,20.4,19.4,50.6,23.7,6.5,3.1,14.4,52.3,ישראל,52.3,ארצות הברית,19.2,מרוקו,2.5,הממלכה המאוחדת,2.5,ארצות הברית,46.4,קנדה,6.4,צרפת,5.7,אחר,41.5,3.4,48.1,53.4,40.1,51.9,46.6,59.9,22,24,21,3.7,96.3,2.3,1.5,1.8,1.1,7.5,13.8,49.3,23.2,13.7,15.7,55.4,18.4,10.5,11.9,43.1,28.1,16.9,36.8,24.7,10.2,7.3,14.3,6.8,41,25.6,11,8.1,7.8,6.5,57.2,32.5,23.7,9.3,6.5,20.9,7,48.7,51.3,59,41,38.1,61.9,86.1,13.6,0.3,84.5,15.1,0.5,88.5,11.5,,31.2,32.1,30.1,9.4,,,3.5,2,,2.7,7.2,4.6,6.2,2.3,,,6.4,3.2,5,25.5,17,6.9,3.7,0,0.6,3.1,,,5.4,3.3,,4.5,8.6,7.6,8.3,3.9,,,3.6,4.8,6.5,18.2,9.4,6.2,4.5,0,1.1,4,,,0.5,,,,5.1,,2.9,,,,10.7,0.7,2.6,36.6,28.6,8,2.5,,,1.7,5.3,30.8,5.3,4.9,30,1.1,8.6,5.9,4.7,3.5,4.8,23.4,1.4,4.3,28.6,1.8,13.6,9.7,7.3,5.3,6,42.3,11.4,5.9,32.1,,0.9,,0.7,0.9,16.3,88.2,11.8,74,26,17,83,40.5,1.6,20.2,1.7,,,3.6,2.9,3.4,18.9,7.3,57.5,42.5,46.2,29.1,24.7,,42.1,40.8,17.1,,35.3,58.6,6.1,5.3,51.9,25.4,17.4,66000,18,13.8,17.5,11.3,7.4,5.1,6.3,6.5,11.3,2.8,50900,10.3,16.9,18.7,19.6,5.1,15,10,1.7,2.7,,810,3.4,30.2,17.2,10.2,10.2,12.1,8.4,11.8,28.7,42.7,19.6,24.4,20.3,18.1,17.6,22.1,38.5,דתי/ דתי מאוד,40.5,0.4,40.5,22,7.3,28.7,1.1,1.2,42.8,44.9,12.3,6.8,10.8,45.4,20,15,0.5,,1.5,54.7,9.9,31.3,0.89,1
ירושלים,3000,2513,2513,ותיק,1,מחוז ירושלים,11,נפת ירושלים,111,הרי יהודה,410,"מטרופולין ירושלים, גלעין",120,"יישוב יהודי 500,000 תושבים ומעלה",0,עירייה,ללא שיוך לאשכול,0,,2630,,,1023.7,,0.6,24,24,24,1,יהודים,37.3,11.8,9.8,8.5,5.9,4.6,3.5,3.3,1.6,1,9.7,10.5,10.4,4.6,4.3,4,2.9,2.5,1.1,85.1,14.9,7,26.5,30.9,35.5,24.1,6.3,3,9.9,56.8,ישראל,56.8,ארצות הברית,22.2,מרוקו,2.6,צרפת,1.9,ארצות הברית,51.5,צרפת,6.7,תוניסיה,4.8,אחר,37.1,2.2,34.3,30.5,37.7,65.7,69.5,62.3,24,26,22,1.3,98.7,0.9,0.7,0.9,1.3,3.2,11,56.2,19.3,13.5,14.1,59.1,15,11.7,7.9,53.3,23.7,15.2,32.8,31.6,13.2,7.5,10.3,4.7,37.9,29.1,13.1,5.8,11.2,2.8,65.5,27.6,34,13.2,9.1,9.5,6.6,47.4,52.6,52.8,47.2,41.9,58.1,90.7,9.3,,87.4,12.6,,95.1,4.9,,34.6,37.4,31.4,1.1,,,3.2,,,3.8,17.4,1.5,9.4,0.5,1.5,0.6,3.5,3.3,1.6,22.6,10.7,2.9,9.7,,2.2,5.6,,,5.8,,,6.8,18,2.8,11.8,,1.4,,4.1,5.2,1.1,15.1,3.3,4.8,8.3,,4,7.3,,,,,,,16.5,,6.4,1.1,1.6,1.4,2.7,0.9,2.3,32,19.9,0.4,11.4,,,3.4,2.6,24.6,11.3,8.5,33.1,,11.2,1.8,0.9,6,3.1,18.3,5.1,6.6,36.2,,17.9,3.2,1.6,8.1,2.1,32.5,19.2,11,29.2,,2.8,,,3.4,8.4,79.7,20.3,76.1,23.9,21.9,78.1,32,2.7,20.5,1.6,,,1.4,3.3,1,35.4,2.1,100,,53.5,38.6,7.9,4.2,60.3,22.3,13.3,5.6,36,40.6,17.8,17.8,24.2,30.8,27.1,63000,14,17.3,20.9,19.9,4.9,9,3.7,2.4,3.2,4.7,73100,11,13.4,10.9,9.8,22.6,24.9,3.5,,3.9,,640,4.1,3.4,29.2,15.2,18.8,11.4,7.7,14.3,29.3,53.6,30.3,25.2,14.4,7.5,22.5,35.7,26.4,דתי/ דתי מאוד,31,11,31,19.6,16,21.2,1.2,1.4,27.9,39.3,32.8,2.4,27.6,43.7,18.5,5.1,1.7,0.7,0.3,53.5,9.4,35.9,0.92,0.9
ירושלים,3000,2514,2514,ותיק,1,מחוז ירושלים,11,נפת ירושלים,111,הרי יהודה,410,"מטרופולין ירושלים, גלעין",120,"יישוב יהודי 500,000 תושבים ומעלה",0,עירייה,ללא שיוך לאשכול,0,,4190,,,820.6,,0.3,29,28,30,3,נוצרים,57.1,8.7,8.7,10.5,7.8,5.5,4.7,2.9,2.1,1.2,7.4,9.5,6.3,6.9,5.4,4.7,2.8,2.9,2,,,,,,,,,,,,,,,,,,,,,,,,,,  .,,2.3,47.1,48.2,45.9,52.9,51.8,54.1,24,26,21,2.2,97.8,5.2,1.9,3.7,3.5,10,16,54.4,17.7,11.9,19,54.8,14.8,11.4,12.6,53.9,21,12.4,36,29.1,16,5.5,10,3.4,35,33.1,18,3.9,7.1,2.9,60,37.1,24.7,13.9,7.2,13.1,3.9,48.5,51.5,60.6,39.4,35.3,64.7,91.5,8.1,0.4,88.7,11.3,,96.6,2.2,1.2,40,45.1,31.7,2.1,,,2.5,0.3,,4.8,18.1,5.4,21.1,0.9,0.7,,3,9.5,0.5,9.4,8.5,0.6,4.1,2.8,2.9,5,,,2.7,0.5,,6.1,18.8,8.3,26.6,1,,,2.5,11.6,0.3,4.9,3.6,0.6,3.1,,3.8,5.5,,,2.2,,,2.2,16.6,,10.5,0.6,2,,3.8,5.7,1,18.1,17.9,0.5,5.8,8,1.1,4,5.9,9.9,9.5,6.6,38,,7,7.4,4.5,11.2,7.3,4.2,10.7,4.9,35.8,,9.6,9.3,4.6,13.7,3.4,20.7,7.1,9.9,42.3,,2.2,3.8,4.3,6.4,13.5,75.7,24.3,67.3,32.7,27.1,72.9,37.1,1.3,18.2,0.7,,,0.4,2.5,2.3,33.4,4.1,67.7,32.3,30.5,56.3,13.2,28.7,42,15.1,14.2,11,36.9,36.4,15.7,5.6,39.3,21.9,33.2,74200,11.9,14.3,17.8,10.6,12.4,15.6,6,6.1,3.7,1.7,40100,13.7,21.7,20.4,19.1,,20.1,5.1,,,,1100,3.8,16.4,18,16.1,12.1,17,10.1,10.3,23.4,44.6,22.8,37.9,18.3,9.6,11.5,28.5,30.9,מסורתי,44,1.8,40.1,0.2,10.3,44,3.6,1.6,20.3,39.8,39.9,15,33.6,32.9,13,4.5,1,,,59.4,16.6,24.3,0.86,0.9
ירושלים,3000,2611,2611+2613,ותיק,1,מחוז ירושלים,11,נפת ירושלים,111,הרי יהודה,410,"מטרופולין ירושלים, גלעין",120,"יישוב יהודי 500,000 תושבים ומעלה",0,עירייה,ללא שיוך לאשכול,0,,14520,,,952.8,,0.3,22,21,22,2,מוסלמים,96.7,12.3,11.6,9.5,5.9,4.9,3.8,2.1,0.8,0.3,10.9,10.4,9.3,5.9,5.2,4.2,1.9,0.8,0.3,,,,,,,,,,,,,,,,,,,,,,,,,,  .,,2.8,33.4,35.2,31.6,66.6,64.8,68.4,23,25,20,0.9,99.1,3.9,2,3.3,2.7,6.5,19,63.5,11.7,5.8,19,67.8,9.1,4.2,19,59.1,14.5,7.4,51.6,27.4,7.2,3.6,9.1,1.1,55.8,26.6,6.6,4.7,5.4,1,63.3,47.3,28.2,7.8,2.4,12.9,1.3,44,56,64.6,35.4,22.6,77.4,91.4,8.4,0.2,89.6,10.1,0.2,96.7,3.3,,35.2,38.2,27,1.9,0.5,,3.8,0.1,1.3,13.2,13.5,10.3,7.4,1,,0.3,4.1,9.7,1.9,10.5,13.9,1.9,1.4,0.4,0.5,4,0.7,,5.1,0.2,1.7,17.4,15.7,13.2,8.7,0.7,,0.4,3.2,12.3,1.3,3.8,7.2,2,0.7,,0.7,5.1,,,,,,0.6,7.3,2,3.7,1.9,,,6.9,2.1,3.8,30.3,33.8,1.7,3.5,1.7,,0.7,2.4,12.2,6.6,5,17.2,1.2,17.5,13.2,19.6,5.1,3,5.7,4.4,4.8,9.9,1.5,23.2,17.7,23.6,6.1,0.7,31.6,13.2,5.5,38.6,,0.5,,7.8,2,16.8,82.5,17.5,82.2,17.8,17.5,82.5,51.1,3.6,22.5,1.4,0.2,,2.2,9.8,3.1,4.5,1.5,48.9,51.1,43.6,42.5,13.9,19.5,52.1,21.4,6.9,15.3,54,23.5,7.3,7.9,47.2,27,17.9,63300,15.5,15.9,19,16.3,13.3,6.5,5.2,6.2,1.4,0.7,60800,14.1,28.3,,12.9,1.1,29.2,6.1,8.3,,,3240,4.5,7.1,14.7,12.2,19.1,16.2,12.9,17.8,42.8,68.8,22.3,27.3,24.8,12.5,13.1,35.5,15.6,מסורתי,50.8,2.6,40.3,0.3,4.1,50.8,1.9,1.6,54.2,14.7,31.1,5.2,30.5,39.6,19.8,4.4,0.4,0.1,,68.6,18.6,36.4,0.77,0.5
ירושלים,3000,2612,2612,ותיק,1,מחוז ירושלים,11,נפת ירושלים,111,הרי יהודה,410,"מטרופולין ירושלים, גלעין",120,"יישוב יהודי 500,000 תושבים ומעלה",0,עירייה,ללא שיוך לאשכול,0,,6860,,,1043,,0.2,21,21,20,2,מוסלמים,98.4,11.7,12,9.9,5,4.9,3.7,1.6,0.8,0.1,11.9,12,7.9,6.3,5.5,3.9,1.6,0.8,0.3,,,,,,,,,,,,,,,,,,,,,,,,,,  .,,2.7,35.9,37.1,34.8,64.1,62.9,65.2,22,25,19,0.2,99.8,2.2,1.6,2.8,2.5,5.9,16,66.8,12.2,5,14.2,69.3,10.4,6.1,17.9,64.3,13.9,3.9,49,30,8.6,3.4,8.1,0.8,49.6,30.8,8.2,5.5,4.9,1,13.7,48.5,29.3,9,1.4,11.2,0.6,44.8,55.2,68,32,21.9,78.1,92.3,7.4,0.3,91.3,8.7,,95.3,3.4,1.3,36.7,40.5,27.6,4.7,,,5.6,0.5,,15.2,13.6,14.4,6.5,1.3,,,2,11.2,,14,11.6,1,1.7,0,,1.6,,,6.8,0.6,,20.4,16.3,17.9,8.3,0.6,,,2,13.8,,3.5,5.5,1.3,0.9,0,,2.1,,,1.9,,,,5.7,3.7,1.3,3.3,,,1.8,3.4,,45,29.8,,4.1,,,,3,15.6,4.7,2.9,15.6,0.4,19.2,15.6,20,3,4,5.6,2.6,2.1,11.9,0.5,25.6,20.9,23.4,3.3,,45.4,11,5.6,26.4,,,,9.7,2,20.3,84,16,87.3,12.7,15.3,84.7,56.3,2.9,18.6,0.5,2.1,0.5,0.4,9.5,1.3,6.3,1.5,20.8,79.2,35.1,61.6,3.3,10.3,66.2,23.5,,2.7,49.9,44.3,3.1,6,44.1,31.6,18.2,68700,14.6,13.9,18.1,15.6,9.1,8.4,9.6,8.9,1.2,0.6,56000,19.5,,13.4,22.9,12.5,2.7,10.6,10.3,4.2,3.9,1460,4.9,5.1,12,9.8,15.5,15.7,21.2,20.7,45.7,73.9,19,29,23.8,16.7,11.6,42.4,13.9,מסורתי,45.7,4.7,43.8,,4.2,45.7,1.6,1.8,53.1,16.7,30.2,5.5,30.9,36.3,19,6.7,1.2,,0.3,78.6,29.3,34.8,0.78,0.6
ירושלים,3000,2621,2621+2622,ותיק,1,מחוז ירושלים,11,נפת ירושלים,111,הרי יהודה,410,"מטרופולין ירושלים, גלעין",120,"יישוב יהודי 500,000 תושבים ומעלה",0,עירייה,ללא שיוך לאשכול,0,,23840,,,1041.3,,0.2,20,20,21,2,מוסלמים,96.7,12.7,12.1,9.3,5.8,5.1,3.7,1.6,0.7,0.2,11.9,11.5,9.7,5.5,4.7,3.4,1.4,0.6,0.2,,,,,,,,,,,,,,,,,,,,,,,,,,  .,,2.6,29.8,32.2,27.4,70.2,67.8,72.6,22,24,19,1.1,98.9,2.1,1.2,2.4,2.4,5,15.4,67.3,11.7,5.6,15.2,69.4,10.5,4.9,15.6,65.2,12.9,6.3,49.8,30.6,7.9,1.8,8.2,1.6,52.5,31.1,6.8,2,6,1.6,44.2,47.1,30.2,9.1,1.5,10.6,1.5,46.3,53.7,70.1,29.9,21.9,78.1,93.5,6.2,0.3,92.5,7.4,0.1,96.8,2.2,1,36.2,39.9,25,2.2,0.4,,5.6,0.1,0.4,15.9,14.1,9.2,8.3,1,0.5,0.4,3.2,9.4,1.7,11,10.1,0.6,1.5,0.6,0.5,5.6,0.5,,7,0.2,0.6,20.7,15.3,11.5,10.5,0.6,0.3,0.3,3,9.8,1.6,4.9,4.9,0.6,1,0.2,0.6,6,,,1.1,,,,10.2,1.7,1.2,2.3,1,0.7,4.1,7.9,1.9,31,27.1,0.6,3.1,1.8,,4.3,2.1,15.3,6.1,4,16.5,0.5,20.6,13.5,14.9,6.5,2.8,8.6,4,2.5,14.4,0.6,26.9,17.7,16.3,6.3,,37.2,13,8.7,23.3,,,,10.5,7.3,19.1,79.2,20.8,76.7,23.3,21.4,78.6,52.6,3.4,23.5,0.1,0.2,0.4,0.4,11.4,2,4,2,57.9,42.1,37.1,51.5,11.4,14.3,54.6,26.5,4.6,9.6,55,33.4,2.1,6.6,49.4,23.6,20.4,71800,14.1,16.3,13.6,14.2,14.3,9.4,8.1,6,2.8,1.1,66500,15.1,,20.7,10.3,14.6,15.4,11.1,5.9,3.4,3.5,5110,4.7,6.2,7.2,14.6,18.3,20.6,16.2,16.9,47.6,79.2,26.5,26.2,22.7,14,10.5,41.6,8.5,מסורתי,53.7,1.6,39.7,0.1,2.6,53.7,2.2,1.7,48.5,23.7,27.8,3.7,25.3,45.2,19.7,4.1,1.3,0.3,0.4,74.4,23.2,46.4,0.79,0.5
ירושלים,3000,2711,2711+2712,ותיק,1,מחוז ירושלים,11,נפת ירושלים,111,הרי יהודה,410,"מטרופולין ירושלים, גלעין",120,"יישוב יהודי 500,000 תושבים ומעלה",0,עירייה,ללא שיוך לאשכול,0,,23260,,,973.6,,0.1,21,21,21,2,מוסלמים,99,12.7,11.3,10.7,5.9,4.9,3.6,1.4,0.6,0.2,12.2,10.7,10.4,5.3,4.9,3.4,1,0.5,0.2,,,,,,,,,,,,,,,,,,,,,,,,,,  .,,2.6,29.7,32.1,27.1,70.3,67.9,72.9,21,24,19,0.2,99.8,1.9,0.5,2.3,1.9,4,11,69.2,14,5.9,10.4,70.9,13.8,4.9,11.6,67.3,14.2,6.9,44.9,33.8,6.5,4.1,9.4,1.4,47.6,32.9,6,5.6,6.6,1.3,54.8,42.1,34.7,7,2.4,12.2,1.5,47,53,70.1,29.9,22.8,77.2,91.2,8.3,0.5,89.7,10.2,0.1,96,2.2,1.7,36,38.5,29.1,2.8,0.9,,3.5,0.1,0.4,25.7,8.1,11.3,5.7,0.4,0.6,0.1,1.8,6,1,13.1,10.4,0.5,0.8,1.1,0.6,7.9,1,,3.3,0.1,0.6,33.1,9.2,14.5,7.3,0.5,0.4,0.1,1.6,6.3,1,4.6,5.7,,0.5,,0.8,9.5,0.6,,4.1,,,2.4,4.6,1.1,0.7,,1,,2.3,4.9,1.2,40.3,25.3,2.3,1.9,4.6,,2.8,2.7,14.7,4.2,3.4,15,1.4,20.3,20.8,12.8,4.8,2.9,7.4,3.1,2.5,11.1,1.6,25.9,27,13.2,5.4,2.1,38,7.7,6.4,27.2,0.6,2.3,1.4,11.5,2.8,16.9,83.4,16.6,85.1,14.9,16.2,83.8,50.8,7.4,19.8,0.1,0.4,0.6,,12.3,1.1,4.8,2.7,71.2,28.8,30.4,56,13.6,7.4,62.8,27.6,2.2,10.1,62.5,20.3,7.1,6.3,46.5,24.2,23,63600,13.4,17.2,20.2,15.1,11.2,7,7,5.4,2.8,0.8,81100,11.2,12.7,1.3,12.4,9.8,8.4,12.8,8.3,19.3,3.9,4980,4.8,3,12.7,12.2,18.6,19.6,14,20,43.6,73.5,24.8,25.7,22.9,15.7,10.9,50.4,8.5,מסורתי,49.2,3.4,40.9,0.2,3.9,49.2,2.5,1.6,64.4,15.2,20.3,1.6,21,43.6,26.3,5.8,1.2,0.1,0.4,77,19.6,65.3,0.78,0.5
ירושלים,3000,2811,2811+2812+2813,ותיק,1,מחוז ירושלים,11,נפת ירושלים,111,הרי יהודה,410,"מטרופולין ירושלים, גלעין",120,"יישוב יהודי 500,000 תושבים ומעלה",0,עירייה,ללא שיוך לאשכול,0,,33360,,,1117.2,,0.1,19,19,19,2,מוסלמים,99.6,13.3,11.8,8.6,6,5,3.1,1.6,0.6,0.2,13.1,11.8,9.4,5.8,4.5,3.1,1.3,0.5,0.2,,,,,,,,,,,,,,,,,,,,,,,,,,  .,,2.8,29,29.9,28,71,70.1,72,21,24,19,0.6,99.4,2.4,0.8,2.4,2.5,5.1,15.5,63.9,14.2,6.4,17.3,67.7,10.3,4.7,13.6,60,18.2,8.3,50.9,25.2,10.1,3.4,8.8,1.6,54.5,26.3,8.5,4,4.7,2.1,38.6,47.1,24,11.9,2.8,13.1,1,48.1,51.9,70.6,29.4,24.5,75.5,92.2,7.5,0.3,90.5,9.3,0.2,97.3,2,0.7,37,40.7,27.3,3.5,0.1,,5,0.2,0.2,25.8,9,13.2,4.1,0.8,0.3,0.2,3.2,6.6,0.5,11.4,11.4,0.6,1.2,0.6,0.1,5.4,0.2,,6.6,0.2,0.2,34,10.3,16.4,5.3,0.9,0.3,0.2,3.2,5.9,0.6,2.8,4.4,0.7,1.1,0.1,0.1,6.4,,,0.3,0.2,,1.3,5.3,3.9,0.6,0.4,0.5,,3.1,8.8,0.2,36.9,31.9,0.3,1.6,2.3,,2.4,2.1,12.8,4.7,2.7,15.5,0.1,20.4,22,12.2,7.6,2.6,6.2,2.9,1.7,9.2,0.1,27.2,29.4,12.3,8.4,0.7,32.5,10.1,5.5,34.1,,0.2,,11.8,5.2,20.3,88.8,11.2,81.4,18.6,13.1,86.9,55.2,6.7,14.5,0.1,1.4,0.6,0.4,13.2,0.6,6.2,1.3,38.5,61.5,42.4,32,25.6,10.8,60.8,27.4,0.9,9.7,57.8,27.2,5.3,7.1,46.1,25.3,21.5,67800,14,14.4,17.4,15.5,10.4,8.7,9.2,6.9,2.4,1.2,106800,10.7,16.4,6.7,5.6,2.3,7.8,11.5,15.9,11.3,11.9,7040,4.8,6.2,9.2,11.6,17.1,20.8,15.4,19.8,46.7,76.8,19.3,28.7,23.7,15,13.3,46.9,9.6,מסורתי,55.2,2.3,37.2,0.1,3.5,55.2,1.8,1.6,61.5,18.1,20.4,3.3,19.4,44.8,25.3,6.4,0.5,,0.3,78.9,24.3,67.5,0.75,0.6
ירושלים,3000,2912,2912+2911+2913+2914,ותיק,1,מחוז ירושלים,11,נפת ירושלים,111,הרי יהודה,410,"מטרופולין ירושלים, גלעין",120,"יישוב יהודי 500,000 תושבים ומעלה",0,עירייה,ללא שיוך לאשכול,0,,19450,,,892.5,,0.2,24,23,24,2,מוסלמים,89,10.6,10.4,9.2,6.1,5.1,4.2,2.4,1.3,0.4,10.5,10.3,8.7,6.3,5.9,4.4,2.2,1.4,0.5,,,,,,,,,,,,,,,,,,,,,,,,,,  .,,2.4,36.3,35.6,37.1,63.7,64.4,62.9,24,26,21,2.2,97.8,3.7,2,2.6,2.6,5.9,13.1,56.7,15.5,14.7,13.2,61.3,11.8,13.8,13,52.3,19.1,15.6,36.1,25.6,16.1,2.7,14.1,5.5,39.3,27.5,13.9,3.4,10.8,5.1,35,33,23.8,18.2,2,17.3,5.8,57.6,42.4,71.5,28.5,44.1,55.9,92.6,7.3,0,89.5,10.5,,97.7,2.2,0.1,36.7,39.7,32.6,8.8,0.2,,3.7,0.2,0.2,8.3,15.8,7.4,8.1,1.3,1.4,,3.2,4.8,3.4,15.7,16.9,1.7,1.8,0.7,1.2,3.9,0.3,,5.8,0.3,0.3,12.7,18.7,10.9,10.4,1.5,1.1,,3.4,6.9,2.4,5.8,10.8,1.9,1.1,0.2,1,4.3,,,0.3,,,1.4,11.2,1.9,4.4,1,2,,2.9,1.4,5,31.3,26.6,1.2,3,1.5,1.5,3.2,2.8,23.4,8.6,6.8,26.8,0.8,9.3,9.8,7.5,4.1,3,16.6,7.8,4.2,21,1.3,15,16,10.1,4.9,2.6,34.2,9.8,10.8,36,,0.3,,3.5,2.9,14.4,84.4,15.6,85.5,14.5,15.2,84.8,58.7,5.5,19.6,0.5,0.6,0.6,0.1,7.2,1.4,4.8,1,35.6,64.4,24.4,35.6,40.1,9.4,41.3,35.7,13.6,1,40.4,46.7,12,6.6,33.2,32,28.2,78500,11.8,16.1,12.5,12.5,10.6,11.6,7.6,8.5,5.8,2.9,81000,12.8,12.6,5.9,11.1,7.2,13.4,8.8,8.7,6.5,12.9,4670,4.3,9.1,12.8,14.3,19.5,17.4,13.2,13.7,32.8,63.6,23.9,32.5,21,13.8,8.7,36.6,16,מסורתי,50.3,5.1,30.9,0.4,11.3,50.3,2,1.4,53.9,28,18.1,3.7,15,38.3,35.4,6.6,0.8,0.2,0.1,80.9,31.5,66.4,0.81,0.8
